[2026-05-22 10:07:35] GAME CREATED
[2026-05-22 10:07:37] PLAYER JOINED: PCS as lawn green
[2026-05-22 10:07:38] PLAYER JOINED: AlphaZeroClue as gray0
[2026-05-22 10:07:39] PLAYER JOINED: Group7 as yellow
[2026-05-22 10:07:41] PLAYER JOINED: Gruppe 2 as purple
[2026-05-22 10:07:42] PLAYER JOINED: RL as red
[2026-05-22 10:07:44] PLAYER JOINED: LosTurcos as blue
[2026-05-22 10:07:44] PLAYER START: PCS (lawn green)
[2026-05-22 10:07:44] PLAYER START: AlphaZeroClue (gray0)
[2026-05-22 10:07:44] PLAYER START: Group7 (yellow)
[2026-05-22 10:07:44] PLAYER START: Gruppe 2 (purple)
[2026-05-22 10:07:44] PLAYER START: RL (red)
[2026-05-22 10:07:44] PLAYER START: LosTurcos (blue)
[2026-05-22 10:07:44] GAME START — turn order ['lawn green', 'yellow', 'blue', 'gray0', 'purple', 'red']
[2026-05-22 10:07:44] PLAYER START: PCS (lawn green)
[2026-05-22 10:07:44] PLAYER START: AlphaZeroClue (gray0)
[2026-05-22 10:07:44] PLAYER START: Group7 (yellow)
[2026-05-22 10:07:44] PLAYER START: Gruppe 2 (purple)
[2026-05-22 10:07:44] PLAYER START: RL (red)
[2026-05-22 10:07:44] PLAYER START: LosTurcos (blue)
[2026-05-22 10:07:44] PLAYER START: PCS (lawn green)
[2026-05-22 10:07:44] PLAYER START: AlphaZeroClue (gray0)
[2026-05-22 10:07:44] PLAYER START: Group7 (yellow)
[2026-05-22 10:07:44] PLAYER START: Gruppe 2 (purple)
[2026-05-22 10:07:44] PLAYER START: RL (red)
[2026-05-22 10:07:44] PLAYER START: LosTurcos (blue)
[2026-05-22 10:07:44] PLAYER START: PCS (lawn green)
[2026-05-22 10:07:44] PLAYER START: AlphaZeroClue (gray0)
[2026-05-22 10:07:44] PLAYER START: Group7 (yellow)
[2026-05-22 10:07:44] PLAYER START: Gruppe 2 (purple)
[2026-05-22 10:07:44] PLAYER START: RL (red)
[2026-05-22 10:07:44] PLAYER START: LosTurcos (blue)
[2026-05-22 10:07:44] PLAYER START: PCS (lawn green)
[2026-05-22 10:07:44] PLAYER START: AlphaZeroClue (gray0)
[2026-05-22 10:07:44] PLAYER START: Group7 (yellow)
[2026-05-22 10:07:44] PLAYER START: Gruppe 2 (purple)
[2026-05-22 10:07:44] PLAYER START: RL (red)
[2026-05-22 10:07:44] PLAYER START: LosTurcos (blue)
[2026-05-22 10:07:44] MOVE 1: PCS (lawn green) 45->64 [0.01ms]
[2026-05-22 10:07:44] SCORE PCS (lawn green): Final=283.5, Time=99.5, Moves(1)=0.0, Pins(0)=0.0, Dist=184.0, Win Bonus=0.0
[2026-05-22 10:07:44] SCORE AlphaZeroClue (gray0): Final=0.0, Time=0.0, Moves(0)=0.0, Pins(0)=0.0, Dist=0.0, Win Bonus=0.0
[2026-05-22 10:07:44] SCORE Group7 (yellow): Final=0.0, Time=0.0, Moves(0)=0.0, Pins(0)=0.0, Dist=0.0, Win Bonus=0.0
[2026-05-22 10:07:44] SCORE Gruppe 2 (purple): Final=0.0, Time=0.0, Moves(0)=0.0, Pins(0)=0.0, Dist=0.0, Win Bonus=0.0
[2026-05-22 10:07:44] SCORE RL (red): Final=0.0, Time=0.0, Moves(0)=0.0, Pins(0)=0.0, Dist=0.0, Win Bonus=0.0
[2026-05-22 10:07:44] SCORE LosTurcos (blue): Final=0.0, Time=0.0, Moves(0)=0.0, Pins(0)=0.0, Dist=0.0, Win Bonus=0.0
[2026-05-22 10:07:44] ALL WRONG MOVES BY COLOUR: {}
[2026-05-22 10:07:45] MOVE 2: Group7 (yellow) 35->37 [0.01ms]
[2026-05-22 10:07:45] SCORE PCS (lawn green): Final=283.5, Time=99.5, Moves(1)=0.0, Pins(0)=0.0, Dist=184.0, Win Bonus=0.0
[2026-05-22 10:07:45] SCORE AlphaZeroClue (gray0): Final=0.0, Time=0.0, Moves(0)=0.0, Pins(0)=0.0, Dist=0.0, Win Bonus=0.0
[2026-05-22 10:07:45] SCORE Group7 (yellow): Final=283.6, Time=99.6, Moves(1)=0.0, Pins(0)=0.0, Dist=184.0, Win Bonus=0.0
[2026-05-22 10:07:45] SCORE Gruppe 2 (purple): Final=0.0, Time=0.0, Moves(0)=0.0, Pins(0)=0.0, Dist=0.0, Win Bonus=0.0
[2026-05-22 10:07:45] SCORE RL (red): Final=0.0, Time=0.0, Moves(0)=0.0, Pins(0)=0.0, Dist=0.0, Win Bonus=0.0
[2026-05-22 10:07:45] SCORE LosTurcos (blue): Final=0.0, Time=0.0, Moves(0)=0.0, Pins(0)=0.0, Dist=0.0, Win Bonus=0.0
[2026-05-22 10:07:45] ALL WRONG MOVES BY COLOUR: {}
[2026-05-22 10:07:45] PLAYER START: PCS (lawn green)
[2026-05-22 10:07:45] PLAYER START: AlphaZeroClue (gray0)
[2026-05-22 10:07:45] PLAYER START: Group7 (yellow)
[2026-05-22 10:07:45] PLAYER START: Gruppe 2 (purple)
[2026-05-22 10:07:45] PLAYER START: RL (red)
[2026-05-22 10:07:45] PLAYER START: LosTurcos (blue)
[2026-05-22 10:07:45] MOVE 3: LosTurcos (blue) 6->15 [0.00ms]
[2026-05-22 10:07:45] SCORE PCS (lawn green): Final=283.5, Time=99.5, Moves(1)=0.0, Pins(0)=0.0, Dist=184.0, Win Bonus=0.0
[2026-05-22 10:07:45] SCORE AlphaZeroClue (gray0): Final=0.0, Time=0.0, Moves(0)=0.0, Pins(0)=0.0, Dist=0.0, Win Bonus=0.0
[2026-05-22 10:07:45] SCORE Group7 (yellow): Final=283.6, Time=99.6, Moves(1)=0.0, Pins(0)=0.0, Dist=184.0, Win Bonus=0.0
[2026-05-22 10:07:45] SCORE Gruppe 2 (purple): Final=0.0, Time=0.0, Moves(0)=0.0, Pins(0)=0.0, Dist=0.0, Win Bonus=0.0
[2026-05-22 10:07:45] SCORE RL (red): Final=0.0, Time=0.0, Moves(0)=0.0, Pins(0)=0.0, Dist=0.0, Win Bonus=0.0
[2026-05-22 10:07:45] SCORE LosTurcos (blue): Final=281.7, Time=99.7, Moves(1)=0.0, Pins(0)=0.0, Dist=182.0, Win Bonus=0.0
[2026-05-22 10:07:45] ALL WRONG MOVES BY COLOUR: {}
[2026-05-22 10:07:47] MOVE 4: AlphaZeroClue (gray0) 75->56 [0.01ms]
[2026-05-22 10:07:47] SCORE PCS (lawn green): Final=283.5, Time=99.5, Moves(1)=0.0, Pins(0)=0.0, Dist=184.0, Win Bonus=0.0
[2026-05-22 10:07:47] SCORE AlphaZeroClue (gray0): Final=282.2, Time=98.2, Moves(1)=0.0, Pins(0)=0.0, Dist=184.0, Win Bonus=0.0
[2026-05-22 10:07:47] SCORE Group7 (yellow): Final=283.6, Time=99.6, Moves(1)=0.0, Pins(0)=0.0, Dist=184.0, Win Bonus=0.0
[2026-05-22 10:07:47] SCORE Gruppe 2 (purple): Final=0.0, Time=0.0, Moves(0)=0.0, Pins(0)=0.0, Dist=0.0, Win Bonus=0.0
[2026-05-22 10:07:47] SCORE RL (red): Final=0.0, Time=0.0, Moves(0)=0.0, Pins(0)=0.0, Dist=0.0, Win Bonus=0.0
[2026-05-22 10:07:47] SCORE LosTurcos (blue): Final=281.7, Time=99.7, Moves(1)=0.0, Pins(0)=0.0, Dist=182.0, Win Bonus=0.0
[2026-05-22 10:07:47] ALL WRONG MOVES BY COLOUR: {}
[2026-05-22 10:07:47] MOVE 5: Gruppe 2 (purple) 96->73 [0.00ms]
[2026-05-22 10:07:47] SCORE PCS (lawn green): Final=283.5, Time=99.5, Moves(1)=0.0, Pins(0)=0.0, Dist=184.0, Win Bonus=0.0
[2026-05-22 10:07:47] SCORE AlphaZeroClue (gray0): Final=282.2, Time=98.2, Moves(1)=0.0, Pins(0)=0.0, Dist=184.0, Win Bonus=0.0
[2026-05-22 10:07:47] SCORE Group7 (yellow): Final=283.6, Time=99.6, Moves(1)=0.0, Pins(0)=0.0, Dist=184.0, Win Bonus=0.0
[2026-05-22 10:07:47] SCORE Gruppe 2 (purple): Final=283.4, Time=99.4, Moves(1)=0.0, Pins(0)=0.0, Dist=184.0, Win Bonus=0.0
[2026-05-22 10:07:47] SCORE RL (red): Final=0.0, Time=0.0, Moves(0)=0.0, Pins(0)=0.0, Dist=0.0, Win Bonus=0.0
[2026-05-22 10:07:47] SCORE LosTurcos (blue): Final=281.7, Time=99.7, Moves(1)=0.0, Pins(0)=0.0, Dist=182.0, Win Bonus=0.0
[2026-05-22 10:07:47] ALL WRONG MOVES BY COLOUR: {}
[2026-05-22 10:07:48] MOVE 6: RL (red) 116->105 [0.00ms]
[2026-05-22 10:07:48] SCORE PCS (lawn green): Final=283.5, Time=99.5, Moves(1)=0.0, Pins(0)=0.0, Dist=184.0, Win Bonus=0.0
[2026-05-22 10:07:48] SCORE AlphaZeroClue (gray0): Final=282.2, Time=98.2, Moves(1)=0.0, Pins(0)=0.0, Dist=184.0, Win Bonus=0.0
[2026-05-22 10:07:48] SCORE Group7 (yellow): Final=283.6, Time=99.6, Moves(1)=0.0, Pins(0)=0.0, Dist=184.0, Win Bonus=0.0
[2026-05-22 10:07:48] SCORE Gruppe 2 (purple): Final=283.4, Time=99.4, Moves(1)=0.0, Pins(0)=0.0, Dist=184.0, Win Bonus=0.0
[2026-05-22 10:07:48] SCORE RL (red): Final=283.2, Time=99.2, Moves(1)=0.0, Pins(0)=0.0, Dist=184.0, Win Bonus=0.0
[2026-05-22 10:07:48] SCORE LosTurcos (blue): Final=281.7, Time=99.7, Moves(1)=0.0, Pins(0)=0.0, Dist=182.0, Win Bonus=0.0
[2026-05-22 10:07:48] ALL WRONG MOVES BY COLOUR: {}
[2026-05-22 10:07:49] MOVE 7: PCS (lawn green) 22->43 [0.00ms]
[2026-05-22 10:07:49] SCORE PCS (lawn green): Final=291.0, Time=99.0, Moves(2)=0.0, Pins(0)=0.0, Dist=192.0, Win Bonus=0.0
[2026-05-22 10:07:49] SCORE AlphaZeroClue (gray0): Final=282.2, Time=98.2, Moves(1)=0.0, Pins(0)=0.0, Dist=184.0, Win Bonus=0.0
[2026-05-22 10:07:49] SCORE Group7 (yellow): Final=283.6, Time=99.6, Moves(1)=0.0, Pins(0)=0.0, Dist=184.0, Win Bonus=0.0
[2026-05-22 10:07:49] SCORE Gruppe 2 (purple): Final=283.4, Time=99.4, Moves(1)=0.0, Pins(0)=0.0, Dist=184.0, Win Bonus=0.0
[2026-05-22 10:07:49] SCORE RL (red): Final=283.2, Time=99.2, Moves(1)=0.0, Pins(0)=0.0, Dist=184.0, Win Bonus=0.0
[2026-05-22 10:07:49] SCORE LosTurcos (blue): Final=281.7, Time=99.7, Moves(1)=0.0, Pins(0)=0.0, Dist=182.0, Win Bonus=0.0
[2026-05-22 10:07:49] ALL WRONG MOVES BY COLOUR: {}
[2026-05-22 10:07:49] MOVE 8: Group7 (yellow) 12->16 [0.01ms]
[2026-05-22 10:07:49] SCORE PCS (lawn green): Final=291.0, Time=99.0, Moves(2)=0.0, Pins(0)=0.0, Dist=192.0, Win Bonus=0.0
[2026-05-22 10:07:49] SCORE AlphaZeroClue (gray0): Final=282.2, Time=98.2, Moves(1)=0.0, Pins(0)=0.0, Dist=184.0, Win Bonus=0.0
[2026-05-22 10:07:49] SCORE Group7 (yellow): Final=291.2, Time=99.2, Moves(2)=0.0, Pins(0)=0.0, Dist=192.0, Win Bonus=0.0
[2026-05-22 10:07:49] SCORE Gruppe 2 (purple): Final=283.4, Time=99.4, Moves(1)=0.0, Pins(0)=0.0, Dist=184.0, Win Bonus=0.0
[2026-05-22 10:07:49] SCORE RL (red): Final=283.2, Time=99.2, Moves(1)=0.0, Pins(0)=0.0, Dist=184.0, Win Bonus=0.0
[2026-05-22 10:07:49] SCORE LosTurcos (blue): Final=281.7, Time=99.7, Moves(1)=0.0, Pins(0)=0.0, Dist=182.0, Win Bonus=0.0
[2026-05-22 10:07:49] ALL WRONG MOVES BY COLOUR: {}
[2026-05-22 10:07:49] MOVE 9: LosTurcos (blue) 1->28 [0.00ms]
[2026-05-22 10:07:49] SCORE PCS (lawn green): Final=291.0, Time=99.0, Moves(2)=0.0, Pins(0)=0.0, Dist=192.0, Win Bonus=0.0
[2026-05-22 10:07:49] SCORE AlphaZeroClue (gray0): Final=282.2, Time=98.2, Moves(1)=0.0, Pins(0)=0.0, Dist=184.0, Win Bonus=0.0
[2026-05-22 10:07:49] SCORE Group7 (yellow): Final=291.2, Time=99.2, Moves(2)=0.0, Pins(0)=0.0, Dist=192.0, Win Bonus=0.0
[2026-05-22 10:07:49] SCORE Gruppe 2 (purple): Final=283.4, Time=99.4, Moves(1)=0.0, Pins(0)=0.0, Dist=184.0, Win Bonus=0.0
[2026-05-22 10:07:49] SCORE RL (red): Final=283.2, Time=99.2, Moves(1)=0.0, Pins(0)=0.0, Dist=184.0, Win Bonus=0.0
[2026-05-22 10:07:49] SCORE LosTurcos (blue): Final=289.6, Time=99.6, Moves(2)=0.0, Pins(0)=0.0, Dist=190.0, Win Bonus=0.0
[2026-05-22 10:07:49] ALL WRONG MOVES BY COLOUR: {}
[2026-05-22 10:07:51] MOVE 10: AlphaZeroClue (gray0) 98->77 [0.01ms]
[2026-05-22 10:07:51] SCORE PCS (lawn green): Final=291.0, Time=99.0, Moves(2)=0.0, Pins(0)=0.0, Dist=192.0, Win Bonus=0.0
[2026-05-22 10:07:51] SCORE AlphaZeroClue (gray0): Final=288.5, Time=96.5, Moves(2)=0.0, Pins(0)=0.0, Dist=192.0, Win Bonus=0.0
[2026-05-22 10:07:51] SCORE Group7 (yellow): Final=291.2, Time=99.2, Moves(2)=0.0, Pins(0)=0.0, Dist=192.0, Win Bonus=0.0
[2026-05-22 10:07:51] SCORE Gruppe 2 (purple): Final=283.4, Time=99.4, Moves(1)=0.0, Pins(0)=0.0, Dist=184.0, Win Bonus=0.0
[2026-05-22 10:07:51] SCORE RL (red): Final=283.2, Time=99.2, Moves(1)=0.0, Pins(0)=0.0, Dist=184.0, Win Bonus=0.0
[2026-05-22 10:07:51] SCORE LosTurcos (blue): Final=289.6, Time=99.6, Moves(2)=0.0, Pins(0)=0.0, Dist=190.0, Win Bonus=0.0
[2026-05-22 10:07:51] ALL WRONG MOVES BY COLOUR: {}
[2026-05-22 10:07:51] MOVE 11: Gruppe 2 (purple) 74->31 [0.01ms]
[2026-05-22 10:07:51] SCORE PCS (lawn green): Final=291.0, Time=99.0, Moves(2)=0.0, Pins(0)=0.0, Dist=192.0, Win Bonus=0.0
[2026-05-22 10:07:51] SCORE AlphaZeroClue (gray0): Final=288.5, Time=96.5, Moves(2)=0.0, Pins(0)=0.0, Dist=192.0, Win Bonus=0.0
[2026-05-22 10:07:51] SCORE Group7 (yellow): Final=291.2, Time=99.2, Moves(2)=0.0, Pins(0)=0.0, Dist=192.0, Win Bonus=0.0
[2026-05-22 10:07:51] SCORE Gruppe 2 (purple): Final=291.0, Time=99.0, Moves(2)=0.0, Pins(0)=0.0, Dist=192.0, Win Bonus=0.0
[2026-05-22 10:07:51] SCORE RL (red): Final=283.2, Time=99.2, Moves(1)=0.0, Pins(0)=0.0, Dist=184.0, Win Bonus=0.0
[2026-05-22 10:07:51] SCORE LosTurcos (blue): Final=289.6, Time=99.6, Moves(2)=0.0, Pins(0)=0.0, Dist=190.0, Win Bonus=0.0
[2026-05-22 10:07:51] ALL WRONG MOVES BY COLOUR: {}
[2026-05-22 10:07:52] MOVE 12: RL (red) 115->104 [0.00ms]
[2026-05-22 10:07:52] SCORE PCS (lawn green): Final=291.0, Time=99.0, Moves(2)=0.0, Pins(0)=0.0, Dist=192.0, Win Bonus=0.0
[2026-05-22 10:07:52] SCORE AlphaZeroClue (gray0): Final=288.5, Time=96.5, Moves(2)=0.0, Pins(0)=0.0, Dist=192.0, Win Bonus=0.0
[2026-05-22 10:07:52] SCORE Group7 (yellow): Final=291.2, Time=99.2, Moves(2)=0.0, Pins(0)=0.0, Dist=192.0, Win Bonus=0.0
[2026-05-22 10:07:52] SCORE Gruppe 2 (purple): Final=291.0, Time=99.0, Moves(2)=0.0, Pins(0)=0.0, Dist=192.0, Win Bonus=0.0
[2026-05-22 10:07:52] SCORE RL (red): Final=286.4, Time=98.4, Moves(2)=0.0, Pins(0)=0.0, Dist=188.0, Win Bonus=0.0
[2026-05-22 10:07:52] SCORE LosTurcos (blue): Final=289.6, Time=99.6, Moves(2)=0.0, Pins(0)=0.0, Dist=190.0, Win Bonus=0.0
[2026-05-22 10:07:52] ALL WRONG MOVES BY COLOUR: {}
[2026-05-22 10:07:52] MOVE 13: PCS (lawn green) 33->72 [0.00ms]
[2026-05-22 10:07:52] SCORE PCS (lawn green): Final=298.7, Time=98.7, Moves(3)=0.0, Pins(0)=0.0, Dist=200.0, Win Bonus=0.0
[2026-05-22 10:07:52] SCORE AlphaZeroClue (gray0): Final=288.5, Time=96.5, Moves(2)=0.0, Pins(0)=0.0, Dist=192.0, Win Bonus=0.0
[2026-05-22 10:07:52] SCORE Group7 (yellow): Final=291.2, Time=99.2, Moves(2)=0.0, Pins(0)=0.0, Dist=192.0, Win Bonus=0.0
[2026-05-22 10:07:52] SCORE Gruppe 2 (purple): Final=291.0, Time=99.0, Moves(2)=0.0, Pins(0)=0.0, Dist=192.0, Win Bonus=0.0
[2026-05-22 10:07:52] SCORE RL (red): Final=286.4, Time=98.4, Moves(2)=0.0, Pins(0)=0.0, Dist=188.0, Win Bonus=0.0
[2026-05-22 10:07:52] SCORE LosTurcos (blue): Final=289.6, Time=99.6, Moves(2)=0.0, Pins(0)=0.0, Dist=190.0, Win Bonus=0.0
[2026-05-22 10:07:52] ALL WRONG MOVES BY COLOUR: {}
[2026-05-22 10:07:53] MOVE 14: Group7 (yellow) 10->14 [0.01ms]
[2026-05-22 10:07:53] SCORE PCS (lawn green): Final=298.7, Time=98.7, Moves(3)=0.0, Pins(0)=0.0, Dist=200.0, Win Bonus=0.0
[2026-05-22 10:07:53] SCORE AlphaZeroClue (gray0): Final=288.5, Time=96.5, Moves(2)=0.0, Pins(0)=0.0, Dist=192.0, Win Bonus=0.0
[2026-05-22 10:07:53] SCORE Group7 (yellow): Final=298.9, Time=98.9, Moves(3)=0.0, Pins(0)=0.0, Dist=200.0, Win Bonus=0.0
[2026-05-22 10:07:53] SCORE Gruppe 2 (purple): Final=291.0, Time=99.0, Moves(2)=0.0, Pins(0)=0.0, Dist=192.0, Win Bonus=0.0
[2026-05-22 10:07:53] SCORE RL (red): Final=286.4, Time=98.4, Moves(2)=0.0, Pins(0)=0.0, Dist=188.0, Win Bonus=0.0
[2026-05-22 10:07:53] SCORE LosTurcos (blue): Final=289.6, Time=99.6, Moves(2)=0.0, Pins(0)=0.0, Dist=190.0, Win Bonus=0.0
[2026-05-22 10:07:53] ALL WRONG MOVES BY COLOUR: {}
[2026-05-22 10:07:53] MOVE 15: LosTurcos (blue) 5->18 [0.00ms]
[2026-05-22 10:07:53] SCORE PCS (lawn green): Final=298.7, Time=98.7, Moves(3)=0.0, Pins(0)=0.0, Dist=200.0, Win Bonus=0.0
[2026-05-22 10:07:53] SCORE AlphaZeroClue (gray0): Final=288.5, Time=96.5, Moves(2)=0.0, Pins(0)=0.0, Dist=192.0, Win Bonus=0.0
[2026-05-22 10:07:53] SCORE Group7 (yellow): Final=298.9, Time=98.9, Moves(3)=0.0, Pins(0)=0.0, Dist=200.0, Win Bonus=0.0
[2026-05-22 10:07:53] SCORE Gruppe 2 (purple): Final=291.0, Time=99.0, Moves(2)=0.0, Pins(0)=0.0, Dist=192.0, Win Bonus=0.0
[2026-05-22 10:07:53] SCORE RL (red): Final=286.4, Time=98.4, Moves(2)=0.0, Pins(0)=0.0, Dist=188.0, Win Bonus=0.0
[2026-05-22 10:07:53] SCORE LosTurcos (blue): Final=293.4, Time=99.4, Moves(3)=0.0, Pins(0)=0.0, Dist=194.0, Win Bonus=0.0
[2026-05-22 10:07:53] ALL WRONG MOVES BY COLOUR: {}
[2026-05-22 10:07:55] MOVE 16: AlphaZeroClue (gray0) 65->6 [0.00ms]
[2026-05-22 10:07:55] SCORE PCS (lawn green): Final=298.7, Time=98.7, Moves(3)=0.0, Pins(0)=0.0, Dist=200.0, Win Bonus=0.0
[2026-05-22 10:07:55] SCORE AlphaZeroClue (gray0): Final=296.6, Time=94.6, Moves(3)=0.0, Pins(0)=0.0, Dist=202.0, Win Bonus=0.0
[2026-05-22 10:07:55] SCORE Group7 (yellow): Final=298.9, Time=98.9, Moves(3)=0.0, Pins(0)=0.0, Dist=200.0, Win Bonus=0.0
[2026-05-22 10:07:55] SCORE Gruppe 2 (purple): Final=291.0, Time=99.0, Moves(2)=0.0, Pins(0)=0.0, Dist=192.0, Win Bonus=0.0
[2026-05-22 10:07:55] SCORE RL (red): Final=286.4, Time=98.4, Moves(2)=0.0, Pins(0)=0.0, Dist=188.0, Win Bonus=0.0
[2026-05-22 10:07:55] SCORE LosTurcos (blue): Final=293.4, Time=99.4, Moves(3)=0.0, Pins(0)=0.0, Dist=194.0, Win Bonus=0.0
[2026-05-22 10:07:55] ALL WRONG MOVES BY COLOUR: {}
[2026-05-22 10:07:55] MOVE 17: Gruppe 2 (purple) 97->33 [0.01ms]
[2026-05-22 10:07:55] SCORE PCS (lawn green): Final=298.7, Time=98.7, Moves(3)=0.0, Pins(0)=0.0, Dist=200.0, Win Bonus=0.0
[2026-05-22 10:07:55] SCORE AlphaZeroClue (gray0): Final=296.6, Time=94.6, Moves(3)=0.0, Pins(0)=0.0, Dist=202.0, Win Bonus=0.0
[2026-05-22 10:07:55] SCORE Group7 (yellow): Final=298.9, Time=98.9, Moves(3)=0.0, Pins(0)=0.0, Dist=200.0, Win Bonus=0.0
[2026-05-22 10:07:55] SCORE Gruppe 2 (purple): Final=298.7, Time=98.7, Moves(3)=0.0, Pins(0)=0.0, Dist=200.0, Win Bonus=0.0
[2026-05-22 10:07:55] SCORE RL (red): Final=286.4, Time=98.4, Moves(2)=0.0, Pins(0)=0.0, Dist=188.0, Win Bonus=0.0
[2026-05-22 10:07:55] SCORE LosTurcos (blue): Final=293.4, Time=99.4, Moves(3)=0.0, Pins(0)=0.0, Dist=194.0, Win Bonus=0.0
[2026-05-22 10:07:55] ALL WRONG MOVES BY COLOUR: {}
[2026-05-22 10:07:56] MOVE 18: RL (red) 120->102 [0.00ms]
[2026-05-22 10:07:56] SCORE PCS (lawn green): Final=298.7, Time=98.7, Moves(3)=0.0, Pins(0)=0.0, Dist=200.0, Win Bonus=0.0
[2026-05-22 10:07:56] SCORE AlphaZeroClue (gray0): Final=296.6, Time=94.6, Moves(3)=0.0, Pins(0)=0.0, Dist=202.0, Win Bonus=0.0
[2026-05-22 10:07:56] SCORE Group7 (yellow): Final=298.9, Time=98.9, Moves(3)=0.0, Pins(0)=0.0, Dist=200.0, Win Bonus=0.0
[2026-05-22 10:07:56] SCORE Gruppe 2 (purple): Final=298.7, Time=98.7, Moves(3)=0.0, Pins(0)=0.0, Dist=200.0, Win Bonus=0.0
[2026-05-22 10:07:56] SCORE RL (red): Final=293.4, Time=97.4, Moves(3)=0.0, Pins(0)=0.0, Dist=196.0, Win Bonus=0.0
[2026-05-22 10:07:56] SCORE LosTurcos (blue): Final=293.4, Time=99.4, Moves(3)=0.0, Pins(0)=0.0, Dist=194.0, Win Bonus=0.0
[2026-05-22 10:07:56] ALL WRONG MOVES BY COLOUR: {}
[2026-05-22 10:07:56] MOVE 19: PCS (lawn green) 44->42 [0.00ms]
[2026-05-22 10:07:56] SCORE PCS (lawn green): Final=302.6, Time=98.6, Moves(4)=0.0, Pins(0)=0.0, Dist=204.0, Win Bonus=0.0
[2026-05-22 10:07:56] SCORE AlphaZeroClue (gray0): Final=296.6, Time=94.6, Moves(3)=0.0, Pins(0)=0.0, Dist=202.0, Win Bonus=0.0
[2026-05-22 10:07:56] SCORE Group7 (yellow): Final=298.9, Time=98.9, Moves(3)=0.0, Pins(0)=0.0, Dist=200.0, Win Bonus=0.0
[2026-05-22 10:07:56] SCORE Gruppe 2 (purple): Final=298.7, Time=98.7, Moves(3)=0.0, Pins(0)=0.0, Dist=200.0, Win Bonus=0.0
[2026-05-22 10:07:56] SCORE RL (red): Final=293.4, Time=97.4, Moves(3)=0.0, Pins(0)=0.0, Dist=196.0, Win Bonus=0.0
[2026-05-22 10:07:56] SCORE LosTurcos (blue): Final=293.4, Time=99.4, Moves(3)=0.0, Pins(0)=0.0, Dist=194.0, Win Bonus=0.0
[2026-05-22 10:07:56] ALL WRONG MOVES BY COLOUR: {}
[2026-05-22 10:07:57] MOVE 20: Group7 (yellow) 46->89 [0.00ms]
[2026-05-22 10:07:57] SCORE PCS (lawn green): Final=302.6, Time=98.6, Moves(4)=0.0, Pins(0)=0.0, Dist=204.0, Win Bonus=0.0
[2026-05-22 10:07:57] SCORE AlphaZeroClue (gray0): Final=296.6, Time=94.6, Moves(3)=0.0, Pins(0)=0.0, Dist=202.0, Win Bonus=0.0
[2026-05-22 10:07:57] SCORE Group7 (yellow): Final=306.5, Time=98.5, Moves(4)=0.0, Pins(0)=0.0, Dist=208.0, Win Bonus=0.0
[2026-05-22 10:07:57] SCORE Gruppe 2 (purple): Final=298.7, Time=98.7, Moves(3)=0.0, Pins(0)=0.0, Dist=200.0, Win Bonus=0.0
[2026-05-22 10:07:57] SCORE RL (red): Final=293.4, Time=97.4, Moves(3)=0.0, Pins(0)=0.0, Dist=196.0, Win Bonus=0.0
[2026-05-22 10:07:57] SCORE LosTurcos (blue): Final=293.4, Time=99.4, Moves(3)=0.0, Pins(0)=0.0, Dist=194.0, Win Bonus=0.0
[2026-05-22 10:07:57] ALL WRONG MOVES BY COLOUR: {}
[2026-05-22 10:07:57] MOVE 21: LosTurcos (blue) 18->30 [0.00ms]
[2026-05-22 10:07:57] SCORE PCS (lawn green): Final=302.6, Time=98.6, Moves(4)=0.0, Pins(0)=0.0, Dist=204.0, Win Bonus=0.0
[2026-05-22 10:07:57] SCORE AlphaZeroClue (gray0): Final=296.6, Time=94.6, Moves(3)=0.0, Pins(0)=0.0, Dist=202.0, Win Bonus=0.0
[2026-05-22 10:07:57] SCORE Group7 (yellow): Final=306.5, Time=98.5, Moves(4)=0.0, Pins(0)=0.0, Dist=208.0, Win Bonus=0.0
[2026-05-22 10:07:57] SCORE Gruppe 2 (purple): Final=298.7, Time=98.7, Moves(3)=0.0, Pins(0)=0.0, Dist=200.0, Win Bonus=0.0
[2026-05-22 10:07:57] SCORE RL (red): Final=293.4, Time=97.4, Moves(3)=0.0, Pins(0)=0.0, Dist=196.0, Win Bonus=0.0
[2026-05-22 10:07:57] SCORE LosTurcos (blue): Final=295.3, Time=99.3, Moves(4)=0.0, Pins(0)=0.0, Dist=196.0, Win Bonus=0.0
[2026-05-22 10:07:57] ALL WRONG MOVES BY COLOUR: {}
[2026-05-22 10:07:58] MOVE 22: AlphaZeroClue (gray0) 88->26 [0.00ms]
[2026-05-22 10:07:58] SCORE PCS (lawn green): Final=302.6, Time=98.6, Moves(4)=0.0, Pins(0)=0.0, Dist=204.0, Win Bonus=0.0
[2026-05-22 10:07:58] SCORE AlphaZeroClue (gray0): Final=302.8, Time=92.8, Moves(4)=0.0, Pins(0)=0.0, Dist=210.0, Win Bonus=0.0
[2026-05-22 10:07:58] SCORE Group7 (yellow): Final=306.5, Time=98.5, Moves(4)=0.0, Pins(0)=0.0, Dist=208.0, Win Bonus=0.0
[2026-05-22 10:07:58] SCORE Gruppe 2 (purple): Final=298.7, Time=98.7, Moves(3)=0.0, Pins(0)=0.0, Dist=200.0, Win Bonus=0.0
[2026-05-22 10:07:58] SCORE RL (red): Final=293.4, Time=97.4, Moves(3)=0.0, Pins(0)=0.0, Dist=196.0, Win Bonus=0.0
[2026-05-22 10:07:58] SCORE LosTurcos (blue): Final=295.3, Time=99.3, Moves(4)=0.0, Pins(0)=0.0, Dist=196.0, Win Bonus=0.0
[2026-05-22 10:07:58] ALL WRONG MOVES BY COLOUR: {}
[2026-05-22 10:07:59] MOVE 23: Gruppe 2 (purple) 31->27 [0.00ms]
[2026-05-22 10:07:59] SCORE PCS (lawn green): Final=302.6, Time=98.6, Moves(4)=0.0, Pins(0)=0.0, Dist=204.0, Win Bonus=0.0
[2026-05-22 10:07:59] SCORE AlphaZeroClue (gray0): Final=302.8, Time=92.8, Moves(4)=0.0, Pins(0)=0.0, Dist=210.0, Win Bonus=0.0
[2026-05-22 10:07:59] SCORE Group7 (yellow): Final=306.5, Time=98.5, Moves(4)=0.0, Pins(0)=0.0, Dist=208.0, Win Bonus=0.0
[2026-05-22 10:07:59] SCORE Gruppe 2 (purple): Final=306.1, Time=98.1, Moves(4)=0.0, Pins(0)=0.0, Dist=208.0, Win Bonus=0.0
[2026-05-22 10:07:59] SCORE RL (red): Final=293.4, Time=97.4, Moves(3)=0.0, Pins(0)=0.0, Dist=196.0, Win Bonus=0.0
[2026-05-22 10:07:59] SCORE LosTurcos (blue): Final=295.3, Time=99.3, Moves(4)=0.0, Pins(0)=0.0, Dist=196.0, Win Bonus=0.0
[2026-05-22 10:07:59] ALL WRONG MOVES BY COLOUR: {}
[2026-05-22 10:08:00] MOVE 24: RL (red) 102->90 [0.01ms]
[2026-05-22 10:08:00] SCORE PCS (lawn green): Final=302.6, Time=98.6, Moves(4)=0.0, Pins(0)=0.0, Dist=204.0, Win Bonus=0.0
[2026-05-22 10:08:00] SCORE AlphaZeroClue (gray0): Final=302.8, Time=92.8, Moves(4)=0.0, Pins(0)=0.0, Dist=210.0, Win Bonus=0.0
[2026-05-22 10:08:00] SCORE Group7 (yellow): Final=306.5, Time=98.5, Moves(4)=0.0, Pins(0)=0.0, Dist=208.0, Win Bonus=0.0
[2026-05-22 10:08:00] SCORE Gruppe 2 (purple): Final=306.1, Time=98.1, Moves(4)=0.0, Pins(0)=0.0, Dist=208.0, Win Bonus=0.0
[2026-05-22 10:08:00] SCORE RL (red): Final=294.4, Time=96.4, Moves(4)=0.0, Pins(0)=0.0, Dist=198.0, Win Bonus=0.0
[2026-05-22 10:08:00] SCORE LosTurcos (blue): Final=295.3, Time=99.3, Moves(4)=0.0, Pins(0)=0.0, Dist=196.0, Win Bonus=0.0
[2026-05-22 10:08:00] ALL WRONG MOVES BY COLOUR: {}
[2026-05-22 10:08:00] MOVE 25: PCS (lawn green) 20->41 [0.01ms]
[2026-05-22 10:08:00] SCORE PCS (lawn green): Final=310.5, Time=98.5, Moves(5)=0.0, Pins(0)=0.0, Dist=212.0, Win Bonus=0.0
[2026-05-22 10:08:00] SCORE AlphaZeroClue (gray0): Final=302.8, Time=92.8, Moves(4)=0.0, Pins(0)=0.0, Dist=210.0, Win Bonus=0.0
[2026-05-22 10:08:00] SCORE Group7 (yellow): Final=306.5, Time=98.5, Moves(4)=0.0, Pins(0)=0.0, Dist=208.0, Win Bonus=0.0
[2026-05-22 10:08:00] SCORE Gruppe 2 (purple): Final=306.1, Time=98.1, Moves(4)=0.0, Pins(0)=0.0, Dist=208.0, Win Bonus=0.0
[2026-05-22 10:08:00] SCORE RL (red): Final=294.4, Time=96.4, Moves(4)=0.0, Pins(0)=0.0, Dist=198.0, Win Bonus=0.0
[2026-05-22 10:08:00] SCORE LosTurcos (blue): Final=295.3, Time=99.3, Moves(4)=0.0, Pins(0)=0.0, Dist=196.0, Win Bonus=0.0
[2026-05-22 10:08:00] ALL WRONG MOVES BY COLOUR: {}
[2026-05-22 10:08:01] MOVE 26: Group7 (yellow) 16->45 [0.01ms]
[2026-05-22 10:08:01] SCORE PCS (lawn green): Final=310.5, Time=98.5, Moves(5)=0.0, Pins(0)=0.0, Dist=212.0, Win Bonus=0.0
[2026-05-22 10:08:01] SCORE AlphaZeroClue (gray0): Final=302.8, Time=92.8, Moves(4)=0.0, Pins(0)=0.0, Dist=210.0, Win Bonus=0.0
[2026-05-22 10:08:01] SCORE Group7 (yellow): Final=314.0, Time=98.0, Moves(5)=0.0, Pins(0)=0.0, Dist=216.0, Win Bonus=0.0
[2026-05-22 10:08:01] SCORE Gruppe 2 (purple): Final=306.1, Time=98.1, Moves(4)=0.0, Pins(0)=0.0, Dist=208.0, Win Bonus=0.0
[2026-05-22 10:08:01] SCORE RL (red): Final=294.4, Time=96.4, Moves(4)=0.0, Pins(0)=0.0, Dist=198.0, Win Bonus=0.0
[2026-05-22 10:08:01] SCORE LosTurcos (blue): Final=295.3, Time=99.3, Moves(4)=0.0, Pins(0)=0.0, Dist=196.0, Win Bonus=0.0
[2026-05-22 10:08:01] ALL WRONG MOVES BY COLOUR: {}
[2026-05-22 10:08:01] MOVE 27: LosTurcos (blue) 3->39 [0.00ms]
[2026-05-22 10:08:01] SCORE PCS (lawn green): Final=310.5, Time=98.5, Moves(5)=0.0, Pins(0)=0.0, Dist=212.0, Win Bonus=0.0
[2026-05-22 10:08:01] SCORE AlphaZeroClue (gray0): Final=302.8, Time=92.8, Moves(4)=0.0, Pins(0)=0.0, Dist=210.0, Win Bonus=0.0
[2026-05-22 10:08:01] SCORE Group7 (yellow): Final=314.0, Time=98.0, Moves(5)=0.0, Pins(0)=0.0, Dist=216.0, Win Bonus=0.0
[2026-05-22 10:08:01] SCORE Gruppe 2 (purple): Final=306.1, Time=98.1, Moves(4)=0.0, Pins(0)=0.0, Dist=208.0, Win Bonus=0.0
[2026-05-22 10:08:01] SCORE RL (red): Final=294.4, Time=96.4, Moves(4)=0.0, Pins(0)=0.0, Dist=198.0, Win Bonus=0.0
[2026-05-22 10:08:01] SCORE LosTurcos (blue): Final=303.2, Time=99.2, Moves(5)=0.0, Pins(0)=0.0, Dist=204.0, Win Bonus=0.0
[2026-05-22 10:08:01] ALL WRONG MOVES BY COLOUR: {}
[2026-05-22 10:08:02] MOVE 28: AlphaZeroClue (gray0) 86->47 [0.00ms]
[2026-05-22 10:08:02] SCORE PCS (lawn green): Final=310.5, Time=98.5, Moves(5)=0.0, Pins(0)=0.0, Dist=212.0, Win Bonus=0.0
[2026-05-22 10:08:02] SCORE AlphaZeroClue (gray0): Final=309.1, Time=91.1, Moves(5)=0.0, Pins(0)=0.0, Dist=218.0, Win Bonus=0.0
[2026-05-22 10:08:02] SCORE Group7 (yellow): Final=314.0, Time=98.0, Moves(5)=0.0, Pins(0)=0.0, Dist=216.0, Win Bonus=0.0
[2026-05-22 10:08:02] SCORE Gruppe 2 (purple): Final=306.1, Time=98.1, Moves(4)=0.0, Pins(0)=0.0, Dist=208.0, Win Bonus=0.0
[2026-05-22 10:08:02] SCORE RL (red): Final=294.4, Time=96.4, Moves(4)=0.0, Pins(0)=0.0, Dist=198.0, Win Bonus=0.0
[2026-05-22 10:08:02] SCORE LosTurcos (blue): Final=303.2, Time=99.2, Moves(5)=0.0, Pins(0)=0.0, Dist=204.0, Win Bonus=0.0
[2026-05-22 10:08:02] ALL WRONG MOVES BY COLOUR: {}
[2026-05-22 10:08:03] MOVE 29: Gruppe 2 (purple) 95->29 [0.00ms]
[2026-05-22 10:08:03] SCORE PCS (lawn green): Final=310.5, Time=98.5, Moves(5)=0.0, Pins(0)=0.0, Dist=212.0, Win Bonus=0.0
[2026-05-22 10:08:03] SCORE AlphaZeroClue (gray0): Final=309.1, Time=91.1, Moves(5)=0.0, Pins(0)=0.0, Dist=218.0, Win Bonus=0.0
[2026-05-22 10:08:03] SCORE Group7 (yellow): Final=314.0, Time=98.0, Moves(5)=0.0, Pins(0)=0.0, Dist=216.0, Win Bonus=0.0
[2026-05-22 10:08:03] SCORE Gruppe 2 (purple): Final=317.6, Time=97.6, Moves(5)=0.0, Pins(0)=0.0, Dist=220.0, Win Bonus=0.0
[2026-05-22 10:08:03] SCORE RL (red): Final=294.4, Time=96.4, Moves(4)=0.0, Pins(0)=0.0, Dist=198.0, Win Bonus=0.0
[2026-05-22 10:08:03] SCORE LosTurcos (blue): Final=303.2, Time=99.2, Moves(5)=0.0, Pins(0)=0.0, Dist=204.0, Win Bonus=0.0
[2026-05-22 10:08:03] ALL WRONG MOVES BY COLOUR: {}
[2026-05-22 10:08:04] MOVE 30: RL (red) 90->67 [0.00ms]
[2026-05-22 10:08:04] SCORE PCS (lawn green): Final=310.5, Time=98.5, Moves(5)=0.0, Pins(0)=0.0, Dist=212.0, Win Bonus=0.0
[2026-05-22 10:08:04] SCORE AlphaZeroClue (gray0): Final=309.1, Time=91.1, Moves(5)=0.0, Pins(0)=0.0, Dist=218.0, Win Bonus=0.0
[2026-05-22 10:08:04] SCORE Group7 (yellow): Final=314.0, Time=98.0, Moves(5)=0.0, Pins(0)=0.0, Dist=216.0, Win Bonus=0.0
[2026-05-22 10:08:04] SCORE Gruppe 2 (purple): Final=317.6, Time=97.6, Moves(5)=0.0, Pins(0)=0.0, Dist=220.0, Win Bonus=0.0
[2026-05-22 10:08:04] SCORE RL (red): Final=297.5, Time=95.5, Moves(5)=0.0, Pins(0)=0.0, Dist=202.0, Win Bonus=0.0
[2026-05-22 10:08:04] SCORE LosTurcos (blue): Final=303.2, Time=99.2, Moves(5)=0.0, Pins(0)=0.0, Dist=204.0, Win Bonus=0.0
[2026-05-22 10:08:04] ALL WRONG MOVES BY COLOUR: {}
[2026-05-22 10:08:04] MOVE 31: PCS (lawn green) 43->3 [0.01ms]
[2026-05-22 10:08:04] SCORE PCS (lawn green): Final=313.9, Time=97.9, Moves(6)=0.0, Pins(0)=0.0, Dist=216.0, Win Bonus=0.0
[2026-05-22 10:08:04] SCORE AlphaZeroClue (gray0): Final=309.1, Time=91.1, Moves(5)=0.0, Pins(0)=0.0, Dist=218.0, Win Bonus=0.0
[2026-05-22 10:08:04] SCORE Group7 (yellow): Final=314.0, Time=98.0, Moves(5)=0.0, Pins(0)=0.0, Dist=216.0, Win Bonus=0.0
[2026-05-22 10:08:04] SCORE Gruppe 2 (purple): Final=317.6, Time=97.6, Moves(5)=0.0, Pins(0)=0.0, Dist=220.0, Win Bonus=0.0
[2026-05-22 10:08:04] SCORE RL (red): Final=297.5, Time=95.5, Moves(5)=0.0, Pins(0)=0.0, Dist=202.0, Win Bonus=0.0
[2026-05-22 10:08:04] SCORE LosTurcos (blue): Final=303.2, Time=99.2, Moves(5)=0.0, Pins(0)=0.0, Dist=204.0, Win Bonus=0.0
[2026-05-22 10:08:04] ALL WRONG MOVES BY COLOUR: {}
[2026-05-22 10:08:05] MOVE 32: Group7 (yellow) 14->43 [0.00ms]
[2026-05-22 10:08:05] SCORE PCS (lawn green): Final=313.9, Time=97.9, Moves(6)=0.0, Pins(0)=0.0, Dist=216.0, Win Bonus=0.0
[2026-05-22 10:08:05] SCORE AlphaZeroClue (gray0): Final=309.1, Time=91.1, Moves(5)=0.0, Pins(0)=0.0, Dist=218.0, Win Bonus=0.0
[2026-05-22 10:08:05] SCORE Group7 (yellow): Final=325.5, Time=97.5, Moves(6)=0.0, Pins(0)=0.0, Dist=228.0, Win Bonus=0.0
[2026-05-22 10:08:05] SCORE Gruppe 2 (purple): Final=317.6, Time=97.6, Moves(5)=0.0, Pins(0)=0.0, Dist=220.0, Win Bonus=0.0
[2026-05-22 10:08:05] SCORE RL (red): Final=297.5, Time=95.5, Moves(5)=0.0, Pins(0)=0.0, Dist=202.0, Win Bonus=0.0
[2026-05-22 10:08:05] SCORE LosTurcos (blue): Final=303.2, Time=99.2, Moves(5)=0.0, Pins(0)=0.0, Dist=204.0, Win Bonus=0.0
[2026-05-22 10:08:05] ALL WRONG MOVES BY COLOUR: {}
[2026-05-22 10:08:05] MOVE 33: LosTurcos (blue) 0->16 [0.00ms]
[2026-05-22 10:08:05] SCORE PCS (lawn green): Final=313.9, Time=97.9, Moves(6)=0.0, Pins(0)=0.0, Dist=216.0, Win Bonus=0.0
[2026-05-22 10:08:05] SCORE AlphaZeroClue (gray0): Final=309.1, Time=91.1, Moves(5)=0.0, Pins(0)=0.0, Dist=218.0, Win Bonus=0.0
[2026-05-22 10:08:05] SCORE Group7 (yellow): Final=325.5, Time=97.5, Moves(6)=0.0, Pins(0)=0.0, Dist=228.0, Win Bonus=0.0
[2026-05-22 10:08:05] SCORE Gruppe 2 (purple): Final=317.6, Time=97.6, Moves(5)=0.0, Pins(0)=0.0, Dist=220.0, Win Bonus=0.0
[2026-05-22 10:08:05] SCORE RL (red): Final=297.5, Time=95.5, Moves(5)=0.0, Pins(0)=0.0, Dist=202.0, Win Bonus=0.0
[2026-05-22 10:08:05] SCORE LosTurcos (blue): Final=310.9, Time=98.9, Moves(6)=0.0, Pins(0)=0.0, Dist=212.0, Win Bonus=0.0
[2026-05-22 10:08:05] ALL WRONG MOVES BY COLOUR: {}
[2026-05-22 10:08:07] SCORE PCS (lawn green): Final=313.9, Time=97.9, Moves(6)=0.0, Pins(0)=0.0, Dist=216.0, Win Bonus=0.0
[2026-05-22 10:08:07] SCORE AlphaZeroClue (gray0): Final=309.1, Time=91.1, Moves(5)=0.0, Pins(0)=0.0, Dist=218.0, Win Bonus=0.0
[2026-05-22 10:08:07] SCORE Group7 (yellow): Final=325.5, Time=97.5, Moves(6)=0.0, Pins(0)=0.0, Dist=228.0, Win Bonus=0.0
[2026-05-22 10:08:07] SCORE Gruppe 2 (purple): Final=317.6, Time=97.6, Moves(5)=0.0, Pins(0)=0.0, Dist=220.0, Win Bonus=0.0
[2026-05-22 10:08:07] SCORE RL (red): Final=297.5, Time=95.5, Moves(5)=0.0, Pins(0)=0.0, Dist=202.0, Win Bonus=0.0
[2026-05-22 10:08:07] SCORE LosTurcos (blue): Final=310.9, Time=98.9, Moves(6)=0.0, Pins(0)=0.0, Dist=212.0, Win Bonus=0.0
[2026-05-22 10:08:07] ALL WRONG MOVES BY COLOUR: {'gray0': ['34 (turn timeout)']}
[2026-05-22 10:08:07] TURN TIMEOUT: Player with colour gray0 exceeded 2s at move 34. Turn skipped.
[2026-05-22 10:08:08] MOVE 35: Gruppe 2 (purple) 73->63 [0.01ms]
[2026-05-22 10:08:08] SCORE PCS (lawn green): Final=313.9, Time=97.9, Moves(6)=0.0, Pins(0)=0.0, Dist=216.0, Win Bonus=0.0
[2026-05-22 10:08:08] SCORE AlphaZeroClue (gray0): Final=309.1, Time=91.1, Moves(5)=0.0, Pins(0)=0.0, Dist=218.0, Win Bonus=0.0
[2026-05-22 10:08:08] SCORE Group7 (yellow): Final=325.5, Time=97.5, Moves(6)=0.0, Pins(0)=0.0, Dist=228.0, Win Bonus=0.0
[2026-05-22 10:08:08] SCORE Gruppe 2 (purple): Final=319.1, Time=97.1, Moves(6)=0.0, Pins(0)=0.0, Dist=222.0, Win Bonus=0.0
[2026-05-22 10:08:08] SCORE RL (red): Final=297.5, Time=95.5, Moves(5)=0.0, Pins(0)=0.0, Dist=202.0, Win Bonus=0.0
[2026-05-22 10:08:08] SCORE LosTurcos (blue): Final=310.9, Time=98.9, Moves(6)=0.0, Pins(0)=0.0, Dist=212.0, Win Bonus=0.0
[2026-05-22 10:08:08] ALL WRONG MOVES BY COLOUR: {'gray0': ['34 (turn timeout)']}
[2026-05-22 10:08:09] MOVE 36: RL (red) 67->58 [0.01ms]
[2026-05-22 10:08:09] SCORE PCS (lawn green): Final=313.9, Time=97.9, Moves(6)=0.0, Pins(0)=0.0, Dist=216.0, Win Bonus=0.0
[2026-05-22 10:08:09] SCORE AlphaZeroClue (gray0): Final=309.1, Time=91.1, Moves(5)=0.0, Pins(0)=0.0, Dist=218.0, Win Bonus=0.0
[2026-05-22 10:08:09] SCORE Group7 (yellow): Final=325.5, Time=97.5, Moves(6)=0.0, Pins(0)=0.0, Dist=228.0, Win Bonus=0.0
[2026-05-22 10:08:09] SCORE Gruppe 2 (purple): Final=319.1, Time=97.1, Moves(6)=0.0, Pins(0)=0.0, Dist=222.0, Win Bonus=0.0
[2026-05-22 10:08:09] SCORE RL (red): Final=298.5, Time=94.5, Moves(6)=0.0, Pins(0)=0.0, Dist=204.0, Win Bonus=0.0
[2026-05-22 10:08:09] SCORE LosTurcos (blue): Final=310.9, Time=98.9, Moves(6)=0.0, Pins(0)=0.0, Dist=212.0, Win Bonus=0.0
[2026-05-22 10:08:09] ALL WRONG MOVES BY COLOUR: {'gray0': ['34 (turn timeout)']}
[2026-05-22 10:08:09] MOVE 37: PCS (lawn green) 55->71 [0.00ms]
[2026-05-22 10:08:09] SCORE PCS (lawn green): Final=321.3, Time=97.3, Moves(7)=0.0, Pins(0)=0.0, Dist=224.0, Win Bonus=0.0
[2026-05-22 10:08:09] SCORE AlphaZeroClue (gray0): Final=309.1, Time=91.1, Moves(5)=0.0, Pins(0)=0.0, Dist=218.0, Win Bonus=0.0
[2026-05-22 10:08:09] SCORE Group7 (yellow): Final=325.5, Time=97.5, Moves(6)=0.0, Pins(0)=0.0, Dist=228.0, Win Bonus=0.0
[2026-05-22 10:08:09] SCORE Gruppe 2 (purple): Final=319.1, Time=97.1, Moves(6)=0.0, Pins(0)=0.0, Dist=222.0, Win Bonus=0.0
[2026-05-22 10:08:09] SCORE RL (red): Final=298.5, Time=94.5, Moves(6)=0.0, Pins(0)=0.0, Dist=204.0, Win Bonus=0.0
[2026-05-22 10:08:09] SCORE LosTurcos (blue): Final=310.9, Time=98.9, Moves(6)=0.0, Pins(0)=0.0, Dist=212.0, Win Bonus=0.0
[2026-05-22 10:08:09] ALL WRONG MOVES BY COLOUR: {'gray0': ['34 (turn timeout)']}
[2026-05-22 10:08:10] MOVE 38: Group7 (yellow) 36->17 [0.00ms]
[2026-05-22 10:08:10] SCORE PCS (lawn green): Final=321.3, Time=97.3, Moves(7)=0.0, Pins(0)=0.0, Dist=224.0, Win Bonus=0.0
[2026-05-22 10:08:10] SCORE AlphaZeroClue (gray0): Final=309.1, Time=91.1, Moves(5)=0.0, Pins(0)=0.0, Dist=218.0, Win Bonus=0.0
[2026-05-22 10:08:10] SCORE Group7 (yellow): Final=333.0, Time=97.0, Moves(7)=0.0, Pins(0)=0.0, Dist=236.0, Win Bonus=0.0
[2026-05-22 10:08:10] SCORE Gruppe 2 (purple): Final=319.1, Time=97.1, Moves(6)=0.0, Pins(0)=0.0, Dist=222.0, Win Bonus=0.0
[2026-05-22 10:08:10] SCORE RL (red): Final=298.5, Time=94.5, Moves(6)=0.0, Pins(0)=0.0, Dist=204.0, Win Bonus=0.0
[2026-05-22 10:08:10] SCORE LosTurcos (blue): Final=310.9, Time=98.9, Moves(6)=0.0, Pins(0)=0.0, Dist=212.0, Win Bonus=0.0
[2026-05-22 10:08:10] ALL WRONG MOVES BY COLOUR: {'gray0': ['34 (turn timeout)']}
[2026-05-22 10:08:10] MOVE 39: LosTurcos (blue) 15->59 [0.00ms]
[2026-05-22 10:08:10] SCORE PCS (lawn green): Final=321.3, Time=97.3, Moves(7)=0.0, Pins(0)=0.0, Dist=224.0, Win Bonus=0.0
[2026-05-22 10:08:10] SCORE AlphaZeroClue (gray0): Final=309.1, Time=91.1, Moves(5)=0.0, Pins(0)=0.0, Dist=218.0, Win Bonus=0.0
[2026-05-22 10:08:10] SCORE Group7 (yellow): Final=333.0, Time=97.0, Moves(7)=0.0, Pins(0)=0.0, Dist=236.0, Win Bonus=0.0
[2026-05-22 10:08:10] SCORE Gruppe 2 (purple): Final=319.1, Time=97.1, Moves(6)=0.0, Pins(0)=0.0, Dist=222.0, Win Bonus=0.0
[2026-05-22 10:08:10] SCORE RL (red): Final=298.5, Time=94.5, Moves(6)=0.0, Pins(0)=0.0, Dist=204.0, Win Bonus=0.0
[2026-05-22 10:08:10] SCORE LosTurcos (blue): Final=318.8, Time=98.8, Moves(7)=0.0, Pins(0)=0.0, Dist=220.0, Win Bonus=0.0
[2026-05-22 10:08:10] ALL WRONG MOVES BY COLOUR: {'gray0': ['34 (turn timeout)']}
[2026-05-22 10:08:12] MOVE 40: AlphaZeroClue (gray0) 87->50 [0.01ms]
[2026-05-22 10:08:12] SCORE PCS (lawn green): Final=321.3, Time=97.3, Moves(7)=0.0, Pins(0)=0.0, Dist=224.0, Win Bonus=0.0
[2026-05-22 10:08:12] SCORE AlphaZeroClue (gray0): Final=319.3, Time=89.3, Moves(6)=0.0, Pins(0)=0.0, Dist=230.0, Win Bonus=0.0
[2026-05-22 10:08:12] SCORE Group7 (yellow): Final=333.0, Time=97.0, Moves(7)=0.0, Pins(0)=0.0, Dist=236.0, Win Bonus=0.0
[2026-05-22 10:08:12] SCORE Gruppe 2 (purple): Final=319.1, Time=97.1, Moves(6)=0.0, Pins(0)=0.0, Dist=222.0, Win Bonus=0.0
[2026-05-22 10:08:12] SCORE RL (red): Final=298.5, Time=94.5, Moves(6)=0.0, Pins(0)=0.0, Dist=204.0, Win Bonus=0.0
[2026-05-22 10:08:12] SCORE LosTurcos (blue): Final=318.8, Time=98.8, Moves(7)=0.0, Pins(0)=0.0, Dist=220.0, Win Bonus=0.0
[2026-05-22 10:08:12] ALL WRONG MOVES BY COLOUR: {'gray0': ['34 (turn timeout)']}
[2026-05-22 10:08:12] MOVE 41: Gruppe 2 (purple) 27->38 [0.00ms]
[2026-05-22 10:08:12] SCORE PCS (lawn green): Final=321.3, Time=97.3, Moves(7)=0.0, Pins(0)=0.0, Dist=224.0, Win Bonus=0.0
[2026-05-22 10:08:12] SCORE AlphaZeroClue (gray0): Final=319.3, Time=89.3, Moves(6)=0.0, Pins(0)=0.0, Dist=230.0, Win Bonus=0.0
[2026-05-22 10:08:12] SCORE Group7 (yellow): Final=333.0, Time=97.0, Moves(7)=0.0, Pins(0)=0.0, Dist=236.0, Win Bonus=0.0
[2026-05-22 10:08:12] SCORE Gruppe 2 (purple): Final=318.6, Time=96.6, Moves(7)=0.0, Pins(0)=0.0, Dist=222.0, Win Bonus=0.0
[2026-05-22 10:08:12] SCORE RL (red): Final=298.5, Time=94.5, Moves(6)=0.0, Pins(0)=0.0, Dist=204.0, Win Bonus=0.0
[2026-05-22 10:08:12] SCORE LosTurcos (blue): Final=318.8, Time=98.8, Moves(7)=0.0, Pins(0)=0.0, Dist=220.0, Win Bonus=0.0
[2026-05-22 10:08:12] ALL WRONG MOVES BY COLOUR: {'gray0': ['34 (turn timeout)']}
[2026-05-22 10:08:13] MOVE 42: RL (red) 58->67 [0.00ms]
[2026-05-22 10:08:13] SCORE PCS (lawn green): Final=321.3, Time=97.3, Moves(7)=0.0, Pins(0)=0.0, Dist=224.0, Win Bonus=0.0
[2026-05-22 10:08:13] SCORE AlphaZeroClue (gray0): Final=319.3, Time=89.3, Moves(6)=0.0, Pins(0)=0.0, Dist=230.0, Win Bonus=0.0
[2026-05-22 10:08:13] SCORE Group7 (yellow): Final=333.0, Time=97.0, Moves(7)=0.0, Pins(0)=0.0, Dist=236.0, Win Bonus=0.0
[2026-05-22 10:08:13] SCORE Gruppe 2 (purple): Final=318.6, Time=96.6, Moves(7)=0.0, Pins(0)=0.0, Dist=222.0, Win Bonus=0.0
[2026-05-22 10:08:13] SCORE RL (red): Final=295.6, Time=93.6, Moves(7)=0.0, Pins(0)=0.0, Dist=202.0, Win Bonus=0.0
[2026-05-22 10:08:13] SCORE LosTurcos (blue): Final=318.8, Time=98.8, Moves(7)=0.0, Pins(0)=0.0, Dist=220.0, Win Bonus=0.0
[2026-05-22 10:08:13] ALL WRONG MOVES BY COLOUR: {'gray0': ['34 (turn timeout)']}
[2026-05-22 10:08:13] MOVE 43: PCS (lawn green) 34->73 [0.00ms]
[2026-05-22 10:08:13] SCORE PCS (lawn green): Final=329.3, Time=97.3, Moves(8)=0.0, Pins(0)=0.0, Dist=232.0, Win Bonus=0.0
[2026-05-22 10:08:13] SCORE AlphaZeroClue (gray0): Final=319.3, Time=89.3, Moves(6)=0.0, Pins(0)=0.0, Dist=230.0, Win Bonus=0.0
[2026-05-22 10:08:13] SCORE Group7 (yellow): Final=333.0, Time=97.0, Moves(7)=0.0, Pins(0)=0.0, Dist=236.0, Win Bonus=0.0
[2026-05-22 10:08:13] SCORE Gruppe 2 (purple): Final=318.6, Time=96.6, Moves(7)=0.0, Pins(0)=0.0, Dist=222.0, Win Bonus=0.0
[2026-05-22 10:08:13] SCORE RL (red): Final=295.6, Time=93.6, Moves(7)=0.0, Pins(0)=0.0, Dist=202.0, Win Bonus=0.0
[2026-05-22 10:08:13] SCORE LosTurcos (blue): Final=318.8, Time=98.8, Moves(7)=0.0, Pins(0)=0.0, Dist=220.0, Win Bonus=0.0
[2026-05-22 10:08:13] ALL WRONG MOVES BY COLOUR: {'gray0': ['34 (turn timeout)']}
[2026-05-22 10:08:14] MOVE 44: Group7 (yellow) 11->78 [0.00ms]
[2026-05-22 10:08:14] SCORE PCS (lawn green): Final=329.3, Time=97.3, Moves(8)=0.0, Pins(0)=0.0, Dist=232.0, Win Bonus=0.0
[2026-05-22 10:08:14] SCORE AlphaZeroClue (gray0): Final=319.3, Time=89.3, Moves(6)=0.0, Pins(0)=0.0, Dist=230.0, Win Bonus=0.0
[2026-05-22 10:08:14] SCORE Group7 (yellow): Final=344.7, Time=96.7, Moves(8)=0.0, Pins(0)=0.0, Dist=248.0, Win Bonus=0.0
[2026-05-22 10:08:14] SCORE Gruppe 2 (purple): Final=318.6, Time=96.6, Moves(7)=0.0, Pins(0)=0.0, Dist=222.0, Win Bonus=0.0
[2026-05-22 10:08:14] SCORE RL (red): Final=295.6, Time=93.6, Moves(7)=0.0, Pins(0)=0.0, Dist=202.0, Win Bonus=0.0
[2026-05-22 10:08:14] SCORE LosTurcos (blue): Final=318.8, Time=98.8, Moves(7)=0.0, Pins(0)=0.0, Dist=220.0, Win Bonus=0.0
[2026-05-22 10:08:14] ALL WRONG MOVES BY COLOUR: {'gray0': ['34 (turn timeout)']}
[2026-05-22 10:08:14] MOVE 45: LosTurcos (blue) 28->69 [0.00ms]
[2026-05-22 10:08:14] SCORE PCS (lawn green): Final=329.3, Time=97.3, Moves(8)=0.0, Pins(0)=0.0, Dist=232.0, Win Bonus=0.0
[2026-05-22 10:08:14] SCORE AlphaZeroClue (gray0): Final=319.3, Time=89.3, Moves(6)=0.0, Pins(0)=0.0, Dist=230.0, Win Bonus=0.0
[2026-05-22 10:08:14] SCORE Group7 (yellow): Final=344.7, Time=96.7, Moves(8)=0.0, Pins(0)=0.0, Dist=248.0, Win Bonus=0.0
[2026-05-22 10:08:14] SCORE Gruppe 2 (purple): Final=318.6, Time=96.6, Moves(7)=0.0, Pins(0)=0.0, Dist=222.0, Win Bonus=0.0
[2026-05-22 10:08:14] SCORE RL (red): Final=295.6, Time=93.6, Moves(7)=0.0, Pins(0)=0.0, Dist=202.0, Win Bonus=0.0
[2026-05-22 10:08:14] SCORE LosTurcos (blue): Final=326.6, Time=98.6, Moves(8)=0.0, Pins(0)=0.0, Dist=228.0, Win Bonus=0.0
[2026-05-22 10:08:14] ALL WRONG MOVES BY COLOUR: {'gray0': ['34 (turn timeout)']}
[2026-05-22 10:08:16] MOVE 46: AlphaZeroClue (gray0) 77->60 [0.00ms]
[2026-05-22 10:08:16] SCORE PCS (lawn green): Final=329.3, Time=97.3, Moves(8)=0.0, Pins(0)=0.0, Dist=232.0, Win Bonus=0.0
[2026-05-22 10:08:16] SCORE AlphaZeroClue (gray0): Final=325.5, Time=87.5, Moves(7)=0.0, Pins(0)=0.0, Dist=238.0, Win Bonus=0.0
[2026-05-22 10:08:16] SCORE Group7 (yellow): Final=344.7, Time=96.7, Moves(8)=0.0, Pins(0)=0.0, Dist=248.0, Win Bonus=0.0
[2026-05-22 10:08:16] SCORE Gruppe 2 (purple): Final=318.6, Time=96.6, Moves(7)=0.0, Pins(0)=0.0, Dist=222.0, Win Bonus=0.0
[2026-05-22 10:08:16] SCORE RL (red): Final=295.6, Time=93.6, Moves(7)=0.0, Pins(0)=0.0, Dist=202.0, Win Bonus=0.0
[2026-05-22 10:08:16] SCORE LosTurcos (blue): Final=326.6, Time=98.6, Moves(8)=0.0, Pins(0)=0.0, Dist=228.0, Win Bonus=0.0
[2026-05-22 10:08:16] ALL WRONG MOVES BY COLOUR: {'gray0': ['34 (turn timeout)']}
[2026-05-22 10:08:16] MOVE 47: Gruppe 2 (purple) 38->11 [0.00ms]
[2026-05-22 10:08:16] SCORE PCS (lawn green): Final=329.3, Time=97.3, Moves(8)=0.0, Pins(0)=0.0, Dist=232.0, Win Bonus=0.0
[2026-05-22 10:08:16] SCORE AlphaZeroClue (gray0): Final=325.5, Time=87.5, Moves(7)=0.0, Pins(0)=0.0, Dist=238.0, Win Bonus=0.0
[2026-05-22 10:08:16] SCORE Group7 (yellow): Final=344.7, Time=96.7, Moves(8)=0.0, Pins(0)=0.0, Dist=248.0, Win Bonus=0.0
[2026-05-22 10:08:16] SCORE Gruppe 2 (purple): Final=422.1, Time=96.1, Moves(8)=0.0, Pins(1)=100.0, Dist=226.0, Win Bonus=0.0
[2026-05-22 10:08:16] SCORE RL (red): Final=295.6, Time=93.6, Moves(7)=0.0, Pins(0)=0.0, Dist=202.0, Win Bonus=0.0
[2026-05-22 10:08:16] SCORE LosTurcos (blue): Final=326.6, Time=98.6, Moves(8)=0.0, Pins(0)=0.0, Dist=228.0, Win Bonus=0.0
[2026-05-22 10:08:16] ALL WRONG MOVES BY COLOUR: {'gray0': ['34 (turn timeout)']}
[2026-05-22 10:08:17] MOVE 48: RL (red) 67->65 [0.01ms]
[2026-05-22 10:08:17] SCORE PCS (lawn green): Final=329.3, Time=97.3, Moves(8)=0.0, Pins(0)=0.0, Dist=232.0, Win Bonus=0.0
[2026-05-22 10:08:17] SCORE AlphaZeroClue (gray0): Final=325.5, Time=87.5, Moves(7)=0.0, Pins(0)=0.0, Dist=238.0, Win Bonus=0.0
[2026-05-22 10:08:17] SCORE Group7 (yellow): Final=344.7, Time=96.7, Moves(8)=0.0, Pins(0)=0.0, Dist=248.0, Win Bonus=0.0
[2026-05-22 10:08:17] SCORE Gruppe 2 (purple): Final=422.1, Time=96.1, Moves(8)=0.0, Pins(1)=100.0, Dist=226.0, Win Bonus=0.0
[2026-05-22 10:08:17] SCORE RL (red): Final=294.7, Time=92.7, Moves(8)=0.0, Pins(0)=0.0, Dist=202.0, Win Bonus=0.0
[2026-05-22 10:08:17] SCORE LosTurcos (blue): Final=326.6, Time=98.6, Moves(8)=0.0, Pins(0)=0.0, Dist=228.0, Win Bonus=0.0
[2026-05-22 10:08:17] ALL WRONG MOVES BY COLOUR: {'gray0': ['34 (turn timeout)']}
[2026-05-22 10:08:17] MOVE 49: PCS (lawn green) 64->81 [0.00ms]
[2026-05-22 10:08:17] SCORE PCS (lawn green): Final=337.1, Time=97.1, Moves(9)=0.0, Pins(0)=0.0, Dist=240.0, Win Bonus=0.0
[2026-05-22 10:08:17] SCORE AlphaZeroClue (gray0): Final=325.5, Time=87.5, Moves(7)=0.0, Pins(0)=0.0, Dist=238.0, Win Bonus=0.0
[2026-05-22 10:08:17] SCORE Group7 (yellow): Final=344.7, Time=96.7, Moves(8)=0.0, Pins(0)=0.0, Dist=248.0, Win Bonus=0.0
[2026-05-22 10:08:17] SCORE Gruppe 2 (purple): Final=422.1, Time=96.1, Moves(8)=0.0, Pins(1)=100.0, Dist=226.0, Win Bonus=0.0
[2026-05-22 10:08:17] SCORE RL (red): Final=294.7, Time=92.7, Moves(8)=0.0, Pins(0)=0.0, Dist=202.0, Win Bonus=0.0
[2026-05-22 10:08:17] SCORE LosTurcos (blue): Final=326.6, Time=98.6, Moves(8)=0.0, Pins(0)=0.0, Dist=228.0, Win Bonus=0.0
[2026-05-22 10:08:17] ALL WRONG MOVES BY COLOUR: {'gray0': ['34 (turn timeout)']}
[2026-05-22 10:08:18] MOVE 50: Group7 (yellow) 89->93 [0.01ms]
[2026-05-22 10:08:18] SCORE PCS (lawn green): Final=337.1, Time=97.1, Moves(9)=0.0, Pins(0)=0.0, Dist=240.0, Win Bonus=0.0
[2026-05-22 10:08:18] SCORE AlphaZeroClue (gray0): Final=325.5, Time=87.5, Moves(7)=0.0, Pins(0)=0.0, Dist=238.0, Win Bonus=0.0
[2026-05-22 10:08:18] SCORE Group7 (yellow): Final=352.3, Time=96.3, Moves(9)=0.0, Pins(0)=0.0, Dist=256.0, Win Bonus=0.0
[2026-05-22 10:08:18] SCORE Gruppe 2 (purple): Final=422.1, Time=96.1, Moves(8)=0.0, Pins(1)=100.0, Dist=226.0, Win Bonus=0.0
[2026-05-22 10:08:18] SCORE RL (red): Final=294.7, Time=92.7, Moves(8)=0.0, Pins(0)=0.0, Dist=202.0, Win Bonus=0.0
[2026-05-22 10:08:18] SCORE LosTurcos (blue): Final=326.6, Time=98.6, Moves(8)=0.0, Pins(0)=0.0, Dist=228.0, Win Bonus=0.0
[2026-05-22 10:08:18] ALL WRONG MOVES BY COLOUR: {'gray0': ['34 (turn timeout)']}
[2026-05-22 10:08:18] MOVE 51: LosTurcos (blue) 59->82 [0.00ms]
[2026-05-22 10:08:18] SCORE PCS (lawn green): Final=337.1, Time=97.1, Moves(9)=0.0, Pins(0)=0.0, Dist=240.0, Win Bonus=0.0
[2026-05-22 10:08:18] SCORE AlphaZeroClue (gray0): Final=325.5, Time=87.5, Moves(7)=0.0, Pins(0)=0.0, Dist=238.0, Win Bonus=0.0
[2026-05-22 10:08:18] SCORE Group7 (yellow): Final=352.3, Time=96.3, Moves(9)=0.0, Pins(0)=0.0, Dist=256.0, Win Bonus=0.0
[2026-05-22 10:08:18] SCORE Gruppe 2 (purple): Final=422.1, Time=96.1, Moves(8)=0.0, Pins(1)=100.0, Dist=226.0, Win Bonus=0.0
[2026-05-22 10:08:18] SCORE RL (red): Final=294.7, Time=92.7, Moves(8)=0.0, Pins(0)=0.0, Dist=202.0, Win Bonus=0.0
[2026-05-22 10:08:18] SCORE LosTurcos (blue): Final=330.4, Time=98.4, Moves(9)=0.0, Pins(0)=0.0, Dist=232.0, Win Bonus=0.0
[2026-05-22 10:08:18] ALL WRONG MOVES BY COLOUR: {'gray0': ['34 (turn timeout)']}
[2026-05-22 10:08:20] MOVE 52: AlphaZeroClue (gray0) 99->87 [0.00ms]
[2026-05-22 10:08:20] SCORE PCS (lawn green): Final=337.1, Time=97.1, Moves(9)=0.0, Pins(0)=0.0, Dist=240.0, Win Bonus=0.0
[2026-05-22 10:08:20] SCORE AlphaZeroClue (gray0): Final=325.6, Time=85.6, Moves(8)=0.0, Pins(0)=0.0, Dist=240.0, Win Bonus=0.0
[2026-05-22 10:08:20] SCORE Group7 (yellow): Final=352.3, Time=96.3, Moves(9)=0.0, Pins(0)=0.0, Dist=256.0, Win Bonus=0.0
[2026-05-22 10:08:20] SCORE Gruppe 2 (purple): Final=422.1, Time=96.1, Moves(8)=0.0, Pins(1)=100.0, Dist=226.0, Win Bonus=0.0
[2026-05-22 10:08:20] SCORE RL (red): Final=294.7, Time=92.7, Moves(8)=0.0, Pins(0)=0.0, Dist=202.0, Win Bonus=0.0
[2026-05-22 10:08:20] SCORE LosTurcos (blue): Final=330.4, Time=98.4, Moves(9)=0.0, Pins(0)=0.0, Dist=232.0, Win Bonus=0.0
[2026-05-22 10:08:20] ALL WRONG MOVES BY COLOUR: {'gray0': ['34 (turn timeout)']}
[2026-05-22 10:08:20] MOVE 53: Gruppe 2 (purple) 85->62 [0.00ms]
[2026-05-22 10:08:20] SCORE PCS (lawn green): Final=337.1, Time=97.1, Moves(9)=0.0, Pins(0)=0.0, Dist=240.0, Win Bonus=0.0
[2026-05-22 10:08:20] SCORE AlphaZeroClue (gray0): Final=325.6, Time=85.6, Moves(8)=0.0, Pins(0)=0.0, Dist=240.0, Win Bonus=0.0
[2026-05-22 10:08:20] SCORE Group7 (yellow): Final=352.3, Time=96.3, Moves(9)=0.0, Pins(0)=0.0, Dist=256.0, Win Bonus=0.0
[2026-05-22 10:08:20] SCORE Gruppe 2 (purple): Final=429.9, Time=95.9, Moves(9)=0.0, Pins(1)=100.0, Dist=234.0, Win Bonus=0.0
[2026-05-22 10:08:20] SCORE RL (red): Final=294.7, Time=92.7, Moves(8)=0.0, Pins(0)=0.0, Dist=202.0, Win Bonus=0.0
[2026-05-22 10:08:20] SCORE LosTurcos (blue): Final=330.4, Time=98.4, Moves(9)=0.0, Pins(0)=0.0, Dist=232.0, Win Bonus=0.0
[2026-05-22 10:08:20] ALL WRONG MOVES BY COLOUR: {'gray0': ['34 (turn timeout)']}
[2026-05-22 10:08:21] MOVE 54: RL (red) 65->75 [0.00ms]
[2026-05-22 10:08:21] SCORE PCS (lawn green): Final=337.1, Time=97.1, Moves(9)=0.0, Pins(0)=0.0, Dist=240.0, Win Bonus=0.0
[2026-05-22 10:08:21] SCORE AlphaZeroClue (gray0): Final=325.6, Time=85.6, Moves(8)=0.0, Pins(0)=0.0, Dist=240.0, Win Bonus=0.0
[2026-05-22 10:08:21] SCORE Group7 (yellow): Final=352.3, Time=96.3, Moves(9)=0.0, Pins(0)=0.0, Dist=256.0, Win Bonus=0.0
[2026-05-22 10:08:21] SCORE Gruppe 2 (purple): Final=429.9, Time=95.9, Moves(9)=0.0, Pins(1)=100.0, Dist=234.0, Win Bonus=0.0
[2026-05-22 10:08:21] SCORE RL (red): Final=291.8, Time=91.8, Moves(9)=0.0, Pins(0)=0.0, Dist=200.0, Win Bonus=0.0
[2026-05-22 10:08:21] SCORE LosTurcos (blue): Final=330.4, Time=98.4, Moves(9)=0.0, Pins(0)=0.0, Dist=232.0, Win Bonus=0.0
[2026-05-22 10:08:21] ALL WRONG MOVES BY COLOUR: {'gray0': ['34 (turn timeout)']}
[2026-05-22 10:08:21] MOVE 55: PCS (lawn green) 42->59 [0.01ms]
[2026-05-22 10:08:21] SCORE PCS (lawn green): Final=344.8, Time=96.8, Moves(10)=0.0, Pins(0)=0.0, Dist=248.0, Win Bonus=0.0
[2026-05-22 10:08:21] SCORE AlphaZeroClue (gray0): Final=325.6, Time=85.6, Moves(8)=0.0, Pins(0)=0.0, Dist=240.0, Win Bonus=0.0
[2026-05-22 10:08:21] SCORE Group7 (yellow): Final=352.3, Time=96.3, Moves(9)=0.0, Pins(0)=0.0, Dist=256.0, Win Bonus=0.0
[2026-05-22 10:08:21] SCORE Gruppe 2 (purple): Final=429.9, Time=95.9, Moves(9)=0.0, Pins(1)=100.0, Dist=234.0, Win Bonus=0.0
[2026-05-22 10:08:21] SCORE RL (red): Final=291.8, Time=91.8, Moves(9)=0.0, Pins(0)=0.0, Dist=200.0, Win Bonus=0.0
[2026-05-22 10:08:21] SCORE LosTurcos (blue): Final=330.4, Time=98.4, Moves(9)=0.0, Pins(0)=0.0, Dist=232.0, Win Bonus=0.0
[2026-05-22 10:08:21] ALL WRONG MOVES BY COLOUR: {'gray0': ['34 (turn timeout)']}
[2026-05-22 10:08:21] MOVE 56: Group7 (yellow) 13->44 [0.00ms]
[2026-05-22 10:08:21] SCORE PCS (lawn green): Final=344.8, Time=96.8, Moves(10)=0.0, Pins(0)=0.0, Dist=248.0, Win Bonus=0.0
[2026-05-22 10:08:21] SCORE AlphaZeroClue (gray0): Final=325.6, Time=85.6, Moves(8)=0.0, Pins(0)=0.0, Dist=240.0, Win Bonus=0.0
[2026-05-22 10:08:21] SCORE Group7 (yellow): Final=365.8, Time=95.8, Moves(10)=0.0, Pins(0)=0.0, Dist=270.0, Win Bonus=0.0
[2026-05-22 10:08:21] SCORE Gruppe 2 (purple): Final=429.9, Time=95.9, Moves(9)=0.0, Pins(1)=100.0, Dist=234.0, Win Bonus=0.0
[2026-05-22 10:08:22] SCORE RL (red): Final=291.8, Time=91.8, Moves(9)=0.0, Pins(0)=0.0, Dist=200.0, Win Bonus=0.0
[2026-05-22 10:08:22] SCORE LosTurcos (blue): Final=330.4, Time=98.4, Moves(9)=0.0, Pins(0)=0.0, Dist=232.0, Win Bonus=0.0
[2026-05-22 10:08:22] ALL WRONG MOVES BY COLOUR: {'gray0': ['34 (turn timeout)']}
[2026-05-22 10:08:22] MOVE 57: LosTurcos (blue) 69->79 [0.00ms]
[2026-05-22 10:08:22] SCORE PCS (lawn green): Final=344.8, Time=96.8, Moves(10)=0.0, Pins(0)=0.0, Dist=248.0, Win Bonus=0.0
[2026-05-22 10:08:22] SCORE AlphaZeroClue (gray0): Final=325.6, Time=85.6, Moves(8)=0.0, Pins(0)=0.0, Dist=240.0, Win Bonus=0.0
[2026-05-22 10:08:22] SCORE Group7 (yellow): Final=365.8, Time=95.8, Moves(10)=0.0, Pins(0)=0.0, Dist=270.0, Win Bonus=0.0
[2026-05-22 10:08:22] SCORE Gruppe 2 (purple): Final=429.9, Time=95.9, Moves(9)=0.0, Pins(1)=100.0, Dist=234.0, Win Bonus=0.0
[2026-05-22 10:08:22] SCORE RL (red): Final=291.8, Time=91.8, Moves(9)=0.0, Pins(0)=0.0, Dist=200.0, Win Bonus=0.0
[2026-05-22 10:08:22] SCORE LosTurcos (blue): Final=332.3, Time=98.3, Moves(10)=0.0, Pins(0)=0.0, Dist=234.0, Win Bonus=0.0
[2026-05-22 10:08:22] ALL WRONG MOVES BY COLOUR: {'gray0': ['34 (turn timeout)']}
[2026-05-22 10:08:23] MOVE 58: AlphaZeroClue (gray0) 87->48 [0.00ms]
[2026-05-22 10:08:23] SCORE PCS (lawn green): Final=344.8, Time=96.8, Moves(10)=0.0, Pins(0)=0.0, Dist=248.0, Win Bonus=0.0
[2026-05-22 10:08:23] SCORE AlphaZeroClue (gray0): Final=331.8, Time=83.8, Moves(9)=0.0, Pins(0)=0.0, Dist=248.0, Win Bonus=0.0
[2026-05-22 10:08:23] SCORE Group7 (yellow): Final=365.8, Time=95.8, Moves(10)=0.0, Pins(0)=0.0, Dist=270.0, Win Bonus=0.0
[2026-05-22 10:08:23] SCORE Gruppe 2 (purple): Final=429.9, Time=95.9, Moves(9)=0.0, Pins(1)=100.0, Dist=234.0, Win Bonus=0.0
[2026-05-22 10:08:23] SCORE RL (red): Final=291.8, Time=91.8, Moves(9)=0.0, Pins(0)=0.0, Dist=200.0, Win Bonus=0.0
[2026-05-22 10:08:23] SCORE LosTurcos (blue): Final=332.3, Time=98.3, Moves(10)=0.0, Pins(0)=0.0, Dist=234.0, Win Bonus=0.0
[2026-05-22 10:08:23] ALL WRONG MOVES BY COLOUR: {'gray0': ['34 (turn timeout)']}
[2026-05-22 10:08:24] MOVE 59: Gruppe 2 (purple) 63->61 [0.00ms]
[2026-05-22 10:08:24] SCORE PCS (lawn green): Final=344.8, Time=96.8, Moves(10)=0.0, Pins(0)=0.0, Dist=248.0, Win Bonus=0.0
[2026-05-22 10:08:24] SCORE AlphaZeroClue (gray0): Final=331.8, Time=83.8, Moves(9)=0.0, Pins(0)=0.0, Dist=248.0, Win Bonus=0.0
[2026-05-22 10:08:24] SCORE Group7 (yellow): Final=365.8, Time=95.8, Moves(10)=0.0, Pins(0)=0.0, Dist=270.0, Win Bonus=0.0
[2026-05-22 10:08:24] SCORE Gruppe 2 (purple): Final=433.6, Time=95.6, Moves(10)=0.0, Pins(1)=100.0, Dist=238.0, Win Bonus=0.0
[2026-05-22 10:08:24] SCORE RL (red): Final=291.8, Time=91.8, Moves(9)=0.0, Pins(0)=0.0, Dist=200.0, Win Bonus=0.0
[2026-05-22 10:08:24] SCORE LosTurcos (blue): Final=332.3, Time=98.3, Moves(10)=0.0, Pins(0)=0.0, Dist=234.0, Win Bonus=0.0
[2026-05-22 10:08:24] ALL WRONG MOVES BY COLOUR: {'gray0': ['34 (turn timeout)']}
[2026-05-22 10:08:25] MOVE 60: RL (red) 75->65 [0.01ms]
[2026-05-22 10:08:25] SCORE PCS (lawn green): Final=344.8, Time=96.8, Moves(10)=0.0, Pins(0)=0.0, Dist=248.0, Win Bonus=0.0
[2026-05-22 10:08:25] SCORE AlphaZeroClue (gray0): Final=331.8, Time=83.8, Moves(9)=0.0, Pins(0)=0.0, Dist=248.0, Win Bonus=0.0
[2026-05-22 10:08:25] SCORE Group7 (yellow): Final=365.8, Time=95.8, Moves(10)=0.0, Pins(0)=0.0, Dist=270.0, Win Bonus=0.0
[2026-05-22 10:08:25] SCORE Gruppe 2 (purple): Final=433.6, Time=95.6, Moves(10)=0.0, Pins(1)=100.0, Dist=238.0, Win Bonus=0.0
[2026-05-22 10:08:25] SCORE RL (red): Final=293.0, Time=91.0, Moves(10)=0.0, Pins(0)=0.0, Dist=202.0, Win Bonus=0.0
[2026-05-22 10:08:25] SCORE LosTurcos (blue): Final=332.3, Time=98.3, Moves(10)=0.0, Pins(0)=0.0, Dist=234.0, Win Bonus=0.0
[2026-05-22 10:08:25] ALL WRONG MOVES BY COLOUR: {'gray0': ['34 (turn timeout)']}
[2026-05-22 10:08:25] MOVE 61: PCS (lawn green) 32->53 [0.00ms]
[2026-05-22 10:08:25] SCORE PCS (lawn green): Final=348.6, Time=96.6, Moves(11)=0.0, Pins(0)=0.0, Dist=252.0, Win Bonus=0.0
[2026-05-22 10:08:25] SCORE AlphaZeroClue (gray0): Final=331.8, Time=83.8, Moves(9)=0.0, Pins(0)=0.0, Dist=248.0, Win Bonus=0.0
[2026-05-22 10:08:25] SCORE Group7 (yellow): Final=365.8, Time=95.8, Moves(10)=0.0, Pins(0)=0.0, Dist=270.0, Win Bonus=0.0
[2026-05-22 10:08:25] SCORE Gruppe 2 (purple): Final=433.6, Time=95.6, Moves(10)=0.0, Pins(1)=100.0, Dist=238.0, Win Bonus=0.0
[2026-05-22 10:08:25] SCORE RL (red): Final=293.0, Time=91.0, Moves(10)=0.0, Pins(0)=0.0, Dist=202.0, Win Bonus=0.0
[2026-05-22 10:08:25] SCORE LosTurcos (blue): Final=332.3, Time=98.3, Moves(10)=0.0, Pins(0)=0.0, Dist=234.0, Win Bonus=0.0
[2026-05-22 10:08:25] ALL WRONG MOVES BY COLOUR: {'gray0': ['34 (turn timeout)']}
[2026-05-22 10:08:25] MOVE 62: Group7 (yellow) 17->63 [0.00ms]
[2026-05-22 10:08:25] SCORE PCS (lawn green): Final=348.6, Time=96.6, Moves(11)=0.0, Pins(0)=0.0, Dist=252.0, Win Bonus=0.0
[2026-05-22 10:08:25] SCORE AlphaZeroClue (gray0): Final=331.8, Time=83.8, Moves(9)=0.0, Pins(0)=0.0, Dist=248.0, Win Bonus=0.0
[2026-05-22 10:08:25] SCORE Group7 (yellow): Final=373.4, Time=95.4, Moves(11)=0.0, Pins(0)=0.0, Dist=278.0, Win Bonus=0.0
[2026-05-22 10:08:25] SCORE Gruppe 2 (purple): Final=433.6, Time=95.6, Moves(10)=0.0, Pins(1)=100.0, Dist=238.0, Win Bonus=0.0
[2026-05-22 10:08:25] SCORE RL (red): Final=293.0, Time=91.0, Moves(10)=0.0, Pins(0)=0.0, Dist=202.0, Win Bonus=0.0
[2026-05-22 10:08:25] SCORE LosTurcos (blue): Final=332.3, Time=98.3, Moves(10)=0.0, Pins(0)=0.0, Dist=234.0, Win Bonus=0.0
[2026-05-22 10:08:25] ALL WRONG MOVES BY COLOUR: {'gray0': ['34 (turn timeout)']}
[2026-05-22 10:08:26] MOVE 63: LosTurcos (blue) 30->90 [0.00ms]
[2026-05-22 10:08:26] SCORE PCS (lawn green): Final=348.6, Time=96.6, Moves(11)=0.0, Pins(0)=0.0, Dist=252.0, Win Bonus=0.0
[2026-05-22 10:08:26] SCORE AlphaZeroClue (gray0): Final=331.8, Time=83.8, Moves(9)=0.0, Pins(0)=0.0, Dist=248.0, Win Bonus=0.0
[2026-05-22 10:08:26] SCORE Group7 (yellow): Final=373.4, Time=95.4, Moves(11)=0.0, Pins(0)=0.0, Dist=278.0, Win Bonus=0.0
[2026-05-22 10:08:26] SCORE Gruppe 2 (purple): Final=433.6, Time=95.6, Moves(10)=0.0, Pins(1)=100.0, Dist=238.0, Win Bonus=0.0
[2026-05-22 10:08:26] SCORE RL (red): Final=293.0, Time=91.0, Moves(10)=0.0, Pins(0)=0.0, Dist=202.0, Win Bonus=0.0
[2026-05-22 10:08:26] SCORE LosTurcos (blue): Final=344.0, Time=98.0, Moves(11)=0.0, Pins(0)=0.0, Dist=246.0, Win Bonus=0.0
[2026-05-22 10:08:26] ALL WRONG MOVES BY COLOUR: {'gray0': ['34 (turn timeout)']}
[2026-05-22 10:08:27] MOVE 64: AlphaZeroClue (gray0) 47->30 [0.00ms]
[2026-05-22 10:08:27] SCORE PCS (lawn green): Final=348.6, Time=96.6, Moves(11)=0.0, Pins(0)=0.0, Dist=252.0, Win Bonus=0.0
[2026-05-22 10:08:27] SCORE AlphaZeroClue (gray0): Final=342.0, Time=82.0, Moves(10)=0.0, Pins(0)=0.0, Dist=260.0, Win Bonus=0.0
[2026-05-22 10:08:27] SCORE Group7 (yellow): Final=373.4, Time=95.4, Moves(11)=0.0, Pins(0)=0.0, Dist=278.0, Win Bonus=0.0
[2026-05-22 10:08:27] SCORE Gruppe 2 (purple): Final=433.6, Time=95.6, Moves(10)=0.0, Pins(1)=100.0, Dist=238.0, Win Bonus=0.0
[2026-05-22 10:08:27] SCORE RL (red): Final=293.0, Time=91.0, Moves(10)=0.0, Pins(0)=0.0, Dist=202.0, Win Bonus=0.0
[2026-05-22 10:08:27] SCORE LosTurcos (blue): Final=344.0, Time=98.0, Moves(11)=0.0, Pins(0)=0.0, Dist=246.0, Win Bonus=0.0
[2026-05-22 10:08:27] ALL WRONG MOVES BY COLOUR: {'gray0': ['34 (turn timeout)']}
[2026-05-22 10:08:28] MOVE 65: Gruppe 2 (purple) 33->70 [0.00ms]
[2026-05-22 10:08:28] SCORE PCS (lawn green): Final=348.6, Time=96.6, Moves(11)=0.0, Pins(0)=0.0, Dist=252.0, Win Bonus=0.0
[2026-05-22 10:08:28] SCORE AlphaZeroClue (gray0): Final=342.0, Time=82.0, Moves(10)=0.0, Pins(0)=0.0, Dist=260.0, Win Bonus=0.0
[2026-05-22 10:08:28] SCORE Group7 (yellow): Final=373.4, Time=95.4, Moves(11)=0.0, Pins(0)=0.0, Dist=278.0, Win Bonus=0.0
[2026-05-22 10:08:28] SCORE Gruppe 2 (purple): Final=437.3, Time=95.3, Moves(11)=0.0, Pins(1)=100.0, Dist=242.0, Win Bonus=0.0
[2026-05-22 10:08:28] SCORE RL (red): Final=293.0, Time=91.0, Moves(10)=0.0, Pins(0)=0.0, Dist=202.0, Win Bonus=0.0
[2026-05-22 10:08:28] SCORE LosTurcos (blue): Final=344.0, Time=98.0, Moves(11)=0.0, Pins(0)=0.0, Dist=246.0, Win Bonus=0.0
[2026-05-22 10:08:28] ALL WRONG MOVES BY COLOUR: {'gray0': ['34 (turn timeout)']}
[2026-05-22 10:08:29] MOVE 66: RL (red) 65->75 [0.00ms]
[2026-05-22 10:08:29] SCORE PCS (lawn green): Final=348.6, Time=96.6, Moves(11)=0.0, Pins(0)=0.0, Dist=252.0, Win Bonus=0.0
[2026-05-22 10:08:29] SCORE AlphaZeroClue (gray0): Final=342.0, Time=82.0, Moves(10)=0.0, Pins(0)=0.0, Dist=260.0, Win Bonus=0.0
[2026-05-22 10:08:29] SCORE Group7 (yellow): Final=373.4, Time=95.4, Moves(11)=0.0, Pins(0)=0.0, Dist=278.0, Win Bonus=0.0
[2026-05-22 10:08:29] SCORE Gruppe 2 (purple): Final=437.3, Time=95.3, Moves(11)=0.0, Pins(1)=100.0, Dist=242.0, Win Bonus=0.0
[2026-05-22 10:08:29] SCORE RL (red): Final=290.1, Time=90.1, Moves(11)=0.0, Pins(0)=0.0, Dist=200.0, Win Bonus=0.0
[2026-05-22 10:08:29] SCORE LosTurcos (blue): Final=344.0, Time=98.0, Moves(11)=0.0, Pins(0)=0.0, Dist=246.0, Win Bonus=0.0
[2026-05-22 10:08:29] ALL WRONG MOVES BY COLOUR: {'gray0': ['34 (turn timeout)']}
[2026-05-22 10:08:29] MOVE 67: PCS (lawn green) 71->86 [0.00ms]
[2026-05-22 10:08:29] SCORE PCS (lawn green): Final=460.5, Time=96.5, Moves(12)=0.0, Pins(1)=100.0, Dist=264.0, Win Bonus=0.0
[2026-05-22 10:08:29] SCORE AlphaZeroClue (gray0): Final=342.0, Time=82.0, Moves(10)=0.0, Pins(0)=0.0, Dist=260.0, Win Bonus=0.0
[2026-05-22 10:08:29] SCORE Group7 (yellow): Final=373.4, Time=95.4, Moves(11)=0.0, Pins(0)=0.0, Dist=278.0, Win Bonus=0.0
[2026-05-22 10:08:29] SCORE Gruppe 2 (purple): Final=437.3, Time=95.3, Moves(11)=0.0, Pins(1)=100.0, Dist=242.0, Win Bonus=0.0
[2026-05-22 10:08:29] SCORE RL (red): Final=290.1, Time=90.1, Moves(11)=0.0, Pins(0)=0.0, Dist=200.0, Win Bonus=0.0
[2026-05-22 10:08:29] SCORE LosTurcos (blue): Final=344.0, Time=98.0, Moves(11)=0.0, Pins(0)=0.0, Dist=246.0, Win Bonus=0.0
[2026-05-22 10:08:29] ALL WRONG MOVES BY COLOUR: {'gray0': ['34 (turn timeout)']}
[2026-05-22 10:08:29] MOVE 68: Group7 (yellow) 78->80 [0.01ms]
[2026-05-22 10:08:29] SCORE PCS (lawn green): Final=460.5, Time=96.5, Moves(12)=0.0, Pins(1)=100.0, Dist=264.0, Win Bonus=0.0
[2026-05-22 10:08:29] SCORE AlphaZeroClue (gray0): Final=342.0, Time=82.0, Moves(10)=0.0, Pins(0)=0.0, Dist=260.0, Win Bonus=0.0
[2026-05-22 10:08:29] SCORE Group7 (yellow): Final=377.0, Time=95.0, Moves(12)=0.0, Pins(0)=0.0, Dist=282.0, Win Bonus=0.0
[2026-05-22 10:08:29] SCORE Gruppe 2 (purple): Final=437.3, Time=95.3, Moves(11)=0.0, Pins(1)=100.0, Dist=242.0, Win Bonus=0.0
[2026-05-22 10:08:29] SCORE RL (red): Final=290.1, Time=90.1, Moves(11)=0.0, Pins(0)=0.0, Dist=200.0, Win Bonus=0.0
[2026-05-22 10:08:29] SCORE LosTurcos (blue): Final=344.0, Time=98.0, Moves(11)=0.0, Pins(0)=0.0, Dist=246.0, Win Bonus=0.0
[2026-05-22 10:08:29] ALL WRONG MOVES BY COLOUR: {'gray0': ['34 (turn timeout)']}
[2026-05-22 10:08:29] MOVE 69: LosTurcos (blue) 90->103 [0.00ms]
[2026-05-22 10:08:29] SCORE PCS (lawn green): Final=460.5, Time=96.5, Moves(12)=0.0, Pins(1)=100.0, Dist=264.0, Win Bonus=0.0
[2026-05-22 10:08:29] SCORE AlphaZeroClue (gray0): Final=342.0, Time=82.0, Moves(10)=0.0, Pins(0)=0.0, Dist=260.0, Win Bonus=0.0
[2026-05-22 10:08:29] SCORE Group7 (yellow): Final=377.0, Time=95.0, Moves(12)=0.0, Pins(0)=0.0, Dist=282.0, Win Bonus=0.0
[2026-05-22 10:08:29] SCORE Gruppe 2 (purple): Final=437.3, Time=95.3, Moves(11)=0.0, Pins(1)=100.0, Dist=242.0, Win Bonus=0.0
[2026-05-22 10:08:29] SCORE RL (red): Final=290.1, Time=90.1, Moves(11)=0.0, Pins(0)=0.0, Dist=200.0, Win Bonus=0.0
[2026-05-22 10:08:29] SCORE LosTurcos (blue): Final=345.8, Time=97.8, Moves(12)=0.0, Pins(0)=0.0, Dist=248.0, Win Bonus=0.0
[2026-05-22 10:08:29] ALL WRONG MOVES BY COLOUR: {'gray0': ['34 (turn timeout)']}
[2026-05-22 10:08:31] MOVE 70: AlphaZeroClue (gray0) 100->102 [0.00ms]
[2026-05-22 10:08:31] SCORE PCS (lawn green): Final=460.5, Time=96.5, Moves(12)=0.0, Pins(1)=100.0, Dist=264.0, Win Bonus=0.0
[2026-05-22 10:08:31] SCORE AlphaZeroClue (gray0): Final=344.3, Time=80.3, Moves(11)=0.0, Pins(0)=0.0, Dist=264.0, Win Bonus=0.0
[2026-05-22 10:08:31] SCORE Group7 (yellow): Final=377.0, Time=95.0, Moves(12)=0.0, Pins(0)=0.0, Dist=282.0, Win Bonus=0.0
[2026-05-22 10:08:31] SCORE Gruppe 2 (purple): Final=437.3, Time=95.3, Moves(11)=0.0, Pins(1)=100.0, Dist=242.0, Win Bonus=0.0
[2026-05-22 10:08:31] SCORE RL (red): Final=290.1, Time=90.1, Moves(11)=0.0, Pins(0)=0.0, Dist=200.0, Win Bonus=0.0
[2026-05-22 10:08:31] SCORE LosTurcos (blue): Final=345.8, Time=97.8, Moves(12)=0.0, Pins(0)=0.0, Dist=248.0, Win Bonus=0.0
[2026-05-22 10:08:31] ALL WRONG MOVES BY COLOUR: {'gray0': ['34 (turn timeout)']}
[2026-05-22 10:08:31] MOVE 71: Gruppe 2 (purple) 70->68 [0.00ms]
[2026-05-22 10:08:31] SCORE PCS (lawn green): Final=460.5, Time=96.5, Moves(12)=0.0, Pins(1)=100.0, Dist=264.0, Win Bonus=0.0
[2026-05-22 10:08:31] SCORE AlphaZeroClue (gray0): Final=344.3, Time=80.3, Moves(11)=0.0, Pins(0)=0.0, Dist=264.0, Win Bonus=0.0
[2026-05-22 10:08:31] SCORE Group7 (yellow): Final=377.0, Time=95.0, Moves(12)=0.0, Pins(0)=0.0, Dist=282.0, Win Bonus=0.0
[2026-05-22 10:08:31] SCORE Gruppe 2 (purple): Final=440.7, Time=94.7, Moves(12)=0.0, Pins(1)=100.0, Dist=246.0, Win Bonus=0.0
[2026-05-22 10:08:31] SCORE RL (red): Final=290.1, Time=90.1, Moves(11)=0.0, Pins(0)=0.0, Dist=200.0, Win Bonus=0.0
[2026-05-22 10:08:31] SCORE LosTurcos (blue): Final=345.8, Time=97.8, Moves(12)=0.0, Pins(0)=0.0, Dist=248.0, Win Bonus=0.0
[2026-05-22 10:08:31] ALL WRONG MOVES BY COLOUR: {'gray0': ['34 (turn timeout)']}
[2026-05-22 10:08:32] MOVE 72: RL (red) 114->47 [0.00ms]
[2026-05-22 10:08:32] SCORE PCS (lawn green): Final=460.5, Time=96.5, Moves(12)=0.0, Pins(1)=100.0, Dist=264.0, Win Bonus=0.0
[2026-05-22 10:08:32] SCORE AlphaZeroClue (gray0): Final=344.3, Time=80.3, Moves(11)=0.0, Pins(0)=0.0, Dist=264.0, Win Bonus=0.0
[2026-05-22 10:08:32] SCORE Group7 (yellow): Final=377.0, Time=95.0, Moves(12)=0.0, Pins(0)=0.0, Dist=282.0, Win Bonus=0.0
[2026-05-22 10:08:32] SCORE Gruppe 2 (purple): Final=440.7, Time=94.7, Moves(12)=0.0, Pins(1)=100.0, Dist=246.0, Win Bonus=0.0
[2026-05-22 10:08:32] SCORE RL (red): Final=301.2, Time=89.2, Moves(12)=0.0, Pins(0)=0.0, Dist=212.0, Win Bonus=0.0
[2026-05-22 10:08:32] SCORE LosTurcos (blue): Final=345.8, Time=97.8, Moves(12)=0.0, Pins(0)=0.0, Dist=248.0, Win Bonus=0.0
[2026-05-22 10:08:32] ALL WRONG MOVES BY COLOUR: {'gray0': ['34 (turn timeout)']}
[2026-05-22 10:08:33] MOVE 73: PCS (lawn green) 86->88 [0.00ms]
[2026-05-22 10:08:33] SCORE PCS (lawn green): Final=460.0, Time=96.0, Moves(13)=0.0, Pins(1)=100.0, Dist=264.0, Win Bonus=0.0
[2026-05-22 10:08:33] SCORE AlphaZeroClue (gray0): Final=344.3, Time=80.3, Moves(11)=0.0, Pins(0)=0.0, Dist=264.0, Win Bonus=0.0
[2026-05-22 10:08:33] SCORE Group7 (yellow): Final=377.0, Time=95.0, Moves(12)=0.0, Pins(0)=0.0, Dist=282.0, Win Bonus=0.0
[2026-05-22 10:08:33] SCORE Gruppe 2 (purple): Final=440.7, Time=94.7, Moves(12)=0.0, Pins(1)=100.0, Dist=246.0, Win Bonus=0.0
[2026-05-22 10:08:33] SCORE RL (red): Final=301.2, Time=89.2, Moves(12)=0.0, Pins(0)=0.0, Dist=212.0, Win Bonus=0.0
[2026-05-22 10:08:33] SCORE LosTurcos (blue): Final=345.8, Time=97.8, Moves(12)=0.0, Pins(0)=0.0, Dist=248.0, Win Bonus=0.0
[2026-05-22 10:08:33] ALL WRONG MOVES BY COLOUR: {'gray0': ['34 (turn timeout)']}
[2026-05-22 10:08:33] MOVE 74: Group7 (yellow) 37->58 [0.00ms]
[2026-05-22 10:08:33] SCORE PCS (lawn green): Final=460.0, Time=96.0, Moves(13)=0.0, Pins(1)=100.0, Dist=264.0, Win Bonus=0.0
[2026-05-22 10:08:33] SCORE AlphaZeroClue (gray0): Final=344.3, Time=80.3, Moves(11)=0.0, Pins(0)=0.0, Dist=264.0, Win Bonus=0.0
[2026-05-22 10:08:33] SCORE Group7 (yellow): Final=380.6, Time=94.6, Moves(13)=0.0, Pins(0)=0.0, Dist=286.0, Win Bonus=0.0
[2026-05-22 10:08:33] SCORE Gruppe 2 (purple): Final=440.7, Time=94.7, Moves(12)=0.0, Pins(1)=100.0, Dist=246.0, Win Bonus=0.0
[2026-05-22 10:08:33] SCORE RL (red): Final=301.2, Time=89.2, Moves(12)=0.0, Pins(0)=0.0, Dist=212.0, Win Bonus=0.0
[2026-05-22 10:08:33] SCORE LosTurcos (blue): Final=345.8, Time=97.8, Moves(12)=0.0, Pins(0)=0.0, Dist=248.0, Win Bonus=0.0
[2026-05-22 10:08:33] ALL WRONG MOVES BY COLOUR: {'gray0': ['34 (turn timeout)']}
[2026-05-22 10:08:33] MOVE 75: LosTurcos (blue) 103->116 [0.00ms]
[2026-05-22 10:08:33] SCORE PCS (lawn green): Final=460.0, Time=96.0, Moves(13)=0.0, Pins(1)=100.0, Dist=264.0, Win Bonus=0.0
[2026-05-22 10:08:33] SCORE AlphaZeroClue (gray0): Final=344.3, Time=80.3, Moves(11)=0.0, Pins(0)=0.0, Dist=264.0, Win Bonus=0.0
[2026-05-22 10:08:34] SCORE Group7 (yellow): Final=380.6, Time=94.6, Moves(13)=0.0, Pins(0)=0.0, Dist=286.0, Win Bonus=0.0
[2026-05-22 10:08:34] SCORE Gruppe 2 (purple): Final=440.7, Time=94.7, Moves(12)=0.0, Pins(1)=100.0, Dist=246.0, Win Bonus=0.0
[2026-05-22 10:08:34] SCORE RL (red): Final=301.2, Time=89.2, Moves(12)=0.0, Pins(0)=0.0, Dist=212.0, Win Bonus=0.0
[2026-05-22 10:08:34] SCORE LosTurcos (blue): Final=447.6, Time=97.6, Moves(13)=0.0, Pins(1)=100.0, Dist=250.0, Win Bonus=0.0
[2026-05-22 10:08:34] ALL WRONG MOVES BY COLOUR: {'gray0': ['34 (turn timeout)']}
[2026-05-22 10:08:35] MOVE 76: AlphaZeroClue (gray0) 50->33 [0.00ms]
[2026-05-22 10:08:35] SCORE PCS (lawn green): Final=460.0, Time=96.0, Moves(13)=0.0, Pins(1)=100.0, Dist=264.0, Win Bonus=0.0
[2026-05-22 10:08:35] SCORE AlphaZeroClue (gray0): Final=452.4, Time=78.4, Moves(12)=0.0, Pins(1)=100.0, Dist=274.0, Win Bonus=0.0
[2026-05-22 10:08:35] SCORE Group7 (yellow): Final=380.6, Time=94.6, Moves(13)=0.0, Pins(0)=0.0, Dist=286.0, Win Bonus=0.0
[2026-05-22 10:08:35] SCORE Gruppe 2 (purple): Final=440.7, Time=94.7, Moves(12)=0.0, Pins(1)=100.0, Dist=246.0, Win Bonus=0.0
[2026-05-22 10:08:35] SCORE RL (red): Final=301.2, Time=89.2, Moves(12)=0.0, Pins(0)=0.0, Dist=212.0, Win Bonus=0.0
[2026-05-22 10:08:35] SCORE LosTurcos (blue): Final=447.6, Time=97.6, Moves(13)=0.0, Pins(1)=100.0, Dist=250.0, Win Bonus=0.0
[2026-05-22 10:08:35] ALL WRONG MOVES BY COLOUR: {'gray0': ['34 (turn timeout)']}
[2026-05-22 10:08:35] MOVE 77: Gruppe 2 (purple) 29->27 [0.00ms]
[2026-05-22 10:08:35] SCORE PCS (lawn green): Final=460.0, Time=96.0, Moves(13)=0.0, Pins(1)=100.0, Dist=264.0, Win Bonus=0.0
[2026-05-22 10:08:35] SCORE AlphaZeroClue (gray0): Final=452.4, Time=78.4, Moves(12)=0.0, Pins(1)=100.0, Dist=274.0, Win Bonus=0.0
[2026-05-22 10:08:35] SCORE Group7 (yellow): Final=380.6, Time=94.6, Moves(13)=0.0, Pins(0)=0.0, Dist=286.0, Win Bonus=0.0
[2026-05-22 10:08:35] SCORE Gruppe 2 (purple): Final=444.6, Time=94.6, Moves(13)=0.0, Pins(1)=100.0, Dist=250.0, Win Bonus=0.0
[2026-05-22 10:08:35] SCORE RL (red): Final=301.2, Time=89.2, Moves(12)=0.0, Pins(0)=0.0, Dist=212.0, Win Bonus=0.0
[2026-05-22 10:08:35] SCORE LosTurcos (blue): Final=447.6, Time=97.6, Moves(13)=0.0, Pins(1)=100.0, Dist=250.0, Win Bonus=0.0
[2026-05-22 10:08:35] ALL WRONG MOVES BY COLOUR: {'gray0': ['34 (turn timeout)']}
[2026-05-22 10:08:36] MOVE 78: RL (red) 119->28 [0.01ms]
[2026-05-22 10:08:36] SCORE PCS (lawn green): Final=460.0, Time=96.0, Moves(13)=0.0, Pins(1)=100.0, Dist=264.0, Win Bonus=0.0
[2026-05-22 10:08:36] SCORE AlphaZeroClue (gray0): Final=452.4, Time=78.4, Moves(12)=0.0, Pins(1)=100.0, Dist=274.0, Win Bonus=0.0
[2026-05-22 10:08:36] SCORE Group7 (yellow): Final=380.6, Time=94.6, Moves(13)=0.0, Pins(0)=0.0, Dist=286.0, Win Bonus=0.0
[2026-05-22 10:08:36] SCORE Gruppe 2 (purple): Final=444.6, Time=94.6, Moves(13)=0.0, Pins(1)=100.0, Dist=250.0, Win Bonus=0.0
[2026-05-22 10:08:36] SCORE RL (red): Final=320.2, Time=88.2, Moves(13)=0.0, Pins(0)=0.0, Dist=232.0, Win Bonus=0.0
[2026-05-22 10:08:36] SCORE LosTurcos (blue): Final=447.6, Time=97.6, Moves(13)=0.0, Pins(1)=100.0, Dist=250.0, Win Bonus=0.0
[2026-05-22 10:08:36] ALL WRONG MOVES BY COLOUR: {'gray0': ['34 (turn timeout)']}
[2026-05-22 10:08:37] MOVE 79: PCS (lawn green) 53->67 [0.00ms]
[2026-05-22 10:08:37] SCORE PCS (lawn green): Final=471.7, Time=95.7, Moves(14)=0.0, Pins(1)=100.0, Dist=276.0, Win Bonus=0.0
[2026-05-22 10:08:37] SCORE AlphaZeroClue (gray0): Final=452.4, Time=78.4, Moves(12)=0.0, Pins(1)=100.0, Dist=274.0, Win Bonus=0.0
[2026-05-22 10:08:37] SCORE Group7 (yellow): Final=380.6, Time=94.6, Moves(13)=0.0, Pins(0)=0.0, Dist=286.0, Win Bonus=0.0
[2026-05-22 10:08:37] SCORE Gruppe 2 (purple): Final=444.6, Time=94.6, Moves(13)=0.0, Pins(1)=100.0, Dist=250.0, Win Bonus=0.0
[2026-05-22 10:08:37] SCORE RL (red): Final=320.2, Time=88.2, Moves(13)=0.0, Pins(0)=0.0, Dist=232.0, Win Bonus=0.0
[2026-05-22 10:08:37] SCORE LosTurcos (blue): Final=447.6, Time=97.6, Moves(13)=0.0, Pins(1)=100.0, Dist=250.0, Win Bonus=0.0
[2026-05-22 10:08:37] ALL WRONG MOVES BY COLOUR: {'gray0': ['34 (turn timeout)']}
[2026-05-22 10:08:37] MOVE 80: Group7 (yellow) 43->54 [0.00ms]
[2026-05-22 10:08:37] SCORE PCS (lawn green): Final=471.7, Time=95.7, Moves(14)=0.0, Pins(1)=100.0, Dist=276.0, Win Bonus=0.0
[2026-05-22 10:08:37] SCORE AlphaZeroClue (gray0): Final=452.4, Time=78.4, Moves(12)=0.0, Pins(1)=100.0, Dist=274.0, Win Bonus=0.0
[2026-05-22 10:08:37] SCORE Group7 (yellow): Final=381.9, Time=93.9, Moves(14)=0.0, Pins(0)=0.0, Dist=288.0, Win Bonus=0.0
[2026-05-22 10:08:37] SCORE Gruppe 2 (purple): Final=444.6, Time=94.6, Moves(13)=0.0, Pins(1)=100.0, Dist=250.0, Win Bonus=0.0
[2026-05-22 10:08:37] SCORE RL (red): Final=320.2, Time=88.2, Moves(13)=0.0, Pins(0)=0.0, Dist=232.0, Win Bonus=0.0
[2026-05-22 10:08:37] SCORE LosTurcos (blue): Final=447.6, Time=97.6, Moves(13)=0.0, Pins(1)=100.0, Dist=250.0, Win Bonus=0.0
[2026-05-22 10:08:37] ALL WRONG MOVES BY COLOUR: {'gray0': ['34 (turn timeout)']}
[2026-05-22 10:08:38] MOVE 81: LosTurcos (blue) 2->5 [0.00ms]
[2026-05-22 10:08:38] SCORE PCS (lawn green): Final=471.7, Time=95.7, Moves(14)=0.0, Pins(1)=100.0, Dist=276.0, Win Bonus=0.0
[2026-05-22 10:08:38] SCORE AlphaZeroClue (gray0): Final=452.4, Time=78.4, Moves(12)=0.0, Pins(1)=100.0, Dist=274.0, Win Bonus=0.0
[2026-05-22 10:08:38] SCORE Group7 (yellow): Final=381.9, Time=93.9, Moves(14)=0.0, Pins(0)=0.0, Dist=288.0, Win Bonus=0.0
[2026-05-22 10:08:38] SCORE Gruppe 2 (purple): Final=444.6, Time=94.6, Moves(13)=0.0, Pins(1)=100.0, Dist=250.0, Win Bonus=0.0
[2026-05-22 10:08:38] SCORE RL (red): Final=320.2, Time=88.2, Moves(13)=0.0, Pins(0)=0.0, Dist=232.0, Win Bonus=0.0
[2026-05-22 10:08:38] SCORE LosTurcos (blue): Final=449.3, Time=97.3, Moves(14)=0.0, Pins(1)=100.0, Dist=252.0, Win Bonus=0.0
[2026-05-22 10:08:38] ALL WRONG MOVES BY COLOUR: {'gray0': ['34 (turn timeout)']}
[2026-05-22 10:08:40] SCORE PCS (lawn green): Final=471.7, Time=95.7, Moves(14)=0.0, Pins(1)=100.0, Dist=276.0, Win Bonus=0.0
[2026-05-22 10:08:40] SCORE AlphaZeroClue (gray0): Final=452.4, Time=78.4, Moves(12)=0.0, Pins(1)=100.0, Dist=274.0, Win Bonus=0.0
[2026-05-22 10:08:40] SCORE Group7 (yellow): Final=381.9, Time=93.9, Moves(14)=0.0, Pins(0)=0.0, Dist=288.0, Win Bonus=0.0
[2026-05-22 10:08:40] SCORE Gruppe 2 (purple): Final=444.6, Time=94.6, Moves(13)=0.0, Pins(1)=100.0, Dist=250.0, Win Bonus=0.0
[2026-05-22 10:08:40] SCORE RL (red): Final=320.2, Time=88.2, Moves(13)=0.0, Pins(0)=0.0, Dist=232.0, Win Bonus=0.0
[2026-05-22 10:08:40] SCORE LosTurcos (blue): Final=449.3, Time=97.3, Moves(14)=0.0, Pins(1)=100.0, Dist=252.0, Win Bonus=0.0
[2026-05-22 10:08:40] ALL WRONG MOVES BY COLOUR: {'gray0': ['34 (turn timeout)', '82 (turn timeout)']}
[2026-05-22 10:08:40] TURN TIMEOUT: Player with colour gray0 exceeded 2s at move 82. Turn skipped.
[2026-05-22 10:08:40] MOVE 83: Gruppe 2 (purple) 68->46 [0.00ms]
[2026-05-22 10:08:40] SCORE PCS (lawn green): Final=471.7, Time=95.7, Moves(14)=0.0, Pins(1)=100.0, Dist=276.0, Win Bonus=0.0
[2026-05-22 10:08:40] SCORE AlphaZeroClue (gray0): Final=452.4, Time=78.4, Moves(12)=0.0, Pins(1)=100.0, Dist=274.0, Win Bonus=0.0
[2026-05-22 10:08:40] SCORE Group7 (yellow): Final=381.9, Time=93.9, Moves(14)=0.0, Pins(0)=0.0, Dist=288.0, Win Bonus=0.0
[2026-05-22 10:08:40] SCORE Gruppe 2 (purple): Final=552.1, Time=94.1, Moves(14)=0.0, Pins(2)=200.0, Dist=258.0, Win Bonus=0.0
[2026-05-22 10:08:40] SCORE RL (red): Final=320.2, Time=88.2, Moves(13)=0.0, Pins(0)=0.0, Dist=232.0, Win Bonus=0.0
[2026-05-22 10:08:40] SCORE LosTurcos (blue): Final=449.3, Time=97.3, Moves(14)=0.0, Pins(1)=100.0, Dist=252.0, Win Bonus=0.0
[2026-05-22 10:08:40] ALL WRONG MOVES BY COLOUR: {'gray0': ['34 (turn timeout)', '82 (turn timeout)']}
[2026-05-22 10:08:41] MOVE 84: RL (red) 75->65 [0.01ms]
[2026-05-22 10:08:41] SCORE PCS (lawn green): Final=471.7, Time=95.7, Moves(14)=0.0, Pins(1)=100.0, Dist=276.0, Win Bonus=0.0
[2026-05-22 10:08:41] SCORE AlphaZeroClue (gray0): Final=452.4, Time=78.4, Moves(12)=0.0, Pins(1)=100.0, Dist=274.0, Win Bonus=0.0
[2026-05-22 10:08:41] SCORE Group7 (yellow): Final=381.9, Time=93.9, Moves(14)=0.0, Pins(0)=0.0, Dist=288.0, Win Bonus=0.0
[2026-05-22 10:08:41] SCORE Gruppe 2 (purple): Final=552.1, Time=94.1, Moves(14)=0.0, Pins(2)=200.0, Dist=258.0, Win Bonus=0.0
[2026-05-22 10:08:41] SCORE RL (red): Final=321.3, Time=87.3, Moves(14)=0.0, Pins(0)=0.0, Dist=234.0, Win Bonus=0.0
[2026-05-22 10:08:41] SCORE LosTurcos (blue): Final=449.3, Time=97.3, Moves(14)=0.0, Pins(1)=100.0, Dist=252.0, Win Bonus=0.0
[2026-05-22 10:08:41] ALL WRONG MOVES BY COLOUR: {'gray0': ['34 (turn timeout)', '82 (turn timeout)']}
[2026-05-22 10:08:42] MOVE 85: PCS (lawn green) 73->90 [0.00ms]
[2026-05-22 10:08:42] SCORE PCS (lawn green): Final=483.3, Time=95.3, Moves(15)=0.0, Pins(1)=100.0, Dist=288.0, Win Bonus=0.0
[2026-05-22 10:08:42] SCORE AlphaZeroClue (gray0): Final=452.4, Time=78.4, Moves(12)=0.0, Pins(1)=100.0, Dist=274.0, Win Bonus=0.0
[2026-05-22 10:08:42] SCORE Group7 (yellow): Final=381.9, Time=93.9, Moves(14)=0.0, Pins(0)=0.0, Dist=288.0, Win Bonus=0.0
[2026-05-22 10:08:42] SCORE Gruppe 2 (purple): Final=552.1, Time=94.1, Moves(14)=0.0, Pins(2)=200.0, Dist=258.0, Win Bonus=0.0
[2026-05-22 10:08:42] SCORE RL (red): Final=321.3, Time=87.3, Moves(14)=0.0, Pins(0)=0.0, Dist=234.0, Win Bonus=0.0
[2026-05-22 10:08:42] SCORE LosTurcos (blue): Final=449.3, Time=97.3, Moves(14)=0.0, Pins(1)=100.0, Dist=252.0, Win Bonus=0.0
[2026-05-22 10:08:42] ALL WRONG MOVES BY COLOUR: {'gray0': ['34 (turn timeout)', '82 (turn timeout)']}
[2026-05-22 10:08:42] MOVE 86: Group7 (yellow) 45->64 [0.01ms]
[2026-05-22 10:08:42] SCORE PCS (lawn green): Final=483.3, Time=95.3, Moves(15)=0.0, Pins(1)=100.0, Dist=288.0, Win Bonus=0.0
[2026-05-22 10:08:42] SCORE AlphaZeroClue (gray0): Final=452.4, Time=78.4, Moves(12)=0.0, Pins(1)=100.0, Dist=274.0, Win Bonus=0.0
[2026-05-22 10:08:42] SCORE Group7 (yellow): Final=385.3, Time=93.3, Moves(15)=0.0, Pins(0)=0.0, Dist=292.0, Win Bonus=0.0
[2026-05-22 10:08:42] SCORE Gruppe 2 (purple): Final=552.1, Time=94.1, Moves(14)=0.0, Pins(2)=200.0, Dist=258.0, Win Bonus=0.0
[2026-05-22 10:08:42] SCORE RL (red): Final=321.3, Time=87.3, Moves(14)=0.0, Pins(0)=0.0, Dist=234.0, Win Bonus=0.0
[2026-05-22 10:08:42] SCORE LosTurcos (blue): Final=449.3, Time=97.3, Moves(14)=0.0, Pins(1)=100.0, Dist=252.0, Win Bonus=0.0
[2026-05-22 10:08:42] ALL WRONG MOVES BY COLOUR: {'gray0': ['34 (turn timeout)', '82 (turn timeout)']}
[2026-05-22 10:08:42] MOVE 87: LosTurcos (blue) 5->18 [0.00ms]
[2026-05-22 10:08:42] SCORE PCS (lawn green): Final=483.3, Time=95.3, Moves(15)=0.0, Pins(1)=100.0, Dist=288.0, Win Bonus=0.0
[2026-05-22 10:08:42] SCORE AlphaZeroClue (gray0): Final=452.4, Time=78.4, Moves(12)=0.0, Pins(1)=100.0, Dist=274.0, Win Bonus=0.0
[2026-05-22 10:08:42] SCORE Group7 (yellow): Final=385.3, Time=93.3, Moves(15)=0.0, Pins(0)=0.0, Dist=292.0, Win Bonus=0.0
[2026-05-22 10:08:42] SCORE Gruppe 2 (purple): Final=552.1, Time=94.1, Moves(14)=0.0, Pins(2)=200.0, Dist=258.0, Win Bonus=0.0
[2026-05-22 10:08:42] SCORE RL (red): Final=321.3, Time=87.3, Moves(14)=0.0, Pins(0)=0.0, Dist=234.0, Win Bonus=0.0
[2026-05-22 10:08:42] SCORE LosTurcos (blue): Final=453.1, Time=97.1, Moves(15)=0.0, Pins(1)=100.0, Dist=256.0, Win Bonus=0.0
[2026-05-22 10:08:42] ALL WRONG MOVES BY COLOUR: {'gray0': ['34 (turn timeout)', '82 (turn timeout)']}
[2026-05-22 10:08:44] MOVE 88: AlphaZeroClue (gray0) 6->1 [0.00ms]
[2026-05-22 10:08:44] SCORE PCS (lawn green): Final=483.3, Time=95.3, Moves(15)=0.0, Pins(1)=100.0, Dist=288.0, Win Bonus=0.0
[2026-05-22 10:08:44] SCORE AlphaZeroClue (gray0): Final=450.7, Time=76.7, Moves(13)=0.0, Pins(1)=100.0, Dist=274.0, Win Bonus=0.0
[2026-05-22 10:08:44] SCORE Group7 (yellow): Final=385.3, Time=93.3, Moves(15)=0.0, Pins(0)=0.0, Dist=292.0, Win Bonus=0.0
[2026-05-22 10:08:44] SCORE Gruppe 2 (purple): Final=552.1, Time=94.1, Moves(14)=0.0, Pins(2)=200.0, Dist=258.0, Win Bonus=0.0
[2026-05-22 10:08:44] SCORE RL (red): Final=321.3, Time=87.3, Moves(14)=0.0, Pins(0)=0.0, Dist=234.0, Win Bonus=0.0
[2026-05-22 10:08:44] SCORE LosTurcos (blue): Final=453.1, Time=97.1, Moves(15)=0.0, Pins(1)=100.0, Dist=256.0, Win Bonus=0.0
[2026-05-22 10:08:44] ALL WRONG MOVES BY COLOUR: {'gray0': ['34 (turn timeout)', '82 (turn timeout)']}
[2026-05-22 10:08:45] MOVE 89: Gruppe 2 (purple) 108->106 [0.00ms]
[2026-05-22 10:08:45] SCORE PCS (lawn green): Final=483.3, Time=95.3, Moves(15)=0.0, Pins(1)=100.0, Dist=288.0, Win Bonus=0.0
[2026-05-22 10:08:45] SCORE AlphaZeroClue (gray0): Final=450.7, Time=76.7, Moves(13)=0.0, Pins(1)=100.0, Dist=274.0, Win Bonus=0.0
[2026-05-22 10:08:45] SCORE Group7 (yellow): Final=385.3, Time=93.3, Moves(15)=0.0, Pins(0)=0.0, Dist=292.0, Win Bonus=0.0
[2026-05-22 10:08:45] SCORE Gruppe 2 (purple): Final=555.5, Time=93.5, Moves(15)=0.0, Pins(2)=200.0, Dist=262.0, Win Bonus=0.0
[2026-05-22 10:08:45] SCORE RL (red): Final=321.3, Time=87.3, Moves(14)=0.0, Pins(0)=0.0, Dist=234.0, Win Bonus=0.0
[2026-05-22 10:08:45] SCORE LosTurcos (blue): Final=453.1, Time=97.1, Moves(15)=0.0, Pins(1)=100.0, Dist=256.0, Win Bonus=0.0
[2026-05-22 10:08:45] ALL WRONG MOVES BY COLOUR: {'gray0': ['34 (turn timeout)', '82 (turn timeout)']}
[2026-05-22 10:08:46] MOVE 90: RL (red) 28->15 [0.00ms]
[2026-05-22 10:08:46] SCORE PCS (lawn green): Final=483.3, Time=95.3, Moves(15)=0.0, Pins(1)=100.0, Dist=288.0, Win Bonus=0.0
[2026-05-22 10:08:46] SCORE AlphaZeroClue (gray0): Final=450.7, Time=76.7, Moves(13)=0.0, Pins(1)=100.0, Dist=274.0, Win Bonus=0.0
[2026-05-22 10:08:46] SCORE Group7 (yellow): Final=385.3, Time=93.3, Moves(15)=0.0, Pins(0)=0.0, Dist=292.0, Win Bonus=0.0
[2026-05-22 10:08:46] SCORE Gruppe 2 (purple): Final=555.5, Time=93.5, Moves(15)=0.0, Pins(2)=200.0, Dist=262.0, Win Bonus=0.0
[2026-05-22 10:08:46] SCORE RL (red): Final=322.5, Time=86.5, Moves(15)=0.0, Pins(0)=0.0, Dist=236.0, Win Bonus=0.0
[2026-05-22 10:08:46] SCORE LosTurcos (blue): Final=453.1, Time=97.1, Moves(15)=0.0, Pins(1)=100.0, Dist=256.0, Win Bonus=0.0
[2026-05-22 10:08:46] ALL WRONG MOVES BY COLOUR: {'gray0': ['34 (turn timeout)', '82 (turn timeout)']}
[2026-05-22 10:08:46] MOVE 91: PCS (lawn green) 19->57 [0.00ms]
[2026-05-22 10:08:46] SCORE PCS (lawn green): Final=498.9, Time=94.9, Moves(16)=0.0, Pins(1)=100.0, Dist=304.0, Win Bonus=0.0
[2026-05-22 10:08:46] SCORE AlphaZeroClue (gray0): Final=450.7, Time=76.7, Moves(13)=0.0, Pins(1)=100.0, Dist=274.0, Win Bonus=0.0
[2026-05-22 10:08:46] SCORE Group7 (yellow): Final=385.3, Time=93.3, Moves(15)=0.0, Pins(0)=0.0, Dist=292.0, Win Bonus=0.0
[2026-05-22 10:08:46] SCORE Gruppe 2 (purple): Final=555.5, Time=93.5, Moves(15)=0.0, Pins(2)=200.0, Dist=262.0, Win Bonus=0.0
[2026-05-22 10:08:46] SCORE RL (red): Final=322.5, Time=86.5, Moves(15)=0.0, Pins(0)=0.0, Dist=236.0, Win Bonus=0.0
[2026-05-22 10:08:46] SCORE LosTurcos (blue): Final=453.1, Time=97.1, Moves(15)=0.0, Pins(1)=100.0, Dist=256.0, Win Bonus=0.0
[2026-05-22 10:08:46] ALL WRONG MOVES BY COLOUR: {'gray0': ['34 (turn timeout)', '82 (turn timeout)']}
[2026-05-22 10:08:46] MOVE 92: Group7 (yellow) 54->74 [0.01ms]
[2026-05-22 10:08:46] SCORE PCS (lawn green): Final=498.9, Time=94.9, Moves(16)=0.0, Pins(1)=100.0, Dist=304.0, Win Bonus=0.0
[2026-05-22 10:08:46] SCORE AlphaZeroClue (gray0): Final=450.7, Time=76.7, Moves(13)=0.0, Pins(1)=100.0, Dist=274.0, Win Bonus=0.0
[2026-05-22 10:08:46] SCORE Group7 (yellow): Final=488.8, Time=92.8, Moves(16)=0.0, Pins(1)=100.0, Dist=296.0, Win Bonus=0.0
[2026-05-22 10:08:46] SCORE Gruppe 2 (purple): Final=555.5, Time=93.5, Moves(15)=0.0, Pins(2)=200.0, Dist=262.0, Win Bonus=0.0
[2026-05-22 10:08:47] SCORE RL (red): Final=322.5, Time=86.5, Moves(15)=0.0, Pins(0)=0.0, Dist=236.0, Win Bonus=0.0
[2026-05-22 10:08:47] SCORE LosTurcos (blue): Final=453.1, Time=97.1, Moves(15)=0.0, Pins(1)=100.0, Dist=256.0, Win Bonus=0.0
[2026-05-22 10:08:47] ALL WRONG MOVES BY COLOUR: {'gray0': ['34 (turn timeout)', '82 (turn timeout)']}
[2026-05-22 10:08:47] MOVE 93: LosTurcos (blue) 8->119 [0.00ms]
[2026-05-22 10:08:47] SCORE PCS (lawn green): Final=498.9, Time=94.9, Moves(16)=0.0, Pins(1)=100.0, Dist=304.0, Win Bonus=0.0
[2026-05-22 10:08:47] SCORE AlphaZeroClue (gray0): Final=450.7, Time=76.7, Moves(13)=0.0, Pins(1)=100.0, Dist=274.0, Win Bonus=0.0
[2026-05-22 10:08:47] SCORE Group7 (yellow): Final=488.8, Time=92.8, Moves(16)=0.0, Pins(1)=100.0, Dist=296.0, Win Bonus=0.0
[2026-05-22 10:08:47] SCORE Gruppe 2 (purple): Final=555.5, Time=93.5, Moves(15)=0.0, Pins(2)=200.0, Dist=262.0, Win Bonus=0.0
[2026-05-22 10:08:47] SCORE RL (red): Final=322.5, Time=86.5, Moves(15)=0.0, Pins(0)=0.0, Dist=236.0, Win Bonus=0.0
[2026-05-22 10:08:47] SCORE LosTurcos (blue): Final=572.9, Time=96.9, Moves(16)=0.0, Pins(2)=200.0, Dist=276.0, Win Bonus=0.0
[2026-05-22 10:08:47] ALL WRONG MOVES BY COLOUR: {'gray0': ['34 (turn timeout)', '82 (turn timeout)']}
[2026-05-22 10:08:48] MOVE 94: AlphaZeroClue (gray0) 1->34 [0.01ms]
[2026-05-22 10:08:48] SCORE PCS (lawn green): Final=498.9, Time=94.9, Moves(16)=0.0, Pins(1)=100.0, Dist=304.0, Win Bonus=0.0
[2026-05-22 10:08:48] SCORE AlphaZeroClue (gray0): Final=558.9, Time=74.9, Moves(14)=0.0, Pins(2)=200.0, Dist=284.0, Win Bonus=0.0
[2026-05-22 10:08:48] SCORE Group7 (yellow): Final=488.8, Time=92.8, Moves(16)=0.0, Pins(1)=100.0, Dist=296.0, Win Bonus=0.0
[2026-05-22 10:08:48] SCORE Gruppe 2 (purple): Final=555.5, Time=93.5, Moves(15)=0.0, Pins(2)=200.0, Dist=262.0, Win Bonus=0.0
[2026-05-22 10:08:48] SCORE RL (red): Final=322.5, Time=86.5, Moves(15)=0.0, Pins(0)=0.0, Dist=236.0, Win Bonus=0.0
[2026-05-22 10:08:48] SCORE LosTurcos (blue): Final=572.9, Time=96.9, Moves(16)=0.0, Pins(2)=200.0, Dist=276.0, Win Bonus=0.0
[2026-05-22 10:08:48] ALL WRONG MOVES BY COLOUR: {'gray0': ['34 (turn timeout)', '82 (turn timeout)']}
[2026-05-22 10:08:49] MOVE 95: Gruppe 2 (purple) 62->52 [0.00ms]
[2026-05-22 10:08:49] SCORE PCS (lawn green): Final=498.9, Time=94.9, Moves(16)=0.0, Pins(1)=100.0, Dist=304.0, Win Bonus=0.0
[2026-05-22 10:08:49] SCORE AlphaZeroClue (gray0): Final=558.9, Time=74.9, Moves(14)=0.0, Pins(2)=200.0, Dist=284.0, Win Bonus=0.0
[2026-05-22 10:08:49] SCORE Group7 (yellow): Final=488.8, Time=92.8, Moves(16)=0.0, Pins(1)=100.0, Dist=296.0, Win Bonus=0.0
[2026-05-22 10:08:49] SCORE Gruppe 2 (purple): Final=557.3, Time=93.3, Moves(16)=0.0, Pins(2)=200.0, Dist=264.0, Win Bonus=0.0
[2026-05-22 10:08:49] SCORE RL (red): Final=322.5, Time=86.5, Moves(15)=0.0, Pins(0)=0.0, Dist=236.0, Win Bonus=0.0
[2026-05-22 10:08:49] SCORE LosTurcos (blue): Final=572.9, Time=96.9, Moves(16)=0.0, Pins(2)=200.0, Dist=276.0, Win Bonus=0.0
[2026-05-22 10:08:49] ALL WRONG MOVES BY COLOUR: {'gray0': ['34 (turn timeout)', '82 (turn timeout)']}
[2026-05-22 10:08:49] MOVE 96: RL (red) 47->1 [0.00ms]
[2026-05-22 10:08:49] SCORE PCS (lawn green): Final=498.9, Time=94.9, Moves(16)=0.0, Pins(1)=100.0, Dist=304.0, Win Bonus=0.0
[2026-05-22 10:08:49] SCORE AlphaZeroClue (gray0): Final=558.9, Time=74.9, Moves(14)=0.0, Pins(2)=200.0, Dist=284.0, Win Bonus=0.0
[2026-05-22 10:08:49] SCORE Group7 (yellow): Final=488.8, Time=92.8, Moves(16)=0.0, Pins(1)=100.0, Dist=296.0, Win Bonus=0.0
[2026-05-22 10:08:49] SCORE Gruppe 2 (purple): Final=557.3, Time=93.3, Moves(16)=0.0, Pins(2)=200.0, Dist=264.0, Win Bonus=0.0
[2026-05-22 10:08:49] SCORE RL (red): Final=429.7, Time=85.7, Moves(16)=0.0, Pins(1)=100.0, Dist=244.0, Win Bonus=0.0
[2026-05-22 10:08:49] SCORE LosTurcos (blue): Final=572.9, Time=96.9, Moves(16)=0.0, Pins(2)=200.0, Dist=276.0, Win Bonus=0.0
[2026-05-22 10:08:49] ALL WRONG MOVES BY COLOUR: {'gray0': ['34 (turn timeout)', '82 (turn timeout)']}
[2026-05-22 10:08:50] MOVE 97: PCS (lawn green) 21->20 [0.00ms]
[2026-05-22 10:08:50] SCORE PCS (lawn green): Final=500.6, Time=94.6, Moves(17)=0.0, Pins(1)=100.0, Dist=306.0, Win Bonus=0.0
[2026-05-22 10:08:50] SCORE AlphaZeroClue (gray0): Final=558.9, Time=74.9, Moves(14)=0.0, Pins(2)=200.0, Dist=284.0, Win Bonus=0.0
[2026-05-22 10:08:50] SCORE Group7 (yellow): Final=488.8, Time=92.8, Moves(16)=0.0, Pins(1)=100.0, Dist=296.0, Win Bonus=0.0
[2026-05-22 10:08:50] SCORE Gruppe 2 (purple): Final=557.3, Time=93.3, Moves(16)=0.0, Pins(2)=200.0, Dist=264.0, Win Bonus=0.0
[2026-05-22 10:08:50] SCORE RL (red): Final=429.7, Time=85.7, Moves(16)=0.0, Pins(1)=100.0, Dist=244.0, Win Bonus=0.0
[2026-05-22 10:08:50] SCORE LosTurcos (blue): Final=572.9, Time=96.9, Moves(16)=0.0, Pins(2)=200.0, Dist=276.0, Win Bonus=0.0
[2026-05-22 10:08:50] ALL WRONG MOVES BY COLOUR: {'gray0': ['34 (turn timeout)', '82 (turn timeout)']}
[2026-05-22 10:08:50] MOVE 98: Group7 (yellow) 64->85 [0.00ms]
[2026-05-22 10:08:50] SCORE PCS (lawn green): Final=500.6, Time=94.6, Moves(17)=0.0, Pins(1)=100.0, Dist=306.0, Win Bonus=0.0
[2026-05-22 10:08:50] SCORE AlphaZeroClue (gray0): Final=558.9, Time=74.9, Moves(14)=0.0, Pins(2)=200.0, Dist=284.0, Win Bonus=0.0
[2026-05-22 10:08:50] SCORE Group7 (yellow): Final=590.5, Time=92.5, Moves(17)=0.0, Pins(2)=200.0, Dist=298.0, Win Bonus=0.0
[2026-05-22 10:08:50] SCORE Gruppe 2 (purple): Final=557.3, Time=93.3, Moves(16)=0.0, Pins(2)=200.0, Dist=264.0, Win Bonus=0.0
[2026-05-22 10:08:50] SCORE RL (red): Final=429.7, Time=85.7, Moves(16)=0.0, Pins(1)=100.0, Dist=244.0, Win Bonus=0.0
[2026-05-22 10:08:50] SCORE LosTurcos (blue): Final=572.9, Time=96.9, Moves(16)=0.0, Pins(2)=200.0, Dist=276.0, Win Bonus=0.0
[2026-05-22 10:08:50] ALL WRONG MOVES BY COLOUR: {'gray0': ['34 (turn timeout)', '82 (turn timeout)']}
[2026-05-22 10:08:50] MOVE 99: LosTurcos (blue) 39->49 [0.00ms]
[2026-05-22 10:08:50] SCORE PCS (lawn green): Final=500.6, Time=94.6, Moves(17)=0.0, Pins(1)=100.0, Dist=306.0, Win Bonus=0.0
[2026-05-22 10:08:50] SCORE AlphaZeroClue (gray0): Final=558.9, Time=74.9, Moves(14)=0.0, Pins(2)=200.0, Dist=284.0, Win Bonus=0.0
[2026-05-22 10:08:50] SCORE Group7 (yellow): Final=590.5, Time=92.5, Moves(17)=0.0, Pins(2)=200.0, Dist=298.0, Win Bonus=0.0
[2026-05-22 10:08:50] SCORE Gruppe 2 (purple): Final=557.3, Time=93.3, Moves(16)=0.0, Pins(2)=200.0, Dist=264.0, Win Bonus=0.0
[2026-05-22 10:08:50] SCORE RL (red): Final=429.7, Time=85.7, Moves(16)=0.0, Pins(1)=100.0, Dist=244.0, Win Bonus=0.0
[2026-05-22 10:08:50] SCORE LosTurcos (blue): Final=574.7, Time=96.7, Moves(17)=0.0, Pins(2)=200.0, Dist=278.0, Win Bonus=0.0
[2026-05-22 10:08:50] ALL WRONG MOVES BY COLOUR: {'gray0': ['34 (turn timeout)', '82 (turn timeout)']}
[2026-05-22 10:08:52] MOVE 100: AlphaZeroClue (gray0) 101->78 [0.00ms]
[2026-05-22 10:08:52] SCORE PCS (lawn green): Final=500.6, Time=94.6, Moves(17)=0.0, Pins(1)=100.0, Dist=306.0, Win Bonus=0.0
[2026-05-22 10:08:52] SCORE AlphaZeroClue (gray0): Final=561.1, Time=73.1, Moves(15)=0.0, Pins(2)=200.0, Dist=288.0, Win Bonus=0.0
[2026-05-22 10:08:52] SCORE Group7 (yellow): Final=590.5, Time=92.5, Moves(17)=0.0, Pins(2)=200.0, Dist=298.0, Win Bonus=0.0
[2026-05-22 10:08:52] SCORE Gruppe 2 (purple): Final=557.3, Time=93.3, Moves(16)=0.0, Pins(2)=200.0, Dist=264.0, Win Bonus=0.0
[2026-05-22 10:08:52] SCORE RL (red): Final=429.7, Time=85.7, Moves(16)=0.0, Pins(1)=100.0, Dist=244.0, Win Bonus=0.0
[2026-05-22 10:08:52] SCORE LosTurcos (blue): Final=574.7, Time=96.7, Moves(17)=0.0, Pins(2)=200.0, Dist=278.0, Win Bonus=0.0
[2026-05-22 10:08:52] ALL WRONG MOVES BY COLOUR: {'gray0': ['34 (turn timeout)', '82 (turn timeout)']}
[2026-05-22 10:08:53] MOVE 101: Gruppe 2 (purple) 52->29 [0.00ms]
[2026-05-22 10:08:53] SCORE PCS (lawn green): Final=500.6, Time=94.6, Moves(17)=0.0, Pins(1)=100.0, Dist=306.0, Win Bonus=0.0
[2026-05-22 10:08:53] SCORE AlphaZeroClue (gray0): Final=561.1, Time=73.1, Moves(15)=0.0, Pins(2)=200.0, Dist=288.0, Win Bonus=0.0
[2026-05-22 10:08:53] SCORE Group7 (yellow): Final=590.5, Time=92.5, Moves(17)=0.0, Pins(2)=200.0, Dist=298.0, Win Bonus=0.0
[2026-05-22 10:08:53] SCORE Gruppe 2 (purple): Final=561.0, Time=93.0, Moves(17)=0.0, Pins(2)=200.0, Dist=268.0, Win Bonus=0.0
[2026-05-22 10:08:53] SCORE RL (red): Final=429.7, Time=85.7, Moves(16)=0.0, Pins(1)=100.0, Dist=244.0, Win Bonus=0.0
[2026-05-22 10:08:53] SCORE LosTurcos (blue): Final=574.7, Time=96.7, Moves(17)=0.0, Pins(2)=200.0, Dist=278.0, Win Bonus=0.0
[2026-05-22 10:08:53] ALL WRONG MOVES BY COLOUR: {'gray0': ['34 (turn timeout)', '82 (turn timeout)']}
[2026-05-22 10:08:53] MOVE 102: RL (red) 15->28 [0.00ms]
[2026-05-22 10:08:53] SCORE PCS (lawn green): Final=500.6, Time=94.6, Moves(17)=0.0, Pins(1)=100.0, Dist=306.0, Win Bonus=0.0
[2026-05-22 10:08:53] SCORE AlphaZeroClue (gray0): Final=561.1, Time=73.1, Moves(15)=0.0, Pins(2)=200.0, Dist=288.0, Win Bonus=0.0
[2026-05-22 10:08:53] SCORE Group7 (yellow): Final=590.5, Time=92.5, Moves(17)=0.0, Pins(2)=200.0, Dist=298.0, Win Bonus=0.0
[2026-05-22 10:08:53] SCORE Gruppe 2 (purple): Final=561.0, Time=93.0, Moves(17)=0.0, Pins(2)=200.0, Dist=268.0, Win Bonus=0.0
[2026-05-22 10:08:53] SCORE RL (red): Final=427.0, Time=85.0, Moves(17)=0.0, Pins(1)=100.0, Dist=242.0, Win Bonus=0.0
[2026-05-22 10:08:53] SCORE LosTurcos (blue): Final=574.7, Time=96.7, Moves(17)=0.0, Pins(2)=200.0, Dist=278.0, Win Bonus=0.0
[2026-05-22 10:08:53] ALL WRONG MOVES BY COLOUR: {'gray0': ['34 (turn timeout)', '82 (turn timeout)']}
[2026-05-22 10:08:54] MOVE 103: PCS (lawn green) 59->40 [0.00ms]
[2026-05-22 10:08:54] SCORE PCS (lawn green): Final=496.2, Time=94.2, Moves(18)=0.0, Pins(1)=100.0, Dist=302.0, Win Bonus=0.0
[2026-05-22 10:08:54] SCORE AlphaZeroClue (gray0): Final=561.1, Time=73.1, Moves(15)=0.0, Pins(2)=200.0, Dist=288.0, Win Bonus=0.0
[2026-05-22 10:08:54] SCORE Group7 (yellow): Final=590.5, Time=92.5, Moves(17)=0.0, Pins(2)=200.0, Dist=298.0, Win Bonus=0.0
[2026-05-22 10:08:54] SCORE Gruppe 2 (purple): Final=561.0, Time=93.0, Moves(17)=0.0, Pins(2)=200.0, Dist=268.0, Win Bonus=0.0
[2026-05-22 10:08:54] SCORE RL (red): Final=427.0, Time=85.0, Moves(17)=0.0, Pins(1)=100.0, Dist=242.0, Win Bonus=0.0
[2026-05-22 10:08:54] SCORE LosTurcos (blue): Final=574.7, Time=96.7, Moves(17)=0.0, Pins(2)=200.0, Dist=278.0, Win Bonus=0.0
[2026-05-22 10:08:54] ALL WRONG MOVES BY COLOUR: {'gray0': ['34 (turn timeout)', '82 (turn timeout)']}
[2026-05-22 10:08:54] MOVE 104: Group7 (yellow) 80->92 [0.01ms]
[2026-05-22 10:08:54] SCORE PCS (lawn green): Final=496.2, Time=94.2, Moves(18)=0.0, Pins(1)=100.0, Dist=302.0, Win Bonus=0.0
[2026-05-22 10:08:54] SCORE AlphaZeroClue (gray0): Final=561.1, Time=73.1, Moves(15)=0.0, Pins(2)=200.0, Dist=288.0, Win Bonus=0.0
[2026-05-22 10:08:54] SCORE Group7 (yellow): Final=592.1, Time=92.1, Moves(18)=0.0, Pins(2)=200.0, Dist=300.0, Win Bonus=0.0
[2026-05-22 10:08:54] SCORE Gruppe 2 (purple): Final=561.0, Time=93.0, Moves(17)=0.0, Pins(2)=200.0, Dist=268.0, Win Bonus=0.0
[2026-05-22 10:08:54] SCORE RL (red): Final=427.0, Time=85.0, Moves(17)=0.0, Pins(1)=100.0, Dist=242.0, Win Bonus=0.0
[2026-05-22 10:08:54] SCORE LosTurcos (blue): Final=574.7, Time=96.7, Moves(17)=0.0, Pins(2)=200.0, Dist=278.0, Win Bonus=0.0
[2026-05-22 10:08:54] ALL WRONG MOVES BY COLOUR: {'gray0': ['34 (turn timeout)', '82 (turn timeout)']}
[2026-05-22 10:08:54] MOVE 105: LosTurcos (blue) 79->91 [0.00ms]
[2026-05-22 10:08:54] SCORE PCS (lawn green): Final=496.2, Time=94.2, Moves(18)=0.0, Pins(1)=100.0, Dist=302.0, Win Bonus=0.0
[2026-05-22 10:08:54] SCORE AlphaZeroClue (gray0): Final=561.1, Time=73.1, Moves(15)=0.0, Pins(2)=200.0, Dist=288.0, Win Bonus=0.0
[2026-05-22 10:08:54] SCORE Group7 (yellow): Final=592.1, Time=92.1, Moves(18)=0.0, Pins(2)=200.0, Dist=300.0, Win Bonus=0.0
[2026-05-22 10:08:54] SCORE Gruppe 2 (purple): Final=561.0, Time=93.0, Moves(17)=0.0, Pins(2)=200.0, Dist=268.0, Win Bonus=0.0
[2026-05-22 10:08:54] SCORE RL (red): Final=427.0, Time=85.0, Moves(17)=0.0, Pins(1)=100.0, Dist=242.0, Win Bonus=0.0
[2026-05-22 10:08:54] SCORE LosTurcos (blue): Final=576.4, Time=96.4, Moves(18)=0.0, Pins(2)=200.0, Dist=280.0, Win Bonus=0.0
[2026-05-22 10:08:54] ALL WRONG MOVES BY COLOUR: {'gray0': ['34 (turn timeout)', '82 (turn timeout)']}
[2026-05-22 10:08:56] MOVE 106: AlphaZeroClue (gray0) 76->80 [0.00ms]
[2026-05-22 10:08:56] SCORE PCS (lawn green): Final=496.2, Time=94.2, Moves(18)=0.0, Pins(1)=100.0, Dist=302.0, Win Bonus=0.0
[2026-05-22 10:08:56] SCORE AlphaZeroClue (gray0): Final=567.4, Time=71.4, Moves(16)=0.0, Pins(2)=200.0, Dist=296.0, Win Bonus=0.0
[2026-05-22 10:08:56] SCORE Group7 (yellow): Final=592.1, Time=92.1, Moves(18)=0.0, Pins(2)=200.0, Dist=300.0, Win Bonus=0.0
[2026-05-22 10:08:56] SCORE Gruppe 2 (purple): Final=561.0, Time=93.0, Moves(17)=0.0, Pins(2)=200.0, Dist=268.0, Win Bonus=0.0
[2026-05-22 10:08:56] SCORE RL (red): Final=427.0, Time=85.0, Moves(17)=0.0, Pins(1)=100.0, Dist=242.0, Win Bonus=0.0
[2026-05-22 10:08:56] SCORE LosTurcos (blue): Final=576.4, Time=96.4, Moves(18)=0.0, Pins(2)=200.0, Dist=280.0, Win Bonus=0.0
[2026-05-22 10:08:56] ALL WRONG MOVES BY COLOUR: {'gray0': ['34 (turn timeout)', '82 (turn timeout)']}
[2026-05-22 10:08:56] MOVE 107: Gruppe 2 (purple) 61->36 [0.01ms]
[2026-05-22 10:08:56] SCORE PCS (lawn green): Final=496.2, Time=94.2, Moves(18)=0.0, Pins(1)=100.0, Dist=302.0, Win Bonus=0.0
[2026-05-22 10:08:56] SCORE AlphaZeroClue (gray0): Final=567.4, Time=71.4, Moves(16)=0.0, Pins(2)=200.0, Dist=296.0, Win Bonus=0.0
[2026-05-22 10:08:56] SCORE Group7 (yellow): Final=592.1, Time=92.1, Moves(18)=0.0, Pins(2)=200.0, Dist=300.0, Win Bonus=0.0
[2026-05-22 10:08:56] SCORE Gruppe 2 (purple): Final=672.5, Time=92.5, Moves(18)=0.0, Pins(3)=300.0, Dist=280.0, Win Bonus=0.0
[2026-05-22 10:08:56] SCORE RL (red): Final=427.0, Time=85.0, Moves(17)=0.0, Pins(1)=100.0, Dist=242.0, Win Bonus=0.0
[2026-05-22 10:08:56] SCORE LosTurcos (blue): Final=576.4, Time=96.4, Moves(18)=0.0, Pins(2)=200.0, Dist=280.0, Win Bonus=0.0
[2026-05-22 10:08:56] ALL WRONG MOVES BY COLOUR: {'gray0': ['34 (turn timeout)', '82 (turn timeout)']}
[2026-05-22 10:08:57] MOVE 108: RL (red) 28->8 [0.01ms]
[2026-05-22 10:08:57] SCORE PCS (lawn green): Final=496.2, Time=94.2, Moves(18)=0.0, Pins(1)=100.0, Dist=302.0, Win Bonus=0.0
[2026-05-22 10:08:57] SCORE AlphaZeroClue (gray0): Final=567.4, Time=71.4, Moves(16)=0.0, Pins(2)=200.0, Dist=296.0, Win Bonus=0.0
[2026-05-22 10:08:57] SCORE Group7 (yellow): Final=592.1, Time=92.1, Moves(18)=0.0, Pins(2)=200.0, Dist=300.0, Win Bonus=0.0
[2026-05-22 10:08:57] SCORE Gruppe 2 (purple): Final=672.5, Time=92.5, Moves(18)=0.0, Pins(3)=300.0, Dist=280.0, Win Bonus=0.0
[2026-05-22 10:08:57] SCORE RL (red): Final=530.2, Time=84.2, Moves(18)=0.0, Pins(2)=200.0, Dist=246.0, Win Bonus=0.0
[2026-05-22 10:08:57] SCORE LosTurcos (blue): Final=576.4, Time=96.4, Moves(18)=0.0, Pins(2)=200.0, Dist=280.0, Win Bonus=0.0
[2026-05-22 10:08:57] ALL WRONG MOVES BY COLOUR: {'gray0': ['34 (turn timeout)', '82 (turn timeout)']}
[2026-05-22 10:08:57] MOVE 109: PCS (lawn green) 81->77 [0.01ms]
[2026-05-22 10:08:57] SCORE PCS (lawn green): Final=504.0, Time=94.0, Moves(19)=0.0, Pins(1)=100.0, Dist=310.0, Win Bonus=0.0
[2026-05-22 10:08:57] SCORE AlphaZeroClue (gray0): Final=567.4, Time=71.4, Moves(16)=0.0, Pins(2)=200.0, Dist=296.0, Win Bonus=0.0
[2026-05-22 10:08:57] SCORE Group7 (yellow): Final=592.1, Time=92.1, Moves(18)=0.0, Pins(2)=200.0, Dist=300.0, Win Bonus=0.0
[2026-05-22 10:08:57] SCORE Gruppe 2 (purple): Final=672.5, Time=92.5, Moves(18)=0.0, Pins(3)=300.0, Dist=280.0, Win Bonus=0.0
[2026-05-22 10:08:57] SCORE RL (red): Final=530.2, Time=84.2, Moves(18)=0.0, Pins(2)=200.0, Dist=246.0, Win Bonus=0.0
[2026-05-22 10:08:57] SCORE LosTurcos (blue): Final=576.4, Time=96.4, Moves(18)=0.0, Pins(2)=200.0, Dist=280.0, Win Bonus=0.0
[2026-05-22 10:08:57] ALL WRONG MOVES BY COLOUR: {'gray0': ['34 (turn timeout)', '82 (turn timeout)']}
[2026-05-22 10:08:58] MOVE 110: Group7 (yellow) 92->96 [0.00ms]
[2026-05-22 10:08:58] SCORE PCS (lawn green): Final=504.0, Time=94.0, Moves(19)=0.0, Pins(1)=100.0, Dist=310.0, Win Bonus=0.0
[2026-05-22 10:08:58] SCORE AlphaZeroClue (gray0): Final=567.4, Time=71.4, Moves(16)=0.0, Pins(2)=200.0, Dist=296.0, Win Bonus=0.0
[2026-05-22 10:08:58] SCORE Group7 (yellow): Final=697.7, Time=91.7, Moves(19)=0.0, Pins(3)=300.0, Dist=306.0, Win Bonus=0.0
[2026-05-22 10:08:58] SCORE Gruppe 2 (purple): Final=672.5, Time=92.5, Moves(18)=0.0, Pins(3)=300.0, Dist=280.0, Win Bonus=0.0
[2026-05-22 10:08:58] SCORE RL (red): Final=530.2, Time=84.2, Moves(18)=0.0, Pins(2)=200.0, Dist=246.0, Win Bonus=0.0
[2026-05-22 10:08:58] SCORE LosTurcos (blue): Final=576.4, Time=96.4, Moves(18)=0.0, Pins(2)=200.0, Dist=280.0, Win Bonus=0.0
[2026-05-22 10:08:58] ALL WRONG MOVES BY COLOUR: {'gray0': ['34 (turn timeout)', '82 (turn timeout)']}
[2026-05-22 10:08:58] MOVE 111: LosTurcos (blue) 18->31 [0.00ms]
[2026-05-22 10:08:58] SCORE PCS (lawn green): Final=504.0, Time=94.0, Moves(19)=0.0, Pins(1)=100.0, Dist=310.0, Win Bonus=0.0
[2026-05-22 10:08:58] SCORE AlphaZeroClue (gray0): Final=567.4, Time=71.4, Moves(16)=0.0, Pins(2)=200.0, Dist=296.0, Win Bonus=0.0
[2026-05-22 10:08:58] SCORE Group7 (yellow): Final=697.7, Time=91.7, Moves(19)=0.0, Pins(3)=300.0, Dist=306.0, Win Bonus=0.0
[2026-05-22 10:08:58] SCORE Gruppe 2 (purple): Final=672.5, Time=92.5, Moves(18)=0.0, Pins(3)=300.0, Dist=280.0, Win Bonus=0.0
[2026-05-22 10:08:58] SCORE RL (red): Final=530.2, Time=84.2, Moves(18)=0.0, Pins(2)=200.0, Dist=246.0, Win Bonus=0.0
[2026-05-22 10:08:58] SCORE LosTurcos (blue): Final=578.4, Time=96.4, Moves(19)=0.0, Pins(2)=200.0, Dist=282.0, Win Bonus=0.0
[2026-05-22 10:08:58] ALL WRONG MOVES BY COLOUR: {'gray0': ['34 (turn timeout)', '82 (turn timeout)']}
[2026-05-22 10:09:00] MOVE 112: AlphaZeroClue (gray0) 56->14 [0.01ms]
[2026-05-22 10:09:00] SCORE PCS (lawn green): Final=504.0, Time=94.0, Moves(19)=0.0, Pins(1)=100.0, Dist=310.0, Win Bonus=0.0
[2026-05-22 10:09:00] SCORE AlphaZeroClue (gray0): Final=573.5, Time=69.5, Moves(17)=0.0, Pins(2)=200.0, Dist=304.0, Win Bonus=0.0
[2026-05-22 10:09:00] SCORE Group7 (yellow): Final=697.7, Time=91.7, Moves(19)=0.0, Pins(3)=300.0, Dist=306.0, Win Bonus=0.0
[2026-05-22 10:09:00] SCORE Gruppe 2 (purple): Final=672.5, Time=92.5, Moves(18)=0.0, Pins(3)=300.0, Dist=280.0, Win Bonus=0.0
[2026-05-22 10:09:00] SCORE RL (red): Final=530.2, Time=84.2, Moves(18)=0.0, Pins(2)=200.0, Dist=246.0, Win Bonus=0.0
[2026-05-22 10:09:00] SCORE LosTurcos (blue): Final=578.4, Time=96.4, Moves(19)=0.0, Pins(2)=200.0, Dist=282.0, Win Bonus=0.0
[2026-05-22 10:09:00] ALL WRONG MOVES BY COLOUR: {'gray0': ['34 (turn timeout)', '82 (turn timeout)']}
[2026-05-22 10:09:00] MOVE 113: Gruppe 2 (purple) 106->79 [0.00ms]
[2026-05-22 10:09:00] SCORE PCS (lawn green): Final=504.0, Time=94.0, Moves(19)=0.0, Pins(1)=100.0, Dist=310.0, Win Bonus=0.0
[2026-05-22 10:09:00] SCORE AlphaZeroClue (gray0): Final=573.5, Time=69.5, Moves(17)=0.0, Pins(2)=200.0, Dist=304.0, Win Bonus=0.0
[2026-05-22 10:09:00] SCORE Group7 (yellow): Final=697.7, Time=91.7, Moves(19)=0.0, Pins(3)=300.0, Dist=306.0, Win Bonus=0.0
[2026-05-22 10:09:00] SCORE Gruppe 2 (purple): Final=680.0, Time=92.0, Moves(19)=0.0, Pins(3)=300.0, Dist=288.0, Win Bonus=0.0
[2026-05-22 10:09:00] SCORE RL (red): Final=530.2, Time=84.2, Moves(18)=0.0, Pins(2)=200.0, Dist=246.0, Win Bonus=0.0
[2026-05-22 10:09:00] SCORE LosTurcos (blue): Final=578.4, Time=96.4, Moves(19)=0.0, Pins(2)=200.0, Dist=282.0, Win Bonus=0.0
[2026-05-22 10:09:00] ALL WRONG MOVES BY COLOUR: {'gray0': ['34 (turn timeout)', '82 (turn timeout)']}
[2026-05-22 10:09:01] MOVE 114: RL (red) 65->56 [0.00ms]
[2026-05-22 10:09:01] SCORE PCS (lawn green): Final=504.0, Time=94.0, Moves(19)=0.0, Pins(1)=100.0, Dist=310.0, Win Bonus=0.0
[2026-05-22 10:09:01] SCORE AlphaZeroClue (gray0): Final=573.5, Time=69.5, Moves(17)=0.0, Pins(2)=200.0, Dist=304.0, Win Bonus=0.0
[2026-05-22 10:09:01] SCORE Group7 (yellow): Final=697.7, Time=91.7, Moves(19)=0.0, Pins(3)=300.0, Dist=306.0, Win Bonus=0.0
[2026-05-22 10:09:01] SCORE Gruppe 2 (purple): Final=680.0, Time=92.0, Moves(19)=0.0, Pins(3)=300.0, Dist=288.0, Win Bonus=0.0
[2026-05-22 10:09:01] SCORE RL (red): Final=531.3, Time=83.3, Moves(19)=0.0, Pins(2)=200.0, Dist=248.0, Win Bonus=0.0
[2026-05-22 10:09:01] SCORE LosTurcos (blue): Final=578.4, Time=96.4, Moves(19)=0.0, Pins(2)=200.0, Dist=282.0, Win Bonus=0.0
[2026-05-22 10:09:01] ALL WRONG MOVES BY COLOUR: {'gray0': ['34 (turn timeout)', '82 (turn timeout)']}
[2026-05-22 10:09:01] MOVE 115: PCS (lawn green) 40->59 [0.00ms]
[2026-05-22 10:09:01] SCORE PCS (lawn green): Final=507.9, Time=93.9, Moves(20)=0.0, Pins(1)=100.0, Dist=314.0, Win Bonus=0.0
[2026-05-22 10:09:01] SCORE AlphaZeroClue (gray0): Final=573.5, Time=69.5, Moves(17)=0.0, Pins(2)=200.0, Dist=304.0, Win Bonus=0.0
[2026-05-22 10:09:01] SCORE Group7 (yellow): Final=697.7, Time=91.7, Moves(19)=0.0, Pins(3)=300.0, Dist=306.0, Win Bonus=0.0
[2026-05-22 10:09:01] SCORE Gruppe 2 (purple): Final=680.0, Time=92.0, Moves(19)=0.0, Pins(3)=300.0, Dist=288.0, Win Bonus=0.0
[2026-05-22 10:09:01] SCORE RL (red): Final=531.3, Time=83.3, Moves(19)=0.0, Pins(2)=200.0, Dist=248.0, Win Bonus=0.0
[2026-05-22 10:09:01] SCORE LosTurcos (blue): Final=578.4, Time=96.4, Moves(19)=0.0, Pins(2)=200.0, Dist=282.0, Win Bonus=0.0
[2026-05-22 10:09:01] ALL WRONG MOVES BY COLOUR: {'gray0': ['34 (turn timeout)', '82 (turn timeout)']}
[2026-05-22 10:09:02] MOVE 116: Group7 (yellow) 24->47 [0.01ms]
[2026-05-22 10:09:02] SCORE PCS (lawn green): Final=507.9, Time=93.9, Moves(20)=0.0, Pins(1)=100.0, Dist=314.0, Win Bonus=0.0
[2026-05-22 10:09:02] SCORE AlphaZeroClue (gray0): Final=573.5, Time=69.5, Moves(17)=0.0, Pins(2)=200.0, Dist=304.0, Win Bonus=0.0
[2026-05-22 10:09:02] SCORE Group7 (yellow): Final=701.3, Time=91.3, Moves(20)=0.0, Pins(3)=300.0, Dist=310.0, Win Bonus=0.0
[2026-05-22 10:09:02] SCORE Gruppe 2 (purple): Final=680.0, Time=92.0, Moves(19)=0.0, Pins(3)=300.0, Dist=288.0, Win Bonus=0.0
[2026-05-22 10:09:02] SCORE RL (red): Final=531.3, Time=83.3, Moves(19)=0.0, Pins(2)=200.0, Dist=248.0, Win Bonus=0.0
[2026-05-22 10:09:02] SCORE LosTurcos (blue): Final=578.4, Time=96.4, Moves(19)=0.0, Pins(2)=200.0, Dist=282.0, Win Bonus=0.0
[2026-05-22 10:09:02] ALL WRONG MOVES BY COLOUR: {'gray0': ['34 (turn timeout)', '82 (turn timeout)']}
[2026-05-22 10:09:02] MOVE 117: LosTurcos (blue) 7->15 [0.00ms]
[2026-05-22 10:09:02] SCORE PCS (lawn green): Final=507.9, Time=93.9, Moves(20)=0.0, Pins(1)=100.0, Dist=314.0, Win Bonus=0.0
[2026-05-22 10:09:02] SCORE AlphaZeroClue (gray0): Final=573.5, Time=69.5, Moves(17)=0.0, Pins(2)=200.0, Dist=304.0, Win Bonus=0.0
[2026-05-22 10:09:02] SCORE Group7 (yellow): Final=701.3, Time=91.3, Moves(20)=0.0, Pins(3)=300.0, Dist=310.0, Win Bonus=0.0
[2026-05-22 10:09:02] SCORE Gruppe 2 (purple): Final=680.0, Time=92.0, Moves(19)=0.0, Pins(3)=300.0, Dist=288.0, Win Bonus=0.0
[2026-05-22 10:09:02] SCORE RL (red): Final=531.3, Time=83.3, Moves(19)=0.0, Pins(2)=200.0, Dist=248.0, Win Bonus=0.0
[2026-05-22 10:09:02] SCORE LosTurcos (blue): Final=580.2, Time=96.2, Moves(20)=0.0, Pins(2)=200.0, Dist=284.0, Win Bonus=0.0
[2026-05-22 10:09:02] ALL WRONG MOVES BY COLOUR: {'gray0': ['34 (turn timeout)', '82 (turn timeout)']}
[2026-05-22 10:09:04] MOVE 118: AlphaZeroClue (gray0) 34->32 [0.00ms]
[2026-05-22 10:09:04] SCORE PCS (lawn green): Final=507.9, Time=93.9, Moves(20)=0.0, Pins(1)=100.0, Dist=314.0, Win Bonus=0.0
[2026-05-22 10:09:04] SCORE AlphaZeroClue (gray0): Final=571.7, Time=67.7, Moves(18)=0.0, Pins(2)=200.0, Dist=304.0, Win Bonus=0.0
[2026-05-22 10:09:04] SCORE Group7 (yellow): Final=701.3, Time=91.3, Moves(20)=0.0, Pins(3)=300.0, Dist=310.0, Win Bonus=0.0
[2026-05-22 10:09:04] SCORE Gruppe 2 (purple): Final=680.0, Time=92.0, Moves(19)=0.0, Pins(3)=300.0, Dist=288.0, Win Bonus=0.0
[2026-05-22 10:09:04] SCORE RL (red): Final=531.3, Time=83.3, Moves(19)=0.0, Pins(2)=200.0, Dist=248.0, Win Bonus=0.0
[2026-05-22 10:09:04] SCORE LosTurcos (blue): Final=580.2, Time=96.2, Moves(20)=0.0, Pins(2)=200.0, Dist=284.0, Win Bonus=0.0
[2026-05-22 10:09:04] ALL WRONG MOVES BY COLOUR: {'gray0': ['34 (turn timeout)', '82 (turn timeout)']}
[2026-05-22 10:09:04] MOVE 119: Gruppe 2 (purple) 110->62 [0.00ms]
[2026-05-22 10:09:04] SCORE PCS (lawn green): Final=507.9, Time=93.9, Moves(20)=0.0, Pins(1)=100.0, Dist=314.0, Win Bonus=0.0
[2026-05-22 10:09:04] SCORE AlphaZeroClue (gray0): Final=571.7, Time=67.7, Moves(18)=0.0, Pins(2)=200.0, Dist=304.0, Win Bonus=0.0
[2026-05-22 10:09:04] SCORE Group7 (yellow): Final=701.3, Time=91.3, Moves(20)=0.0, Pins(3)=300.0, Dist=310.0, Win Bonus=0.0
[2026-05-22 10:09:04] SCORE Gruppe 2 (purple): Final=691.5, Time=91.5, Moves(20)=0.0, Pins(3)=300.0, Dist=300.0, Win Bonus=0.0
[2026-05-22 10:09:04] SCORE RL (red): Final=531.3, Time=83.3, Moves(19)=0.0, Pins(2)=200.0, Dist=248.0, Win Bonus=0.0
[2026-05-22 10:09:04] SCORE LosTurcos (blue): Final=580.2, Time=96.2, Moves(20)=0.0, Pins(2)=200.0, Dist=284.0, Win Bonus=0.0
[2026-05-22 10:09:04] ALL WRONG MOVES BY COLOUR: {'gray0': ['34 (turn timeout)', '82 (turn timeout)']}
[2026-05-22 10:09:05] MOVE 120: RL (red) 8->5 [0.00ms]
[2026-05-22 10:09:05] SCORE PCS (lawn green): Final=507.9, Time=93.9, Moves(20)=0.0, Pins(1)=100.0, Dist=314.0, Win Bonus=0.0
[2026-05-22 10:09:05] SCORE AlphaZeroClue (gray0): Final=571.7, Time=67.7, Moves(18)=0.0, Pins(2)=200.0, Dist=304.0, Win Bonus=0.0
[2026-05-22 10:09:05] SCORE Group7 (yellow): Final=701.3, Time=91.3, Moves(20)=0.0, Pins(3)=300.0, Dist=310.0, Win Bonus=0.0
[2026-05-22 10:09:05] SCORE Gruppe 2 (purple): Final=691.5, Time=91.5, Moves(20)=0.0, Pins(3)=300.0, Dist=300.0, Win Bonus=0.0
[2026-05-22 10:09:05] SCORE RL (red): Final=530.5, Time=82.5, Moves(20)=0.0, Pins(2)=200.0, Dist=248.0, Win Bonus=0.0
[2026-05-22 10:09:05] SCORE LosTurcos (blue): Final=580.2, Time=96.2, Moves(20)=0.0, Pins(2)=200.0, Dist=284.0, Win Bonus=0.0
[2026-05-22 10:09:05] ALL WRONG MOVES BY COLOUR: {'gray0': ['34 (turn timeout)', '82 (turn timeout)']}
[2026-05-22 10:09:05] MOVE 121: PCS (lawn green) 41->43 [0.00ms]
[2026-05-22 10:09:05] SCORE PCS (lawn green): Final=503.8, Time=93.8, Moves(21)=0.0, Pins(1)=100.0, Dist=310.0, Win Bonus=0.0
[2026-05-22 10:09:05] SCORE AlphaZeroClue (gray0): Final=571.7, Time=67.7, Moves(18)=0.0, Pins(2)=200.0, Dist=304.0, Win Bonus=0.0
[2026-05-22 10:09:05] SCORE Group7 (yellow): Final=701.3, Time=91.3, Moves(20)=0.0, Pins(3)=300.0, Dist=310.0, Win Bonus=0.0
[2026-05-22 10:09:05] SCORE Gruppe 2 (purple): Final=691.5, Time=91.5, Moves(20)=0.0, Pins(3)=300.0, Dist=300.0, Win Bonus=0.0
[2026-05-22 10:09:05] SCORE RL (red): Final=530.5, Time=82.5, Moves(20)=0.0, Pins(2)=200.0, Dist=248.0, Win Bonus=0.0
[2026-05-22 10:09:05] SCORE LosTurcos (blue): Final=580.2, Time=96.2, Moves(20)=0.0, Pins(2)=200.0, Dist=284.0, Win Bonus=0.0
[2026-05-22 10:09:05] ALL WRONG MOVES BY COLOUR: {'gray0': ['34 (turn timeout)', '82 (turn timeout)']}
[2026-05-22 10:09:06] MOVE 122: Group7 (yellow) 44->55 [0.01ms]
[2026-05-22 10:09:06] SCORE PCS (lawn green): Final=503.8, Time=93.8, Moves(21)=0.0, Pins(1)=100.0, Dist=310.0, Win Bonus=0.0
[2026-05-22 10:09:06] SCORE AlphaZeroClue (gray0): Final=571.7, Time=67.7, Moves(18)=0.0, Pins(2)=200.0, Dist=304.0, Win Bonus=0.0
[2026-05-22 10:09:06] SCORE Group7 (yellow): Final=702.8, Time=90.8, Moves(21)=0.0, Pins(3)=300.0, Dist=312.0, Win Bonus=0.0
[2026-05-22 10:09:06] SCORE Gruppe 2 (purple): Final=691.5, Time=91.5, Moves(20)=0.0, Pins(3)=300.0, Dist=300.0, Win Bonus=0.0
[2026-05-22 10:09:06] SCORE RL (red): Final=530.5, Time=82.5, Moves(20)=0.0, Pins(2)=200.0, Dist=248.0, Win Bonus=0.0
[2026-05-22 10:09:06] SCORE LosTurcos (blue): Final=580.2, Time=96.2, Moves(20)=0.0, Pins(2)=200.0, Dist=284.0, Win Bonus=0.0
[2026-05-22 10:09:06] ALL WRONG MOVES BY COLOUR: {'gray0': ['34 (turn timeout)', '82 (turn timeout)']}
[2026-05-22 10:09:06] MOVE 123: LosTurcos (blue) 31->54 [0.01ms]
[2026-05-22 10:09:06] SCORE PCS (lawn green): Final=503.8, Time=93.8, Moves(21)=0.0, Pins(1)=100.0, Dist=310.0, Win Bonus=0.0
[2026-05-22 10:09:06] SCORE AlphaZeroClue (gray0): Final=571.7, Time=67.7, Moves(18)=0.0, Pins(2)=200.0, Dist=304.0, Win Bonus=0.0
[2026-05-22 10:09:06] SCORE Group7 (yellow): Final=702.8, Time=90.8, Moves(21)=0.0, Pins(3)=300.0, Dist=312.0, Win Bonus=0.0
[2026-05-22 10:09:06] SCORE Gruppe 2 (purple): Final=691.5, Time=91.5, Moves(20)=0.0, Pins(3)=300.0, Dist=300.0, Win Bonus=0.0
[2026-05-22 10:09:06] SCORE RL (red): Final=530.5, Time=82.5, Moves(20)=0.0, Pins(2)=200.0, Dist=248.0, Win Bonus=0.0
[2026-05-22 10:09:06] SCORE LosTurcos (blue): Final=584.1, Time=96.1, Moves(21)=0.0, Pins(2)=200.0, Dist=288.0, Win Bonus=0.0
[2026-05-22 10:09:06] ALL WRONG MOVES BY COLOUR: {'gray0': ['34 (turn timeout)', '82 (turn timeout)']}
[2026-05-22 10:09:07] MOVE 124: AlphaZeroClue (gray0) 26->8 [0.00ms]
[2026-05-22 10:09:07] SCORE PCS (lawn green): Final=503.8, Time=93.8, Moves(21)=0.0, Pins(1)=100.0, Dist=310.0, Win Bonus=0.0
[2026-05-22 10:09:07] SCORE AlphaZeroClue (gray0): Final=576.0, Time=66.0, Moves(19)=0.0, Pins(2)=200.0, Dist=310.0, Win Bonus=0.0
[2026-05-22 10:09:07] SCORE Group7 (yellow): Final=702.8, Time=90.8, Moves(21)=0.0, Pins(3)=300.0, Dist=312.0, Win Bonus=0.0
[2026-05-22 10:09:07] SCORE Gruppe 2 (purple): Final=691.5, Time=91.5, Moves(20)=0.0, Pins(3)=300.0, Dist=300.0, Win Bonus=0.0
[2026-05-22 10:09:07] SCORE RL (red): Final=530.5, Time=82.5, Moves(20)=0.0, Pins(2)=200.0, Dist=248.0, Win Bonus=0.0
[2026-05-22 10:09:07] SCORE LosTurcos (blue): Final=584.1, Time=96.1, Moves(21)=0.0, Pins(2)=200.0, Dist=288.0, Win Bonus=0.0
[2026-05-22 10:09:07] ALL WRONG MOVES BY COLOUR: {'gray0': ['34 (turn timeout)', '82 (turn timeout)']}
[2026-05-22 10:09:08] MOVE 125: Gruppe 2 (purple) 29->28 [0.00ms]
[2026-05-22 10:09:08] SCORE PCS (lawn green): Final=503.8, Time=93.8, Moves(21)=0.0, Pins(1)=100.0, Dist=310.0, Win Bonus=0.0
[2026-05-22 10:09:08] SCORE AlphaZeroClue (gray0): Final=576.0, Time=66.0, Moves(19)=0.0, Pins(2)=200.0, Dist=310.0, Win Bonus=0.0
[2026-05-22 10:09:08] SCORE Group7 (yellow): Final=702.8, Time=90.8, Moves(21)=0.0, Pins(3)=300.0, Dist=312.0, Win Bonus=0.0
[2026-05-22 10:09:08] SCORE Gruppe 2 (purple): Final=693.0, Time=91.0, Moves(21)=0.0, Pins(3)=300.0, Dist=302.0, Win Bonus=0.0
[2026-05-22 10:09:08] SCORE RL (red): Final=530.5, Time=82.5, Moves(20)=0.0, Pins(2)=200.0, Dist=248.0, Win Bonus=0.0
[2026-05-22 10:09:08] SCORE LosTurcos (blue): Final=584.1, Time=96.1, Moves(21)=0.0, Pins(2)=200.0, Dist=288.0, Win Bonus=0.0
[2026-05-22 10:09:08] ALL WRONG MOVES BY COLOUR: {'gray0': ['34 (turn timeout)', '82 (turn timeout)']}
[2026-05-22 10:09:09] MOVE 126: RL (red) 56->65 [0.01ms]
[2026-05-22 10:09:09] SCORE PCS (lawn green): Final=503.8, Time=93.8, Moves(21)=0.0, Pins(1)=100.0, Dist=310.0, Win Bonus=0.0
[2026-05-22 10:09:09] SCORE AlphaZeroClue (gray0): Final=576.0, Time=66.0, Moves(19)=0.0, Pins(2)=200.0, Dist=310.0, Win Bonus=0.0
[2026-05-22 10:09:09] SCORE Group7 (yellow): Final=702.8, Time=90.8, Moves(21)=0.0, Pins(3)=300.0, Dist=312.0, Win Bonus=0.0
[2026-05-22 10:09:09] SCORE Gruppe 2 (purple): Final=693.0, Time=91.0, Moves(21)=0.0, Pins(3)=300.0, Dist=302.0, Win Bonus=0.0
[2026-05-22 10:09:09] SCORE RL (red): Final=527.7, Time=81.7, Moves(21)=0.0, Pins(2)=200.0, Dist=246.0, Win Bonus=0.0
[2026-05-22 10:09:09] SCORE LosTurcos (blue): Final=584.1, Time=96.1, Moves(21)=0.0, Pins(2)=200.0, Dist=288.0, Win Bonus=0.0
[2026-05-22 10:09:09] ALL WRONG MOVES BY COLOUR: {'gray0': ['34 (turn timeout)', '82 (turn timeout)']}
[2026-05-22 10:09:09] MOVE 127: PCS (lawn green) 57->56 [0.00ms]
[2026-05-22 10:09:09] SCORE PCS (lawn green): Final=505.5, Time=93.5, Moves(22)=0.0, Pins(1)=100.0, Dist=312.0, Win Bonus=0.0
[2026-05-22 10:09:09] SCORE AlphaZeroClue (gray0): Final=576.0, Time=66.0, Moves(19)=0.0, Pins(2)=200.0, Dist=310.0, Win Bonus=0.0
[2026-05-22 10:09:09] SCORE Group7 (yellow): Final=702.8, Time=90.8, Moves(21)=0.0, Pins(3)=300.0, Dist=312.0, Win Bonus=0.0
[2026-05-22 10:09:09] SCORE Gruppe 2 (purple): Final=693.0, Time=91.0, Moves(21)=0.0, Pins(3)=300.0, Dist=302.0, Win Bonus=0.0
[2026-05-22 10:09:09] SCORE RL (red): Final=527.7, Time=81.7, Moves(21)=0.0, Pins(2)=200.0, Dist=246.0, Win Bonus=0.0
[2026-05-22 10:09:09] SCORE LosTurcos (blue): Final=584.1, Time=96.1, Moves(21)=0.0, Pins(2)=200.0, Dist=288.0, Win Bonus=0.0
[2026-05-22 10:09:09] ALL WRONG MOVES BY COLOUR: {'gray0': ['34 (turn timeout)', '82 (turn timeout)']}
[2026-05-22 10:09:09] MOVE 128: Group7 (yellow) 55->64 [0.01ms]
[2026-05-22 10:09:09] SCORE PCS (lawn green): Final=505.5, Time=93.5, Moves(22)=0.0, Pins(1)=100.0, Dist=312.0, Win Bonus=0.0
[2026-05-22 10:09:09] SCORE AlphaZeroClue (gray0): Final=576.0, Time=66.0, Moves(19)=0.0, Pins(2)=200.0, Dist=310.0, Win Bonus=0.0
[2026-05-22 10:09:09] SCORE Group7 (yellow): Final=704.5, Time=90.5, Moves(22)=0.0, Pins(3)=300.0, Dist=314.0, Win Bonus=0.0
[2026-05-22 10:09:09] SCORE Gruppe 2 (purple): Final=693.0, Time=91.0, Moves(21)=0.0, Pins(3)=300.0, Dist=302.0, Win Bonus=0.0
[2026-05-22 10:09:09] SCORE RL (red): Final=527.7, Time=81.7, Moves(21)=0.0, Pins(2)=200.0, Dist=246.0, Win Bonus=0.0
[2026-05-22 10:09:09] SCORE LosTurcos (blue): Final=584.1, Time=96.1, Moves(21)=0.0, Pins(2)=200.0, Dist=288.0, Win Bonus=0.0
[2026-05-22 10:09:09] ALL WRONG MOVES BY COLOUR: {'gray0': ['34 (turn timeout)', '82 (turn timeout)']}
[2026-05-22 10:09:10] MOVE 129: LosTurcos (blue) 16->39 [0.00ms]
[2026-05-22 10:09:10] SCORE PCS (lawn green): Final=505.5, Time=93.5, Moves(22)=0.0, Pins(1)=100.0, Dist=312.0, Win Bonus=0.0
[2026-05-22 10:09:10] SCORE AlphaZeroClue (gray0): Final=576.0, Time=66.0, Moves(19)=0.0, Pins(2)=200.0, Dist=310.0, Win Bonus=0.0
[2026-05-22 10:09:10] SCORE Group7 (yellow): Final=704.5, Time=90.5, Moves(22)=0.0, Pins(3)=300.0, Dist=314.0, Win Bonus=0.0
[2026-05-22 10:09:10] SCORE Gruppe 2 (purple): Final=693.0, Time=91.0, Moves(21)=0.0, Pins(3)=300.0, Dist=302.0, Win Bonus=0.0
[2026-05-22 10:09:10] SCORE RL (red): Final=527.7, Time=81.7, Moves(21)=0.0, Pins(2)=200.0, Dist=246.0, Win Bonus=0.0
[2026-05-22 10:09:10] SCORE LosTurcos (blue): Final=587.9, Time=95.9, Moves(22)=0.0, Pins(2)=200.0, Dist=292.0, Win Bonus=0.0
[2026-05-22 10:09:10] ALL WRONG MOVES BY COLOUR: {'gray0': ['34 (turn timeout)', '82 (turn timeout)']}
[2026-05-22 10:09:11] MOVE 130: AlphaZeroClue (gray0) 78->40 [0.00ms]
[2026-05-22 10:09:11] SCORE PCS (lawn green): Final=505.5, Time=93.5, Moves(22)=0.0, Pins(1)=100.0, Dist=312.0, Win Bonus=0.0
[2026-05-22 10:09:11] SCORE AlphaZeroClue (gray0): Final=582.3, Time=64.3, Moves(20)=0.0, Pins(2)=200.0, Dist=318.0, Win Bonus=0.0
[2026-05-22 10:09:11] SCORE Group7 (yellow): Final=704.5, Time=90.5, Moves(22)=0.0, Pins(3)=300.0, Dist=314.0, Win Bonus=0.0
[2026-05-22 10:09:11] SCORE Gruppe 2 (purple): Final=693.0, Time=91.0, Moves(21)=0.0, Pins(3)=300.0, Dist=302.0, Win Bonus=0.0
[2026-05-22 10:09:11] SCORE RL (red): Final=527.7, Time=81.7, Moves(21)=0.0, Pins(2)=200.0, Dist=246.0, Win Bonus=0.0
[2026-05-22 10:09:11] SCORE LosTurcos (blue): Final=587.9, Time=95.9, Moves(22)=0.0, Pins(2)=200.0, Dist=292.0, Win Bonus=0.0
[2026-05-22 10:09:11] ALL WRONG MOVES BY COLOUR: {'gray0': ['34 (turn timeout)', '82 (turn timeout)']}
[2026-05-22 10:09:12] MOVE 131: Gruppe 2 (purple) 28->24 [0.00ms]
[2026-05-22 10:09:12] SCORE PCS (lawn green): Final=505.5, Time=93.5, Moves(22)=0.0, Pins(1)=100.0, Dist=312.0, Win Bonus=0.0
[2026-05-22 10:09:12] SCORE AlphaZeroClue (gray0): Final=582.3, Time=64.3, Moves(20)=0.0, Pins(2)=200.0, Dist=318.0, Win Bonus=0.0
[2026-05-22 10:09:12] SCORE Group7 (yellow): Final=704.5, Time=90.5, Moves(22)=0.0, Pins(3)=300.0, Dist=314.0, Win Bonus=0.0
[2026-05-22 10:09:12] SCORE Gruppe 2 (purple): Final=798.4, Time=90.4, Moves(22)=0.0, Pins(4)=400.0, Dist=308.0, Win Bonus=0.0
[2026-05-22 10:09:12] SCORE RL (red): Final=527.7, Time=81.7, Moves(21)=0.0, Pins(2)=200.0, Dist=246.0, Win Bonus=0.0
[2026-05-22 10:09:12] SCORE LosTurcos (blue): Final=587.9, Time=95.9, Moves(22)=0.0, Pins(2)=200.0, Dist=292.0, Win Bonus=0.0
[2026-05-22 10:09:12] ALL WRONG MOVES BY COLOUR: {'gray0': ['34 (turn timeout)', '82 (turn timeout)']}
[2026-05-22 10:09:13] MOVE 132: RL (red) 65->66 [0.00ms]
[2026-05-22 10:09:13] SCORE PCS (lawn green): Final=505.5, Time=93.5, Moves(22)=0.0, Pins(1)=100.0, Dist=312.0, Win Bonus=0.0
[2026-05-22 10:09:13] SCORE AlphaZeroClue (gray0): Final=582.3, Time=64.3, Moves(20)=0.0, Pins(2)=200.0, Dist=318.0, Win Bonus=0.0
[2026-05-22 10:09:13] SCORE Group7 (yellow): Final=704.5, Time=90.5, Moves(22)=0.0, Pins(3)=300.0, Dist=314.0, Win Bonus=0.0
[2026-05-22 10:09:13] SCORE Gruppe 2 (purple): Final=798.4, Time=90.4, Moves(22)=0.0, Pins(4)=400.0, Dist=308.0, Win Bonus=0.0
[2026-05-22 10:09:13] SCORE RL (red): Final=526.9, Time=80.9, Moves(22)=0.0, Pins(2)=200.0, Dist=246.0, Win Bonus=0.0
[2026-05-22 10:09:13] SCORE LosTurcos (blue): Final=587.9, Time=95.9, Moves(22)=0.0, Pins(2)=200.0, Dist=292.0, Win Bonus=0.0
[2026-05-22 10:09:13] ALL WRONG MOVES BY COLOUR: {'gray0': ['34 (turn timeout)', '82 (turn timeout)']}
[2026-05-22 10:09:13] MOVE 133: PCS (lawn green) 59->57 [0.00ms]
[2026-05-22 10:09:13] SCORE PCS (lawn green): Final=509.4, Time=93.4, Moves(23)=0.0, Pins(1)=100.0, Dist=316.0, Win Bonus=0.0
[2026-05-22 10:09:13] SCORE AlphaZeroClue (gray0): Final=582.3, Time=64.3, Moves(20)=0.0, Pins(2)=200.0, Dist=318.0, Win Bonus=0.0
[2026-05-22 10:09:13] SCORE Group7 (yellow): Final=704.5, Time=90.5, Moves(22)=0.0, Pins(3)=300.0, Dist=314.0, Win Bonus=0.0
[2026-05-22 10:09:13] SCORE Gruppe 2 (purple): Final=798.4, Time=90.4, Moves(22)=0.0, Pins(4)=400.0, Dist=308.0, Win Bonus=0.0
[2026-05-22 10:09:13] SCORE RL (red): Final=526.9, Time=80.9, Moves(22)=0.0, Pins(2)=200.0, Dist=246.0, Win Bonus=0.0
[2026-05-22 10:09:13] SCORE LosTurcos (blue): Final=587.9, Time=95.9, Moves(22)=0.0, Pins(2)=200.0, Dist=292.0, Win Bonus=0.0
[2026-05-22 10:09:13] ALL WRONG MOVES BY COLOUR: {'gray0': ['34 (turn timeout)', '82 (turn timeout)']}
[2026-05-22 10:09:13] MOVE 134: Group7 (yellow) 25->37 [0.01ms]
[2026-05-22 10:09:13] SCORE PCS (lawn green): Final=509.4, Time=93.4, Moves(23)=0.0, Pins(1)=100.0, Dist=316.0, Win Bonus=0.0
[2026-05-22 10:09:13] SCORE AlphaZeroClue (gray0): Final=582.3, Time=64.3, Moves(20)=0.0, Pins(2)=200.0, Dist=318.0, Win Bonus=0.0
[2026-05-22 10:09:13] SCORE Group7 (yellow): Final=705.9, Time=89.9, Moves(23)=0.0, Pins(3)=300.0, Dist=316.0, Win Bonus=0.0
[2026-05-22 10:09:13] SCORE Gruppe 2 (purple): Final=798.4, Time=90.4, Moves(22)=0.0, Pins(4)=400.0, Dist=308.0, Win Bonus=0.0
[2026-05-22 10:09:13] SCORE RL (red): Final=526.9, Time=80.9, Moves(22)=0.0, Pins(2)=200.0, Dist=246.0, Win Bonus=0.0
[2026-05-22 10:09:13] SCORE LosTurcos (blue): Final=587.9, Time=95.9, Moves(22)=0.0, Pins(2)=200.0, Dist=292.0, Win Bonus=0.0
[2026-05-22 10:09:13] ALL WRONG MOVES BY COLOUR: {'gray0': ['34 (turn timeout)', '82 (turn timeout)']}
[2026-05-22 10:09:14] MOVE 135: LosTurcos (blue) 49->73 [0.00ms]
[2026-05-22 10:09:14] SCORE PCS (lawn green): Final=509.4, Time=93.4, Moves(23)=0.0, Pins(1)=100.0, Dist=316.0, Win Bonus=0.0
[2026-05-22 10:09:14] SCORE AlphaZeroClue (gray0): Final=582.3, Time=64.3, Moves(20)=0.0, Pins(2)=200.0, Dist=318.0, Win Bonus=0.0
[2026-05-22 10:09:14] SCORE Group7 (yellow): Final=705.9, Time=89.9, Moves(23)=0.0, Pins(3)=300.0, Dist=316.0, Win Bonus=0.0
[2026-05-22 10:09:14] SCORE Gruppe 2 (purple): Final=798.4, Time=90.4, Moves(22)=0.0, Pins(4)=400.0, Dist=308.0, Win Bonus=0.0
[2026-05-22 10:09:14] SCORE RL (red): Final=526.9, Time=80.9, Moves(22)=0.0, Pins(2)=200.0, Dist=246.0, Win Bonus=0.0
[2026-05-22 10:09:14] SCORE LosTurcos (blue): Final=591.7, Time=95.7, Moves(23)=0.0, Pins(2)=200.0, Dist=296.0, Win Bonus=0.0
[2026-05-22 10:09:14] ALL WRONG MOVES BY COLOUR: {'gray0': ['34 (turn timeout)', '82 (turn timeout)']}
[2026-05-22 10:09:16] SCORE PCS (lawn green): Final=509.4, Time=93.4, Moves(23)=0.0, Pins(1)=100.0, Dist=316.0, Win Bonus=0.0
[2026-05-22 10:09:16] SCORE AlphaZeroClue (gray0): Final=582.3, Time=64.3, Moves(20)=0.0, Pins(2)=200.0, Dist=318.0, Win Bonus=0.0
[2026-05-22 10:09:16] SCORE Group7 (yellow): Final=705.9, Time=89.9, Moves(23)=0.0, Pins(3)=300.0, Dist=316.0, Win Bonus=0.0
[2026-05-22 10:09:16] SCORE Gruppe 2 (purple): Final=798.4, Time=90.4, Moves(22)=0.0, Pins(4)=400.0, Dist=308.0, Win Bonus=0.0
[2026-05-22 10:09:16] SCORE RL (red): Final=526.9, Time=80.9, Moves(22)=0.0, Pins(2)=200.0, Dist=246.0, Win Bonus=0.0
[2026-05-22 10:09:16] SCORE LosTurcos (blue): Final=591.7, Time=95.7, Moves(23)=0.0, Pins(2)=200.0, Dist=296.0, Win Bonus=0.0
[2026-05-22 10:09:16] ALL WRONG MOVES BY COLOUR: {'gray0': ['34 (turn timeout)', '82 (turn timeout)', '136 (turn timeout)']}
[2026-05-22 10:09:16] TURN TIMEOUT: Player with colour gray0 exceeded 2s at move 136. Turn skipped.
[2026-05-22 10:09:16] MOVE 137: Gruppe 2 (purple) 62->53 [0.00ms]
[2026-05-22 10:09:16] SCORE PCS (lawn green): Final=509.4, Time=93.4, Moves(23)=0.0, Pins(1)=100.0, Dist=316.0, Win Bonus=0.0
[2026-05-22 10:09:16] SCORE AlphaZeroClue (gray0): Final=582.3, Time=64.3, Moves(20)=0.0, Pins(2)=200.0, Dist=318.0, Win Bonus=0.0
[2026-05-22 10:09:16] SCORE Group7 (yellow): Final=705.9, Time=89.9, Moves(23)=0.0, Pins(3)=300.0, Dist=316.0, Win Bonus=0.0
[2026-05-22 10:09:16] SCORE Gruppe 2 (purple): Final=798.3, Time=90.3, Moves(23)=0.0, Pins(4)=400.0, Dist=308.0, Win Bonus=0.0
[2026-05-22 10:09:16] SCORE RL (red): Final=526.9, Time=80.9, Moves(22)=0.0, Pins(2)=200.0, Dist=246.0, Win Bonus=0.0
[2026-05-22 10:09:16] SCORE LosTurcos (blue): Final=591.7, Time=95.7, Moves(23)=0.0, Pins(2)=200.0, Dist=296.0, Win Bonus=0.0
[2026-05-22 10:09:16] ALL WRONG MOVES BY COLOUR: {'gray0': ['34 (turn timeout)', '82 (turn timeout)', '136 (turn timeout)']}
[2026-05-22 10:09:17] MOVE 138: RL (red) 66->65 [0.01ms]
[2026-05-22 10:09:17] SCORE PCS (lawn green): Final=509.4, Time=93.4, Moves(23)=0.0, Pins(1)=100.0, Dist=316.0, Win Bonus=0.0
[2026-05-22 10:09:17] SCORE AlphaZeroClue (gray0): Final=582.3, Time=64.3, Moves(20)=0.0, Pins(2)=200.0, Dist=318.0, Win Bonus=0.0
[2026-05-22 10:09:17] SCORE Group7 (yellow): Final=705.9, Time=89.9, Moves(23)=0.0, Pins(3)=300.0, Dist=316.0, Win Bonus=0.0
[2026-05-22 10:09:17] SCORE Gruppe 2 (purple): Final=798.3, Time=90.3, Moves(23)=0.0, Pins(4)=400.0, Dist=308.0, Win Bonus=0.0
[2026-05-22 10:09:17] SCORE RL (red): Final=526.0, Time=80.0, Moves(23)=0.0, Pins(2)=200.0, Dist=246.0, Win Bonus=0.0
[2026-05-22 10:09:17] SCORE LosTurcos (blue): Final=591.7, Time=95.7, Moves(23)=0.0, Pins(2)=200.0, Dist=296.0, Win Bonus=0.0
[2026-05-22 10:09:17] ALL WRONG MOVES BY COLOUR: {'gray0': ['34 (turn timeout)', '82 (turn timeout)', '136 (turn timeout)']}
[2026-05-22 10:09:17] MOVE 139: PCS (lawn green) 20->19 [0.01ms]
[2026-05-22 10:09:17] SCORE PCS (lawn green): Final=511.2, Time=93.2, Moves(24)=0.0, Pins(1)=100.0, Dist=318.0, Win Bonus=0.0
[2026-05-22 10:09:17] SCORE AlphaZeroClue (gray0): Final=582.3, Time=64.3, Moves(20)=0.0, Pins(2)=200.0, Dist=318.0, Win Bonus=0.0
[2026-05-22 10:09:17] SCORE Group7 (yellow): Final=705.9, Time=89.9, Moves(23)=0.0, Pins(3)=300.0, Dist=316.0, Win Bonus=0.0
[2026-05-22 10:09:17] SCORE Gruppe 2 (purple): Final=798.3, Time=90.3, Moves(23)=0.0, Pins(4)=400.0, Dist=308.0, Win Bonus=0.0
[2026-05-22 10:09:17] SCORE RL (red): Final=526.0, Time=80.0, Moves(23)=0.0, Pins(2)=200.0, Dist=246.0, Win Bonus=0.0
[2026-05-22 10:09:17] SCORE LosTurcos (blue): Final=591.7, Time=95.7, Moves(23)=0.0, Pins(2)=200.0, Dist=296.0, Win Bonus=0.0
[2026-05-22 10:09:17] ALL WRONG MOVES BY COLOUR: {'gray0': ['34 (turn timeout)', '82 (turn timeout)', '136 (turn timeout)']}
[2026-05-22 10:09:17] MOVE 140: Group7 (yellow) 47->94 [0.01ms]
[2026-05-22 10:09:17] SCORE PCS (lawn green): Final=511.2, Time=93.2, Moves(24)=0.0, Pins(1)=100.0, Dist=318.0, Win Bonus=0.0
[2026-05-22 10:09:17] SCORE AlphaZeroClue (gray0): Final=582.3, Time=64.3, Moves(20)=0.0, Pins(2)=200.0, Dist=318.0, Win Bonus=0.0
[2026-05-22 10:09:17] SCORE Group7 (yellow): Final=721.5, Time=89.5, Moves(24)=0.0, Pins(3)=300.0, Dist=332.0, Win Bonus=0.0
[2026-05-22 10:09:17] SCORE Gruppe 2 (purple): Final=798.3, Time=90.3, Moves(23)=0.0, Pins(4)=400.0, Dist=308.0, Win Bonus=0.0
[2026-05-22 10:09:17] SCORE RL (red): Final=526.0, Time=80.0, Moves(23)=0.0, Pins(2)=200.0, Dist=246.0, Win Bonus=0.0
[2026-05-22 10:09:17] SCORE LosTurcos (blue): Final=591.7, Time=95.7, Moves(23)=0.0, Pins(2)=200.0, Dist=296.0, Win Bonus=0.0
[2026-05-22 10:09:17] ALL WRONG MOVES BY COLOUR: {'gray0': ['34 (turn timeout)', '82 (turn timeout)', '136 (turn timeout)']}
[2026-05-22 10:09:17] MOVE 141: LosTurcos (blue) 39->50 [0.00ms]
[2026-05-22 10:09:17] SCORE PCS (lawn green): Final=511.2, Time=93.2, Moves(24)=0.0, Pins(1)=100.0, Dist=318.0, Win Bonus=0.0
[2026-05-22 10:09:17] SCORE AlphaZeroClue (gray0): Final=582.3, Time=64.3, Moves(20)=0.0, Pins(2)=200.0, Dist=318.0, Win Bonus=0.0
[2026-05-22 10:09:17] SCORE Group7 (yellow): Final=721.5, Time=89.5, Moves(24)=0.0, Pins(3)=300.0, Dist=332.0, Win Bonus=0.0
[2026-05-22 10:09:17] SCORE Gruppe 2 (purple): Final=798.3, Time=90.3, Moves(23)=0.0, Pins(4)=400.0, Dist=308.0, Win Bonus=0.0
[2026-05-22 10:09:17] SCORE RL (red): Final=526.0, Time=80.0, Moves(23)=0.0, Pins(2)=200.0, Dist=246.0, Win Bonus=0.0
[2026-05-22 10:09:17] SCORE LosTurcos (blue): Final=593.5, Time=95.5, Moves(24)=0.0, Pins(2)=200.0, Dist=298.0, Win Bonus=0.0
[2026-05-22 10:09:17] ALL WRONG MOVES BY COLOUR: {'gray0': ['34 (turn timeout)', '82 (turn timeout)', '136 (turn timeout)']}
[2026-05-22 10:09:19] MOVE 142: AlphaZeroClue (gray0) 60->20 [0.01ms]
[2026-05-22 10:09:19] SCORE PCS (lawn green): Final=511.2, Time=93.2, Moves(24)=0.0, Pins(1)=100.0, Dist=318.0, Win Bonus=0.0
[2026-05-22 10:09:19] SCORE AlphaZeroClue (gray0): Final=690.5, Time=62.5, Moves(21)=0.0, Pins(3)=300.0, Dist=328.0, Win Bonus=0.0
[2026-05-22 10:09:19] SCORE Group7 (yellow): Final=721.5, Time=89.5, Moves(24)=0.0, Pins(3)=300.0, Dist=332.0, Win Bonus=0.0
[2026-05-22 10:09:19] SCORE Gruppe 2 (purple): Final=798.3, Time=90.3, Moves(23)=0.0, Pins(4)=400.0, Dist=308.0, Win Bonus=0.0
[2026-05-22 10:09:19] SCORE RL (red): Final=526.0, Time=80.0, Moves(23)=0.0, Pins(2)=200.0, Dist=246.0, Win Bonus=0.0
[2026-05-22 10:09:19] SCORE LosTurcos (blue): Final=593.5, Time=95.5, Moves(24)=0.0, Pins(2)=200.0, Dist=298.0, Win Bonus=0.0
[2026-05-22 10:09:19] ALL WRONG MOVES BY COLOUR: {'gray0': ['34 (turn timeout)', '82 (turn timeout)', '136 (turn timeout)']}
[2026-05-22 10:09:20] MOVE 143: Gruppe 2 (purple) 79->78 [0.01ms]
[2026-05-22 10:09:20] SCORE PCS (lawn green): Final=511.2, Time=93.2, Moves(24)=0.0, Pins(1)=100.0, Dist=318.0, Win Bonus=0.0
[2026-05-22 10:09:20] SCORE AlphaZeroClue (gray0): Final=690.5, Time=62.5, Moves(21)=0.0, Pins(3)=300.0, Dist=328.0, Win Bonus=0.0
[2026-05-22 10:09:20] SCORE Group7 (yellow): Final=721.5, Time=89.5, Moves(24)=0.0, Pins(3)=300.0, Dist=332.0, Win Bonus=0.0
[2026-05-22 10:09:20] SCORE Gruppe 2 (purple): Final=799.9, Time=89.9, Moves(24)=0.0, Pins(4)=400.0, Dist=310.0, Win Bonus=0.0
[2026-05-22 10:09:20] SCORE RL (red): Final=526.0, Time=80.0, Moves(23)=0.0, Pins(2)=200.0, Dist=246.0, Win Bonus=0.0
[2026-05-22 10:09:20] SCORE LosTurcos (blue): Final=593.5, Time=95.5, Moves(24)=0.0, Pins(2)=200.0, Dist=298.0, Win Bonus=0.0
[2026-05-22 10:09:20] ALL WRONG MOVES BY COLOUR: {'gray0': ['34 (turn timeout)', '82 (turn timeout)', '136 (turn timeout)']}
[2026-05-22 10:09:20] MOVE 144: RL (red) 65->6 [0.01ms]
[2026-05-22 10:09:20] SCORE PCS (lawn green): Final=511.2, Time=93.2, Moves(24)=0.0, Pins(1)=100.0, Dist=318.0, Win Bonus=0.0
[2026-05-22 10:09:20] SCORE AlphaZeroClue (gray0): Final=690.5, Time=62.5, Moves(21)=0.0, Pins(3)=300.0, Dist=328.0, Win Bonus=0.0
[2026-05-22 10:09:20] SCORE Group7 (yellow): Final=721.5, Time=89.5, Moves(24)=0.0, Pins(3)=300.0, Dist=332.0, Win Bonus=0.0
[2026-05-22 10:09:20] SCORE Gruppe 2 (purple): Final=799.9, Time=89.9, Moves(24)=0.0, Pins(4)=400.0, Dist=310.0, Win Bonus=0.0
[2026-05-22 10:09:20] SCORE RL (red): Final=637.2, Time=79.2, Moves(24)=0.0, Pins(3)=300.0, Dist=258.0, Win Bonus=0.0
[2026-05-22 10:09:20] SCORE LosTurcos (blue): Final=593.5, Time=95.5, Moves(24)=0.0, Pins(2)=200.0, Dist=298.0, Win Bonus=0.0
[2026-05-22 10:09:20] ALL WRONG MOVES BY COLOUR: {'gray0': ['34 (turn timeout)', '82 (turn timeout)', '136 (turn timeout)']}
[2026-05-22 10:09:21] MOVE 145: PCS (lawn green) 19->42 [0.01ms]
[2026-05-22 10:09:21] SCORE PCS (lawn green): Final=515.0, Time=93.0, Moves(25)=0.0, Pins(1)=100.0, Dist=322.0, Win Bonus=0.0
[2026-05-22 10:09:21] SCORE AlphaZeroClue (gray0): Final=690.5, Time=62.5, Moves(21)=0.0, Pins(3)=300.0, Dist=328.0, Win Bonus=0.0
[2026-05-22 10:09:21] SCORE Group7 (yellow): Final=721.5, Time=89.5, Moves(24)=0.0, Pins(3)=300.0, Dist=332.0, Win Bonus=0.0
[2026-05-22 10:09:21] SCORE Gruppe 2 (purple): Final=799.9, Time=89.9, Moves(24)=0.0, Pins(4)=400.0, Dist=310.0, Win Bonus=0.0
[2026-05-22 10:09:21] SCORE RL (red): Final=637.2, Time=79.2, Moves(24)=0.0, Pins(3)=300.0, Dist=258.0, Win Bonus=0.0
[2026-05-22 10:09:21] SCORE LosTurcos (blue): Final=593.5, Time=95.5, Moves(24)=0.0, Pins(2)=200.0, Dist=298.0, Win Bonus=0.0
[2026-05-22 10:09:21] ALL WRONG MOVES BY COLOUR: {'gray0': ['34 (turn timeout)', '82 (turn timeout)', '136 (turn timeout)']}
[2026-05-22 10:09:21] MOVE 146: Group7 (yellow) 93->95 [0.00ms]
[2026-05-22 10:09:21] SCORE PCS (lawn green): Final=515.0, Time=93.0, Moves(25)=0.0, Pins(1)=100.0, Dist=322.0, Win Bonus=0.0
[2026-05-22 10:09:21] SCORE AlphaZeroClue (gray0): Final=690.5, Time=62.5, Moves(21)=0.0, Pins(3)=300.0, Dist=328.0, Win Bonus=0.0
[2026-05-22 10:09:21] SCORE Group7 (yellow): Final=825.2, Time=89.2, Moves(25)=0.0, Pins(4)=400.0, Dist=336.0, Win Bonus=0.0
[2026-05-22 10:09:21] SCORE Gruppe 2 (purple): Final=799.9, Time=89.9, Moves(24)=0.0, Pins(4)=400.0, Dist=310.0, Win Bonus=0.0
[2026-05-22 10:09:21] SCORE RL (red): Final=637.2, Time=79.2, Moves(24)=0.0, Pins(3)=300.0, Dist=258.0, Win Bonus=0.0
[2026-05-22 10:09:21] SCORE LosTurcos (blue): Final=593.5, Time=95.5, Moves(24)=0.0, Pins(2)=200.0, Dist=298.0, Win Bonus=0.0
[2026-05-22 10:09:21] ALL WRONG MOVES BY COLOUR: {'gray0': ['34 (turn timeout)', '82 (turn timeout)', '136 (turn timeout)']}
[2026-05-22 10:09:21] MOVE 147: LosTurcos (blue) 50->59 [0.01ms]
[2026-05-22 10:09:21] SCORE PCS (lawn green): Final=515.0, Time=93.0, Moves(25)=0.0, Pins(1)=100.0, Dist=322.0, Win Bonus=0.0
[2026-05-22 10:09:21] SCORE AlphaZeroClue (gray0): Final=690.5, Time=62.5, Moves(21)=0.0, Pins(3)=300.0, Dist=328.0, Win Bonus=0.0
[2026-05-22 10:09:21] SCORE Group7 (yellow): Final=825.2, Time=89.2, Moves(25)=0.0, Pins(4)=400.0, Dist=336.0, Win Bonus=0.0
[2026-05-22 10:09:21] SCORE Gruppe 2 (purple): Final=799.9, Time=89.9, Moves(24)=0.0, Pins(4)=400.0, Dist=310.0, Win Bonus=0.0
[2026-05-22 10:09:21] SCORE RL (red): Final=637.2, Time=79.2, Moves(24)=0.0, Pins(3)=300.0, Dist=258.0, Win Bonus=0.0
[2026-05-22 10:09:21] SCORE LosTurcos (blue): Final=595.2, Time=95.2, Moves(25)=0.0, Pins(2)=200.0, Dist=300.0, Win Bonus=0.0
[2026-05-22 10:09:21] ALL WRONG MOVES BY COLOUR: {'gray0': ['34 (turn timeout)', '82 (turn timeout)', '136 (turn timeout)']}
[2026-05-22 10:09:23] MOVE 148: AlphaZeroClue (gray0) 102->62 [0.00ms]
[2026-05-22 10:09:23] SCORE PCS (lawn green): Final=515.0, Time=93.0, Moves(25)=0.0, Pins(1)=100.0, Dist=322.0, Win Bonus=0.0
[2026-05-22 10:09:23] SCORE AlphaZeroClue (gray0): Final=700.7, Time=60.7, Moves(22)=0.0, Pins(3)=300.0, Dist=340.0, Win Bonus=0.0
[2026-05-22 10:09:23] SCORE Group7 (yellow): Final=825.2, Time=89.2, Moves(25)=0.0, Pins(4)=400.0, Dist=336.0, Win Bonus=0.0
[2026-05-22 10:09:23] SCORE Gruppe 2 (purple): Final=799.9, Time=89.9, Moves(24)=0.0, Pins(4)=400.0, Dist=310.0, Win Bonus=0.0
[2026-05-22 10:09:23] SCORE RL (red): Final=637.2, Time=79.2, Moves(24)=0.0, Pins(3)=300.0, Dist=258.0, Win Bonus=0.0
[2026-05-22 10:09:23] SCORE LosTurcos (blue): Final=595.2, Time=95.2, Moves(25)=0.0, Pins(2)=200.0, Dist=300.0, Win Bonus=0.0
[2026-05-22 10:09:23] ALL WRONG MOVES BY COLOUR: {'gray0': ['34 (turn timeout)', '82 (turn timeout)', '136 (turn timeout)']}
[2026-05-22 10:09:23] MOVE 149: Gruppe 2 (purple) 84->83 [0.00ms]
[2026-05-22 10:09:23] SCORE PCS (lawn green): Final=515.0, Time=93.0, Moves(25)=0.0, Pins(1)=100.0, Dist=322.0, Win Bonus=0.0
[2026-05-22 10:09:23] SCORE AlphaZeroClue (gray0): Final=700.7, Time=60.7, Moves(22)=0.0, Pins(3)=300.0, Dist=340.0, Win Bonus=0.0
[2026-05-22 10:09:23] SCORE Group7 (yellow): Final=825.2, Time=89.2, Moves(25)=0.0, Pins(4)=400.0, Dist=336.0, Win Bonus=0.0
[2026-05-22 10:09:23] SCORE Gruppe 2 (purple): Final=801.4, Time=89.4, Moves(25)=0.0, Pins(4)=400.0, Dist=312.0, Win Bonus=0.0
[2026-05-22 10:09:23] SCORE RL (red): Final=637.2, Time=79.2, Moves(24)=0.0, Pins(3)=300.0, Dist=258.0, Win Bonus=0.0
[2026-05-22 10:09:23] SCORE LosTurcos (blue): Final=595.2, Time=95.2, Moves(25)=0.0, Pins(2)=200.0, Dist=300.0, Win Bonus=0.0
[2026-05-22 10:09:23] ALL WRONG MOVES BY COLOUR: {'gray0': ['34 (turn timeout)', '82 (turn timeout)', '136 (turn timeout)']}
[2026-05-22 10:09:24] MOVE 150: RL (red) 6->26 [0.01ms]
[2026-05-22 10:09:24] SCORE PCS (lawn green): Final=515.0, Time=93.0, Moves(25)=0.0, Pins(1)=100.0, Dist=322.0, Win Bonus=0.0
[2026-05-22 10:09:24] SCORE AlphaZeroClue (gray0): Final=700.7, Time=60.7, Moves(22)=0.0, Pins(3)=300.0, Dist=340.0, Win Bonus=0.0
[2026-05-22 10:09:24] SCORE Group7 (yellow): Final=825.2, Time=89.2, Moves(25)=0.0, Pins(4)=400.0, Dist=336.0, Win Bonus=0.0
[2026-05-22 10:09:24] SCORE Gruppe 2 (purple): Final=801.4, Time=89.4, Moves(25)=0.0, Pins(4)=400.0, Dist=312.0, Win Bonus=0.0
[2026-05-22 10:09:24] SCORE RL (red): Final=532.3, Time=78.3, Moves(25)=0.0, Pins(2)=200.0, Dist=254.0, Win Bonus=0.0
[2026-05-22 10:09:24] SCORE LosTurcos (blue): Final=595.2, Time=95.2, Moves(25)=0.0, Pins(2)=200.0, Dist=300.0, Win Bonus=0.0
[2026-05-22 10:09:24] ALL WRONG MOVES BY COLOUR: {'gray0': ['34 (turn timeout)', '82 (turn timeout)', '136 (turn timeout)']}
[2026-05-22 10:09:24] MOVE 151: PCS (lawn green) 72->66 [0.00ms]
[2026-05-22 10:09:24] SCORE PCS (lawn green): Final=526.9, Time=92.9, Moves(26)=0.0, Pins(1)=100.0, Dist=334.0, Win Bonus=0.0
[2026-05-22 10:09:24] SCORE AlphaZeroClue (gray0): Final=700.7, Time=60.7, Moves(22)=0.0, Pins(3)=300.0, Dist=340.0, Win Bonus=0.0
[2026-05-22 10:09:24] SCORE Group7 (yellow): Final=825.2, Time=89.2, Moves(25)=0.0, Pins(4)=400.0, Dist=336.0, Win Bonus=0.0
[2026-05-22 10:09:24] SCORE Gruppe 2 (purple): Final=801.4, Time=89.4, Moves(25)=0.0, Pins(4)=400.0, Dist=312.0, Win Bonus=0.0
[2026-05-22 10:09:24] SCORE RL (red): Final=532.3, Time=78.3, Moves(25)=0.0, Pins(2)=200.0, Dist=254.0, Win Bonus=0.0
[2026-05-22 10:09:24] SCORE LosTurcos (blue): Final=595.2, Time=95.2, Moves(25)=0.0, Pins(2)=200.0, Dist=300.0, Win Bonus=0.0
[2026-05-22 10:09:24] ALL WRONG MOVES BY COLOUR: {'gray0': ['34 (turn timeout)', '82 (turn timeout)', '136 (turn timeout)']}
[2026-05-22 10:09:25] MOVE 152: Group7 (yellow) 63->84 [0.00ms]
[2026-05-22 10:09:25] SCORE PCS (lawn green): Final=526.9, Time=92.9, Moves(26)=0.0, Pins(1)=100.0, Dist=334.0, Win Bonus=0.0
[2026-05-22 10:09:25] SCORE AlphaZeroClue (gray0): Final=700.7, Time=60.7, Moves(22)=0.0, Pins(3)=300.0, Dist=340.0, Win Bonus=0.0
[2026-05-22 10:09:25] SCORE Group7 (yellow): Final=928.7, Time=88.7, Moves(26)=0.0, Pins(5)=500.0, Dist=340.0, Win Bonus=0.0
[2026-05-22 10:09:25] SCORE Gruppe 2 (purple): Final=801.4, Time=89.4, Moves(25)=0.0, Pins(4)=400.0, Dist=312.0, Win Bonus=0.0
[2026-05-22 10:09:25] SCORE RL (red): Final=532.3, Time=78.3, Moves(25)=0.0, Pins(2)=200.0, Dist=254.0, Win Bonus=0.0
[2026-05-22 10:09:25] SCORE LosTurcos (blue): Final=595.2, Time=95.2, Moves(25)=0.0, Pins(2)=200.0, Dist=300.0, Win Bonus=0.0
[2026-05-22 10:09:25] ALL WRONG MOVES BY COLOUR: {'gray0': ['34 (turn timeout)', '82 (turn timeout)', '136 (turn timeout)']}
[2026-05-22 10:09:25] MOVE 153: LosTurcos (blue) 15->38 [0.00ms]
[2026-05-22 10:09:25] SCORE PCS (lawn green): Final=526.9, Time=92.9, Moves(26)=0.0, Pins(1)=100.0, Dist=334.0, Win Bonus=0.0
[2026-05-22 10:09:25] SCORE AlphaZeroClue (gray0): Final=700.7, Time=60.7, Moves(22)=0.0, Pins(3)=300.0, Dist=340.0, Win Bonus=0.0
[2026-05-22 10:09:25] SCORE Group7 (yellow): Final=928.7, Time=88.7, Moves(26)=0.0, Pins(5)=500.0, Dist=340.0, Win Bonus=0.0
[2026-05-22 10:09:25] SCORE Gruppe 2 (purple): Final=801.4, Time=89.4, Moves(25)=0.0, Pins(4)=400.0, Dist=312.0, Win Bonus=0.0
[2026-05-22 10:09:25] SCORE RL (red): Final=532.3, Time=78.3, Moves(25)=0.0, Pins(2)=200.0, Dist=254.0, Win Bonus=0.0
[2026-05-22 10:09:25] SCORE LosTurcos (blue): Final=599.1, Time=95.1, Moves(26)=0.0, Pins(2)=200.0, Dist=304.0, Win Bonus=0.0
[2026-05-22 10:09:25] ALL WRONG MOVES BY COLOUR: {'gray0': ['34 (turn timeout)', '82 (turn timeout)', '136 (turn timeout)']}
[2026-05-22 10:09:27] SCORE PCS (lawn green): Final=526.9, Time=92.9, Moves(26)=0.0, Pins(1)=100.0, Dist=334.0, Win Bonus=0.0
[2026-05-22 10:09:27] SCORE AlphaZeroClue (gray0): Final=700.7, Time=60.7, Moves(22)=0.0, Pins(3)=300.0, Dist=340.0, Win Bonus=0.0
[2026-05-22 10:09:27] SCORE Group7 (yellow): Final=928.7, Time=88.7, Moves(26)=0.0, Pins(5)=500.0, Dist=340.0, Win Bonus=0.0
[2026-05-22 10:09:27] SCORE Gruppe 2 (purple): Final=801.4, Time=89.4, Moves(25)=0.0, Pins(4)=400.0, Dist=312.0, Win Bonus=0.0
[2026-05-22 10:09:27] SCORE RL (red): Final=532.3, Time=78.3, Moves(25)=0.0, Pins(2)=200.0, Dist=254.0, Win Bonus=0.0
[2026-05-22 10:09:27] SCORE LosTurcos (blue): Final=599.1, Time=95.1, Moves(26)=0.0, Pins(2)=200.0, Dist=304.0, Win Bonus=0.0
[2026-05-22 10:09:27] ALL WRONG MOVES BY COLOUR: {'gray0': ['34 (turn timeout)', '82 (turn timeout)', '136 (turn timeout)', '154 (turn timeout)']}
[2026-05-22 10:09:27] TURN TIMEOUT: Player with colour gray0 exceeded 2s at move 154. Turn skipped.
[2026-05-22 10:09:27] MOVE 155: Gruppe 2 (purple) 27->25 [0.00ms]
[2026-05-22 10:09:27] SCORE PCS (lawn green): Final=526.9, Time=92.9, Moves(26)=0.0, Pins(1)=100.0, Dist=334.0, Win Bonus=0.0
[2026-05-22 10:09:27] SCORE AlphaZeroClue (gray0): Final=700.7, Time=60.7, Moves(22)=0.0, Pins(3)=300.0, Dist=340.0, Win Bonus=0.0
[2026-05-22 10:09:27] SCORE Group7 (yellow): Final=928.7, Time=88.7, Moves(26)=0.0, Pins(5)=500.0, Dist=340.0, Win Bonus=0.0
[2026-05-22 10:09:27] SCORE Gruppe 2 (purple): Final=905.2, Time=89.2, Moves(26)=0.0, Pins(5)=500.0, Dist=316.0, Win Bonus=0.0
[2026-05-22 10:09:27] SCORE RL (red): Final=532.3, Time=78.3, Moves(25)=0.0, Pins(2)=200.0, Dist=254.0, Win Bonus=0.0
[2026-05-22 10:09:27] SCORE LosTurcos (blue): Final=599.1, Time=95.1, Moves(26)=0.0, Pins(2)=200.0, Dist=304.0, Win Bonus=0.0
[2026-05-22 10:09:27] ALL WRONG MOVES BY COLOUR: {'gray0': ['34 (turn timeout)', '82 (turn timeout)', '136 (turn timeout)', '154 (turn timeout)']}
[2026-05-22 10:09:28] MOVE 156: RL (red) 1->6 [0.00ms]
[2026-05-22 10:09:28] SCORE PCS (lawn green): Final=526.9, Time=92.9, Moves(26)=0.0, Pins(1)=100.0, Dist=334.0, Win Bonus=0.0
[2026-05-22 10:09:28] SCORE AlphaZeroClue (gray0): Final=700.7, Time=60.7, Moves(22)=0.0, Pins(3)=300.0, Dist=340.0, Win Bonus=0.0
[2026-05-22 10:09:28] SCORE Group7 (yellow): Final=928.7, Time=88.7, Moves(26)=0.0, Pins(5)=500.0, Dist=340.0, Win Bonus=0.0
[2026-05-22 10:09:28] SCORE Gruppe 2 (purple): Final=905.2, Time=89.2, Moves(26)=0.0, Pins(5)=500.0, Dist=316.0, Win Bonus=0.0
[2026-05-22 10:09:28] SCORE RL (red): Final=531.5, Time=77.5, Moves(26)=0.0, Pins(2)=200.0, Dist=254.0, Win Bonus=0.0
[2026-05-22 10:09:28] SCORE LosTurcos (blue): Final=599.1, Time=95.1, Moves(26)=0.0, Pins(2)=200.0, Dist=304.0, Win Bonus=0.0
[2026-05-22 10:09:28] ALL WRONG MOVES BY COLOUR: {'gray0': ['34 (turn timeout)', '82 (turn timeout)', '136 (turn timeout)', '154 (turn timeout)']}
[2026-05-22 10:09:28] MOVE 157: PCS (lawn green) 42->19 [0.01ms]
[2026-05-22 10:09:28] SCORE PCS (lawn green): Final=522.6, Time=92.6, Moves(27)=0.0, Pins(1)=100.0, Dist=330.0, Win Bonus=0.0
[2026-05-22 10:09:28] SCORE AlphaZeroClue (gray0): Final=700.7, Time=60.7, Moves(22)=0.0, Pins(3)=300.0, Dist=340.0, Win Bonus=0.0
[2026-05-22 10:09:28] SCORE Group7 (yellow): Final=928.7, Time=88.7, Moves(26)=0.0, Pins(5)=500.0, Dist=340.0, Win Bonus=0.0
[2026-05-22 10:09:28] SCORE Gruppe 2 (purple): Final=905.2, Time=89.2, Moves(26)=0.0, Pins(5)=500.0, Dist=316.0, Win Bonus=0.0
[2026-05-22 10:09:28] SCORE RL (red): Final=531.5, Time=77.5, Moves(26)=0.0, Pins(2)=200.0, Dist=254.0, Win Bonus=0.0
[2026-05-22 10:09:28] SCORE LosTurcos (blue): Final=599.1, Time=95.1, Moves(26)=0.0, Pins(2)=200.0, Dist=304.0, Win Bonus=0.0
[2026-05-22 10:09:28] ALL WRONG MOVES BY COLOUR: {'gray0': ['34 (turn timeout)', '82 (turn timeout)', '136 (turn timeout)', '154 (turn timeout)']}
[2026-05-22 10:09:29] MOVE 158: Group7 (yellow) 37->18 [0.01ms]
[2026-05-22 10:09:29] SCORE PCS (lawn green): Final=522.6, Time=92.6, Moves(27)=0.0, Pins(1)=100.0, Dist=330.0, Win Bonus=0.0
[2026-05-22 10:09:29] SCORE AlphaZeroClue (gray0): Final=700.7, Time=60.7, Moves(22)=0.0, Pins(3)=300.0, Dist=340.0, Win Bonus=0.0
[2026-05-22 10:09:29] SCORE Group7 (yellow): Final=936.4, Time=88.4, Moves(27)=0.0, Pins(5)=500.0, Dist=348.0, Win Bonus=0.0
[2026-05-22 10:09:29] SCORE Gruppe 2 (purple): Final=905.2, Time=89.2, Moves(26)=0.0, Pins(5)=500.0, Dist=316.0, Win Bonus=0.0
[2026-05-22 10:09:29] SCORE RL (red): Final=531.5, Time=77.5, Moves(26)=0.0, Pins(2)=200.0, Dist=254.0, Win Bonus=0.0
[2026-05-22 10:09:29] SCORE LosTurcos (blue): Final=599.1, Time=95.1, Moves(26)=0.0, Pins(2)=200.0, Dist=304.0, Win Bonus=0.0
[2026-05-22 10:09:29] ALL WRONG MOVES BY COLOUR: {'gray0': ['34 (turn timeout)', '82 (turn timeout)', '136 (turn timeout)', '154 (turn timeout)']}
[2026-05-22 10:09:29] MOVE 159: LosTurcos (blue) 91->103 [0.01ms]
[2026-05-22 10:09:29] SCORE PCS (lawn green): Final=522.6, Time=92.6, Moves(27)=0.0, Pins(1)=100.0, Dist=330.0, Win Bonus=0.0
[2026-05-22 10:09:29] SCORE AlphaZeroClue (gray0): Final=700.7, Time=60.7, Moves(22)=0.0, Pins(3)=300.0, Dist=340.0, Win Bonus=0.0
[2026-05-22 10:09:29] SCORE Group7 (yellow): Final=936.4, Time=88.4, Moves(27)=0.0, Pins(5)=500.0, Dist=348.0, Win Bonus=0.0
[2026-05-22 10:09:29] SCORE Gruppe 2 (purple): Final=905.2, Time=89.2, Moves(26)=0.0, Pins(5)=500.0, Dist=316.0, Win Bonus=0.0
[2026-05-22 10:09:29] SCORE RL (red): Final=531.5, Time=77.5, Moves(26)=0.0, Pins(2)=200.0, Dist=254.0, Win Bonus=0.0
[2026-05-22 10:09:29] SCORE LosTurcos (blue): Final=601.0, Time=95.0, Moves(27)=0.0, Pins(2)=200.0, Dist=306.0, Win Bonus=0.0
[2026-05-22 10:09:29] ALL WRONG MOVES BY COLOUR: {'gray0': ['34 (turn timeout)', '82 (turn timeout)', '136 (turn timeout)', '154 (turn timeout)']}
[2026-05-22 10:09:31] MOVE 160: AlphaZeroClue (gray0) 14->41 [0.01ms]
[2026-05-22 10:09:31] SCORE PCS (lawn green): Final=522.6, Time=92.6, Moves(27)=0.0, Pins(1)=100.0, Dist=330.0, Win Bonus=0.0
[2026-05-22 10:09:31] SCORE AlphaZeroClue (gray0): Final=703.0, Time=59.0, Moves(23)=0.0, Pins(3)=300.0, Dist=344.0, Win Bonus=0.0
[2026-05-22 10:09:31] SCORE Group7 (yellow): Final=936.4, Time=88.4, Moves(27)=0.0, Pins(5)=500.0, Dist=348.0, Win Bonus=0.0
[2026-05-22 10:09:31] SCORE Gruppe 2 (purple): Final=905.2, Time=89.2, Moves(26)=0.0, Pins(5)=500.0, Dist=316.0, Win Bonus=0.0
[2026-05-22 10:09:31] SCORE RL (red): Final=531.5, Time=77.5, Moves(26)=0.0, Pins(2)=200.0, Dist=254.0, Win Bonus=0.0
[2026-05-22 10:09:31] SCORE LosTurcos (blue): Final=601.0, Time=95.0, Moves(27)=0.0, Pins(2)=200.0, Dist=306.0, Win Bonus=0.0
[2026-05-22 10:09:31] ALL WRONG MOVES BY COLOUR: {'gray0': ['34 (turn timeout)', '82 (turn timeout)', '136 (turn timeout)', '154 (turn timeout)']}
[2026-05-22 10:09:31] MOVE 161: Gruppe 2 (purple) 83->102 [0.00ms]
[2026-05-22 10:09:31] SCORE PCS (lawn green): Final=522.6, Time=92.6, Moves(27)=0.0, Pins(1)=100.0, Dist=330.0, Win Bonus=0.0
[2026-05-22 10:09:31] SCORE AlphaZeroClue (gray0): Final=703.0, Time=59.0, Moves(23)=0.0, Pins(3)=300.0, Dist=344.0, Win Bonus=0.0
[2026-05-22 10:09:31] SCORE Group7 (yellow): Final=936.4, Time=88.4, Moves(27)=0.0, Pins(5)=500.0, Dist=348.0, Win Bonus=0.0
[2026-05-22 10:09:31] SCORE Gruppe 2 (purple): Final=912.7, Time=88.6, Moves(27)=0.0, Pins(5)=500.0, Dist=324.0, Win Bonus=0.0
[2026-05-22 10:09:31] SCORE RL (red): Final=531.5, Time=77.5, Moves(26)=0.0, Pins(2)=200.0, Dist=254.0, Win Bonus=0.0
[2026-05-22 10:09:31] SCORE LosTurcos (blue): Final=601.0, Time=95.0, Moves(27)=0.0, Pins(2)=200.0, Dist=306.0, Win Bonus=0.0
[2026-05-22 10:09:31] ALL WRONG MOVES BY COLOUR: {'gray0': ['34 (turn timeout)', '82 (turn timeout)', '136 (turn timeout)', '154 (turn timeout)']}
[2026-05-22 10:09:32] MOVE 162: RL (red) 26->13 [0.01ms]
[2026-05-22 10:09:32] SCORE PCS (lawn green): Final=522.6, Time=92.6, Moves(27)=0.0, Pins(1)=100.0, Dist=330.0, Win Bonus=0.0
[2026-05-22 10:09:32] SCORE AlphaZeroClue (gray0): Final=703.0, Time=59.0, Moves(23)=0.0, Pins(3)=300.0, Dist=344.0, Win Bonus=0.0
[2026-05-22 10:09:32] SCORE Group7 (yellow): Final=936.4, Time=88.4, Moves(27)=0.0, Pins(5)=500.0, Dist=348.0, Win Bonus=0.0
[2026-05-22 10:09:32] SCORE Gruppe 2 (purple): Final=912.7, Time=88.6, Moves(27)=0.0, Pins(5)=500.0, Dist=324.0, Win Bonus=0.0
[2026-05-22 10:09:32] SCORE RL (red): Final=530.7, Time=76.7, Moves(27)=0.0, Pins(2)=200.0, Dist=254.0, Win Bonus=0.0
[2026-05-22 10:09:32] SCORE LosTurcos (blue): Final=601.0, Time=95.0, Moves(27)=0.0, Pins(2)=200.0, Dist=306.0, Win Bonus=0.0
[2026-05-22 10:09:32] ALL WRONG MOVES BY COLOUR: {'gray0': ['34 (turn timeout)', '82 (turn timeout)', '136 (turn timeout)', '154 (turn timeout)']}
[2026-05-22 10:09:32] MOVE 163: PCS (lawn green) 43->42 [0.00ms]
[2026-05-22 10:09:32] SCORE PCS (lawn green): Final=524.4, Time=92.4, Moves(28)=0.0, Pins(1)=100.0, Dist=332.0, Win Bonus=0.0
[2026-05-22 10:09:32] SCORE AlphaZeroClue (gray0): Final=703.0, Time=59.0, Moves(23)=0.0, Pins(3)=300.0, Dist=344.0, Win Bonus=0.0
[2026-05-22 10:09:32] SCORE Group7 (yellow): Final=936.4, Time=88.4, Moves(27)=0.0, Pins(5)=500.0, Dist=348.0, Win Bonus=0.0
[2026-05-22 10:09:32] SCORE Gruppe 2 (purple): Final=912.7, Time=88.6, Moves(27)=0.0, Pins(5)=500.0, Dist=324.0, Win Bonus=0.0
[2026-05-22 10:09:32] SCORE RL (red): Final=530.7, Time=76.7, Moves(27)=0.0, Pins(2)=200.0, Dist=254.0, Win Bonus=0.0
[2026-05-22 10:09:32] SCORE LosTurcos (blue): Final=601.0, Time=95.0, Moves(27)=0.0, Pins(2)=200.0, Dist=306.0, Win Bonus=0.0
[2026-05-22 10:09:32] ALL WRONG MOVES BY COLOUR: {'gray0': ['34 (turn timeout)', '82 (turn timeout)', '136 (turn timeout)', '154 (turn timeout)']}
[2026-05-22 10:09:32] MOVE 164: Group7 (yellow) 64->110 [0.01ms]
[2026-05-22 10:09:32] SCORE PCS (lawn green): Final=524.4, Time=92.4, Moves(28)=0.0, Pins(1)=100.0, Dist=332.0, Win Bonus=0.0
[2026-05-22 10:09:32] SCORE AlphaZeroClue (gray0): Final=703.0, Time=59.0, Moves(23)=0.0, Pins(3)=300.0, Dist=344.0, Win Bonus=0.0
[2026-05-22 10:09:32] SCORE Group7 (yellow): Final=1038.0, Time=88.0, Moves(28)=0.0, Pins(6)=600.0, Dist=350.0, Win Bonus=0.0
[2026-05-22 10:09:32] SCORE Gruppe 2 (purple): Final=912.7, Time=88.6, Moves(27)=0.0, Pins(5)=500.0, Dist=324.0, Win Bonus=0.0
[2026-05-22 10:09:32] SCORE RL (red): Final=530.7, Time=76.7, Moves(27)=0.0, Pins(2)=200.0, Dist=254.0, Win Bonus=0.0
[2026-05-22 10:09:33] SCORE LosTurcos (blue): Final=601.0, Time=95.0, Moves(27)=0.0, Pins(2)=200.0, Dist=306.0, Win Bonus=0.0
[2026-05-22 10:09:33] ALL WRONG MOVES BY COLOUR: {'gray0': ['34 (turn timeout)', '82 (turn timeout)', '136 (turn timeout)', '154 (turn timeout)']}
[2026-05-22 10:09:33] MOVE 165: LosTurcos (blue) 9->50 [0.01ms]
[2026-05-22 10:09:33] SCORE PCS (lawn green): Final=524.4, Time=92.4, Moves(28)=0.0, Pins(1)=100.0, Dist=332.0, Win Bonus=0.0
[2026-05-22 10:09:33] SCORE AlphaZeroClue (gray0): Final=703.0, Time=59.0, Moves(23)=0.0, Pins(3)=300.0, Dist=344.0, Win Bonus=0.0
[2026-05-22 10:09:33] SCORE Group7 (yellow): Final=1038.0, Time=88.0, Moves(28)=0.0, Pins(6)=600.0, Dist=350.0, Win Bonus=0.0
[2026-05-22 10:09:33] SCORE Gruppe 2 (purple): Final=912.7, Time=88.6, Moves(27)=0.0, Pins(5)=500.0, Dist=324.0, Win Bonus=0.0
[2026-05-22 10:09:33] SCORE RL (red): Final=530.7, Time=76.7, Moves(27)=0.0, Pins(2)=200.0, Dist=254.0, Win Bonus=0.0
[2026-05-22 10:09:33] SCORE LosTurcos (blue): Final=608.8, Time=94.8, Moves(28)=0.0, Pins(2)=200.0, Dist=314.0, Win Bonus=0.0
[2026-05-22 10:09:33] ALL WRONG MOVES BY COLOUR: {'gray0': ['34 (turn timeout)', '82 (turn timeout)', '136 (turn timeout)', '154 (turn timeout)']}
[2026-05-22 10:09:34] MOVE 166: AlphaZeroClue (gray0) 48->27 [0.01ms]
[2026-05-22 10:09:34] SCORE PCS (lawn green): Final=524.4, Time=92.4, Moves(28)=0.0, Pins(1)=100.0, Dist=332.0, Win Bonus=0.0
[2026-05-22 10:09:34] SCORE AlphaZeroClue (gray0): Final=705.3, Time=57.3, Moves(24)=0.0, Pins(3)=300.0, Dist=348.0, Win Bonus=0.0
[2026-05-22 10:09:34] SCORE Group7 (yellow): Final=1038.0, Time=88.0, Moves(28)=0.0, Pins(6)=600.0, Dist=350.0, Win Bonus=0.0
[2026-05-22 10:09:34] SCORE Gruppe 2 (purple): Final=912.7, Time=88.6, Moves(27)=0.0, Pins(5)=500.0, Dist=324.0, Win Bonus=0.0
[2026-05-22 10:09:34] SCORE RL (red): Final=530.7, Time=76.7, Moves(27)=0.0, Pins(2)=200.0, Dist=254.0, Win Bonus=0.0
[2026-05-22 10:09:34] SCORE LosTurcos (blue): Final=608.8, Time=94.8, Moves(28)=0.0, Pins(2)=200.0, Dist=314.0, Win Bonus=0.0
[2026-05-22 10:09:34] ALL WRONG MOVES BY COLOUR: {'gray0': ['34 (turn timeout)', '82 (turn timeout)', '136 (turn timeout)', '154 (turn timeout)']}
[2026-05-22 10:09:35] MOVE 167: Gruppe 2 (purple) 102->89 [0.00ms]
[2026-05-22 10:09:35] SCORE PCS (lawn green): Final=524.4, Time=92.4, Moves(28)=0.0, Pins(1)=100.0, Dist=332.0, Win Bonus=0.0
[2026-05-22 10:09:35] SCORE AlphaZeroClue (gray0): Final=705.3, Time=57.3, Moves(24)=0.0, Pins(3)=300.0, Dist=348.0, Win Bonus=0.0
[2026-05-22 10:09:35] SCORE Group7 (yellow): Final=1038.0, Time=88.0, Moves(28)=0.0, Pins(6)=600.0, Dist=350.0, Win Bonus=0.0
[2026-05-22 10:09:35] SCORE Gruppe 2 (purple): Final=914.1, Time=88.1, Moves(28)=0.0, Pins(5)=500.0, Dist=326.0, Win Bonus=0.0
[2026-05-22 10:09:35] SCORE RL (red): Final=530.7, Time=76.7, Moves(27)=0.0, Pins(2)=200.0, Dist=254.0, Win Bonus=0.0
[2026-05-22 10:09:35] SCORE LosTurcos (blue): Final=608.8, Time=94.8, Moves(28)=0.0, Pins(2)=200.0, Dist=314.0, Win Bonus=0.0
[2026-05-22 10:09:35] ALL WRONG MOVES BY COLOUR: {'gray0': ['34 (turn timeout)', '82 (turn timeout)', '136 (turn timeout)', '154 (turn timeout)']}
[2026-05-22 10:09:36] MOVE 168: RL (red) 13->12 [0.00ms]
[2026-05-22 10:09:36] SCORE PCS (lawn green): Final=524.4, Time=92.4, Moves(28)=0.0, Pins(1)=100.0, Dist=332.0, Win Bonus=0.0
[2026-05-22 10:09:36] SCORE AlphaZeroClue (gray0): Final=705.3, Time=57.3, Moves(24)=0.0, Pins(3)=300.0, Dist=348.0, Win Bonus=0.0
[2026-05-22 10:09:36] SCORE Group7 (yellow): Final=1038.0, Time=88.0, Moves(28)=0.0, Pins(6)=600.0, Dist=350.0, Win Bonus=0.0
[2026-05-22 10:09:36] SCORE Gruppe 2 (purple): Final=914.1, Time=88.1, Moves(28)=0.0, Pins(5)=500.0, Dist=326.0, Win Bonus=0.0
[2026-05-22 10:09:36] SCORE RL (red): Final=527.7, Time=75.6, Moves(28)=0.0, Pins(2)=200.0, Dist=252.0, Win Bonus=0.0
[2026-05-22 10:09:36] SCORE LosTurcos (blue): Final=608.8, Time=94.8, Moves(28)=0.0, Pins(2)=200.0, Dist=314.0, Win Bonus=0.0
[2026-05-22 10:09:36] ALL WRONG MOVES BY COLOUR: {'gray0': ['34 (turn timeout)', '82 (turn timeout)', '136 (turn timeout)', '154 (turn timeout)']}
[2026-05-22 10:09:36] MOVE 169: PCS (lawn green) 77->102 [0.00ms]
[2026-05-22 10:09:36] SCORE PCS (lawn green): Final=524.0, Time=92.0, Moves(29)=0.0, Pins(1)=100.0, Dist=332.0, Win Bonus=0.0
[2026-05-22 10:09:36] SCORE AlphaZeroClue (gray0): Final=705.3, Time=57.3, Moves(24)=0.0, Pins(3)=300.0, Dist=348.0, Win Bonus=0.0
[2026-05-22 10:09:36] SCORE Group7 (yellow): Final=1038.0, Time=88.0, Moves(28)=0.0, Pins(6)=600.0, Dist=350.0, Win Bonus=0.0
[2026-05-22 10:09:36] SCORE Gruppe 2 (purple): Final=914.1, Time=88.1, Moves(28)=0.0, Pins(5)=500.0, Dist=326.0, Win Bonus=0.0
[2026-05-22 10:09:36] SCORE RL (red): Final=527.7, Time=75.6, Moves(28)=0.0, Pins(2)=200.0, Dist=252.0, Win Bonus=0.0
[2026-05-22 10:09:36] SCORE LosTurcos (blue): Final=608.8, Time=94.8, Moves(28)=0.0, Pins(2)=200.0, Dist=314.0, Win Bonus=0.0
[2026-05-22 10:09:36] ALL WRONG MOVES BY COLOUR: {'gray0': ['34 (turn timeout)', '82 (turn timeout)', '136 (turn timeout)', '154 (turn timeout)']}
[2026-05-22 10:09:37] MOVE 170: Group7 (yellow) 58->108 [0.00ms]
[2026-05-22 10:09:37] SCORE PCS (lawn green): Final=524.0, Time=92.0, Moves(29)=0.0, Pins(1)=100.0, Dist=332.0, Win Bonus=0.0
[2026-05-22 10:09:37] SCORE AlphaZeroClue (gray0): Final=705.3, Time=57.3, Moves(24)=0.0, Pins(3)=300.0, Dist=348.0, Win Bonus=0.0
[2026-05-22 10:09:37] SCORE Group7 (yellow): Final=1151.5, Time=87.5, Moves(29)=0.0, Pins(7)=700.0, Dist=364.0, Win Bonus=0.0
[2026-05-22 10:09:37] SCORE Gruppe 2 (purple): Final=914.1, Time=88.1, Moves(28)=0.0, Pins(5)=500.0, Dist=326.0, Win Bonus=0.0
[2026-05-22 10:09:37] SCORE RL (red): Final=527.7, Time=75.6, Moves(28)=0.0, Pins(2)=200.0, Dist=252.0, Win Bonus=0.0
[2026-05-22 10:09:37] SCORE LosTurcos (blue): Final=608.8, Time=94.8, Moves(28)=0.0, Pins(2)=200.0, Dist=314.0, Win Bonus=0.0
[2026-05-22 10:09:37] ALL WRONG MOVES BY COLOUR: {'gray0': ['34 (turn timeout)', '82 (turn timeout)', '136 (turn timeout)', '154 (turn timeout)']}
[2026-05-22 10:09:37] MOVE 171: LosTurcos (blue) 50->68 [0.00ms]
[2026-05-22 10:09:37] SCORE PCS (lawn green): Final=524.0, Time=92.0, Moves(29)=0.0, Pins(1)=100.0, Dist=332.0, Win Bonus=0.0
[2026-05-22 10:09:37] SCORE AlphaZeroClue (gray0): Final=705.3, Time=57.3, Moves(24)=0.0, Pins(3)=300.0, Dist=348.0, Win Bonus=0.0
[2026-05-22 10:09:37] SCORE Group7 (yellow): Final=1151.5, Time=87.5, Moves(29)=0.0, Pins(7)=700.0, Dist=364.0, Win Bonus=0.0
[2026-05-22 10:09:37] SCORE Gruppe 2 (purple): Final=914.1, Time=88.1, Moves(28)=0.0, Pins(5)=500.0, Dist=326.0, Win Bonus=0.0
[2026-05-22 10:09:37] SCORE RL (red): Final=527.7, Time=75.6, Moves(28)=0.0, Pins(2)=200.0, Dist=252.0, Win Bonus=0.0
[2026-05-22 10:09:37] SCORE LosTurcos (blue): Final=612.7, Time=94.6, Moves(29)=0.0, Pins(2)=200.0, Dist=318.0, Win Bonus=0.0
[2026-05-22 10:09:37] ALL WRONG MOVES BY COLOUR: {'gray0': ['34 (turn timeout)', '82 (turn timeout)', '136 (turn timeout)', '154 (turn timeout)']}
[2026-05-22 10:09:39] MOVE 172: AlphaZeroClue (gray0) 80->70 [0.00ms]
[2026-05-22 10:09:39] SCORE PCS (lawn green): Final=524.0, Time=92.0, Moves(29)=0.0, Pins(1)=100.0, Dist=332.0, Win Bonus=0.0
[2026-05-22 10:09:39] SCORE AlphaZeroClue (gray0): Final=705.4, Time=55.4, Moves(25)=0.0, Pins(3)=300.0, Dist=350.0, Win Bonus=0.0
[2026-05-22 10:09:39] SCORE Group7 (yellow): Final=1151.5, Time=87.5, Moves(29)=0.0, Pins(7)=700.0, Dist=364.0, Win Bonus=0.0
[2026-05-22 10:09:39] SCORE Gruppe 2 (purple): Final=914.1, Time=88.1, Moves(28)=0.0, Pins(5)=500.0, Dist=326.0, Win Bonus=0.0
[2026-05-22 10:09:39] SCORE RL (red): Final=527.7, Time=75.6, Moves(28)=0.0, Pins(2)=200.0, Dist=252.0, Win Bonus=0.0
[2026-05-22 10:09:39] SCORE LosTurcos (blue): Final=612.7, Time=94.6, Moves(29)=0.0, Pins(2)=200.0, Dist=318.0, Win Bonus=0.0
[2026-05-22 10:09:39] ALL WRONG MOVES BY COLOUR: {'gray0': ['34 (turn timeout)', '82 (turn timeout)', '136 (turn timeout)', '154 (turn timeout)']}
[2026-05-22 10:09:39] MOVE 173: Gruppe 2 (purple) 53->26 [0.00ms]
[2026-05-22 10:09:39] SCORE PCS (lawn green): Final=524.0, Time=92.0, Moves(29)=0.0, Pins(1)=100.0, Dist=332.0, Win Bonus=0.0
[2026-05-22 10:09:39] SCORE AlphaZeroClue (gray0): Final=705.4, Time=55.4, Moves(25)=0.0, Pins(3)=300.0, Dist=350.0, Win Bonus=0.0
[2026-05-22 10:09:39] SCORE Group7 (yellow): Final=1151.5, Time=87.5, Moves(29)=0.0, Pins(7)=700.0, Dist=364.0, Win Bonus=0.0
[2026-05-22 10:09:39] SCORE Gruppe 2 (purple): Final=925.8, Time=87.8, Moves(29)=0.0, Pins(5)=500.0, Dist=338.0, Win Bonus=0.0
[2026-05-22 10:09:39] SCORE RL (red): Final=527.7, Time=75.6, Moves(28)=0.0, Pins(2)=200.0, Dist=252.0, Win Bonus=0.0
[2026-05-22 10:09:39] SCORE LosTurcos (blue): Final=612.7, Time=94.6, Moves(29)=0.0, Pins(2)=200.0, Dist=318.0, Win Bonus=0.0
[2026-05-22 10:09:39] ALL WRONG MOVES BY COLOUR: {'gray0': ['34 (turn timeout)', '82 (turn timeout)', '136 (turn timeout)', '154 (turn timeout)']}
[2026-05-22 10:09:40] MOVE 174: RL (red) 12->14 [0.01ms]
[2026-05-22 10:09:40] SCORE PCS (lawn green): Final=524.0, Time=92.0, Moves(29)=0.0, Pins(1)=100.0, Dist=332.0, Win Bonus=0.0
[2026-05-22 10:09:40] SCORE AlphaZeroClue (gray0): Final=705.4, Time=55.4, Moves(25)=0.0, Pins(3)=300.0, Dist=350.0, Win Bonus=0.0
[2026-05-22 10:09:40] SCORE Group7 (yellow): Final=1151.5, Time=87.5, Moves(29)=0.0, Pins(7)=700.0, Dist=364.0, Win Bonus=0.0
[2026-05-22 10:09:40] SCORE Gruppe 2 (purple): Final=925.8, Time=87.8, Moves(29)=0.0, Pins(5)=500.0, Dist=338.0, Win Bonus=0.0
[2026-05-22 10:09:40] SCORE RL (red): Final=530.8, Time=74.8, Moves(29)=0.0, Pins(2)=200.0, Dist=256.0, Win Bonus=0.0
[2026-05-22 10:09:40] SCORE LosTurcos (blue): Final=612.7, Time=94.6, Moves(29)=0.0, Pins(2)=200.0, Dist=318.0, Win Bonus=0.0
[2026-05-22 10:09:40] ALL WRONG MOVES BY COLOUR: {'gray0': ['34 (turn timeout)', '82 (turn timeout)', '136 (turn timeout)', '154 (turn timeout)']}
[2026-05-22 10:09:40] MOVE 175: PCS (lawn green) 19->80 [0.00ms]
[2026-05-22 10:09:40] SCORE PCS (lawn green): Final=535.9, Time=91.8, Moves(30)=0.1, Pins(1)=100.0, Dist=344.0, Win Bonus=0.0
[2026-05-22 10:09:40] SCORE AlphaZeroClue (gray0): Final=705.4, Time=55.4, Moves(25)=0.0, Pins(3)=300.0, Dist=350.0, Win Bonus=0.0
[2026-05-22 10:09:40] SCORE Group7 (yellow): Final=1151.5, Time=87.5, Moves(29)=0.0, Pins(7)=700.0, Dist=364.0, Win Bonus=0.0
[2026-05-22 10:09:40] SCORE Gruppe 2 (purple): Final=925.8, Time=87.8, Moves(29)=0.0, Pins(5)=500.0, Dist=338.0, Win Bonus=0.0
[2026-05-22 10:09:40] SCORE RL (red): Final=530.8, Time=74.8, Moves(29)=0.0, Pins(2)=200.0, Dist=256.0, Win Bonus=0.0
[2026-05-22 10:09:40] SCORE LosTurcos (blue): Final=612.7, Time=94.6, Moves(29)=0.0, Pins(2)=200.0, Dist=318.0, Win Bonus=0.0
[2026-05-22 10:09:40] ALL WRONG MOVES BY COLOUR: {'gray0': ['34 (turn timeout)', '82 (turn timeout)', '136 (turn timeout)', '154 (turn timeout)']}
[2026-05-22 10:09:41] MOVE 176: Group7 (yellow) 18->31 [0.00ms]
[2026-05-22 10:09:41] SCORE PCS (lawn green): Final=535.9, Time=91.8, Moves(30)=0.1, Pins(1)=100.0, Dist=344.0, Win Bonus=0.0
[2026-05-22 10:09:41] SCORE AlphaZeroClue (gray0): Final=705.4, Time=55.4, Moves(25)=0.0, Pins(3)=300.0, Dist=350.0, Win Bonus=0.0
[2026-05-22 10:09:41] SCORE Group7 (yellow): Final=1153.1, Time=87.0, Moves(30)=0.1, Pins(7)=700.0, Dist=366.0, Win Bonus=0.0
[2026-05-22 10:09:41] SCORE Gruppe 2 (purple): Final=925.8, Time=87.8, Moves(29)=0.0, Pins(5)=500.0, Dist=338.0, Win Bonus=0.0
[2026-05-22 10:09:41] SCORE RL (red): Final=530.8, Time=74.8, Moves(29)=0.0, Pins(2)=200.0, Dist=256.0, Win Bonus=0.0
[2026-05-22 10:09:41] SCORE LosTurcos (blue): Final=612.7, Time=94.6, Moves(29)=0.0, Pins(2)=200.0, Dist=318.0, Win Bonus=0.0
[2026-05-22 10:09:41] ALL WRONG MOVES BY COLOUR: {'gray0': ['34 (turn timeout)', '82 (turn timeout)', '136 (turn timeout)', '154 (turn timeout)']}
[2026-05-22 10:09:41] MOVE 177: LosTurcos (blue) 54->63 [0.00ms]
[2026-05-22 10:09:41] SCORE PCS (lawn green): Final=535.9, Time=91.8, Moves(30)=0.1, Pins(1)=100.0, Dist=344.0, Win Bonus=0.0
[2026-05-22 10:09:41] SCORE AlphaZeroClue (gray0): Final=705.4, Time=55.4, Moves(25)=0.0, Pins(3)=300.0, Dist=350.0, Win Bonus=0.0
[2026-05-22 10:09:41] SCORE Group7 (yellow): Final=1153.1, Time=87.0, Moves(30)=0.1, Pins(7)=700.0, Dist=366.0, Win Bonus=0.0
[2026-05-22 10:09:41] SCORE Gruppe 2 (purple): Final=925.8, Time=87.8, Moves(29)=0.0, Pins(5)=500.0, Dist=338.0, Win Bonus=0.0
[2026-05-22 10:09:41] SCORE RL (red): Final=530.8, Time=74.8, Moves(29)=0.0, Pins(2)=200.0, Dist=256.0, Win Bonus=0.0
[2026-05-22 10:09:41] SCORE LosTurcos (blue): Final=614.6, Time=94.5, Moves(30)=0.1, Pins(2)=200.0, Dist=320.0, Win Bonus=0.0
[2026-05-22 10:09:41] ALL WRONG MOVES BY COLOUR: {'gray0': ['34 (turn timeout)', '82 (turn timeout)', '136 (turn timeout)', '154 (turn timeout)']}
[2026-05-22 10:09:43] MOVE 178: AlphaZeroClue (gray0) 41->18 [0.00ms]
[2026-05-22 10:09:43] SCORE PCS (lawn green): Final=535.9, Time=91.8, Moves(30)=0.1, Pins(1)=100.0, Dist=344.0, Win Bonus=0.0
[2026-05-22 10:09:43] SCORE AlphaZeroClue (gray0): Final=707.5, Time=53.5, Moves(26)=0.0, Pins(3)=300.0, Dist=354.0, Win Bonus=0.0
[2026-05-22 10:09:43] SCORE Group7 (yellow): Final=1153.1, Time=87.0, Moves(30)=0.1, Pins(7)=700.0, Dist=366.0, Win Bonus=0.0
[2026-05-22 10:09:43] SCORE Gruppe 2 (purple): Final=925.8, Time=87.8, Moves(29)=0.0, Pins(5)=500.0, Dist=338.0, Win Bonus=0.0
[2026-05-22 10:09:43] SCORE RL (red): Final=530.8, Time=74.8, Moves(29)=0.0, Pins(2)=200.0, Dist=256.0, Win Bonus=0.0
[2026-05-22 10:09:43] SCORE LosTurcos (blue): Final=614.6, Time=94.5, Moves(30)=0.1, Pins(2)=200.0, Dist=320.0, Win Bonus=0.0
[2026-05-22 10:09:43] ALL WRONG MOVES BY COLOUR: {'gray0': ['34 (turn timeout)', '82 (turn timeout)', '136 (turn timeout)', '154 (turn timeout)']}
[2026-05-22 10:09:43] MOVE 179: Gruppe 2 (purple) 25->12 [0.00ms]
[2026-05-22 10:09:43] SCORE PCS (lawn green): Final=535.9, Time=91.8, Moves(30)=0.1, Pins(1)=100.0, Dist=344.0, Win Bonus=0.0
[2026-05-22 10:09:43] SCORE AlphaZeroClue (gray0): Final=707.5, Time=53.5, Moves(26)=0.0, Pins(3)=300.0, Dist=354.0, Win Bonus=0.0
[2026-05-22 10:09:43] SCORE Group7 (yellow): Final=1153.1, Time=87.0, Moves(30)=0.1, Pins(7)=700.0, Dist=366.0, Win Bonus=0.0
[2026-05-22 10:09:43] SCORE Gruppe 2 (purple): Final=925.4, Time=87.3, Moves(30)=0.1, Pins(5)=500.0, Dist=338.0, Win Bonus=0.0
[2026-05-22 10:09:43] SCORE RL (red): Final=530.8, Time=74.8, Moves(29)=0.0, Pins(2)=200.0, Dist=256.0, Win Bonus=0.0
[2026-05-22 10:09:43] SCORE LosTurcos (blue): Final=614.6, Time=94.5, Moves(30)=0.1, Pins(2)=200.0, Dist=320.0, Win Bonus=0.0
[2026-05-22 10:09:43] ALL WRONG MOVES BY COLOUR: {'gray0': ['34 (turn timeout)', '82 (turn timeout)', '136 (turn timeout)', '154 (turn timeout)']}
[2026-05-22 10:09:44] MOVE 180: RL (red) 14->15 [0.01ms]
[2026-05-22 10:09:44] SCORE PCS (lawn green): Final=535.9, Time=91.8, Moves(30)=0.1, Pins(1)=100.0, Dist=344.0, Win Bonus=0.0
[2026-05-22 10:09:44] SCORE AlphaZeroClue (gray0): Final=707.5, Time=53.5, Moves(26)=0.0, Pins(3)=300.0, Dist=354.0, Win Bonus=0.0
[2026-05-22 10:09:44] SCORE Group7 (yellow): Final=1153.1, Time=87.0, Moves(30)=0.1, Pins(7)=700.0, Dist=366.0, Win Bonus=0.0
[2026-05-22 10:09:44] SCORE Gruppe 2 (purple): Final=925.4, Time=87.3, Moves(30)=0.1, Pins(5)=500.0, Dist=338.0, Win Bonus=0.0
[2026-05-22 10:09:44] SCORE RL (red): Final=530.1, Time=74.1, Moves(30)=0.1, Pins(2)=200.0, Dist=256.0, Win Bonus=0.0
[2026-05-22 10:09:44] SCORE LosTurcos (blue): Final=614.6, Time=94.5, Moves(30)=0.1, Pins(2)=200.0, Dist=320.0, Win Bonus=0.0
[2026-05-22 10:09:44] ALL WRONG MOVES BY COLOUR: {'gray0': ['34 (turn timeout)', '82 (turn timeout)', '136 (turn timeout)', '154 (turn timeout)']}
[2026-05-22 10:09:44] MOVE 181: PCS (lawn green) 3->37 [0.00ms]
[2026-05-22 10:09:44] SCORE PCS (lawn green): Final=544.0, Time=91.8, Moves(31)=0.2, Pins(1)=100.0, Dist=352.0, Win Bonus=0.0
[2026-05-22 10:09:44] SCORE AlphaZeroClue (gray0): Final=707.5, Time=53.5, Moves(26)=0.0, Pins(3)=300.0, Dist=354.0, Win Bonus=0.0
[2026-05-22 10:09:44] SCORE Group7 (yellow): Final=1153.1, Time=87.0, Moves(30)=0.1, Pins(7)=700.0, Dist=366.0, Win Bonus=0.0
[2026-05-22 10:09:44] SCORE Gruppe 2 (purple): Final=925.4, Time=87.3, Moves(30)=0.1, Pins(5)=500.0, Dist=338.0, Win Bonus=0.0
[2026-05-22 10:09:44] SCORE RL (red): Final=530.1, Time=74.1, Moves(30)=0.1, Pins(2)=200.0, Dist=256.0, Win Bonus=0.0
[2026-05-22 10:09:44] SCORE LosTurcos (blue): Final=614.6, Time=94.5, Moves(30)=0.1, Pins(2)=200.0, Dist=320.0, Win Bonus=0.0
[2026-05-22 10:09:44] ALL WRONG MOVES BY COLOUR: {'gray0': ['34 (turn timeout)', '82 (turn timeout)', '136 (turn timeout)', '154 (turn timeout)']}
[2026-05-22 10:09:45] MOVE 182: Group7 (yellow) 23->48 [0.01ms]
[2026-05-22 10:09:45] SCORE PCS (lawn green): Final=544.0, Time=91.8, Moves(31)=0.2, Pins(1)=100.0, Dist=352.0, Win Bonus=0.0
[2026-05-22 10:09:45] SCORE AlphaZeroClue (gray0): Final=707.5, Time=53.5, Moves(26)=0.0, Pins(3)=300.0, Dist=354.0, Win Bonus=0.0
[2026-05-22 10:09:45] SCORE Group7 (yellow): Final=1160.5, Time=86.2, Moves(31)=0.2, Pins(7)=700.0, Dist=374.0, Win Bonus=0.0
[2026-05-22 10:09:45] SCORE Gruppe 2 (purple): Final=925.4, Time=87.3, Moves(30)=0.1, Pins(5)=500.0, Dist=338.0, Win Bonus=0.0
[2026-05-22 10:09:45] SCORE RL (red): Final=530.1, Time=74.1, Moves(30)=0.1, Pins(2)=200.0, Dist=256.0, Win Bonus=0.0
[2026-05-22 10:09:45] SCORE LosTurcos (blue): Final=614.6, Time=94.5, Moves(30)=0.1, Pins(2)=200.0, Dist=320.0, Win Bonus=0.0
[2026-05-22 10:09:45] ALL WRONG MOVES BY COLOUR: {'gray0': ['34 (turn timeout)', '82 (turn timeout)', '136 (turn timeout)', '154 (turn timeout)']}
[2026-05-22 10:09:45] MOVE 183: LosTurcos (blue) 68->79 [0.01ms]
[2026-05-22 10:09:45] SCORE PCS (lawn green): Final=544.0, Time=91.8, Moves(31)=0.2, Pins(1)=100.0, Dist=352.0, Win Bonus=0.0
[2026-05-22 10:09:45] SCORE AlphaZeroClue (gray0): Final=707.5, Time=53.5, Moves(26)=0.0, Pins(3)=300.0, Dist=354.0, Win Bonus=0.0
[2026-05-22 10:09:45] SCORE Group7 (yellow): Final=1160.5, Time=86.2, Moves(31)=0.2, Pins(7)=700.0, Dist=374.0, Win Bonus=0.0
[2026-05-22 10:09:45] SCORE Gruppe 2 (purple): Final=925.4, Time=87.3, Moves(30)=0.1, Pins(5)=500.0, Dist=338.0, Win Bonus=0.0
[2026-05-22 10:09:45] SCORE RL (red): Final=530.1, Time=74.1, Moves(30)=0.1, Pins(2)=200.0, Dist=256.0, Win Bonus=0.0
[2026-05-22 10:09:45] SCORE LosTurcos (blue): Final=616.6, Time=94.4, Moves(31)=0.2, Pins(2)=200.0, Dist=322.0, Win Bonus=0.0
[2026-05-22 10:09:45] ALL WRONG MOVES BY COLOUR: {'gray0': ['34 (turn timeout)', '82 (turn timeout)', '136 (turn timeout)', '154 (turn timeout)']}
[2026-05-22 10:09:47] MOVE 184: AlphaZeroClue (gray0) 27->9 [0.01ms]
[2026-05-22 10:09:47] SCORE PCS (lawn green): Final=544.0, Time=91.8, Moves(31)=0.2, Pins(1)=100.0, Dist=352.0, Win Bonus=0.0
[2026-05-22 10:09:47] SCORE AlphaZeroClue (gray0): Final=711.7, Time=51.7, Moves(27)=0.0, Pins(3)=300.0, Dist=360.0, Win Bonus=0.0
[2026-05-22 10:09:47] SCORE Group7 (yellow): Final=1160.5, Time=86.2, Moves(31)=0.2, Pins(7)=700.0, Dist=374.0, Win Bonus=0.0
[2026-05-22 10:09:47] SCORE Gruppe 2 (purple): Final=925.4, Time=87.3, Moves(30)=0.1, Pins(5)=500.0, Dist=338.0, Win Bonus=0.0
[2026-05-22 10:09:47] SCORE RL (red): Final=530.1, Time=74.1, Moves(30)=0.1, Pins(2)=200.0, Dist=256.0, Win Bonus=0.0
[2026-05-22 10:09:47] SCORE LosTurcos (blue): Final=616.6, Time=94.4, Moves(31)=0.2, Pins(2)=200.0, Dist=322.0, Win Bonus=0.0
[2026-05-22 10:09:47] ALL WRONG MOVES BY COLOUR: {'gray0': ['34 (turn timeout)', '82 (turn timeout)', '136 (turn timeout)', '154 (turn timeout)']}
[2026-05-22 10:09:47] MOVE 185: Gruppe 2 (purple) 89->77 [0.01ms]
[2026-05-22 10:09:47] SCORE PCS (lawn green): Final=544.0, Time=91.8, Moves(31)=0.2, Pins(1)=100.0, Dist=352.0, Win Bonus=0.0
[2026-05-22 10:09:47] SCORE AlphaZeroClue (gray0): Final=711.7, Time=51.7, Moves(27)=0.0, Pins(3)=300.0, Dist=360.0, Win Bonus=0.0
[2026-05-22 10:09:47] SCORE Group7 (yellow): Final=1160.5, Time=86.2, Moves(31)=0.2, Pins(7)=700.0, Dist=374.0, Win Bonus=0.0
[2026-05-22 10:09:47] SCORE Gruppe 2 (purple): Final=927.3, Time=87.1, Moves(31)=0.2, Pins(5)=500.0, Dist=340.0, Win Bonus=0.0
[2026-05-22 10:09:47] SCORE RL (red): Final=530.1, Time=74.1, Moves(30)=0.1, Pins(2)=200.0, Dist=256.0, Win Bonus=0.0
[2026-05-22 10:09:47] SCORE LosTurcos (blue): Final=616.6, Time=94.4, Moves(31)=0.2, Pins(2)=200.0, Dist=322.0, Win Bonus=0.0
[2026-05-22 10:09:47] ALL WRONG MOVES BY COLOUR: {'gray0': ['34 (turn timeout)', '82 (turn timeout)', '136 (turn timeout)', '154 (turn timeout)']}
[2026-05-22 10:09:48] MOVE 186: RL (red) 15->27 [0.00ms]
[2026-05-22 10:09:48] SCORE PCS (lawn green): Final=544.0, Time=91.8, Moves(31)=0.2, Pins(1)=100.0, Dist=352.0, Win Bonus=0.0
[2026-05-22 10:09:48] SCORE AlphaZeroClue (gray0): Final=711.7, Time=51.7, Moves(27)=0.0, Pins(3)=300.0, Dist=360.0, Win Bonus=0.0
[2026-05-22 10:09:48] SCORE Group7 (yellow): Final=1160.5, Time=86.2, Moves(31)=0.2, Pins(7)=700.0, Dist=374.0, Win Bonus=0.0
[2026-05-22 10:09:48] SCORE Gruppe 2 (purple): Final=927.3, Time=87.1, Moves(31)=0.2, Pins(5)=500.0, Dist=340.0, Win Bonus=0.0
[2026-05-22 10:09:48] SCORE RL (red): Final=527.4, Time=73.2, Moves(31)=0.2, Pins(2)=200.0, Dist=254.0, Win Bonus=0.0
[2026-05-22 10:09:48] SCORE LosTurcos (blue): Final=616.6, Time=94.4, Moves(31)=0.2, Pins(2)=200.0, Dist=322.0, Win Bonus=0.0
[2026-05-22 10:09:48] ALL WRONG MOVES BY COLOUR: {'gray0': ['34 (turn timeout)', '82 (turn timeout)', '136 (turn timeout)', '154 (turn timeout)']}
[2026-05-22 10:09:48] MOVE 187: PCS (lawn green) 37->58 [0.00ms]
[2026-05-22 10:09:48] SCORE PCS (lawn green): Final=543.9, Time=91.3, Moves(32)=0.5, Pins(1)=100.0, Dist=352.0, Win Bonus=0.0
[2026-05-22 10:09:48] SCORE AlphaZeroClue (gray0): Final=711.7, Time=51.7, Moves(27)=0.0, Pins(3)=300.0, Dist=360.0, Win Bonus=0.0
[2026-05-22 10:09:48] SCORE Group7 (yellow): Final=1160.5, Time=86.2, Moves(31)=0.2, Pins(7)=700.0, Dist=374.0, Win Bonus=0.0
[2026-05-22 10:09:48] SCORE Gruppe 2 (purple): Final=927.3, Time=87.1, Moves(31)=0.2, Pins(5)=500.0, Dist=340.0, Win Bonus=0.0
[2026-05-22 10:09:48] SCORE RL (red): Final=527.4, Time=73.2, Moves(31)=0.2, Pins(2)=200.0, Dist=254.0, Win Bonus=0.0
[2026-05-22 10:09:48] SCORE LosTurcos (blue): Final=616.6, Time=94.4, Moves(31)=0.2, Pins(2)=200.0, Dist=322.0, Win Bonus=0.0
[2026-05-22 10:09:48] ALL WRONG MOVES BY COLOUR: {'gray0': ['34 (turn timeout)', '82 (turn timeout)', '136 (turn timeout)', '154 (turn timeout)']}
[2026-05-22 10:09:49] MOVE 188: Group7 (yellow) 48->91 [0.00ms]
[2026-05-22 10:09:49] SCORE PCS (lawn green): Final=543.9, Time=91.3, Moves(32)=0.5, Pins(1)=100.0, Dist=352.0, Win Bonus=0.0
[2026-05-22 10:09:49] SCORE AlphaZeroClue (gray0): Final=711.7, Time=51.7, Moves(27)=0.0, Pins(3)=300.0, Dist=360.0, Win Bonus=0.0
[2026-05-22 10:09:49] SCORE Group7 (yellow): Final=1168.3, Time=85.8, Moves(32)=0.5, Pins(7)=700.0, Dist=382.0, Win Bonus=0.0
[2026-05-22 10:09:49] SCORE Gruppe 2 (purple): Final=927.3, Time=87.1, Moves(31)=0.2, Pins(5)=500.0, Dist=340.0, Win Bonus=0.0
[2026-05-22 10:09:49] SCORE RL (red): Final=527.4, Time=73.2, Moves(31)=0.2, Pins(2)=200.0, Dist=254.0, Win Bonus=0.0
[2026-05-22 10:09:49] SCORE LosTurcos (blue): Final=616.6, Time=94.4, Moves(31)=0.2, Pins(2)=200.0, Dist=322.0, Win Bonus=0.0
[2026-05-22 10:09:49] ALL WRONG MOVES BY COLOUR: {'gray0': ['34 (turn timeout)', '82 (turn timeout)', '136 (turn timeout)', '154 (turn timeout)']}
[2026-05-22 10:09:49] MOVE 189: LosTurcos (blue) 63->72 [0.00ms]
[2026-05-22 10:09:49] SCORE PCS (lawn green): Final=543.9, Time=91.3, Moves(32)=0.5, Pins(1)=100.0, Dist=352.0, Win Bonus=0.0
[2026-05-22 10:09:49] SCORE AlphaZeroClue (gray0): Final=711.7, Time=51.7, Moves(27)=0.0, Pins(3)=300.0, Dist=360.0, Win Bonus=0.0
[2026-05-22 10:09:49] SCORE Group7 (yellow): Final=1168.3, Time=85.8, Moves(32)=0.5, Pins(7)=700.0, Dist=382.0, Win Bonus=0.0
[2026-05-22 10:09:49] SCORE Gruppe 2 (purple): Final=927.3, Time=87.1, Moves(31)=0.2, Pins(5)=500.0, Dist=340.0, Win Bonus=0.0
[2026-05-22 10:09:49] SCORE RL (red): Final=527.4, Time=73.2, Moves(31)=0.2, Pins(2)=200.0, Dist=254.0, Win Bonus=0.0
[2026-05-22 10:09:49] SCORE LosTurcos (blue): Final=618.8, Time=94.2, Moves(32)=0.5, Pins(2)=200.0, Dist=324.0, Win Bonus=0.0
[2026-05-22 10:09:49] ALL WRONG MOVES BY COLOUR: {'gray0': ['34 (turn timeout)', '82 (turn timeout)', '136 (turn timeout)', '154 (turn timeout)']}
[2026-05-22 10:09:51] MOVE 190: AlphaZeroClue (gray0) 62->64 [0.00ms]
[2026-05-22 10:09:51] SCORE PCS (lawn green): Final=543.9, Time=91.3, Moves(32)=0.5, Pins(1)=100.0, Dist=352.0, Win Bonus=0.0
[2026-05-22 10:09:51] SCORE AlphaZeroClue (gray0): Final=714.0, Time=49.9, Moves(28)=0.0, Pins(3)=300.0, Dist=364.0, Win Bonus=0.0
[2026-05-22 10:09:51] SCORE Group7 (yellow): Final=1168.3, Time=85.8, Moves(32)=0.5, Pins(7)=700.0, Dist=382.0, Win Bonus=0.0
[2026-05-22 10:09:51] SCORE Gruppe 2 (purple): Final=927.3, Time=87.1, Moves(31)=0.2, Pins(5)=500.0, Dist=340.0, Win Bonus=0.0
[2026-05-22 10:09:51] SCORE RL (red): Final=527.4, Time=73.2, Moves(31)=0.2, Pins(2)=200.0, Dist=254.0, Win Bonus=0.0
[2026-05-22 10:09:51] SCORE LosTurcos (blue): Final=618.8, Time=94.2, Moves(32)=0.5, Pins(2)=200.0, Dist=324.0, Win Bonus=0.0
[2026-05-22 10:09:51] ALL WRONG MOVES BY COLOUR: {'gray0': ['34 (turn timeout)', '82 (turn timeout)', '136 (turn timeout)', '154 (turn timeout)']}
[2026-05-22 10:09:51] MOVE 191: Gruppe 2 (purple) 11->13 [0.00ms]
[2026-05-22 10:09:51] SCORE PCS (lawn green): Final=543.9, Time=91.3, Moves(32)=0.5, Pins(1)=100.0, Dist=352.0, Win Bonus=0.0
[2026-05-22 10:09:51] SCORE AlphaZeroClue (gray0): Final=714.0, Time=49.9, Moves(28)=0.0, Pins(3)=300.0, Dist=364.0, Win Bonus=0.0
[2026-05-22 10:09:51] SCORE Group7 (yellow): Final=1168.3, Time=85.8, Moves(32)=0.5, Pins(7)=700.0, Dist=382.0, Win Bonus=0.0
[2026-05-22 10:09:51] SCORE Gruppe 2 (purple): Final=927.3, Time=86.8, Moves(32)=0.5, Pins(5)=500.0, Dist=340.0, Win Bonus=0.0
[2026-05-22 10:09:51] SCORE RL (red): Final=527.4, Time=73.2, Moves(31)=0.2, Pins(2)=200.0, Dist=254.0, Win Bonus=0.0
[2026-05-22 10:09:51] SCORE LosTurcos (blue): Final=618.8, Time=94.2, Moves(32)=0.5, Pins(2)=200.0, Dist=324.0, Win Bonus=0.0
[2026-05-22 10:09:51] ALL WRONG MOVES BY COLOUR: {'gray0': ['34 (turn timeout)', '82 (turn timeout)', '136 (turn timeout)', '154 (turn timeout)']}
[2026-05-22 10:09:52] MOVE 192: RL (red) 27->39 [0.01ms]
[2026-05-22 10:09:52] SCORE PCS (lawn green): Final=543.9, Time=91.3, Moves(32)=0.5, Pins(1)=100.0, Dist=352.0, Win Bonus=0.0
[2026-05-22 10:09:52] SCORE AlphaZeroClue (gray0): Final=714.0, Time=49.9, Moves(28)=0.0, Pins(3)=300.0, Dist=364.0, Win Bonus=0.0
[2026-05-22 10:09:52] SCORE Group7 (yellow): Final=1168.3, Time=85.8, Moves(32)=0.5, Pins(7)=700.0, Dist=382.0, Win Bonus=0.0
[2026-05-22 10:09:52] SCORE Gruppe 2 (purple): Final=927.3, Time=86.8, Moves(32)=0.5, Pins(5)=500.0, Dist=340.0, Win Bonus=0.0
[2026-05-22 10:09:52] SCORE RL (red): Final=524.9, Time=72.4, Moves(32)=0.5, Pins(2)=200.0, Dist=252.0, Win Bonus=0.0
[2026-05-22 10:09:52] SCORE LosTurcos (blue): Final=618.8, Time=94.2, Moves(32)=0.5, Pins(2)=200.0, Dist=324.0, Win Bonus=0.0
[2026-05-22 10:09:52] ALL WRONG MOVES BY COLOUR: {'gray0': ['34 (turn timeout)', '82 (turn timeout)', '136 (turn timeout)', '154 (turn timeout)']}
[2026-05-22 10:09:52] MOVE 193: PCS (lawn green) 42->52 [0.00ms]
[2026-05-22 10:09:52] SCORE PCS (lawn green): Final=546.0, Time=90.9, Moves(33)=1.1, Pins(1)=100.0, Dist=354.0, Win Bonus=0.0
[2026-05-22 10:09:52] SCORE AlphaZeroClue (gray0): Final=714.0, Time=49.9, Moves(28)=0.0, Pins(3)=300.0, Dist=364.0, Win Bonus=0.0
[2026-05-22 10:09:52] SCORE Group7 (yellow): Final=1168.3, Time=85.8, Moves(32)=0.5, Pins(7)=700.0, Dist=382.0, Win Bonus=0.0
[2026-05-22 10:09:52] SCORE Gruppe 2 (purple): Final=927.3, Time=86.8, Moves(32)=0.5, Pins(5)=500.0, Dist=340.0, Win Bonus=0.0
[2026-05-22 10:09:52] SCORE RL (red): Final=524.9, Time=72.4, Moves(32)=0.5, Pins(2)=200.0, Dist=252.0, Win Bonus=0.0
[2026-05-22 10:09:52] SCORE LosTurcos (blue): Final=618.8, Time=94.2, Moves(32)=0.5, Pins(2)=200.0, Dist=324.0, Win Bonus=0.0
[2026-05-22 10:09:52] ALL WRONG MOVES BY COLOUR: {'gray0': ['34 (turn timeout)', '82 (turn timeout)', '136 (turn timeout)', '154 (turn timeout)']}
[2026-05-22 10:09:53] MOVE 194: Group7 (yellow) 91->92 [0.00ms]
[2026-05-22 10:09:53] SCORE PCS (lawn green): Final=546.0, Time=90.9, Moves(33)=1.1, Pins(1)=100.0, Dist=354.0, Win Bonus=0.0
[2026-05-22 10:09:53] SCORE AlphaZeroClue (gray0): Final=714.0, Time=49.9, Moves(28)=0.0, Pins(3)=300.0, Dist=364.0, Win Bonus=0.0
[2026-05-22 10:09:53] SCORE Group7 (yellow): Final=1170.5, Time=85.4, Moves(33)=1.1, Pins(7)=700.0, Dist=384.0, Win Bonus=0.0
[2026-05-22 10:09:53] SCORE Gruppe 2 (purple): Final=927.3, Time=86.8, Moves(32)=0.5, Pins(5)=500.0, Dist=340.0, Win Bonus=0.0
[2026-05-22 10:09:53] SCORE RL (red): Final=524.9, Time=72.4, Moves(32)=0.5, Pins(2)=200.0, Dist=252.0, Win Bonus=0.0
[2026-05-22 10:09:53] SCORE LosTurcos (blue): Final=618.8, Time=94.2, Moves(32)=0.5, Pins(2)=200.0, Dist=324.0, Win Bonus=0.0
[2026-05-22 10:09:53] ALL WRONG MOVES BY COLOUR: {'gray0': ['34 (turn timeout)', '82 (turn timeout)', '136 (turn timeout)', '154 (turn timeout)']}
[2026-05-22 10:09:53] MOVE 195: LosTurcos (blue) 79->91 [0.00ms]
[2026-05-22 10:09:53] SCORE PCS (lawn green): Final=546.0, Time=90.9, Moves(33)=1.1, Pins(1)=100.0, Dist=354.0, Win Bonus=0.0
[2026-05-22 10:09:53] SCORE AlphaZeroClue (gray0): Final=714.0, Time=49.9, Moves(28)=0.0, Pins(3)=300.0, Dist=364.0, Win Bonus=0.0
[2026-05-22 10:09:53] SCORE Group7 (yellow): Final=1170.5, Time=85.4, Moves(33)=1.1, Pins(7)=700.0, Dist=384.0, Win Bonus=0.0
[2026-05-22 10:09:53] SCORE Gruppe 2 (purple): Final=927.3, Time=86.8, Moves(32)=0.5, Pins(5)=500.0, Dist=340.0, Win Bonus=0.0
[2026-05-22 10:09:53] SCORE RL (red): Final=524.9, Time=72.4, Moves(32)=0.5, Pins(2)=200.0, Dist=252.0, Win Bonus=0.0
[2026-05-22 10:09:53] SCORE LosTurcos (blue): Final=621.2, Time=94.1, Moves(33)=1.1, Pins(2)=200.0, Dist=326.0, Win Bonus=0.0
[2026-05-22 10:09:53] ALL WRONG MOVES BY COLOUR: {'gray0': ['34 (turn timeout)', '82 (turn timeout)', '136 (turn timeout)', '154 (turn timeout)']}
[2026-05-22 10:09:55] MOVE 196: AlphaZeroClue (gray0) 70->61 [0.00ms]
[2026-05-22 10:09:55] SCORE PCS (lawn green): Final=546.0, Time=90.9, Moves(33)=1.1, Pins(1)=100.0, Dist=354.0, Win Bonus=0.0
[2026-05-22 10:09:55] SCORE AlphaZeroClue (gray0): Final=714.2, Time=48.2, Moves(29)=0.0, Pins(3)=300.0, Dist=366.0, Win Bonus=0.0
[2026-05-22 10:09:55] SCORE Group7 (yellow): Final=1170.5, Time=85.4, Moves(33)=1.1, Pins(7)=700.0, Dist=384.0, Win Bonus=0.0
[2026-05-22 10:09:55] SCORE Gruppe 2 (purple): Final=927.3, Time=86.8, Moves(32)=0.5, Pins(5)=500.0, Dist=340.0, Win Bonus=0.0
[2026-05-22 10:09:55] SCORE RL (red): Final=524.9, Time=72.4, Moves(32)=0.5, Pins(2)=200.0, Dist=252.0, Win Bonus=0.0
[2026-05-22 10:09:55] SCORE LosTurcos (blue): Final=621.2, Time=94.1, Moves(33)=1.1, Pins(2)=200.0, Dist=326.0, Win Bonus=0.0
[2026-05-22 10:09:55] ALL WRONG MOVES BY COLOUR: {'gray0': ['34 (turn timeout)', '82 (turn timeout)', '136 (turn timeout)', '154 (turn timeout)']}
[2026-05-22 10:09:55] MOVE 197: Gruppe 2 (purple) 26->25 [0.00ms]
[2026-05-22 10:09:55] SCORE PCS (lawn green): Final=546.0, Time=90.9, Moves(33)=1.1, Pins(1)=100.0, Dist=354.0, Win Bonus=0.0
[2026-05-22 10:09:55] SCORE AlphaZeroClue (gray0): Final=714.2, Time=48.2, Moves(29)=0.0, Pins(3)=300.0, Dist=366.0, Win Bonus=0.0
[2026-05-22 10:09:55] SCORE Group7 (yellow): Final=1170.5, Time=85.4, Moves(33)=1.1, Pins(7)=700.0, Dist=384.0, Win Bonus=0.0
[2026-05-22 10:09:55] SCORE Gruppe 2 (purple): Final=1029.6, Time=86.5, Moves(33)=1.1, Pins(6)=600.0, Dist=342.0, Win Bonus=0.0
[2026-05-22 10:09:55] SCORE RL (red): Final=524.9, Time=72.4, Moves(32)=0.5, Pins(2)=200.0, Dist=252.0, Win Bonus=0.0
[2026-05-22 10:09:55] SCORE LosTurcos (blue): Final=621.2, Time=94.1, Moves(33)=1.1, Pins(2)=200.0, Dist=326.0, Win Bonus=0.0
[2026-05-22 10:09:55] ALL WRONG MOVES BY COLOUR: {'gray0': ['34 (turn timeout)', '82 (turn timeout)', '136 (turn timeout)', '154 (turn timeout)']}
[2026-05-22 10:09:56] MOVE 198: RL (red) 39->28 [0.00ms]
[2026-05-22 10:09:56] SCORE PCS (lawn green): Final=546.0, Time=90.9, Moves(33)=1.1, Pins(1)=100.0, Dist=354.0, Win Bonus=0.0
[2026-05-22 10:09:56] SCORE AlphaZeroClue (gray0): Final=714.2, Time=48.2, Moves(29)=0.0, Pins(3)=300.0, Dist=366.0, Win Bonus=0.0
[2026-05-22 10:09:56] SCORE Group7 (yellow): Final=1170.5, Time=85.4, Moves(33)=1.1, Pins(7)=700.0, Dist=384.0, Win Bonus=0.0
[2026-05-22 10:09:56] SCORE Gruppe 2 (purple): Final=1029.6, Time=86.5, Moves(33)=1.1, Pins(6)=600.0, Dist=342.0, Win Bonus=0.0
[2026-05-22 10:09:56] SCORE RL (red): Final=526.7, Time=71.6, Moves(33)=1.1, Pins(2)=200.0, Dist=254.0, Win Bonus=0.0
[2026-05-22 10:09:56] SCORE LosTurcos (blue): Final=621.2, Time=94.1, Moves(33)=1.1, Pins(2)=200.0, Dist=326.0, Win Bonus=0.0
[2026-05-22 10:09:56] ALL WRONG MOVES BY COLOUR: {'gray0': ['34 (turn timeout)', '82 (turn timeout)', '136 (turn timeout)', '154 (turn timeout)']}
[2026-05-22 10:09:56] MOVE 199: PCS (lawn green) 90->89 [0.00ms]
[2026-05-22 10:09:56] SCORE PCS (lawn green): Final=548.7, Time=90.5, Moves(34)=2.3, Pins(1)=100.0, Dist=356.0, Win Bonus=0.0
[2026-05-22 10:09:56] SCORE AlphaZeroClue (gray0): Final=714.2, Time=48.2, Moves(29)=0.0, Pins(3)=300.0, Dist=366.0, Win Bonus=0.0
[2026-05-22 10:09:56] SCORE Group7 (yellow): Final=1170.5, Time=85.4, Moves(33)=1.1, Pins(7)=700.0, Dist=384.0, Win Bonus=0.0
[2026-05-22 10:09:56] SCORE Gruppe 2 (purple): Final=1029.6, Time=86.5, Moves(33)=1.1, Pins(6)=600.0, Dist=342.0, Win Bonus=0.0
[2026-05-22 10:09:56] SCORE RL (red): Final=526.7, Time=71.6, Moves(33)=1.1, Pins(2)=200.0, Dist=254.0, Win Bonus=0.0
[2026-05-22 10:09:56] SCORE LosTurcos (blue): Final=621.2, Time=94.1, Moves(33)=1.1, Pins(2)=200.0, Dist=326.0, Win Bonus=0.0
[2026-05-22 10:09:56] ALL WRONG MOVES BY COLOUR: {'gray0': ['34 (turn timeout)', '82 (turn timeout)', '136 (turn timeout)', '154 (turn timeout)']}
[2026-05-22 10:09:56] MOVE 200: Group7 (yellow) 92->93 [0.00ms]
[2026-05-22 10:09:56] SCORE PCS (lawn green): Final=548.7, Time=90.5, Moves(34)=2.3, Pins(1)=100.0, Dist=356.0, Win Bonus=0.0
[2026-05-22 10:09:56] SCORE AlphaZeroClue (gray0): Final=714.2, Time=48.2, Moves(29)=0.0, Pins(3)=300.0, Dist=366.0, Win Bonus=0.0
[2026-05-22 10:09:56] SCORE Group7 (yellow): Final=1173.4, Time=85.1, Moves(34)=2.3, Pins(7)=700.0, Dist=386.0, Win Bonus=0.0
[2026-05-22 10:09:56] SCORE Gruppe 2 (purple): Final=1029.6, Time=86.5, Moves(33)=1.1, Pins(6)=600.0, Dist=342.0, Win Bonus=0.0
[2026-05-22 10:09:56] SCORE RL (red): Final=526.7, Time=71.6, Moves(33)=1.1, Pins(2)=200.0, Dist=254.0, Win Bonus=0.0
[2026-05-22 10:09:56] SCORE LosTurcos (blue): Final=621.2, Time=94.1, Moves(33)=1.1, Pins(2)=200.0, Dist=326.0, Win Bonus=0.0
[2026-05-22 10:09:56] ALL WRONG MOVES BY COLOUR: {'gray0': ['34 (turn timeout)', '82 (turn timeout)', '136 (turn timeout)', '154 (turn timeout)']}
[2026-05-22 10:09:56] MOVE 201: LosTurcos (blue) 72->83 [0.00ms]
[2026-05-22 10:09:56] SCORE PCS (lawn green): Final=548.7, Time=90.5, Moves(34)=2.3, Pins(1)=100.0, Dist=356.0, Win Bonus=0.0
[2026-05-22 10:09:56] SCORE AlphaZeroClue (gray0): Final=714.2, Time=48.2, Moves(29)=0.0, Pins(3)=300.0, Dist=366.0, Win Bonus=0.0
[2026-05-22 10:09:56] SCORE Group7 (yellow): Final=1173.4, Time=85.1, Moves(34)=2.3, Pins(7)=700.0, Dist=386.0, Win Bonus=0.0
[2026-05-22 10:09:56] SCORE Gruppe 2 (purple): Final=1029.6, Time=86.5, Moves(33)=1.1, Pins(6)=600.0, Dist=342.0, Win Bonus=0.0
[2026-05-22 10:09:56] SCORE RL (red): Final=526.7, Time=71.6, Moves(33)=1.1, Pins(2)=200.0, Dist=254.0, Win Bonus=0.0
[2026-05-22 10:09:56] SCORE LosTurcos (blue): Final=624.2, Time=94.0, Moves(34)=2.3, Pins(2)=200.0, Dist=328.0, Win Bonus=0.0
[2026-05-22 10:09:56] ALL WRONG MOVES BY COLOUR: {'gray0': ['34 (turn timeout)', '82 (turn timeout)', '136 (turn timeout)', '154 (turn timeout)']}
[2026-05-22 10:09:58] MOVE 202: AlphaZeroClue (gray0) 61->21 [0.01ms]
[2026-05-22 10:09:58] SCORE PCS (lawn green): Final=548.7, Time=90.5, Moves(34)=2.3, Pins(1)=100.0, Dist=356.0, Win Bonus=0.0
[2026-05-22 10:09:58] SCORE AlphaZeroClue (gray0): Final=820.5, Time=46.4, Moves(30)=0.1, Pins(4)=400.0, Dist=374.0, Win Bonus=0.0
[2026-05-22 10:09:58] SCORE Group7 (yellow): Final=1173.4, Time=85.1, Moves(34)=2.3, Pins(7)=700.0, Dist=386.0, Win Bonus=0.0
[2026-05-22 10:09:58] SCORE Gruppe 2 (purple): Final=1029.6, Time=86.5, Moves(33)=1.1, Pins(6)=600.0, Dist=342.0, Win Bonus=0.0
[2026-05-22 10:09:58] SCORE RL (red): Final=526.7, Time=71.6, Moves(33)=1.1, Pins(2)=200.0, Dist=254.0, Win Bonus=0.0
[2026-05-22 10:09:58] SCORE LosTurcos (blue): Final=624.2, Time=94.0, Moves(34)=2.3, Pins(2)=200.0, Dist=328.0, Win Bonus=0.0
[2026-05-22 10:09:58] ALL WRONG MOVES BY COLOUR: {'gray0': ['34 (turn timeout)', '82 (turn timeout)', '136 (turn timeout)', '154 (turn timeout)']}
[2026-05-22 10:09:59] MOVE 203: Gruppe 2 (purple) 107->106 [0.01ms]
[2026-05-22 10:09:59] SCORE PCS (lawn green): Final=548.7, Time=90.5, Moves(34)=2.3, Pins(1)=100.0, Dist=356.0, Win Bonus=0.0
[2026-05-22 10:09:59] SCORE AlphaZeroClue (gray0): Final=820.5, Time=46.4, Moves(30)=0.1, Pins(4)=400.0, Dist=374.0, Win Bonus=0.0
[2026-05-22 10:09:59] SCORE Group7 (yellow): Final=1173.4, Time=85.1, Moves(34)=2.3, Pins(7)=700.0, Dist=386.0, Win Bonus=0.0
[2026-05-22 10:09:59] SCORE Gruppe 2 (purple): Final=1032.3, Time=86.1, Moves(34)=2.3, Pins(6)=600.0, Dist=344.0, Win Bonus=0.0
[2026-05-22 10:09:59] SCORE RL (red): Final=526.7, Time=71.6, Moves(33)=1.1, Pins(2)=200.0, Dist=254.0, Win Bonus=0.0
[2026-05-22 10:09:59] SCORE LosTurcos (blue): Final=624.2, Time=94.0, Moves(34)=2.3, Pins(2)=200.0, Dist=328.0, Win Bonus=0.0
[2026-05-22 10:09:59] ALL WRONG MOVES BY COLOUR: {'gray0': ['34 (turn timeout)', '82 (turn timeout)', '136 (turn timeout)', '154 (turn timeout)']}
[2026-05-22 10:09:59] MOVE 204: RL (red) 28->51 [0.00ms]
[2026-05-22 10:09:59] SCORE PCS (lawn green): Final=548.7, Time=90.5, Moves(34)=2.3, Pins(1)=100.0, Dist=356.0, Win Bonus=0.0
[2026-05-22 10:09:59] SCORE AlphaZeroClue (gray0): Final=820.5, Time=46.4, Moves(30)=0.1, Pins(4)=400.0, Dist=374.0, Win Bonus=0.0
[2026-05-22 10:09:59] SCORE Group7 (yellow): Final=1173.4, Time=85.1, Moves(34)=2.3, Pins(7)=700.0, Dist=386.0, Win Bonus=0.0
[2026-05-22 10:09:59] SCORE Gruppe 2 (purple): Final=1032.3, Time=86.1, Moves(34)=2.3, Pins(6)=600.0, Dist=344.0, Win Bonus=0.0
[2026-05-22 10:09:59] SCORE RL (red): Final=523.1, Time=70.8, Moves(34)=2.3, Pins(2)=200.0, Dist=250.0, Win Bonus=0.0
[2026-05-22 10:09:59] SCORE LosTurcos (blue): Final=624.2, Time=94.0, Moves(34)=2.3, Pins(2)=200.0, Dist=328.0, Win Bonus=0.0
[2026-05-22 10:09:59] ALL WRONG MOVES BY COLOUR: {'gray0': ['34 (turn timeout)', '82 (turn timeout)', '136 (turn timeout)', '154 (turn timeout)']}
[2026-05-22 10:10:00] MOVE 205: PCS (lawn green) 66->48 [0.00ms]
[2026-05-22 10:10:00] SCORE PCS (lawn green): Final=546.5, Time=90.1, Moves(35)=4.4, Pins(1)=100.0, Dist=352.0, Win Bonus=0.0
[2026-05-22 10:10:00] SCORE AlphaZeroClue (gray0): Final=820.5, Time=46.4, Moves(30)=0.1, Pins(4)=400.0, Dist=374.0, Win Bonus=0.0
[2026-05-22 10:10:00] SCORE Group7 (yellow): Final=1173.4, Time=85.1, Moves(34)=2.3, Pins(7)=700.0, Dist=386.0, Win Bonus=0.0
[2026-05-22 10:10:00] SCORE Gruppe 2 (purple): Final=1032.3, Time=86.1, Moves(34)=2.3, Pins(6)=600.0, Dist=344.0, Win Bonus=0.0
[2026-05-22 10:10:00] SCORE RL (red): Final=523.1, Time=70.8, Moves(34)=2.3, Pins(2)=200.0, Dist=250.0, Win Bonus=0.0
[2026-05-22 10:10:00] SCORE LosTurcos (blue): Final=624.2, Time=94.0, Moves(34)=2.3, Pins(2)=200.0, Dist=328.0, Win Bonus=0.0
[2026-05-22 10:10:00] ALL WRONG MOVES BY COLOUR: {'gray0': ['34 (turn timeout)', '82 (turn timeout)', '136 (turn timeout)', '154 (turn timeout)']}
[2026-05-22 10:10:00] MOVE 206: Group7 (yellow) 94->107 [0.00ms]
[2026-05-22 10:10:00] SCORE PCS (lawn green): Final=546.5, Time=90.1, Moves(35)=4.4, Pins(1)=100.0, Dist=352.0, Win Bonus=0.0
[2026-05-22 10:10:00] SCORE AlphaZeroClue (gray0): Final=820.5, Time=46.4, Moves(30)=0.1, Pins(4)=400.0, Dist=374.0, Win Bonus=0.0
[2026-05-22 10:10:00] SCORE Group7 (yellow): Final=1277.2, Time=84.8, Moves(35)=4.4, Pins(8)=800.0, Dist=388.0, Win Bonus=0.0
[2026-05-22 10:10:00] SCORE Gruppe 2 (purple): Final=1032.3, Time=86.1, Moves(34)=2.3, Pins(6)=600.0, Dist=344.0, Win Bonus=0.0
[2026-05-22 10:10:00] SCORE RL (red): Final=523.1, Time=70.8, Moves(34)=2.3, Pins(2)=200.0, Dist=250.0, Win Bonus=0.0
[2026-05-22 10:10:00] SCORE LosTurcos (blue): Final=624.2, Time=94.0, Moves(34)=2.3, Pins(2)=200.0, Dist=328.0, Win Bonus=0.0
[2026-05-22 10:10:00] ALL WRONG MOVES BY COLOUR: {'gray0': ['34 (turn timeout)', '82 (turn timeout)', '136 (turn timeout)', '154 (turn timeout)']}
[2026-05-22 10:10:00] MOVE 207: LosTurcos (blue) 83->94 [0.00ms]
[2026-05-22 10:10:00] SCORE PCS (lawn green): Final=546.5, Time=90.1, Moves(35)=4.4, Pins(1)=100.0, Dist=352.0, Win Bonus=0.0
[2026-05-22 10:10:00] SCORE AlphaZeroClue (gray0): Final=820.5, Time=46.4, Moves(30)=0.1, Pins(4)=400.0, Dist=374.0, Win Bonus=0.0
[2026-05-22 10:10:00] SCORE Group7 (yellow): Final=1277.2, Time=84.8, Moves(35)=4.4, Pins(8)=800.0, Dist=388.0, Win Bonus=0.0
[2026-05-22 10:10:00] SCORE Gruppe 2 (purple): Final=1032.3, Time=86.1, Moves(34)=2.3, Pins(6)=600.0, Dist=344.0, Win Bonus=0.0
[2026-05-22 10:10:00] SCORE RL (red): Final=523.1, Time=70.8, Moves(34)=2.3, Pins(2)=200.0, Dist=250.0, Win Bonus=0.0
[2026-05-22 10:10:00] SCORE LosTurcos (blue): Final=628.2, Time=93.8, Moves(35)=4.4, Pins(2)=200.0, Dist=330.0, Win Bonus=0.0
[2026-05-22 10:10:00] ALL WRONG MOVES BY COLOUR: {'gray0': ['34 (turn timeout)', '82 (turn timeout)', '136 (turn timeout)', '154 (turn timeout)']}
[2026-05-22 10:10:02] MOVE 208: AlphaZeroClue (gray0) 40->19 [0.00ms]
[2026-05-22 10:10:02] SCORE PCS (lawn green): Final=546.5, Time=90.1, Moves(35)=4.4, Pins(1)=100.0, Dist=352.0, Win Bonus=0.0
[2026-05-22 10:10:02] SCORE AlphaZeroClue (gray0): Final=926.9, Time=44.7, Moves(31)=0.2, Pins(5)=500.0, Dist=382.0, Win Bonus=0.0
[2026-05-22 10:10:02] SCORE Group7 (yellow): Final=1277.2, Time=84.8, Moves(35)=4.4, Pins(8)=800.0, Dist=388.0, Win Bonus=0.0
[2026-05-22 10:10:02] SCORE Gruppe 2 (purple): Final=1032.3, Time=86.1, Moves(34)=2.3, Pins(6)=600.0, Dist=344.0, Win Bonus=0.0
[2026-05-22 10:10:02] SCORE RL (red): Final=523.1, Time=70.8, Moves(34)=2.3, Pins(2)=200.0, Dist=250.0, Win Bonus=0.0
[2026-05-22 10:10:02] SCORE LosTurcos (blue): Final=628.2, Time=93.8, Moves(35)=4.4, Pins(2)=200.0, Dist=330.0, Win Bonus=0.0
[2026-05-22 10:10:02] ALL WRONG MOVES BY COLOUR: {'gray0': ['34 (turn timeout)', '82 (turn timeout)', '136 (turn timeout)', '154 (turn timeout)']}
[2026-05-22 10:10:03] MOVE 209: Gruppe 2 (purple) 106->79 [0.00ms]
[2026-05-22 10:10:03] SCORE PCS (lawn green): Final=546.5, Time=90.1, Moves(35)=4.4, Pins(1)=100.0, Dist=352.0, Win Bonus=0.0
[2026-05-22 10:10:03] SCORE AlphaZeroClue (gray0): Final=926.9, Time=44.7, Moves(31)=0.2, Pins(5)=500.0, Dist=382.0, Win Bonus=0.0
[2026-05-22 10:10:03] SCORE Group7 (yellow): Final=1277.2, Time=84.8, Moves(35)=4.4, Pins(8)=800.0, Dist=388.0, Win Bonus=0.0
[2026-05-22 10:10:03] SCORE Gruppe 2 (purple): Final=1042.0, Time=85.6, Moves(35)=4.4, Pins(6)=600.0, Dist=352.0, Win Bonus=0.0
[2026-05-22 10:10:03] SCORE RL (red): Final=523.1, Time=70.8, Moves(34)=2.3, Pins(2)=200.0, Dist=250.0, Win Bonus=0.0
[2026-05-22 10:10:03] SCORE LosTurcos (blue): Final=628.2, Time=93.8, Moves(35)=4.4, Pins(2)=200.0, Dist=330.0, Win Bonus=0.0
[2026-05-22 10:10:03] ALL WRONG MOVES BY COLOUR: {'gray0': ['34 (turn timeout)', '82 (turn timeout)', '136 (turn timeout)', '154 (turn timeout)']}
[2026-05-22 10:10:03] MOVE 210: RL (red) 5->14 [0.01ms]
[2026-05-22 10:10:03] SCORE PCS (lawn green): Final=546.5, Time=90.1, Moves(35)=4.4, Pins(1)=100.0, Dist=352.0, Win Bonus=0.0
[2026-05-22 10:10:03] SCORE AlphaZeroClue (gray0): Final=926.9, Time=44.7, Moves(31)=0.2, Pins(5)=500.0, Dist=382.0, Win Bonus=0.0
[2026-05-22 10:10:03] SCORE Group7 (yellow): Final=1277.2, Time=84.8, Moves(35)=4.4, Pins(8)=800.0, Dist=388.0, Win Bonus=0.0
[2026-05-22 10:10:03] SCORE Gruppe 2 (purple): Final=1042.0, Time=85.6, Moves(35)=4.4, Pins(6)=600.0, Dist=352.0, Win Bonus=0.0
[2026-05-22 10:10:03] SCORE RL (red): Final=422.5, Time=70.1, Moves(35)=4.4, Pins(1)=100.0, Dist=248.0, Win Bonus=0.0
[2026-05-22 10:10:03] SCORE LosTurcos (blue): Final=628.2, Time=93.8, Moves(35)=4.4, Pins(2)=200.0, Dist=330.0, Win Bonus=0.0
[2026-05-22 10:10:03] ALL WRONG MOVES BY COLOUR: {'gray0': ['34 (turn timeout)', '82 (turn timeout)', '136 (turn timeout)', '154 (turn timeout)']}
[2026-05-22 10:10:04] MOVE 211: PCS (lawn green) 67->66 [0.00ms]
[2026-05-22 10:10:04] SCORE PCS (lawn green): Final=551.6, Time=89.7, Moves(36)=8.0, Pins(1)=100.0, Dist=354.0, Win Bonus=0.0
[2026-05-22 10:10:04] SCORE AlphaZeroClue (gray0): Final=926.9, Time=44.7, Moves(31)=0.2, Pins(5)=500.0, Dist=382.0, Win Bonus=0.0
[2026-05-22 10:10:04] SCORE Group7 (yellow): Final=1277.2, Time=84.8, Moves(35)=4.4, Pins(8)=800.0, Dist=388.0, Win Bonus=0.0
[2026-05-22 10:10:04] SCORE Gruppe 2 (purple): Final=1042.0, Time=85.6, Moves(35)=4.4, Pins(6)=600.0, Dist=352.0, Win Bonus=0.0
[2026-05-22 10:10:04] SCORE RL (red): Final=422.5, Time=70.1, Moves(35)=4.4, Pins(1)=100.0, Dist=248.0, Win Bonus=0.0
[2026-05-22 10:10:04] SCORE LosTurcos (blue): Final=628.2, Time=93.8, Moves(35)=4.4, Pins(2)=200.0, Dist=330.0, Win Bonus=0.0
[2026-05-22 10:10:04] ALL WRONG MOVES BY COLOUR: {'gray0': ['34 (turn timeout)', '82 (turn timeout)', '136 (turn timeout)', '154 (turn timeout)']}
[2026-05-22 10:10:04] MOVE 212: Group7 (yellow) 93->106 [0.01ms]
[2026-05-22 10:10:04] SCORE PCS (lawn green): Final=551.6, Time=89.7, Moves(36)=8.0, Pins(1)=100.0, Dist=354.0, Win Bonus=0.0
[2026-05-22 10:10:04] SCORE AlphaZeroClue (gray0): Final=926.9, Time=44.7, Moves(31)=0.2, Pins(5)=500.0, Dist=382.0, Win Bonus=0.0
[2026-05-22 10:10:04] SCORE Group7 (yellow): Final=1282.3, Time=84.4, Moves(36)=8.0, Pins(8)=800.0, Dist=390.0, Win Bonus=0.0
[2026-05-22 10:10:04] SCORE Gruppe 2 (purple): Final=1042.0, Time=85.6, Moves(35)=4.4, Pins(6)=600.0, Dist=352.0, Win Bonus=0.0
[2026-05-22 10:10:04] SCORE RL (red): Final=422.5, Time=70.1, Moves(35)=4.4, Pins(1)=100.0, Dist=248.0, Win Bonus=0.0
[2026-05-22 10:10:04] SCORE LosTurcos (blue): Final=628.2, Time=93.8, Moves(35)=4.4, Pins(2)=200.0, Dist=330.0, Win Bonus=0.0
[2026-05-22 10:10:04] ALL WRONG MOVES BY COLOUR: {'gray0': ['34 (turn timeout)', '82 (turn timeout)', '136 (turn timeout)', '154 (turn timeout)']}
[2026-05-22 10:10:04] MOVE 213: LosTurcos (blue) 94->114 [0.00ms]
[2026-05-22 10:10:04] SCORE PCS (lawn green): Final=551.6, Time=89.7, Moves(36)=8.0, Pins(1)=100.0, Dist=354.0, Win Bonus=0.0
[2026-05-22 10:10:04] SCORE AlphaZeroClue (gray0): Final=926.9, Time=44.7, Moves(31)=0.2, Pins(5)=500.0, Dist=382.0, Win Bonus=0.0
[2026-05-22 10:10:04] SCORE Group7 (yellow): Final=1282.3, Time=84.4, Moves(36)=8.0, Pins(8)=800.0, Dist=390.0, Win Bonus=0.0
[2026-05-22 10:10:04] SCORE Gruppe 2 (purple): Final=1042.0, Time=85.6, Moves(35)=4.4, Pins(6)=600.0, Dist=352.0, Win Bonus=0.0
[2026-05-22 10:10:04] SCORE RL (red): Final=422.5, Time=70.1, Moves(35)=4.4, Pins(1)=100.0, Dist=248.0, Win Bonus=0.0
[2026-05-22 10:10:04] SCORE LosTurcos (blue): Final=735.7, Time=93.7, Moves(36)=8.0, Pins(3)=300.0, Dist=334.0, Win Bonus=0.0
[2026-05-22 10:10:04] ALL WRONG MOVES BY COLOUR: {'gray0': ['34 (turn timeout)', '82 (turn timeout)', '136 (turn timeout)', '154 (turn timeout)']}
[2026-05-22 10:10:06] MOVE 214: AlphaZeroClue (gray0) 8->17 [0.00ms]
[2026-05-22 10:10:06] SCORE PCS (lawn green): Final=551.6, Time=89.7, Moves(36)=8.0, Pins(1)=100.0, Dist=354.0, Win Bonus=0.0
[2026-05-22 10:10:06] SCORE AlphaZeroClue (gray0): Final=927.4, Time=42.9, Moves(32)=0.5, Pins(5)=500.0, Dist=384.0, Win Bonus=0.0
[2026-05-22 10:10:06] SCORE Group7 (yellow): Final=1282.3, Time=84.4, Moves(36)=8.0, Pins(8)=800.0, Dist=390.0, Win Bonus=0.0
[2026-05-22 10:10:06] SCORE Gruppe 2 (purple): Final=1042.0, Time=85.6, Moves(35)=4.4, Pins(6)=600.0, Dist=352.0, Win Bonus=0.0
[2026-05-22 10:10:06] SCORE RL (red): Final=422.5, Time=70.1, Moves(35)=4.4, Pins(1)=100.0, Dist=248.0, Win Bonus=0.0
[2026-05-22 10:10:06] SCORE LosTurcos (blue): Final=735.7, Time=93.7, Moves(36)=8.0, Pins(3)=300.0, Dist=334.0, Win Bonus=0.0
[2026-05-22 10:10:06] ALL WRONG MOVES BY COLOUR: {'gray0': ['34 (turn timeout)', '82 (turn timeout)', '136 (turn timeout)', '154 (turn timeout)']}
[2026-05-22 10:10:06] MOVE 215: Gruppe 2 (purple) 79->68 [0.01ms]
[2026-05-22 10:10:06] SCORE PCS (lawn green): Final=551.6, Time=89.7, Moves(36)=8.0, Pins(1)=100.0, Dist=354.0, Win Bonus=0.0
[2026-05-22 10:10:06] SCORE AlphaZeroClue (gray0): Final=927.4, Time=42.9, Moves(32)=0.5, Pins(5)=500.0, Dist=384.0, Win Bonus=0.0
[2026-05-22 10:10:06] SCORE Group7 (yellow): Final=1282.3, Time=84.4, Moves(36)=8.0, Pins(8)=800.0, Dist=390.0, Win Bonus=0.0
[2026-05-22 10:10:06] SCORE Gruppe 2 (purple): Final=1047.2, Time=85.2, Moves(36)=8.0, Pins(6)=600.0, Dist=354.0, Win Bonus=0.0
[2026-05-22 10:10:06] SCORE RL (red): Final=422.5, Time=70.1, Moves(35)=4.4, Pins(1)=100.0, Dist=248.0, Win Bonus=0.0
[2026-05-22 10:10:06] SCORE LosTurcos (blue): Final=735.7, Time=93.7, Moves(36)=8.0, Pins(3)=300.0, Dist=334.0, Win Bonus=0.0
[2026-05-22 10:10:06] ALL WRONG MOVES BY COLOUR: {'gray0': ['34 (turn timeout)', '82 (turn timeout)', '136 (turn timeout)', '154 (turn timeout)']}
[2026-05-22 10:10:07] MOVE 216: RL (red) 14->3 [0.00ms]
[2026-05-22 10:10:07] SCORE PCS (lawn green): Final=551.6, Time=89.7, Moves(36)=8.0, Pins(1)=100.0, Dist=354.0, Win Bonus=0.0
[2026-05-22 10:10:07] SCORE AlphaZeroClue (gray0): Final=927.4, Time=42.9, Moves(32)=0.5, Pins(5)=500.0, Dist=384.0, Win Bonus=0.0
[2026-05-22 10:10:07] SCORE Group7 (yellow): Final=1282.3, Time=84.4, Moves(36)=8.0, Pins(8)=800.0, Dist=390.0, Win Bonus=0.0
[2026-05-22 10:10:07] SCORE Gruppe 2 (purple): Final=1047.2, Time=85.2, Moves(36)=8.0, Pins(6)=600.0, Dist=354.0, Win Bonus=0.0
[2026-05-22 10:10:07] SCORE RL (red): Final=527.3, Time=69.4, Moves(36)=8.0, Pins(2)=200.0, Dist=250.0, Win Bonus=0.0
[2026-05-22 10:10:07] SCORE LosTurcos (blue): Final=735.7, Time=93.7, Moves(36)=8.0, Pins(3)=300.0, Dist=334.0, Win Bonus=0.0
[2026-05-22 10:10:07] ALL WRONG MOVES BY COLOUR: {'gray0': ['34 (turn timeout)', '82 (turn timeout)', '136 (turn timeout)', '154 (turn timeout)']}
[2026-05-22 10:10:08] MOVE 217: PCS (lawn green) 52->61 [0.00ms]
[2026-05-22 10:10:08] SCORE PCS (lawn green): Final=558.8, Time=89.2, Moves(37)=13.5, Pins(1)=100.0, Dist=356.0, Win Bonus=0.0
[2026-05-22 10:10:08] SCORE AlphaZeroClue (gray0): Final=927.4, Time=42.9, Moves(32)=0.5, Pins(5)=500.0, Dist=384.0, Win Bonus=0.0
[2026-05-22 10:10:08] SCORE Group7 (yellow): Final=1282.3, Time=84.4, Moves(36)=8.0, Pins(8)=800.0, Dist=390.0, Win Bonus=0.0
[2026-05-22 10:10:08] SCORE Gruppe 2 (purple): Final=1047.2, Time=85.2, Moves(36)=8.0, Pins(6)=600.0, Dist=354.0, Win Bonus=0.0
[2026-05-22 10:10:08] SCORE RL (red): Final=527.3, Time=69.4, Moves(36)=8.0, Pins(2)=200.0, Dist=250.0, Win Bonus=0.0
[2026-05-22 10:10:08] SCORE LosTurcos (blue): Final=735.7, Time=93.7, Moves(36)=8.0, Pins(3)=300.0, Dist=334.0, Win Bonus=0.0
[2026-05-22 10:10:08] ALL WRONG MOVES BY COLOUR: {'gray0': ['34 (turn timeout)', '82 (turn timeout)', '136 (turn timeout)', '154 (turn timeout)']}
[2026-05-22 10:10:08] MOVE 218: Group7 (yellow) 31->43 [0.00ms]
[2026-05-22 10:10:08] SCORE PCS (lawn green): Final=558.8, Time=89.2, Moves(37)=13.5, Pins(1)=100.0, Dist=356.0, Win Bonus=0.0
[2026-05-22 10:10:08] SCORE AlphaZeroClue (gray0): Final=927.4, Time=42.9, Moves(32)=0.5, Pins(5)=500.0, Dist=384.0, Win Bonus=0.0
[2026-05-22 10:10:08] SCORE Group7 (yellow): Final=1289.5, Time=84.0, Moves(37)=13.5, Pins(8)=800.0, Dist=392.0, Win Bonus=0.0
[2026-05-22 10:10:08] SCORE Gruppe 2 (purple): Final=1047.2, Time=85.2, Moves(36)=8.0, Pins(6)=600.0, Dist=354.0, Win Bonus=0.0
[2026-05-22 10:10:08] SCORE RL (red): Final=527.3, Time=69.4, Moves(36)=8.0, Pins(2)=200.0, Dist=250.0, Win Bonus=0.0
[2026-05-22 10:10:08] SCORE LosTurcos (blue): Final=735.7, Time=93.7, Moves(36)=8.0, Pins(3)=300.0, Dist=334.0, Win Bonus=0.0
[2026-05-22 10:10:08] ALL WRONG MOVES BY COLOUR: {'gray0': ['34 (turn timeout)', '82 (turn timeout)', '136 (turn timeout)', '154 (turn timeout)']}
[2026-05-22 10:10:08] MOVE 219: LosTurcos (blue) 59->69 [0.00ms]
[2026-05-22 10:10:08] SCORE PCS (lawn green): Final=558.8, Time=89.2, Moves(37)=13.5, Pins(1)=100.0, Dist=356.0, Win Bonus=0.0
[2026-05-22 10:10:08] SCORE AlphaZeroClue (gray0): Final=927.4, Time=42.9, Moves(32)=0.5, Pins(5)=500.0, Dist=384.0, Win Bonus=0.0
[2026-05-22 10:10:08] SCORE Group7 (yellow): Final=1289.5, Time=84.0, Moves(37)=13.5, Pins(8)=800.0, Dist=392.0, Win Bonus=0.0
[2026-05-22 10:10:08] SCORE Gruppe 2 (purple): Final=1047.2, Time=85.2, Moves(36)=8.0, Pins(6)=600.0, Dist=354.0, Win Bonus=0.0
[2026-05-22 10:10:08] SCORE RL (red): Final=527.3, Time=69.4, Moves(36)=8.0, Pins(2)=200.0, Dist=250.0, Win Bonus=0.0
[2026-05-22 10:10:08] SCORE LosTurcos (blue): Final=743.0, Time=93.5, Moves(37)=13.5, Pins(3)=300.0, Dist=336.0, Win Bonus=0.0
[2026-05-22 10:10:08] ALL WRONG MOVES BY COLOUR: {'gray0': ['34 (turn timeout)', '82 (turn timeout)', '136 (turn timeout)', '154 (turn timeout)']}
[2026-05-22 10:10:10] MOVE 220: AlphaZeroClue (gray0) 21->44 [0.00ms]
[2026-05-22 10:10:10] SCORE PCS (lawn green): Final=558.8, Time=89.2, Moves(37)=13.5, Pins(1)=100.0, Dist=356.0, Win Bonus=0.0
[2026-05-22 10:10:10] SCORE AlphaZeroClue (gray0): Final=926.3, Time=41.2, Moves(33)=1.1, Pins(5)=500.0, Dist=384.0, Win Bonus=0.0
[2026-05-22 10:10:10] SCORE Group7 (yellow): Final=1289.5, Time=84.0, Moves(37)=13.5, Pins(8)=800.0, Dist=392.0, Win Bonus=0.0
[2026-05-22 10:10:10] SCORE Gruppe 2 (purple): Final=1047.2, Time=85.2, Moves(36)=8.0, Pins(6)=600.0, Dist=354.0, Win Bonus=0.0
[2026-05-22 10:10:10] SCORE RL (red): Final=527.3, Time=69.4, Moves(36)=8.0, Pins(2)=200.0, Dist=250.0, Win Bonus=0.0
[2026-05-22 10:10:10] SCORE LosTurcos (blue): Final=743.0, Time=93.5, Moves(37)=13.5, Pins(3)=300.0, Dist=336.0, Win Bonus=0.0
[2026-05-22 10:10:10] ALL WRONG MOVES BY COLOUR: {'gray0': ['34 (turn timeout)', '82 (turn timeout)', '136 (turn timeout)', '154 (turn timeout)']}
[2026-05-22 10:10:10] MOVE 221: Gruppe 2 (purple) 68->67 [0.00ms]
[2026-05-22 10:10:10] SCORE PCS (lawn green): Final=558.8, Time=89.2, Moves(37)=13.5, Pins(1)=100.0, Dist=356.0, Win Bonus=0.0
[2026-05-22 10:10:10] SCORE AlphaZeroClue (gray0): Final=926.3, Time=41.2, Moves(33)=1.1, Pins(5)=500.0, Dist=384.0, Win Bonus=0.0
[2026-05-22 10:10:10] SCORE Group7 (yellow): Final=1289.5, Time=84.0, Moves(37)=13.5, Pins(8)=800.0, Dist=392.0, Win Bonus=0.0
[2026-05-22 10:10:10] SCORE Gruppe 2 (purple): Final=1054.4, Time=84.8, Moves(37)=13.5, Pins(6)=600.0, Dist=356.0, Win Bonus=0.0
[2026-05-22 10:10:10] SCORE RL (red): Final=527.3, Time=69.4, Moves(36)=8.0, Pins(2)=200.0, Dist=250.0, Win Bonus=0.0
[2026-05-22 10:10:10] SCORE LosTurcos (blue): Final=743.0, Time=93.5, Moves(37)=13.5, Pins(3)=300.0, Dist=336.0, Win Bonus=0.0
[2026-05-22 10:10:10] ALL WRONG MOVES BY COLOUR: {'gray0': ['34 (turn timeout)', '82 (turn timeout)', '136 (turn timeout)', '154 (turn timeout)']}
[2026-05-22 10:10:11] MOVE 222: RL (red) 6->1 [0.00ms]
[2026-05-22 10:10:11] SCORE PCS (lawn green): Final=558.8, Time=89.2, Moves(37)=13.5, Pins(1)=100.0, Dist=356.0, Win Bonus=0.0
[2026-05-22 10:10:11] SCORE AlphaZeroClue (gray0): Final=926.3, Time=41.2, Moves(33)=1.1, Pins(5)=500.0, Dist=384.0, Win Bonus=0.0
[2026-05-22 10:10:11] SCORE Group7 (yellow): Final=1289.5, Time=84.0, Moves(37)=13.5, Pins(8)=800.0, Dist=392.0, Win Bonus=0.0
[2026-05-22 10:10:11] SCORE Gruppe 2 (purple): Final=1054.4, Time=84.8, Moves(37)=13.5, Pins(6)=600.0, Dist=356.0, Win Bonus=0.0
[2026-05-22 10:10:11] SCORE RL (red): Final=532.1, Time=68.6, Moves(37)=13.5, Pins(2)=200.0, Dist=250.0, Win Bonus=0.0
[2026-05-22 10:10:11] SCORE LosTurcos (blue): Final=743.0, Time=93.5, Moves(37)=13.5, Pins(3)=300.0, Dist=336.0, Win Bonus=0.0
[2026-05-22 10:10:11] ALL WRONG MOVES BY COLOUR: {'gray0': ['34 (turn timeout)', '82 (turn timeout)', '136 (turn timeout)', '154 (turn timeout)']}
[2026-05-22 10:10:11] MOVE 223: PCS (lawn green) 66->70 [0.00ms]
[2026-05-22 10:10:11] SCORE PCS (lawn green): Final=558.6, Time=88.9, Moves(38)=21.6, Pins(1)=100.0, Dist=348.0, Win Bonus=0.0
[2026-05-22 10:10:11] SCORE AlphaZeroClue (gray0): Final=926.3, Time=41.2, Moves(33)=1.1, Pins(5)=500.0, Dist=384.0, Win Bonus=0.0
[2026-05-22 10:10:11] SCORE Group7 (yellow): Final=1289.5, Time=84.0, Moves(37)=13.5, Pins(8)=800.0, Dist=392.0, Win Bonus=0.0
[2026-05-22 10:10:11] SCORE Gruppe 2 (purple): Final=1054.4, Time=84.8, Moves(37)=13.5, Pins(6)=600.0, Dist=356.0, Win Bonus=0.0
[2026-05-22 10:10:11] SCORE RL (red): Final=532.1, Time=68.6, Moves(37)=13.5, Pins(2)=200.0, Dist=250.0, Win Bonus=0.0
[2026-05-22 10:10:11] SCORE LosTurcos (blue): Final=743.0, Time=93.5, Moves(37)=13.5, Pins(3)=300.0, Dist=336.0, Win Bonus=0.0
[2026-05-22 10:10:11] ALL WRONG MOVES BY COLOUR: {'gray0': ['34 (turn timeout)', '82 (turn timeout)', '136 (turn timeout)', '154 (turn timeout)']}
[2026-05-22 10:10:12] MOVE 224: Group7 (yellow) 43->54 [0.01ms]
[2026-05-22 10:10:12] SCORE PCS (lawn green): Final=558.6, Time=88.9, Moves(38)=21.6, Pins(1)=100.0, Dist=348.0, Win Bonus=0.0
[2026-05-22 10:10:12] SCORE AlphaZeroClue (gray0): Final=926.3, Time=41.2, Moves(33)=1.1, Pins(5)=500.0, Dist=384.0, Win Bonus=0.0
[2026-05-22 10:10:12] SCORE Group7 (yellow): Final=1299.1, Time=83.5, Moves(38)=21.6, Pins(8)=800.0, Dist=394.0, Win Bonus=0.0
[2026-05-22 10:10:12] SCORE Gruppe 2 (purple): Final=1054.4, Time=84.8, Moves(37)=13.5, Pins(6)=600.0, Dist=356.0, Win Bonus=0.0
[2026-05-22 10:10:12] SCORE RL (red): Final=532.1, Time=68.6, Moves(37)=13.5, Pins(2)=200.0, Dist=250.0, Win Bonus=0.0
[2026-05-22 10:10:12] SCORE LosTurcos (blue): Final=743.0, Time=93.5, Moves(37)=13.5, Pins(3)=300.0, Dist=336.0, Win Bonus=0.0
[2026-05-22 10:10:12] ALL WRONG MOVES BY COLOUR: {'gray0': ['34 (turn timeout)', '82 (turn timeout)', '136 (turn timeout)', '154 (turn timeout)']}
[2026-05-22 10:10:12] MOVE 225: LosTurcos (blue) 73->83 [0.00ms]
[2026-05-22 10:10:12] SCORE PCS (lawn green): Final=558.6, Time=88.9, Moves(38)=21.6, Pins(1)=100.0, Dist=348.0, Win Bonus=0.0
[2026-05-22 10:10:12] SCORE AlphaZeroClue (gray0): Final=926.3, Time=41.2, Moves(33)=1.1, Pins(5)=500.0, Dist=384.0, Win Bonus=0.0
[2026-05-22 10:10:12] SCORE Group7 (yellow): Final=1299.1, Time=83.5, Moves(38)=21.6, Pins(8)=800.0, Dist=394.0, Win Bonus=0.0
[2026-05-22 10:10:12] SCORE Gruppe 2 (purple): Final=1054.4, Time=84.8, Moves(37)=13.5, Pins(6)=600.0, Dist=356.0, Win Bonus=0.0
[2026-05-22 10:10:12] SCORE RL (red): Final=532.1, Time=68.6, Moves(37)=13.5, Pins(2)=200.0, Dist=250.0, Win Bonus=0.0
[2026-05-22 10:10:12] SCORE LosTurcos (blue): Final=752.9, Time=93.3, Moves(38)=21.6, Pins(3)=300.0, Dist=338.0, Win Bonus=0.0
[2026-05-22 10:10:12] ALL WRONG MOVES BY COLOUR: {'gray0': ['34 (turn timeout)', '82 (turn timeout)', '136 (turn timeout)', '154 (turn timeout)']}
[2026-05-22 10:10:14] MOVE 226: AlphaZeroClue (gray0) 32->31 [0.00ms]
[2026-05-22 10:10:14] SCORE PCS (lawn green): Final=558.6, Time=88.9, Moves(38)=21.6, Pins(1)=100.0, Dist=348.0, Win Bonus=0.0
[2026-05-22 10:10:14] SCORE AlphaZeroClue (gray0): Final=823.6, Time=39.4, Moves(34)=2.3, Pins(4)=400.0, Dist=382.0, Win Bonus=0.0
[2026-05-22 10:10:14] SCORE Group7 (yellow): Final=1299.1, Time=83.5, Moves(38)=21.6, Pins(8)=800.0, Dist=394.0, Win Bonus=0.0
[2026-05-22 10:10:14] SCORE Gruppe 2 (purple): Final=1054.4, Time=84.8, Moves(37)=13.5, Pins(6)=600.0, Dist=356.0, Win Bonus=0.0
[2026-05-22 10:10:14] SCORE RL (red): Final=532.1, Time=68.6, Moves(37)=13.5, Pins(2)=200.0, Dist=250.0, Win Bonus=0.0
[2026-05-22 10:10:14] SCORE LosTurcos (blue): Final=752.9, Time=93.3, Moves(38)=21.6, Pins(3)=300.0, Dist=338.0, Win Bonus=0.0
[2026-05-22 10:10:14] ALL WRONG MOVES BY COLOUR: {'gray0': ['34 (turn timeout)', '82 (turn timeout)', '136 (turn timeout)', '154 (turn timeout)']}
[2026-05-22 10:10:14] MOVE 227: Gruppe 2 (purple) 24->35 [0.00ms]
[2026-05-22 10:10:14] SCORE PCS (lawn green): Final=558.6, Time=88.9, Moves(38)=21.6, Pins(1)=100.0, Dist=348.0, Win Bonus=0.0
[2026-05-22 10:10:14] SCORE AlphaZeroClue (gray0): Final=823.6, Time=39.4, Moves(34)=2.3, Pins(4)=400.0, Dist=382.0, Win Bonus=0.0
[2026-05-22 10:10:14] SCORE Group7 (yellow): Final=1299.1, Time=83.5, Moves(38)=21.6, Pins(8)=800.0, Dist=394.0, Win Bonus=0.0
[2026-05-22 10:10:14] SCORE Gruppe 2 (purple): Final=1062.2, Time=84.6, Moves(38)=21.6, Pins(6)=600.0, Dist=356.0, Win Bonus=0.0
[2026-05-22 10:10:14] SCORE RL (red): Final=532.1, Time=68.6, Moves(37)=13.5, Pins(2)=200.0, Dist=250.0, Win Bonus=0.0
[2026-05-22 10:10:14] SCORE LosTurcos (blue): Final=752.9, Time=93.3, Moves(38)=21.6, Pins(3)=300.0, Dist=338.0, Win Bonus=0.0
[2026-05-22 10:10:14] ALL WRONG MOVES BY COLOUR: {'gray0': ['34 (turn timeout)', '82 (turn timeout)', '136 (turn timeout)', '154 (turn timeout)']}
[2026-05-22 10:10:15] MOVE 228: RL (red) 1->0 [0.00ms]
[2026-05-22 10:10:15] SCORE PCS (lawn green): Final=558.6, Time=88.9, Moves(38)=21.6, Pins(1)=100.0, Dist=348.0, Win Bonus=0.0
[2026-05-22 10:10:15] SCORE AlphaZeroClue (gray0): Final=823.6, Time=39.4, Moves(34)=2.3, Pins(4)=400.0, Dist=382.0, Win Bonus=0.0
[2026-05-22 10:10:15] SCORE Group7 (yellow): Final=1299.1, Time=83.5, Moves(38)=21.6, Pins(8)=800.0, Dist=394.0, Win Bonus=0.0
[2026-05-22 10:10:15] SCORE Gruppe 2 (purple): Final=1062.2, Time=84.6, Moves(38)=21.6, Pins(6)=600.0, Dist=356.0, Win Bonus=0.0
[2026-05-22 10:10:15] SCORE RL (red): Final=539.4, Time=67.7, Moves(38)=21.6, Pins(2)=200.0, Dist=250.0, Win Bonus=0.0
[2026-05-22 10:10:15] SCORE LosTurcos (blue): Final=752.9, Time=93.3, Moves(38)=21.6, Pins(3)=300.0, Dist=338.0, Win Bonus=0.0
[2026-05-22 10:10:15] ALL WRONG MOVES BY COLOUR: {'gray0': ['34 (turn timeout)', '82 (turn timeout)', '136 (turn timeout)', '154 (turn timeout)']}
[2026-05-22 10:10:15] MOVE 229: PCS (lawn green) 70->66 [0.00ms]
[2026-05-22 10:10:15] SCORE PCS (lawn green): Final=577.2, Time=88.8, Moves(39)=32.5, Pins(1)=100.0, Dist=356.0, Win Bonus=0.0
[2026-05-22 10:10:15] SCORE AlphaZeroClue (gray0): Final=823.6, Time=39.4, Moves(34)=2.3, Pins(4)=400.0, Dist=382.0, Win Bonus=0.0
[2026-05-22 10:10:15] SCORE Group7 (yellow): Final=1299.1, Time=83.5, Moves(38)=21.6, Pins(8)=800.0, Dist=394.0, Win Bonus=0.0
[2026-05-22 10:10:15] SCORE Gruppe 2 (purple): Final=1062.2, Time=84.6, Moves(38)=21.6, Pins(6)=600.0, Dist=356.0, Win Bonus=0.0
[2026-05-22 10:10:15] SCORE RL (red): Final=539.4, Time=67.7, Moves(38)=21.6, Pins(2)=200.0, Dist=250.0, Win Bonus=0.0
[2026-05-22 10:10:15] SCORE LosTurcos (blue): Final=752.9, Time=93.3, Moves(38)=21.6, Pins(3)=300.0, Dist=338.0, Win Bonus=0.0
[2026-05-22 10:10:15] ALL WRONG MOVES BY COLOUR: {'gray0': ['34 (turn timeout)', '82 (turn timeout)', '136 (turn timeout)', '154 (turn timeout)']}
[2026-05-22 10:10:15] MOVE 230: Group7 (yellow) 106->94 [0.00ms]
[2026-05-22 10:10:15] SCORE PCS (lawn green): Final=577.2, Time=88.8, Moves(39)=32.5, Pins(1)=100.0, Dist=356.0, Win Bonus=0.0
[2026-05-22 10:10:15] SCORE AlphaZeroClue (gray0): Final=823.6, Time=39.4, Moves(34)=2.3, Pins(4)=400.0, Dist=382.0, Win Bonus=0.0
[2026-05-22 10:10:15] SCORE Group7 (yellow): Final=1309.6, Time=83.1, Moves(39)=32.5, Pins(8)=800.0, Dist=394.0, Win Bonus=0.0
[2026-05-22 10:10:15] SCORE Gruppe 2 (purple): Final=1062.2, Time=84.6, Moves(38)=21.6, Pins(6)=600.0, Dist=356.0, Win Bonus=0.0
[2026-05-22 10:10:15] SCORE RL (red): Final=539.4, Time=67.7, Moves(38)=21.6, Pins(2)=200.0, Dist=250.0, Win Bonus=0.0
[2026-05-22 10:10:15] SCORE LosTurcos (blue): Final=752.9, Time=93.3, Moves(38)=21.6, Pins(3)=300.0, Dist=338.0, Win Bonus=0.0
[2026-05-22 10:10:15] ALL WRONG MOVES BY COLOUR: {'gray0': ['34 (turn timeout)', '82 (turn timeout)', '136 (turn timeout)', '154 (turn timeout)']}
[2026-05-22 10:10:16] MOVE 231: LosTurcos (blue) 83->106 [0.00ms]
[2026-05-22 10:10:16] SCORE PCS (lawn green): Final=577.2, Time=88.8, Moves(39)=32.5, Pins(1)=100.0, Dist=356.0, Win Bonus=0.0
[2026-05-22 10:10:16] SCORE AlphaZeroClue (gray0): Final=823.6, Time=39.4, Moves(34)=2.3, Pins(4)=400.0, Dist=382.0, Win Bonus=0.0
[2026-05-22 10:10:16] SCORE Group7 (yellow): Final=1309.6, Time=83.1, Moves(39)=32.5, Pins(8)=800.0, Dist=394.0, Win Bonus=0.0
[2026-05-22 10:10:16] SCORE Gruppe 2 (purple): Final=1062.2, Time=84.6, Moves(38)=21.6, Pins(6)=600.0, Dist=356.0, Win Bonus=0.0
[2026-05-22 10:10:16] SCORE RL (red): Final=539.4, Time=67.7, Moves(38)=21.6, Pins(2)=200.0, Dist=250.0, Win Bonus=0.0
[2026-05-22 10:10:16] SCORE LosTurcos (blue): Final=767.5, Time=93.1, Moves(39)=32.5, Pins(3)=300.0, Dist=342.0, Win Bonus=0.0
[2026-05-22 10:10:16] ALL WRONG MOVES BY COLOUR: {'gray0': ['34 (turn timeout)', '82 (turn timeout)', '136 (turn timeout)', '154 (turn timeout)']}
[2026-05-22 10:10:18] MOVE 232: AlphaZeroClue (gray0) 18->45 [0.00ms]
[2026-05-22 10:10:18] SCORE PCS (lawn green): Final=577.2, Time=88.8, Moves(39)=32.5, Pins(1)=100.0, Dist=356.0, Win Bonus=0.0
[2026-05-22 10:10:18] SCORE AlphaZeroClue (gray0): Final=925.9, Time=37.5, Moves(35)=4.4, Pins(5)=500.0, Dist=384.0, Win Bonus=0.0
[2026-05-22 10:10:18] SCORE Group7 (yellow): Final=1309.6, Time=83.1, Moves(39)=32.5, Pins(8)=800.0, Dist=394.0, Win Bonus=0.0
[2026-05-22 10:10:18] SCORE Gruppe 2 (purple): Final=1062.2, Time=84.6, Moves(38)=21.6, Pins(6)=600.0, Dist=356.0, Win Bonus=0.0
[2026-05-22 10:10:18] SCORE RL (red): Final=539.4, Time=67.7, Moves(38)=21.6, Pins(2)=200.0, Dist=250.0, Win Bonus=0.0
[2026-05-22 10:10:18] SCORE LosTurcos (blue): Final=767.5, Time=93.1, Moves(39)=32.5, Pins(3)=300.0, Dist=342.0, Win Bonus=0.0
[2026-05-22 10:10:18] ALL WRONG MOVES BY COLOUR: {'gray0': ['34 (turn timeout)', '82 (turn timeout)', '136 (turn timeout)', '154 (turn timeout)']}
[2026-05-22 10:10:18] MOVE 233: Gruppe 2 (purple) 67->24 [0.00ms]
[2026-05-22 10:10:18] SCORE PCS (lawn green): Final=577.2, Time=88.8, Moves(39)=32.5, Pins(1)=100.0, Dist=356.0, Win Bonus=0.0
[2026-05-22 10:10:18] SCORE AlphaZeroClue (gray0): Final=925.9, Time=37.5, Moves(35)=4.4, Pins(5)=500.0, Dist=384.0, Win Bonus=0.0
[2026-05-22 10:10:18] SCORE Group7 (yellow): Final=1309.6, Time=83.1, Moves(39)=32.5, Pins(8)=800.0, Dist=394.0, Win Bonus=0.0
[2026-05-22 10:10:18] SCORE Gruppe 2 (purple): Final=1178.5, Time=84.1, Moves(39)=32.5, Pins(7)=700.0, Dist=362.0, Win Bonus=0.0
[2026-05-22 10:10:18] SCORE RL (red): Final=539.4, Time=67.7, Moves(38)=21.6, Pins(2)=200.0, Dist=250.0, Win Bonus=0.0
[2026-05-22 10:10:18] SCORE LosTurcos (blue): Final=767.5, Time=93.1, Moves(39)=32.5, Pins(3)=300.0, Dist=342.0, Win Bonus=0.0
[2026-05-22 10:10:18] ALL WRONG MOVES BY COLOUR: {'gray0': ['34 (turn timeout)', '82 (turn timeout)', '136 (turn timeout)', '154 (turn timeout)']}
[2026-05-22 10:10:19] MOVE 234: RL (red) 0->1 [0.01ms]
[2026-05-22 10:10:19] SCORE PCS (lawn green): Final=577.2, Time=88.8, Moves(39)=32.5, Pins(1)=100.0, Dist=356.0, Win Bonus=0.0
[2026-05-22 10:10:19] SCORE AlphaZeroClue (gray0): Final=925.9, Time=37.5, Moves(35)=4.4, Pins(5)=500.0, Dist=384.0, Win Bonus=0.0
[2026-05-22 10:10:19] SCORE Group7 (yellow): Final=1309.6, Time=83.1, Moves(39)=32.5, Pins(8)=800.0, Dist=394.0, Win Bonus=0.0
[2026-05-22 10:10:19] SCORE Gruppe 2 (purple): Final=1178.5, Time=84.1, Moves(39)=32.5, Pins(7)=700.0, Dist=362.0, Win Bonus=0.0
[2026-05-22 10:10:19] SCORE RL (red): Final=549.5, Time=67.0, Moves(39)=32.5, Pins(2)=200.0, Dist=250.0, Win Bonus=0.0
[2026-05-22 10:10:19] SCORE LosTurcos (blue): Final=767.5, Time=93.1, Moves(39)=32.5, Pins(3)=300.0, Dist=342.0, Win Bonus=0.0
[2026-05-22 10:10:19] ALL WRONG MOVES BY COLOUR: {'gray0': ['34 (turn timeout)', '82 (turn timeout)', '136 (turn timeout)', '154 (turn timeout)']}
[2026-05-22 10:10:19] MOVE 235: PCS (lawn green) 80->70 [0.00ms]
[2026-05-22 10:10:19] SCORE PCS (lawn green): Final=588.4, Time=88.7, Moves(40)=45.8, Pins(1)=100.0, Dist=354.0, Win Bonus=0.0
[2026-05-22 10:10:19] SCORE AlphaZeroClue (gray0): Final=925.9, Time=37.5, Moves(35)=4.4, Pins(5)=500.0, Dist=384.0, Win Bonus=0.0
[2026-05-22 10:10:19] SCORE Group7 (yellow): Final=1309.6, Time=83.1, Moves(39)=32.5, Pins(8)=800.0, Dist=394.0, Win Bonus=0.0
[2026-05-22 10:10:19] SCORE Gruppe 2 (purple): Final=1178.5, Time=84.1, Moves(39)=32.5, Pins(7)=700.0, Dist=362.0, Win Bonus=0.0
[2026-05-22 10:10:19] SCORE RL (red): Final=549.5, Time=67.0, Moves(39)=32.5, Pins(2)=200.0, Dist=250.0, Win Bonus=0.0
[2026-05-22 10:10:19] SCORE LosTurcos (blue): Final=767.5, Time=93.1, Moves(39)=32.5, Pins(3)=300.0, Dist=342.0, Win Bonus=0.0
[2026-05-22 10:10:19] ALL WRONG MOVES BY COLOUR: {'gray0': ['34 (turn timeout)', '82 (turn timeout)', '136 (turn timeout)', '154 (turn timeout)']}
[2026-05-22 10:10:19] MOVE 236: Group7 (yellow) 95->97 [0.01ms]
[2026-05-22 10:10:20] SCORE PCS (lawn green): Final=588.4, Time=88.7, Moves(40)=45.8, Pins(1)=100.0, Dist=354.0, Win Bonus=0.0
[2026-05-22 10:10:20] SCORE AlphaZeroClue (gray0): Final=925.9, Time=37.5, Moves(35)=4.4, Pins(5)=500.0, Dist=384.0, Win Bonus=0.0
[2026-05-22 10:10:20] SCORE Group7 (yellow): Final=1322.3, Time=82.5, Moves(40)=45.8, Pins(8)=800.0, Dist=394.0, Win Bonus=0.0
[2026-05-22 10:10:20] SCORE Gruppe 2 (purple): Final=1178.5, Time=84.1, Moves(39)=32.5, Pins(7)=700.0, Dist=362.0, Win Bonus=0.0
[2026-05-22 10:10:20] SCORE RL (red): Final=549.5, Time=67.0, Moves(39)=32.5, Pins(2)=200.0, Dist=250.0, Win Bonus=0.0
[2026-05-22 10:10:20] SCORE LosTurcos (blue): Final=767.5, Time=93.1, Moves(39)=32.5, Pins(3)=300.0, Dist=342.0, Win Bonus=0.0
[2026-05-22 10:10:20] ALL WRONG MOVES BY COLOUR: {'gray0': ['34 (turn timeout)', '82 (turn timeout)', '136 (turn timeout)', '154 (turn timeout)']}
[2026-05-22 10:10:20] MOVE 237: LosTurcos (blue) 38->49 [0.01ms]
[2026-05-22 10:10:20] SCORE PCS (lawn green): Final=588.4, Time=88.7, Moves(40)=45.8, Pins(1)=100.0, Dist=354.0, Win Bonus=0.0
[2026-05-22 10:10:20] SCORE AlphaZeroClue (gray0): Final=925.9, Time=37.5, Moves(35)=4.4, Pins(5)=500.0, Dist=384.0, Win Bonus=0.0
[2026-05-22 10:10:20] SCORE Group7 (yellow): Final=1322.3, Time=82.5, Moves(40)=45.8, Pins(8)=800.0, Dist=394.0, Win Bonus=0.0
[2026-05-22 10:10:20] SCORE Gruppe 2 (purple): Final=1178.5, Time=84.1, Moves(39)=32.5, Pins(7)=700.0, Dist=362.0, Win Bonus=0.0
[2026-05-22 10:10:20] SCORE RL (red): Final=549.5, Time=67.0, Moves(39)=32.5, Pins(2)=200.0, Dist=250.0, Win Bonus=0.0
[2026-05-22 10:10:20] SCORE LosTurcos (blue): Final=782.7, Time=93.0, Moves(40)=45.8, Pins(3)=300.0, Dist=344.0, Win Bonus=0.0
[2026-05-22 10:10:20] ALL WRONG MOVES BY COLOUR: {'gray0': ['34 (turn timeout)', '82 (turn timeout)', '136 (turn timeout)', '154 (turn timeout)']}
[2026-05-22 10:10:21] MOVE 238: AlphaZeroClue (gray0) 30->34 [0.00ms]
[2026-05-22 10:10:21] SCORE PCS (lawn green): Final=588.4, Time=88.7, Moves(40)=45.8, Pins(1)=100.0, Dist=354.0, Win Bonus=0.0
[2026-05-22 10:10:21] SCORE AlphaZeroClue (gray0): Final=1031.6, Time=35.7, Moves(36)=8.0, Pins(6)=600.0, Dist=388.0, Win Bonus=0.0
[2026-05-22 10:10:21] SCORE Group7 (yellow): Final=1322.3, Time=82.5, Moves(40)=45.8, Pins(8)=800.0, Dist=394.0, Win Bonus=0.0
[2026-05-22 10:10:21] SCORE Gruppe 2 (purple): Final=1178.5, Time=84.1, Moves(39)=32.5, Pins(7)=700.0, Dist=362.0, Win Bonus=0.0
[2026-05-22 10:10:21] SCORE RL (red): Final=549.5, Time=67.0, Moves(39)=32.5, Pins(2)=200.0, Dist=250.0, Win Bonus=0.0
[2026-05-22 10:10:21] SCORE LosTurcos (blue): Final=782.7, Time=93.0, Moves(40)=45.8, Pins(3)=300.0, Dist=344.0, Win Bonus=0.0
[2026-05-22 10:10:21] ALL WRONG MOVES BY COLOUR: {'gray0': ['34 (turn timeout)', '82 (turn timeout)', '136 (turn timeout)', '154 (turn timeout)']}
[2026-05-22 10:10:22] MOVE 239: Gruppe 2 (purple) 78->67 [0.00ms]
[2026-05-22 10:10:22] SCORE PCS (lawn green): Final=588.4, Time=88.7, Moves(40)=45.8, Pins(1)=100.0, Dist=354.0, Win Bonus=0.0
[2026-05-22 10:10:22] SCORE AlphaZeroClue (gray0): Final=1031.6, Time=35.7, Moves(36)=8.0, Pins(6)=600.0, Dist=388.0, Win Bonus=0.0
[2026-05-22 10:10:22] SCORE Group7 (yellow): Final=1322.3, Time=82.5, Moves(40)=45.8, Pins(8)=800.0, Dist=394.0, Win Bonus=0.0
[2026-05-22 10:10:22] SCORE Gruppe 2 (purple): Final=1193.4, Time=83.6, Moves(40)=45.8, Pins(7)=700.0, Dist=364.0, Win Bonus=0.0
[2026-05-22 10:10:22] SCORE RL (red): Final=549.5, Time=67.0, Moves(39)=32.5, Pins(2)=200.0, Dist=250.0, Win Bonus=0.0
[2026-05-22 10:10:22] SCORE LosTurcos (blue): Final=782.7, Time=93.0, Moves(40)=45.8, Pins(3)=300.0, Dist=344.0, Win Bonus=0.0
[2026-05-22 10:10:22] ALL WRONG MOVES BY COLOUR: {'gray0': ['34 (turn timeout)', '82 (turn timeout)', '136 (turn timeout)', '154 (turn timeout)']}
[2026-05-22 10:10:23] MOVE 240: RL (red) 3->18 [0.00ms]
[2026-05-22 10:10:23] SCORE PCS (lawn green): Final=588.4, Time=88.7, Moves(40)=45.8, Pins(1)=100.0, Dist=354.0, Win Bonus=0.0
[2026-05-22 10:10:23] SCORE AlphaZeroClue (gray0): Final=1031.6, Time=35.7, Moves(36)=8.0, Pins(6)=600.0, Dist=388.0, Win Bonus=0.0
[2026-05-22 10:10:23] SCORE Group7 (yellow): Final=1322.3, Time=82.5, Moves(40)=45.8, Pins(8)=800.0, Dist=394.0, Win Bonus=0.0
[2026-05-22 10:10:23] SCORE Gruppe 2 (purple): Final=1193.4, Time=83.6, Moves(40)=45.8, Pins(7)=700.0, Dist=364.0, Win Bonus=0.0
[2026-05-22 10:10:23] SCORE RL (red): Final=460.1, Time=66.3, Moves(40)=45.8, Pins(1)=100.0, Dist=248.0, Win Bonus=0.0
[2026-05-22 10:10:23] SCORE LosTurcos (blue): Final=782.7, Time=93.0, Moves(40)=45.8, Pins(3)=300.0, Dist=344.0, Win Bonus=0.0
[2026-05-22 10:10:23] ALL WRONG MOVES BY COLOUR: {'gray0': ['34 (turn timeout)', '82 (turn timeout)', '136 (turn timeout)', '154 (turn timeout)']}
[2026-05-22 10:10:23] MOVE 241: PCS (lawn green) 57->80 [0.01ms]
[2026-05-22 10:10:23] SCORE PCS (lawn green): Final=598.8, Time=88.1, Moves(41)=60.7, Pins(1)=100.0, Dist=350.0, Win Bonus=0.0
[2026-05-22 10:10:23] SCORE AlphaZeroClue (gray0): Final=1031.6, Time=35.7, Moves(36)=8.0, Pins(6)=600.0, Dist=388.0, Win Bonus=0.0
[2026-05-22 10:10:23] SCORE Group7 (yellow): Final=1322.3, Time=82.5, Moves(40)=45.8, Pins(8)=800.0, Dist=394.0, Win Bonus=0.0
[2026-05-22 10:10:23] SCORE Gruppe 2 (purple): Final=1193.4, Time=83.6, Moves(40)=45.8, Pins(7)=700.0, Dist=364.0, Win Bonus=0.0
[2026-05-22 10:10:23] SCORE RL (red): Final=460.1, Time=66.3, Moves(40)=45.8, Pins(1)=100.0, Dist=248.0, Win Bonus=0.0
[2026-05-22 10:10:23] SCORE LosTurcos (blue): Final=782.7, Time=93.0, Moves(40)=45.8, Pins(3)=300.0, Dist=344.0, Win Bonus=0.0
[2026-05-22 10:10:23] ALL WRONG MOVES BY COLOUR: {'gray0': ['34 (turn timeout)', '82 (turn timeout)', '136 (turn timeout)', '154 (turn timeout)']}
[2026-05-22 10:10:24] MOVE 242: Group7 (yellow) 94->95 [0.01ms]
[2026-05-22 10:10:24] SCORE PCS (lawn green): Final=598.8, Time=88.1, Moves(41)=60.7, Pins(1)=100.0, Dist=350.0, Win Bonus=0.0
[2026-05-22 10:10:24] SCORE AlphaZeroClue (gray0): Final=1031.6, Time=35.7, Moves(36)=8.0, Pins(6)=600.0, Dist=388.0, Win Bonus=0.0
[2026-05-22 10:10:24] SCORE Group7 (yellow): Final=1438.6, Time=82.0, Moves(41)=60.7, Pins(9)=900.0, Dist=396.0, Win Bonus=0.0
[2026-05-22 10:10:24] SCORE Gruppe 2 (purple): Final=1193.4, Time=83.6, Moves(40)=45.8, Pins(7)=700.0, Dist=364.0, Win Bonus=0.0
[2026-05-22 10:10:24] SCORE RL (red): Final=460.1, Time=66.3, Moves(40)=45.8, Pins(1)=100.0, Dist=248.0, Win Bonus=0.0
[2026-05-22 10:10:24] SCORE LosTurcos (blue): Final=782.7, Time=93.0, Moves(40)=45.8, Pins(3)=300.0, Dist=344.0, Win Bonus=0.0
[2026-05-22 10:10:24] ALL WRONG MOVES BY COLOUR: {'gray0': ['34 (turn timeout)', '82 (turn timeout)', '136 (turn timeout)', '154 (turn timeout)']}
[2026-05-22 10:10:24] MOVE 243: LosTurcos (blue) 4->7 [0.01ms]
[2026-05-22 10:10:24] SCORE PCS (lawn green): Final=598.8, Time=88.1, Moves(41)=60.7, Pins(1)=100.0, Dist=350.0, Win Bonus=0.0
[2026-05-22 10:10:24] SCORE AlphaZeroClue (gray0): Final=1031.6, Time=35.7, Moves(36)=8.0, Pins(6)=600.0, Dist=388.0, Win Bonus=0.0
[2026-05-22 10:10:24] SCORE Group7 (yellow): Final=1438.6, Time=82.0, Moves(41)=60.7, Pins(9)=900.0, Dist=396.0, Win Bonus=0.0
[2026-05-22 10:10:24] SCORE Gruppe 2 (purple): Final=1193.4, Time=83.6, Moves(40)=45.8, Pins(7)=700.0, Dist=364.0, Win Bonus=0.0
[2026-05-22 10:10:24] SCORE RL (red): Final=460.1, Time=66.3, Moves(40)=45.8, Pins(1)=100.0, Dist=248.0, Win Bonus=0.0
[2026-05-22 10:10:24] SCORE LosTurcos (blue): Final=799.3, Time=92.7, Moves(41)=60.7, Pins(3)=300.0, Dist=346.0, Win Bonus=0.0
[2026-05-22 10:10:24] ALL WRONG MOVES BY COLOUR: {'gray0': ['34 (turn timeout)', '82 (turn timeout)', '136 (turn timeout)', '154 (turn timeout)']}
[2026-05-22 10:10:26] MOVE 244: AlphaZeroClue (gray0) 31->32 [0.01ms]
[2026-05-22 10:10:26] SCORE PCS (lawn green): Final=598.8, Time=88.1, Moves(41)=60.7, Pins(1)=100.0, Dist=350.0, Win Bonus=0.0
[2026-05-22 10:10:26] SCORE AlphaZeroClue (gray0): Final=1137.4, Time=33.8, Moves(37)=13.5, Pins(7)=700.0, Dist=390.0, Win Bonus=0.0
[2026-05-22 10:10:26] SCORE Group7 (yellow): Final=1438.6, Time=82.0, Moves(41)=60.7, Pins(9)=900.0, Dist=396.0, Win Bonus=0.0
[2026-05-22 10:10:26] SCORE Gruppe 2 (purple): Final=1193.4, Time=83.6, Moves(40)=45.8, Pins(7)=700.0, Dist=364.0, Win Bonus=0.0
[2026-05-22 10:10:26] SCORE RL (red): Final=460.1, Time=66.3, Moves(40)=45.8, Pins(1)=100.0, Dist=248.0, Win Bonus=0.0
[2026-05-22 10:10:26] SCORE LosTurcos (blue): Final=799.3, Time=92.7, Moves(41)=60.7, Pins(3)=300.0, Dist=346.0, Win Bonus=0.0
[2026-05-22 10:10:26] ALL WRONG MOVES BY COLOUR: {'gray0': ['34 (turn timeout)', '82 (turn timeout)', '136 (turn timeout)', '154 (turn timeout)']}
[2026-05-22 10:10:26] MOVE 245: Gruppe 2 (purple) 67->65 [0.00ms]
[2026-05-22 10:10:26] SCORE PCS (lawn green): Final=598.8, Time=88.1, Moves(41)=60.7, Pins(1)=100.0, Dist=350.0, Win Bonus=0.0
[2026-05-22 10:10:26] SCORE AlphaZeroClue (gray0): Final=1137.4, Time=33.8, Moves(37)=13.5, Pins(7)=700.0, Dist=390.0, Win Bonus=0.0
[2026-05-22 10:10:26] SCORE Group7 (yellow): Final=1438.6, Time=82.0, Moves(41)=60.7, Pins(9)=900.0, Dist=396.0, Win Bonus=0.0
[2026-05-22 10:10:26] SCORE Gruppe 2 (purple): Final=1209.8, Time=83.2, Moves(41)=60.7, Pins(7)=700.0, Dist=366.0, Win Bonus=0.0
[2026-05-22 10:10:26] SCORE RL (red): Final=460.1, Time=66.3, Moves(40)=45.8, Pins(1)=100.0, Dist=248.0, Win Bonus=0.0
[2026-05-22 10:10:26] SCORE LosTurcos (blue): Final=799.3, Time=92.7, Moves(41)=60.7, Pins(3)=300.0, Dist=346.0, Win Bonus=0.0
[2026-05-22 10:10:26] ALL WRONG MOVES BY COLOUR: {'gray0': ['34 (turn timeout)', '82 (turn timeout)', '136 (turn timeout)', '154 (turn timeout)']}
[2026-05-22 10:10:27] MOVE 246: RL (red) 18->3 [0.00ms]
[2026-05-22 10:10:27] SCORE PCS (lawn green): Final=598.8, Time=88.1, Moves(41)=60.7, Pins(1)=100.0, Dist=350.0, Win Bonus=0.0
[2026-05-22 10:10:27] SCORE AlphaZeroClue (gray0): Final=1137.4, Time=33.8, Moves(37)=13.5, Pins(7)=700.0, Dist=390.0, Win Bonus=0.0
[2026-05-22 10:10:27] SCORE Group7 (yellow): Final=1438.6, Time=82.0, Moves(41)=60.7, Pins(9)=900.0, Dist=396.0, Win Bonus=0.0
[2026-05-22 10:10:27] SCORE Gruppe 2 (purple): Final=1209.8, Time=83.2, Moves(41)=60.7, Pins(7)=700.0, Dist=366.0, Win Bonus=0.0
[2026-05-22 10:10:27] SCORE RL (red): Final=576.1, Time=65.4, Moves(41)=60.7, Pins(2)=200.0, Dist=250.0, Win Bonus=0.0
[2026-05-22 10:10:27] SCORE LosTurcos (blue): Final=799.3, Time=92.7, Moves(41)=60.7, Pins(3)=300.0, Dist=346.0, Win Bonus=0.0
[2026-05-22 10:10:27] ALL WRONG MOVES BY COLOUR: {'gray0': ['34 (turn timeout)', '82 (turn timeout)', '136 (turn timeout)', '154 (turn timeout)']}
[2026-05-22 10:10:28] MOVE 247: PCS (lawn green) 80->101 [0.00ms]
[2026-05-22 10:10:28] SCORE PCS (lawn green): Final=721.2, Time=87.7, Moves(42)=75.5, Pins(2)=200.0, Dist=358.0, Win Bonus=0.0
[2026-05-22 10:10:28] SCORE AlphaZeroClue (gray0): Final=1137.4, Time=33.8, Moves(37)=13.5, Pins(7)=700.0, Dist=390.0, Win Bonus=0.0
[2026-05-22 10:10:28] SCORE Group7 (yellow): Final=1438.6, Time=82.0, Moves(41)=60.7, Pins(9)=900.0, Dist=396.0, Win Bonus=0.0
[2026-05-22 10:10:28] SCORE Gruppe 2 (purple): Final=1209.8, Time=83.2, Moves(41)=60.7, Pins(7)=700.0, Dist=366.0, Win Bonus=0.0
[2026-05-22 10:10:28] SCORE RL (red): Final=576.1, Time=65.4, Moves(41)=60.7, Pins(2)=200.0, Dist=250.0, Win Bonus=0.0
[2026-05-22 10:10:28] SCORE LosTurcos (blue): Final=799.3, Time=92.7, Moves(41)=60.7, Pins(3)=300.0, Dist=346.0, Win Bonus=0.0
[2026-05-22 10:10:28] ALL WRONG MOVES BY COLOUR: {'gray0': ['34 (turn timeout)', '82 (turn timeout)', '136 (turn timeout)', '154 (turn timeout)']}
[2026-05-22 10:10:28] MOVE 248: Group7 (yellow) 54->55 [0.00ms]
[2026-05-22 10:10:28] SCORE PCS (lawn green): Final=721.2, Time=87.7, Moves(42)=75.5, Pins(2)=200.0, Dist=358.0, Win Bonus=0.0
[2026-05-22 10:10:28] SCORE AlphaZeroClue (gray0): Final=1137.4, Time=33.8, Moves(37)=13.5, Pins(7)=700.0, Dist=390.0, Win Bonus=0.0
[2026-05-22 10:10:28] SCORE Group7 (yellow): Final=1453.1, Time=81.6, Moves(42)=75.5, Pins(9)=900.0, Dist=396.0, Win Bonus=0.0
[2026-05-22 10:10:28] SCORE Gruppe 2 (purple): Final=1209.8, Time=83.2, Moves(41)=60.7, Pins(7)=700.0, Dist=366.0, Win Bonus=0.0
[2026-05-22 10:10:28] SCORE RL (red): Final=576.1, Time=65.4, Moves(41)=60.7, Pins(2)=200.0, Dist=250.0, Win Bonus=0.0
[2026-05-22 10:10:28] SCORE LosTurcos (blue): Final=799.3, Time=92.7, Moves(41)=60.7, Pins(3)=300.0, Dist=346.0, Win Bonus=0.0
[2026-05-22 10:10:28] ALL WRONG MOVES BY COLOUR: {'gray0': ['34 (turn timeout)', '82 (turn timeout)', '136 (turn timeout)', '154 (turn timeout)']}
[2026-05-22 10:10:28] MOVE 249: LosTurcos (blue) 7->15 [0.00ms]
[2026-05-22 10:10:28] SCORE PCS (lawn green): Final=721.2, Time=87.7, Moves(42)=75.5, Pins(2)=200.0, Dist=358.0, Win Bonus=0.0
[2026-05-22 10:10:28] SCORE AlphaZeroClue (gray0): Final=1137.4, Time=33.8, Moves(37)=13.5, Pins(7)=700.0, Dist=390.0, Win Bonus=0.0
[2026-05-22 10:10:28] SCORE Group7 (yellow): Final=1453.1, Time=81.6, Moves(42)=75.5, Pins(9)=900.0, Dist=396.0, Win Bonus=0.0
[2026-05-22 10:10:28] SCORE Gruppe 2 (purple): Final=1209.8, Time=83.2, Moves(41)=60.7, Pins(7)=700.0, Dist=366.0, Win Bonus=0.0
[2026-05-22 10:10:28] SCORE RL (red): Final=576.1, Time=65.4, Moves(41)=60.7, Pins(2)=200.0, Dist=250.0, Win Bonus=0.0
[2026-05-22 10:10:28] SCORE LosTurcos (blue): Final=815.9, Time=92.4, Moves(42)=75.5, Pins(3)=300.0, Dist=348.0, Win Bonus=0.0
[2026-05-22 10:10:28] ALL WRONG MOVES BY COLOUR: {'gray0': ['34 (turn timeout)', '82 (turn timeout)', '136 (turn timeout)', '154 (turn timeout)']}
[2026-05-22 10:10:30] MOVE 250: AlphaZeroClue (gray0) 17->18 [0.00ms]
[2026-05-22 10:10:30] SCORE PCS (lawn green): Final=721.2, Time=87.7, Moves(42)=75.5, Pins(2)=200.0, Dist=358.0, Win Bonus=0.0
[2026-05-22 10:10:30] SCORE AlphaZeroClue (gray0): Final=1145.6, Time=32.0, Moves(38)=21.6, Pins(7)=700.0, Dist=392.0, Win Bonus=0.0
[2026-05-22 10:10:30] SCORE Group7 (yellow): Final=1453.1, Time=81.6, Moves(42)=75.5, Pins(9)=900.0, Dist=396.0, Win Bonus=0.0
[2026-05-22 10:10:30] SCORE Gruppe 2 (purple): Final=1209.8, Time=83.2, Moves(41)=60.7, Pins(7)=700.0, Dist=366.0, Win Bonus=0.0
[2026-05-22 10:10:30] SCORE RL (red): Final=576.1, Time=65.4, Moves(41)=60.7, Pins(2)=200.0, Dist=250.0, Win Bonus=0.0
[2026-05-22 10:10:30] SCORE LosTurcos (blue): Final=815.9, Time=92.4, Moves(42)=75.5, Pins(3)=300.0, Dist=348.0, Win Bonus=0.0
[2026-05-22 10:10:30] ALL WRONG MOVES BY COLOUR: {'gray0': ['34 (turn timeout)', '82 (turn timeout)', '136 (turn timeout)', '154 (turn timeout)']}
[2026-05-22 10:10:31] MOVE 251: Gruppe 2 (purple) 65->47 [0.01ms]
[2026-05-22 10:10:31] SCORE PCS (lawn green): Final=721.2, Time=87.7, Moves(42)=75.5, Pins(2)=200.0, Dist=358.0, Win Bonus=0.0
[2026-05-22 10:10:31] SCORE AlphaZeroClue (gray0): Final=1145.6, Time=32.0, Moves(38)=21.6, Pins(7)=700.0, Dist=392.0, Win Bonus=0.0
[2026-05-22 10:10:31] SCORE Group7 (yellow): Final=1453.1, Time=81.6, Moves(42)=75.5, Pins(9)=900.0, Dist=396.0, Win Bonus=0.0
[2026-05-22 10:10:31] SCORE Gruppe 2 (purple): Final=1226.0, Time=82.5, Moves(42)=75.5, Pins(7)=700.0, Dist=368.0, Win Bonus=0.0
[2026-05-22 10:10:31] SCORE RL (red): Final=576.1, Time=65.4, Moves(41)=60.7, Pins(2)=200.0, Dist=250.0, Win Bonus=0.0
[2026-05-22 10:10:31] SCORE LosTurcos (blue): Final=815.9, Time=92.4, Moves(42)=75.5, Pins(3)=300.0, Dist=348.0, Win Bonus=0.0
[2026-05-22 10:10:31] ALL WRONG MOVES BY COLOUR: {'gray0': ['34 (turn timeout)', '82 (turn timeout)', '136 (turn timeout)', '154 (turn timeout)']}
[2026-05-22 10:10:31] MOVE 252: RL (red) 1->0 [0.00ms]
[2026-05-22 10:10:31] SCORE PCS (lawn green): Final=721.2, Time=87.7, Moves(42)=75.5, Pins(2)=200.0, Dist=358.0, Win Bonus=0.0
[2026-05-22 10:10:31] SCORE AlphaZeroClue (gray0): Final=1145.6, Time=32.0, Moves(38)=21.6, Pins(7)=700.0, Dist=392.0, Win Bonus=0.0
[2026-05-22 10:10:31] SCORE Group7 (yellow): Final=1453.1, Time=81.6, Moves(42)=75.5, Pins(9)=900.0, Dist=396.0, Win Bonus=0.0
[2026-05-22 10:10:31] SCORE Gruppe 2 (purple): Final=1226.0, Time=82.5, Moves(42)=75.5, Pins(7)=700.0, Dist=368.0, Win Bonus=0.0
[2026-05-22 10:10:31] SCORE RL (red): Final=590.2, Time=64.7, Moves(42)=75.5, Pins(2)=200.0, Dist=250.0, Win Bonus=0.0
[2026-05-22 10:10:31] SCORE LosTurcos (blue): Final=815.9, Time=92.4, Moves(42)=75.5, Pins(3)=300.0, Dist=348.0, Win Bonus=0.0
[2026-05-22 10:10:31] ALL WRONG MOVES BY COLOUR: {'gray0': ['34 (turn timeout)', '82 (turn timeout)', '136 (turn timeout)', '154 (turn timeout)']}
[2026-05-22 10:10:32] MOVE 253: PCS (lawn green) 101->76 [0.00ms]
[2026-05-22 10:10:32] SCORE PCS (lawn green): Final=733.5, Time=87.3, Moves(43)=88.2, Pins(2)=200.0, Dist=358.0, Win Bonus=0.0
[2026-05-22 10:10:32] SCORE AlphaZeroClue (gray0): Final=1145.6, Time=32.0, Moves(38)=21.6, Pins(7)=700.0, Dist=392.0, Win Bonus=0.0
[2026-05-22 10:10:32] SCORE Group7 (yellow): Final=1453.1, Time=81.6, Moves(42)=75.5, Pins(9)=900.0, Dist=396.0, Win Bonus=0.0
[2026-05-22 10:10:32] SCORE Gruppe 2 (purple): Final=1226.0, Time=82.5, Moves(42)=75.5, Pins(7)=700.0, Dist=368.0, Win Bonus=0.0
[2026-05-22 10:10:32] SCORE RL (red): Final=590.2, Time=64.7, Moves(42)=75.5, Pins(2)=200.0, Dist=250.0, Win Bonus=0.0
[2026-05-22 10:10:32] SCORE LosTurcos (blue): Final=815.9, Time=92.4, Moves(42)=75.5, Pins(3)=300.0, Dist=348.0, Win Bonus=0.0
[2026-05-22 10:10:32] ALL WRONG MOVES BY COLOUR: {'gray0': ['34 (turn timeout)', '82 (turn timeout)', '136 (turn timeout)', '154 (turn timeout)']}
[2026-05-22 10:10:32] MOVE 254: Group7 (yellow) 55->73 [0.01ms]
[2026-05-22 10:10:32] SCORE PCS (lawn green): Final=733.5, Time=87.3, Moves(43)=88.2, Pins(2)=200.0, Dist=358.0, Win Bonus=0.0
[2026-05-22 10:10:32] SCORE AlphaZeroClue (gray0): Final=1145.6, Time=32.0, Moves(38)=21.6, Pins(7)=700.0, Dist=392.0, Win Bonus=0.0
[2026-05-22 10:10:32] SCORE Group7 (yellow): Final=1467.3, Time=81.0, Moves(43)=88.2, Pins(9)=900.0, Dist=398.0, Win Bonus=0.0
[2026-05-22 10:10:32] SCORE Gruppe 2 (purple): Final=1226.0, Time=82.5, Moves(42)=75.5, Pins(7)=700.0, Dist=368.0, Win Bonus=0.0
[2026-05-22 10:10:32] SCORE RL (red): Final=590.2, Time=64.7, Moves(42)=75.5, Pins(2)=200.0, Dist=250.0, Win Bonus=0.0
[2026-05-22 10:10:32] SCORE LosTurcos (blue): Final=815.9, Time=92.4, Moves(42)=75.5, Pins(3)=300.0, Dist=348.0, Win Bonus=0.0
[2026-05-22 10:10:32] ALL WRONG MOVES BY COLOUR: {'gray0': ['34 (turn timeout)', '82 (turn timeout)', '136 (turn timeout)', '154 (turn timeout)']}
[2026-05-22 10:10:33] MOVE 255: LosTurcos (blue) 15->28 [0.00ms]
[2026-05-22 10:10:33] SCORE PCS (lawn green): Final=733.5, Time=87.3, Moves(43)=88.2, Pins(2)=200.0, Dist=358.0, Win Bonus=0.0
[2026-05-22 10:10:33] SCORE AlphaZeroClue (gray0): Final=1145.6, Time=32.0, Moves(38)=21.6, Pins(7)=700.0, Dist=392.0, Win Bonus=0.0
[2026-05-22 10:10:33] SCORE Group7 (yellow): Final=1467.3, Time=81.0, Moves(43)=88.2, Pins(9)=900.0, Dist=398.0, Win Bonus=0.0
[2026-05-22 10:10:33] SCORE Gruppe 2 (purple): Final=1226.0, Time=82.5, Moves(42)=75.5, Pins(7)=700.0, Dist=368.0, Win Bonus=0.0
[2026-05-22 10:10:33] SCORE RL (red): Final=590.2, Time=64.7, Moves(42)=75.5, Pins(2)=200.0, Dist=250.0, Win Bonus=0.0
[2026-05-22 10:10:33] SCORE LosTurcos (blue): Final=830.5, Time=92.2, Moves(43)=88.2, Pins(3)=300.0, Dist=350.0, Win Bonus=0.0
[2026-05-22 10:10:33] ALL WRONG MOVES BY COLOUR: {'gray0': ['34 (turn timeout)', '82 (turn timeout)', '136 (turn timeout)', '154 (turn timeout)']}
[2026-05-22 10:10:34] MOVE 256: AlphaZeroClue (gray0) 44->55 [0.00ms]
[2026-05-22 10:10:34] SCORE PCS (lawn green): Final=733.5, Time=87.3, Moves(43)=88.2, Pins(2)=200.0, Dist=358.0, Win Bonus=0.0
[2026-05-22 10:10:34] SCORE AlphaZeroClue (gray0): Final=1154.7, Time=30.3, Moves(39)=32.5, Pins(7)=700.0, Dist=392.0, Win Bonus=0.0
[2026-05-22 10:10:34] SCORE Group7 (yellow): Final=1467.3, Time=81.0, Moves(43)=88.2, Pins(9)=900.0, Dist=398.0, Win Bonus=0.0
[2026-05-22 10:10:34] SCORE Gruppe 2 (purple): Final=1226.0, Time=82.5, Moves(42)=75.5, Pins(7)=700.0, Dist=368.0, Win Bonus=0.0
[2026-05-22 10:10:34] SCORE RL (red): Final=590.2, Time=64.7, Moves(42)=75.5, Pins(2)=200.0, Dist=250.0, Win Bonus=0.0
[2026-05-22 10:10:34] SCORE LosTurcos (blue): Final=830.5, Time=92.2, Moves(43)=88.2, Pins(3)=300.0, Dist=350.0, Win Bonus=0.0
[2026-05-22 10:10:34] ALL WRONG MOVES BY COLOUR: {'gray0': ['34 (turn timeout)', '82 (turn timeout)', '136 (turn timeout)', '154 (turn timeout)']}
[2026-05-22 10:10:35] MOVE 257: Gruppe 2 (purple) 77->67 [0.00ms]
[2026-05-22 10:10:35] SCORE PCS (lawn green): Final=733.5, Time=87.3, Moves(43)=88.2, Pins(2)=200.0, Dist=358.0, Win Bonus=0.0
[2026-05-22 10:10:35] SCORE AlphaZeroClue (gray0): Final=1154.7, Time=30.3, Moves(39)=32.5, Pins(7)=700.0, Dist=392.0, Win Bonus=0.0
[2026-05-22 10:10:35] SCORE Group7 (yellow): Final=1467.3, Time=81.0, Moves(43)=88.2, Pins(9)=900.0, Dist=398.0, Win Bonus=0.0
[2026-05-22 10:10:35] SCORE Gruppe 2 (purple): Final=1238.6, Time=82.4, Moves(43)=88.2, Pins(7)=700.0, Dist=368.0, Win Bonus=0.0
[2026-05-22 10:10:35] SCORE RL (red): Final=590.2, Time=64.7, Moves(42)=75.5, Pins(2)=200.0, Dist=250.0, Win Bonus=0.0
[2026-05-22 10:10:35] SCORE LosTurcos (blue): Final=830.5, Time=92.2, Moves(43)=88.2, Pins(3)=300.0, Dist=350.0, Win Bonus=0.0
[2026-05-22 10:10:35] ALL WRONG MOVES BY COLOUR: {'gray0': ['34 (turn timeout)', '82 (turn timeout)', '136 (turn timeout)', '154 (turn timeout)']}
[2026-05-22 10:10:35] MOVE 258: RL (red) 51->40 [0.01ms]
[2026-05-22 10:10:35] SCORE PCS (lawn green): Final=733.5, Time=87.3, Moves(43)=88.2, Pins(2)=200.0, Dist=358.0, Win Bonus=0.0
[2026-05-22 10:10:35] SCORE AlphaZeroClue (gray0): Final=1154.7, Time=30.3, Moves(39)=32.5, Pins(7)=700.0, Dist=392.0, Win Bonus=0.0
[2026-05-22 10:10:35] SCORE Group7 (yellow): Final=1467.3, Time=81.0, Moves(43)=88.2, Pins(9)=900.0, Dist=398.0, Win Bonus=0.0
[2026-05-22 10:10:35] SCORE Gruppe 2 (purple): Final=1238.6, Time=82.4, Moves(43)=88.2, Pins(7)=700.0, Dist=368.0, Win Bonus=0.0
[2026-05-22 10:10:35] SCORE RL (red): Final=604.1, Time=63.9, Moves(43)=88.2, Pins(2)=200.0, Dist=252.0, Win Bonus=0.0
[2026-05-22 10:10:35] SCORE LosTurcos (blue): Final=830.5, Time=92.2, Moves(43)=88.2, Pins(3)=300.0, Dist=350.0, Win Bonus=0.0
[2026-05-22 10:10:35] ALL WRONG MOVES BY COLOUR: {'gray0': ['34 (turn timeout)', '82 (turn timeout)', '136 (turn timeout)', '154 (turn timeout)']}
[2026-05-22 10:10:36] MOVE 259: PCS (lawn green) 76->80 [0.01ms]
[2026-05-22 10:10:36] SCORE PCS (lawn green): Final=633.9, Time=86.9, Moves(44)=96.9, Pins(1)=100.0, Dist=350.0, Win Bonus=0.0
[2026-05-22 10:10:36] SCORE AlphaZeroClue (gray0): Final=1154.7, Time=30.3, Moves(39)=32.5, Pins(7)=700.0, Dist=392.0, Win Bonus=0.0
[2026-05-22 10:10:36] SCORE Group7 (yellow): Final=1467.3, Time=81.0, Moves(43)=88.2, Pins(9)=900.0, Dist=398.0, Win Bonus=0.0
[2026-05-22 10:10:36] SCORE Gruppe 2 (purple): Final=1238.6, Time=82.4, Moves(43)=88.2, Pins(7)=700.0, Dist=368.0, Win Bonus=0.0
[2026-05-22 10:10:36] SCORE RL (red): Final=604.1, Time=63.9, Moves(43)=88.2, Pins(2)=200.0, Dist=252.0, Win Bonus=0.0
[2026-05-22 10:10:36] SCORE LosTurcos (blue): Final=830.5, Time=92.2, Moves(43)=88.2, Pins(3)=300.0, Dist=350.0, Win Bonus=0.0
[2026-05-22 10:10:36] ALL WRONG MOVES BY COLOUR: {'gray0': ['34 (turn timeout)', '82 (turn timeout)', '136 (turn timeout)', '154 (turn timeout)']}
[2026-05-22 10:10:36] MOVE 260: Group7 (yellow) 73->83 [0.00ms]
[2026-05-22 10:10:36] SCORE PCS (lawn green): Final=633.9, Time=86.9, Moves(44)=96.9, Pins(1)=100.0, Dist=350.0, Win Bonus=0.0
[2026-05-22 10:10:36] SCORE AlphaZeroClue (gray0): Final=1154.7, Time=30.3, Moves(39)=32.5, Pins(7)=700.0, Dist=392.0, Win Bonus=0.0
[2026-05-22 10:10:36] SCORE Group7 (yellow): Final=1475.5, Time=80.6, Moves(44)=96.9, Pins(9)=900.0, Dist=398.0, Win Bonus=0.0
[2026-05-22 10:10:36] SCORE Gruppe 2 (purple): Final=1238.6, Time=82.4, Moves(43)=88.2, Pins(7)=700.0, Dist=368.0, Win Bonus=0.0
[2026-05-22 10:10:36] SCORE RL (red): Final=604.1, Time=63.9, Moves(43)=88.2, Pins(2)=200.0, Dist=252.0, Win Bonus=0.0
[2026-05-22 10:10:36] SCORE LosTurcos (blue): Final=830.5, Time=92.2, Moves(43)=88.2, Pins(3)=300.0, Dist=350.0, Win Bonus=0.0
[2026-05-22 10:10:36] ALL WRONG MOVES BY COLOUR: {'gray0': ['34 (turn timeout)', '82 (turn timeout)', '136 (turn timeout)', '154 (turn timeout)']}
[2026-05-22 10:10:36] MOVE 261: LosTurcos (blue) 49->59 [0.00ms]
[2026-05-22 10:10:36] SCORE PCS (lawn green): Final=633.9, Time=86.9, Moves(44)=96.9, Pins(1)=100.0, Dist=350.0, Win Bonus=0.0
[2026-05-22 10:10:36] SCORE AlphaZeroClue (gray0): Final=1154.7, Time=30.3, Moves(39)=32.5, Pins(7)=700.0, Dist=392.0, Win Bonus=0.0
[2026-05-22 10:10:36] SCORE Group7 (yellow): Final=1475.5, Time=80.6, Moves(44)=96.9, Pins(9)=900.0, Dist=398.0, Win Bonus=0.0
[2026-05-22 10:10:36] SCORE Gruppe 2 (purple): Final=1238.6, Time=82.4, Moves(43)=88.2, Pins(7)=700.0, Dist=368.0, Win Bonus=0.0
[2026-05-22 10:10:36] SCORE RL (red): Final=604.1, Time=63.9, Moves(43)=88.2, Pins(2)=200.0, Dist=252.0, Win Bonus=0.0
[2026-05-22 10:10:36] SCORE LosTurcos (blue): Final=840.9, Time=92.0, Moves(44)=96.9, Pins(3)=300.0, Dist=352.0, Win Bonus=0.0
[2026-05-22 10:10:36] ALL WRONG MOVES BY COLOUR: {'gray0': ['34 (turn timeout)', '82 (turn timeout)', '136 (turn timeout)', '154 (turn timeout)']}
[2026-05-22 10:10:38] MOVE 262: AlphaZeroClue (gray0) 18->31 [0.00ms]
[2026-05-22 10:10:38] SCORE PCS (lawn green): Final=633.9, Time=86.9, Moves(44)=96.9, Pins(1)=100.0, Dist=350.0, Win Bonus=0.0
[2026-05-22 10:10:38] SCORE AlphaZeroClue (gray0): Final=1166.2, Time=28.4, Moves(40)=45.8, Pins(7)=700.0, Dist=392.0, Win Bonus=0.0
[2026-05-22 10:10:38] SCORE Group7 (yellow): Final=1475.5, Time=80.6, Moves(44)=96.9, Pins(9)=900.0, Dist=398.0, Win Bonus=0.0
[2026-05-22 10:10:38] SCORE Gruppe 2 (purple): Final=1238.6, Time=82.4, Moves(43)=88.2, Pins(7)=700.0, Dist=368.0, Win Bonus=0.0
[2026-05-22 10:10:38] SCORE RL (red): Final=604.1, Time=63.9, Moves(43)=88.2, Pins(2)=200.0, Dist=252.0, Win Bonus=0.0
[2026-05-22 10:10:38] SCORE LosTurcos (blue): Final=840.9, Time=92.0, Moves(44)=96.9, Pins(3)=300.0, Dist=352.0, Win Bonus=0.0
[2026-05-22 10:10:38] ALL WRONG MOVES BY COLOUR: {'gray0': ['34 (turn timeout)', '82 (turn timeout)', '136 (turn timeout)', '154 (turn timeout)']}
[2026-05-22 10:10:38] MOVE 263: Gruppe 2 (purple) 67->57 [0.01ms]
[2026-05-22 10:10:38] SCORE PCS (lawn green): Final=633.9, Time=86.9, Moves(44)=96.9, Pins(1)=100.0, Dist=350.0, Win Bonus=0.0
[2026-05-22 10:10:38] SCORE AlphaZeroClue (gray0): Final=1166.2, Time=28.4, Moves(40)=45.8, Pins(7)=700.0, Dist=392.0, Win Bonus=0.0
[2026-05-22 10:10:38] SCORE Group7 (yellow): Final=1475.5, Time=80.6, Moves(44)=96.9, Pins(9)=900.0, Dist=398.0, Win Bonus=0.0
[2026-05-22 10:10:38] SCORE Gruppe 2 (purple): Final=1249.1, Time=82.2, Moves(44)=96.9, Pins(7)=700.0, Dist=370.0, Win Bonus=0.0
[2026-05-22 10:10:38] SCORE RL (red): Final=604.1, Time=63.9, Moves(43)=88.2, Pins(2)=200.0, Dist=252.0, Win Bonus=0.0
[2026-05-22 10:10:38] SCORE LosTurcos (blue): Final=840.9, Time=92.0, Moves(44)=96.9, Pins(3)=300.0, Dist=352.0, Win Bonus=0.0
[2026-05-22 10:10:38] ALL WRONG MOVES BY COLOUR: {'gray0': ['34 (turn timeout)', '82 (turn timeout)', '136 (turn timeout)', '154 (turn timeout)']}
[2026-05-22 10:10:39] MOVE 264: RL (red) 40->15 [0.00ms]
[2026-05-22 10:10:39] SCORE PCS (lawn green): Final=633.9, Time=86.9, Moves(44)=96.9, Pins(1)=100.0, Dist=350.0, Win Bonus=0.0
[2026-05-22 10:10:39] SCORE AlphaZeroClue (gray0): Final=1166.2, Time=28.4, Moves(40)=45.8, Pins(7)=700.0, Dist=392.0, Win Bonus=0.0
[2026-05-22 10:10:39] SCORE Group7 (yellow): Final=1475.5, Time=80.6, Moves(44)=96.9, Pins(9)=900.0, Dist=398.0, Win Bonus=0.0
[2026-05-22 10:10:39] SCORE Gruppe 2 (purple): Final=1249.1, Time=82.2, Moves(44)=96.9, Pins(7)=700.0, Dist=370.0, Win Bonus=0.0
[2026-05-22 10:10:39] SCORE RL (red): Final=616.2, Time=63.2, Moves(44)=96.9, Pins(2)=200.0, Dist=256.0, Win Bonus=0.0
[2026-05-22 10:10:39] SCORE LosTurcos (blue): Final=840.9, Time=92.0, Moves(44)=96.9, Pins(3)=300.0, Dist=352.0, Win Bonus=0.0
[2026-05-22 10:10:39] ALL WRONG MOVES BY COLOUR: {'gray0': ['34 (turn timeout)', '82 (turn timeout)', '136 (turn timeout)', '154 (turn timeout)']}
[2026-05-22 10:10:39] MOVE 265: PCS (lawn green) 70->60 [0.00ms]
[2026-05-22 10:10:39] SCORE PCS (lawn green): Final=636.5, Time=86.5, Moves(45)=100.0, Pins(1)=100.0, Dist=350.0, Win Bonus=0.0
[2026-05-22 10:10:39] SCORE AlphaZeroClue (gray0): Final=1166.2, Time=28.4, Moves(40)=45.8, Pins(7)=700.0, Dist=392.0, Win Bonus=0.0
[2026-05-22 10:10:39] SCORE Group7 (yellow): Final=1475.5, Time=80.6, Moves(44)=96.9, Pins(9)=900.0, Dist=398.0, Win Bonus=0.0
[2026-05-22 10:10:39] SCORE Gruppe 2 (purple): Final=1249.1, Time=82.2, Moves(44)=96.9, Pins(7)=700.0, Dist=370.0, Win Bonus=0.0
[2026-05-22 10:10:39] SCORE RL (red): Final=616.2, Time=63.2, Moves(44)=96.9, Pins(2)=200.0, Dist=256.0, Win Bonus=0.0
[2026-05-22 10:10:39] SCORE LosTurcos (blue): Final=840.9, Time=92.0, Moves(44)=96.9, Pins(3)=300.0, Dist=352.0, Win Bonus=0.0
[2026-05-22 10:10:39] ALL WRONG MOVES BY COLOUR: {'gray0': ['34 (turn timeout)', '82 (turn timeout)', '136 (turn timeout)', '154 (turn timeout)']}
[2026-05-22 10:10:40] MOVE 266: Group7 (yellow) 83->73 [0.00ms]
[2026-05-22 10:10:40] SCORE PCS (lawn green): Final=636.5, Time=86.5, Moves(45)=100.0, Pins(1)=100.0, Dist=350.0, Win Bonus=0.0
[2026-05-22 10:10:40] SCORE AlphaZeroClue (gray0): Final=1166.2, Time=28.4, Moves(40)=45.8, Pins(7)=700.0, Dist=392.0, Win Bonus=0.0
[2026-05-22 10:10:40] SCORE Group7 (yellow): Final=1478.2, Time=80.2, Moves(45)=100.0, Pins(9)=900.0, Dist=398.0, Win Bonus=0.0
[2026-05-22 10:10:40] SCORE Gruppe 2 (purple): Final=1249.1, Time=82.2, Moves(44)=96.9, Pins(7)=700.0, Dist=370.0, Win Bonus=0.0
[2026-05-22 10:10:40] SCORE RL (red): Final=616.2, Time=63.2, Moves(44)=96.9, Pins(2)=200.0, Dist=256.0, Win Bonus=0.0
[2026-05-22 10:10:40] SCORE LosTurcos (blue): Final=840.9, Time=92.0, Moves(44)=96.9, Pins(3)=300.0, Dist=352.0, Win Bonus=0.0
[2026-05-22 10:10:40] ALL WRONG MOVES BY COLOUR: {'gray0': ['34 (turn timeout)', '82 (turn timeout)', '136 (turn timeout)', '154 (turn timeout)']}
[2026-05-22 10:10:40] MOVE 267: LosTurcos (blue) 28->39 [0.00ms]
[2026-05-22 10:10:40] SCORE PCS (lawn green): Final=636.5, Time=86.5, Moves(45)=100.0, Pins(1)=100.0, Dist=350.0, Win Bonus=0.0
[2026-05-22 10:10:40] SCORE AlphaZeroClue (gray0): Final=1166.2, Time=28.4, Moves(40)=45.8, Pins(7)=700.0, Dist=392.0, Win Bonus=0.0
[2026-05-22 10:10:40] SCORE Group7 (yellow): Final=1478.2, Time=80.2, Moves(45)=100.0, Pins(9)=900.0, Dist=398.0, Win Bonus=0.0
[2026-05-22 10:10:40] SCORE Gruppe 2 (purple): Final=1249.1, Time=82.2, Moves(44)=96.9, Pins(7)=700.0, Dist=370.0, Win Bonus=0.0
[2026-05-22 10:10:40] SCORE RL (red): Final=616.2, Time=63.2, Moves(44)=96.9, Pins(2)=200.0, Dist=256.0, Win Bonus=0.0
[2026-05-22 10:10:40] SCORE LosTurcos (blue): Final=845.8, Time=91.8, Moves(45)=100.0, Pins(3)=300.0, Dist=354.0, Win Bonus=0.0
[2026-05-22 10:10:40] ALL WRONG MOVES BY COLOUR: {'gray0': ['34 (turn timeout)', '82 (turn timeout)', '136 (turn timeout)', '154 (turn timeout)']}
[2026-05-22 10:10:42] MOVE 268: AlphaZeroClue (gray0) 19->18 [0.01ms]
[2026-05-22 10:10:42] SCORE PCS (lawn green): Final=636.5, Time=86.5, Moves(45)=100.0, Pins(1)=100.0, Dist=350.0, Win Bonus=0.0
[2026-05-22 10:10:42] SCORE AlphaZeroClue (gray0): Final=1077.4, Time=26.8, Moves(41)=60.7, Pins(6)=600.0, Dist=390.0, Win Bonus=0.0
[2026-05-22 10:10:42] SCORE Group7 (yellow): Final=1478.2, Time=80.2, Moves(45)=100.0, Pins(9)=900.0, Dist=398.0, Win Bonus=0.0
[2026-05-22 10:10:42] SCORE Gruppe 2 (purple): Final=1249.1, Time=82.2, Moves(44)=96.9, Pins(7)=700.0, Dist=370.0, Win Bonus=0.0
[2026-05-22 10:10:42] SCORE RL (red): Final=616.2, Time=63.2, Moves(44)=96.9, Pins(2)=200.0, Dist=256.0, Win Bonus=0.0
[2026-05-22 10:10:42] SCORE LosTurcos (blue): Final=845.8, Time=91.8, Moves(45)=100.0, Pins(3)=300.0, Dist=354.0, Win Bonus=0.0
[2026-05-22 10:10:42] ALL WRONG MOVES BY COLOUR: {'gray0': ['34 (turn timeout)', '82 (turn timeout)', '136 (turn timeout)', '154 (turn timeout)']}
[2026-05-22 10:10:42] MOVE 269: Gruppe 2 (purple) 24->11 [0.00ms]
[2026-05-22 10:10:42] SCORE PCS (lawn green): Final=636.5, Time=86.5, Moves(45)=100.0, Pins(1)=100.0, Dist=350.0, Win Bonus=0.0
[2026-05-22 10:10:42] SCORE AlphaZeroClue (gray0): Final=1077.4, Time=26.8, Moves(41)=60.7, Pins(6)=600.0, Dist=390.0, Win Bonus=0.0
[2026-05-22 10:10:42] SCORE Group7 (yellow): Final=1478.2, Time=80.2, Moves(45)=100.0, Pins(9)=900.0, Dist=398.0, Win Bonus=0.0
[2026-05-22 10:10:42] SCORE Gruppe 2 (purple): Final=1251.7, Time=81.7, Moves(45)=100.0, Pins(7)=700.0, Dist=370.0, Win Bonus=0.0
[2026-05-22 10:10:42] SCORE RL (red): Final=616.2, Time=63.2, Moves(44)=96.9, Pins(2)=200.0, Dist=256.0, Win Bonus=0.0
[2026-05-22 10:10:42] SCORE LosTurcos (blue): Final=845.8, Time=91.8, Moves(45)=100.0, Pins(3)=300.0, Dist=354.0, Win Bonus=0.0
[2026-05-22 10:10:42] ALL WRONG MOVES BY COLOUR: {'gray0': ['34 (turn timeout)', '82 (turn timeout)', '136 (turn timeout)', '154 (turn timeout)']}
[2026-05-22 10:10:43] MOVE 270: RL (red) 15->27 [0.00ms]
[2026-05-22 10:10:43] SCORE PCS (lawn green): Final=636.5, Time=86.5, Moves(45)=100.0, Pins(1)=100.0, Dist=350.0, Win Bonus=0.0
[2026-05-22 10:10:43] SCORE AlphaZeroClue (gray0): Final=1077.4, Time=26.8, Moves(41)=60.7, Pins(6)=600.0, Dist=390.0, Win Bonus=0.0
[2026-05-22 10:10:43] SCORE Group7 (yellow): Final=1478.2, Time=80.2, Moves(45)=100.0, Pins(9)=900.0, Dist=398.0, Win Bonus=0.0
[2026-05-22 10:10:43] SCORE Gruppe 2 (purple): Final=1251.7, Time=81.7, Moves(45)=100.0, Pins(7)=700.0, Dist=370.0, Win Bonus=0.0
[2026-05-22 10:10:43] SCORE RL (red): Final=616.4, Time=62.4, Moves(45)=100.0, Pins(2)=200.0, Dist=254.0, Win Bonus=0.0
[2026-05-22 10:10:43] SCORE LosTurcos (blue): Final=845.8, Time=91.8, Moves(45)=100.0, Pins(3)=300.0, Dist=354.0, Win Bonus=0.0
[2026-05-22 10:10:43] ALL WRONG MOVES BY COLOUR: {'gray0': ['34 (turn timeout)', '82 (turn timeout)', '136 (turn timeout)', '154 (turn timeout)']}
[2026-05-22 10:10:43] MOVE 271: PCS (lawn green) 60->81 [0.00ms]
[2026-05-22 10:10:43] SCORE PCS (lawn green): Final=636.2, Time=86.3, Moves(46)=99.8, Pins(1)=100.0, Dist=350.0, Win Bonus=0.0
[2026-05-22 10:10:43] SCORE AlphaZeroClue (gray0): Final=1077.4, Time=26.8, Moves(41)=60.7, Pins(6)=600.0, Dist=390.0, Win Bonus=0.0
[2026-05-22 10:10:43] SCORE Group7 (yellow): Final=1478.2, Time=80.2, Moves(45)=100.0, Pins(9)=900.0, Dist=398.0, Win Bonus=0.0
[2026-05-22 10:10:43] SCORE Gruppe 2 (purple): Final=1251.7, Time=81.7, Moves(45)=100.0, Pins(7)=700.0, Dist=370.0, Win Bonus=0.0
[2026-05-22 10:10:43] SCORE RL (red): Final=616.4, Time=62.4, Moves(45)=100.0, Pins(2)=200.0, Dist=254.0, Win Bonus=0.0
[2026-05-22 10:10:43] SCORE LosTurcos (blue): Final=845.8, Time=91.8, Moves(45)=100.0, Pins(3)=300.0, Dist=354.0, Win Bonus=0.0
[2026-05-22 10:10:43] ALL WRONG MOVES BY COLOUR: {'gray0': ['34 (turn timeout)', '82 (turn timeout)', '136 (turn timeout)', '154 (turn timeout)']}
[2026-05-22 10:10:44] MOVE 272: Group7 (yellow) 73->83 [0.00ms]
[2026-05-22 10:10:44] SCORE PCS (lawn green): Final=636.2, Time=86.3, Moves(46)=99.8, Pins(1)=100.0, Dist=350.0, Win Bonus=0.0
[2026-05-22 10:10:44] SCORE AlphaZeroClue (gray0): Final=1077.4, Time=26.8, Moves(41)=60.7, Pins(6)=600.0, Dist=390.0, Win Bonus=0.0
[2026-05-22 10:10:44] SCORE Group7 (yellow): Final=1477.5, Time=79.6, Moves(46)=99.8, Pins(9)=900.0, Dist=398.0, Win Bonus=0.0
[2026-05-22 10:10:44] SCORE Gruppe 2 (purple): Final=1251.7, Time=81.7, Moves(45)=100.0, Pins(7)=700.0, Dist=370.0, Win Bonus=0.0
[2026-05-22 10:10:44] SCORE RL (red): Final=616.4, Time=62.4, Moves(45)=100.0, Pins(2)=200.0, Dist=254.0, Win Bonus=0.0
[2026-05-22 10:10:44] SCORE LosTurcos (blue): Final=845.8, Time=91.8, Moves(45)=100.0, Pins(3)=300.0, Dist=354.0, Win Bonus=0.0
[2026-05-22 10:10:44] ALL WRONG MOVES BY COLOUR: {'gray0': ['34 (turn timeout)', '82 (turn timeout)', '136 (turn timeout)', '154 (turn timeout)']}
[2026-05-22 10:10:44] MOVE 273: LosTurcos (blue) 39->49 [0.00ms]
[2026-05-22 10:10:44] SCORE PCS (lawn green): Final=636.2, Time=86.3, Moves(46)=99.8, Pins(1)=100.0, Dist=350.0, Win Bonus=0.0
[2026-05-22 10:10:44] SCORE AlphaZeroClue (gray0): Final=1077.4, Time=26.8, Moves(41)=60.7, Pins(6)=600.0, Dist=390.0, Win Bonus=0.0
[2026-05-22 10:10:44] SCORE Group7 (yellow): Final=1477.5, Time=79.6, Moves(46)=99.8, Pins(9)=900.0, Dist=398.0, Win Bonus=0.0
[2026-05-22 10:10:44] SCORE Gruppe 2 (purple): Final=1251.7, Time=81.7, Moves(45)=100.0, Pins(7)=700.0, Dist=370.0, Win Bonus=0.0
[2026-05-22 10:10:44] SCORE RL (red): Final=616.4, Time=62.4, Moves(45)=100.0, Pins(2)=200.0, Dist=254.0, Win Bonus=0.0
[2026-05-22 10:10:44] SCORE LosTurcos (blue): Final=847.4, Time=91.6, Moves(46)=99.8, Pins(3)=300.0, Dist=356.0, Win Bonus=0.0
[2026-05-22 10:10:44] ALL WRONG MOVES BY COLOUR: {'gray0': ['34 (turn timeout)', '82 (turn timeout)', '136 (turn timeout)', '154 (turn timeout)']}
[2026-05-22 10:10:46] MOVE 274: AlphaZeroClue (gray0) 32->19 [0.00ms]
[2026-05-22 10:10:46] SCORE PCS (lawn green): Final=636.2, Time=86.3, Moves(46)=99.8, Pins(1)=100.0, Dist=350.0, Win Bonus=0.0
[2026-05-22 10:10:46] SCORE AlphaZeroClue (gray0): Final=1090.4, Time=24.9, Moves(42)=75.5, Pins(6)=600.0, Dist=390.0, Win Bonus=0.0
[2026-05-22 10:10:46] SCORE Group7 (yellow): Final=1477.5, Time=79.6, Moves(46)=99.8, Pins(9)=900.0, Dist=398.0, Win Bonus=0.0
[2026-05-22 10:10:46] SCORE Gruppe 2 (purple): Final=1251.7, Time=81.7, Moves(45)=100.0, Pins(7)=700.0, Dist=370.0, Win Bonus=0.0
[2026-05-22 10:10:46] SCORE RL (red): Final=616.4, Time=62.4, Moves(45)=100.0, Pins(2)=200.0, Dist=254.0, Win Bonus=0.0
[2026-05-22 10:10:46] SCORE LosTurcos (blue): Final=847.4, Time=91.6, Moves(46)=99.8, Pins(3)=300.0, Dist=356.0, Win Bonus=0.0
[2026-05-22 10:10:46] ALL WRONG MOVES BY COLOUR: {'gray0': ['34 (turn timeout)', '82 (turn timeout)', '136 (turn timeout)', '154 (turn timeout)']}
[2026-05-22 10:10:47] MOVE 275: Gruppe 2 (purple) 57->15 [0.00ms]
[2026-05-22 10:10:47] SCORE PCS (lawn green): Final=636.2, Time=86.3, Moves(46)=99.8, Pins(1)=100.0, Dist=350.0, Win Bonus=0.0
[2026-05-22 10:10:47] SCORE AlphaZeroClue (gray0): Final=1090.4, Time=24.9, Moves(42)=75.5, Pins(6)=600.0, Dist=390.0, Win Bonus=0.0
[2026-05-22 10:10:47] SCORE Group7 (yellow): Final=1477.5, Time=79.6, Moves(46)=99.8, Pins(9)=900.0, Dist=398.0, Win Bonus=0.0
[2026-05-22 10:10:47] SCORE Gruppe 2 (purple): Final=1250.9, Time=81.1, Moves(46)=99.8, Pins(7)=700.0, Dist=370.0, Win Bonus=0.0
[2026-05-22 10:10:47] SCORE RL (red): Final=616.4, Time=62.4, Moves(45)=100.0, Pins(2)=200.0, Dist=254.0, Win Bonus=0.0
[2026-05-22 10:10:47] SCORE LosTurcos (blue): Final=847.4, Time=91.6, Moves(46)=99.8, Pins(3)=300.0, Dist=356.0, Win Bonus=0.0
[2026-05-22 10:10:47] ALL WRONG MOVES BY COLOUR: {'gray0': ['34 (turn timeout)', '82 (turn timeout)', '136 (turn timeout)', '154 (turn timeout)']}
[2026-05-22 10:10:47] MOVE 276: RL (red) 27->26 [0.00ms]
[2026-05-22 10:10:47] SCORE PCS (lawn green): Final=636.2, Time=86.3, Moves(46)=99.8, Pins(1)=100.0, Dist=350.0, Win Bonus=0.0
[2026-05-22 10:10:47] SCORE AlphaZeroClue (gray0): Final=1090.4, Time=24.9, Moves(42)=75.5, Pins(6)=600.0, Dist=390.0, Win Bonus=0.0
[2026-05-22 10:10:47] SCORE Group7 (yellow): Final=1477.5, Time=79.6, Moves(46)=99.8, Pins(9)=900.0, Dist=398.0, Win Bonus=0.0
[2026-05-22 10:10:47] SCORE Gruppe 2 (purple): Final=1250.9, Time=81.1, Moves(46)=99.8, Pins(7)=700.0, Dist=370.0, Win Bonus=0.0
[2026-05-22 10:10:47] SCORE RL (red): Final=615.5, Time=61.7, Moves(46)=99.8, Pins(2)=200.0, Dist=254.0, Win Bonus=0.0
[2026-05-22 10:10:47] SCORE LosTurcos (blue): Final=847.4, Time=91.6, Moves(46)=99.8, Pins(3)=300.0, Dist=356.0, Win Bonus=0.0
[2026-05-22 10:10:47] ALL WRONG MOVES BY COLOUR: {'gray0': ['34 (turn timeout)', '82 (turn timeout)', '136 (turn timeout)', '154 (turn timeout)']}
[2026-05-22 10:10:48] MOVE 277: PCS (lawn green) 81->60 [0.00ms]
[2026-05-22 10:10:48] SCORE PCS (lawn green): Final=635.4, Time=86.0, Moves(47)=99.4, Pins(1)=100.0, Dist=350.0, Win Bonus=0.0
[2026-05-22 10:10:48] SCORE AlphaZeroClue (gray0): Final=1090.4, Time=24.9, Moves(42)=75.5, Pins(6)=600.0, Dist=390.0, Win Bonus=0.0
[2026-05-22 10:10:48] SCORE Group7 (yellow): Final=1477.5, Time=79.6, Moves(46)=99.8, Pins(9)=900.0, Dist=398.0, Win Bonus=0.0
[2026-05-22 10:10:48] SCORE Gruppe 2 (purple): Final=1250.9, Time=81.1, Moves(46)=99.8, Pins(7)=700.0, Dist=370.0, Win Bonus=0.0
[2026-05-22 10:10:48] SCORE RL (red): Final=615.5, Time=61.7, Moves(46)=99.8, Pins(2)=200.0, Dist=254.0, Win Bonus=0.0
[2026-05-22 10:10:48] SCORE LosTurcos (blue): Final=847.4, Time=91.6, Moves(46)=99.8, Pins(3)=300.0, Dist=356.0, Win Bonus=0.0
[2026-05-22 10:10:48] ALL WRONG MOVES BY COLOUR: {'gray0': ['34 (turn timeout)', '82 (turn timeout)', '136 (turn timeout)', '154 (turn timeout)']}
[2026-05-22 10:10:48] MOVE 278: Group7 (yellow) 83->94 [0.01ms]
[2026-05-22 10:10:48] SCORE PCS (lawn green): Final=635.4, Time=86.0, Moves(47)=99.4, Pins(1)=100.0, Dist=350.0, Win Bonus=0.0
[2026-05-22 10:10:48] SCORE AlphaZeroClue (gray0): Final=1090.4, Time=24.9, Moves(42)=75.5, Pins(6)=600.0, Dist=390.0, Win Bonus=0.0
[2026-05-22 10:10:48] SCORE Group7 (yellow): Final=1476.5, Time=79.1, Moves(47)=99.4, Pins(9)=900.0, Dist=398.0, Win Bonus=0.0
[2026-05-22 10:10:48] SCORE Gruppe 2 (purple): Final=1250.9, Time=81.1, Moves(46)=99.8, Pins(7)=700.0, Dist=370.0, Win Bonus=0.0
[2026-05-22 10:10:48] SCORE RL (red): Final=615.5, Time=61.7, Moves(46)=99.8, Pins(2)=200.0, Dist=254.0, Win Bonus=0.0
[2026-05-22 10:10:48] SCORE LosTurcos (blue): Final=847.4, Time=91.6, Moves(46)=99.8, Pins(3)=300.0, Dist=356.0, Win Bonus=0.0
[2026-05-22 10:10:48] ALL WRONG MOVES BY COLOUR: {'gray0': ['34 (turn timeout)', '82 (turn timeout)', '136 (turn timeout)', '154 (turn timeout)']}
[2026-05-22 10:10:48] MOVE 279: LosTurcos (blue) 82->93 [0.00ms]
[2026-05-22 10:10:48] SCORE PCS (lawn green): Final=635.4, Time=86.0, Moves(47)=99.4, Pins(1)=100.0, Dist=350.0, Win Bonus=0.0
[2026-05-22 10:10:48] SCORE AlphaZeroClue (gray0): Final=1090.4, Time=24.9, Moves(42)=75.5, Pins(6)=600.0, Dist=390.0, Win Bonus=0.0
[2026-05-22 10:10:48] SCORE Group7 (yellow): Final=1476.5, Time=79.1, Moves(47)=99.4, Pins(9)=900.0, Dist=398.0, Win Bonus=0.0
[2026-05-22 10:10:48] SCORE Gruppe 2 (purple): Final=1250.9, Time=81.1, Moves(46)=99.8, Pins(7)=700.0, Dist=370.0, Win Bonus=0.0
[2026-05-22 10:10:48] SCORE RL (red): Final=615.5, Time=61.7, Moves(46)=99.8, Pins(2)=200.0, Dist=254.0, Win Bonus=0.0
[2026-05-22 10:10:48] SCORE LosTurcos (blue): Final=848.9, Time=91.5, Moves(47)=99.4, Pins(3)=300.0, Dist=358.0, Win Bonus=0.0
[2026-05-22 10:10:48] ALL WRONG MOVES BY COLOUR: {'gray0': ['34 (turn timeout)', '82 (turn timeout)', '136 (turn timeout)', '154 (turn timeout)']}
[2026-05-22 10:10:50] MOVE 280: AlphaZeroClue (gray0) 19->21 [0.00ms]
[2026-05-22 10:10:50] SCORE PCS (lawn green): Final=635.4, Time=86.0, Moves(47)=99.4, Pins(1)=100.0, Dist=350.0, Win Bonus=0.0
[2026-05-22 10:10:50] SCORE AlphaZeroClue (gray0): Final=1101.3, Time=23.1, Moves(43)=88.2, Pins(6)=600.0, Dist=390.0, Win Bonus=0.0
[2026-05-22 10:10:50] SCORE Group7 (yellow): Final=1476.5, Time=79.1, Moves(47)=99.4, Pins(9)=900.0, Dist=398.0, Win Bonus=0.0
[2026-05-22 10:10:50] SCORE Gruppe 2 (purple): Final=1250.9, Time=81.1, Moves(46)=99.8, Pins(7)=700.0, Dist=370.0, Win Bonus=0.0
[2026-05-22 10:10:50] SCORE RL (red): Final=615.5, Time=61.7, Moves(46)=99.8, Pins(2)=200.0, Dist=254.0, Win Bonus=0.0
[2026-05-22 10:10:50] SCORE LosTurcos (blue): Final=848.9, Time=91.5, Moves(47)=99.4, Pins(3)=300.0, Dist=358.0, Win Bonus=0.0
[2026-05-22 10:10:50] ALL WRONG MOVES BY COLOUR: {'gray0': ['34 (turn timeout)', '82 (turn timeout)', '136 (turn timeout)', '154 (turn timeout)']}
[2026-05-22 10:10:50] MOVE 281: Gruppe 2 (purple) 47->24 [0.00ms]
[2026-05-22 10:10:50] SCORE PCS (lawn green): Final=635.4, Time=86.0, Moves(47)=99.4, Pins(1)=100.0, Dist=350.0, Win Bonus=0.0
[2026-05-22 10:10:50] SCORE AlphaZeroClue (gray0): Final=1101.3, Time=23.1, Moves(43)=88.2, Pins(6)=600.0, Dist=390.0, Win Bonus=0.0
[2026-05-22 10:10:50] SCORE Group7 (yellow): Final=1476.5, Time=79.1, Moves(47)=99.4, Pins(9)=900.0, Dist=398.0, Win Bonus=0.0
[2026-05-22 10:10:50] SCORE Gruppe 2 (purple): Final=1352.1, Time=80.7, Moves(47)=99.4, Pins(8)=800.0, Dist=372.0, Win Bonus=0.0
[2026-05-22 10:10:50] SCORE RL (red): Final=615.5, Time=61.7, Moves(46)=99.8, Pins(2)=200.0, Dist=254.0, Win Bonus=0.0
[2026-05-22 10:10:50] SCORE LosTurcos (blue): Final=848.9, Time=91.5, Moves(47)=99.4, Pins(3)=300.0, Dist=358.0, Win Bonus=0.0
[2026-05-22 10:10:50] ALL WRONG MOVES BY COLOUR: {'gray0': ['34 (turn timeout)', '82 (turn timeout)', '136 (turn timeout)', '154 (turn timeout)']}
[2026-05-22 10:10:51] MOVE 282: RL (red) 3->4 [0.01ms]
[2026-05-22 10:10:51] SCORE PCS (lawn green): Final=635.4, Time=86.0, Moves(47)=99.4, Pins(1)=100.0, Dist=350.0, Win Bonus=0.0
[2026-05-22 10:10:51] SCORE AlphaZeroClue (gray0): Final=1101.3, Time=23.1, Moves(43)=88.2, Pins(6)=600.0, Dist=390.0, Win Bonus=0.0
[2026-05-22 10:10:51] SCORE Group7 (yellow): Final=1476.5, Time=79.1, Moves(47)=99.4, Pins(9)=900.0, Dist=398.0, Win Bonus=0.0
[2026-05-22 10:10:51] SCORE Gruppe 2 (purple): Final=1352.1, Time=80.7, Moves(47)=99.4, Pins(8)=800.0, Dist=372.0, Win Bonus=0.0
[2026-05-22 10:10:51] SCORE RL (red): Final=614.2, Time=60.8, Moves(47)=99.4, Pins(2)=200.0, Dist=254.0, Win Bonus=0.0
[2026-05-22 10:10:51] SCORE LosTurcos (blue): Final=848.9, Time=91.5, Moves(47)=99.4, Pins(3)=300.0, Dist=358.0, Win Bonus=0.0
[2026-05-22 10:10:51] ALL WRONG MOVES BY COLOUR: {'gray0': ['34 (turn timeout)', '82 (turn timeout)', '136 (turn timeout)', '154 (turn timeout)']}
[2026-05-22 10:10:51] MOVE 283: PCS (lawn green) 89->78 [0.00ms]
[2026-05-22 10:10:51] SCORE PCS (lawn green): Final=632.6, Time=86.0, Moves(48)=98.6, Pins(1)=100.0, Dist=348.0, Win Bonus=0.0
[2026-05-22 10:10:51] SCORE AlphaZeroClue (gray0): Final=1101.3, Time=23.1, Moves(43)=88.2, Pins(6)=600.0, Dist=390.0, Win Bonus=0.0
[2026-05-22 10:10:51] SCORE Group7 (yellow): Final=1476.5, Time=79.1, Moves(47)=99.4, Pins(9)=900.0, Dist=398.0, Win Bonus=0.0
[2026-05-22 10:10:51] SCORE Gruppe 2 (purple): Final=1352.1, Time=80.7, Moves(47)=99.4, Pins(8)=800.0, Dist=372.0, Win Bonus=0.0
[2026-05-22 10:10:51] SCORE RL (red): Final=614.2, Time=60.8, Moves(47)=99.4, Pins(2)=200.0, Dist=254.0, Win Bonus=0.0
[2026-05-22 10:10:51] SCORE LosTurcos (blue): Final=848.9, Time=91.5, Moves(47)=99.4, Pins(3)=300.0, Dist=358.0, Win Bonus=0.0
[2026-05-22 10:10:51] ALL WRONG MOVES BY COLOUR: {'gray0': ['34 (turn timeout)', '82 (turn timeout)', '136 (turn timeout)', '154 (turn timeout)']}
[2026-05-22 10:10:52] MOVE 284: Group7 (yellow) 94->83 [0.00ms]
[2026-05-22 10:10:52] SCORE PCS (lawn green): Final=632.6, Time=86.0, Moves(48)=98.6, Pins(1)=100.0, Dist=348.0, Win Bonus=0.0
[2026-05-22 10:10:52] SCORE AlphaZeroClue (gray0): Final=1101.3, Time=23.1, Moves(43)=88.2, Pins(6)=600.0, Dist=390.0, Win Bonus=0.0
[2026-05-22 10:10:52] SCORE Group7 (yellow): Final=1475.4, Time=78.8, Moves(48)=98.6, Pins(9)=900.0, Dist=398.0, Win Bonus=0.0
[2026-05-22 10:10:52] SCORE Gruppe 2 (purple): Final=1352.1, Time=80.7, Moves(47)=99.4, Pins(8)=800.0, Dist=372.0, Win Bonus=0.0
[2026-05-22 10:10:52] SCORE RL (red): Final=614.2, Time=60.8, Moves(47)=99.4, Pins(2)=200.0, Dist=254.0, Win Bonus=0.0
[2026-05-22 10:10:52] SCORE LosTurcos (blue): Final=848.9, Time=91.5, Moves(47)=99.4, Pins(3)=300.0, Dist=358.0, Win Bonus=0.0
[2026-05-22 10:10:52] ALL WRONG MOVES BY COLOUR: {'gray0': ['34 (turn timeout)', '82 (turn timeout)', '136 (turn timeout)', '154 (turn timeout)']}
[2026-05-22 10:10:52] MOVE 285: LosTurcos (blue) 49->73 [0.00ms]
[2026-05-22 10:10:52] SCORE PCS (lawn green): Final=632.6, Time=86.0, Moves(48)=98.6, Pins(1)=100.0, Dist=348.0, Win Bonus=0.0
[2026-05-22 10:10:52] SCORE AlphaZeroClue (gray0): Final=1101.3, Time=23.1, Moves(43)=88.2, Pins(6)=600.0, Dist=390.0, Win Bonus=0.0
[2026-05-22 10:10:52] SCORE Group7 (yellow): Final=1475.4, Time=78.8, Moves(48)=98.6, Pins(9)=900.0, Dist=398.0, Win Bonus=0.0
[2026-05-22 10:10:52] SCORE Gruppe 2 (purple): Final=1352.1, Time=80.7, Moves(47)=99.4, Pins(8)=800.0, Dist=372.0, Win Bonus=0.0
[2026-05-22 10:10:52] SCORE RL (red): Final=614.2, Time=60.8, Moves(47)=99.4, Pins(2)=200.0, Dist=254.0, Win Bonus=0.0
[2026-05-22 10:10:52] SCORE LosTurcos (blue): Final=851.8, Time=91.2, Moves(48)=98.6, Pins(3)=300.0, Dist=362.0, Win Bonus=0.0
[2026-05-22 10:10:52] ALL WRONG MOVES BY COLOUR: {'gray0': ['34 (turn timeout)', '82 (turn timeout)', '136 (turn timeout)', '154 (turn timeout)']}
[2026-05-22 10:10:54] MOVE 286: AlphaZeroClue (gray0) 31->19 [0.00ms]
[2026-05-22 10:10:54] SCORE PCS (lawn green): Final=632.6, Time=86.0, Moves(48)=98.6, Pins(1)=100.0, Dist=348.0, Win Bonus=0.0
[2026-05-22 10:10:54] SCORE AlphaZeroClue (gray0): Final=1210.3, Time=21.4, Moves(44)=96.9, Pins(7)=700.0, Dist=392.0, Win Bonus=0.0
[2026-05-22 10:10:54] SCORE Group7 (yellow): Final=1475.4, Time=78.8, Moves(48)=98.6, Pins(9)=900.0, Dist=398.0, Win Bonus=0.0
[2026-05-22 10:10:54] SCORE Gruppe 2 (purple): Final=1352.1, Time=80.7, Moves(47)=99.4, Pins(8)=800.0, Dist=372.0, Win Bonus=0.0
[2026-05-22 10:10:54] SCORE RL (red): Final=614.2, Time=60.8, Moves(47)=99.4, Pins(2)=200.0, Dist=254.0, Win Bonus=0.0
[2026-05-22 10:10:54] SCORE LosTurcos (blue): Final=851.8, Time=91.2, Moves(48)=98.6, Pins(3)=300.0, Dist=362.0, Win Bonus=0.0
[2026-05-22 10:10:54] ALL WRONG MOVES BY COLOUR: {'gray0': ['34 (turn timeout)', '82 (turn timeout)', '136 (turn timeout)', '154 (turn timeout)']}
[2026-05-22 10:10:54] MOVE 287: Gruppe 2 (purple) 15->27 [0.00ms]
[2026-05-22 10:10:54] SCORE PCS (lawn green): Final=632.6, Time=86.0, Moves(48)=98.6, Pins(1)=100.0, Dist=348.0, Win Bonus=0.0
[2026-05-22 10:10:54] SCORE AlphaZeroClue (gray0): Final=1210.3, Time=21.4, Moves(44)=96.9, Pins(7)=700.0, Dist=392.0, Win Bonus=0.0
[2026-05-22 10:10:54] SCORE Group7 (yellow): Final=1475.4, Time=78.8, Moves(48)=98.6, Pins(9)=900.0, Dist=398.0, Win Bonus=0.0
[2026-05-22 10:10:54] SCORE Gruppe 2 (purple): Final=1351.1, Time=80.5, Moves(48)=98.6, Pins(8)=800.0, Dist=372.0, Win Bonus=0.0
[2026-05-22 10:10:54] SCORE RL (red): Final=614.2, Time=60.8, Moves(47)=99.4, Pins(2)=200.0, Dist=254.0, Win Bonus=0.0
[2026-05-22 10:10:54] SCORE LosTurcos (blue): Final=851.8, Time=91.2, Moves(48)=98.6, Pins(3)=300.0, Dist=362.0, Win Bonus=0.0
[2026-05-22 10:10:54] ALL WRONG MOVES BY COLOUR: {'gray0': ['34 (turn timeout)', '82 (turn timeout)', '136 (turn timeout)', '154 (turn timeout)']}
[2026-05-22 10:10:54] MOVE 288: RL (red) 4->8 [0.00ms]
[2026-05-22 10:10:54] SCORE PCS (lawn green): Final=632.6, Time=86.0, Moves(48)=98.6, Pins(1)=100.0, Dist=348.0, Win Bonus=0.0
[2026-05-22 10:10:54] SCORE AlphaZeroClue (gray0): Final=1210.3, Time=21.4, Moves(44)=96.9, Pins(7)=700.0, Dist=392.0, Win Bonus=0.0
[2026-05-22 10:10:54] SCORE Group7 (yellow): Final=1475.4, Time=78.8, Moves(48)=98.6, Pins(9)=900.0, Dist=398.0, Win Bonus=0.0
[2026-05-22 10:10:54] SCORE Gruppe 2 (purple): Final=1351.1, Time=80.5, Moves(48)=98.6, Pins(8)=800.0, Dist=372.0, Win Bonus=0.0
[2026-05-22 10:10:54] SCORE RL (red): Final=612.7, Time=60.1, Moves(48)=98.6, Pins(2)=200.0, Dist=254.0, Win Bonus=0.0
[2026-05-22 10:10:54] SCORE LosTurcos (blue): Final=851.8, Time=91.2, Moves(48)=98.6, Pins(3)=300.0, Dist=362.0, Win Bonus=0.0
[2026-05-22 10:10:54] ALL WRONG MOVES BY COLOUR: {'gray0': ['34 (turn timeout)', '82 (turn timeout)', '136 (turn timeout)', '154 (turn timeout)']}
[2026-05-22 10:10:55] MOVE 289: PCS (lawn green) 56->57 [0.00ms]
[2026-05-22 10:10:55] SCORE PCS (lawn green): Final=629.4, Time=85.8, Moves(49)=97.6, Pins(1)=100.0, Dist=346.0, Win Bonus=0.0
[2026-05-22 10:10:55] SCORE AlphaZeroClue (gray0): Final=1210.3, Time=21.4, Moves(44)=96.9, Pins(7)=700.0, Dist=392.0, Win Bonus=0.0
[2026-05-22 10:10:55] SCORE Group7 (yellow): Final=1475.4, Time=78.8, Moves(48)=98.6, Pins(9)=900.0, Dist=398.0, Win Bonus=0.0
[2026-05-22 10:10:55] SCORE Gruppe 2 (purple): Final=1351.1, Time=80.5, Moves(48)=98.6, Pins(8)=800.0, Dist=372.0, Win Bonus=0.0
[2026-05-22 10:10:55] SCORE RL (red): Final=612.7, Time=60.1, Moves(48)=98.6, Pins(2)=200.0, Dist=254.0, Win Bonus=0.0
[2026-05-22 10:10:55] SCORE LosTurcos (blue): Final=851.8, Time=91.2, Moves(48)=98.6, Pins(3)=300.0, Dist=362.0, Win Bonus=0.0
[2026-05-22 10:10:55] ALL WRONG MOVES BY COLOUR: {'gray0': ['34 (turn timeout)', '82 (turn timeout)', '136 (turn timeout)', '154 (turn timeout)']}
[2026-05-22 10:10:55] MOVE 290: Group7 (yellow) 83->94 [0.00ms]
[2026-05-22 10:10:55] SCORE PCS (lawn green): Final=629.4, Time=85.8, Moves(49)=97.6, Pins(1)=100.0, Dist=346.0, Win Bonus=0.0
[2026-05-22 10:10:55] SCORE AlphaZeroClue (gray0): Final=1210.3, Time=21.4, Moves(44)=96.9, Pins(7)=700.0, Dist=392.0, Win Bonus=0.0
[2026-05-22 10:10:55] SCORE Group7 (yellow): Final=1474.0, Time=78.4, Moves(49)=97.6, Pins(9)=900.0, Dist=398.0, Win Bonus=0.0
[2026-05-22 10:10:55] SCORE Gruppe 2 (purple): Final=1351.1, Time=80.5, Moves(48)=98.6, Pins(8)=800.0, Dist=372.0, Win Bonus=0.0
[2026-05-22 10:10:55] SCORE RL (red): Final=612.7, Time=60.1, Moves(48)=98.6, Pins(2)=200.0, Dist=254.0, Win Bonus=0.0
[2026-05-22 10:10:55] SCORE LosTurcos (blue): Final=851.8, Time=91.2, Moves(48)=98.6, Pins(3)=300.0, Dist=362.0, Win Bonus=0.0
[2026-05-22 10:10:55] ALL WRONG MOVES BY COLOUR: {'gray0': ['34 (turn timeout)', '82 (turn timeout)', '136 (turn timeout)', '154 (turn timeout)']}
[2026-05-22 10:10:55] MOVE 291: LosTurcos (blue) 73->83 [0.01ms]
[2026-05-22 10:10:55] SCORE PCS (lawn green): Final=629.4, Time=85.8, Moves(49)=97.6, Pins(1)=100.0, Dist=346.0, Win Bonus=0.0
[2026-05-22 10:10:55] SCORE AlphaZeroClue (gray0): Final=1210.3, Time=21.4, Moves(44)=96.9, Pins(7)=700.0, Dist=392.0, Win Bonus=0.0
[2026-05-22 10:10:55] SCORE Group7 (yellow): Final=1474.0, Time=78.4, Moves(49)=97.6, Pins(9)=900.0, Dist=398.0, Win Bonus=0.0
[2026-05-22 10:10:55] SCORE Gruppe 2 (purple): Final=1351.1, Time=80.5, Moves(48)=98.6, Pins(8)=800.0, Dist=372.0, Win Bonus=0.0
[2026-05-22 10:10:55] SCORE RL (red): Final=612.7, Time=60.1, Moves(48)=98.6, Pins(2)=200.0, Dist=254.0, Win Bonus=0.0
[2026-05-22 10:10:55] SCORE LosTurcos (blue): Final=852.6, Time=91.0, Moves(49)=97.6, Pins(3)=300.0, Dist=364.0, Win Bonus=0.0
[2026-05-22 10:10:55] ALL WRONG MOVES BY COLOUR: {'gray0': ['34 (turn timeout)', '82 (turn timeout)', '136 (turn timeout)', '154 (turn timeout)']}
[2026-05-22 10:10:57] MOVE 292: AlphaZeroClue (gray0) 21->22 [0.00ms]
[2026-05-22 10:10:57] SCORE PCS (lawn green): Final=629.4, Time=85.8, Moves(49)=97.6, Pins(1)=100.0, Dist=346.0, Win Bonus=0.0
[2026-05-22 10:10:57] SCORE AlphaZeroClue (gray0): Final=1211.5, Time=19.5, Moves(45)=100.0, Pins(7)=700.0, Dist=392.0, Win Bonus=0.0
[2026-05-22 10:10:57] SCORE Group7 (yellow): Final=1474.0, Time=78.4, Moves(49)=97.6, Pins(9)=900.0, Dist=398.0, Win Bonus=0.0
[2026-05-22 10:10:57] SCORE Gruppe 2 (purple): Final=1351.1, Time=80.5, Moves(48)=98.6, Pins(8)=800.0, Dist=372.0, Win Bonus=0.0
[2026-05-22 10:10:57] SCORE RL (red): Final=612.7, Time=60.1, Moves(48)=98.6, Pins(2)=200.0, Dist=254.0, Win Bonus=0.0
[2026-05-22 10:10:57] SCORE LosTurcos (blue): Final=852.6, Time=91.0, Moves(49)=97.6, Pins(3)=300.0, Dist=364.0, Win Bonus=0.0
[2026-05-22 10:10:57] ALL WRONG MOVES BY COLOUR: {'gray0': ['34 (turn timeout)', '82 (turn timeout)', '136 (turn timeout)', '154 (turn timeout)']}
[2026-05-22 10:10:58] MOVE 293: Gruppe 2 (purple) 27->38 [0.00ms]
[2026-05-22 10:10:58] SCORE PCS (lawn green): Final=629.4, Time=85.8, Moves(49)=97.6, Pins(1)=100.0, Dist=346.0, Win Bonus=0.0
[2026-05-22 10:10:58] SCORE AlphaZeroClue (gray0): Final=1211.5, Time=19.5, Moves(45)=100.0, Pins(7)=700.0, Dist=392.0, Win Bonus=0.0
[2026-05-22 10:10:58] SCORE Group7 (yellow): Final=1474.0, Time=78.4, Moves(49)=97.6, Pins(9)=900.0, Dist=398.0, Win Bonus=0.0
[2026-05-22 10:10:58] SCORE Gruppe 2 (purple): Final=1349.6, Time=80.0, Moves(49)=97.6, Pins(8)=800.0, Dist=372.0, Win Bonus=0.0
[2026-05-22 10:10:58] SCORE RL (red): Final=612.7, Time=60.1, Moves(48)=98.6, Pins(2)=200.0, Dist=254.0, Win Bonus=0.0
[2026-05-22 10:10:58] SCORE LosTurcos (blue): Final=852.6, Time=91.0, Moves(49)=97.6, Pins(3)=300.0, Dist=364.0, Win Bonus=0.0
[2026-05-22 10:10:58] ALL WRONG MOVES BY COLOUR: {'gray0': ['34 (turn timeout)', '82 (turn timeout)', '136 (turn timeout)', '154 (turn timeout)']}
[2026-05-22 10:10:58] MOVE 294: RL (red) 26->65 [0.00ms]
[2026-05-22 10:10:58] SCORE PCS (lawn green): Final=629.4, Time=85.8, Moves(49)=97.6, Pins(1)=100.0, Dist=346.0, Win Bonus=0.0
[2026-05-22 10:10:58] SCORE AlphaZeroClue (gray0): Final=1211.5, Time=19.5, Moves(45)=100.0, Pins(7)=700.0, Dist=392.0, Win Bonus=0.0
[2026-05-22 10:10:58] SCORE Group7 (yellow): Final=1474.0, Time=78.4, Moves(49)=97.6, Pins(9)=900.0, Dist=398.0, Win Bonus=0.0
[2026-05-22 10:10:58] SCORE Gruppe 2 (purple): Final=1349.6, Time=80.0, Moves(49)=97.6, Pins(8)=800.0, Dist=372.0, Win Bonus=0.0
[2026-05-22 10:10:58] SCORE RL (red): Final=603.0, Time=59.4, Moves(49)=97.6, Pins(2)=200.0, Dist=246.0, Win Bonus=0.0
[2026-05-22 10:10:58] SCORE LosTurcos (blue): Final=852.6, Time=91.0, Moves(49)=97.6, Pins(3)=300.0, Dist=364.0, Win Bonus=0.0
[2026-05-22 10:10:58] ALL WRONG MOVES BY COLOUR: {'gray0': ['34 (turn timeout)', '82 (turn timeout)', '136 (turn timeout)', '154 (turn timeout)']}
[2026-05-22 10:10:58] MOVE 295: PCS (lawn green) 58->77 [0.00ms]
[2026-05-22 10:10:58] SCORE PCS (lawn green): Final=631.8, Time=85.6, Moves(50)=96.2, Pins(1)=100.0, Dist=350.0, Win Bonus=0.0
[2026-05-22 10:10:58] SCORE AlphaZeroClue (gray0): Final=1211.5, Time=19.5, Moves(45)=100.0, Pins(7)=700.0, Dist=392.0, Win Bonus=0.0
[2026-05-22 10:10:58] SCORE Group7 (yellow): Final=1474.0, Time=78.4, Moves(49)=97.6, Pins(9)=900.0, Dist=398.0, Win Bonus=0.0
[2026-05-22 10:10:58] SCORE Gruppe 2 (purple): Final=1349.6, Time=80.0, Moves(49)=97.6, Pins(8)=800.0, Dist=372.0, Win Bonus=0.0
[2026-05-22 10:10:58] SCORE RL (red): Final=603.0, Time=59.4, Moves(49)=97.6, Pins(2)=200.0, Dist=246.0, Win Bonus=0.0
[2026-05-22 10:10:58] SCORE LosTurcos (blue): Final=852.6, Time=91.0, Moves(49)=97.6, Pins(3)=300.0, Dist=364.0, Win Bonus=0.0
[2026-05-22 10:10:58] ALL WRONG MOVES BY COLOUR: {'gray0': ['34 (turn timeout)', '82 (turn timeout)', '136 (turn timeout)', '154 (turn timeout)']}
[2026-05-22 10:10:59] MOVE 296: Group7 (yellow) 94->73 [0.01ms]
[2026-05-22 10:10:59] SCORE PCS (lawn green): Final=631.8, Time=85.6, Moves(50)=96.2, Pins(1)=100.0, Dist=350.0, Win Bonus=0.0
[2026-05-22 10:10:59] SCORE AlphaZeroClue (gray0): Final=1211.5, Time=19.5, Moves(45)=100.0, Pins(7)=700.0, Dist=392.0, Win Bonus=0.0
[2026-05-22 10:10:59] SCORE Group7 (yellow): Final=1472.2, Time=78.0, Moves(50)=96.2, Pins(9)=900.0, Dist=398.0, Win Bonus=0.0
[2026-05-22 10:10:59] SCORE Gruppe 2 (purple): Final=1349.6, Time=80.0, Moves(49)=97.6, Pins(8)=800.0, Dist=372.0, Win Bonus=0.0
[2026-05-22 10:10:59] SCORE RL (red): Final=603.0, Time=59.4, Moves(49)=97.6, Pins(2)=200.0, Dist=246.0, Win Bonus=0.0
[2026-05-22 10:10:59] SCORE LosTurcos (blue): Final=852.6, Time=91.0, Moves(49)=97.6, Pins(3)=300.0, Dist=364.0, Win Bonus=0.0
[2026-05-22 10:10:59] ALL WRONG MOVES BY COLOUR: {'gray0': ['34 (turn timeout)', '82 (turn timeout)', '136 (turn timeout)', '154 (turn timeout)']}
[2026-05-22 10:10:59] MOVE 297: LosTurcos (blue) 59->68 [0.00ms]
[2026-05-22 10:10:59] SCORE PCS (lawn green): Final=631.8, Time=85.6, Moves(50)=96.2, Pins(1)=100.0, Dist=350.0, Win Bonus=0.0
[2026-05-22 10:10:59] SCORE AlphaZeroClue (gray0): Final=1211.5, Time=19.5, Moves(45)=100.0, Pins(7)=700.0, Dist=392.0, Win Bonus=0.0
[2026-05-22 10:10:59] SCORE Group7 (yellow): Final=1472.2, Time=78.0, Moves(50)=96.2, Pins(9)=900.0, Dist=398.0, Win Bonus=0.0
[2026-05-22 10:10:59] SCORE Gruppe 2 (purple): Final=1349.6, Time=80.0, Moves(49)=97.6, Pins(8)=800.0, Dist=372.0, Win Bonus=0.0
[2026-05-22 10:10:59] SCORE RL (red): Final=603.0, Time=59.4, Moves(49)=97.6, Pins(2)=200.0, Dist=246.0, Win Bonus=0.0
[2026-05-22 10:10:59] SCORE LosTurcos (blue): Final=853.0, Time=90.8, Moves(50)=96.2, Pins(3)=300.0, Dist=366.0, Win Bonus=0.0
[2026-05-22 10:10:59] ALL WRONG MOVES BY COLOUR: {'gray0': ['34 (turn timeout)', '82 (turn timeout)', '136 (turn timeout)', '154 (turn timeout)']}
[2026-05-22 10:11:01] MOVE 298: AlphaZeroClue (gray0) 9->31 [0.00ms]
[2026-05-22 10:11:01] SCORE PCS (lawn green): Final=631.8, Time=85.6, Moves(50)=96.2, Pins(1)=100.0, Dist=350.0, Win Bonus=0.0
[2026-05-22 10:11:01] SCORE AlphaZeroClue (gray0): Final=1211.6, Time=17.8, Moves(46)=99.8, Pins(7)=700.0, Dist=394.0, Win Bonus=0.0
[2026-05-22 10:11:01] SCORE Group7 (yellow): Final=1472.2, Time=78.0, Moves(50)=96.2, Pins(9)=900.0, Dist=398.0, Win Bonus=0.0
[2026-05-22 10:11:01] SCORE Gruppe 2 (purple): Final=1349.6, Time=80.0, Moves(49)=97.6, Pins(8)=800.0, Dist=372.0, Win Bonus=0.0
[2026-05-22 10:11:01] SCORE RL (red): Final=603.0, Time=59.4, Moves(49)=97.6, Pins(2)=200.0, Dist=246.0, Win Bonus=0.0
[2026-05-22 10:11:01] SCORE LosTurcos (blue): Final=853.0, Time=90.8, Moves(50)=96.2, Pins(3)=300.0, Dist=366.0, Win Bonus=0.0
[2026-05-22 10:11:01] ALL WRONG MOVES BY COLOUR: {'gray0': ['34 (turn timeout)', '82 (turn timeout)', '136 (turn timeout)', '154 (turn timeout)']}
[2026-05-22 10:11:01] MOVE 299: Gruppe 2 (purple) 46->23 [0.00ms]
[2026-05-22 10:11:01] SCORE PCS (lawn green): Final=631.8, Time=85.6, Moves(50)=96.2, Pins(1)=100.0, Dist=350.0, Win Bonus=0.0
[2026-05-22 10:11:01] SCORE AlphaZeroClue (gray0): Final=1211.6, Time=17.8, Moves(46)=99.8, Pins(7)=700.0, Dist=394.0, Win Bonus=0.0
[2026-05-22 10:11:01] SCORE Group7 (yellow): Final=1472.2, Time=78.0, Moves(50)=96.2, Pins(9)=900.0, Dist=398.0, Win Bonus=0.0
[2026-05-22 10:11:01] SCORE Gruppe 2 (purple): Final=1347.7, Time=79.5, Moves(50)=96.2, Pins(8)=800.0, Dist=372.0, Win Bonus=0.0
[2026-05-22 10:11:01] SCORE RL (red): Final=603.0, Time=59.4, Moves(49)=97.6, Pins(2)=200.0, Dist=246.0, Win Bonus=0.0
[2026-05-22 10:11:01] SCORE LosTurcos (blue): Final=853.0, Time=90.8, Moves(50)=96.2, Pins(3)=300.0, Dist=366.0, Win Bonus=0.0
[2026-05-22 10:11:01] ALL WRONG MOVES BY COLOUR: {'gray0': ['34 (turn timeout)', '82 (turn timeout)', '136 (turn timeout)', '154 (turn timeout)']}
[2026-05-22 10:11:02] MOVE 300: RL (red) 8->9 [0.01ms]
[2026-05-22 10:11:02] SCORE PCS (lawn green): Final=631.8, Time=85.6, Moves(50)=96.2, Pins(1)=100.0, Dist=350.0, Win Bonus=0.0
[2026-05-22 10:11:02] SCORE AlphaZeroClue (gray0): Final=1211.6, Time=17.8, Moves(46)=99.8, Pins(7)=700.0, Dist=394.0, Win Bonus=0.0
[2026-05-22 10:11:02] SCORE Group7 (yellow): Final=1472.2, Time=78.0, Moves(50)=96.2, Pins(9)=900.0, Dist=398.0, Win Bonus=0.0
[2026-05-22 10:11:02] SCORE Gruppe 2 (purple): Final=1347.7, Time=79.5, Moves(50)=96.2, Pins(8)=800.0, Dist=372.0, Win Bonus=0.0
[2026-05-22 10:11:02] SCORE RL (red): Final=600.8, Time=58.6, Moves(50)=96.2, Pins(2)=200.0, Dist=246.0, Win Bonus=0.0
[2026-05-22 10:11:02] SCORE LosTurcos (blue): Final=853.0, Time=90.8, Moves(50)=96.2, Pins(3)=300.0, Dist=366.0, Win Bonus=0.0
[2026-05-22 10:11:02] ALL WRONG MOVES BY COLOUR: {'gray0': ['34 (turn timeout)', '82 (turn timeout)', '136 (turn timeout)', '154 (turn timeout)']}
[2026-05-22 10:11:02] MOVE 301: PCS (lawn green) 77->79 [0.01ms]
[2026-05-22 10:11:02] SCORE PCS (lawn green): Final=626.0, Time=85.4, Moves(51)=94.6, Pins(1)=100.0, Dist=346.0, Win Bonus=0.0
[2026-05-22 10:11:02] SCORE AlphaZeroClue (gray0): Final=1211.6, Time=17.8, Moves(46)=99.8, Pins(7)=700.0, Dist=394.0, Win Bonus=0.0
[2026-05-22 10:11:02] SCORE Group7 (yellow): Final=1472.2, Time=78.0, Moves(50)=96.2, Pins(9)=900.0, Dist=398.0, Win Bonus=0.0
[2026-05-22 10:11:02] SCORE Gruppe 2 (purple): Final=1347.7, Time=79.5, Moves(50)=96.2, Pins(8)=800.0, Dist=372.0, Win Bonus=0.0
[2026-05-22 10:11:02] SCORE RL (red): Final=600.8, Time=58.6, Moves(50)=96.2, Pins(2)=200.0, Dist=246.0, Win Bonus=0.0
[2026-05-22 10:11:02] SCORE LosTurcos (blue): Final=853.0, Time=90.8, Moves(50)=96.2, Pins(3)=300.0, Dist=366.0, Win Bonus=0.0
[2026-05-22 10:11:02] ALL WRONG MOVES BY COLOUR: {'gray0': ['34 (turn timeout)', '82 (turn timeout)', '136 (turn timeout)', '154 (turn timeout)']}
[2026-05-22 10:11:03] MOVE 302: Group7 (yellow) 73->94 [0.00ms]
[2026-05-22 10:11:03] SCORE PCS (lawn green): Final=626.0, Time=85.4, Moves(51)=94.6, Pins(1)=100.0, Dist=346.0, Win Bonus=0.0
[2026-05-22 10:11:03] SCORE AlphaZeroClue (gray0): Final=1211.6, Time=17.8, Moves(46)=99.8, Pins(7)=700.0, Dist=394.0, Win Bonus=0.0
[2026-05-22 10:11:03] SCORE Group7 (yellow): Final=1470.2, Time=77.6, Moves(51)=94.6, Pins(9)=900.0, Dist=398.0, Win Bonus=0.0
[2026-05-22 10:11:03] SCORE Gruppe 2 (purple): Final=1347.7, Time=79.5, Moves(50)=96.2, Pins(8)=800.0, Dist=372.0, Win Bonus=0.0
[2026-05-22 10:11:03] SCORE RL (red): Final=600.8, Time=58.6, Moves(50)=96.2, Pins(2)=200.0, Dist=246.0, Win Bonus=0.0
[2026-05-22 10:11:03] SCORE LosTurcos (blue): Final=853.0, Time=90.8, Moves(50)=96.2, Pins(3)=300.0, Dist=366.0, Win Bonus=0.0
[2026-05-22 10:11:03] ALL WRONG MOVES BY COLOUR: {'gray0': ['34 (turn timeout)', '82 (turn timeout)', '136 (turn timeout)', '154 (turn timeout)']}
[2026-05-22 10:11:03] MOVE 303: LosTurcos (blue) 69->90 [0.00ms]
[2026-05-22 10:11:03] SCORE PCS (lawn green): Final=626.0, Time=85.4, Moves(51)=94.6, Pins(1)=100.0, Dist=346.0, Win Bonus=0.0
[2026-05-22 10:11:03] SCORE AlphaZeroClue (gray0): Final=1211.6, Time=17.8, Moves(46)=99.8, Pins(7)=700.0, Dist=394.0, Win Bonus=0.0
[2026-05-22 10:11:03] SCORE Group7 (yellow): Final=1470.2, Time=77.6, Moves(51)=94.6, Pins(9)=900.0, Dist=398.0, Win Bonus=0.0
[2026-05-22 10:11:03] SCORE Gruppe 2 (purple): Final=1347.7, Time=79.5, Moves(50)=96.2, Pins(8)=800.0, Dist=372.0, Win Bonus=0.0
[2026-05-22 10:11:03] SCORE RL (red): Final=600.8, Time=58.6, Moves(50)=96.2, Pins(2)=200.0, Dist=246.0, Win Bonus=0.0
[2026-05-22 10:11:03] SCORE LosTurcos (blue): Final=855.2, Time=90.6, Moves(51)=94.6, Pins(3)=300.0, Dist=370.0, Win Bonus=0.0
[2026-05-22 10:11:03] ALL WRONG MOVES BY COLOUR: {'gray0': ['34 (turn timeout)', '82 (turn timeout)', '136 (turn timeout)', '154 (turn timeout)']}
[2026-05-22 10:11:05] MOVE 304: AlphaZeroClue (gray0) 19->32 [0.00ms]
[2026-05-22 10:11:05] SCORE PCS (lawn green): Final=626.0, Time=85.4, Moves(51)=94.6, Pins(1)=100.0, Dist=346.0, Win Bonus=0.0
[2026-05-22 10:11:05] SCORE AlphaZeroClue (gray0): Final=1209.3, Time=16.0, Moves(47)=99.4, Pins(7)=700.0, Dist=394.0, Win Bonus=0.0
[2026-05-22 10:11:05] SCORE Group7 (yellow): Final=1470.2, Time=77.6, Moves(51)=94.6, Pins(9)=900.0, Dist=398.0, Win Bonus=0.0
[2026-05-22 10:11:05] SCORE Gruppe 2 (purple): Final=1347.7, Time=79.5, Moves(50)=96.2, Pins(8)=800.0, Dist=372.0, Win Bonus=0.0
[2026-05-22 10:11:05] SCORE RL (red): Final=600.8, Time=58.6, Moves(50)=96.2, Pins(2)=200.0, Dist=246.0, Win Bonus=0.0
[2026-05-22 10:11:05] SCORE LosTurcos (blue): Final=855.2, Time=90.6, Moves(51)=94.6, Pins(3)=300.0, Dist=370.0, Win Bonus=0.0
[2026-05-22 10:11:05] ALL WRONG MOVES BY COLOUR: {'gray0': ['34 (turn timeout)', '82 (turn timeout)', '136 (turn timeout)', '154 (turn timeout)']}
[2026-05-22 10:11:05] MOVE 305: Gruppe 2 (purple) 38->26 [0.00ms]
[2026-05-22 10:11:05] SCORE PCS (lawn green): Final=626.0, Time=85.4, Moves(51)=94.6, Pins(1)=100.0, Dist=346.0, Win Bonus=0.0
[2026-05-22 10:11:05] SCORE AlphaZeroClue (gray0): Final=1209.3, Time=16.0, Moves(47)=99.4, Pins(7)=700.0, Dist=394.0, Win Bonus=0.0
[2026-05-22 10:11:05] SCORE Group7 (yellow): Final=1470.2, Time=77.6, Moves(51)=94.6, Pins(9)=900.0, Dist=398.0, Win Bonus=0.0
[2026-05-22 10:11:05] SCORE Gruppe 2 (purple): Final=1347.7, Time=79.1, Moves(51)=94.6, Pins(8)=800.0, Dist=374.0, Win Bonus=0.0
[2026-05-22 10:11:05] SCORE RL (red): Final=600.8, Time=58.6, Moves(50)=96.2, Pins(2)=200.0, Dist=246.0, Win Bonus=0.0
[2026-05-22 10:11:05] SCORE LosTurcos (blue): Final=855.2, Time=90.6, Moves(51)=94.6, Pins(3)=300.0, Dist=370.0, Win Bonus=0.0
[2026-05-22 10:11:05] ALL WRONG MOVES BY COLOUR: {'gray0': ['34 (turn timeout)', '82 (turn timeout)', '136 (turn timeout)', '154 (turn timeout)']}
[2026-05-22 10:11:06] MOVE 306: RL (red) 9->17 [0.00ms]
[2026-05-22 10:11:06] SCORE PCS (lawn green): Final=626.0, Time=85.4, Moves(51)=94.6, Pins(1)=100.0, Dist=346.0, Win Bonus=0.0
[2026-05-22 10:11:06] SCORE AlphaZeroClue (gray0): Final=1209.3, Time=16.0, Moves(47)=99.4, Pins(7)=700.0, Dist=394.0, Win Bonus=0.0
[2026-05-22 10:11:06] SCORE Group7 (yellow): Final=1470.2, Time=77.6, Moves(51)=94.6, Pins(9)=900.0, Dist=398.0, Win Bonus=0.0
[2026-05-22 10:11:06] SCORE Gruppe 2 (purple): Final=1347.7, Time=79.1, Moves(51)=94.6, Pins(8)=800.0, Dist=374.0, Win Bonus=0.0
[2026-05-22 10:11:06] SCORE RL (red): Final=496.4, Time=57.8, Moves(51)=94.6, Pins(1)=100.0, Dist=244.0, Win Bonus=0.0
[2026-05-22 10:11:06] SCORE LosTurcos (blue): Final=855.2, Time=90.6, Moves(51)=94.6, Pins(3)=300.0, Dist=370.0, Win Bonus=0.0
[2026-05-22 10:11:06] ALL WRONG MOVES BY COLOUR: {'gray0': ['34 (turn timeout)', '82 (turn timeout)', '136 (turn timeout)', '154 (turn timeout)']}
[2026-05-22 10:11:06] MOVE 307: PCS (lawn green) 79->77 [0.00ms]
[2026-05-22 10:11:06] SCORE PCS (lawn green): Final=628.0, Time=85.3, Moves(52)=92.7, Pins(1)=100.0, Dist=350.0, Win Bonus=0.0
[2026-05-22 10:11:06] SCORE AlphaZeroClue (gray0): Final=1209.3, Time=16.0, Moves(47)=99.4, Pins(7)=700.0, Dist=394.0, Win Bonus=0.0
[2026-05-22 10:11:06] SCORE Group7 (yellow): Final=1470.2, Time=77.6, Moves(51)=94.6, Pins(9)=900.0, Dist=398.0, Win Bonus=0.0
[2026-05-22 10:11:06] SCORE Gruppe 2 (purple): Final=1347.7, Time=79.1, Moves(51)=94.6, Pins(8)=800.0, Dist=374.0, Win Bonus=0.0
[2026-05-22 10:11:06] SCORE RL (red): Final=496.4, Time=57.8, Moves(51)=94.6, Pins(1)=100.0, Dist=244.0, Win Bonus=0.0
[2026-05-22 10:11:06] SCORE LosTurcos (blue): Final=855.2, Time=90.6, Moves(51)=94.6, Pins(3)=300.0, Dist=370.0, Win Bonus=0.0
[2026-05-22 10:11:06] ALL WRONG MOVES BY COLOUR: {'gray0': ['34 (turn timeout)', '82 (turn timeout)', '136 (turn timeout)', '154 (turn timeout)']}
[2026-05-22 10:11:07] MOVE 308: Group7 (yellow) 94->73 [0.00ms]
[2026-05-22 10:11:07] SCORE PCS (lawn green): Final=628.0, Time=85.3, Moves(52)=92.7, Pins(1)=100.0, Dist=350.0, Win Bonus=0.0
[2026-05-22 10:11:07] SCORE AlphaZeroClue (gray0): Final=1209.3, Time=16.0, Moves(47)=99.4, Pins(7)=700.0, Dist=394.0, Win Bonus=0.0
[2026-05-22 10:11:07] SCORE Group7 (yellow): Final=1467.8, Time=77.1, Moves(52)=92.7, Pins(9)=900.0, Dist=398.0, Win Bonus=0.0
[2026-05-22 10:11:07] SCORE Gruppe 2 (purple): Final=1347.7, Time=79.1, Moves(51)=94.6, Pins(8)=800.0, Dist=374.0, Win Bonus=0.0
[2026-05-22 10:11:07] SCORE RL (red): Final=496.4, Time=57.8, Moves(51)=94.6, Pins(1)=100.0, Dist=244.0, Win Bonus=0.0
[2026-05-22 10:11:07] SCORE LosTurcos (blue): Final=855.2, Time=90.6, Moves(51)=94.6, Pins(3)=300.0, Dist=370.0, Win Bonus=0.0
[2026-05-22 10:11:07] ALL WRONG MOVES BY COLOUR: {'gray0': ['34 (turn timeout)', '82 (turn timeout)', '136 (turn timeout)', '154 (turn timeout)']}
[2026-05-22 10:11:07] MOVE 309: LosTurcos (blue) 68->79 [0.00ms]
[2026-05-22 10:11:07] SCORE PCS (lawn green): Final=628.0, Time=85.3, Moves(52)=92.7, Pins(1)=100.0, Dist=350.0, Win Bonus=0.0
[2026-05-22 10:11:07] SCORE AlphaZeroClue (gray0): Final=1209.3, Time=16.0, Moves(47)=99.4, Pins(7)=700.0, Dist=394.0, Win Bonus=0.0
[2026-05-22 10:11:07] SCORE Group7 (yellow): Final=1467.8, Time=77.1, Moves(52)=92.7, Pins(9)=900.0, Dist=398.0, Win Bonus=0.0
[2026-05-22 10:11:07] SCORE Gruppe 2 (purple): Final=1347.7, Time=79.1, Moves(51)=94.6, Pins(8)=800.0, Dist=374.0, Win Bonus=0.0
[2026-05-22 10:11:07] SCORE RL (red): Final=496.4, Time=57.8, Moves(51)=94.6, Pins(1)=100.0, Dist=244.0, Win Bonus=0.0
[2026-05-22 10:11:07] SCORE LosTurcos (blue): Final=855.2, Time=90.5, Moves(52)=92.7, Pins(3)=300.0, Dist=372.0, Win Bonus=0.0
[2026-05-22 10:11:07] ALL WRONG MOVES BY COLOUR: {'gray0': ['34 (turn timeout)', '82 (turn timeout)', '136 (turn timeout)', '154 (turn timeout)']}
[2026-05-22 10:11:08] MOVE 310: AlphaZeroClue (gray0) 31->19 [0.00ms]
[2026-05-22 10:11:08] SCORE PCS (lawn green): Final=628.0, Time=85.3, Moves(52)=92.7, Pins(1)=100.0, Dist=350.0, Win Bonus=0.0
[2026-05-22 10:11:08] SCORE AlphaZeroClue (gray0): Final=1308.9, Time=14.3, Moves(48)=98.6, Pins(8)=800.0, Dist=396.0, Win Bonus=0.0
[2026-05-22 10:11:08] SCORE Group7 (yellow): Final=1467.8, Time=77.1, Moves(52)=92.7, Pins(9)=900.0, Dist=398.0, Win Bonus=0.0
[2026-05-22 10:11:08] SCORE Gruppe 2 (purple): Final=1347.7, Time=79.1, Moves(51)=94.6, Pins(8)=800.0, Dist=374.0, Win Bonus=0.0
[2026-05-22 10:11:08] SCORE RL (red): Final=496.4, Time=57.8, Moves(51)=94.6, Pins(1)=100.0, Dist=244.0, Win Bonus=0.0
[2026-05-22 10:11:08] SCORE LosTurcos (blue): Final=855.2, Time=90.5, Moves(52)=92.7, Pins(3)=300.0, Dist=372.0, Win Bonus=0.0
[2026-05-22 10:11:08] ALL WRONG MOVES BY COLOUR: {'gray0': ['34 (turn timeout)', '82 (turn timeout)', '136 (turn timeout)', '154 (turn timeout)']}
[2026-05-22 10:11:09] MOVE 311: Gruppe 2 (purple) 35->46 [0.01ms]
[2026-05-22 10:11:09] SCORE PCS (lawn green): Final=628.0, Time=85.3, Moves(52)=92.7, Pins(1)=100.0, Dist=350.0, Win Bonus=0.0
[2026-05-22 10:11:09] SCORE AlphaZeroClue (gray0): Final=1308.9, Time=14.3, Moves(48)=98.6, Pins(8)=800.0, Dist=396.0, Win Bonus=0.0
[2026-05-22 10:11:09] SCORE Group7 (yellow): Final=1467.8, Time=77.1, Moves(52)=92.7, Pins(9)=900.0, Dist=398.0, Win Bonus=0.0
[2026-05-22 10:11:09] SCORE Gruppe 2 (purple): Final=1345.5, Time=78.8, Moves(52)=92.7, Pins(8)=800.0, Dist=374.0, Win Bonus=0.0
[2026-05-22 10:11:09] SCORE RL (red): Final=496.4, Time=57.8, Moves(51)=94.6, Pins(1)=100.0, Dist=244.0, Win Bonus=0.0
[2026-05-22 10:11:09] SCORE LosTurcos (blue): Final=855.2, Time=90.5, Moves(52)=92.7, Pins(3)=300.0, Dist=372.0, Win Bonus=0.0
[2026-05-22 10:11:09] ALL WRONG MOVES BY COLOUR: {'gray0': ['34 (turn timeout)', '82 (turn timeout)', '136 (turn timeout)', '154 (turn timeout)']}
[2026-05-22 10:11:09] MOVE 312: RL (red) 17->9 [0.00ms]
[2026-05-22 10:11:09] SCORE PCS (lawn green): Final=628.0, Time=85.3, Moves(52)=92.7, Pins(1)=100.0, Dist=350.0, Win Bonus=0.0
[2026-05-22 10:11:09] SCORE AlphaZeroClue (gray0): Final=1308.9, Time=14.3, Moves(48)=98.6, Pins(8)=800.0, Dist=396.0, Win Bonus=0.0
[2026-05-22 10:11:09] SCORE Group7 (yellow): Final=1467.8, Time=77.1, Moves(52)=92.7, Pins(9)=900.0, Dist=398.0, Win Bonus=0.0
[2026-05-22 10:11:09] SCORE Gruppe 2 (purple): Final=1345.5, Time=78.8, Moves(52)=92.7, Pins(8)=800.0, Dist=374.0, Win Bonus=0.0
[2026-05-22 10:11:09] SCORE RL (red): Final=595.8, Time=57.1, Moves(52)=92.7, Pins(2)=200.0, Dist=246.0, Win Bonus=0.0
[2026-05-22 10:11:09] SCORE LosTurcos (blue): Final=855.2, Time=90.5, Moves(52)=92.7, Pins(3)=300.0, Dist=372.0, Win Bonus=0.0
[2026-05-22 10:11:09] ALL WRONG MOVES BY COLOUR: {'gray0': ['34 (turn timeout)', '82 (turn timeout)', '136 (turn timeout)', '154 (turn timeout)']}
[2026-05-22 10:11:10] MOVE 313: PCS (lawn green) 77->76 [0.01ms]
[2026-05-22 10:11:10] SCORE PCS (lawn green): Final=727.3, Time=84.7, Moves(53)=90.6, Pins(2)=200.0, Dist=352.0, Win Bonus=0.0
[2026-05-22 10:11:10] SCORE AlphaZeroClue (gray0): Final=1308.9, Time=14.3, Moves(48)=98.6, Pins(8)=800.0, Dist=396.0, Win Bonus=0.0
[2026-05-22 10:11:10] SCORE Group7 (yellow): Final=1467.8, Time=77.1, Moves(52)=92.7, Pins(9)=900.0, Dist=398.0, Win Bonus=0.0
[2026-05-22 10:11:10] SCORE Gruppe 2 (purple): Final=1345.5, Time=78.8, Moves(52)=92.7, Pins(8)=800.0, Dist=374.0, Win Bonus=0.0
[2026-05-22 10:11:10] SCORE RL (red): Final=595.8, Time=57.1, Moves(52)=92.7, Pins(2)=200.0, Dist=246.0, Win Bonus=0.0
[2026-05-22 10:11:10] SCORE LosTurcos (blue): Final=855.2, Time=90.5, Moves(52)=92.7, Pins(3)=300.0, Dist=372.0, Win Bonus=0.0
[2026-05-22 10:11:10] ALL WRONG MOVES BY COLOUR: {'gray0': ['34 (turn timeout)', '82 (turn timeout)', '136 (turn timeout)', '154 (turn timeout)']}
[2026-05-22 10:11:10] MOVE 314: Group7 (yellow) 73->94 [0.00ms]
[2026-05-22 10:11:10] SCORE PCS (lawn green): Final=727.3, Time=84.7, Moves(53)=90.6, Pins(2)=200.0, Dist=352.0, Win Bonus=0.0
[2026-05-22 10:11:10] SCORE AlphaZeroClue (gray0): Final=1308.9, Time=14.3, Moves(48)=98.6, Pins(8)=800.0, Dist=396.0, Win Bonus=0.0
[2026-05-22 10:11:10] SCORE Group7 (yellow): Final=1465.3, Time=76.7, Moves(53)=90.6, Pins(9)=900.0, Dist=398.0, Win Bonus=0.0
[2026-05-22 10:11:10] SCORE Gruppe 2 (purple): Final=1345.5, Time=78.8, Moves(52)=92.7, Pins(8)=800.0, Dist=374.0, Win Bonus=0.0
[2026-05-22 10:11:10] SCORE RL (red): Final=595.8, Time=57.1, Moves(52)=92.7, Pins(2)=200.0, Dist=246.0, Win Bonus=0.0
[2026-05-22 10:11:10] SCORE LosTurcos (blue): Final=855.2, Time=90.5, Moves(52)=92.7, Pins(3)=300.0, Dist=372.0, Win Bonus=0.0
[2026-05-22 10:11:10] ALL WRONG MOVES BY COLOUR: {'gray0': ['34 (turn timeout)', '82 (turn timeout)', '136 (turn timeout)', '154 (turn timeout)']}
[2026-05-22 10:11:11] MOVE 315: LosTurcos (blue) 119->120 [0.00ms]
[2026-05-22 10:11:11] SCORE PCS (lawn green): Final=727.3, Time=84.7, Moves(53)=90.6, Pins(2)=200.0, Dist=352.0, Win Bonus=0.0
[2026-05-22 10:11:11] SCORE AlphaZeroClue (gray0): Final=1308.9, Time=14.3, Moves(48)=98.6, Pins(8)=800.0, Dist=396.0, Win Bonus=0.0
[2026-05-22 10:11:11] SCORE Group7 (yellow): Final=1465.3, Time=76.7, Moves(53)=90.6, Pins(9)=900.0, Dist=398.0, Win Bonus=0.0
[2026-05-22 10:11:11] SCORE Gruppe 2 (purple): Final=1345.5, Time=78.8, Moves(52)=92.7, Pins(8)=800.0, Dist=374.0, Win Bonus=0.0
[2026-05-22 10:11:11] SCORE RL (red): Final=595.8, Time=57.1, Moves(52)=92.7, Pins(2)=200.0, Dist=246.0, Win Bonus=0.0
[2026-05-22 10:11:11] SCORE LosTurcos (blue): Final=852.8, Time=90.2, Moves(53)=90.6, Pins(3)=300.0, Dist=372.0, Win Bonus=0.0
[2026-05-22 10:11:11] ALL WRONG MOVES BY COLOUR: {'gray0': ['34 (turn timeout)', '82 (turn timeout)', '136 (turn timeout)', '154 (turn timeout)']}
[2026-05-22 10:11:11] MOVE 316: AlphaZeroClue (gray0) 64->54 [0.01ms]
[2026-05-22 10:11:11] SCORE PCS (lawn green): Final=727.3, Time=84.7, Moves(53)=90.6, Pins(2)=200.0, Dist=352.0, Win Bonus=0.0
[2026-05-22 10:11:11] SCORE AlphaZeroClue (gray0): Final=1307.6, Time=14.1, Moves(49)=97.6, Pins(8)=800.0, Dist=396.0, Win Bonus=0.0
[2026-05-22 10:11:11] SCORE Group7 (yellow): Final=1465.3, Time=76.7, Moves(53)=90.6, Pins(9)=900.0, Dist=398.0, Win Bonus=0.0
[2026-05-22 10:11:11] SCORE Gruppe 2 (purple): Final=1345.5, Time=78.8, Moves(52)=92.7, Pins(8)=800.0, Dist=374.0, Win Bonus=0.0
[2026-05-22 10:11:11] SCORE RL (red): Final=595.8, Time=57.1, Moves(52)=92.7, Pins(2)=200.0, Dist=246.0, Win Bonus=0.0
[2026-05-22 10:11:11] SCORE LosTurcos (blue): Final=852.8, Time=90.2, Moves(53)=90.6, Pins(3)=300.0, Dist=372.0, Win Bonus=0.0
[2026-05-22 10:11:11] ALL WRONG MOVES BY COLOUR: {'gray0': ['34 (turn timeout)', '82 (turn timeout)', '136 (turn timeout)', '154 (turn timeout)']}
[2026-05-22 10:11:11] MOVE 317: Gruppe 2 (purple) 26->14 [0.01ms]
[2026-05-22 10:11:11] SCORE PCS (lawn green): Final=727.3, Time=84.7, Moves(53)=90.6, Pins(2)=200.0, Dist=352.0, Win Bonus=0.0
[2026-05-22 10:11:11] SCORE AlphaZeroClue (gray0): Final=1307.6, Time=14.1, Moves(49)=97.6, Pins(8)=800.0, Dist=396.0, Win Bonus=0.0
[2026-05-22 10:11:11] SCORE Group7 (yellow): Final=1465.3, Time=76.7, Moves(53)=90.6, Pins(9)=900.0, Dist=398.0, Win Bonus=0.0
[2026-05-22 10:11:11] SCORE Gruppe 2 (purple): Final=1342.8, Time=78.2, Moves(53)=90.6, Pins(8)=800.0, Dist=374.0, Win Bonus=0.0
[2026-05-22 10:11:11] SCORE RL (red): Final=595.8, Time=57.1, Moves(52)=92.7, Pins(2)=200.0, Dist=246.0, Win Bonus=0.0
[2026-05-22 10:11:11] SCORE LosTurcos (blue): Final=852.8, Time=90.2, Moves(53)=90.6, Pins(3)=300.0, Dist=372.0, Win Bonus=0.0
[2026-05-22 10:11:11] ALL WRONG MOVES BY COLOUR: {'gray0': ['34 (turn timeout)', '82 (turn timeout)', '136 (turn timeout)', '154 (turn timeout)']}
[2026-05-22 10:11:12] MOVE 318: RL (red) 9->31 [0.01ms]
[2026-05-22 10:11:12] SCORE PCS (lawn green): Final=727.3, Time=84.7, Moves(53)=90.6, Pins(2)=200.0, Dist=352.0, Win Bonus=0.0
[2026-05-22 10:11:12] SCORE AlphaZeroClue (gray0): Final=1307.6, Time=14.1, Moves(49)=97.6, Pins(8)=800.0, Dist=396.0, Win Bonus=0.0
[2026-05-22 10:11:12] SCORE Group7 (yellow): Final=1465.3, Time=76.7, Moves(53)=90.6, Pins(9)=900.0, Dist=398.0, Win Bonus=0.0
[2026-05-22 10:11:12] SCORE Gruppe 2 (purple): Final=1342.8, Time=78.2, Moves(53)=90.6, Pins(8)=800.0, Dist=374.0, Win Bonus=0.0
[2026-05-22 10:11:12] SCORE RL (red): Final=488.9, Time=56.3, Moves(53)=90.6, Pins(1)=100.0, Dist=242.0, Win Bonus=0.0
[2026-05-22 10:11:12] SCORE LosTurcos (blue): Final=852.8, Time=90.2, Moves(53)=90.6, Pins(3)=300.0, Dist=372.0, Win Bonus=0.0
[2026-05-22 10:11:12] ALL WRONG MOVES BY COLOUR: {'gray0': ['34 (turn timeout)', '82 (turn timeout)', '136 (turn timeout)', '154 (turn timeout)']}
[2026-05-22 10:11:13] MOVE 319: PCS (lawn green) 61->59 [0.00ms]
[2026-05-22 10:11:13] SCORE PCS (lawn green): Final=728.5, Time=84.2, Moves(54)=88.2, Pins(2)=200.0, Dist=356.0, Win Bonus=0.0
[2026-05-22 10:11:13] SCORE AlphaZeroClue (gray0): Final=1307.6, Time=14.1, Moves(49)=97.6, Pins(8)=800.0, Dist=396.0, Win Bonus=0.0
[2026-05-22 10:11:13] SCORE Group7 (yellow): Final=1465.3, Time=76.7, Moves(53)=90.6, Pins(9)=900.0, Dist=398.0, Win Bonus=0.0
[2026-05-22 10:11:13] SCORE Gruppe 2 (purple): Final=1342.8, Time=78.2, Moves(53)=90.6, Pins(8)=800.0, Dist=374.0, Win Bonus=0.0
[2026-05-22 10:11:13] SCORE RL (red): Final=488.9, Time=56.3, Moves(53)=90.6, Pins(1)=100.0, Dist=242.0, Win Bonus=0.0
[2026-05-22 10:11:13] SCORE LosTurcos (blue): Final=852.8, Time=90.2, Moves(53)=90.6, Pins(3)=300.0, Dist=372.0, Win Bonus=0.0
[2026-05-22 10:11:13] ALL WRONG MOVES BY COLOUR: {'gray0': ['34 (turn timeout)', '82 (turn timeout)', '136 (turn timeout)', '154 (turn timeout)']}
[2026-05-22 10:11:13] MOVE 320: Group7 (yellow) 94->73 [0.00ms]
[2026-05-22 10:11:13] SCORE PCS (lawn green): Final=728.5, Time=84.2, Moves(54)=88.2, Pins(2)=200.0, Dist=356.0, Win Bonus=0.0
[2026-05-22 10:11:13] SCORE AlphaZeroClue (gray0): Final=1307.6, Time=14.1, Moves(49)=97.6, Pins(8)=800.0, Dist=396.0, Win Bonus=0.0
[2026-05-22 10:11:13] SCORE Group7 (yellow): Final=1462.5, Time=76.2, Moves(54)=88.2, Pins(9)=900.0, Dist=398.0, Win Bonus=0.0
[2026-05-22 10:11:13] SCORE Gruppe 2 (purple): Final=1342.8, Time=78.2, Moves(53)=90.6, Pins(8)=800.0, Dist=374.0, Win Bonus=0.0
[2026-05-22 10:11:13] SCORE RL (red): Final=488.9, Time=56.3, Moves(53)=90.6, Pins(1)=100.0, Dist=242.0, Win Bonus=0.0
[2026-05-22 10:11:13] SCORE LosTurcos (blue): Final=852.8, Time=90.2, Moves(53)=90.6, Pins(3)=300.0, Dist=372.0, Win Bonus=0.0
[2026-05-22 10:11:13] ALL WRONG MOVES BY COLOUR: {'gray0': ['34 (turn timeout)', '82 (turn timeout)', '136 (turn timeout)', '154 (turn timeout)']}
[2026-05-22 10:11:14] MOVE 321: LosTurcos (blue) 83->94 [0.01ms]
[2026-05-22 10:11:14] SCORE PCS (lawn green): Final=728.5, Time=84.2, Moves(54)=88.2, Pins(2)=200.0, Dist=356.0, Win Bonus=0.0
[2026-05-22 10:11:14] SCORE AlphaZeroClue (gray0): Final=1307.6, Time=14.1, Moves(49)=97.6, Pins(8)=800.0, Dist=396.0, Win Bonus=0.0
[2026-05-22 10:11:14] SCORE Group7 (yellow): Final=1462.5, Time=76.2, Moves(54)=88.2, Pins(9)=900.0, Dist=398.0, Win Bonus=0.0
[2026-05-22 10:11:14] SCORE Gruppe 2 (purple): Final=1342.8, Time=78.2, Moves(53)=90.6, Pins(8)=800.0, Dist=374.0, Win Bonus=0.0
[2026-05-22 10:11:14] SCORE RL (red): Final=488.9, Time=56.3, Moves(53)=90.6, Pins(1)=100.0, Dist=242.0, Win Bonus=0.0
[2026-05-22 10:11:14] SCORE LosTurcos (blue): Final=852.2, Time=89.9, Moves(54)=88.2, Pins(3)=300.0, Dist=374.0, Win Bonus=0.0
[2026-05-22 10:11:14] ALL WRONG MOVES BY COLOUR: {'gray0': ['34 (turn timeout)', '82 (turn timeout)', '136 (turn timeout)', '154 (turn timeout)']}
[2026-05-22 10:11:14] MOVE 322: AlphaZeroClue (gray0) 54->44 [0.00ms]
[2026-05-22 10:11:14] SCORE PCS (lawn green): Final=728.5, Time=84.2, Moves(54)=88.2, Pins(2)=200.0, Dist=356.0, Win Bonus=0.0
[2026-05-22 10:11:14] SCORE AlphaZeroClue (gray0): Final=1408.2, Time=14.0, Moves(50)=96.2, Pins(9)=900.0, Dist=398.0, Win Bonus=0.0
[2026-05-22 10:11:14] SCORE Group7 (yellow): Final=1462.5, Time=76.2, Moves(54)=88.2, Pins(9)=900.0, Dist=398.0, Win Bonus=0.0
[2026-05-22 10:11:14] SCORE Gruppe 2 (purple): Final=1342.8, Time=78.2, Moves(53)=90.6, Pins(8)=800.0, Dist=374.0, Win Bonus=0.0
[2026-05-22 10:11:14] SCORE RL (red): Final=488.9, Time=56.3, Moves(53)=90.6, Pins(1)=100.0, Dist=242.0, Win Bonus=0.0
[2026-05-22 10:11:14] SCORE LosTurcos (blue): Final=852.2, Time=89.9, Moves(54)=88.2, Pins(3)=300.0, Dist=374.0, Win Bonus=0.0
[2026-05-22 10:11:14] ALL WRONG MOVES BY COLOUR: {'gray0': ['34 (turn timeout)', '82 (turn timeout)', '136 (turn timeout)', '154 (turn timeout)']}
[2026-05-22 10:11:14] MOVE 323: Gruppe 2 (purple) 12->10 [0.00ms]
[2026-05-22 10:11:14] SCORE PCS (lawn green): Final=728.5, Time=84.2, Moves(54)=88.2, Pins(2)=200.0, Dist=356.0, Win Bonus=0.0
[2026-05-22 10:11:14] SCORE AlphaZeroClue (gray0): Final=1408.2, Time=14.0, Moves(50)=96.2, Pins(9)=900.0, Dist=398.0, Win Bonus=0.0
[2026-05-22 10:11:14] SCORE Group7 (yellow): Final=1462.5, Time=76.2, Moves(54)=88.2, Pins(9)=900.0, Dist=398.0, Win Bonus=0.0
[2026-05-22 10:11:14] SCORE Gruppe 2 (purple): Final=1340.3, Time=78.1, Moves(54)=88.2, Pins(8)=800.0, Dist=374.0, Win Bonus=0.0
[2026-05-22 10:11:14] SCORE RL (red): Final=488.9, Time=56.3, Moves(53)=90.6, Pins(1)=100.0, Dist=242.0, Win Bonus=0.0
[2026-05-22 10:11:14] SCORE LosTurcos (blue): Final=852.2, Time=89.9, Moves(54)=88.2, Pins(3)=300.0, Dist=374.0, Win Bonus=0.0
[2026-05-22 10:11:14] ALL WRONG MOVES BY COLOUR: {'gray0': ['34 (turn timeout)', '82 (turn timeout)', '136 (turn timeout)', '154 (turn timeout)']}
[2026-05-22 10:11:14] MOVE 324: RL (red) 31->30 [0.00ms]
[2026-05-22 10:11:14] SCORE PCS (lawn green): Final=728.5, Time=84.2, Moves(54)=88.2, Pins(2)=200.0, Dist=356.0, Win Bonus=0.0
[2026-05-22 10:11:14] SCORE AlphaZeroClue (gray0): Final=1408.2, Time=14.0, Moves(50)=96.2, Pins(9)=900.0, Dist=398.0, Win Bonus=0.0
[2026-05-22 10:11:14] SCORE Group7 (yellow): Final=1462.5, Time=76.2, Moves(54)=88.2, Pins(9)=900.0, Dist=398.0, Win Bonus=0.0
[2026-05-22 10:11:14] SCORE Gruppe 2 (purple): Final=1340.3, Time=78.1, Moves(54)=88.2, Pins(8)=800.0, Dist=374.0, Win Bonus=0.0
[2026-05-22 10:11:14] SCORE RL (red): Final=485.8, Time=55.6, Moves(54)=88.2, Pins(1)=100.0, Dist=242.0, Win Bonus=0.0
[2026-05-22 10:11:15] SCORE LosTurcos (blue): Final=852.2, Time=89.9, Moves(54)=88.2, Pins(3)=300.0, Dist=374.0, Win Bonus=0.0
[2026-05-22 10:11:15] ALL WRONG MOVES BY COLOUR: {'gray0': ['34 (turn timeout)', '82 (turn timeout)', '136 (turn timeout)', '154 (turn timeout)']}
[2026-05-22 10:11:15] MOVE 325: PCS (lawn green) 76->75 [0.00ms]
[2026-05-22 10:11:15] SCORE PCS (lawn green): Final=725.4, Time=83.7, Moves(55)=85.7, Pins(2)=200.0, Dist=356.0, Win Bonus=0.0
[2026-05-22 10:11:15] SCORE AlphaZeroClue (gray0): Final=1408.2, Time=14.0, Moves(50)=96.2, Pins(9)=900.0, Dist=398.0, Win Bonus=0.0
[2026-05-22 10:11:15] SCORE Group7 (yellow): Final=1462.5, Time=76.2, Moves(54)=88.2, Pins(9)=900.0, Dist=398.0, Win Bonus=0.0
[2026-05-22 10:11:15] SCORE Gruppe 2 (purple): Final=1340.3, Time=78.1, Moves(54)=88.2, Pins(8)=800.0, Dist=374.0, Win Bonus=0.0
[2026-05-22 10:11:15] SCORE RL (red): Final=485.8, Time=55.6, Moves(54)=88.2, Pins(1)=100.0, Dist=242.0, Win Bonus=0.0
[2026-05-22 10:11:15] SCORE LosTurcos (blue): Final=852.2, Time=89.9, Moves(54)=88.2, Pins(3)=300.0, Dist=374.0, Win Bonus=0.0
[2026-05-22 10:11:15] ALL WRONG MOVES BY COLOUR: {'gray0': ['34 (turn timeout)', '82 (turn timeout)', '136 (turn timeout)', '154 (turn timeout)']}
[2026-05-22 10:11:15] MOVE 326: Group7 (yellow) 73->64 [0.00ms]
[2026-05-22 10:11:15] SCORE PCS (lawn green): Final=725.4, Time=83.7, Moves(55)=85.7, Pins(2)=200.0, Dist=356.0, Win Bonus=0.0
[2026-05-22 10:11:15] SCORE AlphaZeroClue (gray0): Final=1408.2, Time=14.0, Moves(50)=96.2, Pins(9)=900.0, Dist=398.0, Win Bonus=0.0
[2026-05-22 10:11:15] SCORE Group7 (yellow): Final=1459.5, Time=75.8, Moves(55)=85.7, Pins(9)=900.0, Dist=398.0, Win Bonus=0.0
[2026-05-22 10:11:15] SCORE Gruppe 2 (purple): Final=1340.3, Time=78.1, Moves(54)=88.2, Pins(8)=800.0, Dist=374.0, Win Bonus=0.0
[2026-05-22 10:11:15] SCORE RL (red): Final=485.8, Time=55.6, Moves(54)=88.2, Pins(1)=100.0, Dist=242.0, Win Bonus=0.0
[2026-05-22 10:11:15] SCORE LosTurcos (blue): Final=852.2, Time=89.9, Moves(54)=88.2, Pins(3)=300.0, Dist=374.0, Win Bonus=0.0
[2026-05-22 10:11:15] ALL WRONG MOVES BY COLOUR: {'gray0': ['34 (turn timeout)', '82 (turn timeout)', '136 (turn timeout)', '154 (turn timeout)']}
[2026-05-22 10:11:16] MOVE 327: LosTurcos (blue) 114->119 [0.01ms]
[2026-05-22 10:11:16] SCORE PCS (lawn green): Final=725.4, Time=83.7, Moves(55)=85.7, Pins(2)=200.0, Dist=356.0, Win Bonus=0.0
[2026-05-22 10:11:16] SCORE AlphaZeroClue (gray0): Final=1408.2, Time=14.0, Moves(50)=96.2, Pins(9)=900.0, Dist=398.0, Win Bonus=0.0
[2026-05-22 10:11:16] SCORE Group7 (yellow): Final=1459.5, Time=75.8, Moves(55)=85.7, Pins(9)=900.0, Dist=398.0, Win Bonus=0.0
[2026-05-22 10:11:16] SCORE Gruppe 2 (purple): Final=1340.3, Time=78.1, Moves(54)=88.2, Pins(8)=800.0, Dist=374.0, Win Bonus=0.0
[2026-05-22 10:11:16] SCORE RL (red): Final=485.8, Time=55.6, Moves(54)=88.2, Pins(1)=100.0, Dist=242.0, Win Bonus=0.0
[2026-05-22 10:11:16] SCORE LosTurcos (blue): Final=849.4, Time=89.7, Moves(55)=85.7, Pins(3)=300.0, Dist=374.0, Win Bonus=0.0
[2026-05-22 10:11:16] ALL WRONG MOVES BY COLOUR: {'gray0': ['34 (turn timeout)', '82 (turn timeout)', '136 (turn timeout)', '154 (turn timeout)']}
[2026-05-22 10:11:16] MOVE 328: AlphaZeroClue (gray0) 20->21 [0.00ms]
[2026-05-22 10:11:16] SCORE PCS (lawn green): Final=725.4, Time=83.7, Moves(55)=85.7, Pins(2)=200.0, Dist=356.0, Win Bonus=0.0
[2026-05-22 10:11:16] SCORE AlphaZeroClue (gray0): Final=1406.4, Time=13.8, Moves(51)=94.6, Pins(9)=900.0, Dist=398.0, Win Bonus=0.0
[2026-05-22 10:11:16] SCORE Group7 (yellow): Final=1459.5, Time=75.8, Moves(55)=85.7, Pins(9)=900.0, Dist=398.0, Win Bonus=0.0
[2026-05-22 10:11:16] SCORE Gruppe 2 (purple): Final=1340.3, Time=78.1, Moves(54)=88.2, Pins(8)=800.0, Dist=374.0, Win Bonus=0.0
[2026-05-22 10:11:16] SCORE RL (red): Final=485.8, Time=55.6, Moves(54)=88.2, Pins(1)=100.0, Dist=242.0, Win Bonus=0.0
[2026-05-22 10:11:16] SCORE LosTurcos (blue): Final=849.4, Time=89.7, Moves(55)=85.7, Pins(3)=300.0, Dist=374.0, Win Bonus=0.0
[2026-05-22 10:11:16] ALL WRONG MOVES BY COLOUR: {'gray0': ['34 (turn timeout)', '82 (turn timeout)', '136 (turn timeout)', '154 (turn timeout)']}
[2026-05-22 10:11:16] MOVE 329: Gruppe 2 (purple) 14->35 [0.00ms]
[2026-05-22 10:11:16] SCORE PCS (lawn green): Final=725.4, Time=83.7, Moves(55)=85.7, Pins(2)=200.0, Dist=356.0, Win Bonus=0.0
[2026-05-22 10:11:16] SCORE AlphaZeroClue (gray0): Final=1406.4, Time=13.8, Moves(51)=94.6, Pins(9)=900.0, Dist=398.0, Win Bonus=0.0
[2026-05-22 10:11:16] SCORE Group7 (yellow): Final=1459.5, Time=75.8, Moves(55)=85.7, Pins(9)=900.0, Dist=398.0, Win Bonus=0.0
[2026-05-22 10:11:16] SCORE Gruppe 2 (purple): Final=1439.5, Time=77.8, Moves(55)=85.7, Pins(9)=900.0, Dist=376.0, Win Bonus=0.0
[2026-05-22 10:11:16] SCORE RL (red): Final=485.8, Time=55.6, Moves(54)=88.2, Pins(1)=100.0, Dist=242.0, Win Bonus=0.0
[2026-05-22 10:11:16] SCORE LosTurcos (blue): Final=849.4, Time=89.7, Moves(55)=85.7, Pins(3)=300.0, Dist=374.0, Win Bonus=0.0
[2026-05-22 10:11:16] ALL WRONG MOVES BY COLOUR: {'gray0': ['34 (turn timeout)', '82 (turn timeout)', '136 (turn timeout)', '154 (turn timeout)']}
[2026-05-22 10:11:17] MOVE 330: RL (red) 65->67 [0.00ms]
[2026-05-22 10:11:17] SCORE PCS (lawn green): Final=725.4, Time=83.7, Moves(55)=85.7, Pins(2)=200.0, Dist=356.0, Win Bonus=0.0
[2026-05-22 10:11:17] SCORE AlphaZeroClue (gray0): Final=1406.4, Time=13.8, Moves(51)=94.6, Pins(9)=900.0, Dist=398.0, Win Bonus=0.0
[2026-05-22 10:11:17] SCORE Group7 (yellow): Final=1459.5, Time=75.8, Moves(55)=85.7, Pins(9)=900.0, Dist=398.0, Win Bonus=0.0
[2026-05-22 10:11:17] SCORE Gruppe 2 (purple): Final=1439.5, Time=77.8, Moves(55)=85.7, Pins(9)=900.0, Dist=376.0, Win Bonus=0.0
[2026-05-22 10:11:17] SCORE RL (red): Final=482.6, Time=54.9, Moves(55)=85.7, Pins(1)=100.0, Dist=242.0, Win Bonus=0.0
[2026-05-22 10:11:17] SCORE LosTurcos (blue): Final=849.4, Time=89.7, Moves(55)=85.7, Pins(3)=300.0, Dist=374.0, Win Bonus=0.0
[2026-05-22 10:11:17] ALL WRONG MOVES BY COLOUR: {'gray0': ['34 (turn timeout)', '82 (turn timeout)', '136 (turn timeout)', '154 (turn timeout)']}
[2026-05-22 10:11:17] MOVE 331: PCS (lawn green) 78->77 [0.00ms]
[2026-05-22 10:11:17] SCORE PCS (lawn green): Final=724.4, Time=83.4, Moves(56)=83.0, Pins(2)=200.0, Dist=358.0, Win Bonus=0.0
[2026-05-22 10:11:17] SCORE AlphaZeroClue (gray0): Final=1406.4, Time=13.8, Moves(51)=94.6, Pins(9)=900.0, Dist=398.0, Win Bonus=0.0
[2026-05-22 10:11:17] SCORE Group7 (yellow): Final=1459.5, Time=75.8, Moves(55)=85.7, Pins(9)=900.0, Dist=398.0, Win Bonus=0.0
[2026-05-22 10:11:17] SCORE Gruppe 2 (purple): Final=1439.5, Time=77.8, Moves(55)=85.7, Pins(9)=900.0, Dist=376.0, Win Bonus=0.0
[2026-05-22 10:11:17] SCORE RL (red): Final=482.6, Time=54.9, Moves(55)=85.7, Pins(1)=100.0, Dist=242.0, Win Bonus=0.0
[2026-05-22 10:11:17] SCORE LosTurcos (blue): Final=849.4, Time=89.7, Moves(55)=85.7, Pins(3)=300.0, Dist=374.0, Win Bonus=0.0
[2026-05-22 10:11:17] ALL WRONG MOVES BY COLOUR: {'gray0': ['34 (turn timeout)', '82 (turn timeout)', '136 (turn timeout)', '154 (turn timeout)']}
[2026-05-22 10:11:17] MOVE 332: Group7 (yellow) 64->73 [0.00ms]
[2026-05-22 10:11:17] SCORE PCS (lawn green): Final=724.4, Time=83.4, Moves(56)=83.0, Pins(2)=200.0, Dist=358.0, Win Bonus=0.0
[2026-05-22 10:11:17] SCORE AlphaZeroClue (gray0): Final=1406.4, Time=13.8, Moves(51)=94.6, Pins(9)=900.0, Dist=398.0, Win Bonus=0.0
[2026-05-22 10:11:17] SCORE Group7 (yellow): Final=1456.5, Time=75.5, Moves(56)=83.0, Pins(9)=900.0, Dist=398.0, Win Bonus=0.0
[2026-05-22 10:11:17] SCORE Gruppe 2 (purple): Final=1439.5, Time=77.8, Moves(55)=85.7, Pins(9)=900.0, Dist=376.0, Win Bonus=0.0
[2026-05-22 10:11:17] SCORE RL (red): Final=482.6, Time=54.9, Moves(55)=85.7, Pins(1)=100.0, Dist=242.0, Win Bonus=0.0
[2026-05-22 10:11:17] SCORE LosTurcos (blue): Final=849.4, Time=89.7, Moves(55)=85.7, Pins(3)=300.0, Dist=374.0, Win Bonus=0.0
[2026-05-22 10:11:17] ALL WRONG MOVES BY COLOUR: {'gray0': ['34 (turn timeout)', '82 (turn timeout)', '136 (turn timeout)', '154 (turn timeout)']}
[2026-05-22 10:11:18] MOVE 333: LosTurcos (blue) 90->114 [0.00ms]
[2026-05-22 10:11:18] SCORE PCS (lawn green): Final=724.4, Time=83.4, Moves(56)=83.0, Pins(2)=200.0, Dist=358.0, Win Bonus=0.0
[2026-05-22 10:11:18] SCORE AlphaZeroClue (gray0): Final=1406.4, Time=13.8, Moves(51)=94.6, Pins(9)=900.0, Dist=398.0, Win Bonus=0.0
[2026-05-22 10:11:18] SCORE Group7 (yellow): Final=1456.5, Time=75.5, Moves(56)=83.0, Pins(9)=900.0, Dist=398.0, Win Bonus=0.0
[2026-05-22 10:11:18] SCORE Gruppe 2 (purple): Final=1439.5, Time=77.8, Moves(55)=85.7, Pins(9)=900.0, Dist=376.0, Win Bonus=0.0
[2026-05-22 10:11:18] SCORE RL (red): Final=482.6, Time=54.9, Moves(55)=85.7, Pins(1)=100.0, Dist=242.0, Win Bonus=0.0
[2026-05-22 10:11:18] SCORE LosTurcos (blue): Final=950.5, Time=89.5, Moves(56)=83.0, Pins(4)=400.0, Dist=378.0, Win Bonus=0.0
[2026-05-22 10:11:18] ALL WRONG MOVES BY COLOUR: {'gray0': ['34 (turn timeout)', '82 (turn timeout)', '136 (turn timeout)', '154 (turn timeout)']}
[2026-05-22 10:11:18] MOVE 334: AlphaZeroClue (gray0) 18->20 [0.00ms]
[2026-05-22 10:11:18] SCORE PCS (lawn green): Final=724.4, Time=83.4, Moves(56)=83.0, Pins(2)=200.0, Dist=358.0, Win Bonus=0.0
[2026-05-22 10:11:18] SCORE AlphaZeroClue (gray0): Final=2506.4, Time=13.7, Moves(52)=92.7, Pins(10)=1000.0, Dist=400.0, Win Bonus=1000.0
[2026-05-22 10:11:18] SCORE Group7 (yellow): Final=1456.5, Time=75.5, Moves(56)=83.0, Pins(9)=900.0, Dist=398.0, Win Bonus=0.0
[2026-05-22 10:11:18] SCORE Gruppe 2 (purple): Final=1439.5, Time=77.8, Moves(55)=85.7, Pins(9)=900.0, Dist=376.0, Win Bonus=0.0
[2026-05-22 10:11:18] SCORE RL (red): Final=482.6, Time=54.9, Moves(55)=85.7, Pins(1)=100.0, Dist=242.0, Win Bonus=0.0
[2026-05-22 10:11:18] SCORE LosTurcos (blue): Final=950.5, Time=89.5, Moves(56)=83.0, Pins(4)=400.0, Dist=378.0, Win Bonus=0.0
[2026-05-22 10:11:18] ALL WRONG MOVES BY COLOUR: {'gray0': ['34 (turn timeout)', '82 (turn timeout)', '136 (turn timeout)', '154 (turn timeout)']}
[2026-05-22 10:14:46] SCORE PCS (lawn green): Final=724.4, Time=83.4, Moves(56)=83.0, Pins(2)=200.0, Dist=358.0, Win Bonus=0.0
[2026-05-22 10:14:46] SCORE AlphaZeroClue (gray0): Final=2506.4, Time=13.7, Moves(52)=92.7, Pins(10)=1000.0, Dist=400.0, Win Bonus=1000.0
[2026-05-22 10:14:46] SCORE Group7 (yellow): Final=1456.5, Time=75.5, Moves(56)=83.0, Pins(9)=900.0, Dist=398.0, Win Bonus=0.0
[2026-05-22 10:14:46] SCORE Gruppe 2 (purple): Final=1439.5, Time=77.8, Moves(55)=85.7, Pins(9)=900.0, Dist=376.0, Win Bonus=0.0
[2026-05-22 10:14:46] SCORE RL (red): Final=482.6, Time=54.9, Moves(55)=85.7, Pins(1)=100.0, Dist=242.0, Win Bonus=0.0
[2026-05-22 10:14:46] SCORE LosTurcos (blue): Final=950.5, Time=89.5, Moves(56)=83.0, Pins(4)=400.0, Dist=378.0, Win Bonus=0.0
[2026-05-22 10:14:46] ALL WRONG MOVES BY COLOUR: {'gray0': ['34 (turn timeout)', '82 (turn timeout)', '136 (turn timeout)', '154 (turn timeout)']}
[2026-05-22 10:14:46] GAME TIME LIMIT REACHED.
[2026-05-22 10:14:46] SCORE PCS (lawn green): Final=724.4, Time=83.4, Moves(56)=83.0, Pins(2)=200.0, Dist=358.0, Win Bonus=0.0
[2026-05-22 10:14:46] SCORE AlphaZeroClue (gray0): Final=2506.4, Time=13.7, Moves(52)=92.7, Pins(10)=1000.0, Dist=400.0, Win Bonus=1000.0
[2026-05-22 10:14:46] SCORE Group7 (yellow): Final=1456.5, Time=75.5, Moves(56)=83.0, Pins(9)=900.0, Dist=398.0, Win Bonus=0.0
[2026-05-22 10:14:46] SCORE Gruppe 2 (purple): Final=1439.5, Time=77.8, Moves(55)=85.7, Pins(9)=900.0, Dist=376.0, Win Bonus=0.0
[2026-05-22 10:14:46] SCORE RL (red): Final=482.6, Time=54.9, Moves(55)=85.7, Pins(1)=100.0, Dist=242.0, Win Bonus=0.0
[2026-05-22 10:14:46] SCORE LosTurcos (blue): Final=950.5, Time=89.5, Moves(56)=83.0, Pins(4)=400.0, Dist=378.0, Win Bonus=0.0
[2026-05-22 10:14:46] ALL WRONG MOVES BY COLOUR: {'gray0': ['34 (turn timeout)', '82 (turn timeout)', '136 (turn timeout)', '154 (turn timeout)']}
[2026-05-22 10:14:47] GAME TIME LIMIT REACHED.
[2026-05-22 10:14:47] SCORE PCS (lawn green): Final=724.4, Time=83.4, Moves(56)=83.0, Pins(2)=200.0, Dist=358.0, Win Bonus=0.0
[2026-05-22 10:14:47] SCORE AlphaZeroClue (gray0): Final=2506.4, Time=13.7, Moves(52)=92.7, Pins(10)=1000.0, Dist=400.0, Win Bonus=1000.0
[2026-05-22 10:14:47] SCORE Group7 (yellow): Final=1456.5, Time=75.5, Moves(56)=83.0, Pins(9)=900.0, Dist=398.0, Win Bonus=0.0
[2026-05-22 10:14:47] SCORE Gruppe 2 (purple): Final=1439.5, Time=77.8, Moves(55)=85.7, Pins(9)=900.0, Dist=376.0, Win Bonus=0.0
[2026-05-22 10:14:47] SCORE RL (red): Final=482.6, Time=54.9, Moves(55)=85.7, Pins(1)=100.0, Dist=242.0, Win Bonus=0.0
[2026-05-22 10:14:47] SCORE LosTurcos (blue): Final=950.5, Time=89.5, Moves(56)=83.0, Pins(4)=400.0, Dist=378.0, Win Bonus=0.0
[2026-05-22 10:14:47] ALL WRONG MOVES BY COLOUR: {'gray0': ['34 (turn timeout)', '82 (turn timeout)', '136 (turn timeout)', '154 (turn timeout)']}
[2026-05-22 10:14:47] GAME TIME LIMIT REACHED.
[2026-05-22 10:14:47] SCORE PCS (lawn green): Final=724.4, Time=83.4, Moves(56)=83.0, Pins(2)=200.0, Dist=358.0, Win Bonus=0.0
[2026-05-22 10:14:47] SCORE AlphaZeroClue (gray0): Final=2506.4, Time=13.7, Moves(52)=92.7, Pins(10)=1000.0, Dist=400.0, Win Bonus=1000.0
[2026-05-22 10:14:47] SCORE Group7 (yellow): Final=1456.5, Time=75.5, Moves(56)=83.0, Pins(9)=900.0, Dist=398.0, Win Bonus=0.0
[2026-05-22 10:14:47] SCORE Gruppe 2 (purple): Final=1439.5, Time=77.8, Moves(55)=85.7, Pins(9)=900.0, Dist=376.0, Win Bonus=0.0
[2026-05-22 10:14:47] SCORE RL (red): Final=482.6, Time=54.9, Moves(55)=85.7, Pins(1)=100.0, Dist=242.0, Win Bonus=0.0
[2026-05-22 10:14:47] SCORE LosTurcos (blue): Final=950.5, Time=89.5, Moves(56)=83.0, Pins(4)=400.0, Dist=378.0, Win Bonus=0.0
[2026-05-22 10:14:47] ALL WRONG MOVES BY COLOUR: {'gray0': ['34 (turn timeout)', '82 (turn timeout)', '136 (turn timeout)', '154 (turn timeout)']}
[2026-05-22 10:14:47] GAME TIME LIMIT REACHED.
[2026-05-22 10:14:47] SCORE PCS (lawn green): Final=724.4, Time=83.4, Moves(56)=83.0, Pins(2)=200.0, Dist=358.0, Win Bonus=0.0
[2026-05-22 10:14:47] SCORE AlphaZeroClue (gray0): Final=2506.4, Time=13.7, Moves(52)=92.7, Pins(10)=1000.0, Dist=400.0, Win Bonus=1000.0
[2026-05-22 10:14:47] SCORE Group7 (yellow): Final=1456.5, Time=75.5, Moves(56)=83.0, Pins(9)=900.0, Dist=398.0, Win Bonus=0.0
[2026-05-22 10:14:47] SCORE Gruppe 2 (purple): Final=1439.5, Time=77.8, Moves(55)=85.7, Pins(9)=900.0, Dist=376.0, Win Bonus=0.0
[2026-05-22 10:14:47] SCORE RL (red): Final=482.6, Time=54.9, Moves(55)=85.7, Pins(1)=100.0, Dist=242.0, Win Bonus=0.0
[2026-05-22 10:14:47] SCORE LosTurcos (blue): Final=950.5, Time=89.5, Moves(56)=83.0, Pins(4)=400.0, Dist=378.0, Win Bonus=0.0
[2026-05-22 10:14:47] ALL WRONG MOVES BY COLOUR: {'gray0': ['34 (turn timeout)', '82 (turn timeout)', '136 (turn timeout)', '154 (turn timeout)']}
[2026-05-22 10:14:47] GAME TIME LIMIT REACHED.
[2026-05-22 10:14:47] SCORE PCS (lawn green): Final=724.4, Time=83.4, Moves(56)=83.0, Pins(2)=200.0, Dist=358.0, Win Bonus=0.0
[2026-05-22 10:14:47] SCORE AlphaZeroClue (gray0): Final=2506.4, Time=13.7, Moves(52)=92.7, Pins(10)=1000.0, Dist=400.0, Win Bonus=1000.0
[2026-05-22 10:14:47] SCORE Group7 (yellow): Final=1456.5, Time=75.5, Moves(56)=83.0, Pins(9)=900.0, Dist=398.0, Win Bonus=0.0
[2026-05-22 10:14:47] SCORE Gruppe 2 (purple): Final=1439.5, Time=77.8, Moves(55)=85.7, Pins(9)=900.0, Dist=376.0, Win Bonus=0.0
[2026-05-22 10:14:47] SCORE RL (red): Final=482.6, Time=54.9, Moves(55)=85.7, Pins(1)=100.0, Dist=242.0, Win Bonus=0.0
[2026-05-22 10:14:47] SCORE LosTurcos (blue): Final=950.5, Time=89.5, Moves(56)=83.0, Pins(4)=400.0, Dist=378.0, Win Bonus=0.0
[2026-05-22 10:14:47] ALL WRONG MOVES BY COLOUR: {'gray0': ['34 (turn timeout)', '82 (turn timeout)', '136 (turn timeout)', '154 (turn timeout)']}
[2026-05-22 10:14:47] GAME TIME LIMIT REACHED.
[2026-05-22 10:14:48] SCORE PCS (lawn green): Final=724.4, Time=83.4, Moves(56)=83.0, Pins(2)=200.0, Dist=358.0, Win Bonus=0.0
[2026-05-22 10:14:48] SCORE AlphaZeroClue (gray0): Final=2506.4, Time=13.7, Moves(52)=92.7, Pins(10)=1000.0, Dist=400.0, Win Bonus=1000.0
[2026-05-22 10:14:48] SCORE Group7 (yellow): Final=1456.5, Time=75.5, Moves(56)=83.0, Pins(9)=900.0, Dist=398.0, Win Bonus=0.0
[2026-05-22 10:14:48] SCORE Gruppe 2 (purple): Final=1439.5, Time=77.8, Moves(55)=85.7, Pins(9)=900.0, Dist=376.0, Win Bonus=0.0
[2026-05-22 10:14:48] SCORE RL (red): Final=482.6, Time=54.9, Moves(55)=85.7, Pins(1)=100.0, Dist=242.0, Win Bonus=0.0
[2026-05-22 10:14:48] SCORE LosTurcos (blue): Final=950.5, Time=89.5, Moves(56)=83.0, Pins(4)=400.0, Dist=378.0, Win Bonus=0.0
[2026-05-22 10:14:48] ALL WRONG MOVES BY COLOUR: {'gray0': ['34 (turn timeout)', '82 (turn timeout)', '136 (turn timeout)', '154 (turn timeout)']}
[2026-05-22 10:14:48] GAME TIME LIMIT REACHED.
[2026-05-22 10:14:48] SCORE PCS (lawn green): Final=724.4, Time=83.4, Moves(56)=83.0, Pins(2)=200.0, Dist=358.0, Win Bonus=0.0
[2026-05-22 10:14:48] SCORE AlphaZeroClue (gray0): Final=2506.4, Time=13.7, Moves(52)=92.7, Pins(10)=1000.0, Dist=400.0, Win Bonus=1000.0
[2026-05-22 10:14:48] SCORE Group7 (yellow): Final=1456.5, Time=75.5, Moves(56)=83.0, Pins(9)=900.0, Dist=398.0, Win Bonus=0.0
[2026-05-22 10:14:48] SCORE Gruppe 2 (purple): Final=1439.5, Time=77.8, Moves(55)=85.7, Pins(9)=900.0, Dist=376.0, Win Bonus=0.0
[2026-05-22 10:14:48] SCORE RL (red): Final=482.6, Time=54.9, Moves(55)=85.7, Pins(1)=100.0, Dist=242.0, Win Bonus=0.0
[2026-05-22 10:14:48] SCORE LosTurcos (blue): Final=950.5, Time=89.5, Moves(56)=83.0, Pins(4)=400.0, Dist=378.0, Win Bonus=0.0
[2026-05-22 10:14:48] ALL WRONG MOVES BY COLOUR: {'gray0': ['34 (turn timeout)', '82 (turn timeout)', '136 (turn timeout)', '154 (turn timeout)']}
[2026-05-22 10:14:48] GAME TIME LIMIT REACHED.
[2026-05-22 10:14:48] SCORE PCS (lawn green): Final=724.4, Time=83.4, Moves(56)=83.0, Pins(2)=200.0, Dist=358.0, Win Bonus=0.0
[2026-05-22 10:14:48] SCORE AlphaZeroClue (gray0): Final=2506.4, Time=13.7, Moves(52)=92.7, Pins(10)=1000.0, Dist=400.0, Win Bonus=1000.0
[2026-05-22 10:14:48] SCORE Group7 (yellow): Final=1456.5, Time=75.5, Moves(56)=83.0, Pins(9)=900.0, Dist=398.0, Win Bonus=0.0
[2026-05-22 10:14:48] SCORE Gruppe 2 (purple): Final=1439.5, Time=77.8, Moves(55)=85.7, Pins(9)=900.0, Dist=376.0, Win Bonus=0.0
[2026-05-22 10:14:48] SCORE RL (red): Final=482.6, Time=54.9, Moves(55)=85.7, Pins(1)=100.0, Dist=242.0, Win Bonus=0.0
[2026-05-22 10:14:48] SCORE LosTurcos (blue): Final=950.5, Time=89.5, Moves(56)=83.0, Pins(4)=400.0, Dist=378.0, Win Bonus=0.0
[2026-05-22 10:14:48] ALL WRONG MOVES BY COLOUR: {'gray0': ['34 (turn timeout)', '82 (turn timeout)', '136 (turn timeout)', '154 (turn timeout)']}
[2026-05-22 10:14:48] GAME TIME LIMIT REACHED.
[2026-05-22 10:14:48] SCORE PCS (lawn green): Final=724.4, Time=83.4, Moves(56)=83.0, Pins(2)=200.0, Dist=358.0, Win Bonus=0.0
[2026-05-22 10:14:48] SCORE AlphaZeroClue (gray0): Final=2506.4, Time=13.7, Moves(52)=92.7, Pins(10)=1000.0, Dist=400.0, Win Bonus=1000.0
[2026-05-22 10:14:48] SCORE Group7 (yellow): Final=1456.5, Time=75.5, Moves(56)=83.0, Pins(9)=900.0, Dist=398.0, Win Bonus=0.0
[2026-05-22 10:14:48] SCORE Gruppe 2 (purple): Final=1439.5, Time=77.8, Moves(55)=85.7, Pins(9)=900.0, Dist=376.0, Win Bonus=0.0
[2026-05-22 10:14:48] SCORE RL (red): Final=482.6, Time=54.9, Moves(55)=85.7, Pins(1)=100.0, Dist=242.0, Win Bonus=0.0
[2026-05-22 10:14:48] SCORE LosTurcos (blue): Final=950.5, Time=89.5, Moves(56)=83.0, Pins(4)=400.0, Dist=378.0, Win Bonus=0.0
[2026-05-22 10:14:48] ALL WRONG MOVES BY COLOUR: {'gray0': ['34 (turn timeout)', '82 (turn timeout)', '136 (turn timeout)', '154 (turn timeout)']}
[2026-05-22 10:14:49] GAME TIME LIMIT REACHED.
[2026-05-22 10:14:49] SCORE PCS (lawn green): Final=724.4, Time=83.4, Moves(56)=83.0, Pins(2)=200.0, Dist=358.0, Win Bonus=0.0
[2026-05-22 10:14:49] SCORE AlphaZeroClue (gray0): Final=2506.4, Time=13.7, Moves(52)=92.7, Pins(10)=1000.0, Dist=400.0, Win Bonus=1000.0
[2026-05-22 10:14:49] SCORE Group7 (yellow): Final=1456.5, Time=75.5, Moves(56)=83.0, Pins(9)=900.0, Dist=398.0, Win Bonus=0.0
[2026-05-22 10:14:49] SCORE Gruppe 2 (purple): Final=1439.5, Time=77.8, Moves(55)=85.7, Pins(9)=900.0, Dist=376.0, Win Bonus=0.0
[2026-05-22 10:14:49] SCORE RL (red): Final=482.6, Time=54.9, Moves(55)=85.7, Pins(1)=100.0, Dist=242.0, Win Bonus=0.0
[2026-05-22 10:14:49] SCORE LosTurcos (blue): Final=950.5, Time=89.5, Moves(56)=83.0, Pins(4)=400.0, Dist=378.0, Win Bonus=0.0
[2026-05-22 10:14:49] ALL WRONG MOVES BY COLOUR: {'gray0': ['34 (turn timeout)', '82 (turn timeout)', '136 (turn timeout)', '154 (turn timeout)']}
[2026-05-22 10:14:49] GAME TIME LIMIT REACHED.
[2026-05-22 10:14:49] SCORE PCS (lawn green): Final=724.4, Time=83.4, Moves(56)=83.0, Pins(2)=200.0, Dist=358.0, Win Bonus=0.0
[2026-05-22 10:14:49] SCORE AlphaZeroClue (gray0): Final=2506.4, Time=13.7, Moves(52)=92.7, Pins(10)=1000.0, Dist=400.0, Win Bonus=1000.0
[2026-05-22 10:14:49] SCORE Group7 (yellow): Final=1456.5, Time=75.5, Moves(56)=83.0, Pins(9)=900.0, Dist=398.0, Win Bonus=0.0
[2026-05-22 10:14:49] SCORE Gruppe 2 (purple): Final=1439.5, Time=77.8, Moves(55)=85.7, Pins(9)=900.0, Dist=376.0, Win Bonus=0.0
[2026-05-22 10:14:49] SCORE RL (red): Final=482.6, Time=54.9, Moves(55)=85.7, Pins(1)=100.0, Dist=242.0, Win Bonus=0.0
[2026-05-22 10:14:49] SCORE LosTurcos (blue): Final=950.5, Time=89.5, Moves(56)=83.0, Pins(4)=400.0, Dist=378.0, Win Bonus=0.0
[2026-05-22 10:14:49] ALL WRONG MOVES BY COLOUR: {'gray0': ['34 (turn timeout)', '82 (turn timeout)', '136 (turn timeout)', '154 (turn timeout)']}
[2026-05-22 10:14:49] GAME TIME LIMIT REACHED.
[2026-05-22 10:14:49] SCORE PCS (lawn green): Final=724.4, Time=83.4, Moves(56)=83.0, Pins(2)=200.0, Dist=358.0, Win Bonus=0.0
[2026-05-22 10:14:49] SCORE AlphaZeroClue (gray0): Final=2506.4, Time=13.7, Moves(52)=92.7, Pins(10)=1000.0, Dist=400.0, Win Bonus=1000.0
[2026-05-22 10:14:49] SCORE Group7 (yellow): Final=1456.5, Time=75.5, Moves(56)=83.0, Pins(9)=900.0, Dist=398.0, Win Bonus=0.0
[2026-05-22 10:14:49] SCORE Gruppe 2 (purple): Final=1439.5, Time=77.8, Moves(55)=85.7, Pins(9)=900.0, Dist=376.0, Win Bonus=0.0
[2026-05-22 10:14:49] SCORE RL (red): Final=482.6, Time=54.9, Moves(55)=85.7, Pins(1)=100.0, Dist=242.0, Win Bonus=0.0
[2026-05-22 10:14:49] SCORE LosTurcos (blue): Final=950.5, Time=89.5, Moves(56)=83.0, Pins(4)=400.0, Dist=378.0, Win Bonus=0.0
[2026-05-22 10:14:49] ALL WRONG MOVES BY COLOUR: {'gray0': ['34 (turn timeout)', '82 (turn timeout)', '136 (turn timeout)', '154 (turn timeout)']}
[2026-05-22 10:14:49] GAME TIME LIMIT REACHED.
[2026-05-22 10:14:49] SCORE PCS (lawn green): Final=724.4, Time=83.4, Moves(56)=83.0, Pins(2)=200.0, Dist=358.0, Win Bonus=0.0
[2026-05-22 10:14:49] SCORE AlphaZeroClue (gray0): Final=2506.4, Time=13.7, Moves(52)=92.7, Pins(10)=1000.0, Dist=400.0, Win Bonus=1000.0
[2026-05-22 10:14:49] SCORE Group7 (yellow): Final=1456.5, Time=75.5, Moves(56)=83.0, Pins(9)=900.0, Dist=398.0, Win Bonus=0.0
[2026-05-22 10:14:49] SCORE Gruppe 2 (purple): Final=1439.5, Time=77.8, Moves(55)=85.7, Pins(9)=900.0, Dist=376.0, Win Bonus=0.0
[2026-05-22 10:14:49] SCORE RL (red): Final=482.6, Time=54.9, Moves(55)=85.7, Pins(1)=100.0, Dist=242.0, Win Bonus=0.0
[2026-05-22 10:14:49] SCORE LosTurcos (blue): Final=950.5, Time=89.5, Moves(56)=83.0, Pins(4)=400.0, Dist=378.0, Win Bonus=0.0
[2026-05-22 10:14:49] ALL WRONG MOVES BY COLOUR: {'gray0': ['34 (turn timeout)', '82 (turn timeout)', '136 (turn timeout)', '154 (turn timeout)']}
[2026-05-22 10:14:49] GAME TIME LIMIT REACHED.
[2026-05-22 10:14:50] SCORE PCS (lawn green): Final=724.4, Time=83.4, Moves(56)=83.0, Pins(2)=200.0, Dist=358.0, Win Bonus=0.0
[2026-05-22 10:14:50] SCORE AlphaZeroClue (gray0): Final=2506.4, Time=13.7, Moves(52)=92.7, Pins(10)=1000.0, Dist=400.0, Win Bonus=1000.0
[2026-05-22 10:14:50] SCORE Group7 (yellow): Final=1456.5, Time=75.5, Moves(56)=83.0, Pins(9)=900.0, Dist=398.0, Win Bonus=0.0
[2026-05-22 10:14:50] SCORE Gruppe 2 (purple): Final=1439.5, Time=77.8, Moves(55)=85.7, Pins(9)=900.0, Dist=376.0, Win Bonus=0.0
[2026-05-22 10:14:50] SCORE RL (red): Final=482.6, Time=54.9, Moves(55)=85.7, Pins(1)=100.0, Dist=242.0, Win Bonus=0.0
[2026-05-22 10:14:50] SCORE LosTurcos (blue): Final=950.5, Time=89.5, Moves(56)=83.0, Pins(4)=400.0, Dist=378.0, Win Bonus=0.0
[2026-05-22 10:14:50] ALL WRONG MOVES BY COLOUR: {'gray0': ['34 (turn timeout)', '82 (turn timeout)', '136 (turn timeout)', '154 (turn timeout)']}
[2026-05-22 10:14:50] GAME TIME LIMIT REACHED.
[2026-05-22 10:14:50] SCORE PCS (lawn green): Final=724.4, Time=83.4, Moves(56)=83.0, Pins(2)=200.0, Dist=358.0, Win Bonus=0.0
[2026-05-22 10:14:50] SCORE AlphaZeroClue (gray0): Final=2506.4, Time=13.7, Moves(52)=92.7, Pins(10)=1000.0, Dist=400.0, Win Bonus=1000.0
[2026-05-22 10:14:50] SCORE Group7 (yellow): Final=1456.5, Time=75.5, Moves(56)=83.0, Pins(9)=900.0, Dist=398.0, Win Bonus=0.0
[2026-05-22 10:14:50] SCORE Gruppe 2 (purple): Final=1439.5, Time=77.8, Moves(55)=85.7, Pins(9)=900.0, Dist=376.0, Win Bonus=0.0
[2026-05-22 10:14:50] SCORE RL (red): Final=482.6, Time=54.9, Moves(55)=85.7, Pins(1)=100.0, Dist=242.0, Win Bonus=0.0
[2026-05-22 10:14:50] SCORE LosTurcos (blue): Final=950.5, Time=89.5, Moves(56)=83.0, Pins(4)=400.0, Dist=378.0, Win Bonus=0.0
[2026-05-22 10:14:50] ALL WRONG MOVES BY COLOUR: {'gray0': ['34 (turn timeout)', '82 (turn timeout)', '136 (turn timeout)', '154 (turn timeout)']}
[2026-05-22 10:14:50] GAME TIME LIMIT REACHED.
[2026-05-22 10:14:50] SCORE PCS (lawn green): Final=724.4, Time=83.4, Moves(56)=83.0, Pins(2)=200.0, Dist=358.0, Win Bonus=0.0
[2026-05-22 10:14:50] SCORE AlphaZeroClue (gray0): Final=2506.4, Time=13.7, Moves(52)=92.7, Pins(10)=1000.0, Dist=400.0, Win Bonus=1000.0
[2026-05-22 10:14:50] SCORE Group7 (yellow): Final=1456.5, Time=75.5, Moves(56)=83.0, Pins(9)=900.0, Dist=398.0, Win Bonus=0.0
[2026-05-22 10:14:50] SCORE Gruppe 2 (purple): Final=1439.5, Time=77.8, Moves(55)=85.7, Pins(9)=900.0, Dist=376.0, Win Bonus=0.0
[2026-05-22 10:14:50] SCORE RL (red): Final=482.6, Time=54.9, Moves(55)=85.7, Pins(1)=100.0, Dist=242.0, Win Bonus=0.0
[2026-05-22 10:14:50] SCORE LosTurcos (blue): Final=950.5, Time=89.5, Moves(56)=83.0, Pins(4)=400.0, Dist=378.0, Win Bonus=0.0
[2026-05-22 10:14:50] ALL WRONG MOVES BY COLOUR: {'gray0': ['34 (turn timeout)', '82 (turn timeout)', '136 (turn timeout)', '154 (turn timeout)']}
[2026-05-22 10:14:50] GAME TIME LIMIT REACHED.
[2026-05-22 10:14:50] SCORE PCS (lawn green): Final=724.4, Time=83.4, Moves(56)=83.0, Pins(2)=200.0, Dist=358.0, Win Bonus=0.0
[2026-05-22 10:14:50] SCORE AlphaZeroClue (gray0): Final=2506.4, Time=13.7, Moves(52)=92.7, Pins(10)=1000.0, Dist=400.0, Win Bonus=1000.0
[2026-05-22 10:14:50] SCORE Group7 (yellow): Final=1456.5, Time=75.5, Moves(56)=83.0, Pins(9)=900.0, Dist=398.0, Win Bonus=0.0
[2026-05-22 10:14:50] SCORE Gruppe 2 (purple): Final=1439.5, Time=77.8, Moves(55)=85.7, Pins(9)=900.0, Dist=376.0, Win Bonus=0.0
[2026-05-22 10:14:50] SCORE RL (red): Final=482.6, Time=54.9, Moves(55)=85.7, Pins(1)=100.0, Dist=242.0, Win Bonus=0.0
[2026-05-22 10:14:50] SCORE LosTurcos (blue): Final=950.5, Time=89.5, Moves(56)=83.0, Pins(4)=400.0, Dist=378.0, Win Bonus=0.0
[2026-05-22 10:14:50] ALL WRONG MOVES BY COLOUR: {'gray0': ['34 (turn timeout)', '82 (turn timeout)', '136 (turn timeout)', '154 (turn timeout)']}
[2026-05-22 10:14:50] GAME TIME LIMIT REACHED.
[2026-05-22 10:14:51] SCORE PCS (lawn green): Final=724.4, Time=83.4, Moves(56)=83.0, Pins(2)=200.0, Dist=358.0, Win Bonus=0.0
[2026-05-22 10:14:51] SCORE AlphaZeroClue (gray0): Final=2506.4, Time=13.7, Moves(52)=92.7, Pins(10)=1000.0, Dist=400.0, Win Bonus=1000.0
[2026-05-22 10:14:51] SCORE Group7 (yellow): Final=1456.5, Time=75.5, Moves(56)=83.0, Pins(9)=900.0, Dist=398.0, Win Bonus=0.0
[2026-05-22 10:14:51] SCORE Gruppe 2 (purple): Final=1439.5, Time=77.8, Moves(55)=85.7, Pins(9)=900.0, Dist=376.0, Win Bonus=0.0
[2026-05-22 10:14:51] SCORE RL (red): Final=482.6, Time=54.9, Moves(55)=85.7, Pins(1)=100.0, Dist=242.0, Win Bonus=0.0
[2026-05-22 10:14:51] SCORE LosTurcos (blue): Final=950.5, Time=89.5, Moves(56)=83.0, Pins(4)=400.0, Dist=378.0, Win Bonus=0.0
[2026-05-22 10:14:51] ALL WRONG MOVES BY COLOUR: {'gray0': ['34 (turn timeout)', '82 (turn timeout)', '136 (turn timeout)', '154 (turn timeout)']}
[2026-05-22 10:14:51] GAME TIME LIMIT REACHED.
[2026-05-22 10:14:51] SCORE PCS (lawn green): Final=724.4, Time=83.4, Moves(56)=83.0, Pins(2)=200.0, Dist=358.0, Win Bonus=0.0
[2026-05-22 10:14:51] SCORE AlphaZeroClue (gray0): Final=2506.4, Time=13.7, Moves(52)=92.7, Pins(10)=1000.0, Dist=400.0, Win Bonus=1000.0
[2026-05-22 10:14:51] SCORE Group7 (yellow): Final=1456.5, Time=75.5, Moves(56)=83.0, Pins(9)=900.0, Dist=398.0, Win Bonus=0.0
[2026-05-22 10:14:51] SCORE Gruppe 2 (purple): Final=1439.5, Time=77.8, Moves(55)=85.7, Pins(9)=900.0, Dist=376.0, Win Bonus=0.0
[2026-05-22 10:14:51] SCORE RL (red): Final=482.6, Time=54.9, Moves(55)=85.7, Pins(1)=100.0, Dist=242.0, Win Bonus=0.0
[2026-05-22 10:14:51] SCORE LosTurcos (blue): Final=950.5, Time=89.5, Moves(56)=83.0, Pins(4)=400.0, Dist=378.0, Win Bonus=0.0
[2026-05-22 10:14:51] ALL WRONG MOVES BY COLOUR: {'gray0': ['34 (turn timeout)', '82 (turn timeout)', '136 (turn timeout)', '154 (turn timeout)']}
[2026-05-22 10:14:51] GAME TIME LIMIT REACHED.
[2026-05-22 10:14:51] SCORE PCS (lawn green): Final=724.4, Time=83.4, Moves(56)=83.0, Pins(2)=200.0, Dist=358.0, Win Bonus=0.0
[2026-05-22 10:14:51] SCORE AlphaZeroClue (gray0): Final=2506.4, Time=13.7, Moves(52)=92.7, Pins(10)=1000.0, Dist=400.0, Win Bonus=1000.0
[2026-05-22 10:14:51] SCORE Group7 (yellow): Final=1456.5, Time=75.5, Moves(56)=83.0, Pins(9)=900.0, Dist=398.0, Win Bonus=0.0
[2026-05-22 10:14:51] SCORE Gruppe 2 (purple): Final=1439.5, Time=77.8, Moves(55)=85.7, Pins(9)=900.0, Dist=376.0, Win Bonus=0.0
[2026-05-22 10:14:51] SCORE RL (red): Final=482.6, Time=54.9, Moves(55)=85.7, Pins(1)=100.0, Dist=242.0, Win Bonus=0.0
[2026-05-22 10:14:51] SCORE LosTurcos (blue): Final=950.5, Time=89.5, Moves(56)=83.0, Pins(4)=400.0, Dist=378.0, Win Bonus=0.0
[2026-05-22 10:14:51] ALL WRONG MOVES BY COLOUR: {'gray0': ['34 (turn timeout)', '82 (turn timeout)', '136 (turn timeout)', '154 (turn timeout)']}
[2026-05-22 10:14:51] GAME TIME LIMIT REACHED.
[2026-05-22 10:14:51] SCORE PCS (lawn green): Final=724.4, Time=83.4, Moves(56)=83.0, Pins(2)=200.0, Dist=358.0, Win Bonus=0.0
[2026-05-22 10:14:51] SCORE AlphaZeroClue (gray0): Final=2506.4, Time=13.7, Moves(52)=92.7, Pins(10)=1000.0, Dist=400.0, Win Bonus=1000.0
[2026-05-22 10:14:51] SCORE Group7 (yellow): Final=1456.5, Time=75.5, Moves(56)=83.0, Pins(9)=900.0, Dist=398.0, Win Bonus=0.0
[2026-05-22 10:14:51] SCORE Gruppe 2 (purple): Final=1439.5, Time=77.8, Moves(55)=85.7, Pins(9)=900.0, Dist=376.0, Win Bonus=0.0
[2026-05-22 10:14:51] SCORE RL (red): Final=482.6, Time=54.9, Moves(55)=85.7, Pins(1)=100.0, Dist=242.0, Win Bonus=0.0
[2026-05-22 10:14:51] SCORE LosTurcos (blue): Final=950.5, Time=89.5, Moves(56)=83.0, Pins(4)=400.0, Dist=378.0, Win Bonus=0.0
[2026-05-22 10:14:51] ALL WRONG MOVES BY COLOUR: {'gray0': ['34 (turn timeout)', '82 (turn timeout)', '136 (turn timeout)', '154 (turn timeout)']}
[2026-05-22 10:14:51] GAME TIME LIMIT REACHED.
[2026-05-22 10:14:52] SCORE PCS (lawn green): Final=724.4, Time=83.4, Moves(56)=83.0, Pins(2)=200.0, Dist=358.0, Win Bonus=0.0
[2026-05-22 10:14:52] SCORE AlphaZeroClue (gray0): Final=2506.4, Time=13.7, Moves(52)=92.7, Pins(10)=1000.0, Dist=400.0, Win Bonus=1000.0
[2026-05-22 10:14:52] SCORE Group7 (yellow): Final=1456.5, Time=75.5, Moves(56)=83.0, Pins(9)=900.0, Dist=398.0, Win Bonus=0.0
[2026-05-22 10:14:52] SCORE Gruppe 2 (purple): Final=1439.5, Time=77.8, Moves(55)=85.7, Pins(9)=900.0, Dist=376.0, Win Bonus=0.0
[2026-05-22 10:14:52] SCORE RL (red): Final=482.6, Time=54.9, Moves(55)=85.7, Pins(1)=100.0, Dist=242.0, Win Bonus=0.0
[2026-05-22 10:14:52] SCORE LosTurcos (blue): Final=950.5, Time=89.5, Moves(56)=83.0, Pins(4)=400.0, Dist=378.0, Win Bonus=0.0
[2026-05-22 10:14:52] ALL WRONG MOVES BY COLOUR: {'gray0': ['34 (turn timeout)', '82 (turn timeout)', '136 (turn timeout)', '154 (turn timeout)']}
[2026-05-22 10:14:52] GAME TIME LIMIT REACHED.
[2026-05-22 10:14:52] SCORE PCS (lawn green): Final=724.4, Time=83.4, Moves(56)=83.0, Pins(2)=200.0, Dist=358.0, Win Bonus=0.0
[2026-05-22 10:14:52] SCORE AlphaZeroClue (gray0): Final=2506.4, Time=13.7, Moves(52)=92.7, Pins(10)=1000.0, Dist=400.0, Win Bonus=1000.0
[2026-05-22 10:14:52] SCORE Group7 (yellow): Final=1456.5, Time=75.5, Moves(56)=83.0, Pins(9)=900.0, Dist=398.0, Win Bonus=0.0
[2026-05-22 10:14:52] SCORE Gruppe 2 (purple): Final=1439.5, Time=77.8, Moves(55)=85.7, Pins(9)=900.0, Dist=376.0, Win Bonus=0.0
[2026-05-22 10:14:52] SCORE RL (red): Final=482.6, Time=54.9, Moves(55)=85.7, Pins(1)=100.0, Dist=242.0, Win Bonus=0.0
[2026-05-22 10:14:52] SCORE LosTurcos (blue): Final=950.5, Time=89.5, Moves(56)=83.0, Pins(4)=400.0, Dist=378.0, Win Bonus=0.0
[2026-05-22 10:14:52] ALL WRONG MOVES BY COLOUR: {'gray0': ['34 (turn timeout)', '82 (turn timeout)', '136 (turn timeout)', '154 (turn timeout)']}
[2026-05-22 10:14:52] GAME TIME LIMIT REACHED.
[2026-05-22 10:14:52] SCORE PCS (lawn green): Final=724.4, Time=83.4, Moves(56)=83.0, Pins(2)=200.0, Dist=358.0, Win Bonus=0.0
[2026-05-22 10:14:52] SCORE AlphaZeroClue (gray0): Final=2506.4, Time=13.7, Moves(52)=92.7, Pins(10)=1000.0, Dist=400.0, Win Bonus=1000.0
[2026-05-22 10:14:52] SCORE Group7 (yellow): Final=1456.5, Time=75.5, Moves(56)=83.0, Pins(9)=900.0, Dist=398.0, Win Bonus=0.0
[2026-05-22 10:14:52] SCORE Gruppe 2 (purple): Final=1439.5, Time=77.8, Moves(55)=85.7, Pins(9)=900.0, Dist=376.0, Win Bonus=0.0
[2026-05-22 10:14:52] SCORE RL (red): Final=482.6, Time=54.9, Moves(55)=85.7, Pins(1)=100.0, Dist=242.0, Win Bonus=0.0
[2026-05-22 10:14:52] SCORE LosTurcos (blue): Final=950.5, Time=89.5, Moves(56)=83.0, Pins(4)=400.0, Dist=378.0, Win Bonus=0.0
[2026-05-22 10:14:52] ALL WRONG MOVES BY COLOUR: {'gray0': ['34 (turn timeout)', '82 (turn timeout)', '136 (turn timeout)', '154 (turn timeout)']}
[2026-05-22 10:14:52] GAME TIME LIMIT REACHED.
[2026-05-22 10:14:52] SCORE PCS (lawn green): Final=724.4, Time=83.4, Moves(56)=83.0, Pins(2)=200.0, Dist=358.0, Win Bonus=0.0
[2026-05-22 10:14:52] SCORE AlphaZeroClue (gray0): Final=2506.4, Time=13.7, Moves(52)=92.7, Pins(10)=1000.0, Dist=400.0, Win Bonus=1000.0
[2026-05-22 10:14:52] SCORE Group7 (yellow): Final=1456.5, Time=75.5, Moves(56)=83.0, Pins(9)=900.0, Dist=398.0, Win Bonus=0.0
[2026-05-22 10:14:52] SCORE Gruppe 2 (purple): Final=1439.5, Time=77.8, Moves(55)=85.7, Pins(9)=900.0, Dist=376.0, Win Bonus=0.0
[2026-05-22 10:14:52] SCORE RL (red): Final=482.6, Time=54.9, Moves(55)=85.7, Pins(1)=100.0, Dist=242.0, Win Bonus=0.0
[2026-05-22 10:14:52] SCORE LosTurcos (blue): Final=950.5, Time=89.5, Moves(56)=83.0, Pins(4)=400.0, Dist=378.0, Win Bonus=0.0
[2026-05-22 10:14:52] ALL WRONG MOVES BY COLOUR: {'gray0': ['34 (turn timeout)', '82 (turn timeout)', '136 (turn timeout)', '154 (turn timeout)']}
[2026-05-22 10:14:52] GAME TIME LIMIT REACHED.
[2026-05-22 10:14:53] SCORE PCS (lawn green): Final=724.4, Time=83.4, Moves(56)=83.0, Pins(2)=200.0, Dist=358.0, Win Bonus=0.0
[2026-05-22 10:14:53] SCORE AlphaZeroClue (gray0): Final=2506.4, Time=13.7, Moves(52)=92.7, Pins(10)=1000.0, Dist=400.0, Win Bonus=1000.0
[2026-05-22 10:14:53] SCORE Group7 (yellow): Final=1456.5, Time=75.5, Moves(56)=83.0, Pins(9)=900.0, Dist=398.0, Win Bonus=0.0
[2026-05-22 10:14:53] SCORE Gruppe 2 (purple): Final=1439.5, Time=77.8, Moves(55)=85.7, Pins(9)=900.0, Dist=376.0, Win Bonus=0.0
[2026-05-22 10:14:53] SCORE RL (red): Final=482.6, Time=54.9, Moves(55)=85.7, Pins(1)=100.0, Dist=242.0, Win Bonus=0.0
[2026-05-22 10:14:53] SCORE LosTurcos (blue): Final=950.5, Time=89.5, Moves(56)=83.0, Pins(4)=400.0, Dist=378.0, Win Bonus=0.0
[2026-05-22 10:14:53] ALL WRONG MOVES BY COLOUR: {'gray0': ['34 (turn timeout)', '82 (turn timeout)', '136 (turn timeout)', '154 (turn timeout)']}
[2026-05-22 10:14:53] GAME TIME LIMIT REACHED.
[2026-05-22 10:14:53] SCORE PCS (lawn green): Final=724.4, Time=83.4, Moves(56)=83.0, Pins(2)=200.0, Dist=358.0, Win Bonus=0.0
[2026-05-22 10:14:53] SCORE AlphaZeroClue (gray0): Final=2506.4, Time=13.7, Moves(52)=92.7, Pins(10)=1000.0, Dist=400.0, Win Bonus=1000.0
[2026-05-22 10:14:53] SCORE Group7 (yellow): Final=1456.5, Time=75.5, Moves(56)=83.0, Pins(9)=900.0, Dist=398.0, Win Bonus=0.0
[2026-05-22 10:14:53] SCORE Gruppe 2 (purple): Final=1439.5, Time=77.8, Moves(55)=85.7, Pins(9)=900.0, Dist=376.0, Win Bonus=0.0
[2026-05-22 10:14:53] SCORE RL (red): Final=482.6, Time=54.9, Moves(55)=85.7, Pins(1)=100.0, Dist=242.0, Win Bonus=0.0
[2026-05-22 10:14:53] SCORE LosTurcos (blue): Final=950.5, Time=89.5, Moves(56)=83.0, Pins(4)=400.0, Dist=378.0, Win Bonus=0.0
[2026-05-22 10:14:53] ALL WRONG MOVES BY COLOUR: {'gray0': ['34 (turn timeout)', '82 (turn timeout)', '136 (turn timeout)', '154 (turn timeout)']}
[2026-05-22 10:14:53] GAME TIME LIMIT REACHED.
[2026-05-22 10:14:53] SCORE PCS (lawn green): Final=724.4, Time=83.4, Moves(56)=83.0, Pins(2)=200.0, Dist=358.0, Win Bonus=0.0
[2026-05-22 10:14:53] SCORE AlphaZeroClue (gray0): Final=2506.4, Time=13.7, Moves(52)=92.7, Pins(10)=1000.0, Dist=400.0, Win Bonus=1000.0
[2026-05-22 10:14:53] SCORE Group7 (yellow): Final=1456.5, Time=75.5, Moves(56)=83.0, Pins(9)=900.0, Dist=398.0, Win Bonus=0.0
[2026-05-22 10:14:53] SCORE Gruppe 2 (purple): Final=1439.5, Time=77.8, Moves(55)=85.7, Pins(9)=900.0, Dist=376.0, Win Bonus=0.0
[2026-05-22 10:14:53] SCORE RL (red): Final=482.6, Time=54.9, Moves(55)=85.7, Pins(1)=100.0, Dist=242.0, Win Bonus=0.0
[2026-05-22 10:14:53] SCORE LosTurcos (blue): Final=950.5, Time=89.5, Moves(56)=83.0, Pins(4)=400.0, Dist=378.0, Win Bonus=0.0
[2026-05-22 10:14:53] ALL WRONG MOVES BY COLOUR: {'gray0': ['34 (turn timeout)', '82 (turn timeout)', '136 (turn timeout)', '154 (turn timeout)']}
[2026-05-22 10:14:53] GAME TIME LIMIT REACHED.
[2026-05-22 10:14:54] SCORE PCS (lawn green): Final=724.4, Time=83.4, Moves(56)=83.0, Pins(2)=200.0, Dist=358.0, Win Bonus=0.0
[2026-05-22 10:14:54] SCORE AlphaZeroClue (gray0): Final=2506.4, Time=13.7, Moves(52)=92.7, Pins(10)=1000.0, Dist=400.0, Win Bonus=1000.0
[2026-05-22 10:14:54] SCORE Group7 (yellow): Final=1456.5, Time=75.5, Moves(56)=83.0, Pins(9)=900.0, Dist=398.0, Win Bonus=0.0
[2026-05-22 10:14:54] SCORE Gruppe 2 (purple): Final=1439.5, Time=77.8, Moves(55)=85.7, Pins(9)=900.0, Dist=376.0, Win Bonus=0.0
[2026-05-22 10:14:54] SCORE RL (red): Final=482.6, Time=54.9, Moves(55)=85.7, Pins(1)=100.0, Dist=242.0, Win Bonus=0.0
[2026-05-22 10:14:54] SCORE LosTurcos (blue): Final=950.5, Time=89.5, Moves(56)=83.0, Pins(4)=400.0, Dist=378.0, Win Bonus=0.0
[2026-05-22 10:14:54] ALL WRONG MOVES BY COLOUR: {'gray0': ['34 (turn timeout)', '82 (turn timeout)', '136 (turn timeout)', '154 (turn timeout)']}
[2026-05-22 10:14:54] GAME TIME LIMIT REACHED.
[2026-05-22 10:14:54] SCORE PCS (lawn green): Final=724.4, Time=83.4, Moves(56)=83.0, Pins(2)=200.0, Dist=358.0, Win Bonus=0.0
[2026-05-22 10:14:54] SCORE AlphaZeroClue (gray0): Final=2506.4, Time=13.7, Moves(52)=92.7, Pins(10)=1000.0, Dist=400.0, Win Bonus=1000.0
[2026-05-22 10:14:54] SCORE Group7 (yellow): Final=1456.5, Time=75.5, Moves(56)=83.0, Pins(9)=900.0, Dist=398.0, Win Bonus=0.0
[2026-05-22 10:14:54] SCORE Gruppe 2 (purple): Final=1439.5, Time=77.8, Moves(55)=85.7, Pins(9)=900.0, Dist=376.0, Win Bonus=0.0
[2026-05-22 10:14:54] SCORE RL (red): Final=482.6, Time=54.9, Moves(55)=85.7, Pins(1)=100.0, Dist=242.0, Win Bonus=0.0
[2026-05-22 10:14:54] SCORE LosTurcos (blue): Final=950.5, Time=89.5, Moves(56)=83.0, Pins(4)=400.0, Dist=378.0, Win Bonus=0.0
[2026-05-22 10:14:54] ALL WRONG MOVES BY COLOUR: {'gray0': ['34 (turn timeout)', '82 (turn timeout)', '136 (turn timeout)', '154 (turn timeout)']}
[2026-05-22 10:14:54] GAME TIME LIMIT REACHED.
[2026-05-22 10:14:54] SCORE PCS (lawn green): Final=724.4, Time=83.4, Moves(56)=83.0, Pins(2)=200.0, Dist=358.0, Win Bonus=0.0
[2026-05-22 10:14:54] SCORE AlphaZeroClue (gray0): Final=2506.4, Time=13.7, Moves(52)=92.7, Pins(10)=1000.0, Dist=400.0, Win Bonus=1000.0
[2026-05-22 10:14:54] SCORE Group7 (yellow): Final=1456.5, Time=75.5, Moves(56)=83.0, Pins(9)=900.0, Dist=398.0, Win Bonus=0.0
[2026-05-22 10:14:54] SCORE Gruppe 2 (purple): Final=1439.5, Time=77.8, Moves(55)=85.7, Pins(9)=900.0, Dist=376.0, Win Bonus=0.0
[2026-05-22 10:14:54] SCORE RL (red): Final=482.6, Time=54.9, Moves(55)=85.7, Pins(1)=100.0, Dist=242.0, Win Bonus=0.0
[2026-05-22 10:14:54] SCORE LosTurcos (blue): Final=950.5, Time=89.5, Moves(56)=83.0, Pins(4)=400.0, Dist=378.0, Win Bonus=0.0
[2026-05-22 10:14:54] ALL WRONG MOVES BY COLOUR: {'gray0': ['34 (turn timeout)', '82 (turn timeout)', '136 (turn timeout)', '154 (turn timeout)']}
[2026-05-22 10:14:54] GAME TIME LIMIT REACHED.
[2026-05-22 10:14:54] SCORE PCS (lawn green): Final=724.4, Time=83.4, Moves(56)=83.0, Pins(2)=200.0, Dist=358.0, Win Bonus=0.0
[2026-05-22 10:14:54] SCORE AlphaZeroClue (gray0): Final=2506.4, Time=13.7, Moves(52)=92.7, Pins(10)=1000.0, Dist=400.0, Win Bonus=1000.0
[2026-05-22 10:14:54] SCORE Group7 (yellow): Final=1456.5, Time=75.5, Moves(56)=83.0, Pins(9)=900.0, Dist=398.0, Win Bonus=0.0
[2026-05-22 10:14:54] SCORE Gruppe 2 (purple): Final=1439.5, Time=77.8, Moves(55)=85.7, Pins(9)=900.0, Dist=376.0, Win Bonus=0.0
[2026-05-22 10:14:55] SCORE RL (red): Final=482.6, Time=54.9, Moves(55)=85.7, Pins(1)=100.0, Dist=242.0, Win Bonus=0.0
[2026-05-22 10:14:55] SCORE LosTurcos (blue): Final=950.5, Time=89.5, Moves(56)=83.0, Pins(4)=400.0, Dist=378.0, Win Bonus=0.0
[2026-05-22 10:14:55] ALL WRONG MOVES BY COLOUR: {'gray0': ['34 (turn timeout)', '82 (turn timeout)', '136 (turn timeout)', '154 (turn timeout)']}
[2026-05-22 10:14:55] GAME TIME LIMIT REACHED.
[2026-05-22 10:14:55] SCORE PCS (lawn green): Final=724.4, Time=83.4, Moves(56)=83.0, Pins(2)=200.0, Dist=358.0, Win Bonus=0.0
[2026-05-22 10:14:55] SCORE AlphaZeroClue (gray0): Final=2506.4, Time=13.7, Moves(52)=92.7, Pins(10)=1000.0, Dist=400.0, Win Bonus=1000.0
[2026-05-22 10:14:55] SCORE Group7 (yellow): Final=1456.5, Time=75.5, Moves(56)=83.0, Pins(9)=900.0, Dist=398.0, Win Bonus=0.0
[2026-05-22 10:14:55] SCORE Gruppe 2 (purple): Final=1439.5, Time=77.8, Moves(55)=85.7, Pins(9)=900.0, Dist=376.0, Win Bonus=0.0
[2026-05-22 10:14:55] SCORE RL (red): Final=482.6, Time=54.9, Moves(55)=85.7, Pins(1)=100.0, Dist=242.0, Win Bonus=0.0
[2026-05-22 10:14:55] SCORE LosTurcos (blue): Final=950.5, Time=89.5, Moves(56)=83.0, Pins(4)=400.0, Dist=378.0, Win Bonus=0.0
[2026-05-22 10:14:55] ALL WRONG MOVES BY COLOUR: {'gray0': ['34 (turn timeout)', '82 (turn timeout)', '136 (turn timeout)', '154 (turn timeout)']}
[2026-05-22 10:14:55] GAME TIME LIMIT REACHED.
[2026-05-22 10:14:55] SCORE PCS (lawn green): Final=724.4, Time=83.4, Moves(56)=83.0, Pins(2)=200.0, Dist=358.0, Win Bonus=0.0
[2026-05-22 10:14:55] SCORE AlphaZeroClue (gray0): Final=2506.4, Time=13.7, Moves(52)=92.7, Pins(10)=1000.0, Dist=400.0, Win Bonus=1000.0
[2026-05-22 10:14:55] SCORE Group7 (yellow): Final=1456.5, Time=75.5, Moves(56)=83.0, Pins(9)=900.0, Dist=398.0, Win Bonus=0.0
[2026-05-22 10:14:55] SCORE Gruppe 2 (purple): Final=1439.5, Time=77.8, Moves(55)=85.7, Pins(9)=900.0, Dist=376.0, Win Bonus=0.0
[2026-05-22 10:14:55] SCORE RL (red): Final=482.6, Time=54.9, Moves(55)=85.7, Pins(1)=100.0, Dist=242.0, Win Bonus=0.0
[2026-05-22 10:14:55] SCORE LosTurcos (blue): Final=950.5, Time=89.5, Moves(56)=83.0, Pins(4)=400.0, Dist=378.0, Win Bonus=0.0
[2026-05-22 10:14:55] ALL WRONG MOVES BY COLOUR: {'gray0': ['34 (turn timeout)', '82 (turn timeout)', '136 (turn timeout)', '154 (turn timeout)']}
[2026-05-22 10:14:55] GAME TIME LIMIT REACHED.
[2026-05-22 10:14:55] SCORE PCS (lawn green): Final=724.4, Time=83.4, Moves(56)=83.0, Pins(2)=200.0, Dist=358.0, Win Bonus=0.0
[2026-05-22 10:14:55] SCORE AlphaZeroClue (gray0): Final=2506.4, Time=13.7, Moves(52)=92.7, Pins(10)=1000.0, Dist=400.0, Win Bonus=1000.0
[2026-05-22 10:14:55] SCORE Group7 (yellow): Final=1456.5, Time=75.5, Moves(56)=83.0, Pins(9)=900.0, Dist=398.0, Win Bonus=0.0
[2026-05-22 10:14:55] SCORE Gruppe 2 (purple): Final=1439.5, Time=77.8, Moves(55)=85.7, Pins(9)=900.0, Dist=376.0, Win Bonus=0.0
[2026-05-22 10:14:55] SCORE RL (red): Final=482.6, Time=54.9, Moves(55)=85.7, Pins(1)=100.0, Dist=242.0, Win Bonus=0.0
[2026-05-22 10:14:55] SCORE LosTurcos (blue): Final=950.5, Time=89.5, Moves(56)=83.0, Pins(4)=400.0, Dist=378.0, Win Bonus=0.0
[2026-05-22 10:14:55] ALL WRONG MOVES BY COLOUR: {'gray0': ['34 (turn timeout)', '82 (turn timeout)', '136 (turn timeout)', '154 (turn timeout)']}
[2026-05-22 10:14:55] GAME TIME LIMIT REACHED.
[2026-05-22 10:14:56] SCORE PCS (lawn green): Final=724.4, Time=83.4, Moves(56)=83.0, Pins(2)=200.0, Dist=358.0, Win Bonus=0.0
[2026-05-22 10:14:56] SCORE AlphaZeroClue (gray0): Final=2506.4, Time=13.7, Moves(52)=92.7, Pins(10)=1000.0, Dist=400.0, Win Bonus=1000.0
[2026-05-22 10:14:56] SCORE Group7 (yellow): Final=1456.5, Time=75.5, Moves(56)=83.0, Pins(9)=900.0, Dist=398.0, Win Bonus=0.0
[2026-05-22 10:14:56] SCORE Gruppe 2 (purple): Final=1439.5, Time=77.8, Moves(55)=85.7, Pins(9)=900.0, Dist=376.0, Win Bonus=0.0
[2026-05-22 10:14:56] SCORE RL (red): Final=482.6, Time=54.9, Moves(55)=85.7, Pins(1)=100.0, Dist=242.0, Win Bonus=0.0
[2026-05-22 10:14:56] SCORE LosTurcos (blue): Final=950.5, Time=89.5, Moves(56)=83.0, Pins(4)=400.0, Dist=378.0, Win Bonus=0.0
[2026-05-22 10:14:56] ALL WRONG MOVES BY COLOUR: {'gray0': ['34 (turn timeout)', '82 (turn timeout)', '136 (turn timeout)', '154 (turn timeout)']}
[2026-05-22 10:14:56] GAME TIME LIMIT REACHED.
[2026-05-22 10:14:56] SCORE PCS (lawn green): Final=724.4, Time=83.4, Moves(56)=83.0, Pins(2)=200.0, Dist=358.0, Win Bonus=0.0
[2026-05-22 10:14:56] SCORE AlphaZeroClue (gray0): Final=2506.4, Time=13.7, Moves(52)=92.7, Pins(10)=1000.0, Dist=400.0, Win Bonus=1000.0
[2026-05-22 10:14:56] SCORE Group7 (yellow): Final=1456.5, Time=75.5, Moves(56)=83.0, Pins(9)=900.0, Dist=398.0, Win Bonus=0.0
[2026-05-22 10:14:56] SCORE Gruppe 2 (purple): Final=1439.5, Time=77.8, Moves(55)=85.7, Pins(9)=900.0, Dist=376.0, Win Bonus=0.0
[2026-05-22 10:14:56] SCORE RL (red): Final=482.6, Time=54.9, Moves(55)=85.7, Pins(1)=100.0, Dist=242.0, Win Bonus=0.0
[2026-05-22 10:14:56] SCORE LosTurcos (blue): Final=950.5, Time=89.5, Moves(56)=83.0, Pins(4)=400.0, Dist=378.0, Win Bonus=0.0
[2026-05-22 10:14:56] ALL WRONG MOVES BY COLOUR: {'gray0': ['34 (turn timeout)', '82 (turn timeout)', '136 (turn timeout)', '154 (turn timeout)']}
[2026-05-22 10:14:56] GAME TIME LIMIT REACHED.
[2026-05-22 10:14:56] SCORE PCS (lawn green): Final=724.4, Time=83.4, Moves(56)=83.0, Pins(2)=200.0, Dist=358.0, Win Bonus=0.0
[2026-05-22 10:14:56] SCORE AlphaZeroClue (gray0): Final=2506.4, Time=13.7, Moves(52)=92.7, Pins(10)=1000.0, Dist=400.0, Win Bonus=1000.0
[2026-05-22 10:14:56] SCORE Group7 (yellow): Final=1456.5, Time=75.5, Moves(56)=83.0, Pins(9)=900.0, Dist=398.0, Win Bonus=0.0
[2026-05-22 10:14:56] SCORE Gruppe 2 (purple): Final=1439.5, Time=77.8, Moves(55)=85.7, Pins(9)=900.0, Dist=376.0, Win Bonus=0.0
[2026-05-22 10:14:56] SCORE RL (red): Final=482.6, Time=54.9, Moves(55)=85.7, Pins(1)=100.0, Dist=242.0, Win Bonus=0.0
[2026-05-22 10:14:56] SCORE LosTurcos (blue): Final=950.5, Time=89.5, Moves(56)=83.0, Pins(4)=400.0, Dist=378.0, Win Bonus=0.0
[2026-05-22 10:14:56] ALL WRONG MOVES BY COLOUR: {'gray0': ['34 (turn timeout)', '82 (turn timeout)', '136 (turn timeout)', '154 (turn timeout)']}
[2026-05-22 10:14:56] GAME TIME LIMIT REACHED.
[2026-05-22 10:14:56] SCORE PCS (lawn green): Final=724.4, Time=83.4, Moves(56)=83.0, Pins(2)=200.0, Dist=358.0, Win Bonus=0.0
[2026-05-22 10:14:56] SCORE AlphaZeroClue (gray0): Final=2506.4, Time=13.7, Moves(52)=92.7, Pins(10)=1000.0, Dist=400.0, Win Bonus=1000.0
[2026-05-22 10:14:56] SCORE Group7 (yellow): Final=1456.5, Time=75.5, Moves(56)=83.0, Pins(9)=900.0, Dist=398.0, Win Bonus=0.0
[2026-05-22 10:14:56] SCORE Gruppe 2 (purple): Final=1439.5, Time=77.8, Moves(55)=85.7, Pins(9)=900.0, Dist=376.0, Win Bonus=0.0
[2026-05-22 10:14:56] SCORE RL (red): Final=482.6, Time=54.9, Moves(55)=85.7, Pins(1)=100.0, Dist=242.0, Win Bonus=0.0
[2026-05-22 10:14:56] SCORE LosTurcos (blue): Final=950.5, Time=89.5, Moves(56)=83.0, Pins(4)=400.0, Dist=378.0, Win Bonus=0.0
[2026-05-22 10:14:56] ALL WRONG MOVES BY COLOUR: {'gray0': ['34 (turn timeout)', '82 (turn timeout)', '136 (turn timeout)', '154 (turn timeout)']}
[2026-05-22 10:14:56] GAME TIME LIMIT REACHED.
[2026-05-22 10:14:57] SCORE PCS (lawn green): Final=724.4, Time=83.4, Moves(56)=83.0, Pins(2)=200.0, Dist=358.0, Win Bonus=0.0
[2026-05-22 10:14:57] SCORE AlphaZeroClue (gray0): Final=2506.4, Time=13.7, Moves(52)=92.7, Pins(10)=1000.0, Dist=400.0, Win Bonus=1000.0
[2026-05-22 10:14:57] SCORE Group7 (yellow): Final=1456.5, Time=75.5, Moves(56)=83.0, Pins(9)=900.0, Dist=398.0, Win Bonus=0.0
[2026-05-22 10:14:57] SCORE Gruppe 2 (purple): Final=1439.5, Time=77.8, Moves(55)=85.7, Pins(9)=900.0, Dist=376.0, Win Bonus=0.0
[2026-05-22 10:14:57] SCORE RL (red): Final=482.6, Time=54.9, Moves(55)=85.7, Pins(1)=100.0, Dist=242.0, Win Bonus=0.0
[2026-05-22 10:14:57] SCORE LosTurcos (blue): Final=950.5, Time=89.5, Moves(56)=83.0, Pins(4)=400.0, Dist=378.0, Win Bonus=0.0
[2026-05-22 10:14:57] ALL WRONG MOVES BY COLOUR: {'gray0': ['34 (turn timeout)', '82 (turn timeout)', '136 (turn timeout)', '154 (turn timeout)']}
[2026-05-22 10:14:57] GAME TIME LIMIT REACHED.
[2026-05-22 10:14:57] SCORE PCS (lawn green): Final=724.4, Time=83.4, Moves(56)=83.0, Pins(2)=200.0, Dist=358.0, Win Bonus=0.0
[2026-05-22 10:14:57] SCORE AlphaZeroClue (gray0): Final=2506.4, Time=13.7, Moves(52)=92.7, Pins(10)=1000.0, Dist=400.0, Win Bonus=1000.0
[2026-05-22 10:14:57] SCORE Group7 (yellow): Final=1456.5, Time=75.5, Moves(56)=83.0, Pins(9)=900.0, Dist=398.0, Win Bonus=0.0
[2026-05-22 10:14:57] SCORE Gruppe 2 (purple): Final=1439.5, Time=77.8, Moves(55)=85.7, Pins(9)=900.0, Dist=376.0, Win Bonus=0.0
[2026-05-22 10:14:57] SCORE RL (red): Final=482.6, Time=54.9, Moves(55)=85.7, Pins(1)=100.0, Dist=242.0, Win Bonus=0.0
[2026-05-22 10:14:57] SCORE LosTurcos (blue): Final=950.5, Time=89.5, Moves(56)=83.0, Pins(4)=400.0, Dist=378.0, Win Bonus=0.0
[2026-05-22 10:14:57] ALL WRONG MOVES BY COLOUR: {'gray0': ['34 (turn timeout)', '82 (turn timeout)', '136 (turn timeout)', '154 (turn timeout)']}
[2026-05-22 10:14:57] GAME TIME LIMIT REACHED.
[2026-05-22 10:14:57] SCORE PCS (lawn green): Final=724.4, Time=83.4, Moves(56)=83.0, Pins(2)=200.0, Dist=358.0, Win Bonus=0.0
[2026-05-22 10:14:57] SCORE AlphaZeroClue (gray0): Final=2506.4, Time=13.7, Moves(52)=92.7, Pins(10)=1000.0, Dist=400.0, Win Bonus=1000.0
[2026-05-22 10:14:57] SCORE Group7 (yellow): Final=1456.5, Time=75.5, Moves(56)=83.0, Pins(9)=900.0, Dist=398.0, Win Bonus=0.0
[2026-05-22 10:14:57] SCORE Gruppe 2 (purple): Final=1439.5, Time=77.8, Moves(55)=85.7, Pins(9)=900.0, Dist=376.0, Win Bonus=0.0
[2026-05-22 10:14:57] SCORE RL (red): Final=482.6, Time=54.9, Moves(55)=85.7, Pins(1)=100.0, Dist=242.0, Win Bonus=0.0
[2026-05-22 10:14:57] SCORE LosTurcos (blue): Final=950.5, Time=89.5, Moves(56)=83.0, Pins(4)=400.0, Dist=378.0, Win Bonus=0.0
[2026-05-22 10:14:57] ALL WRONG MOVES BY COLOUR: {'gray0': ['34 (turn timeout)', '82 (turn timeout)', '136 (turn timeout)', '154 (turn timeout)']}
[2026-05-22 10:14:57] GAME TIME LIMIT REACHED.
[2026-05-22 10:14:57] SCORE PCS (lawn green): Final=724.4, Time=83.4, Moves(56)=83.0, Pins(2)=200.0, Dist=358.0, Win Bonus=0.0
[2026-05-22 10:14:57] SCORE AlphaZeroClue (gray0): Final=2506.4, Time=13.7, Moves(52)=92.7, Pins(10)=1000.0, Dist=400.0, Win Bonus=1000.0
[2026-05-22 10:14:57] SCORE Group7 (yellow): Final=1456.5, Time=75.5, Moves(56)=83.0, Pins(9)=900.0, Dist=398.0, Win Bonus=0.0
[2026-05-22 10:14:57] SCORE Gruppe 2 (purple): Final=1439.5, Time=77.8, Moves(55)=85.7, Pins(9)=900.0, Dist=376.0, Win Bonus=0.0
[2026-05-22 10:14:57] SCORE RL (red): Final=482.6, Time=54.9, Moves(55)=85.7, Pins(1)=100.0, Dist=242.0, Win Bonus=0.0
[2026-05-22 10:14:57] SCORE LosTurcos (blue): Final=950.5, Time=89.5, Moves(56)=83.0, Pins(4)=400.0, Dist=378.0, Win Bonus=0.0
[2026-05-22 10:14:57] ALL WRONG MOVES BY COLOUR: {'gray0': ['34 (turn timeout)', '82 (turn timeout)', '136 (turn timeout)', '154 (turn timeout)']}
[2026-05-22 10:14:57] GAME TIME LIMIT REACHED.
[2026-05-22 10:14:58] SCORE PCS (lawn green): Final=724.4, Time=83.4, Moves(56)=83.0, Pins(2)=200.0, Dist=358.0, Win Bonus=0.0
[2026-05-22 10:14:58] SCORE AlphaZeroClue (gray0): Final=2506.4, Time=13.7, Moves(52)=92.7, Pins(10)=1000.0, Dist=400.0, Win Bonus=1000.0
[2026-05-22 10:14:58] SCORE Group7 (yellow): Final=1456.5, Time=75.5, Moves(56)=83.0, Pins(9)=900.0, Dist=398.0, Win Bonus=0.0
[2026-05-22 10:14:58] SCORE Gruppe 2 (purple): Final=1439.5, Time=77.8, Moves(55)=85.7, Pins(9)=900.0, Dist=376.0, Win Bonus=0.0
[2026-05-22 10:14:58] SCORE RL (red): Final=482.6, Time=54.9, Moves(55)=85.7, Pins(1)=100.0, Dist=242.0, Win Bonus=0.0
[2026-05-22 10:14:58] SCORE LosTurcos (blue): Final=950.5, Time=89.5, Moves(56)=83.0, Pins(4)=400.0, Dist=378.0, Win Bonus=0.0
[2026-05-22 10:14:58] ALL WRONG MOVES BY COLOUR: {'gray0': ['34 (turn timeout)', '82 (turn timeout)', '136 (turn timeout)', '154 (turn timeout)']}
[2026-05-22 10:14:58] GAME TIME LIMIT REACHED.
[2026-05-22 10:14:58] SCORE PCS (lawn green): Final=724.4, Time=83.4, Moves(56)=83.0, Pins(2)=200.0, Dist=358.0, Win Bonus=0.0
[2026-05-22 10:14:58] SCORE AlphaZeroClue (gray0): Final=2506.4, Time=13.7, Moves(52)=92.7, Pins(10)=1000.0, Dist=400.0, Win Bonus=1000.0
[2026-05-22 10:14:58] SCORE Group7 (yellow): Final=1456.5, Time=75.5, Moves(56)=83.0, Pins(9)=900.0, Dist=398.0, Win Bonus=0.0
[2026-05-22 10:14:58] SCORE Gruppe 2 (purple): Final=1439.5, Time=77.8, Moves(55)=85.7, Pins(9)=900.0, Dist=376.0, Win Bonus=0.0
[2026-05-22 10:14:58] SCORE RL (red): Final=482.6, Time=54.9, Moves(55)=85.7, Pins(1)=100.0, Dist=242.0, Win Bonus=0.0
[2026-05-22 10:14:58] SCORE LosTurcos (blue): Final=950.5, Time=89.5, Moves(56)=83.0, Pins(4)=400.0, Dist=378.0, Win Bonus=0.0
[2026-05-22 10:14:58] ALL WRONG MOVES BY COLOUR: {'gray0': ['34 (turn timeout)', '82 (turn timeout)', '136 (turn timeout)', '154 (turn timeout)']}
[2026-05-22 10:14:58] GAME TIME LIMIT REACHED.
[2026-05-22 10:14:58] SCORE PCS (lawn green): Final=724.4, Time=83.4, Moves(56)=83.0, Pins(2)=200.0, Dist=358.0, Win Bonus=0.0
[2026-05-22 10:14:58] SCORE AlphaZeroClue (gray0): Final=2506.4, Time=13.7, Moves(52)=92.7, Pins(10)=1000.0, Dist=400.0, Win Bonus=1000.0
[2026-05-22 10:14:58] SCORE Group7 (yellow): Final=1456.5, Time=75.5, Moves(56)=83.0, Pins(9)=900.0, Dist=398.0, Win Bonus=0.0
[2026-05-22 10:14:58] SCORE Gruppe 2 (purple): Final=1439.5, Time=77.8, Moves(55)=85.7, Pins(9)=900.0, Dist=376.0, Win Bonus=0.0
[2026-05-22 10:14:58] SCORE RL (red): Final=482.6, Time=54.9, Moves(55)=85.7, Pins(1)=100.0, Dist=242.0, Win Bonus=0.0
[2026-05-22 10:14:58] SCORE LosTurcos (blue): Final=950.5, Time=89.5, Moves(56)=83.0, Pins(4)=400.0, Dist=378.0, Win Bonus=0.0
[2026-05-22 10:14:58] ALL WRONG MOVES BY COLOUR: {'gray0': ['34 (turn timeout)', '82 (turn timeout)', '136 (turn timeout)', '154 (turn timeout)']}
[2026-05-22 10:14:58] GAME TIME LIMIT REACHED.
[2026-05-22 10:14:58] SCORE PCS (lawn green): Final=724.4, Time=83.4, Moves(56)=83.0, Pins(2)=200.0, Dist=358.0, Win Bonus=0.0
[2026-05-22 10:14:58] SCORE AlphaZeroClue (gray0): Final=2506.4, Time=13.7, Moves(52)=92.7, Pins(10)=1000.0, Dist=400.0, Win Bonus=1000.0
[2026-05-22 10:14:58] SCORE Group7 (yellow): Final=1456.5, Time=75.5, Moves(56)=83.0, Pins(9)=900.0, Dist=398.0, Win Bonus=0.0
[2026-05-22 10:14:58] SCORE Gruppe 2 (purple): Final=1439.5, Time=77.8, Moves(55)=85.7, Pins(9)=900.0, Dist=376.0, Win Bonus=0.0
[2026-05-22 10:14:58] SCORE RL (red): Final=482.6, Time=54.9, Moves(55)=85.7, Pins(1)=100.0, Dist=242.0, Win Bonus=0.0
[2026-05-22 10:14:58] SCORE LosTurcos (blue): Final=950.5, Time=89.5, Moves(56)=83.0, Pins(4)=400.0, Dist=378.0, Win Bonus=0.0
[2026-05-22 10:14:58] ALL WRONG MOVES BY COLOUR: {'gray0': ['34 (turn timeout)', '82 (turn timeout)', '136 (turn timeout)', '154 (turn timeout)']}
[2026-05-22 10:14:58] GAME TIME LIMIT REACHED.
[2026-05-22 10:14:59] SCORE PCS (lawn green): Final=724.4, Time=83.4, Moves(56)=83.0, Pins(2)=200.0, Dist=358.0, Win Bonus=0.0
[2026-05-22 10:14:59] SCORE AlphaZeroClue (gray0): Final=2506.4, Time=13.7, Moves(52)=92.7, Pins(10)=1000.0, Dist=400.0, Win Bonus=1000.0
[2026-05-22 10:14:59] SCORE Group7 (yellow): Final=1456.5, Time=75.5, Moves(56)=83.0, Pins(9)=900.0, Dist=398.0, Win Bonus=0.0
[2026-05-22 10:14:59] SCORE Gruppe 2 (purple): Final=1439.5, Time=77.8, Moves(55)=85.7, Pins(9)=900.0, Dist=376.0, Win Bonus=0.0
[2026-05-22 10:14:59] SCORE RL (red): Final=482.6, Time=54.9, Moves(55)=85.7, Pins(1)=100.0, Dist=242.0, Win Bonus=0.0
[2026-05-22 10:14:59] SCORE LosTurcos (blue): Final=950.5, Time=89.5, Moves(56)=83.0, Pins(4)=400.0, Dist=378.0, Win Bonus=0.0
[2026-05-22 10:14:59] ALL WRONG MOVES BY COLOUR: {'gray0': ['34 (turn timeout)', '82 (turn timeout)', '136 (turn timeout)', '154 (turn timeout)']}
[2026-05-22 10:14:59] GAME TIME LIMIT REACHED.
[2026-05-22 10:14:59] SCORE PCS (lawn green): Final=724.4, Time=83.4, Moves(56)=83.0, Pins(2)=200.0, Dist=358.0, Win Bonus=0.0
[2026-05-22 10:14:59] SCORE AlphaZeroClue (gray0): Final=2506.4, Time=13.7, Moves(52)=92.7, Pins(10)=1000.0, Dist=400.0, Win Bonus=1000.0
[2026-05-22 10:14:59] SCORE Group7 (yellow): Final=1456.5, Time=75.5, Moves(56)=83.0, Pins(9)=900.0, Dist=398.0, Win Bonus=0.0
[2026-05-22 10:14:59] SCORE Gruppe 2 (purple): Final=1439.5, Time=77.8, Moves(55)=85.7, Pins(9)=900.0, Dist=376.0, Win Bonus=0.0
[2026-05-22 10:14:59] SCORE RL (red): Final=482.6, Time=54.9, Moves(55)=85.7, Pins(1)=100.0, Dist=242.0, Win Bonus=0.0
[2026-05-22 10:14:59] SCORE LosTurcos (blue): Final=950.5, Time=89.5, Moves(56)=83.0, Pins(4)=400.0, Dist=378.0, Win Bonus=0.0
[2026-05-22 10:14:59] ALL WRONG MOVES BY COLOUR: {'gray0': ['34 (turn timeout)', '82 (turn timeout)', '136 (turn timeout)', '154 (turn timeout)']}
[2026-05-22 10:14:59] GAME TIME LIMIT REACHED.
[2026-05-22 10:14:59] SCORE PCS (lawn green): Final=724.4, Time=83.4, Moves(56)=83.0, Pins(2)=200.0, Dist=358.0, Win Bonus=0.0
[2026-05-22 10:14:59] SCORE AlphaZeroClue (gray0): Final=2506.4, Time=13.7, Moves(52)=92.7, Pins(10)=1000.0, Dist=400.0, Win Bonus=1000.0
[2026-05-22 10:14:59] SCORE Group7 (yellow): Final=1456.5, Time=75.5, Moves(56)=83.0, Pins(9)=900.0, Dist=398.0, Win Bonus=0.0
[2026-05-22 10:14:59] SCORE Gruppe 2 (purple): Final=1439.5, Time=77.8, Moves(55)=85.7, Pins(9)=900.0, Dist=376.0, Win Bonus=0.0
[2026-05-22 10:14:59] SCORE RL (red): Final=482.6, Time=54.9, Moves(55)=85.7, Pins(1)=100.0, Dist=242.0, Win Bonus=0.0
[2026-05-22 10:14:59] SCORE LosTurcos (blue): Final=950.5, Time=89.5, Moves(56)=83.0, Pins(4)=400.0, Dist=378.0, Win Bonus=0.0
[2026-05-22 10:14:59] ALL WRONG MOVES BY COLOUR: {'gray0': ['34 (turn timeout)', '82 (turn timeout)', '136 (turn timeout)', '154 (turn timeout)']}
[2026-05-22 10:14:59] GAME TIME LIMIT REACHED.
[2026-05-22 10:14:59] SCORE PCS (lawn green): Final=724.4, Time=83.4, Moves(56)=83.0, Pins(2)=200.0, Dist=358.0, Win Bonus=0.0
[2026-05-22 10:14:59] SCORE AlphaZeroClue (gray0): Final=2506.4, Time=13.7, Moves(52)=92.7, Pins(10)=1000.0, Dist=400.0, Win Bonus=1000.0
[2026-05-22 10:14:59] SCORE Group7 (yellow): Final=1456.5, Time=75.5, Moves(56)=83.0, Pins(9)=900.0, Dist=398.0, Win Bonus=0.0
[2026-05-22 10:14:59] SCORE Gruppe 2 (purple): Final=1439.5, Time=77.8, Moves(55)=85.7, Pins(9)=900.0, Dist=376.0, Win Bonus=0.0
[2026-05-22 10:14:59] SCORE RL (red): Final=482.6, Time=54.9, Moves(55)=85.7, Pins(1)=100.0, Dist=242.0, Win Bonus=0.0
[2026-05-22 10:14:59] SCORE LosTurcos (blue): Final=950.5, Time=89.5, Moves(56)=83.0, Pins(4)=400.0, Dist=378.0, Win Bonus=0.0
[2026-05-22 10:14:59] ALL WRONG MOVES BY COLOUR: {'gray0': ['34 (turn timeout)', '82 (turn timeout)', '136 (turn timeout)', '154 (turn timeout)']}
[2026-05-22 10:14:59] GAME TIME LIMIT REACHED.
[2026-05-22 10:15:00] SCORE PCS (lawn green): Final=724.4, Time=83.4, Moves(56)=83.0, Pins(2)=200.0, Dist=358.0, Win Bonus=0.0
[2026-05-22 10:15:00] SCORE AlphaZeroClue (gray0): Final=2506.4, Time=13.7, Moves(52)=92.7, Pins(10)=1000.0, Dist=400.0, Win Bonus=1000.0
[2026-05-22 10:15:00] SCORE Group7 (yellow): Final=1456.5, Time=75.5, Moves(56)=83.0, Pins(9)=900.0, Dist=398.0, Win Bonus=0.0
[2026-05-22 10:15:00] SCORE Gruppe 2 (purple): Final=1439.5, Time=77.8, Moves(55)=85.7, Pins(9)=900.0, Dist=376.0, Win Bonus=0.0
[2026-05-22 10:15:00] SCORE RL (red): Final=482.6, Time=54.9, Moves(55)=85.7, Pins(1)=100.0, Dist=242.0, Win Bonus=0.0
[2026-05-22 10:15:00] SCORE LosTurcos (blue): Final=950.5, Time=89.5, Moves(56)=83.0, Pins(4)=400.0, Dist=378.0, Win Bonus=0.0
[2026-05-22 10:15:00] ALL WRONG MOVES BY COLOUR: {'gray0': ['34 (turn timeout)', '82 (turn timeout)', '136 (turn timeout)', '154 (turn timeout)']}
[2026-05-22 10:15:00] GAME TIME LIMIT REACHED.
[2026-05-22 10:15:00] SCORE PCS (lawn green): Final=724.4, Time=83.4, Moves(56)=83.0, Pins(2)=200.0, Dist=358.0, Win Bonus=0.0
[2026-05-22 10:15:00] SCORE AlphaZeroClue (gray0): Final=2506.4, Time=13.7, Moves(52)=92.7, Pins(10)=1000.0, Dist=400.0, Win Bonus=1000.0
[2026-05-22 10:15:00] SCORE Group7 (yellow): Final=1456.5, Time=75.5, Moves(56)=83.0, Pins(9)=900.0, Dist=398.0, Win Bonus=0.0
[2026-05-22 10:15:00] SCORE Gruppe 2 (purple): Final=1439.5, Time=77.8, Moves(55)=85.7, Pins(9)=900.0, Dist=376.0, Win Bonus=0.0
[2026-05-22 10:15:00] SCORE RL (red): Final=482.6, Time=54.9, Moves(55)=85.7, Pins(1)=100.0, Dist=242.0, Win Bonus=0.0
[2026-05-22 10:15:00] SCORE LosTurcos (blue): Final=950.5, Time=89.5, Moves(56)=83.0, Pins(4)=400.0, Dist=378.0, Win Bonus=0.0
[2026-05-22 10:15:00] ALL WRONG MOVES BY COLOUR: {'gray0': ['34 (turn timeout)', '82 (turn timeout)', '136 (turn timeout)', '154 (turn timeout)']}
[2026-05-22 10:15:00] GAME TIME LIMIT REACHED.
[2026-05-22 10:15:00] SCORE PCS (lawn green): Final=724.4, Time=83.4, Moves(56)=83.0, Pins(2)=200.0, Dist=358.0, Win Bonus=0.0
[2026-05-22 10:15:00] SCORE AlphaZeroClue (gray0): Final=2506.4, Time=13.7, Moves(52)=92.7, Pins(10)=1000.0, Dist=400.0, Win Bonus=1000.0
[2026-05-22 10:15:00] SCORE Group7 (yellow): Final=1456.5, Time=75.5, Moves(56)=83.0, Pins(9)=900.0, Dist=398.0, Win Bonus=0.0
[2026-05-22 10:15:00] SCORE Gruppe 2 (purple): Final=1439.5, Time=77.8, Moves(55)=85.7, Pins(9)=900.0, Dist=376.0, Win Bonus=0.0
[2026-05-22 10:15:00] SCORE RL (red): Final=482.6, Time=54.9, Moves(55)=85.7, Pins(1)=100.0, Dist=242.0, Win Bonus=0.0
[2026-05-22 10:15:00] SCORE LosTurcos (blue): Final=950.5, Time=89.5, Moves(56)=83.0, Pins(4)=400.0, Dist=378.0, Win Bonus=0.0
[2026-05-22 10:15:00] ALL WRONG MOVES BY COLOUR: {'gray0': ['34 (turn timeout)', '82 (turn timeout)', '136 (turn timeout)', '154 (turn timeout)']}
[2026-05-22 10:15:00] GAME TIME LIMIT REACHED.
[2026-05-22 10:15:00] SCORE PCS (lawn green): Final=724.4, Time=83.4, Moves(56)=83.0, Pins(2)=200.0, Dist=358.0, Win Bonus=0.0
[2026-05-22 10:15:00] SCORE AlphaZeroClue (gray0): Final=2506.4, Time=13.7, Moves(52)=92.7, Pins(10)=1000.0, Dist=400.0, Win Bonus=1000.0
[2026-05-22 10:15:00] SCORE Group7 (yellow): Final=1456.5, Time=75.5, Moves(56)=83.0, Pins(9)=900.0, Dist=398.0, Win Bonus=0.0
[2026-05-22 10:15:00] SCORE Gruppe 2 (purple): Final=1439.5, Time=77.8, Moves(55)=85.7, Pins(9)=900.0, Dist=376.0, Win Bonus=0.0
[2026-05-22 10:15:00] SCORE RL (red): Final=482.6, Time=54.9, Moves(55)=85.7, Pins(1)=100.0, Dist=242.0, Win Bonus=0.0
[2026-05-22 10:15:00] SCORE LosTurcos (blue): Final=950.5, Time=89.5, Moves(56)=83.0, Pins(4)=400.0, Dist=378.0, Win Bonus=0.0
[2026-05-22 10:15:00] ALL WRONG MOVES BY COLOUR: {'gray0': ['34 (turn timeout)', '82 (turn timeout)', '136 (turn timeout)', '154 (turn timeout)']}
[2026-05-22 10:15:00] GAME TIME LIMIT REACHED.
[2026-05-22 10:15:01] SCORE PCS (lawn green): Final=724.4, Time=83.4, Moves(56)=83.0, Pins(2)=200.0, Dist=358.0, Win Bonus=0.0
[2026-05-22 10:15:01] SCORE AlphaZeroClue (gray0): Final=2506.4, Time=13.7, Moves(52)=92.7, Pins(10)=1000.0, Dist=400.0, Win Bonus=1000.0
[2026-05-22 10:15:01] SCORE Group7 (yellow): Final=1456.5, Time=75.5, Moves(56)=83.0, Pins(9)=900.0, Dist=398.0, Win Bonus=0.0
[2026-05-22 10:15:01] SCORE Gruppe 2 (purple): Final=1439.5, Time=77.8, Moves(55)=85.7, Pins(9)=900.0, Dist=376.0, Win Bonus=0.0
[2026-05-22 10:15:01] SCORE RL (red): Final=482.6, Time=54.9, Moves(55)=85.7, Pins(1)=100.0, Dist=242.0, Win Bonus=0.0
[2026-05-22 10:15:01] SCORE LosTurcos (blue): Final=950.5, Time=89.5, Moves(56)=83.0, Pins(4)=400.0, Dist=378.0, Win Bonus=0.0
[2026-05-22 10:15:01] ALL WRONG MOVES BY COLOUR: {'gray0': ['34 (turn timeout)', '82 (turn timeout)', '136 (turn timeout)', '154 (turn timeout)']}
[2026-05-22 10:15:01] GAME TIME LIMIT REACHED.
[2026-05-22 10:15:01] SCORE PCS (lawn green): Final=724.4, Time=83.4, Moves(56)=83.0, Pins(2)=200.0, Dist=358.0, Win Bonus=0.0
[2026-05-22 10:15:01] SCORE AlphaZeroClue (gray0): Final=2506.4, Time=13.7, Moves(52)=92.7, Pins(10)=1000.0, Dist=400.0, Win Bonus=1000.0
[2026-05-22 10:15:01] SCORE Group7 (yellow): Final=1456.5, Time=75.5, Moves(56)=83.0, Pins(9)=900.0, Dist=398.0, Win Bonus=0.0
[2026-05-22 10:15:01] SCORE Gruppe 2 (purple): Final=1439.5, Time=77.8, Moves(55)=85.7, Pins(9)=900.0, Dist=376.0, Win Bonus=0.0
[2026-05-22 10:15:01] SCORE RL (red): Final=482.6, Time=54.9, Moves(55)=85.7, Pins(1)=100.0, Dist=242.0, Win Bonus=0.0
[2026-05-22 10:15:01] SCORE LosTurcos (blue): Final=950.5, Time=89.5, Moves(56)=83.0, Pins(4)=400.0, Dist=378.0, Win Bonus=0.0
[2026-05-22 10:15:01] ALL WRONG MOVES BY COLOUR: {'gray0': ['34 (turn timeout)', '82 (turn timeout)', '136 (turn timeout)', '154 (turn timeout)']}
[2026-05-22 10:15:01] GAME TIME LIMIT REACHED.
[2026-05-22 10:15:01] SCORE PCS (lawn green): Final=724.4, Time=83.4, Moves(56)=83.0, Pins(2)=200.0, Dist=358.0, Win Bonus=0.0
[2026-05-22 10:15:01] SCORE AlphaZeroClue (gray0): Final=2506.4, Time=13.7, Moves(52)=92.7, Pins(10)=1000.0, Dist=400.0, Win Bonus=1000.0
[2026-05-22 10:15:01] SCORE Group7 (yellow): Final=1456.5, Time=75.5, Moves(56)=83.0, Pins(9)=900.0, Dist=398.0, Win Bonus=0.0
[2026-05-22 10:15:01] SCORE Gruppe 2 (purple): Final=1439.5, Time=77.8, Moves(55)=85.7, Pins(9)=900.0, Dist=376.0, Win Bonus=0.0
[2026-05-22 10:15:01] SCORE RL (red): Final=482.6, Time=54.9, Moves(55)=85.7, Pins(1)=100.0, Dist=242.0, Win Bonus=0.0
[2026-05-22 10:15:01] SCORE LosTurcos (blue): Final=950.5, Time=89.5, Moves(56)=83.0, Pins(4)=400.0, Dist=378.0, Win Bonus=0.0
[2026-05-22 10:15:01] ALL WRONG MOVES BY COLOUR: {'gray0': ['34 (turn timeout)', '82 (turn timeout)', '136 (turn timeout)', '154 (turn timeout)']}
[2026-05-22 10:15:01] GAME TIME LIMIT REACHED.
[2026-05-22 10:15:01] SCORE PCS (lawn green): Final=724.4, Time=83.4, Moves(56)=83.0, Pins(2)=200.0, Dist=358.0, Win Bonus=0.0
[2026-05-22 10:15:01] SCORE AlphaZeroClue (gray0): Final=2506.4, Time=13.7, Moves(52)=92.7, Pins(10)=1000.0, Dist=400.0, Win Bonus=1000.0
[2026-05-22 10:15:01] SCORE Group7 (yellow): Final=1456.5, Time=75.5, Moves(56)=83.0, Pins(9)=900.0, Dist=398.0, Win Bonus=0.0
[2026-05-22 10:15:01] SCORE Gruppe 2 (purple): Final=1439.5, Time=77.8, Moves(55)=85.7, Pins(9)=900.0, Dist=376.0, Win Bonus=0.0
[2026-05-22 10:15:01] SCORE RL (red): Final=482.6, Time=54.9, Moves(55)=85.7, Pins(1)=100.0, Dist=242.0, Win Bonus=0.0
[2026-05-22 10:15:01] SCORE LosTurcos (blue): Final=950.5, Time=89.5, Moves(56)=83.0, Pins(4)=400.0, Dist=378.0, Win Bonus=0.0
[2026-05-22 10:15:01] ALL WRONG MOVES BY COLOUR: {'gray0': ['34 (turn timeout)', '82 (turn timeout)', '136 (turn timeout)', '154 (turn timeout)']}
[2026-05-22 10:15:01] GAME TIME LIMIT REACHED.
[2026-05-22 10:15:02] SCORE PCS (lawn green): Final=724.4, Time=83.4, Moves(56)=83.0, Pins(2)=200.0, Dist=358.0, Win Bonus=0.0
[2026-05-22 10:15:02] SCORE AlphaZeroClue (gray0): Final=2506.4, Time=13.7, Moves(52)=92.7, Pins(10)=1000.0, Dist=400.0, Win Bonus=1000.0
[2026-05-22 10:15:02] SCORE Group7 (yellow): Final=1456.5, Time=75.5, Moves(56)=83.0, Pins(9)=900.0, Dist=398.0, Win Bonus=0.0
[2026-05-22 10:15:02] SCORE Gruppe 2 (purple): Final=1439.5, Time=77.8, Moves(55)=85.7, Pins(9)=900.0, Dist=376.0, Win Bonus=0.0
[2026-05-22 10:15:02] SCORE RL (red): Final=482.6, Time=54.9, Moves(55)=85.7, Pins(1)=100.0, Dist=242.0, Win Bonus=0.0
[2026-05-22 10:15:02] SCORE LosTurcos (blue): Final=950.5, Time=89.5, Moves(56)=83.0, Pins(4)=400.0, Dist=378.0, Win Bonus=0.0
[2026-05-22 10:15:02] ALL WRONG MOVES BY COLOUR: {'gray0': ['34 (turn timeout)', '82 (turn timeout)', '136 (turn timeout)', '154 (turn timeout)']}
[2026-05-22 10:15:02] GAME TIME LIMIT REACHED.
[2026-05-22 10:15:02] SCORE PCS (lawn green): Final=724.4, Time=83.4, Moves(56)=83.0, Pins(2)=200.0, Dist=358.0, Win Bonus=0.0
[2026-05-22 10:15:02] SCORE AlphaZeroClue (gray0): Final=2506.4, Time=13.7, Moves(52)=92.7, Pins(10)=1000.0, Dist=400.0, Win Bonus=1000.0
[2026-05-22 10:15:02] SCORE Group7 (yellow): Final=1456.5, Time=75.5, Moves(56)=83.0, Pins(9)=900.0, Dist=398.0, Win Bonus=0.0
[2026-05-22 10:15:02] SCORE Gruppe 2 (purple): Final=1439.5, Time=77.8, Moves(55)=85.7, Pins(9)=900.0, Dist=376.0, Win Bonus=0.0
[2026-05-22 10:15:02] SCORE RL (red): Final=482.6, Time=54.9, Moves(55)=85.7, Pins(1)=100.0, Dist=242.0, Win Bonus=0.0
[2026-05-22 10:15:02] SCORE LosTurcos (blue): Final=950.5, Time=89.5, Moves(56)=83.0, Pins(4)=400.0, Dist=378.0, Win Bonus=0.0
[2026-05-22 10:15:02] ALL WRONG MOVES BY COLOUR: {'gray0': ['34 (turn timeout)', '82 (turn timeout)', '136 (turn timeout)', '154 (turn timeout)']}
[2026-05-22 10:15:02] GAME TIME LIMIT REACHED.
[2026-05-22 10:15:02] SCORE PCS (lawn green): Final=724.4, Time=83.4, Moves(56)=83.0, Pins(2)=200.0, Dist=358.0, Win Bonus=0.0
[2026-05-22 10:15:02] SCORE AlphaZeroClue (gray0): Final=2506.4, Time=13.7, Moves(52)=92.7, Pins(10)=1000.0, Dist=400.0, Win Bonus=1000.0
[2026-05-22 10:15:02] SCORE Group7 (yellow): Final=1456.5, Time=75.5, Moves(56)=83.0, Pins(9)=900.0, Dist=398.0, Win Bonus=0.0
[2026-05-22 10:15:02] SCORE Gruppe 2 (purple): Final=1439.5, Time=77.8, Moves(55)=85.7, Pins(9)=900.0, Dist=376.0, Win Bonus=0.0
[2026-05-22 10:15:02] SCORE RL (red): Final=482.6, Time=54.9, Moves(55)=85.7, Pins(1)=100.0, Dist=242.0, Win Bonus=0.0
[2026-05-22 10:15:02] SCORE LosTurcos (blue): Final=950.5, Time=89.5, Moves(56)=83.0, Pins(4)=400.0, Dist=378.0, Win Bonus=0.0
[2026-05-22 10:15:02] ALL WRONG MOVES BY COLOUR: {'gray0': ['34 (turn timeout)', '82 (turn timeout)', '136 (turn timeout)', '154 (turn timeout)']}
[2026-05-22 10:15:02] GAME TIME LIMIT REACHED.
[2026-05-22 10:15:02] SCORE PCS (lawn green): Final=724.4, Time=83.4, Moves(56)=83.0, Pins(2)=200.0, Dist=358.0, Win Bonus=0.0
[2026-05-22 10:15:02] SCORE AlphaZeroClue (gray0): Final=2506.4, Time=13.7, Moves(52)=92.7, Pins(10)=1000.0, Dist=400.0, Win Bonus=1000.0
[2026-05-22 10:15:02] SCORE Group7 (yellow): Final=1456.5, Time=75.5, Moves(56)=83.0, Pins(9)=900.0, Dist=398.0, Win Bonus=0.0
[2026-05-22 10:15:02] SCORE Gruppe 2 (purple): Final=1439.5, Time=77.8, Moves(55)=85.7, Pins(9)=900.0, Dist=376.0, Win Bonus=0.0
[2026-05-22 10:15:02] SCORE RL (red): Final=482.6, Time=54.9, Moves(55)=85.7, Pins(1)=100.0, Dist=242.0, Win Bonus=0.0
[2026-05-22 10:15:02] SCORE LosTurcos (blue): Final=950.5, Time=89.5, Moves(56)=83.0, Pins(4)=400.0, Dist=378.0, Win Bonus=0.0
[2026-05-22 10:15:02] ALL WRONG MOVES BY COLOUR: {'gray0': ['34 (turn timeout)', '82 (turn timeout)', '136 (turn timeout)', '154 (turn timeout)']}
[2026-05-22 10:15:02] GAME TIME LIMIT REACHED.
[2026-05-22 10:15:03] SCORE PCS (lawn green): Final=724.4, Time=83.4, Moves(56)=83.0, Pins(2)=200.0, Dist=358.0, Win Bonus=0.0
[2026-05-22 10:15:03] SCORE AlphaZeroClue (gray0): Final=2506.4, Time=13.7, Moves(52)=92.7, Pins(10)=1000.0, Dist=400.0, Win Bonus=1000.0
[2026-05-22 10:15:03] SCORE Group7 (yellow): Final=1456.5, Time=75.5, Moves(56)=83.0, Pins(9)=900.0, Dist=398.0, Win Bonus=0.0
[2026-05-22 10:15:03] SCORE Gruppe 2 (purple): Final=1439.5, Time=77.8, Moves(55)=85.7, Pins(9)=900.0, Dist=376.0, Win Bonus=0.0
[2026-05-22 10:15:03] SCORE RL (red): Final=482.6, Time=54.9, Moves(55)=85.7, Pins(1)=100.0, Dist=242.0, Win Bonus=0.0
[2026-05-22 10:15:03] SCORE LosTurcos (blue): Final=950.5, Time=89.5, Moves(56)=83.0, Pins(4)=400.0, Dist=378.0, Win Bonus=0.0
[2026-05-22 10:15:03] ALL WRONG MOVES BY COLOUR: {'gray0': ['34 (turn timeout)', '82 (turn timeout)', '136 (turn timeout)', '154 (turn timeout)']}
[2026-05-22 10:15:03] GAME TIME LIMIT REACHED.
[2026-05-22 10:15:03] SCORE PCS (lawn green): Final=724.4, Time=83.4, Moves(56)=83.0, Pins(2)=200.0, Dist=358.0, Win Bonus=0.0
[2026-05-22 10:15:03] SCORE AlphaZeroClue (gray0): Final=2506.4, Time=13.7, Moves(52)=92.7, Pins(10)=1000.0, Dist=400.0, Win Bonus=1000.0
[2026-05-22 10:15:03] SCORE Group7 (yellow): Final=1456.5, Time=75.5, Moves(56)=83.0, Pins(9)=900.0, Dist=398.0, Win Bonus=0.0
[2026-05-22 10:15:03] SCORE Gruppe 2 (purple): Final=1439.5, Time=77.8, Moves(55)=85.7, Pins(9)=900.0, Dist=376.0, Win Bonus=0.0
[2026-05-22 10:15:03] SCORE RL (red): Final=482.6, Time=54.9, Moves(55)=85.7, Pins(1)=100.0, Dist=242.0, Win Bonus=0.0
[2026-05-22 10:15:03] SCORE LosTurcos (blue): Final=950.5, Time=89.5, Moves(56)=83.0, Pins(4)=400.0, Dist=378.0, Win Bonus=0.0
[2026-05-22 10:15:03] ALL WRONG MOVES BY COLOUR: {'gray0': ['34 (turn timeout)', '82 (turn timeout)', '136 (turn timeout)', '154 (turn timeout)']}
[2026-05-22 10:15:03] GAME TIME LIMIT REACHED.
[2026-05-22 10:15:03] SCORE PCS (lawn green): Final=724.4, Time=83.4, Moves(56)=83.0, Pins(2)=200.0, Dist=358.0, Win Bonus=0.0
[2026-05-22 10:15:03] SCORE AlphaZeroClue (gray0): Final=2506.4, Time=13.7, Moves(52)=92.7, Pins(10)=1000.0, Dist=400.0, Win Bonus=1000.0
[2026-05-22 10:15:03] SCORE Group7 (yellow): Final=1456.5, Time=75.5, Moves(56)=83.0, Pins(9)=900.0, Dist=398.0, Win Bonus=0.0
[2026-05-22 10:15:03] SCORE Gruppe 2 (purple): Final=1439.5, Time=77.8, Moves(55)=85.7, Pins(9)=900.0, Dist=376.0, Win Bonus=0.0
[2026-05-22 10:15:03] SCORE RL (red): Final=482.6, Time=54.9, Moves(55)=85.7, Pins(1)=100.0, Dist=242.0, Win Bonus=0.0
[2026-05-22 10:15:03] SCORE LosTurcos (blue): Final=950.5, Time=89.5, Moves(56)=83.0, Pins(4)=400.0, Dist=378.0, Win Bonus=0.0
[2026-05-22 10:15:03] ALL WRONG MOVES BY COLOUR: {'gray0': ['34 (turn timeout)', '82 (turn timeout)', '136 (turn timeout)', '154 (turn timeout)']}
[2026-05-22 10:15:03] GAME TIME LIMIT REACHED.
[2026-05-22 10:15:03] SCORE PCS (lawn green): Final=724.4, Time=83.4, Moves(56)=83.0, Pins(2)=200.0, Dist=358.0, Win Bonus=0.0
[2026-05-22 10:15:03] SCORE AlphaZeroClue (gray0): Final=2506.4, Time=13.7, Moves(52)=92.7, Pins(10)=1000.0, Dist=400.0, Win Bonus=1000.0
[2026-05-22 10:15:03] SCORE Group7 (yellow): Final=1456.5, Time=75.5, Moves(56)=83.0, Pins(9)=900.0, Dist=398.0, Win Bonus=0.0
[2026-05-22 10:15:03] SCORE Gruppe 2 (purple): Final=1439.5, Time=77.8, Moves(55)=85.7, Pins(9)=900.0, Dist=376.0, Win Bonus=0.0
[2026-05-22 10:15:03] SCORE RL (red): Final=482.6, Time=54.9, Moves(55)=85.7, Pins(1)=100.0, Dist=242.0, Win Bonus=0.0
[2026-05-22 10:15:03] SCORE LosTurcos (blue): Final=950.5, Time=89.5, Moves(56)=83.0, Pins(4)=400.0, Dist=378.0, Win Bonus=0.0
[2026-05-22 10:15:03] ALL WRONG MOVES BY COLOUR: {'gray0': ['34 (turn timeout)', '82 (turn timeout)', '136 (turn timeout)', '154 (turn timeout)']}
[2026-05-22 10:15:03] GAME TIME LIMIT REACHED.
[2026-05-22 10:15:04] SCORE PCS (lawn green): Final=724.4, Time=83.4, Moves(56)=83.0, Pins(2)=200.0, Dist=358.0, Win Bonus=0.0
[2026-05-22 10:15:04] SCORE AlphaZeroClue (gray0): Final=2506.4, Time=13.7, Moves(52)=92.7, Pins(10)=1000.0, Dist=400.0, Win Bonus=1000.0
[2026-05-22 10:15:04] SCORE Group7 (yellow): Final=1456.5, Time=75.5, Moves(56)=83.0, Pins(9)=900.0, Dist=398.0, Win Bonus=0.0
[2026-05-22 10:15:04] SCORE Gruppe 2 (purple): Final=1439.5, Time=77.8, Moves(55)=85.7, Pins(9)=900.0, Dist=376.0, Win Bonus=0.0
[2026-05-22 10:15:04] SCORE RL (red): Final=482.6, Time=54.9, Moves(55)=85.7, Pins(1)=100.0, Dist=242.0, Win Bonus=0.0
[2026-05-22 10:15:04] SCORE LosTurcos (blue): Final=950.5, Time=89.5, Moves(56)=83.0, Pins(4)=400.0, Dist=378.0, Win Bonus=0.0
[2026-05-22 10:15:04] ALL WRONG MOVES BY COLOUR: {'gray0': ['34 (turn timeout)', '82 (turn timeout)', '136 (turn timeout)', '154 (turn timeout)']}
[2026-05-22 10:15:04] GAME TIME LIMIT REACHED.
[2026-05-22 10:15:04] SCORE PCS (lawn green): Final=724.4, Time=83.4, Moves(56)=83.0, Pins(2)=200.0, Dist=358.0, Win Bonus=0.0
[2026-05-22 10:15:04] SCORE AlphaZeroClue (gray0): Final=2506.4, Time=13.7, Moves(52)=92.7, Pins(10)=1000.0, Dist=400.0, Win Bonus=1000.0
[2026-05-22 10:15:04] SCORE Group7 (yellow): Final=1456.5, Time=75.5, Moves(56)=83.0, Pins(9)=900.0, Dist=398.0, Win Bonus=0.0
[2026-05-22 10:15:04] SCORE Gruppe 2 (purple): Final=1439.5, Time=77.8, Moves(55)=85.7, Pins(9)=900.0, Dist=376.0, Win Bonus=0.0
[2026-05-22 10:15:04] SCORE RL (red): Final=482.6, Time=54.9, Moves(55)=85.7, Pins(1)=100.0, Dist=242.0, Win Bonus=0.0
[2026-05-22 10:15:04] SCORE LosTurcos (blue): Final=950.5, Time=89.5, Moves(56)=83.0, Pins(4)=400.0, Dist=378.0, Win Bonus=0.0
[2026-05-22 10:15:04] ALL WRONG MOVES BY COLOUR: {'gray0': ['34 (turn timeout)', '82 (turn timeout)', '136 (turn timeout)', '154 (turn timeout)']}
[2026-05-22 10:15:04] GAME TIME LIMIT REACHED.
[2026-05-22 10:15:04] SCORE PCS (lawn green): Final=724.4, Time=83.4, Moves(56)=83.0, Pins(2)=200.0, Dist=358.0, Win Bonus=0.0
[2026-05-22 10:15:04] SCORE AlphaZeroClue (gray0): Final=2506.4, Time=13.7, Moves(52)=92.7, Pins(10)=1000.0, Dist=400.0, Win Bonus=1000.0
[2026-05-22 10:15:04] SCORE Group7 (yellow): Final=1456.5, Time=75.5, Moves(56)=83.0, Pins(9)=900.0, Dist=398.0, Win Bonus=0.0
[2026-05-22 10:15:04] SCORE Gruppe 2 (purple): Final=1439.5, Time=77.8, Moves(55)=85.7, Pins(9)=900.0, Dist=376.0, Win Bonus=0.0
[2026-05-22 10:15:04] SCORE RL (red): Final=482.6, Time=54.9, Moves(55)=85.7, Pins(1)=100.0, Dist=242.0, Win Bonus=0.0
[2026-05-22 10:15:04] SCORE LosTurcos (blue): Final=950.5, Time=89.5, Moves(56)=83.0, Pins(4)=400.0, Dist=378.0, Win Bonus=0.0
[2026-05-22 10:15:04] ALL WRONG MOVES BY COLOUR: {'gray0': ['34 (turn timeout)', '82 (turn timeout)', '136 (turn timeout)', '154 (turn timeout)']}
[2026-05-22 10:15:04] GAME TIME LIMIT REACHED.
[2026-05-22 10:15:04] SCORE PCS (lawn green): Final=724.4, Time=83.4, Moves(56)=83.0, Pins(2)=200.0, Dist=358.0, Win Bonus=0.0
[2026-05-22 10:15:04] SCORE AlphaZeroClue (gray0): Final=2506.4, Time=13.7, Moves(52)=92.7, Pins(10)=1000.0, Dist=400.0, Win Bonus=1000.0
[2026-05-22 10:15:04] SCORE Group7 (yellow): Final=1456.5, Time=75.5, Moves(56)=83.0, Pins(9)=900.0, Dist=398.0, Win Bonus=0.0
[2026-05-22 10:15:04] SCORE Gruppe 2 (purple): Final=1439.5, Time=77.8, Moves(55)=85.7, Pins(9)=900.0, Dist=376.0, Win Bonus=0.0
[2026-05-22 10:15:04] SCORE RL (red): Final=482.6, Time=54.9, Moves(55)=85.7, Pins(1)=100.0, Dist=242.0, Win Bonus=0.0
[2026-05-22 10:15:04] SCORE LosTurcos (blue): Final=950.5, Time=89.5, Moves(56)=83.0, Pins(4)=400.0, Dist=378.0, Win Bonus=0.0
[2026-05-22 10:15:04] ALL WRONG MOVES BY COLOUR: {'gray0': ['34 (turn timeout)', '82 (turn timeout)', '136 (turn timeout)', '154 (turn timeout)']}
[2026-05-22 10:15:04] GAME TIME LIMIT REACHED.
[2026-05-22 10:15:05] SCORE PCS (lawn green): Final=724.4, Time=83.4, Moves(56)=83.0, Pins(2)=200.0, Dist=358.0, Win Bonus=0.0
[2026-05-22 10:15:05] SCORE AlphaZeroClue (gray0): Final=2506.4, Time=13.7, Moves(52)=92.7, Pins(10)=1000.0, Dist=400.0, Win Bonus=1000.0
[2026-05-22 10:15:05] SCORE Group7 (yellow): Final=1456.5, Time=75.5, Moves(56)=83.0, Pins(9)=900.0, Dist=398.0, Win Bonus=0.0
[2026-05-22 10:15:05] SCORE Gruppe 2 (purple): Final=1439.5, Time=77.8, Moves(55)=85.7, Pins(9)=900.0, Dist=376.0, Win Bonus=0.0
[2026-05-22 10:15:05] SCORE RL (red): Final=482.6, Time=54.9, Moves(55)=85.7, Pins(1)=100.0, Dist=242.0, Win Bonus=0.0
[2026-05-22 10:15:05] SCORE LosTurcos (blue): Final=950.5, Time=89.5, Moves(56)=83.0, Pins(4)=400.0, Dist=378.0, Win Bonus=0.0
[2026-05-22 10:15:05] ALL WRONG MOVES BY COLOUR: {'gray0': ['34 (turn timeout)', '82 (turn timeout)', '136 (turn timeout)', '154 (turn timeout)']}
[2026-05-22 10:15:05] GAME TIME LIMIT REACHED.
[2026-05-22 10:15:05] SCORE PCS (lawn green): Final=724.4, Time=83.4, Moves(56)=83.0, Pins(2)=200.0, Dist=358.0, Win Bonus=0.0
[2026-05-22 10:15:05] SCORE AlphaZeroClue (gray0): Final=2506.4, Time=13.7, Moves(52)=92.7, Pins(10)=1000.0, Dist=400.0, Win Bonus=1000.0
[2026-05-22 10:15:05] SCORE Group7 (yellow): Final=1456.5, Time=75.5, Moves(56)=83.0, Pins(9)=900.0, Dist=398.0, Win Bonus=0.0
[2026-05-22 10:15:05] SCORE Gruppe 2 (purple): Final=1439.5, Time=77.8, Moves(55)=85.7, Pins(9)=900.0, Dist=376.0, Win Bonus=0.0
[2026-05-22 10:15:05] SCORE RL (red): Final=482.6, Time=54.9, Moves(55)=85.7, Pins(1)=100.0, Dist=242.0, Win Bonus=0.0
[2026-05-22 10:15:05] SCORE LosTurcos (blue): Final=950.5, Time=89.5, Moves(56)=83.0, Pins(4)=400.0, Dist=378.0, Win Bonus=0.0
[2026-05-22 10:15:05] ALL WRONG MOVES BY COLOUR: {'gray0': ['34 (turn timeout)', '82 (turn timeout)', '136 (turn timeout)', '154 (turn timeout)']}
[2026-05-22 10:15:05] GAME TIME LIMIT REACHED.
[2026-05-22 10:15:05] SCORE PCS (lawn green): Final=724.4, Time=83.4, Moves(56)=83.0, Pins(2)=200.0, Dist=358.0, Win Bonus=0.0
[2026-05-22 10:15:05] SCORE AlphaZeroClue (gray0): Final=2506.4, Time=13.7, Moves(52)=92.7, Pins(10)=1000.0, Dist=400.0, Win Bonus=1000.0
[2026-05-22 10:15:05] SCORE Group7 (yellow): Final=1456.5, Time=75.5, Moves(56)=83.0, Pins(9)=900.0, Dist=398.0, Win Bonus=0.0
[2026-05-22 10:15:05] SCORE Gruppe 2 (purple): Final=1439.5, Time=77.8, Moves(55)=85.7, Pins(9)=900.0, Dist=376.0, Win Bonus=0.0
[2026-05-22 10:15:05] SCORE RL (red): Final=482.6, Time=54.9, Moves(55)=85.7, Pins(1)=100.0, Dist=242.0, Win Bonus=0.0
[2026-05-22 10:15:05] SCORE LosTurcos (blue): Final=950.5, Time=89.5, Moves(56)=83.0, Pins(4)=400.0, Dist=378.0, Win Bonus=0.0
[2026-05-22 10:15:05] ALL WRONG MOVES BY COLOUR: {'gray0': ['34 (turn timeout)', '82 (turn timeout)', '136 (turn timeout)', '154 (turn timeout)']}
[2026-05-22 10:15:05] GAME TIME LIMIT REACHED.
[2026-05-22 10:15:05] SCORE PCS (lawn green): Final=724.4, Time=83.4, Moves(56)=83.0, Pins(2)=200.0, Dist=358.0, Win Bonus=0.0
[2026-05-22 10:15:05] SCORE AlphaZeroClue (gray0): Final=2506.4, Time=13.7, Moves(52)=92.7, Pins(10)=1000.0, Dist=400.0, Win Bonus=1000.0
[2026-05-22 10:15:05] SCORE Group7 (yellow): Final=1456.5, Time=75.5, Moves(56)=83.0, Pins(9)=900.0, Dist=398.0, Win Bonus=0.0
[2026-05-22 10:15:05] SCORE Gruppe 2 (purple): Final=1439.5, Time=77.8, Moves(55)=85.7, Pins(9)=900.0, Dist=376.0, Win Bonus=0.0
[2026-05-22 10:15:05] SCORE RL (red): Final=482.6, Time=54.9, Moves(55)=85.7, Pins(1)=100.0, Dist=242.0, Win Bonus=0.0
[2026-05-22 10:15:05] SCORE LosTurcos (blue): Final=950.5, Time=89.5, Moves(56)=83.0, Pins(4)=400.0, Dist=378.0, Win Bonus=0.0
[2026-05-22 10:15:05] ALL WRONG MOVES BY COLOUR: {'gray0': ['34 (turn timeout)', '82 (turn timeout)', '136 (turn timeout)', '154 (turn timeout)']}
[2026-05-22 10:15:05] GAME TIME LIMIT REACHED.
[2026-05-22 10:15:06] SCORE PCS (lawn green): Final=724.4, Time=83.4, Moves(56)=83.0, Pins(2)=200.0, Dist=358.0, Win Bonus=0.0
[2026-05-22 10:15:06] SCORE AlphaZeroClue (gray0): Final=2506.4, Time=13.7, Moves(52)=92.7, Pins(10)=1000.0, Dist=400.0, Win Bonus=1000.0
[2026-05-22 10:15:06] SCORE Group7 (yellow): Final=1456.5, Time=75.5, Moves(56)=83.0, Pins(9)=900.0, Dist=398.0, Win Bonus=0.0
[2026-05-22 10:15:06] SCORE Gruppe 2 (purple): Final=1439.5, Time=77.8, Moves(55)=85.7, Pins(9)=900.0, Dist=376.0, Win Bonus=0.0
[2026-05-22 10:15:06] SCORE RL (red): Final=482.6, Time=54.9, Moves(55)=85.7, Pins(1)=100.0, Dist=242.0, Win Bonus=0.0
[2026-05-22 10:15:06] SCORE LosTurcos (blue): Final=950.5, Time=89.5, Moves(56)=83.0, Pins(4)=400.0, Dist=378.0, Win Bonus=0.0
[2026-05-22 10:15:06] ALL WRONG MOVES BY COLOUR: {'gray0': ['34 (turn timeout)', '82 (turn timeout)', '136 (turn timeout)', '154 (turn timeout)']}
[2026-05-22 10:15:06] GAME TIME LIMIT REACHED.
[2026-05-22 10:15:06] SCORE PCS (lawn green): Final=724.4, Time=83.4, Moves(56)=83.0, Pins(2)=200.0, Dist=358.0, Win Bonus=0.0
[2026-05-22 10:15:06] SCORE AlphaZeroClue (gray0): Final=2506.4, Time=13.7, Moves(52)=92.7, Pins(10)=1000.0, Dist=400.0, Win Bonus=1000.0
[2026-05-22 10:15:06] SCORE Group7 (yellow): Final=1456.5, Time=75.5, Moves(56)=83.0, Pins(9)=900.0, Dist=398.0, Win Bonus=0.0
[2026-05-22 10:15:06] SCORE Gruppe 2 (purple): Final=1439.5, Time=77.8, Moves(55)=85.7, Pins(9)=900.0, Dist=376.0, Win Bonus=0.0
[2026-05-22 10:15:06] SCORE RL (red): Final=482.6, Time=54.9, Moves(55)=85.7, Pins(1)=100.0, Dist=242.0, Win Bonus=0.0
[2026-05-22 10:15:06] SCORE LosTurcos (blue): Final=950.5, Time=89.5, Moves(56)=83.0, Pins(4)=400.0, Dist=378.0, Win Bonus=0.0
[2026-05-22 10:15:06] ALL WRONG MOVES BY COLOUR: {'gray0': ['34 (turn timeout)', '82 (turn timeout)', '136 (turn timeout)', '154 (turn timeout)']}
[2026-05-22 10:15:06] GAME TIME LIMIT REACHED.
[2026-05-22 10:15:06] SCORE PCS (lawn green): Final=724.4, Time=83.4, Moves(56)=83.0, Pins(2)=200.0, Dist=358.0, Win Bonus=0.0
[2026-05-22 10:15:06] SCORE AlphaZeroClue (gray0): Final=2506.4, Time=13.7, Moves(52)=92.7, Pins(10)=1000.0, Dist=400.0, Win Bonus=1000.0
[2026-05-22 10:15:06] SCORE Group7 (yellow): Final=1456.5, Time=75.5, Moves(56)=83.0, Pins(9)=900.0, Dist=398.0, Win Bonus=0.0
[2026-05-22 10:15:06] SCORE Gruppe 2 (purple): Final=1439.5, Time=77.8, Moves(55)=85.7, Pins(9)=900.0, Dist=376.0, Win Bonus=0.0
[2026-05-22 10:15:06] SCORE RL (red): Final=482.6, Time=54.9, Moves(55)=85.7, Pins(1)=100.0, Dist=242.0, Win Bonus=0.0
[2026-05-22 10:15:06] SCORE LosTurcos (blue): Final=950.5, Time=89.5, Moves(56)=83.0, Pins(4)=400.0, Dist=378.0, Win Bonus=0.0
[2026-05-22 10:15:06] ALL WRONG MOVES BY COLOUR: {'gray0': ['34 (turn timeout)', '82 (turn timeout)', '136 (turn timeout)', '154 (turn timeout)']}
[2026-05-22 10:15:06] GAME TIME LIMIT REACHED.
[2026-05-22 10:15:06] SCORE PCS (lawn green): Final=724.4, Time=83.4, Moves(56)=83.0, Pins(2)=200.0, Dist=358.0, Win Bonus=0.0
[2026-05-22 10:15:06] SCORE AlphaZeroClue (gray0): Final=2506.4, Time=13.7, Moves(52)=92.7, Pins(10)=1000.0, Dist=400.0, Win Bonus=1000.0
[2026-05-22 10:15:06] SCORE Group7 (yellow): Final=1456.5, Time=75.5, Moves(56)=83.0, Pins(9)=900.0, Dist=398.0, Win Bonus=0.0
[2026-05-22 10:15:06] SCORE Gruppe 2 (purple): Final=1439.5, Time=77.8, Moves(55)=85.7, Pins(9)=900.0, Dist=376.0, Win Bonus=0.0
[2026-05-22 10:15:06] SCORE RL (red): Final=482.6, Time=54.9, Moves(55)=85.7, Pins(1)=100.0, Dist=242.0, Win Bonus=0.0
[2026-05-22 10:15:06] SCORE LosTurcos (blue): Final=950.5, Time=89.5, Moves(56)=83.0, Pins(4)=400.0, Dist=378.0, Win Bonus=0.0
[2026-05-22 10:15:06] ALL WRONG MOVES BY COLOUR: {'gray0': ['34 (turn timeout)', '82 (turn timeout)', '136 (turn timeout)', '154 (turn timeout)']}
[2026-05-22 10:15:06] GAME TIME LIMIT REACHED.
[2026-05-22 10:15:07] SCORE PCS (lawn green): Final=724.4, Time=83.4, Moves(56)=83.0, Pins(2)=200.0, Dist=358.0, Win Bonus=0.0
[2026-05-22 10:15:07] SCORE AlphaZeroClue (gray0): Final=2506.4, Time=13.7, Moves(52)=92.7, Pins(10)=1000.0, Dist=400.0, Win Bonus=1000.0
[2026-05-22 10:15:07] SCORE Group7 (yellow): Final=1456.5, Time=75.5, Moves(56)=83.0, Pins(9)=900.0, Dist=398.0, Win Bonus=0.0
[2026-05-22 10:15:07] SCORE Gruppe 2 (purple): Final=1439.5, Time=77.8, Moves(55)=85.7, Pins(9)=900.0, Dist=376.0, Win Bonus=0.0
[2026-05-22 10:15:07] SCORE RL (red): Final=482.6, Time=54.9, Moves(55)=85.7, Pins(1)=100.0, Dist=242.0, Win Bonus=0.0
[2026-05-22 10:15:07] SCORE LosTurcos (blue): Final=950.5, Time=89.5, Moves(56)=83.0, Pins(4)=400.0, Dist=378.0, Win Bonus=0.0
[2026-05-22 10:15:07] ALL WRONG MOVES BY COLOUR: {'gray0': ['34 (turn timeout)', '82 (turn timeout)', '136 (turn timeout)', '154 (turn timeout)']}
[2026-05-22 10:15:07] GAME TIME LIMIT REACHED.
[2026-05-22 10:15:07] SCORE PCS (lawn green): Final=724.4, Time=83.4, Moves(56)=83.0, Pins(2)=200.0, Dist=358.0, Win Bonus=0.0
[2026-05-22 10:15:07] SCORE AlphaZeroClue (gray0): Final=2506.4, Time=13.7, Moves(52)=92.7, Pins(10)=1000.0, Dist=400.0, Win Bonus=1000.0
[2026-05-22 10:15:07] SCORE Group7 (yellow): Final=1456.5, Time=75.5, Moves(56)=83.0, Pins(9)=900.0, Dist=398.0, Win Bonus=0.0
[2026-05-22 10:15:07] SCORE Gruppe 2 (purple): Final=1439.5, Time=77.8, Moves(55)=85.7, Pins(9)=900.0, Dist=376.0, Win Bonus=0.0
[2026-05-22 10:15:07] SCORE RL (red): Final=482.6, Time=54.9, Moves(55)=85.7, Pins(1)=100.0, Dist=242.0, Win Bonus=0.0
[2026-05-22 10:15:07] SCORE LosTurcos (blue): Final=950.5, Time=89.5, Moves(56)=83.0, Pins(4)=400.0, Dist=378.0, Win Bonus=0.0
[2026-05-22 10:15:07] ALL WRONG MOVES BY COLOUR: {'gray0': ['34 (turn timeout)', '82 (turn timeout)', '136 (turn timeout)', '154 (turn timeout)']}
[2026-05-22 10:15:07] GAME TIME LIMIT REACHED.
[2026-05-22 10:15:07] SCORE PCS (lawn green): Final=724.4, Time=83.4, Moves(56)=83.0, Pins(2)=200.0, Dist=358.0, Win Bonus=0.0
[2026-05-22 10:15:07] SCORE AlphaZeroClue (gray0): Final=2506.4, Time=13.7, Moves(52)=92.7, Pins(10)=1000.0, Dist=400.0, Win Bonus=1000.0
[2026-05-22 10:15:07] SCORE Group7 (yellow): Final=1456.5, Time=75.5, Moves(56)=83.0, Pins(9)=900.0, Dist=398.0, Win Bonus=0.0
[2026-05-22 10:15:07] SCORE Gruppe 2 (purple): Final=1439.5, Time=77.8, Moves(55)=85.7, Pins(9)=900.0, Dist=376.0, Win Bonus=0.0
[2026-05-22 10:15:07] SCORE RL (red): Final=482.6, Time=54.9, Moves(55)=85.7, Pins(1)=100.0, Dist=242.0, Win Bonus=0.0
[2026-05-22 10:15:07] SCORE LosTurcos (blue): Final=950.5, Time=89.5, Moves(56)=83.0, Pins(4)=400.0, Dist=378.0, Win Bonus=0.0
[2026-05-22 10:15:07] ALL WRONG MOVES BY COLOUR: {'gray0': ['34 (turn timeout)', '82 (turn timeout)', '136 (turn timeout)', '154 (turn timeout)']}
[2026-05-22 10:15:07] GAME TIME LIMIT REACHED.
[2026-05-22 10:15:07] SCORE PCS (lawn green): Final=724.4, Time=83.4, Moves(56)=83.0, Pins(2)=200.0, Dist=358.0, Win Bonus=0.0
[2026-05-22 10:15:07] SCORE AlphaZeroClue (gray0): Final=2506.4, Time=13.7, Moves(52)=92.7, Pins(10)=1000.0, Dist=400.0, Win Bonus=1000.0
[2026-05-22 10:15:07] SCORE Group7 (yellow): Final=1456.5, Time=75.5, Moves(56)=83.0, Pins(9)=900.0, Dist=398.0, Win Bonus=0.0
[2026-05-22 10:15:07] SCORE Gruppe 2 (purple): Final=1439.5, Time=77.8, Moves(55)=85.7, Pins(9)=900.0, Dist=376.0, Win Bonus=0.0
[2026-05-22 10:15:07] SCORE RL (red): Final=482.6, Time=54.9, Moves(55)=85.7, Pins(1)=100.0, Dist=242.0, Win Bonus=0.0
[2026-05-22 10:15:07] SCORE LosTurcos (blue): Final=950.5, Time=89.5, Moves(56)=83.0, Pins(4)=400.0, Dist=378.0, Win Bonus=0.0
[2026-05-22 10:15:07] ALL WRONG MOVES BY COLOUR: {'gray0': ['34 (turn timeout)', '82 (turn timeout)', '136 (turn timeout)', '154 (turn timeout)']}
[2026-05-22 10:15:07] GAME TIME LIMIT REACHED.
[2026-05-22 10:15:08] SCORE PCS (lawn green): Final=724.4, Time=83.4, Moves(56)=83.0, Pins(2)=200.0, Dist=358.0, Win Bonus=0.0
[2026-05-22 10:15:08] SCORE AlphaZeroClue (gray0): Final=2506.4, Time=13.7, Moves(52)=92.7, Pins(10)=1000.0, Dist=400.0, Win Bonus=1000.0
[2026-05-22 10:15:08] SCORE Group7 (yellow): Final=1456.5, Time=75.5, Moves(56)=83.0, Pins(9)=900.0, Dist=398.0, Win Bonus=0.0
[2026-05-22 10:15:08] SCORE Gruppe 2 (purple): Final=1439.5, Time=77.8, Moves(55)=85.7, Pins(9)=900.0, Dist=376.0, Win Bonus=0.0
[2026-05-22 10:15:08] SCORE RL (red): Final=482.6, Time=54.9, Moves(55)=85.7, Pins(1)=100.0, Dist=242.0, Win Bonus=0.0
[2026-05-22 10:15:08] SCORE LosTurcos (blue): Final=950.5, Time=89.5, Moves(56)=83.0, Pins(4)=400.0, Dist=378.0, Win Bonus=0.0
[2026-05-22 10:15:08] ALL WRONG MOVES BY COLOUR: {'gray0': ['34 (turn timeout)', '82 (turn timeout)', '136 (turn timeout)', '154 (turn timeout)']}
[2026-05-22 10:15:08] GAME TIME LIMIT REACHED.
[2026-05-22 10:15:08] SCORE PCS (lawn green): Final=724.4, Time=83.4, Moves(56)=83.0, Pins(2)=200.0, Dist=358.0, Win Bonus=0.0
[2026-05-22 10:15:08] SCORE AlphaZeroClue (gray0): Final=2506.4, Time=13.7, Moves(52)=92.7, Pins(10)=1000.0, Dist=400.0, Win Bonus=1000.0
[2026-05-22 10:15:08] SCORE Group7 (yellow): Final=1456.5, Time=75.5, Moves(56)=83.0, Pins(9)=900.0, Dist=398.0, Win Bonus=0.0
[2026-05-22 10:15:08] SCORE Gruppe 2 (purple): Final=1439.5, Time=77.8, Moves(55)=85.7, Pins(9)=900.0, Dist=376.0, Win Bonus=0.0
[2026-05-22 10:15:08] SCORE RL (red): Final=482.6, Time=54.9, Moves(55)=85.7, Pins(1)=100.0, Dist=242.0, Win Bonus=0.0
[2026-05-22 10:15:08] SCORE LosTurcos (blue): Final=950.5, Time=89.5, Moves(56)=83.0, Pins(4)=400.0, Dist=378.0, Win Bonus=0.0
[2026-05-22 10:15:08] ALL WRONG MOVES BY COLOUR: {'gray0': ['34 (turn timeout)', '82 (turn timeout)', '136 (turn timeout)', '154 (turn timeout)']}
[2026-05-22 10:15:08] GAME TIME LIMIT REACHED.
[2026-05-22 10:15:08] SCORE PCS (lawn green): Final=724.4, Time=83.4, Moves(56)=83.0, Pins(2)=200.0, Dist=358.0, Win Bonus=0.0
[2026-05-22 10:15:08] SCORE AlphaZeroClue (gray0): Final=2506.4, Time=13.7, Moves(52)=92.7, Pins(10)=1000.0, Dist=400.0, Win Bonus=1000.0
[2026-05-22 10:15:08] SCORE Group7 (yellow): Final=1456.5, Time=75.5, Moves(56)=83.0, Pins(9)=900.0, Dist=398.0, Win Bonus=0.0
[2026-05-22 10:15:08] SCORE Gruppe 2 (purple): Final=1439.5, Time=77.8, Moves(55)=85.7, Pins(9)=900.0, Dist=376.0, Win Bonus=0.0
[2026-05-22 10:15:08] SCORE RL (red): Final=482.6, Time=54.9, Moves(55)=85.7, Pins(1)=100.0, Dist=242.0, Win Bonus=0.0
[2026-05-22 10:15:08] SCORE LosTurcos (blue): Final=950.5, Time=89.5, Moves(56)=83.0, Pins(4)=400.0, Dist=378.0, Win Bonus=0.0
[2026-05-22 10:15:08] ALL WRONG MOVES BY COLOUR: {'gray0': ['34 (turn timeout)', '82 (turn timeout)', '136 (turn timeout)', '154 (turn timeout)']}
[2026-05-22 10:15:08] GAME TIME LIMIT REACHED.
[2026-05-22 10:15:08] SCORE PCS (lawn green): Final=724.4, Time=83.4, Moves(56)=83.0, Pins(2)=200.0, Dist=358.0, Win Bonus=0.0
[2026-05-22 10:15:08] SCORE AlphaZeroClue (gray0): Final=2506.4, Time=13.7, Moves(52)=92.7, Pins(10)=1000.0, Dist=400.0, Win Bonus=1000.0
[2026-05-22 10:15:08] SCORE Group7 (yellow): Final=1456.5, Time=75.5, Moves(56)=83.0, Pins(9)=900.0, Dist=398.0, Win Bonus=0.0
[2026-05-22 10:15:08] SCORE Gruppe 2 (purple): Final=1439.5, Time=77.8, Moves(55)=85.7, Pins(9)=900.0, Dist=376.0, Win Bonus=0.0
[2026-05-22 10:15:08] SCORE RL (red): Final=482.6, Time=54.9, Moves(55)=85.7, Pins(1)=100.0, Dist=242.0, Win Bonus=0.0
[2026-05-22 10:15:08] SCORE LosTurcos (blue): Final=950.5, Time=89.5, Moves(56)=83.0, Pins(4)=400.0, Dist=378.0, Win Bonus=0.0
[2026-05-22 10:15:08] ALL WRONG MOVES BY COLOUR: {'gray0': ['34 (turn timeout)', '82 (turn timeout)', '136 (turn timeout)', '154 (turn timeout)']}
[2026-05-22 10:15:08] GAME TIME LIMIT REACHED.
[2026-05-22 10:15:08] SCORE PCS (lawn green): Final=724.4, Time=83.4, Moves(56)=83.0, Pins(2)=200.0, Dist=358.0, Win Bonus=0.0
[2026-05-22 10:15:08] SCORE AlphaZeroClue (gray0): Final=2506.4, Time=13.7, Moves(52)=92.7, Pins(10)=1000.0, Dist=400.0, Win Bonus=1000.0
[2026-05-22 10:15:08] SCORE Group7 (yellow): Final=1456.5, Time=75.5, Moves(56)=83.0, Pins(9)=900.0, Dist=398.0, Win Bonus=0.0
[2026-05-22 10:15:08] SCORE Gruppe 2 (purple): Final=1439.5, Time=77.8, Moves(55)=85.7, Pins(9)=900.0, Dist=376.0, Win Bonus=0.0
[2026-05-22 10:15:08] SCORE RL (red): Final=482.6, Time=54.9, Moves(55)=85.7, Pins(1)=100.0, Dist=242.0, Win Bonus=0.0
[2026-05-22 10:15:08] SCORE LosTurcos (blue): Final=950.5, Time=89.5, Moves(56)=83.0, Pins(4)=400.0, Dist=378.0, Win Bonus=0.0
[2026-05-22 10:15:08] ALL WRONG MOVES BY COLOUR: {'gray0': ['34 (turn timeout)', '82 (turn timeout)', '136 (turn timeout)', '154 (turn timeout)']}
[2026-05-22 10:15:08] GAME TIME LIMIT REACHED.
[2026-05-22 10:15:09] SCORE PCS (lawn green): Final=724.4, Time=83.4, Moves(56)=83.0, Pins(2)=200.0, Dist=358.0, Win Bonus=0.0
[2026-05-22 10:15:09] SCORE AlphaZeroClue (gray0): Final=2506.4, Time=13.7, Moves(52)=92.7, Pins(10)=1000.0, Dist=400.0, Win Bonus=1000.0
[2026-05-22 10:15:09] SCORE Group7 (yellow): Final=1456.5, Time=75.5, Moves(56)=83.0, Pins(9)=900.0, Dist=398.0, Win Bonus=0.0
[2026-05-22 10:15:09] SCORE Gruppe 2 (purple): Final=1439.5, Time=77.8, Moves(55)=85.7, Pins(9)=900.0, Dist=376.0, Win Bonus=0.0
[2026-05-22 10:15:09] SCORE RL (red): Final=482.6, Time=54.9, Moves(55)=85.7, Pins(1)=100.0, Dist=242.0, Win Bonus=0.0
[2026-05-22 10:15:09] SCORE LosTurcos (blue): Final=950.5, Time=89.5, Moves(56)=83.0, Pins(4)=400.0, Dist=378.0, Win Bonus=0.0
[2026-05-22 10:15:09] ALL WRONG MOVES BY COLOUR: {'gray0': ['34 (turn timeout)', '82 (turn timeout)', '136 (turn timeout)', '154 (turn timeout)']}
[2026-05-22 10:15:09] GAME TIME LIMIT REACHED.
[2026-05-22 10:15:09] SCORE PCS (lawn green): Final=724.4, Time=83.4, Moves(56)=83.0, Pins(2)=200.0, Dist=358.0, Win Bonus=0.0
[2026-05-22 10:15:09] SCORE AlphaZeroClue (gray0): Final=2506.4, Time=13.7, Moves(52)=92.7, Pins(10)=1000.0, Dist=400.0, Win Bonus=1000.0
[2026-05-22 10:15:09] SCORE Group7 (yellow): Final=1456.5, Time=75.5, Moves(56)=83.0, Pins(9)=900.0, Dist=398.0, Win Bonus=0.0
[2026-05-22 10:15:09] SCORE Gruppe 2 (purple): Final=1439.5, Time=77.8, Moves(55)=85.7, Pins(9)=900.0, Dist=376.0, Win Bonus=0.0
[2026-05-22 10:15:09] SCORE RL (red): Final=482.6, Time=54.9, Moves(55)=85.7, Pins(1)=100.0, Dist=242.0, Win Bonus=0.0
[2026-05-22 10:15:09] SCORE LosTurcos (blue): Final=950.5, Time=89.5, Moves(56)=83.0, Pins(4)=400.0, Dist=378.0, Win Bonus=0.0
[2026-05-22 10:15:09] ALL WRONG MOVES BY COLOUR: {'gray0': ['34 (turn timeout)', '82 (turn timeout)', '136 (turn timeout)', '154 (turn timeout)']}
[2026-05-22 10:15:09] GAME TIME LIMIT REACHED.
[2026-05-22 10:15:09] SCORE PCS (lawn green): Final=724.4, Time=83.4, Moves(56)=83.0, Pins(2)=200.0, Dist=358.0, Win Bonus=0.0
[2026-05-22 10:15:09] SCORE AlphaZeroClue (gray0): Final=2506.4, Time=13.7, Moves(52)=92.7, Pins(10)=1000.0, Dist=400.0, Win Bonus=1000.0
[2026-05-22 10:15:09] SCORE Group7 (yellow): Final=1456.5, Time=75.5, Moves(56)=83.0, Pins(9)=900.0, Dist=398.0, Win Bonus=0.0
[2026-05-22 10:15:09] SCORE Gruppe 2 (purple): Final=1439.5, Time=77.8, Moves(55)=85.7, Pins(9)=900.0, Dist=376.0, Win Bonus=0.0
[2026-05-22 10:15:09] SCORE RL (red): Final=482.6, Time=54.9, Moves(55)=85.7, Pins(1)=100.0, Dist=242.0, Win Bonus=0.0
[2026-05-22 10:15:09] SCORE LosTurcos (blue): Final=950.5, Time=89.5, Moves(56)=83.0, Pins(4)=400.0, Dist=378.0, Win Bonus=0.0
[2026-05-22 10:15:09] ALL WRONG MOVES BY COLOUR: {'gray0': ['34 (turn timeout)', '82 (turn timeout)', '136 (turn timeout)', '154 (turn timeout)']}
[2026-05-22 10:15:09] GAME TIME LIMIT REACHED.
[2026-05-22 10:15:09] SCORE PCS (lawn green): Final=724.4, Time=83.4, Moves(56)=83.0, Pins(2)=200.0, Dist=358.0, Win Bonus=0.0
[2026-05-22 10:15:09] SCORE AlphaZeroClue (gray0): Final=2506.4, Time=13.7, Moves(52)=92.7, Pins(10)=1000.0, Dist=400.0, Win Bonus=1000.0
[2026-05-22 10:15:09] SCORE Group7 (yellow): Final=1456.5, Time=75.5, Moves(56)=83.0, Pins(9)=900.0, Dist=398.0, Win Bonus=0.0
[2026-05-22 10:15:09] SCORE Gruppe 2 (purple): Final=1439.5, Time=77.8, Moves(55)=85.7, Pins(9)=900.0, Dist=376.0, Win Bonus=0.0
[2026-05-22 10:15:09] SCORE RL (red): Final=482.6, Time=54.9, Moves(55)=85.7, Pins(1)=100.0, Dist=242.0, Win Bonus=0.0
[2026-05-22 10:15:09] SCORE LosTurcos (blue): Final=950.5, Time=89.5, Moves(56)=83.0, Pins(4)=400.0, Dist=378.0, Win Bonus=0.0
[2026-05-22 10:15:09] ALL WRONG MOVES BY COLOUR: {'gray0': ['34 (turn timeout)', '82 (turn timeout)', '136 (turn timeout)', '154 (turn timeout)']}
[2026-05-22 10:15:09] GAME TIME LIMIT REACHED.
[2026-05-22 10:15:10] SCORE PCS (lawn green): Final=724.4, Time=83.4, Moves(56)=83.0, Pins(2)=200.0, Dist=358.0, Win Bonus=0.0
[2026-05-22 10:15:10] SCORE AlphaZeroClue (gray0): Final=2506.4, Time=13.7, Moves(52)=92.7, Pins(10)=1000.0, Dist=400.0, Win Bonus=1000.0
[2026-05-22 10:15:10] SCORE Group7 (yellow): Final=1456.5, Time=75.5, Moves(56)=83.0, Pins(9)=900.0, Dist=398.0, Win Bonus=0.0
[2026-05-22 10:15:10] SCORE Gruppe 2 (purple): Final=1439.5, Time=77.8, Moves(55)=85.7, Pins(9)=900.0, Dist=376.0, Win Bonus=0.0
[2026-05-22 10:15:10] SCORE RL (red): Final=482.6, Time=54.9, Moves(55)=85.7, Pins(1)=100.0, Dist=242.0, Win Bonus=0.0
[2026-05-22 10:15:10] SCORE LosTurcos (blue): Final=950.5, Time=89.5, Moves(56)=83.0, Pins(4)=400.0, Dist=378.0, Win Bonus=0.0
[2026-05-22 10:15:10] ALL WRONG MOVES BY COLOUR: {'gray0': ['34 (turn timeout)', '82 (turn timeout)', '136 (turn timeout)', '154 (turn timeout)']}
[2026-05-22 10:15:10] GAME TIME LIMIT REACHED.
[2026-05-22 10:15:10] SCORE PCS (lawn green): Final=724.4, Time=83.4, Moves(56)=83.0, Pins(2)=200.0, Dist=358.0, Win Bonus=0.0
[2026-05-22 10:15:10] SCORE AlphaZeroClue (gray0): Final=2506.4, Time=13.7, Moves(52)=92.7, Pins(10)=1000.0, Dist=400.0, Win Bonus=1000.0
[2026-05-22 10:15:10] SCORE Group7 (yellow): Final=1456.5, Time=75.5, Moves(56)=83.0, Pins(9)=900.0, Dist=398.0, Win Bonus=0.0
[2026-05-22 10:15:10] SCORE Gruppe 2 (purple): Final=1439.5, Time=77.8, Moves(55)=85.7, Pins(9)=900.0, Dist=376.0, Win Bonus=0.0
[2026-05-22 10:15:10] SCORE RL (red): Final=482.6, Time=54.9, Moves(55)=85.7, Pins(1)=100.0, Dist=242.0, Win Bonus=0.0
[2026-05-22 10:15:10] SCORE LosTurcos (blue): Final=950.5, Time=89.5, Moves(56)=83.0, Pins(4)=400.0, Dist=378.0, Win Bonus=0.0
[2026-05-22 10:15:10] ALL WRONG MOVES BY COLOUR: {'gray0': ['34 (turn timeout)', '82 (turn timeout)', '136 (turn timeout)', '154 (turn timeout)']}
[2026-05-22 10:15:10] GAME TIME LIMIT REACHED.
[2026-05-22 10:15:10] SCORE PCS (lawn green): Final=724.4, Time=83.4, Moves(56)=83.0, Pins(2)=200.0, Dist=358.0, Win Bonus=0.0
[2026-05-22 10:15:10] SCORE AlphaZeroClue (gray0): Final=2506.4, Time=13.7, Moves(52)=92.7, Pins(10)=1000.0, Dist=400.0, Win Bonus=1000.0
[2026-05-22 10:15:10] SCORE Group7 (yellow): Final=1456.5, Time=75.5, Moves(56)=83.0, Pins(9)=900.0, Dist=398.0, Win Bonus=0.0
[2026-05-22 10:15:10] SCORE Gruppe 2 (purple): Final=1439.5, Time=77.8, Moves(55)=85.7, Pins(9)=900.0, Dist=376.0, Win Bonus=0.0
[2026-05-22 10:15:10] SCORE RL (red): Final=482.6, Time=54.9, Moves(55)=85.7, Pins(1)=100.0, Dist=242.0, Win Bonus=0.0
[2026-05-22 10:15:10] SCORE LosTurcos (blue): Final=950.5, Time=89.5, Moves(56)=83.0, Pins(4)=400.0, Dist=378.0, Win Bonus=0.0
[2026-05-22 10:15:10] ALL WRONG MOVES BY COLOUR: {'gray0': ['34 (turn timeout)', '82 (turn timeout)', '136 (turn timeout)', '154 (turn timeout)']}
[2026-05-22 10:15:10] GAME TIME LIMIT REACHED.
[2026-05-22 10:15:10] SCORE PCS (lawn green): Final=724.4, Time=83.4, Moves(56)=83.0, Pins(2)=200.0, Dist=358.0, Win Bonus=0.0
[2026-05-22 10:15:10] SCORE AlphaZeroClue (gray0): Final=2506.4, Time=13.7, Moves(52)=92.7, Pins(10)=1000.0, Dist=400.0, Win Bonus=1000.0
[2026-05-22 10:15:10] SCORE Group7 (yellow): Final=1456.5, Time=75.5, Moves(56)=83.0, Pins(9)=900.0, Dist=398.0, Win Bonus=0.0
[2026-05-22 10:15:10] SCORE Gruppe 2 (purple): Final=1439.5, Time=77.8, Moves(55)=85.7, Pins(9)=900.0, Dist=376.0, Win Bonus=0.0
[2026-05-22 10:15:10] SCORE RL (red): Final=482.6, Time=54.9, Moves(55)=85.7, Pins(1)=100.0, Dist=242.0, Win Bonus=0.0
[2026-05-22 10:15:10] SCORE LosTurcos (blue): Final=950.5, Time=89.5, Moves(56)=83.0, Pins(4)=400.0, Dist=378.0, Win Bonus=0.0
[2026-05-22 10:15:10] ALL WRONG MOVES BY COLOUR: {'gray0': ['34 (turn timeout)', '82 (turn timeout)', '136 (turn timeout)', '154 (turn timeout)']}
[2026-05-22 10:15:10] GAME TIME LIMIT REACHED.
[2026-05-22 10:15:11] SCORE PCS (lawn green): Final=724.4, Time=83.4, Moves(56)=83.0, Pins(2)=200.0, Dist=358.0, Win Bonus=0.0
[2026-05-22 10:15:11] SCORE AlphaZeroClue (gray0): Final=2506.4, Time=13.7, Moves(52)=92.7, Pins(10)=1000.0, Dist=400.0, Win Bonus=1000.0
[2026-05-22 10:15:11] SCORE Group7 (yellow): Final=1456.5, Time=75.5, Moves(56)=83.0, Pins(9)=900.0, Dist=398.0, Win Bonus=0.0
[2026-05-22 10:15:11] SCORE Gruppe 2 (purple): Final=1439.5, Time=77.8, Moves(55)=85.7, Pins(9)=900.0, Dist=376.0, Win Bonus=0.0
[2026-05-22 10:15:11] SCORE RL (red): Final=482.6, Time=54.9, Moves(55)=85.7, Pins(1)=100.0, Dist=242.0, Win Bonus=0.0
[2026-05-22 10:15:11] SCORE LosTurcos (blue): Final=950.5, Time=89.5, Moves(56)=83.0, Pins(4)=400.0, Dist=378.0, Win Bonus=0.0
[2026-05-22 10:15:11] ALL WRONG MOVES BY COLOUR: {'gray0': ['34 (turn timeout)', '82 (turn timeout)', '136 (turn timeout)', '154 (turn timeout)']}
[2026-05-22 10:15:11] GAME TIME LIMIT REACHED.
[2026-05-22 10:15:11] SCORE PCS (lawn green): Final=724.4, Time=83.4, Moves(56)=83.0, Pins(2)=200.0, Dist=358.0, Win Bonus=0.0
[2026-05-22 10:15:11] SCORE AlphaZeroClue (gray0): Final=2506.4, Time=13.7, Moves(52)=92.7, Pins(10)=1000.0, Dist=400.0, Win Bonus=1000.0
[2026-05-22 10:15:11] SCORE Group7 (yellow): Final=1456.5, Time=75.5, Moves(56)=83.0, Pins(9)=900.0, Dist=398.0, Win Bonus=0.0
[2026-05-22 10:15:11] SCORE Gruppe 2 (purple): Final=1439.5, Time=77.8, Moves(55)=85.7, Pins(9)=900.0, Dist=376.0, Win Bonus=0.0
[2026-05-22 10:15:11] SCORE RL (red): Final=482.6, Time=54.9, Moves(55)=85.7, Pins(1)=100.0, Dist=242.0, Win Bonus=0.0
[2026-05-22 10:15:11] SCORE LosTurcos (blue): Final=950.5, Time=89.5, Moves(56)=83.0, Pins(4)=400.0, Dist=378.0, Win Bonus=0.0
[2026-05-22 10:15:11] ALL WRONG MOVES BY COLOUR: {'gray0': ['34 (turn timeout)', '82 (turn timeout)', '136 (turn timeout)', '154 (turn timeout)']}
[2026-05-22 10:15:11] GAME TIME LIMIT REACHED.
[2026-05-22 10:15:11] SCORE PCS (lawn green): Final=724.4, Time=83.4, Moves(56)=83.0, Pins(2)=200.0, Dist=358.0, Win Bonus=0.0
[2026-05-22 10:15:11] SCORE AlphaZeroClue (gray0): Final=2506.4, Time=13.7, Moves(52)=92.7, Pins(10)=1000.0, Dist=400.0, Win Bonus=1000.0
[2026-05-22 10:15:11] SCORE Group7 (yellow): Final=1456.5, Time=75.5, Moves(56)=83.0, Pins(9)=900.0, Dist=398.0, Win Bonus=0.0
[2026-05-22 10:15:11] SCORE Gruppe 2 (purple): Final=1439.5, Time=77.8, Moves(55)=85.7, Pins(9)=900.0, Dist=376.0, Win Bonus=0.0
[2026-05-22 10:15:11] SCORE RL (red): Final=482.6, Time=54.9, Moves(55)=85.7, Pins(1)=100.0, Dist=242.0, Win Bonus=0.0
[2026-05-22 10:15:11] SCORE LosTurcos (blue): Final=950.5, Time=89.5, Moves(56)=83.0, Pins(4)=400.0, Dist=378.0, Win Bonus=0.0
[2026-05-22 10:15:11] ALL WRONG MOVES BY COLOUR: {'gray0': ['34 (turn timeout)', '82 (turn timeout)', '136 (turn timeout)', '154 (turn timeout)']}
[2026-05-22 10:15:11] GAME TIME LIMIT REACHED.
[2026-05-22 10:15:11] SCORE PCS (lawn green): Final=724.4, Time=83.4, Moves(56)=83.0, Pins(2)=200.0, Dist=358.0, Win Bonus=0.0
[2026-05-22 10:15:11] SCORE AlphaZeroClue (gray0): Final=2506.4, Time=13.7, Moves(52)=92.7, Pins(10)=1000.0, Dist=400.0, Win Bonus=1000.0
[2026-05-22 10:15:11] SCORE Group7 (yellow): Final=1456.5, Time=75.5, Moves(56)=83.0, Pins(9)=900.0, Dist=398.0, Win Bonus=0.0
[2026-05-22 10:15:11] SCORE Gruppe 2 (purple): Final=1439.5, Time=77.8, Moves(55)=85.7, Pins(9)=900.0, Dist=376.0, Win Bonus=0.0
[2026-05-22 10:15:11] SCORE RL (red): Final=482.6, Time=54.9, Moves(55)=85.7, Pins(1)=100.0, Dist=242.0, Win Bonus=0.0
[2026-05-22 10:15:11] SCORE LosTurcos (blue): Final=950.5, Time=89.5, Moves(56)=83.0, Pins(4)=400.0, Dist=378.0, Win Bonus=0.0
[2026-05-22 10:15:11] ALL WRONG MOVES BY COLOUR: {'gray0': ['34 (turn timeout)', '82 (turn timeout)', '136 (turn timeout)', '154 (turn timeout)']}
[2026-05-22 10:15:11] GAME TIME LIMIT REACHED.
[2026-05-22 10:15:12] SCORE PCS (lawn green): Final=724.4, Time=83.4, Moves(56)=83.0, Pins(2)=200.0, Dist=358.0, Win Bonus=0.0
[2026-05-22 10:15:12] SCORE AlphaZeroClue (gray0): Final=2506.4, Time=13.7, Moves(52)=92.7, Pins(10)=1000.0, Dist=400.0, Win Bonus=1000.0
[2026-05-22 10:15:12] SCORE Group7 (yellow): Final=1456.5, Time=75.5, Moves(56)=83.0, Pins(9)=900.0, Dist=398.0, Win Bonus=0.0
[2026-05-22 10:15:12] SCORE Gruppe 2 (purple): Final=1439.5, Time=77.8, Moves(55)=85.7, Pins(9)=900.0, Dist=376.0, Win Bonus=0.0
[2026-05-22 10:15:12] SCORE RL (red): Final=482.6, Time=54.9, Moves(55)=85.7, Pins(1)=100.0, Dist=242.0, Win Bonus=0.0
[2026-05-22 10:15:12] SCORE LosTurcos (blue): Final=950.5, Time=89.5, Moves(56)=83.0, Pins(4)=400.0, Dist=378.0, Win Bonus=0.0
[2026-05-22 10:15:12] ALL WRONG MOVES BY COLOUR: {'gray0': ['34 (turn timeout)', '82 (turn timeout)', '136 (turn timeout)', '154 (turn timeout)']}
[2026-05-22 10:15:12] GAME TIME LIMIT REACHED.
[2026-05-22 10:15:12] SCORE PCS (lawn green): Final=724.4, Time=83.4, Moves(56)=83.0, Pins(2)=200.0, Dist=358.0, Win Bonus=0.0
[2026-05-22 10:15:12] SCORE AlphaZeroClue (gray0): Final=2506.4, Time=13.7, Moves(52)=92.7, Pins(10)=1000.0, Dist=400.0, Win Bonus=1000.0
[2026-05-22 10:15:12] SCORE Group7 (yellow): Final=1456.5, Time=75.5, Moves(56)=83.0, Pins(9)=900.0, Dist=398.0, Win Bonus=0.0
[2026-05-22 10:15:12] SCORE Gruppe 2 (purple): Final=1439.5, Time=77.8, Moves(55)=85.7, Pins(9)=900.0, Dist=376.0, Win Bonus=0.0
[2026-05-22 10:15:12] SCORE RL (red): Final=482.6, Time=54.9, Moves(55)=85.7, Pins(1)=100.0, Dist=242.0, Win Bonus=0.0
[2026-05-22 10:15:12] SCORE LosTurcos (blue): Final=950.5, Time=89.5, Moves(56)=83.0, Pins(4)=400.0, Dist=378.0, Win Bonus=0.0
[2026-05-22 10:15:12] ALL WRONG MOVES BY COLOUR: {'gray0': ['34 (turn timeout)', '82 (turn timeout)', '136 (turn timeout)', '154 (turn timeout)']}
[2026-05-22 10:15:12] GAME TIME LIMIT REACHED.
[2026-05-22 10:15:12] SCORE PCS (lawn green): Final=724.4, Time=83.4, Moves(56)=83.0, Pins(2)=200.0, Dist=358.0, Win Bonus=0.0
[2026-05-22 10:15:12] SCORE AlphaZeroClue (gray0): Final=2506.4, Time=13.7, Moves(52)=92.7, Pins(10)=1000.0, Dist=400.0, Win Bonus=1000.0
[2026-05-22 10:15:12] SCORE Group7 (yellow): Final=1456.5, Time=75.5, Moves(56)=83.0, Pins(9)=900.0, Dist=398.0, Win Bonus=0.0
[2026-05-22 10:15:12] SCORE Gruppe 2 (purple): Final=1439.5, Time=77.8, Moves(55)=85.7, Pins(9)=900.0, Dist=376.0, Win Bonus=0.0
[2026-05-22 10:15:12] SCORE RL (red): Final=482.6, Time=54.9, Moves(55)=85.7, Pins(1)=100.0, Dist=242.0, Win Bonus=0.0
[2026-05-22 10:15:12] SCORE LosTurcos (blue): Final=950.5, Time=89.5, Moves(56)=83.0, Pins(4)=400.0, Dist=378.0, Win Bonus=0.0
[2026-05-22 10:15:12] ALL WRONG MOVES BY COLOUR: {'gray0': ['34 (turn timeout)', '82 (turn timeout)', '136 (turn timeout)', '154 (turn timeout)']}
[2026-05-22 10:15:12] GAME TIME LIMIT REACHED.
[2026-05-22 10:15:12] SCORE PCS (lawn green): Final=724.4, Time=83.4, Moves(56)=83.0, Pins(2)=200.0, Dist=358.0, Win Bonus=0.0
[2026-05-22 10:15:12] SCORE AlphaZeroClue (gray0): Final=2506.4, Time=13.7, Moves(52)=92.7, Pins(10)=1000.0, Dist=400.0, Win Bonus=1000.0
[2026-05-22 10:15:12] SCORE Group7 (yellow): Final=1456.5, Time=75.5, Moves(56)=83.0, Pins(9)=900.0, Dist=398.0, Win Bonus=0.0
[2026-05-22 10:15:12] SCORE Gruppe 2 (purple): Final=1439.5, Time=77.8, Moves(55)=85.7, Pins(9)=900.0, Dist=376.0, Win Bonus=0.0
[2026-05-22 10:15:12] SCORE RL (red): Final=482.6, Time=54.9, Moves(55)=85.7, Pins(1)=100.0, Dist=242.0, Win Bonus=0.0
[2026-05-22 10:15:12] SCORE LosTurcos (blue): Final=950.5, Time=89.5, Moves(56)=83.0, Pins(4)=400.0, Dist=378.0, Win Bonus=0.0
[2026-05-22 10:15:12] ALL WRONG MOVES BY COLOUR: {'gray0': ['34 (turn timeout)', '82 (turn timeout)', '136 (turn timeout)', '154 (turn timeout)']}
[2026-05-22 10:15:12] GAME TIME LIMIT REACHED.
[2026-05-22 10:15:13] SCORE PCS (lawn green): Final=724.4, Time=83.4, Moves(56)=83.0, Pins(2)=200.0, Dist=358.0, Win Bonus=0.0
[2026-05-22 10:15:13] SCORE AlphaZeroClue (gray0): Final=2506.4, Time=13.7, Moves(52)=92.7, Pins(10)=1000.0, Dist=400.0, Win Bonus=1000.0
[2026-05-22 10:15:13] SCORE Group7 (yellow): Final=1456.5, Time=75.5, Moves(56)=83.0, Pins(9)=900.0, Dist=398.0, Win Bonus=0.0
[2026-05-22 10:15:13] SCORE Gruppe 2 (purple): Final=1439.5, Time=77.8, Moves(55)=85.7, Pins(9)=900.0, Dist=376.0, Win Bonus=0.0
[2026-05-22 10:15:13] SCORE RL (red): Final=482.6, Time=54.9, Moves(55)=85.7, Pins(1)=100.0, Dist=242.0, Win Bonus=0.0
[2026-05-22 10:15:13] SCORE LosTurcos (blue): Final=950.5, Time=89.5, Moves(56)=83.0, Pins(4)=400.0, Dist=378.0, Win Bonus=0.0
[2026-05-22 10:15:13] ALL WRONG MOVES BY COLOUR: {'gray0': ['34 (turn timeout)', '82 (turn timeout)', '136 (turn timeout)', '154 (turn timeout)']}
[2026-05-22 10:15:13] GAME TIME LIMIT REACHED.
[2026-05-22 10:15:13] SCORE PCS (lawn green): Final=724.4, Time=83.4, Moves(56)=83.0, Pins(2)=200.0, Dist=358.0, Win Bonus=0.0
[2026-05-22 10:15:13] SCORE AlphaZeroClue (gray0): Final=2506.4, Time=13.7, Moves(52)=92.7, Pins(10)=1000.0, Dist=400.0, Win Bonus=1000.0
[2026-05-22 10:15:13] SCORE Group7 (yellow): Final=1456.5, Time=75.5, Moves(56)=83.0, Pins(9)=900.0, Dist=398.0, Win Bonus=0.0
[2026-05-22 10:15:13] SCORE Gruppe 2 (purple): Final=1439.5, Time=77.8, Moves(55)=85.7, Pins(9)=900.0, Dist=376.0, Win Bonus=0.0
[2026-05-22 10:15:13] SCORE RL (red): Final=482.6, Time=54.9, Moves(55)=85.7, Pins(1)=100.0, Dist=242.0, Win Bonus=0.0
[2026-05-22 10:15:13] SCORE LosTurcos (blue): Final=950.5, Time=89.5, Moves(56)=83.0, Pins(4)=400.0, Dist=378.0, Win Bonus=0.0
[2026-05-22 10:15:13] ALL WRONG MOVES BY COLOUR: {'gray0': ['34 (turn timeout)', '82 (turn timeout)', '136 (turn timeout)', '154 (turn timeout)']}
[2026-05-22 10:15:13] GAME TIME LIMIT REACHED.
[2026-05-22 10:15:13] SCORE PCS (lawn green): Final=724.4, Time=83.4, Moves(56)=83.0, Pins(2)=200.0, Dist=358.0, Win Bonus=0.0
[2026-05-22 10:15:13] SCORE AlphaZeroClue (gray0): Final=2506.4, Time=13.7, Moves(52)=92.7, Pins(10)=1000.0, Dist=400.0, Win Bonus=1000.0
[2026-05-22 10:15:13] SCORE Group7 (yellow): Final=1456.5, Time=75.5, Moves(56)=83.0, Pins(9)=900.0, Dist=398.0, Win Bonus=0.0
[2026-05-22 10:15:13] SCORE Gruppe 2 (purple): Final=1439.5, Time=77.8, Moves(55)=85.7, Pins(9)=900.0, Dist=376.0, Win Bonus=0.0
[2026-05-22 10:15:13] SCORE RL (red): Final=482.6, Time=54.9, Moves(55)=85.7, Pins(1)=100.0, Dist=242.0, Win Bonus=0.0
[2026-05-22 10:15:13] SCORE LosTurcos (blue): Final=950.5, Time=89.5, Moves(56)=83.0, Pins(4)=400.0, Dist=378.0, Win Bonus=0.0
[2026-05-22 10:15:13] ALL WRONG MOVES BY COLOUR: {'gray0': ['34 (turn timeout)', '82 (turn timeout)', '136 (turn timeout)', '154 (turn timeout)']}
[2026-05-22 10:15:13] GAME TIME LIMIT REACHED.
[2026-05-22 10:15:13] SCORE PCS (lawn green): Final=724.4, Time=83.4, Moves(56)=83.0, Pins(2)=200.0, Dist=358.0, Win Bonus=0.0
[2026-05-22 10:15:13] SCORE AlphaZeroClue (gray0): Final=2506.4, Time=13.7, Moves(52)=92.7, Pins(10)=1000.0, Dist=400.0, Win Bonus=1000.0
[2026-05-22 10:15:13] SCORE Group7 (yellow): Final=1456.5, Time=75.5, Moves(56)=83.0, Pins(9)=900.0, Dist=398.0, Win Bonus=0.0
[2026-05-22 10:15:13] SCORE Gruppe 2 (purple): Final=1439.5, Time=77.8, Moves(55)=85.7, Pins(9)=900.0, Dist=376.0, Win Bonus=0.0
[2026-05-22 10:15:13] SCORE RL (red): Final=482.6, Time=54.9, Moves(55)=85.7, Pins(1)=100.0, Dist=242.0, Win Bonus=0.0
[2026-05-22 10:15:13] SCORE LosTurcos (blue): Final=950.5, Time=89.5, Moves(56)=83.0, Pins(4)=400.0, Dist=378.0, Win Bonus=0.0
[2026-05-22 10:15:13] ALL WRONG MOVES BY COLOUR: {'gray0': ['34 (turn timeout)', '82 (turn timeout)', '136 (turn timeout)', '154 (turn timeout)']}
[2026-05-22 10:15:13] GAME TIME LIMIT REACHED.
[2026-05-22 10:15:14] SCORE PCS (lawn green): Final=724.4, Time=83.4, Moves(56)=83.0, Pins(2)=200.0, Dist=358.0, Win Bonus=0.0
[2026-05-22 10:15:14] SCORE AlphaZeroClue (gray0): Final=2506.4, Time=13.7, Moves(52)=92.7, Pins(10)=1000.0, Dist=400.0, Win Bonus=1000.0
[2026-05-22 10:15:14] SCORE Group7 (yellow): Final=1456.5, Time=75.5, Moves(56)=83.0, Pins(9)=900.0, Dist=398.0, Win Bonus=0.0
[2026-05-22 10:15:14] SCORE Gruppe 2 (purple): Final=1439.5, Time=77.8, Moves(55)=85.7, Pins(9)=900.0, Dist=376.0, Win Bonus=0.0
[2026-05-22 10:15:14] SCORE RL (red): Final=482.6, Time=54.9, Moves(55)=85.7, Pins(1)=100.0, Dist=242.0, Win Bonus=0.0
[2026-05-22 10:15:14] SCORE LosTurcos (blue): Final=950.5, Time=89.5, Moves(56)=83.0, Pins(4)=400.0, Dist=378.0, Win Bonus=0.0
[2026-05-22 10:15:14] ALL WRONG MOVES BY COLOUR: {'gray0': ['34 (turn timeout)', '82 (turn timeout)', '136 (turn timeout)', '154 (turn timeout)']}
[2026-05-22 10:15:14] GAME TIME LIMIT REACHED.
[2026-05-22 10:15:14] SCORE PCS (lawn green): Final=724.4, Time=83.4, Moves(56)=83.0, Pins(2)=200.0, Dist=358.0, Win Bonus=0.0
[2026-05-22 10:15:14] SCORE AlphaZeroClue (gray0): Final=2506.4, Time=13.7, Moves(52)=92.7, Pins(10)=1000.0, Dist=400.0, Win Bonus=1000.0
[2026-05-22 10:15:14] SCORE Group7 (yellow): Final=1456.5, Time=75.5, Moves(56)=83.0, Pins(9)=900.0, Dist=398.0, Win Bonus=0.0
[2026-05-22 10:15:14] SCORE Gruppe 2 (purple): Final=1439.5, Time=77.8, Moves(55)=85.7, Pins(9)=900.0, Dist=376.0, Win Bonus=0.0
[2026-05-22 10:15:14] SCORE RL (red): Final=482.6, Time=54.9, Moves(55)=85.7, Pins(1)=100.0, Dist=242.0, Win Bonus=0.0
[2026-05-22 10:15:14] SCORE LosTurcos (blue): Final=950.5, Time=89.5, Moves(56)=83.0, Pins(4)=400.0, Dist=378.0, Win Bonus=0.0
[2026-05-22 10:15:14] ALL WRONG MOVES BY COLOUR: {'gray0': ['34 (turn timeout)', '82 (turn timeout)', '136 (turn timeout)', '154 (turn timeout)']}
[2026-05-22 10:15:14] GAME TIME LIMIT REACHED.
[2026-05-22 10:15:14] SCORE PCS (lawn green): Final=724.4, Time=83.4, Moves(56)=83.0, Pins(2)=200.0, Dist=358.0, Win Bonus=0.0
[2026-05-22 10:15:14] SCORE AlphaZeroClue (gray0): Final=2506.4, Time=13.7, Moves(52)=92.7, Pins(10)=1000.0, Dist=400.0, Win Bonus=1000.0
[2026-05-22 10:15:14] SCORE Group7 (yellow): Final=1456.5, Time=75.5, Moves(56)=83.0, Pins(9)=900.0, Dist=398.0, Win Bonus=0.0
[2026-05-22 10:15:14] SCORE Gruppe 2 (purple): Final=1439.5, Time=77.8, Moves(55)=85.7, Pins(9)=900.0, Dist=376.0, Win Bonus=0.0
[2026-05-22 10:15:14] SCORE RL (red): Final=482.6, Time=54.9, Moves(55)=85.7, Pins(1)=100.0, Dist=242.0, Win Bonus=0.0
[2026-05-22 10:15:14] SCORE LosTurcos (blue): Final=950.5, Time=89.5, Moves(56)=83.0, Pins(4)=400.0, Dist=378.0, Win Bonus=0.0
[2026-05-22 10:15:14] ALL WRONG MOVES BY COLOUR: {'gray0': ['34 (turn timeout)', '82 (turn timeout)', '136 (turn timeout)', '154 (turn timeout)']}
[2026-05-22 10:15:14] GAME TIME LIMIT REACHED.
[2026-05-22 10:15:14] SCORE PCS (lawn green): Final=724.4, Time=83.4, Moves(56)=83.0, Pins(2)=200.0, Dist=358.0, Win Bonus=0.0
[2026-05-22 10:15:14] SCORE AlphaZeroClue (gray0): Final=2506.4, Time=13.7, Moves(52)=92.7, Pins(10)=1000.0, Dist=400.0, Win Bonus=1000.0
[2026-05-22 10:15:14] SCORE Group7 (yellow): Final=1456.5, Time=75.5, Moves(56)=83.0, Pins(9)=900.0, Dist=398.0, Win Bonus=0.0
[2026-05-22 10:15:14] SCORE Gruppe 2 (purple): Final=1439.5, Time=77.8, Moves(55)=85.7, Pins(9)=900.0, Dist=376.0, Win Bonus=0.0
[2026-05-22 10:15:14] SCORE RL (red): Final=482.6, Time=54.9, Moves(55)=85.7, Pins(1)=100.0, Dist=242.0, Win Bonus=0.0
[2026-05-22 10:15:14] SCORE LosTurcos (blue): Final=950.5, Time=89.5, Moves(56)=83.0, Pins(4)=400.0, Dist=378.0, Win Bonus=0.0
[2026-05-22 10:15:14] ALL WRONG MOVES BY COLOUR: {'gray0': ['34 (turn timeout)', '82 (turn timeout)', '136 (turn timeout)', '154 (turn timeout)']}
[2026-05-22 10:15:14] GAME TIME LIMIT REACHED.
[2026-05-22 10:15:15] SCORE PCS (lawn green): Final=724.4, Time=83.4, Moves(56)=83.0, Pins(2)=200.0, Dist=358.0, Win Bonus=0.0
[2026-05-22 10:15:15] SCORE AlphaZeroClue (gray0): Final=2506.4, Time=13.7, Moves(52)=92.7, Pins(10)=1000.0, Dist=400.0, Win Bonus=1000.0
[2026-05-22 10:15:15] SCORE Group7 (yellow): Final=1456.5, Time=75.5, Moves(56)=83.0, Pins(9)=900.0, Dist=398.0, Win Bonus=0.0
[2026-05-22 10:15:15] SCORE Gruppe 2 (purple): Final=1439.5, Time=77.8, Moves(55)=85.7, Pins(9)=900.0, Dist=376.0, Win Bonus=0.0
[2026-05-22 10:15:15] SCORE RL (red): Final=482.6, Time=54.9, Moves(55)=85.7, Pins(1)=100.0, Dist=242.0, Win Bonus=0.0
[2026-05-22 10:15:15] SCORE LosTurcos (blue): Final=950.5, Time=89.5, Moves(56)=83.0, Pins(4)=400.0, Dist=378.0, Win Bonus=0.0
[2026-05-22 10:15:15] ALL WRONG MOVES BY COLOUR: {'gray0': ['34 (turn timeout)', '82 (turn timeout)', '136 (turn timeout)', '154 (turn timeout)']}
[2026-05-22 10:15:15] GAME TIME LIMIT REACHED.
[2026-05-22 10:15:15] SCORE PCS (lawn green): Final=724.4, Time=83.4, Moves(56)=83.0, Pins(2)=200.0, Dist=358.0, Win Bonus=0.0
[2026-05-22 10:15:15] SCORE AlphaZeroClue (gray0): Final=2506.4, Time=13.7, Moves(52)=92.7, Pins(10)=1000.0, Dist=400.0, Win Bonus=1000.0
[2026-05-22 10:15:15] SCORE Group7 (yellow): Final=1456.5, Time=75.5, Moves(56)=83.0, Pins(9)=900.0, Dist=398.0, Win Bonus=0.0
[2026-05-22 10:15:15] SCORE Gruppe 2 (purple): Final=1439.5, Time=77.8, Moves(55)=85.7, Pins(9)=900.0, Dist=376.0, Win Bonus=0.0
[2026-05-22 10:15:15] SCORE RL (red): Final=482.6, Time=54.9, Moves(55)=85.7, Pins(1)=100.0, Dist=242.0, Win Bonus=0.0
[2026-05-22 10:15:15] SCORE LosTurcos (blue): Final=950.5, Time=89.5, Moves(56)=83.0, Pins(4)=400.0, Dist=378.0, Win Bonus=0.0
[2026-05-22 10:15:15] ALL WRONG MOVES BY COLOUR: {'gray0': ['34 (turn timeout)', '82 (turn timeout)', '136 (turn timeout)', '154 (turn timeout)']}
[2026-05-22 10:15:15] GAME TIME LIMIT REACHED.
[2026-05-22 10:15:15] SCORE PCS (lawn green): Final=724.4, Time=83.4, Moves(56)=83.0, Pins(2)=200.0, Dist=358.0, Win Bonus=0.0
[2026-05-22 10:15:15] SCORE AlphaZeroClue (gray0): Final=2506.4, Time=13.7, Moves(52)=92.7, Pins(10)=1000.0, Dist=400.0, Win Bonus=1000.0
[2026-05-22 10:15:15] SCORE Group7 (yellow): Final=1456.5, Time=75.5, Moves(56)=83.0, Pins(9)=900.0, Dist=398.0, Win Bonus=0.0
[2026-05-22 10:15:15] SCORE Gruppe 2 (purple): Final=1439.5, Time=77.8, Moves(55)=85.7, Pins(9)=900.0, Dist=376.0, Win Bonus=0.0
[2026-05-22 10:15:15] SCORE RL (red): Final=482.6, Time=54.9, Moves(55)=85.7, Pins(1)=100.0, Dist=242.0, Win Bonus=0.0
[2026-05-22 10:15:15] SCORE LosTurcos (blue): Final=950.5, Time=89.5, Moves(56)=83.0, Pins(4)=400.0, Dist=378.0, Win Bonus=0.0
[2026-05-22 10:15:15] ALL WRONG MOVES BY COLOUR: {'gray0': ['34 (turn timeout)', '82 (turn timeout)', '136 (turn timeout)', '154 (turn timeout)']}
[2026-05-22 10:15:15] GAME TIME LIMIT REACHED.
[2026-05-22 10:15:15] SCORE PCS (lawn green): Final=724.4, Time=83.4, Moves(56)=83.0, Pins(2)=200.0, Dist=358.0, Win Bonus=0.0
[2026-05-22 10:15:15] SCORE AlphaZeroClue (gray0): Final=2506.4, Time=13.7, Moves(52)=92.7, Pins(10)=1000.0, Dist=400.0, Win Bonus=1000.0
[2026-05-22 10:15:15] SCORE Group7 (yellow): Final=1456.5, Time=75.5, Moves(56)=83.0, Pins(9)=900.0, Dist=398.0, Win Bonus=0.0
[2026-05-22 10:15:15] SCORE Gruppe 2 (purple): Final=1439.5, Time=77.8, Moves(55)=85.7, Pins(9)=900.0, Dist=376.0, Win Bonus=0.0
[2026-05-22 10:15:15] SCORE RL (red): Final=482.6, Time=54.9, Moves(55)=85.7, Pins(1)=100.0, Dist=242.0, Win Bonus=0.0
[2026-05-22 10:15:15] SCORE LosTurcos (blue): Final=950.5, Time=89.5, Moves(56)=83.0, Pins(4)=400.0, Dist=378.0, Win Bonus=0.0
[2026-05-22 10:15:15] ALL WRONG MOVES BY COLOUR: {'gray0': ['34 (turn timeout)', '82 (turn timeout)', '136 (turn timeout)', '154 (turn timeout)']}
[2026-05-22 10:15:15] GAME TIME LIMIT REACHED.
[2026-05-22 10:15:16] SCORE PCS (lawn green): Final=724.4, Time=83.4, Moves(56)=83.0, Pins(2)=200.0, Dist=358.0, Win Bonus=0.0
[2026-05-22 10:15:16] SCORE AlphaZeroClue (gray0): Final=2506.4, Time=13.7, Moves(52)=92.7, Pins(10)=1000.0, Dist=400.0, Win Bonus=1000.0
[2026-05-22 10:15:16] SCORE Group7 (yellow): Final=1456.5, Time=75.5, Moves(56)=83.0, Pins(9)=900.0, Dist=398.0, Win Bonus=0.0
[2026-05-22 10:15:16] SCORE Gruppe 2 (purple): Final=1439.5, Time=77.8, Moves(55)=85.7, Pins(9)=900.0, Dist=376.0, Win Bonus=0.0
[2026-05-22 10:15:16] SCORE RL (red): Final=482.6, Time=54.9, Moves(55)=85.7, Pins(1)=100.0, Dist=242.0, Win Bonus=0.0
[2026-05-22 10:15:16] SCORE LosTurcos (blue): Final=950.5, Time=89.5, Moves(56)=83.0, Pins(4)=400.0, Dist=378.0, Win Bonus=0.0
[2026-05-22 10:15:16] ALL WRONG MOVES BY COLOUR: {'gray0': ['34 (turn timeout)', '82 (turn timeout)', '136 (turn timeout)', '154 (turn timeout)']}
[2026-05-22 10:15:16] GAME TIME LIMIT REACHED.
[2026-05-22 10:15:16] SCORE PCS (lawn green): Final=724.4, Time=83.4, Moves(56)=83.0, Pins(2)=200.0, Dist=358.0, Win Bonus=0.0
[2026-05-22 10:15:16] SCORE AlphaZeroClue (gray0): Final=2506.4, Time=13.7, Moves(52)=92.7, Pins(10)=1000.0, Dist=400.0, Win Bonus=1000.0
[2026-05-22 10:15:16] SCORE Group7 (yellow): Final=1456.5, Time=75.5, Moves(56)=83.0, Pins(9)=900.0, Dist=398.0, Win Bonus=0.0
[2026-05-22 10:15:16] SCORE Gruppe 2 (purple): Final=1439.5, Time=77.8, Moves(55)=85.7, Pins(9)=900.0, Dist=376.0, Win Bonus=0.0
[2026-05-22 10:15:16] SCORE RL (red): Final=482.6, Time=54.9, Moves(55)=85.7, Pins(1)=100.0, Dist=242.0, Win Bonus=0.0
[2026-05-22 10:15:16] SCORE LosTurcos (blue): Final=950.5, Time=89.5, Moves(56)=83.0, Pins(4)=400.0, Dist=378.0, Win Bonus=0.0
[2026-05-22 10:15:16] ALL WRONG MOVES BY COLOUR: {'gray0': ['34 (turn timeout)', '82 (turn timeout)', '136 (turn timeout)', '154 (turn timeout)']}
[2026-05-22 10:15:16] GAME TIME LIMIT REACHED.
[2026-05-22 10:15:16] SCORE PCS (lawn green): Final=724.4, Time=83.4, Moves(56)=83.0, Pins(2)=200.0, Dist=358.0, Win Bonus=0.0
[2026-05-22 10:15:16] SCORE AlphaZeroClue (gray0): Final=2506.4, Time=13.7, Moves(52)=92.7, Pins(10)=1000.0, Dist=400.0, Win Bonus=1000.0
[2026-05-22 10:15:16] SCORE Group7 (yellow): Final=1456.5, Time=75.5, Moves(56)=83.0, Pins(9)=900.0, Dist=398.0, Win Bonus=0.0
[2026-05-22 10:15:16] SCORE Gruppe 2 (purple): Final=1439.5, Time=77.8, Moves(55)=85.7, Pins(9)=900.0, Dist=376.0, Win Bonus=0.0
[2026-05-22 10:15:16] SCORE RL (red): Final=482.6, Time=54.9, Moves(55)=85.7, Pins(1)=100.0, Dist=242.0, Win Bonus=0.0
[2026-05-22 10:15:16] SCORE LosTurcos (blue): Final=950.5, Time=89.5, Moves(56)=83.0, Pins(4)=400.0, Dist=378.0, Win Bonus=0.0
[2026-05-22 10:15:16] ALL WRONG MOVES BY COLOUR: {'gray0': ['34 (turn timeout)', '82 (turn timeout)', '136 (turn timeout)', '154 (turn timeout)']}
[2026-05-22 10:15:16] GAME TIME LIMIT REACHED.
[2026-05-22 10:15:16] SCORE PCS (lawn green): Final=724.4, Time=83.4, Moves(56)=83.0, Pins(2)=200.0, Dist=358.0, Win Bonus=0.0
[2026-05-22 10:15:16] SCORE AlphaZeroClue (gray0): Final=2506.4, Time=13.7, Moves(52)=92.7, Pins(10)=1000.0, Dist=400.0, Win Bonus=1000.0
[2026-05-22 10:15:16] SCORE Group7 (yellow): Final=1456.5, Time=75.5, Moves(56)=83.0, Pins(9)=900.0, Dist=398.0, Win Bonus=0.0
[2026-05-22 10:15:16] SCORE Gruppe 2 (purple): Final=1439.5, Time=77.8, Moves(55)=85.7, Pins(9)=900.0, Dist=376.0, Win Bonus=0.0
[2026-05-22 10:15:16] SCORE RL (red): Final=482.6, Time=54.9, Moves(55)=85.7, Pins(1)=100.0, Dist=242.0, Win Bonus=0.0
[2026-05-22 10:15:16] SCORE LosTurcos (blue): Final=950.5, Time=89.5, Moves(56)=83.0, Pins(4)=400.0, Dist=378.0, Win Bonus=0.0
[2026-05-22 10:15:16] ALL WRONG MOVES BY COLOUR: {'gray0': ['34 (turn timeout)', '82 (turn timeout)', '136 (turn timeout)', '154 (turn timeout)']}
[2026-05-22 10:15:16] GAME TIME LIMIT REACHED.
[2026-05-22 10:15:17] SCORE PCS (lawn green): Final=724.4, Time=83.4, Moves(56)=83.0, Pins(2)=200.0, Dist=358.0, Win Bonus=0.0
[2026-05-22 10:15:17] SCORE AlphaZeroClue (gray0): Final=2506.4, Time=13.7, Moves(52)=92.7, Pins(10)=1000.0, Dist=400.0, Win Bonus=1000.0
[2026-05-22 10:15:17] SCORE Group7 (yellow): Final=1456.5, Time=75.5, Moves(56)=83.0, Pins(9)=900.0, Dist=398.0, Win Bonus=0.0
[2026-05-22 10:15:17] SCORE Gruppe 2 (purple): Final=1439.5, Time=77.8, Moves(55)=85.7, Pins(9)=900.0, Dist=376.0, Win Bonus=0.0
[2026-05-22 10:15:17] SCORE RL (red): Final=482.6, Time=54.9, Moves(55)=85.7, Pins(1)=100.0, Dist=242.0, Win Bonus=0.0
[2026-05-22 10:15:17] SCORE LosTurcos (blue): Final=950.5, Time=89.5, Moves(56)=83.0, Pins(4)=400.0, Dist=378.0, Win Bonus=0.0
[2026-05-22 10:15:17] ALL WRONG MOVES BY COLOUR: {'gray0': ['34 (turn timeout)', '82 (turn timeout)', '136 (turn timeout)', '154 (turn timeout)']}
[2026-05-22 10:15:17] GAME TIME LIMIT REACHED.
[2026-05-22 10:15:17] SCORE PCS (lawn green): Final=724.4, Time=83.4, Moves(56)=83.0, Pins(2)=200.0, Dist=358.0, Win Bonus=0.0
[2026-05-22 10:15:17] SCORE AlphaZeroClue (gray0): Final=2506.4, Time=13.7, Moves(52)=92.7, Pins(10)=1000.0, Dist=400.0, Win Bonus=1000.0
[2026-05-22 10:15:17] SCORE Group7 (yellow): Final=1456.5, Time=75.5, Moves(56)=83.0, Pins(9)=900.0, Dist=398.0, Win Bonus=0.0
[2026-05-22 10:15:17] SCORE Gruppe 2 (purple): Final=1439.5, Time=77.8, Moves(55)=85.7, Pins(9)=900.0, Dist=376.0, Win Bonus=0.0
[2026-05-22 10:15:17] SCORE RL (red): Final=482.6, Time=54.9, Moves(55)=85.7, Pins(1)=100.0, Dist=242.0, Win Bonus=0.0
[2026-05-22 10:15:17] SCORE LosTurcos (blue): Final=950.5, Time=89.5, Moves(56)=83.0, Pins(4)=400.0, Dist=378.0, Win Bonus=0.0
[2026-05-22 10:15:17] ALL WRONG MOVES BY COLOUR: {'gray0': ['34 (turn timeout)', '82 (turn timeout)', '136 (turn timeout)', '154 (turn timeout)']}
[2026-05-22 10:15:17] GAME TIME LIMIT REACHED.
[2026-05-22 10:15:17] SCORE PCS (lawn green): Final=724.4, Time=83.4, Moves(56)=83.0, Pins(2)=200.0, Dist=358.0, Win Bonus=0.0
[2026-05-22 10:15:17] SCORE AlphaZeroClue (gray0): Final=2506.4, Time=13.7, Moves(52)=92.7, Pins(10)=1000.0, Dist=400.0, Win Bonus=1000.0
[2026-05-22 10:15:17] SCORE Group7 (yellow): Final=1456.5, Time=75.5, Moves(56)=83.0, Pins(9)=900.0, Dist=398.0, Win Bonus=0.0
[2026-05-22 10:15:17] SCORE Gruppe 2 (purple): Final=1439.5, Time=77.8, Moves(55)=85.7, Pins(9)=900.0, Dist=376.0, Win Bonus=0.0
[2026-05-22 10:15:17] SCORE RL (red): Final=482.6, Time=54.9, Moves(55)=85.7, Pins(1)=100.0, Dist=242.0, Win Bonus=0.0
[2026-05-22 10:15:17] SCORE LosTurcos (blue): Final=950.5, Time=89.5, Moves(56)=83.0, Pins(4)=400.0, Dist=378.0, Win Bonus=0.0
[2026-05-22 10:15:17] ALL WRONG MOVES BY COLOUR: {'gray0': ['34 (turn timeout)', '82 (turn timeout)', '136 (turn timeout)', '154 (turn timeout)']}
[2026-05-22 10:15:17] GAME TIME LIMIT REACHED.
[2026-05-22 10:15:17] SCORE PCS (lawn green): Final=724.4, Time=83.4, Moves(56)=83.0, Pins(2)=200.0, Dist=358.0, Win Bonus=0.0
[2026-05-22 10:15:17] SCORE AlphaZeroClue (gray0): Final=2506.4, Time=13.7, Moves(52)=92.7, Pins(10)=1000.0, Dist=400.0, Win Bonus=1000.0
[2026-05-22 10:15:17] SCORE Group7 (yellow): Final=1456.5, Time=75.5, Moves(56)=83.0, Pins(9)=900.0, Dist=398.0, Win Bonus=0.0
[2026-05-22 10:15:17] SCORE Gruppe 2 (purple): Final=1439.5, Time=77.8, Moves(55)=85.7, Pins(9)=900.0, Dist=376.0, Win Bonus=0.0
[2026-05-22 10:15:17] SCORE RL (red): Final=482.6, Time=54.9, Moves(55)=85.7, Pins(1)=100.0, Dist=242.0, Win Bonus=0.0
[2026-05-22 10:15:17] SCORE LosTurcos (blue): Final=950.5, Time=89.5, Moves(56)=83.0, Pins(4)=400.0, Dist=378.0, Win Bonus=0.0
[2026-05-22 10:15:17] ALL WRONG MOVES BY COLOUR: {'gray0': ['34 (turn timeout)', '82 (turn timeout)', '136 (turn timeout)', '154 (turn timeout)']}
[2026-05-22 10:15:17] GAME TIME LIMIT REACHED.
[2026-05-22 10:15:18] SCORE PCS (lawn green): Final=724.4, Time=83.4, Moves(56)=83.0, Pins(2)=200.0, Dist=358.0, Win Bonus=0.0
[2026-05-22 10:15:18] SCORE AlphaZeroClue (gray0): Final=2506.4, Time=13.7, Moves(52)=92.7, Pins(10)=1000.0, Dist=400.0, Win Bonus=1000.0
[2026-05-22 10:15:18] SCORE Group7 (yellow): Final=1456.5, Time=75.5, Moves(56)=83.0, Pins(9)=900.0, Dist=398.0, Win Bonus=0.0
[2026-05-22 10:15:18] SCORE Gruppe 2 (purple): Final=1439.5, Time=77.8, Moves(55)=85.7, Pins(9)=900.0, Dist=376.0, Win Bonus=0.0
[2026-05-22 10:15:18] SCORE RL (red): Final=482.6, Time=54.9, Moves(55)=85.7, Pins(1)=100.0, Dist=242.0, Win Bonus=0.0
[2026-05-22 10:15:18] SCORE LosTurcos (blue): Final=950.5, Time=89.5, Moves(56)=83.0, Pins(4)=400.0, Dist=378.0, Win Bonus=0.0
[2026-05-22 10:15:18] ALL WRONG MOVES BY COLOUR: {'gray0': ['34 (turn timeout)', '82 (turn timeout)', '136 (turn timeout)', '154 (turn timeout)']}
[2026-05-22 10:15:18] GAME TIME LIMIT REACHED.
[2026-05-22 10:15:18] SCORE PCS (lawn green): Final=724.4, Time=83.4, Moves(56)=83.0, Pins(2)=200.0, Dist=358.0, Win Bonus=0.0
[2026-05-22 10:15:18] SCORE AlphaZeroClue (gray0): Final=2506.4, Time=13.7, Moves(52)=92.7, Pins(10)=1000.0, Dist=400.0, Win Bonus=1000.0
[2026-05-22 10:15:18] SCORE Group7 (yellow): Final=1456.5, Time=75.5, Moves(56)=83.0, Pins(9)=900.0, Dist=398.0, Win Bonus=0.0
[2026-05-22 10:15:18] SCORE Gruppe 2 (purple): Final=1439.5, Time=77.8, Moves(55)=85.7, Pins(9)=900.0, Dist=376.0, Win Bonus=0.0
[2026-05-22 10:15:18] SCORE RL (red): Final=482.6, Time=54.9, Moves(55)=85.7, Pins(1)=100.0, Dist=242.0, Win Bonus=0.0
[2026-05-22 10:15:18] SCORE LosTurcos (blue): Final=950.5, Time=89.5, Moves(56)=83.0, Pins(4)=400.0, Dist=378.0, Win Bonus=0.0
[2026-05-22 10:15:18] ALL WRONG MOVES BY COLOUR: {'gray0': ['34 (turn timeout)', '82 (turn timeout)', '136 (turn timeout)', '154 (turn timeout)']}
[2026-05-22 10:15:18] GAME TIME LIMIT REACHED.
[2026-05-22 10:15:18] SCORE PCS (lawn green): Final=724.4, Time=83.4, Moves(56)=83.0, Pins(2)=200.0, Dist=358.0, Win Bonus=0.0
[2026-05-22 10:15:18] SCORE AlphaZeroClue (gray0): Final=2506.4, Time=13.7, Moves(52)=92.7, Pins(10)=1000.0, Dist=400.0, Win Bonus=1000.0
[2026-05-22 10:15:18] SCORE Group7 (yellow): Final=1456.5, Time=75.5, Moves(56)=83.0, Pins(9)=900.0, Dist=398.0, Win Bonus=0.0
[2026-05-22 10:15:18] SCORE Gruppe 2 (purple): Final=1439.5, Time=77.8, Moves(55)=85.7, Pins(9)=900.0, Dist=376.0, Win Bonus=0.0
[2026-05-22 10:15:18] SCORE RL (red): Final=482.6, Time=54.9, Moves(55)=85.7, Pins(1)=100.0, Dist=242.0, Win Bonus=0.0
[2026-05-22 10:15:18] SCORE LosTurcos (blue): Final=950.5, Time=89.5, Moves(56)=83.0, Pins(4)=400.0, Dist=378.0, Win Bonus=0.0
[2026-05-22 10:15:18] ALL WRONG MOVES BY COLOUR: {'gray0': ['34 (turn timeout)', '82 (turn timeout)', '136 (turn timeout)', '154 (turn timeout)']}
[2026-05-22 10:15:18] GAME TIME LIMIT REACHED.
[2026-05-22 10:15:18] SCORE PCS (lawn green): Final=724.4, Time=83.4, Moves(56)=83.0, Pins(2)=200.0, Dist=358.0, Win Bonus=0.0
[2026-05-22 10:15:18] SCORE AlphaZeroClue (gray0): Final=2506.4, Time=13.7, Moves(52)=92.7, Pins(10)=1000.0, Dist=400.0, Win Bonus=1000.0
[2026-05-22 10:15:18] SCORE Group7 (yellow): Final=1456.5, Time=75.5, Moves(56)=83.0, Pins(9)=900.0, Dist=398.0, Win Bonus=0.0
[2026-05-22 10:15:18] SCORE Gruppe 2 (purple): Final=1439.5, Time=77.8, Moves(55)=85.7, Pins(9)=900.0, Dist=376.0, Win Bonus=0.0
[2026-05-22 10:15:18] SCORE RL (red): Final=482.6, Time=54.9, Moves(55)=85.7, Pins(1)=100.0, Dist=242.0, Win Bonus=0.0
[2026-05-22 10:15:18] SCORE LosTurcos (blue): Final=950.5, Time=89.5, Moves(56)=83.0, Pins(4)=400.0, Dist=378.0, Win Bonus=0.0
[2026-05-22 10:15:18] ALL WRONG MOVES BY COLOUR: {'gray0': ['34 (turn timeout)', '82 (turn timeout)', '136 (turn timeout)', '154 (turn timeout)']}
[2026-05-22 10:15:18] GAME TIME LIMIT REACHED.
[2026-05-22 10:15:19] SCORE PCS (lawn green): Final=724.4, Time=83.4, Moves(56)=83.0, Pins(2)=200.0, Dist=358.0, Win Bonus=0.0
[2026-05-22 10:15:19] SCORE AlphaZeroClue (gray0): Final=2506.4, Time=13.7, Moves(52)=92.7, Pins(10)=1000.0, Dist=400.0, Win Bonus=1000.0
[2026-05-22 10:15:19] SCORE Group7 (yellow): Final=1456.5, Time=75.5, Moves(56)=83.0, Pins(9)=900.0, Dist=398.0, Win Bonus=0.0
[2026-05-22 10:15:19] SCORE Gruppe 2 (purple): Final=1439.5, Time=77.8, Moves(55)=85.7, Pins(9)=900.0, Dist=376.0, Win Bonus=0.0
[2026-05-22 10:15:19] SCORE RL (red): Final=482.6, Time=54.9, Moves(55)=85.7, Pins(1)=100.0, Dist=242.0, Win Bonus=0.0
[2026-05-22 10:15:19] SCORE LosTurcos (blue): Final=950.5, Time=89.5, Moves(56)=83.0, Pins(4)=400.0, Dist=378.0, Win Bonus=0.0
[2026-05-22 10:15:19] ALL WRONG MOVES BY COLOUR: {'gray0': ['34 (turn timeout)', '82 (turn timeout)', '136 (turn timeout)', '154 (turn timeout)']}
[2026-05-22 10:15:19] GAME TIME LIMIT REACHED.
[2026-05-22 10:15:19] SCORE PCS (lawn green): Final=724.4, Time=83.4, Moves(56)=83.0, Pins(2)=200.0, Dist=358.0, Win Bonus=0.0
[2026-05-22 10:15:19] SCORE AlphaZeroClue (gray0): Final=2506.4, Time=13.7, Moves(52)=92.7, Pins(10)=1000.0, Dist=400.0, Win Bonus=1000.0
[2026-05-22 10:15:19] SCORE Group7 (yellow): Final=1456.5, Time=75.5, Moves(56)=83.0, Pins(9)=900.0, Dist=398.0, Win Bonus=0.0
[2026-05-22 10:15:19] SCORE Gruppe 2 (purple): Final=1439.5, Time=77.8, Moves(55)=85.7, Pins(9)=900.0, Dist=376.0, Win Bonus=0.0
[2026-05-22 10:15:19] SCORE RL (red): Final=482.6, Time=54.9, Moves(55)=85.7, Pins(1)=100.0, Dist=242.0, Win Bonus=0.0
[2026-05-22 10:15:19] SCORE LosTurcos (blue): Final=950.5, Time=89.5, Moves(56)=83.0, Pins(4)=400.0, Dist=378.0, Win Bonus=0.0
[2026-05-22 10:15:19] ALL WRONG MOVES BY COLOUR: {'gray0': ['34 (turn timeout)', '82 (turn timeout)', '136 (turn timeout)', '154 (turn timeout)']}
[2026-05-22 10:15:19] GAME TIME LIMIT REACHED.
[2026-05-22 10:15:19] SCORE PCS (lawn green): Final=724.4, Time=83.4, Moves(56)=83.0, Pins(2)=200.0, Dist=358.0, Win Bonus=0.0
[2026-05-22 10:15:19] SCORE AlphaZeroClue (gray0): Final=2506.4, Time=13.7, Moves(52)=92.7, Pins(10)=1000.0, Dist=400.0, Win Bonus=1000.0
[2026-05-22 10:15:19] SCORE Group7 (yellow): Final=1456.5, Time=75.5, Moves(56)=83.0, Pins(9)=900.0, Dist=398.0, Win Bonus=0.0
[2026-05-22 10:15:19] SCORE Gruppe 2 (purple): Final=1439.5, Time=77.8, Moves(55)=85.7, Pins(9)=900.0, Dist=376.0, Win Bonus=0.0
[2026-05-22 10:15:19] SCORE RL (red): Final=482.6, Time=54.9, Moves(55)=85.7, Pins(1)=100.0, Dist=242.0, Win Bonus=0.0
[2026-05-22 10:15:19] SCORE LosTurcos (blue): Final=950.5, Time=89.5, Moves(56)=83.0, Pins(4)=400.0, Dist=378.0, Win Bonus=0.0
[2026-05-22 10:15:19] ALL WRONG MOVES BY COLOUR: {'gray0': ['34 (turn timeout)', '82 (turn timeout)', '136 (turn timeout)', '154 (turn timeout)']}
[2026-05-22 10:15:19] GAME TIME LIMIT REACHED.
[2026-05-22 10:15:19] SCORE PCS (lawn green): Final=724.4, Time=83.4, Moves(56)=83.0, Pins(2)=200.0, Dist=358.0, Win Bonus=0.0
[2026-05-22 10:15:19] SCORE AlphaZeroClue (gray0): Final=2506.4, Time=13.7, Moves(52)=92.7, Pins(10)=1000.0, Dist=400.0, Win Bonus=1000.0
[2026-05-22 10:15:19] SCORE Group7 (yellow): Final=1456.5, Time=75.5, Moves(56)=83.0, Pins(9)=900.0, Dist=398.0, Win Bonus=0.0
[2026-05-22 10:15:19] SCORE Gruppe 2 (purple): Final=1439.5, Time=77.8, Moves(55)=85.7, Pins(9)=900.0, Dist=376.0, Win Bonus=0.0
[2026-05-22 10:15:19] SCORE RL (red): Final=482.6, Time=54.9, Moves(55)=85.7, Pins(1)=100.0, Dist=242.0, Win Bonus=0.0
[2026-05-22 10:15:19] SCORE LosTurcos (blue): Final=950.5, Time=89.5, Moves(56)=83.0, Pins(4)=400.0, Dist=378.0, Win Bonus=0.0
[2026-05-22 10:15:19] ALL WRONG MOVES BY COLOUR: {'gray0': ['34 (turn timeout)', '82 (turn timeout)', '136 (turn timeout)', '154 (turn timeout)']}
[2026-05-22 10:15:19] GAME TIME LIMIT REACHED.
[2026-05-22 10:15:20] SCORE PCS (lawn green): Final=724.4, Time=83.4, Moves(56)=83.0, Pins(2)=200.0, Dist=358.0, Win Bonus=0.0
[2026-05-22 10:15:20] SCORE AlphaZeroClue (gray0): Final=2506.4, Time=13.7, Moves(52)=92.7, Pins(10)=1000.0, Dist=400.0, Win Bonus=1000.0
[2026-05-22 10:15:20] SCORE Group7 (yellow): Final=1456.5, Time=75.5, Moves(56)=83.0, Pins(9)=900.0, Dist=398.0, Win Bonus=0.0
[2026-05-22 10:15:20] SCORE Gruppe 2 (purple): Final=1439.5, Time=77.8, Moves(55)=85.7, Pins(9)=900.0, Dist=376.0, Win Bonus=0.0
[2026-05-22 10:15:20] SCORE RL (red): Final=482.6, Time=54.9, Moves(55)=85.7, Pins(1)=100.0, Dist=242.0, Win Bonus=0.0
[2026-05-22 10:15:20] SCORE LosTurcos (blue): Final=950.5, Time=89.5, Moves(56)=83.0, Pins(4)=400.0, Dist=378.0, Win Bonus=0.0
[2026-05-22 10:15:20] ALL WRONG MOVES BY COLOUR: {'gray0': ['34 (turn timeout)', '82 (turn timeout)', '136 (turn timeout)', '154 (turn timeout)']}
[2026-05-22 10:15:20] GAME TIME LIMIT REACHED.
[2026-05-22 10:15:20] SCORE PCS (lawn green): Final=724.4, Time=83.4, Moves(56)=83.0, Pins(2)=200.0, Dist=358.0, Win Bonus=0.0
[2026-05-22 10:15:20] SCORE AlphaZeroClue (gray0): Final=2506.4, Time=13.7, Moves(52)=92.7, Pins(10)=1000.0, Dist=400.0, Win Bonus=1000.0
[2026-05-22 10:15:20] SCORE Group7 (yellow): Final=1456.5, Time=75.5, Moves(56)=83.0, Pins(9)=900.0, Dist=398.0, Win Bonus=0.0
[2026-05-22 10:15:20] SCORE Gruppe 2 (purple): Final=1439.5, Time=77.8, Moves(55)=85.7, Pins(9)=900.0, Dist=376.0, Win Bonus=0.0
[2026-05-22 10:15:20] SCORE RL (red): Final=482.6, Time=54.9, Moves(55)=85.7, Pins(1)=100.0, Dist=242.0, Win Bonus=0.0
[2026-05-22 10:15:20] SCORE LosTurcos (blue): Final=950.5, Time=89.5, Moves(56)=83.0, Pins(4)=400.0, Dist=378.0, Win Bonus=0.0
[2026-05-22 10:15:20] ALL WRONG MOVES BY COLOUR: {'gray0': ['34 (turn timeout)', '82 (turn timeout)', '136 (turn timeout)', '154 (turn timeout)']}
[2026-05-22 10:15:20] GAME TIME LIMIT REACHED.
[2026-05-22 10:15:20] SCORE PCS (lawn green): Final=724.4, Time=83.4, Moves(56)=83.0, Pins(2)=200.0, Dist=358.0, Win Bonus=0.0
[2026-05-22 10:15:20] SCORE AlphaZeroClue (gray0): Final=2506.4, Time=13.7, Moves(52)=92.7, Pins(10)=1000.0, Dist=400.0, Win Bonus=1000.0
[2026-05-22 10:15:20] SCORE Group7 (yellow): Final=1456.5, Time=75.5, Moves(56)=83.0, Pins(9)=900.0, Dist=398.0, Win Bonus=0.0
[2026-05-22 10:15:20] SCORE Gruppe 2 (purple): Final=1439.5, Time=77.8, Moves(55)=85.7, Pins(9)=900.0, Dist=376.0, Win Bonus=0.0
[2026-05-22 10:15:20] SCORE RL (red): Final=482.6, Time=54.9, Moves(55)=85.7, Pins(1)=100.0, Dist=242.0, Win Bonus=0.0
[2026-05-22 10:15:20] SCORE LosTurcos (blue): Final=950.5, Time=89.5, Moves(56)=83.0, Pins(4)=400.0, Dist=378.0, Win Bonus=0.0
[2026-05-22 10:15:20] ALL WRONG MOVES BY COLOUR: {'gray0': ['34 (turn timeout)', '82 (turn timeout)', '136 (turn timeout)', '154 (turn timeout)']}
[2026-05-22 10:15:20] GAME TIME LIMIT REACHED.
[2026-05-22 10:15:20] SCORE PCS (lawn green): Final=724.4, Time=83.4, Moves(56)=83.0, Pins(2)=200.0, Dist=358.0, Win Bonus=0.0
[2026-05-22 10:15:20] SCORE AlphaZeroClue (gray0): Final=2506.4, Time=13.7, Moves(52)=92.7, Pins(10)=1000.0, Dist=400.0, Win Bonus=1000.0
[2026-05-22 10:15:20] SCORE Group7 (yellow): Final=1456.5, Time=75.5, Moves(56)=83.0, Pins(9)=900.0, Dist=398.0, Win Bonus=0.0
[2026-05-22 10:15:20] SCORE Gruppe 2 (purple): Final=1439.5, Time=77.8, Moves(55)=85.7, Pins(9)=900.0, Dist=376.0, Win Bonus=0.0
[2026-05-22 10:15:20] SCORE RL (red): Final=482.6, Time=54.9, Moves(55)=85.7, Pins(1)=100.0, Dist=242.0, Win Bonus=0.0
[2026-05-22 10:15:20] SCORE LosTurcos (blue): Final=950.5, Time=89.5, Moves(56)=83.0, Pins(4)=400.0, Dist=378.0, Win Bonus=0.0
[2026-05-22 10:15:20] ALL WRONG MOVES BY COLOUR: {'gray0': ['34 (turn timeout)', '82 (turn timeout)', '136 (turn timeout)', '154 (turn timeout)']}
[2026-05-22 10:15:20] GAME TIME LIMIT REACHED.
[2026-05-22 10:15:21] SCORE PCS (lawn green): Final=724.4, Time=83.4, Moves(56)=83.0, Pins(2)=200.0, Dist=358.0, Win Bonus=0.0
[2026-05-22 10:15:21] SCORE AlphaZeroClue (gray0): Final=2506.4, Time=13.7, Moves(52)=92.7, Pins(10)=1000.0, Dist=400.0, Win Bonus=1000.0
[2026-05-22 10:15:21] SCORE Group7 (yellow): Final=1456.5, Time=75.5, Moves(56)=83.0, Pins(9)=900.0, Dist=398.0, Win Bonus=0.0
[2026-05-22 10:15:21] SCORE Gruppe 2 (purple): Final=1439.5, Time=77.8, Moves(55)=85.7, Pins(9)=900.0, Dist=376.0, Win Bonus=0.0
[2026-05-22 10:15:21] SCORE RL (red): Final=482.6, Time=54.9, Moves(55)=85.7, Pins(1)=100.0, Dist=242.0, Win Bonus=0.0
[2026-05-22 10:15:21] SCORE LosTurcos (blue): Final=950.5, Time=89.5, Moves(56)=83.0, Pins(4)=400.0, Dist=378.0, Win Bonus=0.0
[2026-05-22 10:15:21] ALL WRONG MOVES BY COLOUR: {'gray0': ['34 (turn timeout)', '82 (turn timeout)', '136 (turn timeout)', '154 (turn timeout)']}
[2026-05-22 10:15:21] GAME TIME LIMIT REACHED.
[2026-05-22 10:15:21] SCORE PCS (lawn green): Final=724.4, Time=83.4, Moves(56)=83.0, Pins(2)=200.0, Dist=358.0, Win Bonus=0.0
[2026-05-22 10:15:21] SCORE AlphaZeroClue (gray0): Final=2506.4, Time=13.7, Moves(52)=92.7, Pins(10)=1000.0, Dist=400.0, Win Bonus=1000.0
[2026-05-22 10:15:21] SCORE Group7 (yellow): Final=1456.5, Time=75.5, Moves(56)=83.0, Pins(9)=900.0, Dist=398.0, Win Bonus=0.0
[2026-05-22 10:15:21] SCORE Gruppe 2 (purple): Final=1439.5, Time=77.8, Moves(55)=85.7, Pins(9)=900.0, Dist=376.0, Win Bonus=0.0
[2026-05-22 10:15:21] SCORE RL (red): Final=482.6, Time=54.9, Moves(55)=85.7, Pins(1)=100.0, Dist=242.0, Win Bonus=0.0
[2026-05-22 10:15:21] SCORE LosTurcos (blue): Final=950.5, Time=89.5, Moves(56)=83.0, Pins(4)=400.0, Dist=378.0, Win Bonus=0.0
[2026-05-22 10:15:21] ALL WRONG MOVES BY COLOUR: {'gray0': ['34 (turn timeout)', '82 (turn timeout)', '136 (turn timeout)', '154 (turn timeout)']}
[2026-05-22 10:15:21] GAME TIME LIMIT REACHED.
[2026-05-22 10:15:21] SCORE PCS (lawn green): Final=724.4, Time=83.4, Moves(56)=83.0, Pins(2)=200.0, Dist=358.0, Win Bonus=0.0
[2026-05-22 10:15:21] SCORE AlphaZeroClue (gray0): Final=2506.4, Time=13.7, Moves(52)=92.7, Pins(10)=1000.0, Dist=400.0, Win Bonus=1000.0
[2026-05-22 10:15:21] SCORE Group7 (yellow): Final=1456.5, Time=75.5, Moves(56)=83.0, Pins(9)=900.0, Dist=398.0, Win Bonus=0.0
[2026-05-22 10:15:21] SCORE Gruppe 2 (purple): Final=1439.5, Time=77.8, Moves(55)=85.7, Pins(9)=900.0, Dist=376.0, Win Bonus=0.0
[2026-05-22 10:15:21] SCORE RL (red): Final=482.6, Time=54.9, Moves(55)=85.7, Pins(1)=100.0, Dist=242.0, Win Bonus=0.0
[2026-05-22 10:15:21] SCORE LosTurcos (blue): Final=950.5, Time=89.5, Moves(56)=83.0, Pins(4)=400.0, Dist=378.0, Win Bonus=0.0
[2026-05-22 10:15:21] ALL WRONG MOVES BY COLOUR: {'gray0': ['34 (turn timeout)', '82 (turn timeout)', '136 (turn timeout)', '154 (turn timeout)']}
[2026-05-22 10:15:21] GAME TIME LIMIT REACHED.
[2026-05-22 10:15:21] SCORE PCS (lawn green): Final=724.4, Time=83.4, Moves(56)=83.0, Pins(2)=200.0, Dist=358.0, Win Bonus=0.0
[2026-05-22 10:15:21] SCORE AlphaZeroClue (gray0): Final=2506.4, Time=13.7, Moves(52)=92.7, Pins(10)=1000.0, Dist=400.0, Win Bonus=1000.0
[2026-05-22 10:15:21] SCORE Group7 (yellow): Final=1456.5, Time=75.5, Moves(56)=83.0, Pins(9)=900.0, Dist=398.0, Win Bonus=0.0
[2026-05-22 10:15:21] SCORE Gruppe 2 (purple): Final=1439.5, Time=77.8, Moves(55)=85.7, Pins(9)=900.0, Dist=376.0, Win Bonus=0.0
[2026-05-22 10:15:21] SCORE RL (red): Final=482.6, Time=54.9, Moves(55)=85.7, Pins(1)=100.0, Dist=242.0, Win Bonus=0.0
[2026-05-22 10:15:21] SCORE LosTurcos (blue): Final=950.5, Time=89.5, Moves(56)=83.0, Pins(4)=400.0, Dist=378.0, Win Bonus=0.0
[2026-05-22 10:15:21] ALL WRONG MOVES BY COLOUR: {'gray0': ['34 (turn timeout)', '82 (turn timeout)', '136 (turn timeout)', '154 (turn timeout)']}
[2026-05-22 10:15:21] GAME TIME LIMIT REACHED.
[2026-05-22 10:15:21] SCORE PCS (lawn green): Final=724.4, Time=83.4, Moves(56)=83.0, Pins(2)=200.0, Dist=358.0, Win Bonus=0.0
[2026-05-22 10:15:21] SCORE AlphaZeroClue (gray0): Final=2506.4, Time=13.7, Moves(52)=92.7, Pins(10)=1000.0, Dist=400.0, Win Bonus=1000.0
[2026-05-22 10:15:21] SCORE Group7 (yellow): Final=1456.5, Time=75.5, Moves(56)=83.0, Pins(9)=900.0, Dist=398.0, Win Bonus=0.0
[2026-05-22 10:15:21] SCORE Gruppe 2 (purple): Final=1439.5, Time=77.8, Moves(55)=85.7, Pins(9)=900.0, Dist=376.0, Win Bonus=0.0
[2026-05-22 10:15:21] SCORE RL (red): Final=482.6, Time=54.9, Moves(55)=85.7, Pins(1)=100.0, Dist=242.0, Win Bonus=0.0
[2026-05-22 10:15:21] SCORE LosTurcos (blue): Final=950.5, Time=89.5, Moves(56)=83.0, Pins(4)=400.0, Dist=378.0, Win Bonus=0.0
[2026-05-22 10:15:21] ALL WRONG MOVES BY COLOUR: {'gray0': ['34 (turn timeout)', '82 (turn timeout)', '136 (turn timeout)', '154 (turn timeout)']}
[2026-05-22 10:15:21] GAME TIME LIMIT REACHED.
[2026-05-22 10:15:22] SCORE PCS (lawn green): Final=724.4, Time=83.4, Moves(56)=83.0, Pins(2)=200.0, Dist=358.0, Win Bonus=0.0
[2026-05-22 10:15:22] SCORE AlphaZeroClue (gray0): Final=2506.4, Time=13.7, Moves(52)=92.7, Pins(10)=1000.0, Dist=400.0, Win Bonus=1000.0
[2026-05-22 10:15:22] SCORE Group7 (yellow): Final=1456.5, Time=75.5, Moves(56)=83.0, Pins(9)=900.0, Dist=398.0, Win Bonus=0.0
[2026-05-22 10:15:22] SCORE Gruppe 2 (purple): Final=1439.5, Time=77.8, Moves(55)=85.7, Pins(9)=900.0, Dist=376.0, Win Bonus=0.0
[2026-05-22 10:15:22] SCORE RL (red): Final=482.6, Time=54.9, Moves(55)=85.7, Pins(1)=100.0, Dist=242.0, Win Bonus=0.0
[2026-05-22 10:15:22] SCORE LosTurcos (blue): Final=950.5, Time=89.5, Moves(56)=83.0, Pins(4)=400.0, Dist=378.0, Win Bonus=0.0
[2026-05-22 10:15:22] ALL WRONG MOVES BY COLOUR: {'gray0': ['34 (turn timeout)', '82 (turn timeout)', '136 (turn timeout)', '154 (turn timeout)']}
[2026-05-22 10:15:22] GAME TIME LIMIT REACHED.
[2026-05-22 10:15:22] SCORE PCS (lawn green): Final=724.4, Time=83.4, Moves(56)=83.0, Pins(2)=200.0, Dist=358.0, Win Bonus=0.0
[2026-05-22 10:15:22] SCORE AlphaZeroClue (gray0): Final=2506.4, Time=13.7, Moves(52)=92.7, Pins(10)=1000.0, Dist=400.0, Win Bonus=1000.0
[2026-05-22 10:15:22] SCORE Group7 (yellow): Final=1456.5, Time=75.5, Moves(56)=83.0, Pins(9)=900.0, Dist=398.0, Win Bonus=0.0
[2026-05-22 10:15:22] SCORE Gruppe 2 (purple): Final=1439.5, Time=77.8, Moves(55)=85.7, Pins(9)=900.0, Dist=376.0, Win Bonus=0.0
[2026-05-22 10:15:22] SCORE RL (red): Final=482.6, Time=54.9, Moves(55)=85.7, Pins(1)=100.0, Dist=242.0, Win Bonus=0.0
[2026-05-22 10:15:22] SCORE LosTurcos (blue): Final=950.5, Time=89.5, Moves(56)=83.0, Pins(4)=400.0, Dist=378.0, Win Bonus=0.0
[2026-05-22 10:15:22] ALL WRONG MOVES BY COLOUR: {'gray0': ['34 (turn timeout)', '82 (turn timeout)', '136 (turn timeout)', '154 (turn timeout)']}
[2026-05-22 10:15:22] GAME TIME LIMIT REACHED.
[2026-05-22 10:15:22] SCORE PCS (lawn green): Final=724.4, Time=83.4, Moves(56)=83.0, Pins(2)=200.0, Dist=358.0, Win Bonus=0.0
[2026-05-22 10:15:22] SCORE AlphaZeroClue (gray0): Final=2506.4, Time=13.7, Moves(52)=92.7, Pins(10)=1000.0, Dist=400.0, Win Bonus=1000.0
[2026-05-22 10:15:22] SCORE Group7 (yellow): Final=1456.5, Time=75.5, Moves(56)=83.0, Pins(9)=900.0, Dist=398.0, Win Bonus=0.0
[2026-05-22 10:15:22] SCORE Gruppe 2 (purple): Final=1439.5, Time=77.8, Moves(55)=85.7, Pins(9)=900.0, Dist=376.0, Win Bonus=0.0
[2026-05-22 10:15:22] SCORE RL (red): Final=482.6, Time=54.9, Moves(55)=85.7, Pins(1)=100.0, Dist=242.0, Win Bonus=0.0
[2026-05-22 10:15:22] SCORE LosTurcos (blue): Final=950.5, Time=89.5, Moves(56)=83.0, Pins(4)=400.0, Dist=378.0, Win Bonus=0.0
[2026-05-22 10:15:22] ALL WRONG MOVES BY COLOUR: {'gray0': ['34 (turn timeout)', '82 (turn timeout)', '136 (turn timeout)', '154 (turn timeout)']}
[2026-05-22 10:15:22] GAME TIME LIMIT REACHED.
[2026-05-22 10:15:22] SCORE PCS (lawn green): Final=724.4, Time=83.4, Moves(56)=83.0, Pins(2)=200.0, Dist=358.0, Win Bonus=0.0
[2026-05-22 10:15:22] SCORE AlphaZeroClue (gray0): Final=2506.4, Time=13.7, Moves(52)=92.7, Pins(10)=1000.0, Dist=400.0, Win Bonus=1000.0
[2026-05-22 10:15:22] SCORE Group7 (yellow): Final=1456.5, Time=75.5, Moves(56)=83.0, Pins(9)=900.0, Dist=398.0, Win Bonus=0.0
[2026-05-22 10:15:22] SCORE Gruppe 2 (purple): Final=1439.5, Time=77.8, Moves(55)=85.7, Pins(9)=900.0, Dist=376.0, Win Bonus=0.0
[2026-05-22 10:15:22] SCORE RL (red): Final=482.6, Time=54.9, Moves(55)=85.7, Pins(1)=100.0, Dist=242.0, Win Bonus=0.0
[2026-05-22 10:15:22] SCORE LosTurcos (blue): Final=950.5, Time=89.5, Moves(56)=83.0, Pins(4)=400.0, Dist=378.0, Win Bonus=0.0
[2026-05-22 10:15:22] ALL WRONG MOVES BY COLOUR: {'gray0': ['34 (turn timeout)', '82 (turn timeout)', '136 (turn timeout)', '154 (turn timeout)']}
[2026-05-22 10:15:22] GAME TIME LIMIT REACHED.
[2026-05-22 10:15:23] SCORE PCS (lawn green): Final=724.4, Time=83.4, Moves(56)=83.0, Pins(2)=200.0, Dist=358.0, Win Bonus=0.0
[2026-05-22 10:15:23] SCORE AlphaZeroClue (gray0): Final=2506.4, Time=13.7, Moves(52)=92.7, Pins(10)=1000.0, Dist=400.0, Win Bonus=1000.0
[2026-05-22 10:15:23] SCORE Group7 (yellow): Final=1456.5, Time=75.5, Moves(56)=83.0, Pins(9)=900.0, Dist=398.0, Win Bonus=0.0
[2026-05-22 10:15:23] SCORE Gruppe 2 (purple): Final=1439.5, Time=77.8, Moves(55)=85.7, Pins(9)=900.0, Dist=376.0, Win Bonus=0.0
[2026-05-22 10:15:23] SCORE RL (red): Final=482.6, Time=54.9, Moves(55)=85.7, Pins(1)=100.0, Dist=242.0, Win Bonus=0.0
[2026-05-22 10:15:23] SCORE LosTurcos (blue): Final=950.5, Time=89.5, Moves(56)=83.0, Pins(4)=400.0, Dist=378.0, Win Bonus=0.0
[2026-05-22 10:15:23] ALL WRONG MOVES BY COLOUR: {'gray0': ['34 (turn timeout)', '82 (turn timeout)', '136 (turn timeout)', '154 (turn timeout)']}
[2026-05-22 10:15:23] GAME TIME LIMIT REACHED.
[2026-05-22 10:15:23] SCORE PCS (lawn green): Final=724.4, Time=83.4, Moves(56)=83.0, Pins(2)=200.0, Dist=358.0, Win Bonus=0.0
[2026-05-22 10:15:23] SCORE AlphaZeroClue (gray0): Final=2506.4, Time=13.7, Moves(52)=92.7, Pins(10)=1000.0, Dist=400.0, Win Bonus=1000.0
[2026-05-22 10:15:23] SCORE Group7 (yellow): Final=1456.5, Time=75.5, Moves(56)=83.0, Pins(9)=900.0, Dist=398.0, Win Bonus=0.0
[2026-05-22 10:15:23] SCORE Gruppe 2 (purple): Final=1439.5, Time=77.8, Moves(55)=85.7, Pins(9)=900.0, Dist=376.0, Win Bonus=0.0
[2026-05-22 10:15:23] SCORE RL (red): Final=482.6, Time=54.9, Moves(55)=85.7, Pins(1)=100.0, Dist=242.0, Win Bonus=0.0
[2026-05-22 10:15:23] SCORE LosTurcos (blue): Final=950.5, Time=89.5, Moves(56)=83.0, Pins(4)=400.0, Dist=378.0, Win Bonus=0.0
[2026-05-22 10:15:23] ALL WRONG MOVES BY COLOUR: {'gray0': ['34 (turn timeout)', '82 (turn timeout)', '136 (turn timeout)', '154 (turn timeout)']}
[2026-05-22 10:15:23] GAME TIME LIMIT REACHED.
[2026-05-22 10:15:23] SCORE PCS (lawn green): Final=724.4, Time=83.4, Moves(56)=83.0, Pins(2)=200.0, Dist=358.0, Win Bonus=0.0
[2026-05-22 10:15:23] SCORE AlphaZeroClue (gray0): Final=2506.4, Time=13.7, Moves(52)=92.7, Pins(10)=1000.0, Dist=400.0, Win Bonus=1000.0
[2026-05-22 10:15:23] SCORE Group7 (yellow): Final=1456.5, Time=75.5, Moves(56)=83.0, Pins(9)=900.0, Dist=398.0, Win Bonus=0.0
[2026-05-22 10:15:23] SCORE Gruppe 2 (purple): Final=1439.5, Time=77.8, Moves(55)=85.7, Pins(9)=900.0, Dist=376.0, Win Bonus=0.0
[2026-05-22 10:15:23] SCORE RL (red): Final=482.6, Time=54.9, Moves(55)=85.7, Pins(1)=100.0, Dist=242.0, Win Bonus=0.0
[2026-05-22 10:15:23] SCORE LosTurcos (blue): Final=950.5, Time=89.5, Moves(56)=83.0, Pins(4)=400.0, Dist=378.0, Win Bonus=0.0
[2026-05-22 10:15:23] ALL WRONG MOVES BY COLOUR: {'gray0': ['34 (turn timeout)', '82 (turn timeout)', '136 (turn timeout)', '154 (turn timeout)']}
[2026-05-22 10:15:23] GAME TIME LIMIT REACHED.
[2026-05-22 10:15:24] SCORE PCS (lawn green): Final=724.4, Time=83.4, Moves(56)=83.0, Pins(2)=200.0, Dist=358.0, Win Bonus=0.0
[2026-05-22 10:15:24] SCORE AlphaZeroClue (gray0): Final=2506.4, Time=13.7, Moves(52)=92.7, Pins(10)=1000.0, Dist=400.0, Win Bonus=1000.0
[2026-05-22 10:15:24] SCORE Group7 (yellow): Final=1456.5, Time=75.5, Moves(56)=83.0, Pins(9)=900.0, Dist=398.0, Win Bonus=0.0
[2026-05-22 10:15:24] SCORE Gruppe 2 (purple): Final=1439.5, Time=77.8, Moves(55)=85.7, Pins(9)=900.0, Dist=376.0, Win Bonus=0.0
[2026-05-22 10:15:24] SCORE RL (red): Final=482.6, Time=54.9, Moves(55)=85.7, Pins(1)=100.0, Dist=242.0, Win Bonus=0.0
[2026-05-22 10:15:24] SCORE LosTurcos (blue): Final=950.5, Time=89.5, Moves(56)=83.0, Pins(4)=400.0, Dist=378.0, Win Bonus=0.0
[2026-05-22 10:15:24] ALL WRONG MOVES BY COLOUR: {'gray0': ['34 (turn timeout)', '82 (turn timeout)', '136 (turn timeout)', '154 (turn timeout)']}
[2026-05-22 10:15:24] GAME TIME LIMIT REACHED.
[2026-05-22 10:15:24] SCORE PCS (lawn green): Final=724.4, Time=83.4, Moves(56)=83.0, Pins(2)=200.0, Dist=358.0, Win Bonus=0.0
[2026-05-22 10:15:24] SCORE AlphaZeroClue (gray0): Final=2506.4, Time=13.7, Moves(52)=92.7, Pins(10)=1000.0, Dist=400.0, Win Bonus=1000.0
[2026-05-22 10:15:24] SCORE Group7 (yellow): Final=1456.5, Time=75.5, Moves(56)=83.0, Pins(9)=900.0, Dist=398.0, Win Bonus=0.0
[2026-05-22 10:15:24] SCORE Gruppe 2 (purple): Final=1439.5, Time=77.8, Moves(55)=85.7, Pins(9)=900.0, Dist=376.0, Win Bonus=0.0
[2026-05-22 10:15:24] SCORE RL (red): Final=482.6, Time=54.9, Moves(55)=85.7, Pins(1)=100.0, Dist=242.0, Win Bonus=0.0
[2026-05-22 10:15:24] SCORE LosTurcos (blue): Final=950.5, Time=89.5, Moves(56)=83.0, Pins(4)=400.0, Dist=378.0, Win Bonus=0.0
[2026-05-22 10:15:24] ALL WRONG MOVES BY COLOUR: {'gray0': ['34 (turn timeout)', '82 (turn timeout)', '136 (turn timeout)', '154 (turn timeout)']}
[2026-05-22 10:15:24] GAME TIME LIMIT REACHED.
[2026-05-22 10:15:24] SCORE PCS (lawn green): Final=724.4, Time=83.4, Moves(56)=83.0, Pins(2)=200.0, Dist=358.0, Win Bonus=0.0
[2026-05-22 10:15:24] SCORE AlphaZeroClue (gray0): Final=2506.4, Time=13.7, Moves(52)=92.7, Pins(10)=1000.0, Dist=400.0, Win Bonus=1000.0
[2026-05-22 10:15:24] SCORE Group7 (yellow): Final=1456.5, Time=75.5, Moves(56)=83.0, Pins(9)=900.0, Dist=398.0, Win Bonus=0.0
[2026-05-22 10:15:24] SCORE Gruppe 2 (purple): Final=1439.5, Time=77.8, Moves(55)=85.7, Pins(9)=900.0, Dist=376.0, Win Bonus=0.0
[2026-05-22 10:15:24] SCORE RL (red): Final=482.6, Time=54.9, Moves(55)=85.7, Pins(1)=100.0, Dist=242.0, Win Bonus=0.0
[2026-05-22 10:15:24] SCORE LosTurcos (blue): Final=950.5, Time=89.5, Moves(56)=83.0, Pins(4)=400.0, Dist=378.0, Win Bonus=0.0
[2026-05-22 10:15:24] ALL WRONG MOVES BY COLOUR: {'gray0': ['34 (turn timeout)', '82 (turn timeout)', '136 (turn timeout)', '154 (turn timeout)']}
[2026-05-22 10:15:24] GAME TIME LIMIT REACHED.
[2026-05-22 10:15:24] SCORE PCS (lawn green): Final=724.4, Time=83.4, Moves(56)=83.0, Pins(2)=200.0, Dist=358.0, Win Bonus=0.0
[2026-05-22 10:15:24] SCORE AlphaZeroClue (gray0): Final=2506.4, Time=13.7, Moves(52)=92.7, Pins(10)=1000.0, Dist=400.0, Win Bonus=1000.0
[2026-05-22 10:15:24] SCORE Group7 (yellow): Final=1456.5, Time=75.5, Moves(56)=83.0, Pins(9)=900.0, Dist=398.0, Win Bonus=0.0
[2026-05-22 10:15:24] SCORE Gruppe 2 (purple): Final=1439.5, Time=77.8, Moves(55)=85.7, Pins(9)=900.0, Dist=376.0, Win Bonus=0.0
[2026-05-22 10:15:24] SCORE RL (red): Final=482.6, Time=54.9, Moves(55)=85.7, Pins(1)=100.0, Dist=242.0, Win Bonus=0.0
[2026-05-22 10:15:24] SCORE LosTurcos (blue): Final=950.5, Time=89.5, Moves(56)=83.0, Pins(4)=400.0, Dist=378.0, Win Bonus=0.0
[2026-05-22 10:15:24] ALL WRONG MOVES BY COLOUR: {'gray0': ['34 (turn timeout)', '82 (turn timeout)', '136 (turn timeout)', '154 (turn timeout)']}
[2026-05-22 10:15:24] GAME TIME LIMIT REACHED.
[2026-05-22 10:15:24] SCORE PCS (lawn green): Final=724.4, Time=83.4, Moves(56)=83.0, Pins(2)=200.0, Dist=358.0, Win Bonus=0.0
[2026-05-22 10:15:24] SCORE AlphaZeroClue (gray0): Final=2506.4, Time=13.7, Moves(52)=92.7, Pins(10)=1000.0, Dist=400.0, Win Bonus=1000.0
[2026-05-22 10:15:24] SCORE Group7 (yellow): Final=1456.5, Time=75.5, Moves(56)=83.0, Pins(9)=900.0, Dist=398.0, Win Bonus=0.0
[2026-05-22 10:15:24] SCORE Gruppe 2 (purple): Final=1439.5, Time=77.8, Moves(55)=85.7, Pins(9)=900.0, Dist=376.0, Win Bonus=0.0
[2026-05-22 10:15:24] SCORE RL (red): Final=482.6, Time=54.9, Moves(55)=85.7, Pins(1)=100.0, Dist=242.0, Win Bonus=0.0
[2026-05-22 10:15:24] SCORE LosTurcos (blue): Final=950.5, Time=89.5, Moves(56)=83.0, Pins(4)=400.0, Dist=378.0, Win Bonus=0.0
[2026-05-22 10:15:24] ALL WRONG MOVES BY COLOUR: {'gray0': ['34 (turn timeout)', '82 (turn timeout)', '136 (turn timeout)', '154 (turn timeout)']}
[2026-05-22 10:15:25] GAME TIME LIMIT REACHED.
[2026-05-22 10:15:25] SCORE PCS (lawn green): Final=724.4, Time=83.4, Moves(56)=83.0, Pins(2)=200.0, Dist=358.0, Win Bonus=0.0
[2026-05-22 10:15:25] SCORE AlphaZeroClue (gray0): Final=2506.4, Time=13.7, Moves(52)=92.7, Pins(10)=1000.0, Dist=400.0, Win Bonus=1000.0
[2026-05-22 10:15:25] SCORE Group7 (yellow): Final=1456.5, Time=75.5, Moves(56)=83.0, Pins(9)=900.0, Dist=398.0, Win Bonus=0.0
[2026-05-22 10:15:25] SCORE Gruppe 2 (purple): Final=1439.5, Time=77.8, Moves(55)=85.7, Pins(9)=900.0, Dist=376.0, Win Bonus=0.0
[2026-05-22 10:15:25] SCORE RL (red): Final=482.6, Time=54.9, Moves(55)=85.7, Pins(1)=100.0, Dist=242.0, Win Bonus=0.0
[2026-05-22 10:15:25] SCORE LosTurcos (blue): Final=950.5, Time=89.5, Moves(56)=83.0, Pins(4)=400.0, Dist=378.0, Win Bonus=0.0
[2026-05-22 10:15:25] ALL WRONG MOVES BY COLOUR: {'gray0': ['34 (turn timeout)', '82 (turn timeout)', '136 (turn timeout)', '154 (turn timeout)']}
[2026-05-22 10:15:25] GAME TIME LIMIT REACHED.
[2026-05-22 10:15:25] SCORE PCS (lawn green): Final=724.4, Time=83.4, Moves(56)=83.0, Pins(2)=200.0, Dist=358.0, Win Bonus=0.0
[2026-05-22 10:15:25] SCORE AlphaZeroClue (gray0): Final=2506.4, Time=13.7, Moves(52)=92.7, Pins(10)=1000.0, Dist=400.0, Win Bonus=1000.0
[2026-05-22 10:15:25] SCORE Group7 (yellow): Final=1456.5, Time=75.5, Moves(56)=83.0, Pins(9)=900.0, Dist=398.0, Win Bonus=0.0
[2026-05-22 10:15:25] SCORE Gruppe 2 (purple): Final=1439.5, Time=77.8, Moves(55)=85.7, Pins(9)=900.0, Dist=376.0, Win Bonus=0.0
[2026-05-22 10:15:25] SCORE RL (red): Final=482.6, Time=54.9, Moves(55)=85.7, Pins(1)=100.0, Dist=242.0, Win Bonus=0.0
[2026-05-22 10:15:25] SCORE LosTurcos (blue): Final=950.5, Time=89.5, Moves(56)=83.0, Pins(4)=400.0, Dist=378.0, Win Bonus=0.0
[2026-05-22 10:15:25] ALL WRONG MOVES BY COLOUR: {'gray0': ['34 (turn timeout)', '82 (turn timeout)', '136 (turn timeout)', '154 (turn timeout)']}
[2026-05-22 10:15:25] GAME TIME LIMIT REACHED.
[2026-05-22 10:15:25] SCORE PCS (lawn green): Final=724.4, Time=83.4, Moves(56)=83.0, Pins(2)=200.0, Dist=358.0, Win Bonus=0.0
[2026-05-22 10:15:25] SCORE AlphaZeroClue (gray0): Final=2506.4, Time=13.7, Moves(52)=92.7, Pins(10)=1000.0, Dist=400.0, Win Bonus=1000.0
[2026-05-22 10:15:25] SCORE Group7 (yellow): Final=1456.5, Time=75.5, Moves(56)=83.0, Pins(9)=900.0, Dist=398.0, Win Bonus=0.0
[2026-05-22 10:15:25] SCORE Gruppe 2 (purple): Final=1439.5, Time=77.8, Moves(55)=85.7, Pins(9)=900.0, Dist=376.0, Win Bonus=0.0
[2026-05-22 10:15:25] SCORE RL (red): Final=482.6, Time=54.9, Moves(55)=85.7, Pins(1)=100.0, Dist=242.0, Win Bonus=0.0
[2026-05-22 10:15:25] SCORE LosTurcos (blue): Final=950.5, Time=89.5, Moves(56)=83.0, Pins(4)=400.0, Dist=378.0, Win Bonus=0.0
[2026-05-22 10:15:25] ALL WRONG MOVES BY COLOUR: {'gray0': ['34 (turn timeout)', '82 (turn timeout)', '136 (turn timeout)', '154 (turn timeout)']}
[2026-05-22 10:15:25] GAME TIME LIMIT REACHED.
[2026-05-22 10:15:25] SCORE PCS (lawn green): Final=724.4, Time=83.4, Moves(56)=83.0, Pins(2)=200.0, Dist=358.0, Win Bonus=0.0
[2026-05-22 10:15:25] SCORE AlphaZeroClue (gray0): Final=2506.4, Time=13.7, Moves(52)=92.7, Pins(10)=1000.0, Dist=400.0, Win Bonus=1000.0
[2026-05-22 10:15:25] SCORE Group7 (yellow): Final=1456.5, Time=75.5, Moves(56)=83.0, Pins(9)=900.0, Dist=398.0, Win Bonus=0.0
[2026-05-22 10:15:25] SCORE Gruppe 2 (purple): Final=1439.5, Time=77.8, Moves(55)=85.7, Pins(9)=900.0, Dist=376.0, Win Bonus=0.0
[2026-05-22 10:15:25] SCORE RL (red): Final=482.6, Time=54.9, Moves(55)=85.7, Pins(1)=100.0, Dist=242.0, Win Bonus=0.0
[2026-05-22 10:15:25] SCORE LosTurcos (blue): Final=950.5, Time=89.5, Moves(56)=83.0, Pins(4)=400.0, Dist=378.0, Win Bonus=0.0
[2026-05-22 10:15:25] ALL WRONG MOVES BY COLOUR: {'gray0': ['34 (turn timeout)', '82 (turn timeout)', '136 (turn timeout)', '154 (turn timeout)']}
[2026-05-22 10:15:25] GAME TIME LIMIT REACHED.
[2026-05-22 10:15:26] SCORE PCS (lawn green): Final=724.4, Time=83.4, Moves(56)=83.0, Pins(2)=200.0, Dist=358.0, Win Bonus=0.0
[2026-05-22 10:15:26] SCORE AlphaZeroClue (gray0): Final=2506.4, Time=13.7, Moves(52)=92.7, Pins(10)=1000.0, Dist=400.0, Win Bonus=1000.0
[2026-05-22 10:15:26] SCORE Group7 (yellow): Final=1456.5, Time=75.5, Moves(56)=83.0, Pins(9)=900.0, Dist=398.0, Win Bonus=0.0
[2026-05-22 10:15:26] SCORE Gruppe 2 (purple): Final=1439.5, Time=77.8, Moves(55)=85.7, Pins(9)=900.0, Dist=376.0, Win Bonus=0.0
[2026-05-22 10:15:26] SCORE RL (red): Final=482.6, Time=54.9, Moves(55)=85.7, Pins(1)=100.0, Dist=242.0, Win Bonus=0.0
[2026-05-22 10:15:26] SCORE LosTurcos (blue): Final=950.5, Time=89.5, Moves(56)=83.0, Pins(4)=400.0, Dist=378.0, Win Bonus=0.0
[2026-05-22 10:15:26] ALL WRONG MOVES BY COLOUR: {'gray0': ['34 (turn timeout)', '82 (turn timeout)', '136 (turn timeout)', '154 (turn timeout)']}
[2026-05-22 10:15:26] GAME TIME LIMIT REACHED.
[2026-05-22 10:15:26] SCORE PCS (lawn green): Final=724.4, Time=83.4, Moves(56)=83.0, Pins(2)=200.0, Dist=358.0, Win Bonus=0.0
[2026-05-22 10:15:26] SCORE AlphaZeroClue (gray0): Final=2506.4, Time=13.7, Moves(52)=92.7, Pins(10)=1000.0, Dist=400.0, Win Bonus=1000.0
[2026-05-22 10:15:26] SCORE Group7 (yellow): Final=1456.5, Time=75.5, Moves(56)=83.0, Pins(9)=900.0, Dist=398.0, Win Bonus=0.0
[2026-05-22 10:15:26] SCORE Gruppe 2 (purple): Final=1439.5, Time=77.8, Moves(55)=85.7, Pins(9)=900.0, Dist=376.0, Win Bonus=0.0
[2026-05-22 10:15:26] SCORE RL (red): Final=482.6, Time=54.9, Moves(55)=85.7, Pins(1)=100.0, Dist=242.0, Win Bonus=0.0
[2026-05-22 10:15:26] SCORE LosTurcos (blue): Final=950.5, Time=89.5, Moves(56)=83.0, Pins(4)=400.0, Dist=378.0, Win Bonus=0.0
[2026-05-22 10:15:26] ALL WRONG MOVES BY COLOUR: {'gray0': ['34 (turn timeout)', '82 (turn timeout)', '136 (turn timeout)', '154 (turn timeout)']}
[2026-05-22 10:15:26] GAME TIME LIMIT REACHED.
[2026-05-22 10:15:26] SCORE PCS (lawn green): Final=724.4, Time=83.4, Moves(56)=83.0, Pins(2)=200.0, Dist=358.0, Win Bonus=0.0
[2026-05-22 10:15:26] SCORE AlphaZeroClue (gray0): Final=2506.4, Time=13.7, Moves(52)=92.7, Pins(10)=1000.0, Dist=400.0, Win Bonus=1000.0
[2026-05-22 10:15:26] SCORE Group7 (yellow): Final=1456.5, Time=75.5, Moves(56)=83.0, Pins(9)=900.0, Dist=398.0, Win Bonus=0.0
[2026-05-22 10:15:26] SCORE Gruppe 2 (purple): Final=1439.5, Time=77.8, Moves(55)=85.7, Pins(9)=900.0, Dist=376.0, Win Bonus=0.0
[2026-05-22 10:15:26] SCORE RL (red): Final=482.6, Time=54.9, Moves(55)=85.7, Pins(1)=100.0, Dist=242.0, Win Bonus=0.0
[2026-05-22 10:15:26] SCORE LosTurcos (blue): Final=950.5, Time=89.5, Moves(56)=83.0, Pins(4)=400.0, Dist=378.0, Win Bonus=0.0
[2026-05-22 10:15:26] ALL WRONG MOVES BY COLOUR: {'gray0': ['34 (turn timeout)', '82 (turn timeout)', '136 (turn timeout)', '154 (turn timeout)']}
[2026-05-22 10:15:26] GAME TIME LIMIT REACHED.
[2026-05-22 10:15:26] SCORE PCS (lawn green): Final=724.4, Time=83.4, Moves(56)=83.0, Pins(2)=200.0, Dist=358.0, Win Bonus=0.0
[2026-05-22 10:15:26] SCORE AlphaZeroClue (gray0): Final=2506.4, Time=13.7, Moves(52)=92.7, Pins(10)=1000.0, Dist=400.0, Win Bonus=1000.0
[2026-05-22 10:15:26] SCORE Group7 (yellow): Final=1456.5, Time=75.5, Moves(56)=83.0, Pins(9)=900.0, Dist=398.0, Win Bonus=0.0
[2026-05-22 10:15:26] SCORE Gruppe 2 (purple): Final=1439.5, Time=77.8, Moves(55)=85.7, Pins(9)=900.0, Dist=376.0, Win Bonus=0.0
[2026-05-22 10:15:26] SCORE RL (red): Final=482.6, Time=54.9, Moves(55)=85.7, Pins(1)=100.0, Dist=242.0, Win Bonus=0.0
[2026-05-22 10:15:26] SCORE LosTurcos (blue): Final=950.5, Time=89.5, Moves(56)=83.0, Pins(4)=400.0, Dist=378.0, Win Bonus=0.0
[2026-05-22 10:15:26] ALL WRONG MOVES BY COLOUR: {'gray0': ['34 (turn timeout)', '82 (turn timeout)', '136 (turn timeout)', '154 (turn timeout)']}
[2026-05-22 10:15:26] GAME TIME LIMIT REACHED.
[2026-05-22 10:15:27] SCORE PCS (lawn green): Final=724.4, Time=83.4, Moves(56)=83.0, Pins(2)=200.0, Dist=358.0, Win Bonus=0.0
[2026-05-22 10:15:27] SCORE AlphaZeroClue (gray0): Final=2506.4, Time=13.7, Moves(52)=92.7, Pins(10)=1000.0, Dist=400.0, Win Bonus=1000.0
[2026-05-22 10:15:27] SCORE Group7 (yellow): Final=1456.5, Time=75.5, Moves(56)=83.0, Pins(9)=900.0, Dist=398.0, Win Bonus=0.0
[2026-05-22 10:15:27] SCORE Gruppe 2 (purple): Final=1439.5, Time=77.8, Moves(55)=85.7, Pins(9)=900.0, Dist=376.0, Win Bonus=0.0
[2026-05-22 10:15:27] SCORE RL (red): Final=482.6, Time=54.9, Moves(55)=85.7, Pins(1)=100.0, Dist=242.0, Win Bonus=0.0
[2026-05-22 10:15:27] SCORE LosTurcos (blue): Final=950.5, Time=89.5, Moves(56)=83.0, Pins(4)=400.0, Dist=378.0, Win Bonus=0.0
[2026-05-22 10:15:27] ALL WRONG MOVES BY COLOUR: {'gray0': ['34 (turn timeout)', '82 (turn timeout)', '136 (turn timeout)', '154 (turn timeout)']}
[2026-05-22 10:15:27] GAME TIME LIMIT REACHED.
[2026-05-22 10:15:27] SCORE PCS (lawn green): Final=724.4, Time=83.4, Moves(56)=83.0, Pins(2)=200.0, Dist=358.0, Win Bonus=0.0
[2026-05-22 10:15:27] SCORE AlphaZeroClue (gray0): Final=2506.4, Time=13.7, Moves(52)=92.7, Pins(10)=1000.0, Dist=400.0, Win Bonus=1000.0
[2026-05-22 10:15:27] SCORE Group7 (yellow): Final=1456.5, Time=75.5, Moves(56)=83.0, Pins(9)=900.0, Dist=398.0, Win Bonus=0.0
[2026-05-22 10:15:27] SCORE Gruppe 2 (purple): Final=1439.5, Time=77.8, Moves(55)=85.7, Pins(9)=900.0, Dist=376.0, Win Bonus=0.0
[2026-05-22 10:15:27] SCORE RL (red): Final=482.6, Time=54.9, Moves(55)=85.7, Pins(1)=100.0, Dist=242.0, Win Bonus=0.0
[2026-05-22 10:15:27] SCORE LosTurcos (blue): Final=950.5, Time=89.5, Moves(56)=83.0, Pins(4)=400.0, Dist=378.0, Win Bonus=0.0
[2026-05-22 10:15:27] ALL WRONG MOVES BY COLOUR: {'gray0': ['34 (turn timeout)', '82 (turn timeout)', '136 (turn timeout)', '154 (turn timeout)']}
[2026-05-22 10:15:27] GAME TIME LIMIT REACHED.
[2026-05-22 10:15:27] SCORE PCS (lawn green): Final=724.4, Time=83.4, Moves(56)=83.0, Pins(2)=200.0, Dist=358.0, Win Bonus=0.0
[2026-05-22 10:15:27] SCORE AlphaZeroClue (gray0): Final=2506.4, Time=13.7, Moves(52)=92.7, Pins(10)=1000.0, Dist=400.0, Win Bonus=1000.0
[2026-05-22 10:15:27] SCORE Group7 (yellow): Final=1456.5, Time=75.5, Moves(56)=83.0, Pins(9)=900.0, Dist=398.0, Win Bonus=0.0
[2026-05-22 10:15:27] SCORE Gruppe 2 (purple): Final=1439.5, Time=77.8, Moves(55)=85.7, Pins(9)=900.0, Dist=376.0, Win Bonus=0.0
[2026-05-22 10:15:27] SCORE RL (red): Final=482.6, Time=54.9, Moves(55)=85.7, Pins(1)=100.0, Dist=242.0, Win Bonus=0.0
[2026-05-22 10:15:27] SCORE LosTurcos (blue): Final=950.5, Time=89.5, Moves(56)=83.0, Pins(4)=400.0, Dist=378.0, Win Bonus=0.0
[2026-05-22 10:15:27] ALL WRONG MOVES BY COLOUR: {'gray0': ['34 (turn timeout)', '82 (turn timeout)', '136 (turn timeout)', '154 (turn timeout)']}
[2026-05-22 10:15:27] GAME TIME LIMIT REACHED.
[2026-05-22 10:15:27] SCORE PCS (lawn green): Final=724.4, Time=83.4, Moves(56)=83.0, Pins(2)=200.0, Dist=358.0, Win Bonus=0.0
[2026-05-22 10:15:27] SCORE AlphaZeroClue (gray0): Final=2506.4, Time=13.7, Moves(52)=92.7, Pins(10)=1000.0, Dist=400.0, Win Bonus=1000.0
[2026-05-22 10:15:27] SCORE Group7 (yellow): Final=1456.5, Time=75.5, Moves(56)=83.0, Pins(9)=900.0, Dist=398.0, Win Bonus=0.0
[2026-05-22 10:15:27] SCORE Gruppe 2 (purple): Final=1439.5, Time=77.8, Moves(55)=85.7, Pins(9)=900.0, Dist=376.0, Win Bonus=0.0
[2026-05-22 10:15:27] SCORE RL (red): Final=482.6, Time=54.9, Moves(55)=85.7, Pins(1)=100.0, Dist=242.0, Win Bonus=0.0
[2026-05-22 10:15:27] SCORE LosTurcos (blue): Final=950.5, Time=89.5, Moves(56)=83.0, Pins(4)=400.0, Dist=378.0, Win Bonus=0.0
[2026-05-22 10:15:27] ALL WRONG MOVES BY COLOUR: {'gray0': ['34 (turn timeout)', '82 (turn timeout)', '136 (turn timeout)', '154 (turn timeout)']}
[2026-05-22 10:15:27] GAME TIME LIMIT REACHED.
[2026-05-22 10:15:28] SCORE PCS (lawn green): Final=724.4, Time=83.4, Moves(56)=83.0, Pins(2)=200.0, Dist=358.0, Win Bonus=0.0
[2026-05-22 10:15:28] SCORE AlphaZeroClue (gray0): Final=2506.4, Time=13.7, Moves(52)=92.7, Pins(10)=1000.0, Dist=400.0, Win Bonus=1000.0
[2026-05-22 10:15:28] SCORE Group7 (yellow): Final=1456.5, Time=75.5, Moves(56)=83.0, Pins(9)=900.0, Dist=398.0, Win Bonus=0.0
[2026-05-22 10:15:28] SCORE Gruppe 2 (purple): Final=1439.5, Time=77.8, Moves(55)=85.7, Pins(9)=900.0, Dist=376.0, Win Bonus=0.0
[2026-05-22 10:15:28] SCORE RL (red): Final=482.6, Time=54.9, Moves(55)=85.7, Pins(1)=100.0, Dist=242.0, Win Bonus=0.0
[2026-05-22 10:15:28] SCORE LosTurcos (blue): Final=950.5, Time=89.5, Moves(56)=83.0, Pins(4)=400.0, Dist=378.0, Win Bonus=0.0
[2026-05-22 10:15:28] ALL WRONG MOVES BY COLOUR: {'gray0': ['34 (turn timeout)', '82 (turn timeout)', '136 (turn timeout)', '154 (turn timeout)']}
[2026-05-22 10:15:28] GAME TIME LIMIT REACHED.
[2026-05-22 10:15:28] SCORE PCS (lawn green): Final=724.4, Time=83.4, Moves(56)=83.0, Pins(2)=200.0, Dist=358.0, Win Bonus=0.0
[2026-05-22 10:15:28] SCORE AlphaZeroClue (gray0): Final=2506.4, Time=13.7, Moves(52)=92.7, Pins(10)=1000.0, Dist=400.0, Win Bonus=1000.0
[2026-05-22 10:15:28] SCORE Group7 (yellow): Final=1456.5, Time=75.5, Moves(56)=83.0, Pins(9)=900.0, Dist=398.0, Win Bonus=0.0
[2026-05-22 10:15:28] SCORE Gruppe 2 (purple): Final=1439.5, Time=77.8, Moves(55)=85.7, Pins(9)=900.0, Dist=376.0, Win Bonus=0.0
[2026-05-22 10:15:28] SCORE RL (red): Final=482.6, Time=54.9, Moves(55)=85.7, Pins(1)=100.0, Dist=242.0, Win Bonus=0.0
[2026-05-22 10:15:28] SCORE LosTurcos (blue): Final=950.5, Time=89.5, Moves(56)=83.0, Pins(4)=400.0, Dist=378.0, Win Bonus=0.0
[2026-05-22 10:15:28] ALL WRONG MOVES BY COLOUR: {'gray0': ['34 (turn timeout)', '82 (turn timeout)', '136 (turn timeout)', '154 (turn timeout)']}
[2026-05-22 10:15:28] GAME TIME LIMIT REACHED.
[2026-05-22 10:15:28] SCORE PCS (lawn green): Final=724.4, Time=83.4, Moves(56)=83.0, Pins(2)=200.0, Dist=358.0, Win Bonus=0.0
[2026-05-22 10:15:28] SCORE AlphaZeroClue (gray0): Final=2506.4, Time=13.7, Moves(52)=92.7, Pins(10)=1000.0, Dist=400.0, Win Bonus=1000.0
[2026-05-22 10:15:28] SCORE Group7 (yellow): Final=1456.5, Time=75.5, Moves(56)=83.0, Pins(9)=900.0, Dist=398.0, Win Bonus=0.0
[2026-05-22 10:15:28] SCORE Gruppe 2 (purple): Final=1439.5, Time=77.8, Moves(55)=85.7, Pins(9)=900.0, Dist=376.0, Win Bonus=0.0
[2026-05-22 10:15:28] SCORE RL (red): Final=482.6, Time=54.9, Moves(55)=85.7, Pins(1)=100.0, Dist=242.0, Win Bonus=0.0
[2026-05-22 10:15:28] SCORE LosTurcos (blue): Final=950.5, Time=89.5, Moves(56)=83.0, Pins(4)=400.0, Dist=378.0, Win Bonus=0.0
[2026-05-22 10:15:28] ALL WRONG MOVES BY COLOUR: {'gray0': ['34 (turn timeout)', '82 (turn timeout)', '136 (turn timeout)', '154 (turn timeout)']}
[2026-05-22 10:15:28] GAME TIME LIMIT REACHED.
