[2026-05-22 10:07:35] GAME CREATED
[2026-05-22 10:07:40] PLAYER JOINED: The bandits as lawn green
[2026-05-22 10:07:42] PLAYER JOINED: jat as gray0
[2026-05-22 10:07:42] PLAYER START: The bandits (lawn green)
[2026-05-22 10:07:42] PLAYER START: jat (gray0)
[2026-05-22 10:07:42] GAME START — turn order ['lawn green', 'gray0']
[2026-05-22 10:07:42] PLAYER START: The bandits (lawn green)
[2026-05-22 10:07:42] PLAYER START: jat (gray0)
[2026-05-22 10:07:42] MOVE 1: The bandits (lawn green) 55->54 [0.02ms]
[2026-05-22 10:07:42] SCORE The bandits (lawn green): Final=281.6, Time=99.6, Moves(1)=0.0, Pins(0)=0.0, Dist=182.0, Win Bonus=0.0
[2026-05-22 10:07:42] SCORE jat (gray0): Final=0.0, Time=0.0, Moves(0)=0.0, Pins(0)=0.0, Dist=0.0, Win Bonus=0.0
[2026-05-22 10:07:42] ALL WRONG MOVES BY COLOUR: {}
[2026-05-22 10:07:43] MOVE 2: jat (gray0) 101->89 [0.02ms]
[2026-05-22 10:07:43] SCORE The bandits (lawn green): Final=281.6, Time=99.6, Moves(1)=0.0, Pins(0)=0.0, Dist=182.0, Win Bonus=0.0
[2026-05-22 10:07:43] SCORE jat (gray0): Final=281.0, Time=99.0, Moves(1)=0.0, Pins(0)=0.0, Dist=182.0, Win Bonus=0.0
[2026-05-22 10:07:43] ALL WRONG MOVES BY COLOUR: {}
[2026-05-22 10:07:43] MOVE 3: The bandits (lawn green) 34->53 [0.01ms]
[2026-05-22 10:07:43] SCORE The bandits (lawn green): Final=289.6, Time=99.6, Moves(2)=0.0, Pins(0)=0.0, Dist=190.0, Win Bonus=0.0
[2026-05-22 10:07:43] SCORE jat (gray0): Final=281.0, Time=99.0, Moves(1)=0.0, Pins(0)=0.0, Dist=182.0, Win Bonus=0.0
[2026-05-22 10:07:43] ALL WRONG MOVES BY COLOUR: {}
[2026-05-22 10:07:44] MOVE 4: jat (gray0) 99->78 [0.01ms]
[2026-05-22 10:07:44] SCORE The bandits (lawn green): Final=289.6, Time=99.6, Moves(2)=0.0, Pins(0)=0.0, Dist=190.0, Win Bonus=0.0
[2026-05-22 10:07:44] SCORE jat (gray0): Final=288.6, Time=98.6, Moves(2)=0.0, Pins(0)=0.0, Dist=190.0, Win Bonus=0.0
[2026-05-22 10:07:44] ALL WRONG MOVES BY COLOUR: {}
[2026-05-22 10:07:44] MOVE 5: The bandits (lawn green) 20->62 [0.01ms]
[2026-05-22 10:07:44] SCORE The bandits (lawn green): Final=297.5, Time=99.5, Moves(3)=0.0, Pins(0)=0.0, Dist=198.0, Win Bonus=0.0
[2026-05-22 10:07:44] SCORE jat (gray0): Final=288.6, Time=98.6, Moves(2)=0.0, Pins(0)=0.0, Dist=190.0, Win Bonus=0.0
[2026-05-22 10:07:44] ALL WRONG MOVES BY COLOUR: {}
[2026-05-22 10:07:44] MOVE 6: jat (gray0) 75->79 [0.00ms]
[2026-05-22 10:07:44] SCORE The bandits (lawn green): Final=297.5, Time=99.5, Moves(3)=0.0, Pins(0)=0.0, Dist=198.0, Win Bonus=0.0
[2026-05-22 10:07:44] SCORE jat (gray0): Final=296.3, Time=98.3, Moves(3)=0.0, Pins(0)=0.0, Dist=198.0, Win Bonus=0.0
[2026-05-22 10:07:44] ALL WRONG MOVES BY COLOUR: {}
[2026-05-22 10:07:44] MOVE 7: The bandits (lawn green) 62->71 [0.01ms]
[2026-05-22 10:07:44] SCORE The bandits (lawn green): Final=299.3, Time=99.3, Moves(4)=0.0, Pins(0)=0.0, Dist=200.0, Win Bonus=0.0
[2026-05-22 10:07:44] SCORE jat (gray0): Final=296.3, Time=98.3, Moves(3)=0.0, Pins(0)=0.0, Dist=198.0, Win Bonus=0.0
[2026-05-22 10:07:44] ALL WRONG MOVES BY COLOUR: {}
[2026-05-22 10:07:45] MOVE 8: jat (gray0) 88->69 [0.01ms]
[2026-05-22 10:07:45] SCORE The bandits (lawn green): Final=299.3, Time=99.3, Moves(4)=0.0, Pins(0)=0.0, Dist=200.0, Win Bonus=0.0
[2026-05-22 10:07:45] SCORE jat (gray0): Final=303.5, Time=97.5, Moves(4)=0.0, Pins(0)=0.0, Dist=206.0, Win Bonus=0.0
[2026-05-22 10:07:45] ALL WRONG MOVES BY COLOUR: {}
[2026-05-22 10:07:45] MOVE 9: The bandits (lawn green) 45->81 [0.01ms]
[2026-05-22 10:07:45] SCORE The bandits (lawn green): Final=311.1, Time=99.1, Moves(5)=0.0, Pins(0)=0.0, Dist=212.0, Win Bonus=0.0
[2026-05-22 10:07:45] SCORE jat (gray0): Final=303.5, Time=97.5, Moves(4)=0.0, Pins(0)=0.0, Dist=206.0, Win Bonus=0.0
[2026-05-22 10:07:45] ALL WRONG MOVES BY COLOUR: {}
[2026-05-22 10:07:46] MOVE 10: jat (gray0) 98->77 [0.00ms]
[2026-05-22 10:07:46] SCORE The bandits (lawn green): Final=311.1, Time=99.1, Moves(5)=0.0, Pins(0)=0.0, Dist=212.0, Win Bonus=0.0
[2026-05-22 10:07:46] SCORE jat (gray0): Final=310.8, Time=96.8, Moves(5)=0.0, Pins(0)=0.0, Dist=214.0, Win Bonus=0.0
[2026-05-22 10:07:46] ALL WRONG MOVES BY COLOUR: {}
[2026-05-22 10:07:46] MOVE 11: The bandits (lawn green) 22->62 [0.00ms]
[2026-05-22 10:07:46] SCORE The bandits (lawn green): Final=322.7, Time=98.7, Moves(6)=0.0, Pins(0)=0.0, Dist=224.0, Win Bonus=0.0
[2026-05-22 10:07:46] SCORE jat (gray0): Final=310.8, Time=96.8, Moves(5)=0.0, Pins(0)=0.0, Dist=214.0, Win Bonus=0.0
[2026-05-22 10:07:46] ALL WRONG MOVES BY COLOUR: {}
[2026-05-22 10:07:47] MOVE 12: jat (gray0) 86->67 [0.01ms]
[2026-05-22 10:07:47] SCORE The bandits (lawn green): Final=322.7, Time=98.7, Moves(6)=0.0, Pins(0)=0.0, Dist=224.0, Win Bonus=0.0
[2026-05-22 10:07:47] SCORE jat (gray0): Final=318.1, Time=96.1, Moves(6)=0.0, Pins(0)=0.0, Dist=222.0, Win Bonus=0.0
[2026-05-22 10:07:47] ALL WRONG MOVES BY COLOUR: {}
[2026-05-22 10:07:47] MOVE 13: The bandits (lawn green) 44->80 [0.00ms]
[2026-05-22 10:07:47] SCORE The bandits (lawn green): Final=334.7, Time=98.7, Moves(7)=0.0, Pins(0)=0.0, Dist=236.0, Win Bonus=0.0
[2026-05-22 10:07:47] SCORE jat (gray0): Final=318.1, Time=96.1, Moves(6)=0.0, Pins(0)=0.0, Dist=222.0, Win Bonus=0.0
[2026-05-22 10:07:47] ALL WRONG MOVES BY COLOUR: {}
[2026-05-22 10:07:48] MOVE 14: jat (gray0) 87->52 [0.00ms]
[2026-05-22 10:07:48] SCORE The bandits (lawn green): Final=334.7, Time=98.7, Moves(7)=0.0, Pins(0)=0.0, Dist=236.0, Win Bonus=0.0
[2026-05-22 10:07:48] SCORE jat (gray0): Final=333.0, Time=95.0, Moves(7)=0.0, Pins(0)=0.0, Dist=238.0, Win Bonus=0.0
[2026-05-22 10:07:48] ALL WRONG MOVES BY COLOUR: {}
[2026-05-22 10:07:49] MOVE 15: The bandits (lawn green) 21->61 [0.00ms]
[2026-05-22 10:07:49] SCORE The bandits (lawn green): Final=346.4, Time=98.4, Moves(8)=0.0, Pins(0)=0.0, Dist=248.0, Win Bonus=0.0
[2026-05-22 10:07:49] SCORE jat (gray0): Final=333.0, Time=95.0, Moves(7)=0.0, Pins(0)=0.0, Dist=238.0, Win Bonus=0.0
[2026-05-22 10:07:49] ALL WRONG MOVES BY COLOUR: {}
[2026-05-22 10:07:49] MOVE 16: jat (gray0) 89->72 [0.01ms]
[2026-05-22 10:07:49] SCORE The bandits (lawn green): Final=346.4, Time=98.4, Moves(8)=0.0, Pins(0)=0.0, Dist=248.0, Win Bonus=0.0
[2026-05-22 10:07:49] SCORE jat (gray0): Final=344.3, Time=94.3, Moves(8)=0.0, Pins(0)=0.0, Dist=250.0, Win Bonus=0.0
[2026-05-22 10:07:49] ALL WRONG MOVES BY COLOUR: {}
[2026-05-22 10:07:50] MOVE 17: The bandits (lawn green) 33->31 [0.00ms]
[2026-05-22 10:07:50] SCORE The bandits (lawn green): Final=350.1, Time=98.1, Moves(9)=0.0, Pins(0)=0.0, Dist=252.0, Win Bonus=0.0
[2026-05-22 10:07:50] SCORE jat (gray0): Final=344.3, Time=94.3, Moves(8)=0.0, Pins(0)=0.0, Dist=250.0, Win Bonus=0.0
[2026-05-22 10:07:50] ALL WRONG MOVES BY COLOUR: {}
[2026-05-22 10:07:50] MOVE 18: jat (gray0) 100->101 [0.01ms]
[2026-05-22 10:07:50] SCORE The bandits (lawn green): Final=350.1, Time=98.1, Moves(9)=0.0, Pins(0)=0.0, Dist=252.0, Win Bonus=0.0
[2026-05-22 10:07:50] SCORE jat (gray0): Final=345.6, Time=93.6, Moves(9)=0.0, Pins(0)=0.0, Dist=252.0, Win Bonus=0.0
[2026-05-22 10:07:50] ALL WRONG MOVES BY COLOUR: {}
[2026-05-22 10:07:51] MOVE 19: The bandits (lawn green) 19->82 [0.01ms]
[2026-05-22 10:07:51] SCORE The bandits (lawn green): Final=357.7, Time=97.7, Moves(10)=0.0, Pins(0)=0.0, Dist=260.0, Win Bonus=0.0
[2026-05-22 10:07:51] SCORE jat (gray0): Final=345.6, Time=93.6, Moves(9)=0.0, Pins(0)=0.0, Dist=252.0, Win Bonus=0.0
[2026-05-22 10:07:51] ALL WRONG MOVES BY COLOUR: {}
[2026-05-22 10:07:52] MOVE 20: jat (gray0) 101->89 [0.00ms]
[2026-05-22 10:07:52] SCORE The bandits (lawn green): Final=357.7, Time=97.7, Moves(10)=0.0, Pins(0)=0.0, Dist=260.0, Win Bonus=0.0
[2026-05-22 10:07:52] SCORE jat (gray0): Final=346.6, Time=92.6, Moves(10)=0.0, Pins(0)=0.0, Dist=254.0, Win Bonus=0.0
[2026-05-22 10:07:52] ALL WRONG MOVES BY COLOUR: {}
[2026-05-22 10:07:52] MOVE 21: The bandits (lawn green) 32->30 [0.00ms]
[2026-05-22 10:07:52] SCORE The bandits (lawn green): Final=361.6, Time=97.6, Moves(11)=0.0, Pins(0)=0.0, Dist=264.0, Win Bonus=0.0
[2026-05-22 10:07:52] SCORE jat (gray0): Final=346.6, Time=92.6, Moves(10)=0.0, Pins(0)=0.0, Dist=254.0, Win Bonus=0.0
[2026-05-22 10:07:52] ALL WRONG MOVES BY COLOUR: {}
[2026-05-22 10:07:53] MOVE 22: jat (gray0) 65->90 [0.01ms]
[2026-05-22 10:07:53] SCORE The bandits (lawn green): Final=361.6, Time=97.6, Moves(11)=0.0, Pins(0)=0.0, Dist=264.0, Win Bonus=0.0
[2026-05-22 10:07:53] SCORE jat (gray0): Final=349.6, Time=91.6, Moves(11)=0.0, Pins(0)=0.0, Dist=258.0, Win Bonus=0.0
[2026-05-22 10:07:53] ALL WRONG MOVES BY COLOUR: {}
[2026-05-22 10:07:53] MOVE 23: The bandits (lawn green) 31->29 [0.00ms]
[2026-05-22 10:07:53] SCORE The bandits (lawn green): Final=365.2, Time=97.2, Moves(12)=0.0, Pins(0)=0.0, Dist=268.0, Win Bonus=0.0
[2026-05-22 10:07:53] SCORE jat (gray0): Final=349.6, Time=91.6, Moves(11)=0.0, Pins(0)=0.0, Dist=258.0, Win Bonus=0.0
[2026-05-22 10:07:53] ALL WRONG MOVES BY COLOUR: {}
[2026-05-22 10:07:54] MOVE 24: jat (gray0) 89->68 [0.00ms]
[2026-05-22 10:07:54] SCORE The bandits (lawn green): Final=365.2, Time=97.2, Moves(12)=0.0, Pins(0)=0.0, Dist=268.0, Win Bonus=0.0
[2026-05-22 10:07:54] SCORE jat (gray0): Final=352.5, Time=90.5, Moves(12)=0.0, Pins(0)=0.0, Dist=262.0, Win Bonus=0.0
[2026-05-22 10:07:54] ALL WRONG MOVES BY COLOUR: {}
[2026-05-22 10:07:55] MOVE 25: The bandits (lawn green) 53->51 [0.00ms]
[2026-05-22 10:07:55] SCORE The bandits (lawn green): Final=369.0, Time=97.0, Moves(13)=0.0, Pins(0)=0.0, Dist=272.0, Win Bonus=0.0
[2026-05-22 10:07:55] SCORE jat (gray0): Final=352.5, Time=90.5, Moves(12)=0.0, Pins(0)=0.0, Dist=262.0, Win Bonus=0.0
[2026-05-22 10:07:55] ALL WRONG MOVES BY COLOUR: {}
[2026-05-22 10:07:56] MOVE 26: jat (gray0) 79->18 [0.01ms]
[2026-05-22 10:07:56] SCORE The bandits (lawn green): Final=369.0, Time=97.0, Moves(13)=0.0, Pins(0)=0.0, Dist=272.0, Win Bonus=0.0
[2026-05-22 10:07:56] SCORE jat (gray0): Final=363.3, Time=89.3, Moves(13)=0.0, Pins(0)=0.0, Dist=274.0, Win Bonus=0.0
[2026-05-22 10:07:56] ALL WRONG MOVES BY COLOUR: {}
[2026-05-22 10:07:56] MOVE 27: The bandits (lawn green) 30->28 [0.00ms]
[2026-05-22 10:07:56] SCORE The bandits (lawn green): Final=372.8, Time=96.8, Moves(14)=0.0, Pins(0)=0.0, Dist=276.0, Win Bonus=0.0
[2026-05-22 10:07:56] SCORE jat (gray0): Final=363.3, Time=89.3, Moves(13)=0.0, Pins(0)=0.0, Dist=274.0, Win Bonus=0.0
[2026-05-22 10:07:56] ALL WRONG MOVES BY COLOUR: {}
[2026-05-22 10:07:57] MOVE 28: jat (gray0) 77->60 [0.01ms]
[2026-05-22 10:07:57] SCORE The bandits (lawn green): Final=372.8, Time=96.8, Moves(14)=0.0, Pins(0)=0.0, Dist=276.0, Win Bonus=0.0
[2026-05-22 10:07:57] SCORE jat (gray0): Final=369.9, Time=87.9, Moves(14)=0.0, Pins(0)=0.0, Dist=282.0, Win Bonus=0.0
[2026-05-22 10:07:57] ALL WRONG MOVES BY COLOUR: {}
[2026-05-22 10:07:58] MOVE 29: The bandits (lawn green) 81->75 [0.01ms]
[2026-05-22 10:07:58] SCORE The bandits (lawn green): Final=482.5, Time=96.5, Moves(15)=0.0, Pins(1)=100.0, Dist=286.0, Win Bonus=0.0
[2026-05-22 10:07:58] SCORE jat (gray0): Final=369.9, Time=87.9, Moves(14)=0.0, Pins(0)=0.0, Dist=282.0, Win Bonus=0.0
[2026-05-22 10:07:58] ALL WRONG MOVES BY COLOUR: {}
[2026-05-22 10:07:59] MOVE 30: jat (gray0) 76->77 [0.00ms]
[2026-05-22 10:07:59] SCORE The bandits (lawn green): Final=482.5, Time=96.5, Moves(15)=0.0, Pins(1)=100.0, Dist=286.0, Win Bonus=0.0
[2026-05-22 10:07:59] SCORE jat (gray0): Final=370.9, Time=86.9, Moves(15)=0.0, Pins(0)=0.0, Dist=284.0, Win Bonus=0.0
[2026-05-22 10:07:59] ALL WRONG MOVES BY COLOUR: {}
[2026-05-22 10:07:59] MOVE 31: The bandits (lawn green) 29->27 [0.00ms]
[2026-05-22 10:07:59] SCORE The bandits (lawn green): Final=486.4, Time=96.4, Moves(16)=0.0, Pins(1)=100.0, Dist=290.0, Win Bonus=0.0
[2026-05-22 10:07:59] SCORE jat (gray0): Final=370.9, Time=86.9, Moves(15)=0.0, Pins(0)=0.0, Dist=284.0, Win Bonus=0.0
[2026-05-22 10:07:59] ALL WRONG MOVES BY COLOUR: {}
[2026-05-22 10:08:00] MOVE 32: jat (gray0) 77->83 [0.01ms]
[2026-05-22 10:08:00] SCORE The bandits (lawn green): Final=486.4, Time=96.4, Moves(16)=0.0, Pins(1)=100.0, Dist=290.0, Win Bonus=0.0
[2026-05-22 10:08:00] SCORE jat (gray0): Final=381.5, Time=85.5, Moves(16)=0.0, Pins(0)=0.0, Dist=296.0, Win Bonus=0.0
[2026-05-22 10:08:00] ALL WRONG MOVES BY COLOUR: {}
[2026-05-22 10:08:00] MOVE 33: The bandits (lawn green) 61->38 [0.01ms]
[2026-05-22 10:08:00] SCORE The bandits (lawn green): Final=490.1, Time=96.1, Moves(17)=0.0, Pins(1)=100.0, Dist=294.0, Win Bonus=0.0
[2026-05-22 10:08:00] SCORE jat (gray0): Final=381.5, Time=85.5, Moves(16)=0.0, Pins(0)=0.0, Dist=296.0, Win Bonus=0.0
[2026-05-22 10:08:00] ALL WRONG MOVES BY COLOUR: {}
[2026-05-22 10:08:02] MOVE 34: jat (gray0) 78->44 [0.00ms]
[2026-05-22 10:08:02] SCORE The bandits (lawn green): Final=490.1, Time=96.1, Moves(17)=0.0, Pins(1)=100.0, Dist=294.0, Win Bonus=0.0
[2026-05-22 10:08:02] SCORE jat (gray0): Final=496.0, Time=84.0, Moves(17)=0.0, Pins(1)=100.0, Dist=312.0, Win Bonus=0.0
[2026-05-22 10:08:02] ALL WRONG MOVES BY COLOUR: {}
[2026-05-22 10:08:02] MOVE 35: The bandits (lawn green) 82->57 [0.00ms]
[2026-05-22 10:08:02] SCORE The bandits (lawn green): Final=497.8, Time=95.8, Moves(18)=0.0, Pins(1)=100.0, Dist=302.0, Win Bonus=0.0
[2026-05-22 10:08:02] SCORE jat (gray0): Final=496.0, Time=84.0, Moves(17)=0.0, Pins(1)=100.0, Dist=312.0, Win Bonus=0.0
[2026-05-22 10:08:02] ALL WRONG MOVES BY COLOUR: {}
[2026-05-22 10:08:04] MOVE 36: jat (gray0) 68->70 [0.01ms]
[2026-05-22 10:08:04] SCORE The bandits (lawn green): Final=497.8, Time=95.8, Moves(18)=0.0, Pins(1)=100.0, Dist=302.0, Win Bonus=0.0
[2026-05-22 10:08:04] SCORE jat (gray0): Final=498.6, Time=82.6, Moves(18)=0.0, Pins(1)=100.0, Dist=316.0, Win Bonus=0.0
[2026-05-22 10:08:04] ALL WRONG MOVES BY COLOUR: {}
[2026-05-22 10:08:04] MOVE 37: The bandits (lawn green) 27->66 [0.00ms]
[2026-05-22 10:08:04] SCORE The bandits (lawn green): Final=505.5, Time=95.5, Moves(19)=0.0, Pins(1)=100.0, Dist=310.0, Win Bonus=0.0
[2026-05-22 10:08:04] SCORE jat (gray0): Final=498.6, Time=82.6, Moves(18)=0.0, Pins(1)=100.0, Dist=316.0, Win Bonus=0.0
[2026-05-22 10:08:04] ALL WRONG MOVES BY COLOUR: {}
[2026-05-22 10:08:05] MOVE 38: jat (gray0) 70->61 [0.00ms]
[2026-05-22 10:08:05] SCORE The bandits (lawn green): Final=505.5, Time=95.5, Moves(19)=0.0, Pins(1)=100.0, Dist=310.0, Win Bonus=0.0
[2026-05-22 10:08:05] SCORE jat (gray0): Final=499.4, Time=81.4, Moves(19)=0.0, Pins(1)=100.0, Dist=318.0, Win Bonus=0.0
[2026-05-22 10:08:05] ALL WRONG MOVES BY COLOUR: {}
[2026-05-22 10:08:05] MOVE 39: The bandits (lawn green) 66->76 [0.00ms]
[2026-05-22 10:08:05] SCORE The bandits (lawn green): Final=607.2, Time=95.2, Moves(20)=0.0, Pins(2)=200.0, Dist=312.0, Win Bonus=0.0
[2026-05-22 10:08:05] SCORE jat (gray0): Final=499.4, Time=81.4, Moves(19)=0.0, Pins(1)=100.0, Dist=318.0, Win Bonus=0.0
[2026-05-22 10:08:05] ALL WRONG MOVES BY COLOUR: {}
[2026-05-22 10:08:06] MOVE 40: jat (gray0) 61->63 [0.00ms]
[2026-05-22 10:08:06] SCORE The bandits (lawn green): Final=607.2, Time=95.2, Moves(20)=0.0, Pins(2)=200.0, Dist=312.0, Win Bonus=0.0
[2026-05-22 10:08:06] SCORE jat (gray0): Final=502.4, Time=80.4, Moves(20)=0.0, Pins(1)=100.0, Dist=322.0, Win Bonus=0.0
[2026-05-22 10:08:06] ALL WRONG MOVES BY COLOUR: {}
[2026-05-22 10:08:06] MOVE 41: The bandits (lawn green) 75->86 [0.00ms]
[2026-05-22 10:08:06] SCORE The bandits (lawn green): Final=607.1, Time=95.1, Moves(21)=0.0, Pins(2)=200.0, Dist=312.0, Win Bonus=0.0
[2026-05-22 10:08:07] SCORE jat (gray0): Final=502.4, Time=80.4, Moves(20)=0.0, Pins(1)=100.0, Dist=322.0, Win Bonus=0.0
[2026-05-22 10:08:07] ALL WRONG MOVES BY COLOUR: {}
[2026-05-22 10:08:08] MOVE 42: jat (gray0) 67->68 [0.00ms]
[2026-05-22 10:08:08] SCORE The bandits (lawn green): Final=607.1, Time=95.1, Moves(21)=0.0, Pins(2)=200.0, Dist=312.0, Win Bonus=0.0
[2026-05-22 10:08:08] SCORE jat (gray0): Final=503.1, Time=79.1, Moves(21)=0.0, Pins(1)=100.0, Dist=324.0, Win Bonus=0.0
[2026-05-22 10:08:08] ALL WRONG MOVES BY COLOUR: {}
[2026-05-22 10:08:08] MOVE 43: The bandits (lawn green) 80->78 [0.00ms]
[2026-05-22 10:08:08] SCORE The bandits (lawn green): Final=610.8, Time=94.8, Moves(22)=0.0, Pins(2)=200.0, Dist=316.0, Win Bonus=0.0
[2026-05-22 10:08:08] SCORE jat (gray0): Final=503.1, Time=79.1, Moves(21)=0.0, Pins(1)=100.0, Dist=324.0, Win Bonus=0.0
[2026-05-22 10:08:08] ALL WRONG MOVES BY COLOUR: {}
[2026-05-22 10:08:10] MOVE 44: jat (gray0) 68->70 [0.00ms]
[2026-05-22 10:08:10] SCORE The bandits (lawn green): Final=610.8, Time=94.8, Moves(22)=0.0, Pins(2)=200.0, Dist=316.0, Win Bonus=0.0
[2026-05-22 10:08:10] SCORE jat (gray0): Final=505.6, Time=77.6, Moves(22)=0.0, Pins(1)=100.0, Dist=328.0, Win Bonus=0.0
[2026-05-22 10:08:10] ALL WRONG MOVES BY COLOUR: {}
[2026-05-22 10:08:10] MOVE 45: The bandits (lawn green) 54->53 [0.01ms]
[2026-05-22 10:08:10] SCORE The bandits (lawn green): Final=612.5, Time=94.5, Moves(23)=0.0, Pins(2)=200.0, Dist=318.0, Win Bonus=0.0
[2026-05-22 10:08:10] SCORE jat (gray0): Final=505.6, Time=77.6, Moves(22)=0.0, Pins(1)=100.0, Dist=328.0, Win Bonus=0.0
[2026-05-22 10:08:10] ALL WRONG MOVES BY COLOUR: {}
[2026-05-22 10:08:11] MOVE 46: jat (gray0) 72->33 [0.00ms]
[2026-05-22 10:08:11] SCORE The bandits (lawn green): Final=612.5, Time=94.5, Moves(23)=0.0, Pins(2)=200.0, Dist=318.0, Win Bonus=0.0
[2026-05-22 10:08:11] SCORE jat (gray0): Final=610.7, Time=76.7, Moves(23)=0.0, Pins(2)=200.0, Dist=334.0, Win Bonus=0.0
[2026-05-22 10:08:11] ALL WRONG MOVES BY COLOUR: {}
[2026-05-22 10:08:11] MOVE 47: The bandits (lawn green) 62->81 [0.00ms]
[2026-05-22 10:08:11] SCORE The bandits (lawn green): Final=616.3, Time=94.3, Moves(24)=0.0, Pins(2)=200.0, Dist=322.0, Win Bonus=0.0
[2026-05-22 10:08:11] SCORE jat (gray0): Final=610.7, Time=76.7, Moves(23)=0.0, Pins(2)=200.0, Dist=334.0, Win Bonus=0.0
[2026-05-22 10:08:11] ALL WRONG MOVES BY COLOUR: {}
[2026-05-22 10:08:12] MOVE 48: jat (gray0) 60->20 [0.00ms]
[2026-05-22 10:08:12] SCORE The bandits (lawn green): Final=616.3, Time=94.3, Moves(24)=0.0, Pins(2)=200.0, Dist=322.0, Win Bonus=0.0
[2026-05-22 10:08:12] SCORE jat (gray0): Final=719.9, Time=75.9, Moves(24)=0.0, Pins(3)=300.0, Dist=344.0, Win Bonus=0.0
[2026-05-22 10:08:12] ALL WRONG MOVES BY COLOUR: {}
[2026-05-22 10:08:12] MOVE 49: The bandits (lawn green) 81->98 [0.01ms]
[2026-05-22 10:08:12] SCORE The bandits (lawn green): Final=726.0, Time=94.0, Moves(25)=0.0, Pins(3)=300.0, Dist=332.0, Win Bonus=0.0
[2026-05-22 10:08:12] SCORE jat (gray0): Final=719.9, Time=75.9, Moves(24)=0.0, Pins(3)=300.0, Dist=344.0, Win Bonus=0.0
[2026-05-22 10:08:12] ALL WRONG MOVES BY COLOUR: {}
[2026-05-22 10:08:13] MOVE 50: jat (gray0) 70->54 [0.00ms]
[2026-05-22 10:08:13] SCORE The bandits (lawn green): Final=726.0, Time=94.0, Moves(25)=0.0, Pins(3)=300.0, Dist=332.0, Win Bonus=0.0
[2026-05-22 10:08:13] SCORE jat (gray0): Final=727.3, Time=75.3, Moves(25)=0.0, Pins(3)=300.0, Dist=352.0, Win Bonus=0.0
[2026-05-22 10:08:13] ALL WRONG MOVES BY COLOUR: {}
[2026-05-22 10:08:13] MOVE 51: The bandits (lawn green) 53->62 [0.00ms]
[2026-05-22 10:08:13] SCORE The bandits (lawn green): Final=727.9, Time=93.9, Moves(26)=0.0, Pins(3)=300.0, Dist=334.0, Win Bonus=0.0
[2026-05-22 10:08:13] SCORE jat (gray0): Final=727.3, Time=75.3, Moves(25)=0.0, Pins(3)=300.0, Dist=352.0, Win Bonus=0.0
[2026-05-22 10:08:13] ALL WRONG MOVES BY COLOUR: {}
[2026-05-22 10:08:14] MOVE 52: jat (gray0) 90->79 [0.01ms]
[2026-05-22 10:08:14] SCORE The bandits (lawn green): Final=727.9, Time=93.9, Moves(26)=0.0, Pins(3)=300.0, Dist=334.0, Win Bonus=0.0
[2026-05-22 10:08:14] SCORE jat (gray0): Final=728.6, Time=74.6, Moves(26)=0.0, Pins(3)=300.0, Dist=354.0, Win Bonus=0.0
[2026-05-22 10:08:14] ALL WRONG MOVES BY COLOUR: {}
[2026-05-22 10:08:14] MOVE 53: The bandits (lawn green) 62->60 [0.00ms]
[2026-05-22 10:08:14] SCORE The bandits (lawn green): Final=731.5, Time=93.5, Moves(27)=0.0, Pins(3)=300.0, Dist=338.0, Win Bonus=0.0
[2026-05-22 10:08:14] SCORE jat (gray0): Final=728.6, Time=74.6, Moves(26)=0.0, Pins(3)=300.0, Dist=354.0, Win Bonus=0.0
[2026-05-22 10:08:14] ALL WRONG MOVES BY COLOUR: {}
[2026-05-22 10:08:15] MOVE 54: jat (gray0) 79->80 [0.01ms]
[2026-05-22 10:08:15] SCORE The bandits (lawn green): Final=731.5, Time=93.5, Moves(27)=0.0, Pins(3)=300.0, Dist=338.0, Win Bonus=0.0
[2026-05-22 10:08:15] SCORE jat (gray0): Final=729.5, Time=73.5, Moves(27)=0.0, Pins(3)=300.0, Dist=356.0, Win Bonus=0.0
[2026-05-22 10:08:15] ALL WRONG MOVES BY COLOUR: {}
[2026-05-22 10:08:15] MOVE 55: The bandits (lawn green) 60->75 [0.01ms]
[2026-05-22 10:08:15] SCORE The bandits (lawn green): Final=841.2, Time=93.2, Moves(28)=0.0, Pins(4)=400.0, Dist=348.0, Win Bonus=0.0
[2026-05-22 10:08:15] SCORE jat (gray0): Final=729.5, Time=73.5, Moves(27)=0.0, Pins(3)=300.0, Dist=356.0, Win Bonus=0.0
[2026-05-22 10:08:15] ALL WRONG MOVES BY COLOUR: {}
[2026-05-22 10:08:16] MOVE 56: jat (gray0) 69->60 [0.00ms]
[2026-05-22 10:08:16] SCORE The bandits (lawn green): Final=841.2, Time=93.2, Moves(28)=0.0, Pins(4)=400.0, Dist=348.0, Win Bonus=0.0
[2026-05-22 10:08:16] SCORE jat (gray0): Final=730.8, Time=72.8, Moves(28)=0.0, Pins(3)=300.0, Dist=358.0, Win Bonus=0.0
[2026-05-22 10:08:16] ALL WRONG MOVES BY COLOUR: {}
[2026-05-22 10:08:16] MOVE 57: The bandits (lawn green) 51->69 [0.00ms]
[2026-05-22 10:08:16] SCORE The bandits (lawn green): Final=844.9, Time=92.9, Moves(29)=0.0, Pins(4)=400.0, Dist=352.0, Win Bonus=0.0
[2026-05-22 10:08:16] SCORE jat (gray0): Final=730.8, Time=72.8, Moves(28)=0.0, Pins(3)=300.0, Dist=358.0, Win Bonus=0.0
[2026-05-22 10:08:16] ALL WRONG MOVES BY COLOUR: {}
[2026-05-22 10:08:18] MOVE 58: jat (gray0) 60->45 [0.01ms]
[2026-05-22 10:08:18] SCORE The bandits (lawn green): Final=844.9, Time=92.9, Moves(29)=0.0, Pins(4)=400.0, Dist=352.0, Win Bonus=0.0
[2026-05-22 10:08:18] SCORE jat (gray0): Final=839.7, Time=71.6, Moves(29)=0.0, Pins(4)=400.0, Dist=368.0, Win Bonus=0.0
[2026-05-22 10:08:18] ALL WRONG MOVES BY COLOUR: {}
[2026-05-22 10:08:18] MOVE 59: The bandits (lawn green) 71->70 [0.00ms]
[2026-05-22 10:08:18] SCORE The bandits (lawn green): Final=846.7, Time=92.6, Moves(30)=0.1, Pins(4)=400.0, Dist=354.0, Win Bonus=0.0
[2026-05-22 10:08:18] SCORE jat (gray0): Final=839.7, Time=71.6, Moves(29)=0.0, Pins(4)=400.0, Dist=368.0, Win Bonus=0.0
[2026-05-22 10:08:18] ALL WRONG MOVES BY COLOUR: {}
[2026-05-22 10:08:19] MOVE 60: jat (gray0) 80->42 [0.00ms]
[2026-05-22 10:08:19] SCORE The bandits (lawn green): Final=846.7, Time=92.6, Moves(30)=0.1, Pins(4)=400.0, Dist=354.0, Win Bonus=0.0
[2026-05-22 10:08:19] SCORE jat (gray0): Final=846.9, Time=70.8, Moves(30)=0.1, Pins(4)=400.0, Dist=376.0, Win Bonus=0.0
[2026-05-22 10:08:19] ALL WRONG MOVES BY COLOUR: {}
[2026-05-22 10:08:19] MOVE 61: The bandits (lawn green) 70->89 [0.00ms]
[2026-05-22 10:08:19] SCORE The bandits (lawn green): Final=854.6, Time=92.4, Moves(31)=0.2, Pins(4)=400.0, Dist=362.0, Win Bonus=0.0
[2026-05-22 10:08:19] SCORE jat (gray0): Final=846.9, Time=70.8, Moves(30)=0.1, Pins(4)=400.0, Dist=376.0, Win Bonus=0.0
[2026-05-22 10:08:19] ALL WRONG MOVES BY COLOUR: {}
[2026-05-22 10:08:19] MOVE 62: jat (gray0) 52->31 [0.00ms]
[2026-05-22 10:08:19] SCORE The bandits (lawn green): Final=854.6, Time=92.4, Moves(31)=0.2, Pins(4)=400.0, Dist=362.0, Win Bonus=0.0
[2026-05-22 10:08:19] SCORE jat (gray0): Final=850.8, Time=70.5, Moves(31)=0.2, Pins(4)=400.0, Dist=380.0, Win Bonus=0.0
[2026-05-22 10:08:19] ALL WRONG MOVES BY COLOUR: {}
[2026-05-22 10:08:19] MOVE 63: The bandits (lawn green) 89->88 [0.01ms]
[2026-05-22 10:08:19] SCORE The bandits (lawn green): Final=956.7, Time=92.2, Moves(32)=0.5, Pins(5)=500.0, Dist=364.0, Win Bonus=0.0
[2026-05-22 10:08:19] SCORE jat (gray0): Final=850.8, Time=70.5, Moves(31)=0.2, Pins(4)=400.0, Dist=380.0, Win Bonus=0.0
[2026-05-22 10:08:19] ALL WRONG MOVES BY COLOUR: {}
[2026-05-22 10:08:20] MOVE 64: jat (gray0) 42->21 [0.00ms]
[2026-05-22 10:08:20] SCORE The bandits (lawn green): Final=956.7, Time=92.2, Moves(32)=0.5, Pins(5)=500.0, Dist=364.0, Win Bonus=0.0
[2026-05-22 10:08:20] SCORE jat (gray0): Final=954.0, Time=69.5, Moves(32)=0.5, Pins(5)=500.0, Dist=384.0, Win Bonus=0.0
[2026-05-22 10:08:20] ALL WRONG MOVES BY COLOUR: {}
[2026-05-22 10:08:21] MOVE 65: The bandits (lawn green) 28->39 [0.00ms]
[2026-05-22 10:08:21] SCORE The bandits (lawn green): Final=959.0, Time=91.9, Moves(33)=1.1, Pins(5)=500.0, Dist=366.0, Win Bonus=0.0
[2026-05-22 10:08:21] SCORE jat (gray0): Final=954.0, Time=69.5, Moves(32)=0.5, Pins(5)=500.0, Dist=384.0, Win Bonus=0.0
[2026-05-22 10:08:21] ALL WRONG MOVES BY COLOUR: {}
[2026-05-22 10:08:21] MOVE 66: jat (gray0) 18->19 [0.00ms]
[2026-05-22 10:08:21] SCORE The bandits (lawn green): Final=959.0, Time=91.9, Moves(33)=1.1, Pins(5)=500.0, Dist=366.0, Win Bonus=0.0
[2026-05-22 10:08:21] SCORE jat (gray0): Final=1056.1, Time=68.9, Moves(33)=1.1, Pins(6)=600.0, Dist=386.0, Win Bonus=0.0
[2026-05-22 10:08:21] ALL WRONG MOVES BY COLOUR: {}
[2026-05-22 10:08:21] MOVE 67: The bandits (lawn green) 38->48 [0.00ms]
[2026-05-22 10:08:21] SCORE The bandits (lawn green): Final=962.0, Time=91.7, Moves(34)=2.3, Pins(5)=500.0, Dist=368.0, Win Bonus=0.0
[2026-05-22 10:08:21] SCORE jat (gray0): Final=1056.1, Time=68.9, Moves(33)=1.1, Pins(6)=600.0, Dist=386.0, Win Bonus=0.0
[2026-05-22 10:08:21] ALL WRONG MOVES BY COLOUR: {}
[2026-05-22 10:08:22] MOVE 68: jat (gray0) 54->55 [0.00ms]
[2026-05-22 10:08:22] SCORE The bandits (lawn green): Final=962.0, Time=91.7, Moves(34)=2.3, Pins(5)=500.0, Dist=368.0, Win Bonus=0.0
[2026-05-22 10:08:22] SCORE jat (gray0): Final=1158.6, Time=68.3, Moves(34)=2.3, Pins(7)=700.0, Dist=388.0, Win Bonus=0.0
[2026-05-22 10:08:22] ALL WRONG MOVES BY COLOUR: {}
[2026-05-22 10:08:22] MOVE 69: The bandits (lawn green) 69->68 [0.00ms]
[2026-05-22 10:08:22] SCORE The bandits (lawn green): Final=965.9, Time=91.5, Moves(35)=4.4, Pins(5)=500.0, Dist=370.0, Win Bonus=0.0
[2026-05-22 10:08:22] SCORE jat (gray0): Final=1158.6, Time=68.3, Moves(34)=2.3, Pins(7)=700.0, Dist=388.0, Win Bonus=0.0
[2026-05-22 10:08:22] ALL WRONG MOVES BY COLOUR: {}
[2026-05-22 10:08:23] MOVE 70: jat (gray0) 31->32 [0.00ms]
[2026-05-22 10:08:23] SCORE The bandits (lawn green): Final=965.9, Time=91.5, Moves(35)=4.4, Pins(5)=500.0, Dist=370.0, Win Bonus=0.0
[2026-05-22 10:08:23] SCORE jat (gray0): Final=1262.1, Time=67.7, Moves(35)=4.4, Pins(8)=800.0, Dist=390.0, Win Bonus=0.0
[2026-05-22 10:08:23] ALL WRONG MOVES BY COLOUR: {}
[2026-05-22 10:08:23] MOVE 71: The bandits (lawn green) 78->90 [0.00ms]
[2026-05-22 10:08:23] SCORE The bandits (lawn green): Final=969.4, Time=91.4, Moves(36)=8.0, Pins(5)=500.0, Dist=370.0, Win Bonus=0.0
[2026-05-22 10:08:23] SCORE jat (gray0): Final=1262.1, Time=67.7, Moves(35)=4.4, Pins(8)=800.0, Dist=390.0, Win Bonus=0.0
[2026-05-22 10:08:23] ALL WRONG MOVES BY COLOUR: {}
[2026-05-22 10:08:24] MOVE 72: jat (gray0) 63->54 [0.00ms]
[2026-05-22 10:08:24] SCORE The bandits (lawn green): Final=969.4, Time=91.4, Moves(36)=8.0, Pins(5)=500.0, Dist=370.0, Win Bonus=0.0
[2026-05-22 10:08:24] SCORE jat (gray0): Final=1266.7, Time=66.8, Moves(36)=8.0, Pins(8)=800.0, Dist=392.0, Win Bonus=0.0
[2026-05-22 10:08:24] ALL WRONG MOVES BY COLOUR: {}
[2026-05-22 10:08:24] MOVE 73: The bandits (lawn green) 90->89 [0.00ms]
[2026-05-22 10:08:24] SCORE The bandits (lawn green): Final=976.8, Time=91.3, Moves(37)=13.5, Pins(5)=500.0, Dist=372.0, Win Bonus=0.0
[2026-05-22 10:08:24] SCORE jat (gray0): Final=1266.7, Time=66.8, Moves(36)=8.0, Pins(8)=800.0, Dist=392.0, Win Bonus=0.0
[2026-05-22 10:08:24] ALL WRONG MOVES BY COLOUR: {}
[2026-05-22 10:08:25] MOVE 74: jat (gray0) 55->34 [0.00ms]
[2026-05-22 10:08:25] SCORE The bandits (lawn green): Final=976.8, Time=91.3, Moves(37)=13.5, Pins(5)=500.0, Dist=372.0, Win Bonus=0.0
[2026-05-22 10:08:25] SCORE jat (gray0): Final=1271.6, Time=66.1, Moves(37)=13.5, Pins(8)=800.0, Dist=392.0, Win Bonus=0.0
[2026-05-22 10:08:25] ALL WRONG MOVES BY COLOUR: {}
[2026-05-22 10:08:25] MOVE 75: The bandits (lawn green) 89->101 [0.00ms]
[2026-05-22 10:08:25] SCORE The bandits (lawn green): Final=1086.6, Time=90.9, Moves(38)=21.6, Pins(6)=600.0, Dist=374.0, Win Bonus=0.0
[2026-05-22 10:08:25] SCORE jat (gray0): Final=1271.6, Time=66.1, Moves(37)=13.5, Pins(8)=800.0, Dist=392.0, Win Bonus=0.0
[2026-05-22 10:08:25] ALL WRONG MOVES BY COLOUR: {}
[2026-05-22 10:08:26] MOVE 76: jat (gray0) 54->55 [0.00ms]
[2026-05-22 10:08:26] SCORE The bandits (lawn green): Final=1086.6, Time=90.9, Moves(38)=21.6, Pins(6)=600.0, Dist=374.0, Win Bonus=0.0
[2026-05-22 10:08:26] SCORE jat (gray0): Final=1381.2, Time=65.6, Moves(38)=21.6, Pins(9)=900.0, Dist=394.0, Win Bonus=0.0
[2026-05-22 10:08:26] ALL WRONG MOVES BY COLOUR: {}
[2026-05-22 10:08:26] MOVE 77: The bandits (lawn green) 68->67 [0.01ms]
[2026-05-22 10:08:26] SCORE The bandits (lawn green): Final=1099.1, Time=90.6, Moves(39)=32.5, Pins(6)=600.0, Dist=376.0, Win Bonus=0.0
[2026-05-22 10:08:26] SCORE jat (gray0): Final=1381.2, Time=65.6, Moves(38)=21.6, Pins(9)=900.0, Dist=394.0, Win Bonus=0.0
[2026-05-22 10:08:26] ALL WRONG MOVES BY COLOUR: {}
[2026-05-22 10:08:26] MOVE 78: jat (gray0) 83->73 [0.00ms]
[2026-05-22 10:08:26] SCORE The bandits (lawn green): Final=1099.1, Time=90.6, Moves(39)=32.5, Pins(6)=600.0, Dist=376.0, Win Bonus=0.0
[2026-05-22 10:08:26] SCORE jat (gray0): Final=1393.5, Time=65.0, Moves(39)=32.5, Pins(9)=900.0, Dist=396.0, Win Bonus=0.0
[2026-05-22 10:08:26] ALL WRONG MOVES BY COLOUR: {}
[2026-05-22 10:08:27] MOVE 79: The bandits (lawn green) 57->66 [0.00ms]
[2026-05-22 10:08:27] SCORE The bandits (lawn green): Final=1114.2, Time=90.5, Moves(40)=45.8, Pins(6)=600.0, Dist=378.0, Win Bonus=0.0
[2026-05-22 10:08:27] SCORE jat (gray0): Final=1393.5, Time=65.0, Moves(39)=32.5, Pins(9)=900.0, Dist=396.0, Win Bonus=0.0
[2026-05-22 10:08:27] ALL WRONG MOVES BY COLOUR: {}
[2026-05-22 10:08:27] MOVE 80: jat (gray0) 73->64 [0.01ms]
[2026-05-22 10:08:27] SCORE The bandits (lawn green): Final=1114.2, Time=90.5, Moves(40)=45.8, Pins(6)=600.0, Dist=378.0, Win Bonus=0.0
[2026-05-22 10:08:27] SCORE jat (gray0): Final=1408.3, Time=64.5, Moves(40)=45.8, Pins(9)=900.0, Dist=398.0, Win Bonus=0.0
[2026-05-22 10:08:27] ALL WRONG MOVES BY COLOUR: {}
[2026-05-22 10:08:27] MOVE 81: The bandits (lawn green) 67->65 [0.00ms]
[2026-05-22 10:08:27] SCORE The bandits (lawn green): Final=1232.9, Time=90.2, Moves(41)=60.7, Pins(7)=700.0, Dist=382.0, Win Bonus=0.0
[2026-05-22 10:08:27] SCORE jat (gray0): Final=1408.3, Time=64.5, Moves(40)=45.8, Pins(9)=900.0, Dist=398.0, Win Bonus=0.0
[2026-05-22 10:08:27] ALL WRONG MOVES BY COLOUR: {}
[2026-05-22 10:08:28] MOVE 82: jat (gray0) 45->22 [0.00ms]
[2026-05-22 10:08:28] SCORE The bandits (lawn green): Final=1232.9, Time=90.2, Moves(41)=60.7, Pins(7)=700.0, Dist=382.0, Win Bonus=0.0
[2026-05-22 10:08:28] SCORE jat (gray0): Final=1423.0, Time=64.3, Moves(41)=60.7, Pins(9)=900.0, Dist=398.0, Win Bonus=0.0
[2026-05-22 10:08:28] ALL WRONG MOVES BY COLOUR: {}
[2026-05-22 10:08:28] MOVE 83: The bandits (lawn green) 66->87 [0.01ms]
[2026-05-22 10:08:28] SCORE The bandits (lawn green): Final=1349.5, Time=90.0, Moves(42)=75.5, Pins(8)=800.0, Dist=384.0, Win Bonus=0.0
[2026-05-22 10:08:28] SCORE jat (gray0): Final=1423.0, Time=64.3, Moves(41)=60.7, Pins(9)=900.0, Dist=398.0, Win Bonus=0.0
[2026-05-22 10:08:28] ALL WRONG MOVES BY COLOUR: {}
[2026-05-22 10:08:28] MOVE 84: jat (gray0) 64->45 [0.01ms]
[2026-05-22 10:08:28] SCORE The bandits (lawn green): Final=1349.5, Time=90.0, Moves(42)=75.5, Pins(8)=800.0, Dist=384.0, Win Bonus=0.0
[2026-05-22 10:08:28] SCORE jat (gray0): Final=2539.7, Time=64.2, Moves(42)=75.5, Pins(10)=1000.0, Dist=400.0, Win Bonus=1000.0
[2026-05-22 10:08:28] ALL WRONG MOVES BY COLOUR: {}
[2026-05-22 10:09:46] SCORE The bandits (lawn green): Final=1349.5, Time=90.0, Moves(42)=75.5, Pins(8)=800.0, Dist=384.0, Win Bonus=0.0
[2026-05-22 10:09:46] SCORE jat (gray0): Final=2539.7, Time=64.2, Moves(42)=75.5, Pins(10)=1000.0, Dist=400.0, Win Bonus=1000.0
[2026-05-22 10:09:46] ALL WRONG MOVES BY COLOUR: {}
[2026-05-22 10:09:46] GAME TIME LIMIT REACHED.
[2026-05-22 10:09:46] SCORE The bandits (lawn green): Final=1349.5, Time=90.0, Moves(42)=75.5, Pins(8)=800.0, Dist=384.0, Win Bonus=0.0
[2026-05-22 10:09:46] SCORE jat (gray0): Final=2539.7, Time=64.2, Moves(42)=75.5, Pins(10)=1000.0, Dist=400.0, Win Bonus=1000.0
[2026-05-22 10:09:46] ALL WRONG MOVES BY COLOUR: {}
[2026-05-22 10:09:46] GAME TIME LIMIT REACHED.
[2026-05-22 10:09:46] SCORE The bandits (lawn green): Final=1349.5, Time=90.0, Moves(42)=75.5, Pins(8)=800.0, Dist=384.0, Win Bonus=0.0
[2026-05-22 10:09:46] SCORE jat (gray0): Final=2539.7, Time=64.2, Moves(42)=75.5, Pins(10)=1000.0, Dist=400.0, Win Bonus=1000.0
[2026-05-22 10:09:46] ALL WRONG MOVES BY COLOUR: {}
[2026-05-22 10:09:46] GAME TIME LIMIT REACHED.
[2026-05-22 10:09:47] SCORE The bandits (lawn green): Final=1349.5, Time=90.0, Moves(42)=75.5, Pins(8)=800.0, Dist=384.0, Win Bonus=0.0
[2026-05-22 10:09:47] SCORE jat (gray0): Final=2539.7, Time=64.2, Moves(42)=75.5, Pins(10)=1000.0, Dist=400.0, Win Bonus=1000.0
[2026-05-22 10:09:47] ALL WRONG MOVES BY COLOUR: {}
[2026-05-22 10:09:47] GAME TIME LIMIT REACHED.
[2026-05-22 10:09:50] SCORE The bandits (lawn green): Final=1349.5, Time=90.0, Moves(42)=75.5, Pins(8)=800.0, Dist=384.0, Win Bonus=0.0
[2026-05-22 10:09:50] SCORE jat (gray0): Final=2539.7, Time=64.2, Moves(42)=75.5, Pins(10)=1000.0, Dist=400.0, Win Bonus=1000.0
[2026-05-22 10:09:50] ALL WRONG MOVES BY COLOUR: {}
[2026-05-22 10:09:50] GAME TIME LIMIT REACHED.
[2026-05-22 10:09:50] SCORE The bandits (lawn green): Final=1349.5, Time=90.0, Moves(42)=75.5, Pins(8)=800.0, Dist=384.0, Win Bonus=0.0
[2026-05-22 10:09:50] SCORE jat (gray0): Final=2539.7, Time=64.2, Moves(42)=75.5, Pins(10)=1000.0, Dist=400.0, Win Bonus=1000.0
[2026-05-22 10:09:50] ALL WRONG MOVES BY COLOUR: {}
[2026-05-22 10:09:50] GAME TIME LIMIT REACHED.
[2026-05-22 10:09:51] SCORE The bandits (lawn green): Final=1349.5, Time=90.0, Moves(42)=75.5, Pins(8)=800.0, Dist=384.0, Win Bonus=0.0
[2026-05-22 10:09:51] SCORE jat (gray0): Final=2539.7, Time=64.2, Moves(42)=75.5, Pins(10)=1000.0, Dist=400.0, Win Bonus=1000.0
[2026-05-22 10:09:51] ALL WRONG MOVES BY COLOUR: {}
[2026-05-22 10:09:51] GAME TIME LIMIT REACHED.
[2026-05-22 10:09:51] SCORE The bandits (lawn green): Final=1349.5, Time=90.0, Moves(42)=75.5, Pins(8)=800.0, Dist=384.0, Win Bonus=0.0
[2026-05-22 10:09:51] SCORE jat (gray0): Final=2539.7, Time=64.2, Moves(42)=75.5, Pins(10)=1000.0, Dist=400.0, Win Bonus=1000.0
[2026-05-22 10:09:51] ALL WRONG MOVES BY COLOUR: {}
[2026-05-22 10:09:51] GAME TIME LIMIT REACHED.
[2026-05-22 10:09:51] SCORE The bandits (lawn green): Final=1349.5, Time=90.0, Moves(42)=75.5, Pins(8)=800.0, Dist=384.0, Win Bonus=0.0
[2026-05-22 10:09:51] SCORE jat (gray0): Final=2539.7, Time=64.2, Moves(42)=75.5, Pins(10)=1000.0, Dist=400.0, Win Bonus=1000.0
[2026-05-22 10:09:51] ALL WRONG MOVES BY COLOUR: {}
[2026-05-22 10:09:51] GAME TIME LIMIT REACHED.
[2026-05-22 10:10:35] SCORE The bandits (lawn green): Final=1349.5, Time=90.0, Moves(42)=75.5, Pins(8)=800.0, Dist=384.0, Win Bonus=0.0
[2026-05-22 10:10:35] SCORE jat (gray0): Final=2539.7, Time=64.2, Moves(42)=75.5, Pins(10)=1000.0, Dist=400.0, Win Bonus=1000.0
[2026-05-22 10:10:35] ALL WRONG MOVES BY COLOUR: {}
[2026-05-22 10:10:35] GAME TIME LIMIT REACHED.
[2026-05-22 10:10:36] SCORE The bandits (lawn green): Final=1349.5, Time=90.0, Moves(42)=75.5, Pins(8)=800.0, Dist=384.0, Win Bonus=0.0
[2026-05-22 10:10:36] SCORE jat (gray0): Final=2539.7, Time=64.2, Moves(42)=75.5, Pins(10)=1000.0, Dist=400.0, Win Bonus=1000.0
[2026-05-22 10:10:36] ALL WRONG MOVES BY COLOUR: {}
[2026-05-22 10:10:36] GAME TIME LIMIT REACHED.
[2026-05-22 10:10:36] SCORE The bandits (lawn green): Final=1349.5, Time=90.0, Moves(42)=75.5, Pins(8)=800.0, Dist=384.0, Win Bonus=0.0
[2026-05-22 10:10:36] SCORE jat (gray0): Final=2539.7, Time=64.2, Moves(42)=75.5, Pins(10)=1000.0, Dist=400.0, Win Bonus=1000.0
[2026-05-22 10:10:36] ALL WRONG MOVES BY COLOUR: {}
[2026-05-22 10:10:36] GAME TIME LIMIT REACHED.
[2026-05-22 10:10:36] SCORE The bandits (lawn green): Final=1349.5, Time=90.0, Moves(42)=75.5, Pins(8)=800.0, Dist=384.0, Win Bonus=0.0
[2026-05-22 10:10:36] SCORE jat (gray0): Final=2539.7, Time=64.2, Moves(42)=75.5, Pins(10)=1000.0, Dist=400.0, Win Bonus=1000.0
[2026-05-22 10:10:36] ALL WRONG MOVES BY COLOUR: {}
[2026-05-22 10:10:36] GAME TIME LIMIT REACHED.
[2026-05-22 10:10:36] SCORE The bandits (lawn green): Final=1349.5, Time=90.0, Moves(42)=75.5, Pins(8)=800.0, Dist=384.0, Win Bonus=0.0
[2026-05-22 10:10:36] SCORE jat (gray0): Final=2539.7, Time=64.2, Moves(42)=75.5, Pins(10)=1000.0, Dist=400.0, Win Bonus=1000.0
[2026-05-22 10:10:36] ALL WRONG MOVES BY COLOUR: {}
[2026-05-22 10:10:36] GAME TIME LIMIT REACHED.
[2026-05-22 10:10:37] SCORE The bandits (lawn green): Final=1349.5, Time=90.0, Moves(42)=75.5, Pins(8)=800.0, Dist=384.0, Win Bonus=0.0
[2026-05-22 10:10:37] SCORE jat (gray0): Final=2539.7, Time=64.2, Moves(42)=75.5, Pins(10)=1000.0, Dist=400.0, Win Bonus=1000.0
[2026-05-22 10:10:37] ALL WRONG MOVES BY COLOUR: {}
[2026-05-22 10:10:37] GAME TIME LIMIT REACHED.
[2026-05-22 10:10:37] SCORE The bandits (lawn green): Final=1349.5, Time=90.0, Moves(42)=75.5, Pins(8)=800.0, Dist=384.0, Win Bonus=0.0
[2026-05-22 10:10:37] SCORE jat (gray0): Final=2539.7, Time=64.2, Moves(42)=75.5, Pins(10)=1000.0, Dist=400.0, Win Bonus=1000.0
[2026-05-22 10:10:37] ALL WRONG MOVES BY COLOUR: {}
[2026-05-22 10:10:37] GAME TIME LIMIT REACHED.
[2026-05-22 10:10:37] SCORE The bandits (lawn green): Final=1349.5, Time=90.0, Moves(42)=75.5, Pins(8)=800.0, Dist=384.0, Win Bonus=0.0
[2026-05-22 10:10:37] SCORE jat (gray0): Final=2539.7, Time=64.2, Moves(42)=75.5, Pins(10)=1000.0, Dist=400.0, Win Bonus=1000.0
[2026-05-22 10:10:37] ALL WRONG MOVES BY COLOUR: {}
[2026-05-22 10:10:37] GAME TIME LIMIT REACHED.
[2026-05-22 10:10:37] SCORE The bandits (lawn green): Final=1349.5, Time=90.0, Moves(42)=75.5, Pins(8)=800.0, Dist=384.0, Win Bonus=0.0
[2026-05-22 10:10:37] SCORE jat (gray0): Final=2539.7, Time=64.2, Moves(42)=75.5, Pins(10)=1000.0, Dist=400.0, Win Bonus=1000.0
[2026-05-22 10:10:37] ALL WRONG MOVES BY COLOUR: {}
[2026-05-22 10:10:37] GAME TIME LIMIT REACHED.
[2026-05-22 10:10:48] SCORE The bandits (lawn green): Final=1349.5, Time=90.0, Moves(42)=75.5, Pins(8)=800.0, Dist=384.0, Win Bonus=0.0
[2026-05-22 10:10:48] SCORE jat (gray0): Final=2539.7, Time=64.2, Moves(42)=75.5, Pins(10)=1000.0, Dist=400.0, Win Bonus=1000.0
[2026-05-22 10:10:48] ALL WRONG MOVES BY COLOUR: {}
[2026-05-22 10:10:48] GAME TIME LIMIT REACHED.
[2026-05-22 10:10:48] SCORE The bandits (lawn green): Final=1349.5, Time=90.0, Moves(42)=75.5, Pins(8)=800.0, Dist=384.0, Win Bonus=0.0
[2026-05-22 10:10:48] SCORE jat (gray0): Final=2539.7, Time=64.2, Moves(42)=75.5, Pins(10)=1000.0, Dist=400.0, Win Bonus=1000.0
[2026-05-22 10:10:48] ALL WRONG MOVES BY COLOUR: {}
[2026-05-22 10:10:48] GAME TIME LIMIT REACHED.
[2026-05-22 10:10:48] SCORE The bandits (lawn green): Final=1349.5, Time=90.0, Moves(42)=75.5, Pins(8)=800.0, Dist=384.0, Win Bonus=0.0
[2026-05-22 10:10:48] SCORE jat (gray0): Final=2539.7, Time=64.2, Moves(42)=75.5, Pins(10)=1000.0, Dist=400.0, Win Bonus=1000.0
[2026-05-22 10:10:48] ALL WRONG MOVES BY COLOUR: {}
[2026-05-22 10:10:48] GAME TIME LIMIT REACHED.
[2026-05-22 10:10:48] SCORE The bandits (lawn green): Final=1349.5, Time=90.0, Moves(42)=75.5, Pins(8)=800.0, Dist=384.0, Win Bonus=0.0
[2026-05-22 10:10:48] SCORE jat (gray0): Final=2539.7, Time=64.2, Moves(42)=75.5, Pins(10)=1000.0, Dist=400.0, Win Bonus=1000.0
[2026-05-22 10:10:48] ALL WRONG MOVES BY COLOUR: {}
[2026-05-22 10:10:48] GAME TIME LIMIT REACHED.
[2026-05-22 10:10:49] SCORE The bandits (lawn green): Final=1349.5, Time=90.0, Moves(42)=75.5, Pins(8)=800.0, Dist=384.0, Win Bonus=0.0
[2026-05-22 10:10:49] SCORE jat (gray0): Final=2539.7, Time=64.2, Moves(42)=75.5, Pins(10)=1000.0, Dist=400.0, Win Bonus=1000.0
[2026-05-22 10:10:49] ALL WRONG MOVES BY COLOUR: {}
[2026-05-22 10:10:49] GAME TIME LIMIT REACHED.
[2026-05-22 10:10:49] SCORE The bandits (lawn green): Final=1349.5, Time=90.0, Moves(42)=75.5, Pins(8)=800.0, Dist=384.0, Win Bonus=0.0
[2026-05-22 10:10:49] SCORE jat (gray0): Final=2539.7, Time=64.2, Moves(42)=75.5, Pins(10)=1000.0, Dist=400.0, Win Bonus=1000.0
[2026-05-22 10:10:49] ALL WRONG MOVES BY COLOUR: {}
[2026-05-22 10:10:49] GAME TIME LIMIT REACHED.
[2026-05-22 10:10:49] SCORE The bandits (lawn green): Final=1349.5, Time=90.0, Moves(42)=75.5, Pins(8)=800.0, Dist=384.0, Win Bonus=0.0
[2026-05-22 10:10:49] SCORE jat (gray0): Final=2539.7, Time=64.2, Moves(42)=75.5, Pins(10)=1000.0, Dist=400.0, Win Bonus=1000.0
[2026-05-22 10:10:49] ALL WRONG MOVES BY COLOUR: {}
[2026-05-22 10:10:49] GAME TIME LIMIT REACHED.
[2026-05-22 10:10:49] SCORE The bandits (lawn green): Final=1349.5, Time=90.0, Moves(42)=75.5, Pins(8)=800.0, Dist=384.0, Win Bonus=0.0
[2026-05-22 10:10:49] SCORE jat (gray0): Final=2539.7, Time=64.2, Moves(42)=75.5, Pins(10)=1000.0, Dist=400.0, Win Bonus=1000.0
[2026-05-22 10:10:49] ALL WRONG MOVES BY COLOUR: {}
[2026-05-22 10:10:49] GAME TIME LIMIT REACHED.
[2026-05-22 10:10:49] SCORE The bandits (lawn green): Final=1349.5, Time=90.0, Moves(42)=75.5, Pins(8)=800.0, Dist=384.0, Win Bonus=0.0
[2026-05-22 10:10:49] SCORE jat (gray0): Final=2539.7, Time=64.2, Moves(42)=75.5, Pins(10)=1000.0, Dist=400.0, Win Bonus=1000.0
[2026-05-22 10:10:49] ALL WRONG MOVES BY COLOUR: {}
[2026-05-22 10:10:49] GAME TIME LIMIT REACHED.
[2026-05-22 10:10:58] SCORE The bandits (lawn green): Final=1349.5, Time=90.0, Moves(42)=75.5, Pins(8)=800.0, Dist=384.0, Win Bonus=0.0
[2026-05-22 10:10:58] SCORE jat (gray0): Final=2539.7, Time=64.2, Moves(42)=75.5, Pins(10)=1000.0, Dist=400.0, Win Bonus=1000.0
[2026-05-22 10:10:58] ALL WRONG MOVES BY COLOUR: {}
[2026-05-22 10:10:58] GAME TIME LIMIT REACHED.
[2026-05-22 10:10:58] SCORE The bandits (lawn green): Final=1349.5, Time=90.0, Moves(42)=75.5, Pins(8)=800.0, Dist=384.0, Win Bonus=0.0
[2026-05-22 10:10:58] SCORE jat (gray0): Final=2539.7, Time=64.2, Moves(42)=75.5, Pins(10)=1000.0, Dist=400.0, Win Bonus=1000.0
[2026-05-22 10:10:58] ALL WRONG MOVES BY COLOUR: {}
[2026-05-22 10:10:58] GAME TIME LIMIT REACHED.
[2026-05-22 10:10:58] SCORE The bandits (lawn green): Final=1349.5, Time=90.0, Moves(42)=75.5, Pins(8)=800.0, Dist=384.0, Win Bonus=0.0
[2026-05-22 10:10:58] SCORE jat (gray0): Final=2539.7, Time=64.2, Moves(42)=75.5, Pins(10)=1000.0, Dist=400.0, Win Bonus=1000.0
[2026-05-22 10:10:58] ALL WRONG MOVES BY COLOUR: {}
[2026-05-22 10:10:58] GAME TIME LIMIT REACHED.
[2026-05-22 10:10:58] SCORE The bandits (lawn green): Final=1349.5, Time=90.0, Moves(42)=75.5, Pins(8)=800.0, Dist=384.0, Win Bonus=0.0
[2026-05-22 10:10:58] SCORE jat (gray0): Final=2539.7, Time=64.2, Moves(42)=75.5, Pins(10)=1000.0, Dist=400.0, Win Bonus=1000.0
[2026-05-22 10:10:58] ALL WRONG MOVES BY COLOUR: {}
[2026-05-22 10:10:58] GAME TIME LIMIT REACHED.
[2026-05-22 10:10:59] SCORE The bandits (lawn green): Final=1349.5, Time=90.0, Moves(42)=75.5, Pins(8)=800.0, Dist=384.0, Win Bonus=0.0
[2026-05-22 10:10:59] SCORE jat (gray0): Final=2539.7, Time=64.2, Moves(42)=75.5, Pins(10)=1000.0, Dist=400.0, Win Bonus=1000.0
[2026-05-22 10:10:59] ALL WRONG MOVES BY COLOUR: {}
[2026-05-22 10:10:59] GAME TIME LIMIT REACHED.
[2026-05-22 10:10:59] SCORE The bandits (lawn green): Final=1349.5, Time=90.0, Moves(42)=75.5, Pins(8)=800.0, Dist=384.0, Win Bonus=0.0
[2026-05-22 10:10:59] SCORE jat (gray0): Final=2539.7, Time=64.2, Moves(42)=75.5, Pins(10)=1000.0, Dist=400.0, Win Bonus=1000.0
[2026-05-22 10:10:59] ALL WRONG MOVES BY COLOUR: {}
[2026-05-22 10:10:59] GAME TIME LIMIT REACHED.
[2026-05-22 10:10:59] SCORE The bandits (lawn green): Final=1349.5, Time=90.0, Moves(42)=75.5, Pins(8)=800.0, Dist=384.0, Win Bonus=0.0
[2026-05-22 10:10:59] SCORE jat (gray0): Final=2539.7, Time=64.2, Moves(42)=75.5, Pins(10)=1000.0, Dist=400.0, Win Bonus=1000.0
[2026-05-22 10:10:59] ALL WRONG MOVES BY COLOUR: {}
[2026-05-22 10:10:59] GAME TIME LIMIT REACHED.
[2026-05-22 10:10:59] SCORE The bandits (lawn green): Final=1349.5, Time=90.0, Moves(42)=75.5, Pins(8)=800.0, Dist=384.0, Win Bonus=0.0
[2026-05-22 10:10:59] SCORE jat (gray0): Final=2539.7, Time=64.2, Moves(42)=75.5, Pins(10)=1000.0, Dist=400.0, Win Bonus=1000.0
[2026-05-22 10:10:59] ALL WRONG MOVES BY COLOUR: {}
[2026-05-22 10:10:59] GAME TIME LIMIT REACHED.
[2026-05-22 10:11:00] SCORE The bandits (lawn green): Final=1349.5, Time=90.0, Moves(42)=75.5, Pins(8)=800.0, Dist=384.0, Win Bonus=0.0
[2026-05-22 10:11:00] SCORE jat (gray0): Final=2539.7, Time=64.2, Moves(42)=75.5, Pins(10)=1000.0, Dist=400.0, Win Bonus=1000.0
[2026-05-22 10:11:00] ALL WRONG MOVES BY COLOUR: {}
[2026-05-22 10:11:00] GAME TIME LIMIT REACHED.
[2026-05-22 10:11:00] SCORE The bandits (lawn green): Final=1349.5, Time=90.0, Moves(42)=75.5, Pins(8)=800.0, Dist=384.0, Win Bonus=0.0
[2026-05-22 10:11:00] SCORE jat (gray0): Final=2539.7, Time=64.2, Moves(42)=75.5, Pins(10)=1000.0, Dist=400.0, Win Bonus=1000.0
[2026-05-22 10:11:00] ALL WRONG MOVES BY COLOUR: {}
[2026-05-22 10:11:00] GAME TIME LIMIT REACHED.
[2026-05-22 10:11:00] SCORE The bandits (lawn green): Final=1349.5, Time=90.0, Moves(42)=75.5, Pins(8)=800.0, Dist=384.0, Win Bonus=0.0
[2026-05-22 10:11:00] SCORE jat (gray0): Final=2539.7, Time=64.2, Moves(42)=75.5, Pins(10)=1000.0, Dist=400.0, Win Bonus=1000.0
[2026-05-22 10:11:00] ALL WRONG MOVES BY COLOUR: {}
[2026-05-22 10:11:00] GAME TIME LIMIT REACHED.
[2026-05-22 10:11:10] SCORE The bandits (lawn green): Final=1349.5, Time=90.0, Moves(42)=75.5, Pins(8)=800.0, Dist=384.0, Win Bonus=0.0
[2026-05-22 10:11:10] SCORE jat (gray0): Final=2539.7, Time=64.2, Moves(42)=75.5, Pins(10)=1000.0, Dist=400.0, Win Bonus=1000.0
[2026-05-22 10:11:10] ALL WRONG MOVES BY COLOUR: {}
[2026-05-22 10:11:10] GAME TIME LIMIT REACHED.
[2026-05-22 10:11:10] SCORE The bandits (lawn green): Final=1349.5, Time=90.0, Moves(42)=75.5, Pins(8)=800.0, Dist=384.0, Win Bonus=0.0
[2026-05-22 10:11:10] SCORE jat (gray0): Final=2539.7, Time=64.2, Moves(42)=75.5, Pins(10)=1000.0, Dist=400.0, Win Bonus=1000.0
[2026-05-22 10:11:10] ALL WRONG MOVES BY COLOUR: {}
[2026-05-22 10:11:10] GAME TIME LIMIT REACHED.
[2026-05-22 10:11:10] SCORE The bandits (lawn green): Final=1349.5, Time=90.0, Moves(42)=75.5, Pins(8)=800.0, Dist=384.0, Win Bonus=0.0
[2026-05-22 10:11:10] SCORE jat (gray0): Final=2539.7, Time=64.2, Moves(42)=75.5, Pins(10)=1000.0, Dist=400.0, Win Bonus=1000.0
[2026-05-22 10:11:10] ALL WRONG MOVES BY COLOUR: {}
[2026-05-22 10:11:10] GAME TIME LIMIT REACHED.
[2026-05-22 10:11:11] SCORE The bandits (lawn green): Final=1349.5, Time=90.0, Moves(42)=75.5, Pins(8)=800.0, Dist=384.0, Win Bonus=0.0
[2026-05-22 10:11:11] SCORE jat (gray0): Final=2539.7, Time=64.2, Moves(42)=75.5, Pins(10)=1000.0, Dist=400.0, Win Bonus=1000.0
[2026-05-22 10:11:11] ALL WRONG MOVES BY COLOUR: {}
[2026-05-22 10:11:11] GAME TIME LIMIT REACHED.
[2026-05-22 10:11:11] SCORE The bandits (lawn green): Final=1349.5, Time=90.0, Moves(42)=75.5, Pins(8)=800.0, Dist=384.0, Win Bonus=0.0
[2026-05-22 10:11:11] SCORE jat (gray0): Final=2539.7, Time=64.2, Moves(42)=75.5, Pins(10)=1000.0, Dist=400.0, Win Bonus=1000.0
[2026-05-22 10:11:11] ALL WRONG MOVES BY COLOUR: {}
[2026-05-22 10:11:11] GAME TIME LIMIT REACHED.
[2026-05-22 10:11:11] SCORE The bandits (lawn green): Final=1349.5, Time=90.0, Moves(42)=75.5, Pins(8)=800.0, Dist=384.0, Win Bonus=0.0
[2026-05-22 10:11:11] SCORE jat (gray0): Final=2539.7, Time=64.2, Moves(42)=75.5, Pins(10)=1000.0, Dist=400.0, Win Bonus=1000.0
[2026-05-22 10:11:11] ALL WRONG MOVES BY COLOUR: {}
[2026-05-22 10:11:11] GAME TIME LIMIT REACHED.
[2026-05-22 10:11:11] SCORE The bandits (lawn green): Final=1349.5, Time=90.0, Moves(42)=75.5, Pins(8)=800.0, Dist=384.0, Win Bonus=0.0
[2026-05-22 10:11:11] SCORE jat (gray0): Final=2539.7, Time=64.2, Moves(42)=75.5, Pins(10)=1000.0, Dist=400.0, Win Bonus=1000.0
[2026-05-22 10:11:11] ALL WRONG MOVES BY COLOUR: {}
[2026-05-22 10:11:11] GAME TIME LIMIT REACHED.
[2026-05-22 10:11:12] SCORE The bandits (lawn green): Final=1349.5, Time=90.0, Moves(42)=75.5, Pins(8)=800.0, Dist=384.0, Win Bonus=0.0
[2026-05-22 10:11:12] SCORE jat (gray0): Final=2539.7, Time=64.2, Moves(42)=75.5, Pins(10)=1000.0, Dist=400.0, Win Bonus=1000.0
[2026-05-22 10:11:12] ALL WRONG MOVES BY COLOUR: {}
[2026-05-22 10:11:12] GAME TIME LIMIT REACHED.
[2026-05-22 10:11:12] SCORE The bandits (lawn green): Final=1349.5, Time=90.0, Moves(42)=75.5, Pins(8)=800.0, Dist=384.0, Win Bonus=0.0
[2026-05-22 10:11:12] SCORE jat (gray0): Final=2539.7, Time=64.2, Moves(42)=75.5, Pins(10)=1000.0, Dist=400.0, Win Bonus=1000.0
[2026-05-22 10:11:12] ALL WRONG MOVES BY COLOUR: {}
[2026-05-22 10:11:12] GAME TIME LIMIT REACHED.
[2026-05-22 10:11:12] SCORE The bandits (lawn green): Final=1349.5, Time=90.0, Moves(42)=75.5, Pins(8)=800.0, Dist=384.0, Win Bonus=0.0
[2026-05-22 10:11:12] SCORE jat (gray0): Final=2539.7, Time=64.2, Moves(42)=75.5, Pins(10)=1000.0, Dist=400.0, Win Bonus=1000.0
[2026-05-22 10:11:12] ALL WRONG MOVES BY COLOUR: {}
[2026-05-22 10:11:12] GAME TIME LIMIT REACHED.
[2026-05-22 10:11:12] SCORE The bandits (lawn green): Final=1349.5, Time=90.0, Moves(42)=75.5, Pins(8)=800.0, Dist=384.0, Win Bonus=0.0
[2026-05-22 10:11:12] SCORE jat (gray0): Final=2539.7, Time=64.2, Moves(42)=75.5, Pins(10)=1000.0, Dist=400.0, Win Bonus=1000.0
[2026-05-22 10:11:12] ALL WRONG MOVES BY COLOUR: {}
[2026-05-22 10:11:12] GAME TIME LIMIT REACHED.
[2026-05-22 10:11:13] SCORE The bandits (lawn green): Final=1349.5, Time=90.0, Moves(42)=75.5, Pins(8)=800.0, Dist=384.0, Win Bonus=0.0
[2026-05-22 10:11:13] SCORE jat (gray0): Final=2539.7, Time=64.2, Moves(42)=75.5, Pins(10)=1000.0, Dist=400.0, Win Bonus=1000.0
[2026-05-22 10:11:13] ALL WRONG MOVES BY COLOUR: {}
[2026-05-22 10:11:13] GAME TIME LIMIT REACHED.
[2026-05-22 10:11:13] SCORE The bandits (lawn green): Final=1349.5, Time=90.0, Moves(42)=75.5, Pins(8)=800.0, Dist=384.0, Win Bonus=0.0
[2026-05-22 10:11:13] SCORE jat (gray0): Final=2539.7, Time=64.2, Moves(42)=75.5, Pins(10)=1000.0, Dist=400.0, Win Bonus=1000.0
[2026-05-22 10:11:13] ALL WRONG MOVES BY COLOUR: {}
[2026-05-22 10:11:13] GAME TIME LIMIT REACHED.
[2026-05-22 10:11:13] SCORE The bandits (lawn green): Final=1349.5, Time=90.0, Moves(42)=75.5, Pins(8)=800.0, Dist=384.0, Win Bonus=0.0
[2026-05-22 10:11:13] SCORE jat (gray0): Final=2539.7, Time=64.2, Moves(42)=75.5, Pins(10)=1000.0, Dist=400.0, Win Bonus=1000.0
[2026-05-22 10:11:13] ALL WRONG MOVES BY COLOUR: {}
[2026-05-22 10:11:13] GAME TIME LIMIT REACHED.
[2026-05-22 10:11:13] SCORE The bandits (lawn green): Final=1349.5, Time=90.0, Moves(42)=75.5, Pins(8)=800.0, Dist=384.0, Win Bonus=0.0
[2026-05-22 10:11:13] SCORE jat (gray0): Final=2539.7, Time=64.2, Moves(42)=75.5, Pins(10)=1000.0, Dist=400.0, Win Bonus=1000.0
[2026-05-22 10:11:13] ALL WRONG MOVES BY COLOUR: {}
[2026-05-22 10:11:13] GAME TIME LIMIT REACHED.
[2026-05-22 10:11:14] SCORE The bandits (lawn green): Final=1349.5, Time=90.0, Moves(42)=75.5, Pins(8)=800.0, Dist=384.0, Win Bonus=0.0
[2026-05-22 10:11:14] SCORE jat (gray0): Final=2539.7, Time=64.2, Moves(42)=75.5, Pins(10)=1000.0, Dist=400.0, Win Bonus=1000.0
[2026-05-22 10:11:14] ALL WRONG MOVES BY COLOUR: {}
[2026-05-22 10:11:14] GAME TIME LIMIT REACHED.
[2026-05-22 10:11:14] SCORE The bandits (lawn green): Final=1349.5, Time=90.0, Moves(42)=75.5, Pins(8)=800.0, Dist=384.0, Win Bonus=0.0
[2026-05-22 10:11:14] SCORE jat (gray0): Final=2539.7, Time=64.2, Moves(42)=75.5, Pins(10)=1000.0, Dist=400.0, Win Bonus=1000.0
[2026-05-22 10:11:14] ALL WRONG MOVES BY COLOUR: {}
[2026-05-22 10:11:14] GAME TIME LIMIT REACHED.
[2026-05-22 10:11:14] SCORE The bandits (lawn green): Final=1349.5, Time=90.0, Moves(42)=75.5, Pins(8)=800.0, Dist=384.0, Win Bonus=0.0
[2026-05-22 10:11:14] SCORE jat (gray0): Final=2539.7, Time=64.2, Moves(42)=75.5, Pins(10)=1000.0, Dist=400.0, Win Bonus=1000.0
[2026-05-22 10:11:14] ALL WRONG MOVES BY COLOUR: {}
[2026-05-22 10:11:14] GAME TIME LIMIT REACHED.
[2026-05-22 10:11:14] SCORE The bandits (lawn green): Final=1349.5, Time=90.0, Moves(42)=75.5, Pins(8)=800.0, Dist=384.0, Win Bonus=0.0
[2026-05-22 10:11:14] SCORE jat (gray0): Final=2539.7, Time=64.2, Moves(42)=75.5, Pins(10)=1000.0, Dist=400.0, Win Bonus=1000.0
[2026-05-22 10:11:14] ALL WRONG MOVES BY COLOUR: {}
[2026-05-22 10:11:14] GAME TIME LIMIT REACHED.
[2026-05-22 10:11:15] SCORE The bandits (lawn green): Final=1349.5, Time=90.0, Moves(42)=75.5, Pins(8)=800.0, Dist=384.0, Win Bonus=0.0
[2026-05-22 10:11:15] SCORE jat (gray0): Final=2539.7, Time=64.2, Moves(42)=75.5, Pins(10)=1000.0, Dist=400.0, Win Bonus=1000.0
[2026-05-22 10:11:15] ALL WRONG MOVES BY COLOUR: {}
[2026-05-22 10:11:15] GAME TIME LIMIT REACHED.
[2026-05-22 10:11:15] SCORE The bandits (lawn green): Final=1349.5, Time=90.0, Moves(42)=75.5, Pins(8)=800.0, Dist=384.0, Win Bonus=0.0
[2026-05-22 10:11:15] SCORE jat (gray0): Final=2539.7, Time=64.2, Moves(42)=75.5, Pins(10)=1000.0, Dist=400.0, Win Bonus=1000.0
[2026-05-22 10:11:15] ALL WRONG MOVES BY COLOUR: {}
[2026-05-22 10:11:15] GAME TIME LIMIT REACHED.
[2026-05-22 10:11:15] SCORE The bandits (lawn green): Final=1349.5, Time=90.0, Moves(42)=75.5, Pins(8)=800.0, Dist=384.0, Win Bonus=0.0
[2026-05-22 10:11:15] SCORE jat (gray0): Final=2539.7, Time=64.2, Moves(42)=75.5, Pins(10)=1000.0, Dist=400.0, Win Bonus=1000.0
[2026-05-22 10:11:15] ALL WRONG MOVES BY COLOUR: {}
[2026-05-22 10:11:15] GAME TIME LIMIT REACHED.
[2026-05-22 10:11:15] SCORE The bandits (lawn green): Final=1349.5, Time=90.0, Moves(42)=75.5, Pins(8)=800.0, Dist=384.0, Win Bonus=0.0
[2026-05-22 10:11:15] SCORE jat (gray0): Final=2539.7, Time=64.2, Moves(42)=75.5, Pins(10)=1000.0, Dist=400.0, Win Bonus=1000.0
[2026-05-22 10:11:15] ALL WRONG MOVES BY COLOUR: {}
[2026-05-22 10:11:15] GAME TIME LIMIT REACHED.
[2026-05-22 10:11:16] SCORE The bandits (lawn green): Final=1349.5, Time=90.0, Moves(42)=75.5, Pins(8)=800.0, Dist=384.0, Win Bonus=0.0
[2026-05-22 10:11:16] SCORE jat (gray0): Final=2539.7, Time=64.2, Moves(42)=75.5, Pins(10)=1000.0, Dist=400.0, Win Bonus=1000.0
[2026-05-22 10:11:16] ALL WRONG MOVES BY COLOUR: {}
[2026-05-22 10:11:16] GAME TIME LIMIT REACHED.
[2026-05-22 10:11:16] SCORE The bandits (lawn green): Final=1349.5, Time=90.0, Moves(42)=75.5, Pins(8)=800.0, Dist=384.0, Win Bonus=0.0
[2026-05-22 10:11:16] SCORE jat (gray0): Final=2539.7, Time=64.2, Moves(42)=75.5, Pins(10)=1000.0, Dist=400.0, Win Bonus=1000.0
[2026-05-22 10:11:16] ALL WRONG MOVES BY COLOUR: {}
[2026-05-22 10:11:16] GAME TIME LIMIT REACHED.
[2026-05-22 10:11:16] SCORE The bandits (lawn green): Final=1349.5, Time=90.0, Moves(42)=75.5, Pins(8)=800.0, Dist=384.0, Win Bonus=0.0
[2026-05-22 10:11:16] SCORE jat (gray0): Final=2539.7, Time=64.2, Moves(42)=75.5, Pins(10)=1000.0, Dist=400.0, Win Bonus=1000.0
[2026-05-22 10:11:16] ALL WRONG MOVES BY COLOUR: {}
[2026-05-22 10:11:16] GAME TIME LIMIT REACHED.
[2026-05-22 10:11:16] SCORE The bandits (lawn green): Final=1349.5, Time=90.0, Moves(42)=75.5, Pins(8)=800.0, Dist=384.0, Win Bonus=0.0
[2026-05-22 10:11:16] SCORE jat (gray0): Final=2539.7, Time=64.2, Moves(42)=75.5, Pins(10)=1000.0, Dist=400.0, Win Bonus=1000.0
[2026-05-22 10:11:16] ALL WRONG MOVES BY COLOUR: {}
[2026-05-22 10:11:16] GAME TIME LIMIT REACHED.
[2026-05-22 10:11:17] SCORE The bandits (lawn green): Final=1349.5, Time=90.0, Moves(42)=75.5, Pins(8)=800.0, Dist=384.0, Win Bonus=0.0
[2026-05-22 10:11:17] SCORE jat (gray0): Final=2539.7, Time=64.2, Moves(42)=75.5, Pins(10)=1000.0, Dist=400.0, Win Bonus=1000.0
[2026-05-22 10:11:17] ALL WRONG MOVES BY COLOUR: {}
[2026-05-22 10:11:17] GAME TIME LIMIT REACHED.
[2026-05-22 10:11:17] SCORE The bandits (lawn green): Final=1349.5, Time=90.0, Moves(42)=75.5, Pins(8)=800.0, Dist=384.0, Win Bonus=0.0
[2026-05-22 10:11:17] SCORE jat (gray0): Final=2539.7, Time=64.2, Moves(42)=75.5, Pins(10)=1000.0, Dist=400.0, Win Bonus=1000.0
[2026-05-22 10:11:17] ALL WRONG MOVES BY COLOUR: {}
[2026-05-22 10:11:17] GAME TIME LIMIT REACHED.
[2026-05-22 10:11:17] SCORE The bandits (lawn green): Final=1349.5, Time=90.0, Moves(42)=75.5, Pins(8)=800.0, Dist=384.0, Win Bonus=0.0
[2026-05-22 10:11:17] SCORE jat (gray0): Final=2539.7, Time=64.2, Moves(42)=75.5, Pins(10)=1000.0, Dist=400.0, Win Bonus=1000.0
[2026-05-22 10:11:17] ALL WRONG MOVES BY COLOUR: {}
[2026-05-22 10:11:17] GAME TIME LIMIT REACHED.
[2026-05-22 10:11:17] SCORE The bandits (lawn green): Final=1349.5, Time=90.0, Moves(42)=75.5, Pins(8)=800.0, Dist=384.0, Win Bonus=0.0
[2026-05-22 10:11:17] SCORE jat (gray0): Final=2539.7, Time=64.2, Moves(42)=75.5, Pins(10)=1000.0, Dist=400.0, Win Bonus=1000.0
[2026-05-22 10:11:17] ALL WRONG MOVES BY COLOUR: {}
[2026-05-22 10:11:17] GAME TIME LIMIT REACHED.
[2026-05-22 10:11:18] SCORE The bandits (lawn green): Final=1349.5, Time=90.0, Moves(42)=75.5, Pins(8)=800.0, Dist=384.0, Win Bonus=0.0
[2026-05-22 10:11:18] SCORE jat (gray0): Final=2539.7, Time=64.2, Moves(42)=75.5, Pins(10)=1000.0, Dist=400.0, Win Bonus=1000.0
[2026-05-22 10:11:18] ALL WRONG MOVES BY COLOUR: {}
[2026-05-22 10:11:18] GAME TIME LIMIT REACHED.
[2026-05-22 10:11:18] SCORE The bandits (lawn green): Final=1349.5, Time=90.0, Moves(42)=75.5, Pins(8)=800.0, Dist=384.0, Win Bonus=0.0
[2026-05-22 10:11:18] SCORE jat (gray0): Final=2539.7, Time=64.2, Moves(42)=75.5, Pins(10)=1000.0, Dist=400.0, Win Bonus=1000.0
[2026-05-22 10:11:18] ALL WRONG MOVES BY COLOUR: {}
[2026-05-22 10:11:18] GAME TIME LIMIT REACHED.
[2026-05-22 10:11:18] SCORE The bandits (lawn green): Final=1349.5, Time=90.0, Moves(42)=75.5, Pins(8)=800.0, Dist=384.0, Win Bonus=0.0
[2026-05-22 10:11:18] SCORE jat (gray0): Final=2539.7, Time=64.2, Moves(42)=75.5, Pins(10)=1000.0, Dist=400.0, Win Bonus=1000.0
[2026-05-22 10:11:18] ALL WRONG MOVES BY COLOUR: {}
[2026-05-22 10:11:18] GAME TIME LIMIT REACHED.
[2026-05-22 10:11:18] SCORE The bandits (lawn green): Final=1349.5, Time=90.0, Moves(42)=75.5, Pins(8)=800.0, Dist=384.0, Win Bonus=0.0
[2026-05-22 10:11:18] SCORE jat (gray0): Final=2539.7, Time=64.2, Moves(42)=75.5, Pins(10)=1000.0, Dist=400.0, Win Bonus=1000.0
[2026-05-22 10:11:18] ALL WRONG MOVES BY COLOUR: {}
[2026-05-22 10:11:18] GAME TIME LIMIT REACHED.
[2026-05-22 10:11:18] SCORE The bandits (lawn green): Final=1349.5, Time=90.0, Moves(42)=75.5, Pins(8)=800.0, Dist=384.0, Win Bonus=0.0
[2026-05-22 10:11:18] SCORE jat (gray0): Final=2539.7, Time=64.2, Moves(42)=75.5, Pins(10)=1000.0, Dist=400.0, Win Bonus=1000.0
[2026-05-22 10:11:18] ALL WRONG MOVES BY COLOUR: {}
[2026-05-22 10:11:19] GAME TIME LIMIT REACHED.
[2026-05-22 10:11:19] SCORE The bandits (lawn green): Final=1349.5, Time=90.0, Moves(42)=75.5, Pins(8)=800.0, Dist=384.0, Win Bonus=0.0
[2026-05-22 10:11:19] SCORE jat (gray0): Final=2539.7, Time=64.2, Moves(42)=75.5, Pins(10)=1000.0, Dist=400.0, Win Bonus=1000.0
[2026-05-22 10:11:19] ALL WRONG MOVES BY COLOUR: {}
[2026-05-22 10:11:19] GAME TIME LIMIT REACHED.
[2026-05-22 10:11:19] SCORE The bandits (lawn green): Final=1349.5, Time=90.0, Moves(42)=75.5, Pins(8)=800.0, Dist=384.0, Win Bonus=0.0
[2026-05-22 10:11:19] SCORE jat (gray0): Final=2539.7, Time=64.2, Moves(42)=75.5, Pins(10)=1000.0, Dist=400.0, Win Bonus=1000.0
[2026-05-22 10:11:19] ALL WRONG MOVES BY COLOUR: {}
[2026-05-22 10:11:19] GAME TIME LIMIT REACHED.
[2026-05-22 10:11:19] SCORE The bandits (lawn green): Final=1349.5, Time=90.0, Moves(42)=75.5, Pins(8)=800.0, Dist=384.0, Win Bonus=0.0
[2026-05-22 10:11:19] SCORE jat (gray0): Final=2539.7, Time=64.2, Moves(42)=75.5, Pins(10)=1000.0, Dist=400.0, Win Bonus=1000.0
[2026-05-22 10:11:19] ALL WRONG MOVES BY COLOUR: {}
[2026-05-22 10:11:19] GAME TIME LIMIT REACHED.
[2026-05-22 10:11:19] SCORE The bandits (lawn green): Final=1349.5, Time=90.0, Moves(42)=75.5, Pins(8)=800.0, Dist=384.0, Win Bonus=0.0
[2026-05-22 10:11:19] SCORE jat (gray0): Final=2539.7, Time=64.2, Moves(42)=75.5, Pins(10)=1000.0, Dist=400.0, Win Bonus=1000.0
[2026-05-22 10:11:19] ALL WRONG MOVES BY COLOUR: {}
[2026-05-22 10:11:19] GAME TIME LIMIT REACHED.
[2026-05-22 10:11:20] SCORE The bandits (lawn green): Final=1349.5, Time=90.0, Moves(42)=75.5, Pins(8)=800.0, Dist=384.0, Win Bonus=0.0
[2026-05-22 10:11:20] SCORE jat (gray0): Final=2539.7, Time=64.2, Moves(42)=75.5, Pins(10)=1000.0, Dist=400.0, Win Bonus=1000.0
[2026-05-22 10:11:20] ALL WRONG MOVES BY COLOUR: {}
[2026-05-22 10:11:20] GAME TIME LIMIT REACHED.
[2026-05-22 10:11:20] SCORE The bandits (lawn green): Final=1349.5, Time=90.0, Moves(42)=75.5, Pins(8)=800.0, Dist=384.0, Win Bonus=0.0
[2026-05-22 10:11:20] SCORE jat (gray0): Final=2539.7, Time=64.2, Moves(42)=75.5, Pins(10)=1000.0, Dist=400.0, Win Bonus=1000.0
[2026-05-22 10:11:20] ALL WRONG MOVES BY COLOUR: {}
[2026-05-22 10:11:20] GAME TIME LIMIT REACHED.
[2026-05-22 10:11:20] SCORE The bandits (lawn green): Final=1349.5, Time=90.0, Moves(42)=75.5, Pins(8)=800.0, Dist=384.0, Win Bonus=0.0
[2026-05-22 10:11:20] SCORE jat (gray0): Final=2539.7, Time=64.2, Moves(42)=75.5, Pins(10)=1000.0, Dist=400.0, Win Bonus=1000.0
[2026-05-22 10:11:20] ALL WRONG MOVES BY COLOUR: {}
[2026-05-22 10:11:20] GAME TIME LIMIT REACHED.
[2026-05-22 10:11:20] SCORE The bandits (lawn green): Final=1349.5, Time=90.0, Moves(42)=75.5, Pins(8)=800.0, Dist=384.0, Win Bonus=0.0
[2026-05-22 10:11:20] SCORE jat (gray0): Final=2539.7, Time=64.2, Moves(42)=75.5, Pins(10)=1000.0, Dist=400.0, Win Bonus=1000.0
[2026-05-22 10:11:20] ALL WRONG MOVES BY COLOUR: {}
[2026-05-22 10:11:20] GAME TIME LIMIT REACHED.
[2026-05-22 10:11:21] SCORE The bandits (lawn green): Final=1349.5, Time=90.0, Moves(42)=75.5, Pins(8)=800.0, Dist=384.0, Win Bonus=0.0
[2026-05-22 10:11:21] SCORE jat (gray0): Final=2539.7, Time=64.2, Moves(42)=75.5, Pins(10)=1000.0, Dist=400.0, Win Bonus=1000.0
[2026-05-22 10:11:21] ALL WRONG MOVES BY COLOUR: {}
[2026-05-22 10:11:21] GAME TIME LIMIT REACHED.
[2026-05-22 10:11:21] SCORE The bandits (lawn green): Final=1349.5, Time=90.0, Moves(42)=75.5, Pins(8)=800.0, Dist=384.0, Win Bonus=0.0
[2026-05-22 10:11:21] SCORE jat (gray0): Final=2539.7, Time=64.2, Moves(42)=75.5, Pins(10)=1000.0, Dist=400.0, Win Bonus=1000.0
[2026-05-22 10:11:21] ALL WRONG MOVES BY COLOUR: {}
[2026-05-22 10:11:21] GAME TIME LIMIT REACHED.
[2026-05-22 10:11:21] SCORE The bandits (lawn green): Final=1349.5, Time=90.0, Moves(42)=75.5, Pins(8)=800.0, Dist=384.0, Win Bonus=0.0
[2026-05-22 10:11:21] SCORE jat (gray0): Final=2539.7, Time=64.2, Moves(42)=75.5, Pins(10)=1000.0, Dist=400.0, Win Bonus=1000.0
[2026-05-22 10:11:21] ALL WRONG MOVES BY COLOUR: {}
[2026-05-22 10:11:21] GAME TIME LIMIT REACHED.
[2026-05-22 10:11:21] SCORE The bandits (lawn green): Final=1349.5, Time=90.0, Moves(42)=75.5, Pins(8)=800.0, Dist=384.0, Win Bonus=0.0
[2026-05-22 10:11:21] SCORE jat (gray0): Final=2539.7, Time=64.2, Moves(42)=75.5, Pins(10)=1000.0, Dist=400.0, Win Bonus=1000.0
[2026-05-22 10:11:21] ALL WRONG MOVES BY COLOUR: {}
[2026-05-22 10:11:21] GAME TIME LIMIT REACHED.
[2026-05-22 10:11:22] SCORE The bandits (lawn green): Final=1349.5, Time=90.0, Moves(42)=75.5, Pins(8)=800.0, Dist=384.0, Win Bonus=0.0
[2026-05-22 10:11:22] SCORE jat (gray0): Final=2539.7, Time=64.2, Moves(42)=75.5, Pins(10)=1000.0, Dist=400.0, Win Bonus=1000.0
[2026-05-22 10:11:22] ALL WRONG MOVES BY COLOUR: {}
[2026-05-22 10:11:22] GAME TIME LIMIT REACHED.
[2026-05-22 10:11:22] SCORE The bandits (lawn green): Final=1349.5, Time=90.0, Moves(42)=75.5, Pins(8)=800.0, Dist=384.0, Win Bonus=0.0
[2026-05-22 10:11:22] SCORE jat (gray0): Final=2539.7, Time=64.2, Moves(42)=75.5, Pins(10)=1000.0, Dist=400.0, Win Bonus=1000.0
[2026-05-22 10:11:22] ALL WRONG MOVES BY COLOUR: {}
[2026-05-22 10:11:22] GAME TIME LIMIT REACHED.
[2026-05-22 10:11:22] SCORE The bandits (lawn green): Final=1349.5, Time=90.0, Moves(42)=75.5, Pins(8)=800.0, Dist=384.0, Win Bonus=0.0
[2026-05-22 10:11:22] SCORE jat (gray0): Final=2539.7, Time=64.2, Moves(42)=75.5, Pins(10)=1000.0, Dist=400.0, Win Bonus=1000.0
[2026-05-22 10:11:22] ALL WRONG MOVES BY COLOUR: {}
[2026-05-22 10:11:22] GAME TIME LIMIT REACHED.
[2026-05-22 10:11:22] SCORE The bandits (lawn green): Final=1349.5, Time=90.0, Moves(42)=75.5, Pins(8)=800.0, Dist=384.0, Win Bonus=0.0
[2026-05-22 10:11:22] SCORE jat (gray0): Final=2539.7, Time=64.2, Moves(42)=75.5, Pins(10)=1000.0, Dist=400.0, Win Bonus=1000.0
[2026-05-22 10:11:22] ALL WRONG MOVES BY COLOUR: {}
[2026-05-22 10:11:22] GAME TIME LIMIT REACHED.
[2026-05-22 10:11:23] SCORE The bandits (lawn green): Final=1349.5, Time=90.0, Moves(42)=75.5, Pins(8)=800.0, Dist=384.0, Win Bonus=0.0
[2026-05-22 10:11:23] SCORE jat (gray0): Final=2539.7, Time=64.2, Moves(42)=75.5, Pins(10)=1000.0, Dist=400.0, Win Bonus=1000.0
[2026-05-22 10:11:23] ALL WRONG MOVES BY COLOUR: {}
[2026-05-22 10:11:23] GAME TIME LIMIT REACHED.
[2026-05-22 10:11:23] SCORE The bandits (lawn green): Final=1349.5, Time=90.0, Moves(42)=75.5, Pins(8)=800.0, Dist=384.0, Win Bonus=0.0
[2026-05-22 10:11:23] SCORE jat (gray0): Final=2539.7, Time=64.2, Moves(42)=75.5, Pins(10)=1000.0, Dist=400.0, Win Bonus=1000.0
[2026-05-22 10:11:23] ALL WRONG MOVES BY COLOUR: {}
[2026-05-22 10:11:23] GAME TIME LIMIT REACHED.
[2026-05-22 10:11:23] SCORE The bandits (lawn green): Final=1349.5, Time=90.0, Moves(42)=75.5, Pins(8)=800.0, Dist=384.0, Win Bonus=0.0
[2026-05-22 10:11:23] SCORE jat (gray0): Final=2539.7, Time=64.2, Moves(42)=75.5, Pins(10)=1000.0, Dist=400.0, Win Bonus=1000.0
[2026-05-22 10:11:23] ALL WRONG MOVES BY COLOUR: {}
[2026-05-22 10:11:23] GAME TIME LIMIT REACHED.
[2026-05-22 10:11:23] SCORE The bandits (lawn green): Final=1349.5, Time=90.0, Moves(42)=75.5, Pins(8)=800.0, Dist=384.0, Win Bonus=0.0
[2026-05-22 10:11:23] SCORE jat (gray0): Final=2539.7, Time=64.2, Moves(42)=75.5, Pins(10)=1000.0, Dist=400.0, Win Bonus=1000.0
[2026-05-22 10:11:23] ALL WRONG MOVES BY COLOUR: {}
[2026-05-22 10:11:23] GAME TIME LIMIT REACHED.
[2026-05-22 10:11:24] SCORE The bandits (lawn green): Final=1349.5, Time=90.0, Moves(42)=75.5, Pins(8)=800.0, Dist=384.0, Win Bonus=0.0
[2026-05-22 10:11:24] SCORE jat (gray0): Final=2539.7, Time=64.2, Moves(42)=75.5, Pins(10)=1000.0, Dist=400.0, Win Bonus=1000.0
[2026-05-22 10:11:24] ALL WRONG MOVES BY COLOUR: {}
[2026-05-22 10:11:24] GAME TIME LIMIT REACHED.
[2026-05-22 10:11:24] SCORE The bandits (lawn green): Final=1349.5, Time=90.0, Moves(42)=75.5, Pins(8)=800.0, Dist=384.0, Win Bonus=0.0
[2026-05-22 10:11:24] SCORE jat (gray0): Final=2539.7, Time=64.2, Moves(42)=75.5, Pins(10)=1000.0, Dist=400.0, Win Bonus=1000.0
[2026-05-22 10:11:24] ALL WRONG MOVES BY COLOUR: {}
[2026-05-22 10:11:24] GAME TIME LIMIT REACHED.
[2026-05-22 10:11:24] SCORE The bandits (lawn green): Final=1349.5, Time=90.0, Moves(42)=75.5, Pins(8)=800.0, Dist=384.0, Win Bonus=0.0
[2026-05-22 10:11:24] SCORE jat (gray0): Final=2539.7, Time=64.2, Moves(42)=75.5, Pins(10)=1000.0, Dist=400.0, Win Bonus=1000.0
[2026-05-22 10:11:24] ALL WRONG MOVES BY COLOUR: {}
[2026-05-22 10:11:24] GAME TIME LIMIT REACHED.
[2026-05-22 10:11:24] SCORE The bandits (lawn green): Final=1349.5, Time=90.0, Moves(42)=75.5, Pins(8)=800.0, Dist=384.0, Win Bonus=0.0
[2026-05-22 10:11:24] SCORE jat (gray0): Final=2539.7, Time=64.2, Moves(42)=75.5, Pins(10)=1000.0, Dist=400.0, Win Bonus=1000.0
[2026-05-22 10:11:24] ALL WRONG MOVES BY COLOUR: {}
[2026-05-22 10:11:24] GAME TIME LIMIT REACHED.
[2026-05-22 10:11:25] SCORE The bandits (lawn green): Final=1349.5, Time=90.0, Moves(42)=75.5, Pins(8)=800.0, Dist=384.0, Win Bonus=0.0
[2026-05-22 10:11:25] SCORE jat (gray0): Final=2539.7, Time=64.2, Moves(42)=75.5, Pins(10)=1000.0, Dist=400.0, Win Bonus=1000.0
[2026-05-22 10:11:25] ALL WRONG MOVES BY COLOUR: {}
[2026-05-22 10:11:25] GAME TIME LIMIT REACHED.
[2026-05-22 10:11:25] SCORE The bandits (lawn green): Final=1349.5, Time=90.0, Moves(42)=75.5, Pins(8)=800.0, Dist=384.0, Win Bonus=0.0
[2026-05-22 10:11:25] SCORE jat (gray0): Final=2539.7, Time=64.2, Moves(42)=75.5, Pins(10)=1000.0, Dist=400.0, Win Bonus=1000.0
[2026-05-22 10:11:25] ALL WRONG MOVES BY COLOUR: {}
[2026-05-22 10:11:25] GAME TIME LIMIT REACHED.
[2026-05-22 10:11:25] SCORE The bandits (lawn green): Final=1349.5, Time=90.0, Moves(42)=75.5, Pins(8)=800.0, Dist=384.0, Win Bonus=0.0
[2026-05-22 10:11:25] SCORE jat (gray0): Final=2539.7, Time=64.2, Moves(42)=75.5, Pins(10)=1000.0, Dist=400.0, Win Bonus=1000.0
[2026-05-22 10:11:25] ALL WRONG MOVES BY COLOUR: {}
[2026-05-22 10:11:25] GAME TIME LIMIT REACHED.
[2026-05-22 10:11:25] SCORE The bandits (lawn green): Final=1349.5, Time=90.0, Moves(42)=75.5, Pins(8)=800.0, Dist=384.0, Win Bonus=0.0
[2026-05-22 10:11:25] SCORE jat (gray0): Final=2539.7, Time=64.2, Moves(42)=75.5, Pins(10)=1000.0, Dist=400.0, Win Bonus=1000.0
[2026-05-22 10:11:25] ALL WRONG MOVES BY COLOUR: {}
[2026-05-22 10:11:25] GAME TIME LIMIT REACHED.
[2026-05-22 10:11:26] SCORE The bandits (lawn green): Final=1349.5, Time=90.0, Moves(42)=75.5, Pins(8)=800.0, Dist=384.0, Win Bonus=0.0
[2026-05-22 10:11:26] SCORE jat (gray0): Final=2539.7, Time=64.2, Moves(42)=75.5, Pins(10)=1000.0, Dist=400.0, Win Bonus=1000.0
[2026-05-22 10:11:26] ALL WRONG MOVES BY COLOUR: {}
[2026-05-22 10:11:26] GAME TIME LIMIT REACHED.
[2026-05-22 10:11:26] SCORE The bandits (lawn green): Final=1349.5, Time=90.0, Moves(42)=75.5, Pins(8)=800.0, Dist=384.0, Win Bonus=0.0
[2026-05-22 10:11:26] SCORE jat (gray0): Final=2539.7, Time=64.2, Moves(42)=75.5, Pins(10)=1000.0, Dist=400.0, Win Bonus=1000.0
[2026-05-22 10:11:26] ALL WRONG MOVES BY COLOUR: {}
[2026-05-22 10:11:26] GAME TIME LIMIT REACHED.
[2026-05-22 10:11:26] SCORE The bandits (lawn green): Final=1349.5, Time=90.0, Moves(42)=75.5, Pins(8)=800.0, Dist=384.0, Win Bonus=0.0
[2026-05-22 10:11:26] SCORE jat (gray0): Final=2539.7, Time=64.2, Moves(42)=75.5, Pins(10)=1000.0, Dist=400.0, Win Bonus=1000.0
[2026-05-22 10:11:26] ALL WRONG MOVES BY COLOUR: {}
[2026-05-22 10:11:26] GAME TIME LIMIT REACHED.
[2026-05-22 10:11:26] SCORE The bandits (lawn green): Final=1349.5, Time=90.0, Moves(42)=75.5, Pins(8)=800.0, Dist=384.0, Win Bonus=0.0
[2026-05-22 10:11:26] SCORE jat (gray0): Final=2539.7, Time=64.2, Moves(42)=75.5, Pins(10)=1000.0, Dist=400.0, Win Bonus=1000.0
[2026-05-22 10:11:26] ALL WRONG MOVES BY COLOUR: {}
[2026-05-22 10:11:26] GAME TIME LIMIT REACHED.
[2026-05-22 10:11:27] SCORE The bandits (lawn green): Final=1349.5, Time=90.0, Moves(42)=75.5, Pins(8)=800.0, Dist=384.0, Win Bonus=0.0
[2026-05-22 10:11:27] SCORE jat (gray0): Final=2539.7, Time=64.2, Moves(42)=75.5, Pins(10)=1000.0, Dist=400.0, Win Bonus=1000.0
[2026-05-22 10:11:27] ALL WRONG MOVES BY COLOUR: {}
[2026-05-22 10:11:27] GAME TIME LIMIT REACHED.
[2026-05-22 10:11:27] SCORE The bandits (lawn green): Final=1349.5, Time=90.0, Moves(42)=75.5, Pins(8)=800.0, Dist=384.0, Win Bonus=0.0
[2026-05-22 10:11:27] SCORE jat (gray0): Final=2539.7, Time=64.2, Moves(42)=75.5, Pins(10)=1000.0, Dist=400.0, Win Bonus=1000.0
[2026-05-22 10:11:27] ALL WRONG MOVES BY COLOUR: {}
[2026-05-22 10:11:27] GAME TIME LIMIT REACHED.
[2026-05-22 10:11:27] SCORE The bandits (lawn green): Final=1349.5, Time=90.0, Moves(42)=75.5, Pins(8)=800.0, Dist=384.0, Win Bonus=0.0
[2026-05-22 10:11:27] SCORE jat (gray0): Final=2539.7, Time=64.2, Moves(42)=75.5, Pins(10)=1000.0, Dist=400.0, Win Bonus=1000.0
[2026-05-22 10:11:27] ALL WRONG MOVES BY COLOUR: {}
[2026-05-22 10:11:27] GAME TIME LIMIT REACHED.
[2026-05-22 10:11:27] SCORE The bandits (lawn green): Final=1349.5, Time=90.0, Moves(42)=75.5, Pins(8)=800.0, Dist=384.0, Win Bonus=0.0
[2026-05-22 10:11:27] SCORE jat (gray0): Final=2539.7, Time=64.2, Moves(42)=75.5, Pins(10)=1000.0, Dist=400.0, Win Bonus=1000.0
[2026-05-22 10:11:27] ALL WRONG MOVES BY COLOUR: {}
[2026-05-22 10:11:27] GAME TIME LIMIT REACHED.
[2026-05-22 10:11:28] SCORE The bandits (lawn green): Final=1349.5, Time=90.0, Moves(42)=75.5, Pins(8)=800.0, Dist=384.0, Win Bonus=0.0
[2026-05-22 10:11:28] SCORE jat (gray0): Final=2539.7, Time=64.2, Moves(42)=75.5, Pins(10)=1000.0, Dist=400.0, Win Bonus=1000.0
[2026-05-22 10:11:28] ALL WRONG MOVES BY COLOUR: {}
[2026-05-22 10:11:28] GAME TIME LIMIT REACHED.
[2026-05-22 10:11:28] SCORE The bandits (lawn green): Final=1349.5, Time=90.0, Moves(42)=75.5, Pins(8)=800.0, Dist=384.0, Win Bonus=0.0
[2026-05-22 10:11:28] SCORE jat (gray0): Final=2539.7, Time=64.2, Moves(42)=75.5, Pins(10)=1000.0, Dist=400.0, Win Bonus=1000.0
[2026-05-22 10:11:28] ALL WRONG MOVES BY COLOUR: {}
[2026-05-22 10:11:28] GAME TIME LIMIT REACHED.
[2026-05-22 10:11:28] SCORE The bandits (lawn green): Final=1349.5, Time=90.0, Moves(42)=75.5, Pins(8)=800.0, Dist=384.0, Win Bonus=0.0
[2026-05-22 10:11:28] SCORE jat (gray0): Final=2539.7, Time=64.2, Moves(42)=75.5, Pins(10)=1000.0, Dist=400.0, Win Bonus=1000.0
[2026-05-22 10:11:28] ALL WRONG MOVES BY COLOUR: {}
[2026-05-22 10:11:28] GAME TIME LIMIT REACHED.
[2026-05-22 10:11:28] SCORE The bandits (lawn green): Final=1349.5, Time=90.0, Moves(42)=75.5, Pins(8)=800.0, Dist=384.0, Win Bonus=0.0
[2026-05-22 10:11:28] SCORE jat (gray0): Final=2539.7, Time=64.2, Moves(42)=75.5, Pins(10)=1000.0, Dist=400.0, Win Bonus=1000.0
[2026-05-22 10:11:28] ALL WRONG MOVES BY COLOUR: {}
[2026-05-22 10:11:28] GAME TIME LIMIT REACHED.
[2026-05-22 10:11:28] SCORE The bandits (lawn green): Final=1349.5, Time=90.0, Moves(42)=75.5, Pins(8)=800.0, Dist=384.0, Win Bonus=0.0
[2026-05-22 10:11:28] SCORE jat (gray0): Final=2539.7, Time=64.2, Moves(42)=75.5, Pins(10)=1000.0, Dist=400.0, Win Bonus=1000.0
[2026-05-22 10:11:29] ALL WRONG MOVES BY COLOUR: {}
[2026-05-22 10:11:29] GAME TIME LIMIT REACHED.
[2026-05-22 10:11:29] SCORE The bandits (lawn green): Final=1349.5, Time=90.0, Moves(42)=75.5, Pins(8)=800.0, Dist=384.0, Win Bonus=0.0
[2026-05-22 10:11:29] SCORE jat (gray0): Final=2539.7, Time=64.2, Moves(42)=75.5, Pins(10)=1000.0, Dist=400.0, Win Bonus=1000.0
[2026-05-22 10:11:29] ALL WRONG MOVES BY COLOUR: {}
[2026-05-22 10:11:29] GAME TIME LIMIT REACHED.
[2026-05-22 10:11:29] SCORE The bandits (lawn green): Final=1349.5, Time=90.0, Moves(42)=75.5, Pins(8)=800.0, Dist=384.0, Win Bonus=0.0
[2026-05-22 10:11:29] SCORE jat (gray0): Final=2539.7, Time=64.2, Moves(42)=75.5, Pins(10)=1000.0, Dist=400.0, Win Bonus=1000.0
[2026-05-22 10:11:29] ALL WRONG MOVES BY COLOUR: {}
[2026-05-22 10:11:29] GAME TIME LIMIT REACHED.
[2026-05-22 10:11:29] SCORE The bandits (lawn green): Final=1349.5, Time=90.0, Moves(42)=75.5, Pins(8)=800.0, Dist=384.0, Win Bonus=0.0
[2026-05-22 10:11:29] SCORE jat (gray0): Final=2539.7, Time=64.2, Moves(42)=75.5, Pins(10)=1000.0, Dist=400.0, Win Bonus=1000.0
[2026-05-22 10:11:29] ALL WRONG MOVES BY COLOUR: {}
[2026-05-22 10:11:29] GAME TIME LIMIT REACHED.
[2026-05-22 10:11:29] SCORE The bandits (lawn green): Final=1349.5, Time=90.0, Moves(42)=75.5, Pins(8)=800.0, Dist=384.0, Win Bonus=0.0
[2026-05-22 10:11:29] SCORE jat (gray0): Final=2539.7, Time=64.2, Moves(42)=75.5, Pins(10)=1000.0, Dist=400.0, Win Bonus=1000.0
[2026-05-22 10:11:29] ALL WRONG MOVES BY COLOUR: {}
[2026-05-22 10:11:29] GAME TIME LIMIT REACHED.
[2026-05-22 10:11:30] SCORE The bandits (lawn green): Final=1349.5, Time=90.0, Moves(42)=75.5, Pins(8)=800.0, Dist=384.0, Win Bonus=0.0
[2026-05-22 10:11:30] SCORE jat (gray0): Final=2539.7, Time=64.2, Moves(42)=75.5, Pins(10)=1000.0, Dist=400.0, Win Bonus=1000.0
[2026-05-22 10:11:30] ALL WRONG MOVES BY COLOUR: {}
[2026-05-22 10:11:30] GAME TIME LIMIT REACHED.
[2026-05-22 10:11:30] SCORE The bandits (lawn green): Final=1349.5, Time=90.0, Moves(42)=75.5, Pins(8)=800.0, Dist=384.0, Win Bonus=0.0
[2026-05-22 10:11:30] SCORE jat (gray0): Final=2539.7, Time=64.2, Moves(42)=75.5, Pins(10)=1000.0, Dist=400.0, Win Bonus=1000.0
[2026-05-22 10:11:30] ALL WRONG MOVES BY COLOUR: {}
[2026-05-22 10:11:30] GAME TIME LIMIT REACHED.
[2026-05-22 10:11:30] SCORE The bandits (lawn green): Final=1349.5, Time=90.0, Moves(42)=75.5, Pins(8)=800.0, Dist=384.0, Win Bonus=0.0
[2026-05-22 10:11:30] SCORE jat (gray0): Final=2539.7, Time=64.2, Moves(42)=75.5, Pins(10)=1000.0, Dist=400.0, Win Bonus=1000.0
[2026-05-22 10:11:30] ALL WRONG MOVES BY COLOUR: {}
[2026-05-22 10:11:30] GAME TIME LIMIT REACHED.
[2026-05-22 10:11:30] SCORE The bandits (lawn green): Final=1349.5, Time=90.0, Moves(42)=75.5, Pins(8)=800.0, Dist=384.0, Win Bonus=0.0
[2026-05-22 10:11:30] SCORE jat (gray0): Final=2539.7, Time=64.2, Moves(42)=75.5, Pins(10)=1000.0, Dist=400.0, Win Bonus=1000.0
[2026-05-22 10:11:30] ALL WRONG MOVES BY COLOUR: {}
[2026-05-22 10:11:30] GAME TIME LIMIT REACHED.
[2026-05-22 10:11:31] SCORE The bandits (lawn green): Final=1349.5, Time=90.0, Moves(42)=75.5, Pins(8)=800.0, Dist=384.0, Win Bonus=0.0
[2026-05-22 10:11:31] SCORE jat (gray0): Final=2539.7, Time=64.2, Moves(42)=75.5, Pins(10)=1000.0, Dist=400.0, Win Bonus=1000.0
[2026-05-22 10:11:31] ALL WRONG MOVES BY COLOUR: {}
[2026-05-22 10:11:31] GAME TIME LIMIT REACHED.
[2026-05-22 10:11:31] SCORE The bandits (lawn green): Final=1349.5, Time=90.0, Moves(42)=75.5, Pins(8)=800.0, Dist=384.0, Win Bonus=0.0
[2026-05-22 10:11:31] SCORE jat (gray0): Final=2539.7, Time=64.2, Moves(42)=75.5, Pins(10)=1000.0, Dist=400.0, Win Bonus=1000.0
[2026-05-22 10:11:31] ALL WRONG MOVES BY COLOUR: {}
[2026-05-22 10:11:31] GAME TIME LIMIT REACHED.
[2026-05-22 10:11:31] SCORE The bandits (lawn green): Final=1349.5, Time=90.0, Moves(42)=75.5, Pins(8)=800.0, Dist=384.0, Win Bonus=0.0
[2026-05-22 10:11:31] SCORE jat (gray0): Final=2539.7, Time=64.2, Moves(42)=75.5, Pins(10)=1000.0, Dist=400.0, Win Bonus=1000.0
[2026-05-22 10:11:31] ALL WRONG MOVES BY COLOUR: {}
[2026-05-22 10:11:31] GAME TIME LIMIT REACHED.
[2026-05-22 10:11:31] SCORE The bandits (lawn green): Final=1349.5, Time=90.0, Moves(42)=75.5, Pins(8)=800.0, Dist=384.0, Win Bonus=0.0
[2026-05-22 10:11:31] SCORE jat (gray0): Final=2539.7, Time=64.2, Moves(42)=75.5, Pins(10)=1000.0, Dist=400.0, Win Bonus=1000.0
[2026-05-22 10:11:31] ALL WRONG MOVES BY COLOUR: {}
[2026-05-22 10:11:31] GAME TIME LIMIT REACHED.
[2026-05-22 10:11:32] SCORE The bandits (lawn green): Final=1349.5, Time=90.0, Moves(42)=75.5, Pins(8)=800.0, Dist=384.0, Win Bonus=0.0
[2026-05-22 10:11:32] SCORE jat (gray0): Final=2539.7, Time=64.2, Moves(42)=75.5, Pins(10)=1000.0, Dist=400.0, Win Bonus=1000.0
[2026-05-22 10:11:32] ALL WRONG MOVES BY COLOUR: {}
[2026-05-22 10:11:32] GAME TIME LIMIT REACHED.
[2026-05-22 10:11:32] SCORE The bandits (lawn green): Final=1349.5, Time=90.0, Moves(42)=75.5, Pins(8)=800.0, Dist=384.0, Win Bonus=0.0
[2026-05-22 10:11:32] SCORE jat (gray0): Final=2539.7, Time=64.2, Moves(42)=75.5, Pins(10)=1000.0, Dist=400.0, Win Bonus=1000.0
[2026-05-22 10:11:32] ALL WRONG MOVES BY COLOUR: {}
[2026-05-22 10:11:32] GAME TIME LIMIT REACHED.
[2026-05-22 10:11:32] SCORE The bandits (lawn green): Final=1349.5, Time=90.0, Moves(42)=75.5, Pins(8)=800.0, Dist=384.0, Win Bonus=0.0
[2026-05-22 10:11:32] SCORE jat (gray0): Final=2539.7, Time=64.2, Moves(42)=75.5, Pins(10)=1000.0, Dist=400.0, Win Bonus=1000.0
[2026-05-22 10:11:32] ALL WRONG MOVES BY COLOUR: {}
[2026-05-22 10:11:32] GAME TIME LIMIT REACHED.
[2026-05-22 10:11:32] SCORE The bandits (lawn green): Final=1349.5, Time=90.0, Moves(42)=75.5, Pins(8)=800.0, Dist=384.0, Win Bonus=0.0
[2026-05-22 10:11:32] SCORE jat (gray0): Final=2539.7, Time=64.2, Moves(42)=75.5, Pins(10)=1000.0, Dist=400.0, Win Bonus=1000.0
[2026-05-22 10:11:32] ALL WRONG MOVES BY COLOUR: {}
[2026-05-22 10:11:32] GAME TIME LIMIT REACHED.
[2026-05-22 10:11:33] SCORE The bandits (lawn green): Final=1349.5, Time=90.0, Moves(42)=75.5, Pins(8)=800.0, Dist=384.0, Win Bonus=0.0
[2026-05-22 10:11:33] SCORE jat (gray0): Final=2539.7, Time=64.2, Moves(42)=75.5, Pins(10)=1000.0, Dist=400.0, Win Bonus=1000.0
[2026-05-22 10:11:33] ALL WRONG MOVES BY COLOUR: {}
[2026-05-22 10:11:33] GAME TIME LIMIT REACHED.
[2026-05-22 10:11:33] SCORE The bandits (lawn green): Final=1349.5, Time=90.0, Moves(42)=75.5, Pins(8)=800.0, Dist=384.0, Win Bonus=0.0
[2026-05-22 10:11:33] SCORE jat (gray0): Final=2539.7, Time=64.2, Moves(42)=75.5, Pins(10)=1000.0, Dist=400.0, Win Bonus=1000.0
[2026-05-22 10:11:33] ALL WRONG MOVES BY COLOUR: {}
[2026-05-22 10:11:33] GAME TIME LIMIT REACHED.
[2026-05-22 10:11:33] SCORE The bandits (lawn green): Final=1349.5, Time=90.0, Moves(42)=75.5, Pins(8)=800.0, Dist=384.0, Win Bonus=0.0
[2026-05-22 10:11:33] SCORE jat (gray0): Final=2539.7, Time=64.2, Moves(42)=75.5, Pins(10)=1000.0, Dist=400.0, Win Bonus=1000.0
[2026-05-22 10:11:33] ALL WRONG MOVES BY COLOUR: {}
[2026-05-22 10:11:33] GAME TIME LIMIT REACHED.
[2026-05-22 10:11:33] SCORE The bandits (lawn green): Final=1349.5, Time=90.0, Moves(42)=75.5, Pins(8)=800.0, Dist=384.0, Win Bonus=0.0
[2026-05-22 10:11:33] SCORE jat (gray0): Final=2539.7, Time=64.2, Moves(42)=75.5, Pins(10)=1000.0, Dist=400.0, Win Bonus=1000.0
[2026-05-22 10:11:33] ALL WRONG MOVES BY COLOUR: {}
[2026-05-22 10:11:33] GAME TIME LIMIT REACHED.
[2026-05-22 10:11:34] SCORE The bandits (lawn green): Final=1349.5, Time=90.0, Moves(42)=75.5, Pins(8)=800.0, Dist=384.0, Win Bonus=0.0
[2026-05-22 10:11:34] SCORE jat (gray0): Final=2539.7, Time=64.2, Moves(42)=75.5, Pins(10)=1000.0, Dist=400.0, Win Bonus=1000.0
[2026-05-22 10:11:34] ALL WRONG MOVES BY COLOUR: {}
[2026-05-22 10:11:34] GAME TIME LIMIT REACHED.
[2026-05-22 10:11:34] SCORE The bandits (lawn green): Final=1349.5, Time=90.0, Moves(42)=75.5, Pins(8)=800.0, Dist=384.0, Win Bonus=0.0
[2026-05-22 10:11:34] SCORE jat (gray0): Final=2539.7, Time=64.2, Moves(42)=75.5, Pins(10)=1000.0, Dist=400.0, Win Bonus=1000.0
[2026-05-22 10:11:34] ALL WRONG MOVES BY COLOUR: {}
[2026-05-22 10:11:34] GAME TIME LIMIT REACHED.
[2026-05-22 10:11:34] SCORE The bandits (lawn green): Final=1349.5, Time=90.0, Moves(42)=75.5, Pins(8)=800.0, Dist=384.0, Win Bonus=0.0
[2026-05-22 10:11:34] SCORE jat (gray0): Final=2539.7, Time=64.2, Moves(42)=75.5, Pins(10)=1000.0, Dist=400.0, Win Bonus=1000.0
[2026-05-22 10:11:34] ALL WRONG MOVES BY COLOUR: {}
[2026-05-22 10:11:34] GAME TIME LIMIT REACHED.
[2026-05-22 10:11:34] SCORE The bandits (lawn green): Final=1349.5, Time=90.0, Moves(42)=75.5, Pins(8)=800.0, Dist=384.0, Win Bonus=0.0
[2026-05-22 10:11:34] SCORE jat (gray0): Final=2539.7, Time=64.2, Moves(42)=75.5, Pins(10)=1000.0, Dist=400.0, Win Bonus=1000.0
[2026-05-22 10:11:34] ALL WRONG MOVES BY COLOUR: {}
[2026-05-22 10:11:34] GAME TIME LIMIT REACHED.
[2026-05-22 10:11:35] SCORE The bandits (lawn green): Final=1349.5, Time=90.0, Moves(42)=75.5, Pins(8)=800.0, Dist=384.0, Win Bonus=0.0
[2026-05-22 10:11:35] SCORE jat (gray0): Final=2539.7, Time=64.2, Moves(42)=75.5, Pins(10)=1000.0, Dist=400.0, Win Bonus=1000.0
[2026-05-22 10:11:35] ALL WRONG MOVES BY COLOUR: {}
[2026-05-22 10:11:35] GAME TIME LIMIT REACHED.
[2026-05-22 10:11:35] SCORE The bandits (lawn green): Final=1349.5, Time=90.0, Moves(42)=75.5, Pins(8)=800.0, Dist=384.0, Win Bonus=0.0
[2026-05-22 10:11:35] SCORE jat (gray0): Final=2539.7, Time=64.2, Moves(42)=75.5, Pins(10)=1000.0, Dist=400.0, Win Bonus=1000.0
[2026-05-22 10:11:35] ALL WRONG MOVES BY COLOUR: {}
[2026-05-22 10:11:35] GAME TIME LIMIT REACHED.
[2026-05-22 10:11:35] SCORE The bandits (lawn green): Final=1349.5, Time=90.0, Moves(42)=75.5, Pins(8)=800.0, Dist=384.0, Win Bonus=0.0
[2026-05-22 10:11:35] SCORE jat (gray0): Final=2539.7, Time=64.2, Moves(42)=75.5, Pins(10)=1000.0, Dist=400.0, Win Bonus=1000.0
[2026-05-22 10:11:35] ALL WRONG MOVES BY COLOUR: {}
[2026-05-22 10:11:35] GAME TIME LIMIT REACHED.
[2026-05-22 10:11:35] SCORE The bandits (lawn green): Final=1349.5, Time=90.0, Moves(42)=75.5, Pins(8)=800.0, Dist=384.0, Win Bonus=0.0
[2026-05-22 10:11:35] SCORE jat (gray0): Final=2539.7, Time=64.2, Moves(42)=75.5, Pins(10)=1000.0, Dist=400.0, Win Bonus=1000.0
[2026-05-22 10:11:35] ALL WRONG MOVES BY COLOUR: {}
[2026-05-22 10:11:35] GAME TIME LIMIT REACHED.
[2026-05-22 10:11:36] SCORE The bandits (lawn green): Final=1349.5, Time=90.0, Moves(42)=75.5, Pins(8)=800.0, Dist=384.0, Win Bonus=0.0
[2026-05-22 10:11:36] SCORE jat (gray0): Final=2539.7, Time=64.2, Moves(42)=75.5, Pins(10)=1000.0, Dist=400.0, Win Bonus=1000.0
[2026-05-22 10:11:36] ALL WRONG MOVES BY COLOUR: {}
[2026-05-22 10:11:36] GAME TIME LIMIT REACHED.
[2026-05-22 10:11:36] SCORE The bandits (lawn green): Final=1349.5, Time=90.0, Moves(42)=75.5, Pins(8)=800.0, Dist=384.0, Win Bonus=0.0
[2026-05-22 10:11:36] SCORE jat (gray0): Final=2539.7, Time=64.2, Moves(42)=75.5, Pins(10)=1000.0, Dist=400.0, Win Bonus=1000.0
[2026-05-22 10:11:36] ALL WRONG MOVES BY COLOUR: {}
[2026-05-22 10:11:36] GAME TIME LIMIT REACHED.
[2026-05-22 10:11:36] SCORE The bandits (lawn green): Final=1349.5, Time=90.0, Moves(42)=75.5, Pins(8)=800.0, Dist=384.0, Win Bonus=0.0
[2026-05-22 10:11:36] SCORE jat (gray0): Final=2539.7, Time=64.2, Moves(42)=75.5, Pins(10)=1000.0, Dist=400.0, Win Bonus=1000.0
[2026-05-22 10:11:36] ALL WRONG MOVES BY COLOUR: {}
[2026-05-22 10:11:36] GAME TIME LIMIT REACHED.
[2026-05-22 10:11:36] SCORE The bandits (lawn green): Final=1349.5, Time=90.0, Moves(42)=75.5, Pins(8)=800.0, Dist=384.0, Win Bonus=0.0
[2026-05-22 10:11:36] SCORE jat (gray0): Final=2539.7, Time=64.2, Moves(42)=75.5, Pins(10)=1000.0, Dist=400.0, Win Bonus=1000.0
[2026-05-22 10:11:36] ALL WRONG MOVES BY COLOUR: {}
[2026-05-22 10:11:36] GAME TIME LIMIT REACHED.
[2026-05-22 10:11:37] SCORE The bandits (lawn green): Final=1349.5, Time=90.0, Moves(42)=75.5, Pins(8)=800.0, Dist=384.0, Win Bonus=0.0
[2026-05-22 10:11:37] SCORE jat (gray0): Final=2539.7, Time=64.2, Moves(42)=75.5, Pins(10)=1000.0, Dist=400.0, Win Bonus=1000.0
[2026-05-22 10:11:37] ALL WRONG MOVES BY COLOUR: {}
[2026-05-22 10:11:37] GAME TIME LIMIT REACHED.
[2026-05-22 10:11:37] SCORE The bandits (lawn green): Final=1349.5, Time=90.0, Moves(42)=75.5, Pins(8)=800.0, Dist=384.0, Win Bonus=0.0
[2026-05-22 10:11:37] SCORE jat (gray0): Final=2539.7, Time=64.2, Moves(42)=75.5, Pins(10)=1000.0, Dist=400.0, Win Bonus=1000.0
[2026-05-22 10:11:37] ALL WRONG MOVES BY COLOUR: {}
[2026-05-22 10:11:37] GAME TIME LIMIT REACHED.
[2026-05-22 10:11:37] SCORE The bandits (lawn green): Final=1349.5, Time=90.0, Moves(42)=75.5, Pins(8)=800.0, Dist=384.0, Win Bonus=0.0
[2026-05-22 10:11:37] SCORE jat (gray0): Final=2539.7, Time=64.2, Moves(42)=75.5, Pins(10)=1000.0, Dist=400.0, Win Bonus=1000.0
[2026-05-22 10:11:37] ALL WRONG MOVES BY COLOUR: {}
[2026-05-22 10:11:37] GAME TIME LIMIT REACHED.
[2026-05-22 10:11:37] SCORE The bandits (lawn green): Final=1349.5, Time=90.0, Moves(42)=75.5, Pins(8)=800.0, Dist=384.0, Win Bonus=0.0
[2026-05-22 10:11:37] SCORE jat (gray0): Final=2539.7, Time=64.2, Moves(42)=75.5, Pins(10)=1000.0, Dist=400.0, Win Bonus=1000.0
[2026-05-22 10:11:37] ALL WRONG MOVES BY COLOUR: {}
[2026-05-22 10:11:37] GAME TIME LIMIT REACHED.
[2026-05-22 10:11:38] SCORE The bandits (lawn green): Final=1349.5, Time=90.0, Moves(42)=75.5, Pins(8)=800.0, Dist=384.0, Win Bonus=0.0
[2026-05-22 10:11:38] SCORE jat (gray0): Final=2539.7, Time=64.2, Moves(42)=75.5, Pins(10)=1000.0, Dist=400.0, Win Bonus=1000.0
[2026-05-22 10:11:38] ALL WRONG MOVES BY COLOUR: {}
[2026-05-22 10:11:38] GAME TIME LIMIT REACHED.
[2026-05-22 10:11:38] SCORE The bandits (lawn green): Final=1349.5, Time=90.0, Moves(42)=75.5, Pins(8)=800.0, Dist=384.0, Win Bonus=0.0
[2026-05-22 10:11:38] SCORE jat (gray0): Final=2539.7, Time=64.2, Moves(42)=75.5, Pins(10)=1000.0, Dist=400.0, Win Bonus=1000.0
[2026-05-22 10:11:38] ALL WRONG MOVES BY COLOUR: {}
[2026-05-22 10:11:38] GAME TIME LIMIT REACHED.
[2026-05-22 10:11:38] SCORE The bandits (lawn green): Final=1349.5, Time=90.0, Moves(42)=75.5, Pins(8)=800.0, Dist=384.0, Win Bonus=0.0
[2026-05-22 10:11:38] SCORE jat (gray0): Final=2539.7, Time=64.2, Moves(42)=75.5, Pins(10)=1000.0, Dist=400.0, Win Bonus=1000.0
[2026-05-22 10:11:38] ALL WRONG MOVES BY COLOUR: {}
[2026-05-22 10:11:38] GAME TIME LIMIT REACHED.
[2026-05-22 10:11:38] SCORE The bandits (lawn green): Final=1349.5, Time=90.0, Moves(42)=75.5, Pins(8)=800.0, Dist=384.0, Win Bonus=0.0
[2026-05-22 10:11:38] SCORE jat (gray0): Final=2539.7, Time=64.2, Moves(42)=75.5, Pins(10)=1000.0, Dist=400.0, Win Bonus=1000.0
[2026-05-22 10:11:38] ALL WRONG MOVES BY COLOUR: {}
[2026-05-22 10:11:38] GAME TIME LIMIT REACHED.
[2026-05-22 10:11:39] SCORE The bandits (lawn green): Final=1349.5, Time=90.0, Moves(42)=75.5, Pins(8)=800.0, Dist=384.0, Win Bonus=0.0
[2026-05-22 10:11:39] SCORE jat (gray0): Final=2539.7, Time=64.2, Moves(42)=75.5, Pins(10)=1000.0, Dist=400.0, Win Bonus=1000.0
[2026-05-22 10:11:39] ALL WRONG MOVES BY COLOUR: {}
[2026-05-22 10:11:39] GAME TIME LIMIT REACHED.
[2026-05-22 10:11:39] SCORE The bandits (lawn green): Final=1349.5, Time=90.0, Moves(42)=75.5, Pins(8)=800.0, Dist=384.0, Win Bonus=0.0
[2026-05-22 10:11:39] SCORE jat (gray0): Final=2539.7, Time=64.2, Moves(42)=75.5, Pins(10)=1000.0, Dist=400.0, Win Bonus=1000.0
[2026-05-22 10:11:39] ALL WRONG MOVES BY COLOUR: {}
[2026-05-22 10:11:39] GAME TIME LIMIT REACHED.
[2026-05-22 10:11:39] SCORE The bandits (lawn green): Final=1349.5, Time=90.0, Moves(42)=75.5, Pins(8)=800.0, Dist=384.0, Win Bonus=0.0
[2026-05-22 10:11:39] SCORE jat (gray0): Final=2539.7, Time=64.2, Moves(42)=75.5, Pins(10)=1000.0, Dist=400.0, Win Bonus=1000.0
[2026-05-22 10:11:39] ALL WRONG MOVES BY COLOUR: {}
[2026-05-22 10:11:39] GAME TIME LIMIT REACHED.
[2026-05-22 10:11:39] SCORE The bandits (lawn green): Final=1349.5, Time=90.0, Moves(42)=75.5, Pins(8)=800.0, Dist=384.0, Win Bonus=0.0
[2026-05-22 10:11:39] SCORE jat (gray0): Final=2539.7, Time=64.2, Moves(42)=75.5, Pins(10)=1000.0, Dist=400.0, Win Bonus=1000.0
[2026-05-22 10:11:39] ALL WRONG MOVES BY COLOUR: {}
[2026-05-22 10:11:39] GAME TIME LIMIT REACHED.
[2026-05-22 10:11:40] SCORE The bandits (lawn green): Final=1349.5, Time=90.0, Moves(42)=75.5, Pins(8)=800.0, Dist=384.0, Win Bonus=0.0
[2026-05-22 10:11:40] SCORE jat (gray0): Final=2539.7, Time=64.2, Moves(42)=75.5, Pins(10)=1000.0, Dist=400.0, Win Bonus=1000.0
[2026-05-22 10:11:40] ALL WRONG MOVES BY COLOUR: {}
[2026-05-22 10:11:40] GAME TIME LIMIT REACHED.
[2026-05-22 10:11:40] SCORE The bandits (lawn green): Final=1349.5, Time=90.0, Moves(42)=75.5, Pins(8)=800.0, Dist=384.0, Win Bonus=0.0
[2026-05-22 10:11:40] SCORE jat (gray0): Final=2539.7, Time=64.2, Moves(42)=75.5, Pins(10)=1000.0, Dist=400.0, Win Bonus=1000.0
[2026-05-22 10:11:40] ALL WRONG MOVES BY COLOUR: {}
[2026-05-22 10:11:40] GAME TIME LIMIT REACHED.
[2026-05-22 10:11:40] SCORE The bandits (lawn green): Final=1349.5, Time=90.0, Moves(42)=75.5, Pins(8)=800.0, Dist=384.0, Win Bonus=0.0
[2026-05-22 10:11:40] SCORE jat (gray0): Final=2539.7, Time=64.2, Moves(42)=75.5, Pins(10)=1000.0, Dist=400.0, Win Bonus=1000.0
[2026-05-22 10:11:40] ALL WRONG MOVES BY COLOUR: {}
[2026-05-22 10:11:40] GAME TIME LIMIT REACHED.
[2026-05-22 10:11:40] SCORE The bandits (lawn green): Final=1349.5, Time=90.0, Moves(42)=75.5, Pins(8)=800.0, Dist=384.0, Win Bonus=0.0
[2026-05-22 10:11:40] SCORE jat (gray0): Final=2539.7, Time=64.2, Moves(42)=75.5, Pins(10)=1000.0, Dist=400.0, Win Bonus=1000.0
[2026-05-22 10:11:40] ALL WRONG MOVES BY COLOUR: {}
[2026-05-22 10:11:40] GAME TIME LIMIT REACHED.
[2026-05-22 10:11:41] SCORE The bandits (lawn green): Final=1349.5, Time=90.0, Moves(42)=75.5, Pins(8)=800.0, Dist=384.0, Win Bonus=0.0
[2026-05-22 10:11:41] SCORE jat (gray0): Final=2539.7, Time=64.2, Moves(42)=75.5, Pins(10)=1000.0, Dist=400.0, Win Bonus=1000.0
[2026-05-22 10:11:41] ALL WRONG MOVES BY COLOUR: {}
[2026-05-22 10:11:41] GAME TIME LIMIT REACHED.
[2026-05-22 10:11:41] SCORE The bandits (lawn green): Final=1349.5, Time=90.0, Moves(42)=75.5, Pins(8)=800.0, Dist=384.0, Win Bonus=0.0
[2026-05-22 10:11:41] SCORE jat (gray0): Final=2539.7, Time=64.2, Moves(42)=75.5, Pins(10)=1000.0, Dist=400.0, Win Bonus=1000.0
[2026-05-22 10:11:41] ALL WRONG MOVES BY COLOUR: {}
[2026-05-22 10:11:41] GAME TIME LIMIT REACHED.
[2026-05-22 10:11:41] SCORE The bandits (lawn green): Final=1349.5, Time=90.0, Moves(42)=75.5, Pins(8)=800.0, Dist=384.0, Win Bonus=0.0
[2026-05-22 10:11:41] SCORE jat (gray0): Final=2539.7, Time=64.2, Moves(42)=75.5, Pins(10)=1000.0, Dist=400.0, Win Bonus=1000.0
[2026-05-22 10:11:41] ALL WRONG MOVES BY COLOUR: {}
[2026-05-22 10:11:41] GAME TIME LIMIT REACHED.
[2026-05-22 10:11:41] SCORE The bandits (lawn green): Final=1349.5, Time=90.0, Moves(42)=75.5, Pins(8)=800.0, Dist=384.0, Win Bonus=0.0
[2026-05-22 10:11:41] SCORE jat (gray0): Final=2539.7, Time=64.2, Moves(42)=75.5, Pins(10)=1000.0, Dist=400.0, Win Bonus=1000.0
[2026-05-22 10:11:41] ALL WRONG MOVES BY COLOUR: {}
[2026-05-22 10:11:41] GAME TIME LIMIT REACHED.
[2026-05-22 10:11:42] SCORE The bandits (lawn green): Final=1349.5, Time=90.0, Moves(42)=75.5, Pins(8)=800.0, Dist=384.0, Win Bonus=0.0
[2026-05-22 10:11:42] SCORE jat (gray0): Final=2539.7, Time=64.2, Moves(42)=75.5, Pins(10)=1000.0, Dist=400.0, Win Bonus=1000.0
[2026-05-22 10:11:42] ALL WRONG MOVES BY COLOUR: {}
[2026-05-22 10:11:42] GAME TIME LIMIT REACHED.
[2026-05-22 10:11:42] SCORE The bandits (lawn green): Final=1349.5, Time=90.0, Moves(42)=75.5, Pins(8)=800.0, Dist=384.0, Win Bonus=0.0
[2026-05-22 10:11:42] SCORE jat (gray0): Final=2539.7, Time=64.2, Moves(42)=75.5, Pins(10)=1000.0, Dist=400.0, Win Bonus=1000.0
[2026-05-22 10:11:42] ALL WRONG MOVES BY COLOUR: {}
[2026-05-22 10:11:42] GAME TIME LIMIT REACHED.
[2026-05-22 10:11:42] SCORE The bandits (lawn green): Final=1349.5, Time=90.0, Moves(42)=75.5, Pins(8)=800.0, Dist=384.0, Win Bonus=0.0
[2026-05-22 10:11:42] SCORE jat (gray0): Final=2539.7, Time=64.2, Moves(42)=75.5, Pins(10)=1000.0, Dist=400.0, Win Bonus=1000.0
[2026-05-22 10:11:42] ALL WRONG MOVES BY COLOUR: {}
[2026-05-22 10:11:42] GAME TIME LIMIT REACHED.
[2026-05-22 10:11:42] SCORE The bandits (lawn green): Final=1349.5, Time=90.0, Moves(42)=75.5, Pins(8)=800.0, Dist=384.0, Win Bonus=0.0
[2026-05-22 10:11:42] SCORE jat (gray0): Final=2539.7, Time=64.2, Moves(42)=75.5, Pins(10)=1000.0, Dist=400.0, Win Bonus=1000.0
[2026-05-22 10:11:42] ALL WRONG MOVES BY COLOUR: {}
[2026-05-22 10:11:42] GAME TIME LIMIT REACHED.
[2026-05-22 10:11:43] SCORE The bandits (lawn green): Final=1349.5, Time=90.0, Moves(42)=75.5, Pins(8)=800.0, Dist=384.0, Win Bonus=0.0
[2026-05-22 10:11:43] SCORE jat (gray0): Final=2539.7, Time=64.2, Moves(42)=75.5, Pins(10)=1000.0, Dist=400.0, Win Bonus=1000.0
[2026-05-22 10:11:43] ALL WRONG MOVES BY COLOUR: {}
[2026-05-22 10:11:43] GAME TIME LIMIT REACHED.
[2026-05-22 10:11:43] SCORE The bandits (lawn green): Final=1349.5, Time=90.0, Moves(42)=75.5, Pins(8)=800.0, Dist=384.0, Win Bonus=0.0
[2026-05-22 10:11:43] SCORE jat (gray0): Final=2539.7, Time=64.2, Moves(42)=75.5, Pins(10)=1000.0, Dist=400.0, Win Bonus=1000.0
[2026-05-22 10:11:43] ALL WRONG MOVES BY COLOUR: {}
[2026-05-22 10:11:43] GAME TIME LIMIT REACHED.
[2026-05-22 10:11:43] SCORE The bandits (lawn green): Final=1349.5, Time=90.0, Moves(42)=75.5, Pins(8)=800.0, Dist=384.0, Win Bonus=0.0
[2026-05-22 10:11:43] SCORE jat (gray0): Final=2539.7, Time=64.2, Moves(42)=75.5, Pins(10)=1000.0, Dist=400.0, Win Bonus=1000.0
[2026-05-22 10:11:43] ALL WRONG MOVES BY COLOUR: {}
[2026-05-22 10:11:43] GAME TIME LIMIT REACHED.
[2026-05-22 10:11:43] SCORE The bandits (lawn green): Final=1349.5, Time=90.0, Moves(42)=75.5, Pins(8)=800.0, Dist=384.0, Win Bonus=0.0
[2026-05-22 10:11:43] SCORE jat (gray0): Final=2539.7, Time=64.2, Moves(42)=75.5, Pins(10)=1000.0, Dist=400.0, Win Bonus=1000.0
[2026-05-22 10:11:43] ALL WRONG MOVES BY COLOUR: {}
[2026-05-22 10:11:43] GAME TIME LIMIT REACHED.
[2026-05-22 10:11:44] SCORE The bandits (lawn green): Final=1349.5, Time=90.0, Moves(42)=75.5, Pins(8)=800.0, Dist=384.0, Win Bonus=0.0
[2026-05-22 10:11:44] SCORE jat (gray0): Final=2539.7, Time=64.2, Moves(42)=75.5, Pins(10)=1000.0, Dist=400.0, Win Bonus=1000.0
[2026-05-22 10:11:44] ALL WRONG MOVES BY COLOUR: {}
[2026-05-22 10:11:44] GAME TIME LIMIT REACHED.
[2026-05-22 10:11:44] SCORE The bandits (lawn green): Final=1349.5, Time=90.0, Moves(42)=75.5, Pins(8)=800.0, Dist=384.0, Win Bonus=0.0
[2026-05-22 10:11:44] SCORE jat (gray0): Final=2539.7, Time=64.2, Moves(42)=75.5, Pins(10)=1000.0, Dist=400.0, Win Bonus=1000.0
[2026-05-22 10:11:44] ALL WRONG MOVES BY COLOUR: {}
[2026-05-22 10:11:44] GAME TIME LIMIT REACHED.
[2026-05-22 10:11:44] SCORE The bandits (lawn green): Final=1349.5, Time=90.0, Moves(42)=75.5, Pins(8)=800.0, Dist=384.0, Win Bonus=0.0
[2026-05-22 10:11:44] SCORE jat (gray0): Final=2539.7, Time=64.2, Moves(42)=75.5, Pins(10)=1000.0, Dist=400.0, Win Bonus=1000.0
[2026-05-22 10:11:44] ALL WRONG MOVES BY COLOUR: {}
[2026-05-22 10:11:44] GAME TIME LIMIT REACHED.
[2026-05-22 10:11:44] SCORE The bandits (lawn green): Final=1349.5, Time=90.0, Moves(42)=75.5, Pins(8)=800.0, Dist=384.0, Win Bonus=0.0
[2026-05-22 10:11:44] SCORE jat (gray0): Final=2539.7, Time=64.2, Moves(42)=75.5, Pins(10)=1000.0, Dist=400.0, Win Bonus=1000.0
[2026-05-22 10:11:44] ALL WRONG MOVES BY COLOUR: {}
[2026-05-22 10:11:44] GAME TIME LIMIT REACHED.
[2026-05-22 10:11:45] SCORE The bandits (lawn green): Final=1349.5, Time=90.0, Moves(42)=75.5, Pins(8)=800.0, Dist=384.0, Win Bonus=0.0
[2026-05-22 10:11:45] SCORE jat (gray0): Final=2539.7, Time=64.2, Moves(42)=75.5, Pins(10)=1000.0, Dist=400.0, Win Bonus=1000.0
[2026-05-22 10:11:45] ALL WRONG MOVES BY COLOUR: {}
[2026-05-22 10:11:45] GAME TIME LIMIT REACHED.
[2026-05-22 10:11:45] SCORE The bandits (lawn green): Final=1349.5, Time=90.0, Moves(42)=75.5, Pins(8)=800.0, Dist=384.0, Win Bonus=0.0
[2026-05-22 10:11:45] SCORE jat (gray0): Final=2539.7, Time=64.2, Moves(42)=75.5, Pins(10)=1000.0, Dist=400.0, Win Bonus=1000.0
[2026-05-22 10:11:45] ALL WRONG MOVES BY COLOUR: {}
[2026-05-22 10:11:45] GAME TIME LIMIT REACHED.
[2026-05-22 10:11:45] SCORE The bandits (lawn green): Final=1349.5, Time=90.0, Moves(42)=75.5, Pins(8)=800.0, Dist=384.0, Win Bonus=0.0
[2026-05-22 10:11:45] SCORE jat (gray0): Final=2539.7, Time=64.2, Moves(42)=75.5, Pins(10)=1000.0, Dist=400.0, Win Bonus=1000.0
[2026-05-22 10:11:45] ALL WRONG MOVES BY COLOUR: {}
[2026-05-22 10:11:45] GAME TIME LIMIT REACHED.
[2026-05-22 10:11:45] SCORE The bandits (lawn green): Final=1349.5, Time=90.0, Moves(42)=75.5, Pins(8)=800.0, Dist=384.0, Win Bonus=0.0
[2026-05-22 10:11:45] SCORE jat (gray0): Final=2539.7, Time=64.2, Moves(42)=75.5, Pins(10)=1000.0, Dist=400.0, Win Bonus=1000.0
[2026-05-22 10:11:45] ALL WRONG MOVES BY COLOUR: {}
[2026-05-22 10:11:45] GAME TIME LIMIT REACHED.
[2026-05-22 10:11:46] SCORE The bandits (lawn green): Final=1349.5, Time=90.0, Moves(42)=75.5, Pins(8)=800.0, Dist=384.0, Win Bonus=0.0
[2026-05-22 10:11:46] SCORE jat (gray0): Final=2539.7, Time=64.2, Moves(42)=75.5, Pins(10)=1000.0, Dist=400.0, Win Bonus=1000.0
[2026-05-22 10:11:46] ALL WRONG MOVES BY COLOUR: {}
[2026-05-22 10:11:46] GAME TIME LIMIT REACHED.
[2026-05-22 10:11:46] SCORE The bandits (lawn green): Final=1349.5, Time=90.0, Moves(42)=75.5, Pins(8)=800.0, Dist=384.0, Win Bonus=0.0
[2026-05-22 10:11:46] SCORE jat (gray0): Final=2539.7, Time=64.2, Moves(42)=75.5, Pins(10)=1000.0, Dist=400.0, Win Bonus=1000.0
[2026-05-22 10:11:46] ALL WRONG MOVES BY COLOUR: {}
[2026-05-22 10:11:46] GAME TIME LIMIT REACHED.
[2026-05-22 10:11:46] SCORE The bandits (lawn green): Final=1349.5, Time=90.0, Moves(42)=75.5, Pins(8)=800.0, Dist=384.0, Win Bonus=0.0
[2026-05-22 10:11:46] SCORE jat (gray0): Final=2539.7, Time=64.2, Moves(42)=75.5, Pins(10)=1000.0, Dist=400.0, Win Bonus=1000.0
[2026-05-22 10:11:46] ALL WRONG MOVES BY COLOUR: {}
[2026-05-22 10:11:46] GAME TIME LIMIT REACHED.
[2026-05-22 10:11:46] SCORE The bandits (lawn green): Final=1349.5, Time=90.0, Moves(42)=75.5, Pins(8)=800.0, Dist=384.0, Win Bonus=0.0
[2026-05-22 10:11:46] SCORE jat (gray0): Final=2539.7, Time=64.2, Moves(42)=75.5, Pins(10)=1000.0, Dist=400.0, Win Bonus=1000.0
[2026-05-22 10:11:46] ALL WRONG MOVES BY COLOUR: {}
[2026-05-22 10:11:46] GAME TIME LIMIT REACHED.
[2026-05-22 10:11:47] SCORE The bandits (lawn green): Final=1349.5, Time=90.0, Moves(42)=75.5, Pins(8)=800.0, Dist=384.0, Win Bonus=0.0
[2026-05-22 10:11:47] SCORE jat (gray0): Final=2539.7, Time=64.2, Moves(42)=75.5, Pins(10)=1000.0, Dist=400.0, Win Bonus=1000.0
[2026-05-22 10:11:47] ALL WRONG MOVES BY COLOUR: {}
[2026-05-22 10:11:47] GAME TIME LIMIT REACHED.
[2026-05-22 10:11:47] SCORE The bandits (lawn green): Final=1349.5, Time=90.0, Moves(42)=75.5, Pins(8)=800.0, Dist=384.0, Win Bonus=0.0
[2026-05-22 10:11:47] SCORE jat (gray0): Final=2539.7, Time=64.2, Moves(42)=75.5, Pins(10)=1000.0, Dist=400.0, Win Bonus=1000.0
[2026-05-22 10:11:47] ALL WRONG MOVES BY COLOUR: {}
[2026-05-22 10:11:47] GAME TIME LIMIT REACHED.
[2026-05-22 10:11:47] SCORE The bandits (lawn green): Final=1349.5, Time=90.0, Moves(42)=75.5, Pins(8)=800.0, Dist=384.0, Win Bonus=0.0
[2026-05-22 10:11:47] SCORE jat (gray0): Final=2539.7, Time=64.2, Moves(42)=75.5, Pins(10)=1000.0, Dist=400.0, Win Bonus=1000.0
[2026-05-22 10:11:47] ALL WRONG MOVES BY COLOUR: {}
[2026-05-22 10:11:47] GAME TIME LIMIT REACHED.
[2026-05-22 10:11:47] SCORE The bandits (lawn green): Final=1349.5, Time=90.0, Moves(42)=75.5, Pins(8)=800.0, Dist=384.0, Win Bonus=0.0
[2026-05-22 10:11:47] SCORE jat (gray0): Final=2539.7, Time=64.2, Moves(42)=75.5, Pins(10)=1000.0, Dist=400.0, Win Bonus=1000.0
[2026-05-22 10:11:47] ALL WRONG MOVES BY COLOUR: {}
[2026-05-22 10:11:47] GAME TIME LIMIT REACHED.
[2026-05-22 10:11:47] SCORE The bandits (lawn green): Final=1349.5, Time=90.0, Moves(42)=75.5, Pins(8)=800.0, Dist=384.0, Win Bonus=0.0
[2026-05-22 10:11:47] SCORE jat (gray0): Final=2539.7, Time=64.2, Moves(42)=75.5, Pins(10)=1000.0, Dist=400.0, Win Bonus=1000.0
[2026-05-22 10:11:47] ALL WRONG MOVES BY COLOUR: {}
[2026-05-22 10:11:47] GAME TIME LIMIT REACHED.
[2026-05-22 10:11:48] SCORE The bandits (lawn green): Final=1349.5, Time=90.0, Moves(42)=75.5, Pins(8)=800.0, Dist=384.0, Win Bonus=0.0
[2026-05-22 10:11:48] SCORE jat (gray0): Final=2539.7, Time=64.2, Moves(42)=75.5, Pins(10)=1000.0, Dist=400.0, Win Bonus=1000.0
[2026-05-22 10:11:48] ALL WRONG MOVES BY COLOUR: {}
[2026-05-22 10:11:48] GAME TIME LIMIT REACHED.
[2026-05-22 10:11:48] SCORE The bandits (lawn green): Final=1349.5, Time=90.0, Moves(42)=75.5, Pins(8)=800.0, Dist=384.0, Win Bonus=0.0
[2026-05-22 10:11:48] SCORE jat (gray0): Final=2539.7, Time=64.2, Moves(42)=75.5, Pins(10)=1000.0, Dist=400.0, Win Bonus=1000.0
[2026-05-22 10:11:48] ALL WRONG MOVES BY COLOUR: {}
[2026-05-22 10:11:48] GAME TIME LIMIT REACHED.
[2026-05-22 10:11:48] SCORE The bandits (lawn green): Final=1349.5, Time=90.0, Moves(42)=75.5, Pins(8)=800.0, Dist=384.0, Win Bonus=0.0
[2026-05-22 10:11:48] SCORE jat (gray0): Final=2539.7, Time=64.2, Moves(42)=75.5, Pins(10)=1000.0, Dist=400.0, Win Bonus=1000.0
[2026-05-22 10:11:48] ALL WRONG MOVES BY COLOUR: {}
[2026-05-22 10:11:48] GAME TIME LIMIT REACHED.
[2026-05-22 10:11:48] SCORE The bandits (lawn green): Final=1349.5, Time=90.0, Moves(42)=75.5, Pins(8)=800.0, Dist=384.0, Win Bonus=0.0
[2026-05-22 10:11:48] SCORE jat (gray0): Final=2539.7, Time=64.2, Moves(42)=75.5, Pins(10)=1000.0, Dist=400.0, Win Bonus=1000.0
[2026-05-22 10:11:48] ALL WRONG MOVES BY COLOUR: {}
[2026-05-22 10:11:49] GAME TIME LIMIT REACHED.
[2026-05-22 10:11:49] SCORE The bandits (lawn green): Final=1349.5, Time=90.0, Moves(42)=75.5, Pins(8)=800.0, Dist=384.0, Win Bonus=0.0
[2026-05-22 10:11:49] SCORE jat (gray0): Final=2539.7, Time=64.2, Moves(42)=75.5, Pins(10)=1000.0, Dist=400.0, Win Bonus=1000.0
[2026-05-22 10:11:49] ALL WRONG MOVES BY COLOUR: {}
[2026-05-22 10:11:49] GAME TIME LIMIT REACHED.
[2026-05-22 10:11:49] SCORE The bandits (lawn green): Final=1349.5, Time=90.0, Moves(42)=75.5, Pins(8)=800.0, Dist=384.0, Win Bonus=0.0
[2026-05-22 10:11:49] SCORE jat (gray0): Final=2539.7, Time=64.2, Moves(42)=75.5, Pins(10)=1000.0, Dist=400.0, Win Bonus=1000.0
[2026-05-22 10:11:49] ALL WRONG MOVES BY COLOUR: {}
[2026-05-22 10:11:49] GAME TIME LIMIT REACHED.
[2026-05-22 10:11:49] SCORE The bandits (lawn green): Final=1349.5, Time=90.0, Moves(42)=75.5, Pins(8)=800.0, Dist=384.0, Win Bonus=0.0
[2026-05-22 10:11:49] SCORE jat (gray0): Final=2539.7, Time=64.2, Moves(42)=75.5, Pins(10)=1000.0, Dist=400.0, Win Bonus=1000.0
[2026-05-22 10:11:49] ALL WRONG MOVES BY COLOUR: {}
[2026-05-22 10:11:49] GAME TIME LIMIT REACHED.
[2026-05-22 10:11:50] SCORE The bandits (lawn green): Final=1349.5, Time=90.0, Moves(42)=75.5, Pins(8)=800.0, Dist=384.0, Win Bonus=0.0
[2026-05-22 10:11:50] SCORE jat (gray0): Final=2539.7, Time=64.2, Moves(42)=75.5, Pins(10)=1000.0, Dist=400.0, Win Bonus=1000.0
[2026-05-22 10:11:50] ALL WRONG MOVES BY COLOUR: {}
[2026-05-22 10:11:50] GAME TIME LIMIT REACHED.
[2026-05-22 10:11:50] SCORE The bandits (lawn green): Final=1349.5, Time=90.0, Moves(42)=75.5, Pins(8)=800.0, Dist=384.0, Win Bonus=0.0
[2026-05-22 10:11:50] SCORE jat (gray0): Final=2539.7, Time=64.2, Moves(42)=75.5, Pins(10)=1000.0, Dist=400.0, Win Bonus=1000.0
[2026-05-22 10:11:50] ALL WRONG MOVES BY COLOUR: {}
[2026-05-22 10:11:50] GAME TIME LIMIT REACHED.
[2026-05-22 10:11:50] SCORE The bandits (lawn green): Final=1349.5, Time=90.0, Moves(42)=75.5, Pins(8)=800.0, Dist=384.0, Win Bonus=0.0
[2026-05-22 10:11:50] SCORE jat (gray0): Final=2539.7, Time=64.2, Moves(42)=75.5, Pins(10)=1000.0, Dist=400.0, Win Bonus=1000.0
[2026-05-22 10:11:50] ALL WRONG MOVES BY COLOUR: {}
[2026-05-22 10:11:50] GAME TIME LIMIT REACHED.
[2026-05-22 10:11:51] SCORE The bandits (lawn green): Final=1349.5, Time=90.0, Moves(42)=75.5, Pins(8)=800.0, Dist=384.0, Win Bonus=0.0
[2026-05-22 10:11:51] SCORE jat (gray0): Final=2539.7, Time=64.2, Moves(42)=75.5, Pins(10)=1000.0, Dist=400.0, Win Bonus=1000.0
[2026-05-22 10:11:51] ALL WRONG MOVES BY COLOUR: {}
[2026-05-22 10:11:51] GAME TIME LIMIT REACHED.
[2026-05-22 10:11:51] SCORE The bandits (lawn green): Final=1349.5, Time=90.0, Moves(42)=75.5, Pins(8)=800.0, Dist=384.0, Win Bonus=0.0
[2026-05-22 10:11:51] SCORE jat (gray0): Final=2539.7, Time=64.2, Moves(42)=75.5, Pins(10)=1000.0, Dist=400.0, Win Bonus=1000.0
[2026-05-22 10:11:51] ALL WRONG MOVES BY COLOUR: {}
[2026-05-22 10:11:51] GAME TIME LIMIT REACHED.
[2026-05-22 10:11:51] SCORE The bandits (lawn green): Final=1349.5, Time=90.0, Moves(42)=75.5, Pins(8)=800.0, Dist=384.0, Win Bonus=0.0
[2026-05-22 10:11:51] SCORE jat (gray0): Final=2539.7, Time=64.2, Moves(42)=75.5, Pins(10)=1000.0, Dist=400.0, Win Bonus=1000.0
[2026-05-22 10:11:51] ALL WRONG MOVES BY COLOUR: {}
[2026-05-22 10:11:51] GAME TIME LIMIT REACHED.
[2026-05-22 10:11:51] SCORE The bandits (lawn green): Final=1349.5, Time=90.0, Moves(42)=75.5, Pins(8)=800.0, Dist=384.0, Win Bonus=0.0
[2026-05-22 10:11:51] SCORE jat (gray0): Final=2539.7, Time=64.2, Moves(42)=75.5, Pins(10)=1000.0, Dist=400.0, Win Bonus=1000.0
[2026-05-22 10:11:51] ALL WRONG MOVES BY COLOUR: {}
[2026-05-22 10:11:51] GAME TIME LIMIT REACHED.
[2026-05-22 10:11:52] SCORE The bandits (lawn green): Final=1349.5, Time=90.0, Moves(42)=75.5, Pins(8)=800.0, Dist=384.0, Win Bonus=0.0
[2026-05-22 10:11:52] SCORE jat (gray0): Final=2539.7, Time=64.2, Moves(42)=75.5, Pins(10)=1000.0, Dist=400.0, Win Bonus=1000.0
[2026-05-22 10:11:52] ALL WRONG MOVES BY COLOUR: {}
[2026-05-22 10:11:52] GAME TIME LIMIT REACHED.
[2026-05-22 10:11:52] SCORE The bandits (lawn green): Final=1349.5, Time=90.0, Moves(42)=75.5, Pins(8)=800.0, Dist=384.0, Win Bonus=0.0
[2026-05-22 10:11:52] SCORE jat (gray0): Final=2539.7, Time=64.2, Moves(42)=75.5, Pins(10)=1000.0, Dist=400.0, Win Bonus=1000.0
[2026-05-22 10:11:52] ALL WRONG MOVES BY COLOUR: {}
[2026-05-22 10:11:52] GAME TIME LIMIT REACHED.
[2026-05-22 10:11:52] SCORE The bandits (lawn green): Final=1349.5, Time=90.0, Moves(42)=75.5, Pins(8)=800.0, Dist=384.0, Win Bonus=0.0
[2026-05-22 10:11:52] SCORE jat (gray0): Final=2539.7, Time=64.2, Moves(42)=75.5, Pins(10)=1000.0, Dist=400.0, Win Bonus=1000.0
[2026-05-22 10:11:52] ALL WRONG MOVES BY COLOUR: {}
[2026-05-22 10:11:52] GAME TIME LIMIT REACHED.
[2026-05-22 10:11:54] SCORE The bandits (lawn green): Final=1349.5, Time=90.0, Moves(42)=75.5, Pins(8)=800.0, Dist=384.0, Win Bonus=0.0
[2026-05-22 10:11:54] SCORE jat (gray0): Final=2539.7, Time=64.2, Moves(42)=75.5, Pins(10)=1000.0, Dist=400.0, Win Bonus=1000.0
[2026-05-22 10:11:54] ALL WRONG MOVES BY COLOUR: {}
[2026-05-22 10:11:54] GAME TIME LIMIT REACHED.
[2026-05-22 10:11:54] SCORE The bandits (lawn green): Final=1349.5, Time=90.0, Moves(42)=75.5, Pins(8)=800.0, Dist=384.0, Win Bonus=0.0
[2026-05-22 10:11:54] SCORE jat (gray0): Final=2539.7, Time=64.2, Moves(42)=75.5, Pins(10)=1000.0, Dist=400.0, Win Bonus=1000.0
[2026-05-22 10:11:54] ALL WRONG MOVES BY COLOUR: {}
[2026-05-22 10:11:54] GAME TIME LIMIT REACHED.
[2026-05-22 10:11:54] SCORE The bandits (lawn green): Final=1349.5, Time=90.0, Moves(42)=75.5, Pins(8)=800.0, Dist=384.0, Win Bonus=0.0
[2026-05-22 10:11:54] SCORE jat (gray0): Final=2539.7, Time=64.2, Moves(42)=75.5, Pins(10)=1000.0, Dist=400.0, Win Bonus=1000.0
[2026-05-22 10:11:54] ALL WRONG MOVES BY COLOUR: {}
[2026-05-22 10:11:54] GAME TIME LIMIT REACHED.
[2026-05-22 10:11:55] SCORE The bandits (lawn green): Final=1349.5, Time=90.0, Moves(42)=75.5, Pins(8)=800.0, Dist=384.0, Win Bonus=0.0
[2026-05-22 10:11:55] SCORE jat (gray0): Final=2539.7, Time=64.2, Moves(42)=75.5, Pins(10)=1000.0, Dist=400.0, Win Bonus=1000.0
[2026-05-22 10:11:55] ALL WRONG MOVES BY COLOUR: {}
[2026-05-22 10:11:55] GAME TIME LIMIT REACHED.
[2026-05-22 10:11:55] SCORE The bandits (lawn green): Final=1349.5, Time=90.0, Moves(42)=75.5, Pins(8)=800.0, Dist=384.0, Win Bonus=0.0
[2026-05-22 10:11:55] SCORE jat (gray0): Final=2539.7, Time=64.2, Moves(42)=75.5, Pins(10)=1000.0, Dist=400.0, Win Bonus=1000.0
[2026-05-22 10:11:55] ALL WRONG MOVES BY COLOUR: {}
[2026-05-22 10:11:55] GAME TIME LIMIT REACHED.
[2026-05-22 10:11:55] SCORE The bandits (lawn green): Final=1349.5, Time=90.0, Moves(42)=75.5, Pins(8)=800.0, Dist=384.0, Win Bonus=0.0
[2026-05-22 10:11:55] SCORE jat (gray0): Final=2539.7, Time=64.2, Moves(42)=75.5, Pins(10)=1000.0, Dist=400.0, Win Bonus=1000.0
[2026-05-22 10:11:55] ALL WRONG MOVES BY COLOUR: {}
[2026-05-22 10:11:55] GAME TIME LIMIT REACHED.
[2026-05-22 10:11:55] SCORE The bandits (lawn green): Final=1349.5, Time=90.0, Moves(42)=75.5, Pins(8)=800.0, Dist=384.0, Win Bonus=0.0
[2026-05-22 10:11:55] SCORE jat (gray0): Final=2539.7, Time=64.2, Moves(42)=75.5, Pins(10)=1000.0, Dist=400.0, Win Bonus=1000.0
[2026-05-22 10:11:55] ALL WRONG MOVES BY COLOUR: {}
[2026-05-22 10:11:55] GAME TIME LIMIT REACHED.
[2026-05-22 10:11:56] SCORE The bandits (lawn green): Final=1349.5, Time=90.0, Moves(42)=75.5, Pins(8)=800.0, Dist=384.0, Win Bonus=0.0
[2026-05-22 10:11:56] SCORE jat (gray0): Final=2539.7, Time=64.2, Moves(42)=75.5, Pins(10)=1000.0, Dist=400.0, Win Bonus=1000.0
[2026-05-22 10:11:56] ALL WRONG MOVES BY COLOUR: {}
[2026-05-22 10:11:56] GAME TIME LIMIT REACHED.
[2026-05-22 10:11:56] SCORE The bandits (lawn green): Final=1349.5, Time=90.0, Moves(42)=75.5, Pins(8)=800.0, Dist=384.0, Win Bonus=0.0
[2026-05-22 10:11:56] SCORE jat (gray0): Final=2539.7, Time=64.2, Moves(42)=75.5, Pins(10)=1000.0, Dist=400.0, Win Bonus=1000.0
[2026-05-22 10:11:56] ALL WRONG MOVES BY COLOUR: {}
[2026-05-22 10:11:56] GAME TIME LIMIT REACHED.
[2026-05-22 10:11:56] SCORE The bandits (lawn green): Final=1349.5, Time=90.0, Moves(42)=75.5, Pins(8)=800.0, Dist=384.0, Win Bonus=0.0
[2026-05-22 10:11:56] SCORE jat (gray0): Final=2539.7, Time=64.2, Moves(42)=75.5, Pins(10)=1000.0, Dist=400.0, Win Bonus=1000.0
[2026-05-22 10:11:56] ALL WRONG MOVES BY COLOUR: {}
[2026-05-22 10:11:56] GAME TIME LIMIT REACHED.
[2026-05-22 10:11:56] SCORE The bandits (lawn green): Final=1349.5, Time=90.0, Moves(42)=75.5, Pins(8)=800.0, Dist=384.0, Win Bonus=0.0
[2026-05-22 10:11:56] SCORE jat (gray0): Final=2539.7, Time=64.2, Moves(42)=75.5, Pins(10)=1000.0, Dist=400.0, Win Bonus=1000.0
[2026-05-22 10:11:56] ALL WRONG MOVES BY COLOUR: {}
[2026-05-22 10:11:56] GAME TIME LIMIT REACHED.
[2026-05-22 10:11:56] SCORE The bandits (lawn green): Final=1349.5, Time=90.0, Moves(42)=75.5, Pins(8)=800.0, Dist=384.0, Win Bonus=0.0
[2026-05-22 10:11:56] SCORE jat (gray0): Final=2539.7, Time=64.2, Moves(42)=75.5, Pins(10)=1000.0, Dist=400.0, Win Bonus=1000.0
[2026-05-22 10:11:56] ALL WRONG MOVES BY COLOUR: {}
[2026-05-22 10:11:57] GAME TIME LIMIT REACHED.
[2026-05-22 10:11:57] SCORE The bandits (lawn green): Final=1349.5, Time=90.0, Moves(42)=75.5, Pins(8)=800.0, Dist=384.0, Win Bonus=0.0
[2026-05-22 10:11:57] SCORE jat (gray0): Final=2539.7, Time=64.2, Moves(42)=75.5, Pins(10)=1000.0, Dist=400.0, Win Bonus=1000.0
[2026-05-22 10:11:57] ALL WRONG MOVES BY COLOUR: {}
[2026-05-22 10:11:57] GAME TIME LIMIT REACHED.
[2026-05-22 10:11:57] SCORE The bandits (lawn green): Final=1349.5, Time=90.0, Moves(42)=75.5, Pins(8)=800.0, Dist=384.0, Win Bonus=0.0
[2026-05-22 10:11:57] SCORE jat (gray0): Final=2539.7, Time=64.2, Moves(42)=75.5, Pins(10)=1000.0, Dist=400.0, Win Bonus=1000.0
[2026-05-22 10:11:57] ALL WRONG MOVES BY COLOUR: {}
[2026-05-22 10:11:57] GAME TIME LIMIT REACHED.
[2026-05-22 10:11:57] SCORE The bandits (lawn green): Final=1349.5, Time=90.0, Moves(42)=75.5, Pins(8)=800.0, Dist=384.0, Win Bonus=0.0
[2026-05-22 10:11:57] SCORE jat (gray0): Final=2539.7, Time=64.2, Moves(42)=75.5, Pins(10)=1000.0, Dist=400.0, Win Bonus=1000.0
[2026-05-22 10:11:57] ALL WRONG MOVES BY COLOUR: {}
[2026-05-22 10:11:57] GAME TIME LIMIT REACHED.
[2026-05-22 10:11:57] SCORE The bandits (lawn green): Final=1349.5, Time=90.0, Moves(42)=75.5, Pins(8)=800.0, Dist=384.0, Win Bonus=0.0
[2026-05-22 10:11:57] SCORE jat (gray0): Final=2539.7, Time=64.2, Moves(42)=75.5, Pins(10)=1000.0, Dist=400.0, Win Bonus=1000.0
[2026-05-22 10:11:57] ALL WRONG MOVES BY COLOUR: {}
[2026-05-22 10:11:57] GAME TIME LIMIT REACHED.
[2026-05-22 10:11:58] SCORE The bandits (lawn green): Final=1349.5, Time=90.0, Moves(42)=75.5, Pins(8)=800.0, Dist=384.0, Win Bonus=0.0
[2026-05-22 10:11:58] SCORE jat (gray0): Final=2539.7, Time=64.2, Moves(42)=75.5, Pins(10)=1000.0, Dist=400.0, Win Bonus=1000.0
[2026-05-22 10:11:58] ALL WRONG MOVES BY COLOUR: {}
[2026-05-22 10:11:58] GAME TIME LIMIT REACHED.
[2026-05-22 10:11:58] SCORE The bandits (lawn green): Final=1349.5, Time=90.0, Moves(42)=75.5, Pins(8)=800.0, Dist=384.0, Win Bonus=0.0
[2026-05-22 10:11:58] SCORE jat (gray0): Final=2539.7, Time=64.2, Moves(42)=75.5, Pins(10)=1000.0, Dist=400.0, Win Bonus=1000.0
[2026-05-22 10:11:58] ALL WRONG MOVES BY COLOUR: {}
[2026-05-22 10:11:58] GAME TIME LIMIT REACHED.
[2026-05-22 10:11:58] SCORE The bandits (lawn green): Final=1349.5, Time=90.0, Moves(42)=75.5, Pins(8)=800.0, Dist=384.0, Win Bonus=0.0
[2026-05-22 10:11:58] SCORE jat (gray0): Final=2539.7, Time=64.2, Moves(42)=75.5, Pins(10)=1000.0, Dist=400.0, Win Bonus=1000.0
[2026-05-22 10:11:58] ALL WRONG MOVES BY COLOUR: {}
[2026-05-22 10:11:58] GAME TIME LIMIT REACHED.
[2026-05-22 10:11:58] SCORE The bandits (lawn green): Final=1349.5, Time=90.0, Moves(42)=75.5, Pins(8)=800.0, Dist=384.0, Win Bonus=0.0
[2026-05-22 10:11:58] SCORE jat (gray0): Final=2539.7, Time=64.2, Moves(42)=75.5, Pins(10)=1000.0, Dist=400.0, Win Bonus=1000.0
[2026-05-22 10:11:58] ALL WRONG MOVES BY COLOUR: {}
[2026-05-22 10:11:58] GAME TIME LIMIT REACHED.
[2026-05-22 10:11:59] SCORE The bandits (lawn green): Final=1349.5, Time=90.0, Moves(42)=75.5, Pins(8)=800.0, Dist=384.0, Win Bonus=0.0
[2026-05-22 10:11:59] SCORE jat (gray0): Final=2539.7, Time=64.2, Moves(42)=75.5, Pins(10)=1000.0, Dist=400.0, Win Bonus=1000.0
[2026-05-22 10:11:59] ALL WRONG MOVES BY COLOUR: {}
[2026-05-22 10:11:59] GAME TIME LIMIT REACHED.
[2026-05-22 10:11:59] SCORE The bandits (lawn green): Final=1349.5, Time=90.0, Moves(42)=75.5, Pins(8)=800.0, Dist=384.0, Win Bonus=0.0
[2026-05-22 10:11:59] SCORE jat (gray0): Final=2539.7, Time=64.2, Moves(42)=75.5, Pins(10)=1000.0, Dist=400.0, Win Bonus=1000.0
[2026-05-22 10:11:59] ALL WRONG MOVES BY COLOUR: {}
[2026-05-22 10:11:59] GAME TIME LIMIT REACHED.
[2026-05-22 10:11:59] SCORE The bandits (lawn green): Final=1349.5, Time=90.0, Moves(42)=75.5, Pins(8)=800.0, Dist=384.0, Win Bonus=0.0
[2026-05-22 10:11:59] SCORE jat (gray0): Final=2539.7, Time=64.2, Moves(42)=75.5, Pins(10)=1000.0, Dist=400.0, Win Bonus=1000.0
[2026-05-22 10:11:59] ALL WRONG MOVES BY COLOUR: {}
[2026-05-22 10:11:59] GAME TIME LIMIT REACHED.
[2026-05-22 10:11:59] SCORE The bandits (lawn green): Final=1349.5, Time=90.0, Moves(42)=75.5, Pins(8)=800.0, Dist=384.0, Win Bonus=0.0
[2026-05-22 10:11:59] SCORE jat (gray0): Final=2539.7, Time=64.2, Moves(42)=75.5, Pins(10)=1000.0, Dist=400.0, Win Bonus=1000.0
[2026-05-22 10:11:59] ALL WRONG MOVES BY COLOUR: {}
[2026-05-22 10:11:59] GAME TIME LIMIT REACHED.
[2026-05-22 10:12:00] SCORE The bandits (lawn green): Final=1349.5, Time=90.0, Moves(42)=75.5, Pins(8)=800.0, Dist=384.0, Win Bonus=0.0
[2026-05-22 10:12:00] SCORE jat (gray0): Final=2539.7, Time=64.2, Moves(42)=75.5, Pins(10)=1000.0, Dist=400.0, Win Bonus=1000.0
[2026-05-22 10:12:00] ALL WRONG MOVES BY COLOUR: {}
[2026-05-22 10:12:00] GAME TIME LIMIT REACHED.
[2026-05-22 10:12:00] SCORE The bandits (lawn green): Final=1349.5, Time=90.0, Moves(42)=75.5, Pins(8)=800.0, Dist=384.0, Win Bonus=0.0
[2026-05-22 10:12:00] SCORE jat (gray0): Final=2539.7, Time=64.2, Moves(42)=75.5, Pins(10)=1000.0, Dist=400.0, Win Bonus=1000.0
[2026-05-22 10:12:00] ALL WRONG MOVES BY COLOUR: {}
[2026-05-22 10:12:00] GAME TIME LIMIT REACHED.
[2026-05-22 10:12:00] SCORE The bandits (lawn green): Final=1349.5, Time=90.0, Moves(42)=75.5, Pins(8)=800.0, Dist=384.0, Win Bonus=0.0
[2026-05-22 10:12:00] SCORE jat (gray0): Final=2539.7, Time=64.2, Moves(42)=75.5, Pins(10)=1000.0, Dist=400.0, Win Bonus=1000.0
[2026-05-22 10:12:00] ALL WRONG MOVES BY COLOUR: {}
[2026-05-22 10:12:00] GAME TIME LIMIT REACHED.
[2026-05-22 10:12:00] SCORE The bandits (lawn green): Final=1349.5, Time=90.0, Moves(42)=75.5, Pins(8)=800.0, Dist=384.0, Win Bonus=0.0
[2026-05-22 10:12:00] SCORE jat (gray0): Final=2539.7, Time=64.2, Moves(42)=75.5, Pins(10)=1000.0, Dist=400.0, Win Bonus=1000.0
[2026-05-22 10:12:00] ALL WRONG MOVES BY COLOUR: {}
[2026-05-22 10:12:00] GAME TIME LIMIT REACHED.
[2026-05-22 10:12:01] SCORE The bandits (lawn green): Final=1349.5, Time=90.0, Moves(42)=75.5, Pins(8)=800.0, Dist=384.0, Win Bonus=0.0
[2026-05-22 10:12:01] SCORE jat (gray0): Final=2539.7, Time=64.2, Moves(42)=75.5, Pins(10)=1000.0, Dist=400.0, Win Bonus=1000.0
[2026-05-22 10:12:01] ALL WRONG MOVES BY COLOUR: {}
[2026-05-22 10:12:01] GAME TIME LIMIT REACHED.
[2026-05-22 10:12:01] SCORE The bandits (lawn green): Final=1349.5, Time=90.0, Moves(42)=75.5, Pins(8)=800.0, Dist=384.0, Win Bonus=0.0
[2026-05-22 10:12:01] SCORE jat (gray0): Final=2539.7, Time=64.2, Moves(42)=75.5, Pins(10)=1000.0, Dist=400.0, Win Bonus=1000.0
[2026-05-22 10:12:01] ALL WRONG MOVES BY COLOUR: {}
[2026-05-22 10:12:01] GAME TIME LIMIT REACHED.
[2026-05-22 10:12:01] SCORE The bandits (lawn green): Final=1349.5, Time=90.0, Moves(42)=75.5, Pins(8)=800.0, Dist=384.0, Win Bonus=0.0
[2026-05-22 10:12:01] SCORE jat (gray0): Final=2539.7, Time=64.2, Moves(42)=75.5, Pins(10)=1000.0, Dist=400.0, Win Bonus=1000.0
[2026-05-22 10:12:01] ALL WRONG MOVES BY COLOUR: {}
[2026-05-22 10:12:01] GAME TIME LIMIT REACHED.
[2026-05-22 10:12:01] SCORE The bandits (lawn green): Final=1349.5, Time=90.0, Moves(42)=75.5, Pins(8)=800.0, Dist=384.0, Win Bonus=0.0
[2026-05-22 10:12:01] SCORE jat (gray0): Final=2539.7, Time=64.2, Moves(42)=75.5, Pins(10)=1000.0, Dist=400.0, Win Bonus=1000.0
[2026-05-22 10:12:01] ALL WRONG MOVES BY COLOUR: {}
[2026-05-22 10:12:01] GAME TIME LIMIT REACHED.
[2026-05-22 10:12:02] SCORE The bandits (lawn green): Final=1349.5, Time=90.0, Moves(42)=75.5, Pins(8)=800.0, Dist=384.0, Win Bonus=0.0
[2026-05-22 10:12:02] SCORE jat (gray0): Final=2539.7, Time=64.2, Moves(42)=75.5, Pins(10)=1000.0, Dist=400.0, Win Bonus=1000.0
[2026-05-22 10:12:02] ALL WRONG MOVES BY COLOUR: {}
[2026-05-22 10:12:02] GAME TIME LIMIT REACHED.
[2026-05-22 10:12:02] SCORE The bandits (lawn green): Final=1349.5, Time=90.0, Moves(42)=75.5, Pins(8)=800.0, Dist=384.0, Win Bonus=0.0
[2026-05-22 10:12:02] SCORE jat (gray0): Final=2539.7, Time=64.2, Moves(42)=75.5, Pins(10)=1000.0, Dist=400.0, Win Bonus=1000.0
[2026-05-22 10:12:02] ALL WRONG MOVES BY COLOUR: {}
[2026-05-22 10:12:02] GAME TIME LIMIT REACHED.
[2026-05-22 10:12:02] SCORE The bandits (lawn green): Final=1349.5, Time=90.0, Moves(42)=75.5, Pins(8)=800.0, Dist=384.0, Win Bonus=0.0
[2026-05-22 10:12:02] SCORE jat (gray0): Final=2539.7, Time=64.2, Moves(42)=75.5, Pins(10)=1000.0, Dist=400.0, Win Bonus=1000.0
[2026-05-22 10:12:02] ALL WRONG MOVES BY COLOUR: {}
[2026-05-22 10:12:02] GAME TIME LIMIT REACHED.
[2026-05-22 10:12:02] SCORE The bandits (lawn green): Final=1349.5, Time=90.0, Moves(42)=75.5, Pins(8)=800.0, Dist=384.0, Win Bonus=0.0
[2026-05-22 10:12:02] SCORE jat (gray0): Final=2539.7, Time=64.2, Moves(42)=75.5, Pins(10)=1000.0, Dist=400.0, Win Bonus=1000.0
[2026-05-22 10:12:02] ALL WRONG MOVES BY COLOUR: {}
[2026-05-22 10:12:02] GAME TIME LIMIT REACHED.
[2026-05-22 10:12:03] SCORE The bandits (lawn green): Final=1349.5, Time=90.0, Moves(42)=75.5, Pins(8)=800.0, Dist=384.0, Win Bonus=0.0
[2026-05-22 10:12:03] SCORE jat (gray0): Final=2539.7, Time=64.2, Moves(42)=75.5, Pins(10)=1000.0, Dist=400.0, Win Bonus=1000.0
[2026-05-22 10:12:03] ALL WRONG MOVES BY COLOUR: {}
[2026-05-22 10:12:03] GAME TIME LIMIT REACHED.
[2026-05-22 10:12:03] SCORE The bandits (lawn green): Final=1349.5, Time=90.0, Moves(42)=75.5, Pins(8)=800.0, Dist=384.0, Win Bonus=0.0
[2026-05-22 10:12:03] SCORE jat (gray0): Final=2539.7, Time=64.2, Moves(42)=75.5, Pins(10)=1000.0, Dist=400.0, Win Bonus=1000.0
[2026-05-22 10:12:03] ALL WRONG MOVES BY COLOUR: {}
[2026-05-22 10:12:03] GAME TIME LIMIT REACHED.
[2026-05-22 10:12:03] SCORE The bandits (lawn green): Final=1349.5, Time=90.0, Moves(42)=75.5, Pins(8)=800.0, Dist=384.0, Win Bonus=0.0
[2026-05-22 10:12:03] SCORE jat (gray0): Final=2539.7, Time=64.2, Moves(42)=75.5, Pins(10)=1000.0, Dist=400.0, Win Bonus=1000.0
[2026-05-22 10:12:03] ALL WRONG MOVES BY COLOUR: {}
[2026-05-22 10:12:03] GAME TIME LIMIT REACHED.
[2026-05-22 10:12:03] SCORE The bandits (lawn green): Final=1349.5, Time=90.0, Moves(42)=75.5, Pins(8)=800.0, Dist=384.0, Win Bonus=0.0
[2026-05-22 10:12:03] SCORE jat (gray0): Final=2539.7, Time=64.2, Moves(42)=75.5, Pins(10)=1000.0, Dist=400.0, Win Bonus=1000.0
[2026-05-22 10:12:03] ALL WRONG MOVES BY COLOUR: {}
[2026-05-22 10:12:03] GAME TIME LIMIT REACHED.
[2026-05-22 10:12:03] SCORE The bandits (lawn green): Final=1349.5, Time=90.0, Moves(42)=75.5, Pins(8)=800.0, Dist=384.0, Win Bonus=0.0
[2026-05-22 10:12:03] SCORE jat (gray0): Final=2539.7, Time=64.2, Moves(42)=75.5, Pins(10)=1000.0, Dist=400.0, Win Bonus=1000.0
[2026-05-22 10:12:03] ALL WRONG MOVES BY COLOUR: {}
[2026-05-22 10:12:03] GAME TIME LIMIT REACHED.
[2026-05-22 10:12:04] SCORE The bandits (lawn green): Final=1349.5, Time=90.0, Moves(42)=75.5, Pins(8)=800.0, Dist=384.0, Win Bonus=0.0
[2026-05-22 10:12:04] SCORE jat (gray0): Final=2539.7, Time=64.2, Moves(42)=75.5, Pins(10)=1000.0, Dist=400.0, Win Bonus=1000.0
[2026-05-22 10:12:04] ALL WRONG MOVES BY COLOUR: {}
[2026-05-22 10:12:04] GAME TIME LIMIT REACHED.
[2026-05-22 10:12:04] SCORE The bandits (lawn green): Final=1349.5, Time=90.0, Moves(42)=75.5, Pins(8)=800.0, Dist=384.0, Win Bonus=0.0
[2026-05-22 10:12:04] SCORE jat (gray0): Final=2539.7, Time=64.2, Moves(42)=75.5, Pins(10)=1000.0, Dist=400.0, Win Bonus=1000.0
[2026-05-22 10:12:04] ALL WRONG MOVES BY COLOUR: {}
[2026-05-22 10:12:04] GAME TIME LIMIT REACHED.
[2026-05-22 10:12:04] SCORE The bandits (lawn green): Final=1349.5, Time=90.0, Moves(42)=75.5, Pins(8)=800.0, Dist=384.0, Win Bonus=0.0
[2026-05-22 10:12:04] SCORE jat (gray0): Final=2539.7, Time=64.2, Moves(42)=75.5, Pins(10)=1000.0, Dist=400.0, Win Bonus=1000.0
[2026-05-22 10:12:04] ALL WRONG MOVES BY COLOUR: {}
[2026-05-22 10:12:04] GAME TIME LIMIT REACHED.
[2026-05-22 10:12:04] SCORE The bandits (lawn green): Final=1349.5, Time=90.0, Moves(42)=75.5, Pins(8)=800.0, Dist=384.0, Win Bonus=0.0
[2026-05-22 10:12:04] SCORE jat (gray0): Final=2539.7, Time=64.2, Moves(42)=75.5, Pins(10)=1000.0, Dist=400.0, Win Bonus=1000.0
[2026-05-22 10:12:04] ALL WRONG MOVES BY COLOUR: {}
[2026-05-22 10:12:04] GAME TIME LIMIT REACHED.
[2026-05-22 10:12:05] SCORE The bandits (lawn green): Final=1349.5, Time=90.0, Moves(42)=75.5, Pins(8)=800.0, Dist=384.0, Win Bonus=0.0
[2026-05-22 10:12:05] SCORE jat (gray0): Final=2539.7, Time=64.2, Moves(42)=75.5, Pins(10)=1000.0, Dist=400.0, Win Bonus=1000.0
[2026-05-22 10:12:05] ALL WRONG MOVES BY COLOUR: {}
[2026-05-22 10:12:05] GAME TIME LIMIT REACHED.
[2026-05-22 10:12:05] SCORE The bandits (lawn green): Final=1349.5, Time=90.0, Moves(42)=75.5, Pins(8)=800.0, Dist=384.0, Win Bonus=0.0
[2026-05-22 10:12:05] SCORE jat (gray0): Final=2539.7, Time=64.2, Moves(42)=75.5, Pins(10)=1000.0, Dist=400.0, Win Bonus=1000.0
[2026-05-22 10:12:05] ALL WRONG MOVES BY COLOUR: {}
[2026-05-22 10:12:05] GAME TIME LIMIT REACHED.
[2026-05-22 10:12:05] SCORE The bandits (lawn green): Final=1349.5, Time=90.0, Moves(42)=75.5, Pins(8)=800.0, Dist=384.0, Win Bonus=0.0
[2026-05-22 10:12:05] SCORE jat (gray0): Final=2539.7, Time=64.2, Moves(42)=75.5, Pins(10)=1000.0, Dist=400.0, Win Bonus=1000.0
[2026-05-22 10:12:05] ALL WRONG MOVES BY COLOUR: {}
[2026-05-22 10:12:05] GAME TIME LIMIT REACHED.
[2026-05-22 10:12:05] SCORE The bandits (lawn green): Final=1349.5, Time=90.0, Moves(42)=75.5, Pins(8)=800.0, Dist=384.0, Win Bonus=0.0
[2026-05-22 10:12:05] SCORE jat (gray0): Final=2539.7, Time=64.2, Moves(42)=75.5, Pins(10)=1000.0, Dist=400.0, Win Bonus=1000.0
[2026-05-22 10:12:05] ALL WRONG MOVES BY COLOUR: {}
[2026-05-22 10:12:05] GAME TIME LIMIT REACHED.
[2026-05-22 10:12:06] SCORE The bandits (lawn green): Final=1349.5, Time=90.0, Moves(42)=75.5, Pins(8)=800.0, Dist=384.0, Win Bonus=0.0
[2026-05-22 10:12:06] SCORE jat (gray0): Final=2539.7, Time=64.2, Moves(42)=75.5, Pins(10)=1000.0, Dist=400.0, Win Bonus=1000.0
[2026-05-22 10:12:06] ALL WRONG MOVES BY COLOUR: {}
[2026-05-22 10:12:06] GAME TIME LIMIT REACHED.
[2026-05-22 10:12:06] SCORE The bandits (lawn green): Final=1349.5, Time=90.0, Moves(42)=75.5, Pins(8)=800.0, Dist=384.0, Win Bonus=0.0
[2026-05-22 10:12:06] SCORE jat (gray0): Final=2539.7, Time=64.2, Moves(42)=75.5, Pins(10)=1000.0, Dist=400.0, Win Bonus=1000.0
[2026-05-22 10:12:06] ALL WRONG MOVES BY COLOUR: {}
[2026-05-22 10:12:06] GAME TIME LIMIT REACHED.
[2026-05-22 10:12:06] SCORE The bandits (lawn green): Final=1349.5, Time=90.0, Moves(42)=75.5, Pins(8)=800.0, Dist=384.0, Win Bonus=0.0
[2026-05-22 10:12:06] SCORE jat (gray0): Final=2539.7, Time=64.2, Moves(42)=75.5, Pins(10)=1000.0, Dist=400.0, Win Bonus=1000.0
[2026-05-22 10:12:06] ALL WRONG MOVES BY COLOUR: {}
[2026-05-22 10:12:06] GAME TIME LIMIT REACHED.
[2026-05-22 10:12:06] SCORE The bandits (lawn green): Final=1349.5, Time=90.0, Moves(42)=75.5, Pins(8)=800.0, Dist=384.0, Win Bonus=0.0
[2026-05-22 10:12:06] SCORE jat (gray0): Final=2539.7, Time=64.2, Moves(42)=75.5, Pins(10)=1000.0, Dist=400.0, Win Bonus=1000.0
[2026-05-22 10:12:06] ALL WRONG MOVES BY COLOUR: {}
[2026-05-22 10:12:06] GAME TIME LIMIT REACHED.
[2026-05-22 10:12:06] SCORE The bandits (lawn green): Final=1349.5, Time=90.0, Moves(42)=75.5, Pins(8)=800.0, Dist=384.0, Win Bonus=0.0
[2026-05-22 10:12:06] SCORE jat (gray0): Final=2539.7, Time=64.2, Moves(42)=75.5, Pins(10)=1000.0, Dist=400.0, Win Bonus=1000.0
[2026-05-22 10:12:06] ALL WRONG MOVES BY COLOUR: {}
[2026-05-22 10:12:06] GAME TIME LIMIT REACHED.
[2026-05-22 10:12:07] SCORE The bandits (lawn green): Final=1349.5, Time=90.0, Moves(42)=75.5, Pins(8)=800.0, Dist=384.0, Win Bonus=0.0
[2026-05-22 10:12:07] SCORE jat (gray0): Final=2539.7, Time=64.2, Moves(42)=75.5, Pins(10)=1000.0, Dist=400.0, Win Bonus=1000.0
[2026-05-22 10:12:07] ALL WRONG MOVES BY COLOUR: {}
[2026-05-22 10:12:07] GAME TIME LIMIT REACHED.
[2026-05-22 10:12:07] SCORE The bandits (lawn green): Final=1349.5, Time=90.0, Moves(42)=75.5, Pins(8)=800.0, Dist=384.0, Win Bonus=0.0
[2026-05-22 10:12:07] SCORE jat (gray0): Final=2539.7, Time=64.2, Moves(42)=75.5, Pins(10)=1000.0, Dist=400.0, Win Bonus=1000.0
[2026-05-22 10:12:07] ALL WRONG MOVES BY COLOUR: {}
[2026-05-22 10:12:07] GAME TIME LIMIT REACHED.
[2026-05-22 10:12:07] SCORE The bandits (lawn green): Final=1349.5, Time=90.0, Moves(42)=75.5, Pins(8)=800.0, Dist=384.0, Win Bonus=0.0
[2026-05-22 10:12:07] SCORE jat (gray0): Final=2539.7, Time=64.2, Moves(42)=75.5, Pins(10)=1000.0, Dist=400.0, Win Bonus=1000.0
[2026-05-22 10:12:07] ALL WRONG MOVES BY COLOUR: {}
[2026-05-22 10:12:07] GAME TIME LIMIT REACHED.
[2026-05-22 10:12:07] SCORE The bandits (lawn green): Final=1349.5, Time=90.0, Moves(42)=75.5, Pins(8)=800.0, Dist=384.0, Win Bonus=0.0
[2026-05-22 10:12:07] SCORE jat (gray0): Final=2539.7, Time=64.2, Moves(42)=75.5, Pins(10)=1000.0, Dist=400.0, Win Bonus=1000.0
[2026-05-22 10:12:07] ALL WRONG MOVES BY COLOUR: {}
[2026-05-22 10:12:07] GAME TIME LIMIT REACHED.
[2026-05-22 10:12:08] SCORE The bandits (lawn green): Final=1349.5, Time=90.0, Moves(42)=75.5, Pins(8)=800.0, Dist=384.0, Win Bonus=0.0
[2026-05-22 10:12:08] SCORE jat (gray0): Final=2539.7, Time=64.2, Moves(42)=75.5, Pins(10)=1000.0, Dist=400.0, Win Bonus=1000.0
[2026-05-22 10:12:08] ALL WRONG MOVES BY COLOUR: {}
[2026-05-22 10:12:08] GAME TIME LIMIT REACHED.
[2026-05-22 10:12:08] SCORE The bandits (lawn green): Final=1349.5, Time=90.0, Moves(42)=75.5, Pins(8)=800.0, Dist=384.0, Win Bonus=0.0
[2026-05-22 10:12:08] SCORE jat (gray0): Final=2539.7, Time=64.2, Moves(42)=75.5, Pins(10)=1000.0, Dist=400.0, Win Bonus=1000.0
[2026-05-22 10:12:08] ALL WRONG MOVES BY COLOUR: {}
[2026-05-22 10:12:08] GAME TIME LIMIT REACHED.
[2026-05-22 10:12:08] SCORE The bandits (lawn green): Final=1349.5, Time=90.0, Moves(42)=75.5, Pins(8)=800.0, Dist=384.0, Win Bonus=0.0
[2026-05-22 10:12:08] SCORE jat (gray0): Final=2539.7, Time=64.2, Moves(42)=75.5, Pins(10)=1000.0, Dist=400.0, Win Bonus=1000.0
[2026-05-22 10:12:08] ALL WRONG MOVES BY COLOUR: {}
[2026-05-22 10:12:08] GAME TIME LIMIT REACHED.
[2026-05-22 10:12:08] SCORE The bandits (lawn green): Final=1349.5, Time=90.0, Moves(42)=75.5, Pins(8)=800.0, Dist=384.0, Win Bonus=0.0
[2026-05-22 10:12:08] SCORE jat (gray0): Final=2539.7, Time=64.2, Moves(42)=75.5, Pins(10)=1000.0, Dist=400.0, Win Bonus=1000.0
[2026-05-22 10:12:08] ALL WRONG MOVES BY COLOUR: {}
[2026-05-22 10:12:08] GAME TIME LIMIT REACHED.
[2026-05-22 10:12:09] SCORE The bandits (lawn green): Final=1349.5, Time=90.0, Moves(42)=75.5, Pins(8)=800.0, Dist=384.0, Win Bonus=0.0
[2026-05-22 10:12:09] SCORE jat (gray0): Final=2539.7, Time=64.2, Moves(42)=75.5, Pins(10)=1000.0, Dist=400.0, Win Bonus=1000.0
[2026-05-22 10:12:09] ALL WRONG MOVES BY COLOUR: {}
[2026-05-22 10:12:09] GAME TIME LIMIT REACHED.
[2026-05-22 10:12:09] SCORE The bandits (lawn green): Final=1349.5, Time=90.0, Moves(42)=75.5, Pins(8)=800.0, Dist=384.0, Win Bonus=0.0
[2026-05-22 10:12:09] SCORE jat (gray0): Final=2539.7, Time=64.2, Moves(42)=75.5, Pins(10)=1000.0, Dist=400.0, Win Bonus=1000.0
[2026-05-22 10:12:09] ALL WRONG MOVES BY COLOUR: {}
[2026-05-22 10:12:09] GAME TIME LIMIT REACHED.
[2026-05-22 10:12:09] SCORE The bandits (lawn green): Final=1349.5, Time=90.0, Moves(42)=75.5, Pins(8)=800.0, Dist=384.0, Win Bonus=0.0
[2026-05-22 10:12:09] SCORE jat (gray0): Final=2539.7, Time=64.2, Moves(42)=75.5, Pins(10)=1000.0, Dist=400.0, Win Bonus=1000.0
[2026-05-22 10:12:09] ALL WRONG MOVES BY COLOUR: {}
[2026-05-22 10:12:09] GAME TIME LIMIT REACHED.
[2026-05-22 10:12:09] SCORE The bandits (lawn green): Final=1349.5, Time=90.0, Moves(42)=75.5, Pins(8)=800.0, Dist=384.0, Win Bonus=0.0
[2026-05-22 10:12:09] SCORE jat (gray0): Final=2539.7, Time=64.2, Moves(42)=75.5, Pins(10)=1000.0, Dist=400.0, Win Bonus=1000.0
[2026-05-22 10:12:09] ALL WRONG MOVES BY COLOUR: {}
[2026-05-22 10:12:09] GAME TIME LIMIT REACHED.
[2026-05-22 10:12:10] SCORE The bandits (lawn green): Final=1349.5, Time=90.0, Moves(42)=75.5, Pins(8)=800.0, Dist=384.0, Win Bonus=0.0
[2026-05-22 10:12:10] SCORE jat (gray0): Final=2539.7, Time=64.2, Moves(42)=75.5, Pins(10)=1000.0, Dist=400.0, Win Bonus=1000.0
[2026-05-22 10:12:10] ALL WRONG MOVES BY COLOUR: {}
[2026-05-22 10:12:10] GAME TIME LIMIT REACHED.
[2026-05-22 10:12:10] SCORE The bandits (lawn green): Final=1349.5, Time=90.0, Moves(42)=75.5, Pins(8)=800.0, Dist=384.0, Win Bonus=0.0
[2026-05-22 10:12:10] SCORE jat (gray0): Final=2539.7, Time=64.2, Moves(42)=75.5, Pins(10)=1000.0, Dist=400.0, Win Bonus=1000.0
[2026-05-22 10:12:10] ALL WRONG MOVES BY COLOUR: {}
[2026-05-22 10:12:10] GAME TIME LIMIT REACHED.
[2026-05-22 10:12:10] SCORE The bandits (lawn green): Final=1349.5, Time=90.0, Moves(42)=75.5, Pins(8)=800.0, Dist=384.0, Win Bonus=0.0
[2026-05-22 10:12:10] SCORE jat (gray0): Final=2539.7, Time=64.2, Moves(42)=75.5, Pins(10)=1000.0, Dist=400.0, Win Bonus=1000.0
[2026-05-22 10:12:10] ALL WRONG MOVES BY COLOUR: {}
[2026-05-22 10:12:10] GAME TIME LIMIT REACHED.
[2026-05-22 10:12:10] SCORE The bandits (lawn green): Final=1349.5, Time=90.0, Moves(42)=75.5, Pins(8)=800.0, Dist=384.0, Win Bonus=0.0
[2026-05-22 10:12:10] SCORE jat (gray0): Final=2539.7, Time=64.2, Moves(42)=75.5, Pins(10)=1000.0, Dist=400.0, Win Bonus=1000.0
[2026-05-22 10:12:10] ALL WRONG MOVES BY COLOUR: {}
[2026-05-22 10:12:10] GAME TIME LIMIT REACHED.
[2026-05-22 10:12:10] SCORE The bandits (lawn green): Final=1349.5, Time=90.0, Moves(42)=75.5, Pins(8)=800.0, Dist=384.0, Win Bonus=0.0
[2026-05-22 10:12:10] SCORE jat (gray0): Final=2539.7, Time=64.2, Moves(42)=75.5, Pins(10)=1000.0, Dist=400.0, Win Bonus=1000.0
[2026-05-22 10:12:10] ALL WRONG MOVES BY COLOUR: {}
[2026-05-22 10:12:11] GAME TIME LIMIT REACHED.
[2026-05-22 10:12:11] SCORE The bandits (lawn green): Final=1349.5, Time=90.0, Moves(42)=75.5, Pins(8)=800.0, Dist=384.0, Win Bonus=0.0
[2026-05-22 10:12:11] SCORE jat (gray0): Final=2539.7, Time=64.2, Moves(42)=75.5, Pins(10)=1000.0, Dist=400.0, Win Bonus=1000.0
[2026-05-22 10:12:11] ALL WRONG MOVES BY COLOUR: {}
[2026-05-22 10:12:11] GAME TIME LIMIT REACHED.
[2026-05-22 10:12:11] SCORE The bandits (lawn green): Final=1349.5, Time=90.0, Moves(42)=75.5, Pins(8)=800.0, Dist=384.0, Win Bonus=0.0
[2026-05-22 10:12:11] SCORE jat (gray0): Final=2539.7, Time=64.2, Moves(42)=75.5, Pins(10)=1000.0, Dist=400.0, Win Bonus=1000.0
[2026-05-22 10:12:11] ALL WRONG MOVES BY COLOUR: {}
[2026-05-22 10:12:11] GAME TIME LIMIT REACHED.
[2026-05-22 10:12:11] SCORE The bandits (lawn green): Final=1349.5, Time=90.0, Moves(42)=75.5, Pins(8)=800.0, Dist=384.0, Win Bonus=0.0
[2026-05-22 10:12:11] SCORE jat (gray0): Final=2539.7, Time=64.2, Moves(42)=75.5, Pins(10)=1000.0, Dist=400.0, Win Bonus=1000.0
[2026-05-22 10:12:11] ALL WRONG MOVES BY COLOUR: {}
[2026-05-22 10:12:11] GAME TIME LIMIT REACHED.
[2026-05-22 10:12:11] SCORE The bandits (lawn green): Final=1349.5, Time=90.0, Moves(42)=75.5, Pins(8)=800.0, Dist=384.0, Win Bonus=0.0
[2026-05-22 10:12:11] SCORE jat (gray0): Final=2539.7, Time=64.2, Moves(42)=75.5, Pins(10)=1000.0, Dist=400.0, Win Bonus=1000.0
[2026-05-22 10:12:11] ALL WRONG MOVES BY COLOUR: {}
[2026-05-22 10:12:11] GAME TIME LIMIT REACHED.
[2026-05-22 10:12:12] SCORE The bandits (lawn green): Final=1349.5, Time=90.0, Moves(42)=75.5, Pins(8)=800.0, Dist=384.0, Win Bonus=0.0
[2026-05-22 10:12:12] SCORE jat (gray0): Final=2539.7, Time=64.2, Moves(42)=75.5, Pins(10)=1000.0, Dist=400.0, Win Bonus=1000.0
[2026-05-22 10:12:12] ALL WRONG MOVES BY COLOUR: {}
[2026-05-22 10:12:12] GAME TIME LIMIT REACHED.
[2026-05-22 10:12:12] SCORE The bandits (lawn green): Final=1349.5, Time=90.0, Moves(42)=75.5, Pins(8)=800.0, Dist=384.0, Win Bonus=0.0
[2026-05-22 10:12:12] SCORE jat (gray0): Final=2539.7, Time=64.2, Moves(42)=75.5, Pins(10)=1000.0, Dist=400.0, Win Bonus=1000.0
[2026-05-22 10:12:12] ALL WRONG MOVES BY COLOUR: {}
[2026-05-22 10:12:12] GAME TIME LIMIT REACHED.
[2026-05-22 10:12:12] SCORE The bandits (lawn green): Final=1349.5, Time=90.0, Moves(42)=75.5, Pins(8)=800.0, Dist=384.0, Win Bonus=0.0
[2026-05-22 10:12:12] SCORE jat (gray0): Final=2539.7, Time=64.2, Moves(42)=75.5, Pins(10)=1000.0, Dist=400.0, Win Bonus=1000.0
[2026-05-22 10:12:12] ALL WRONG MOVES BY COLOUR: {}
[2026-05-22 10:12:12] GAME TIME LIMIT REACHED.
[2026-05-22 10:12:12] SCORE The bandits (lawn green): Final=1349.5, Time=90.0, Moves(42)=75.5, Pins(8)=800.0, Dist=384.0, Win Bonus=0.0
[2026-05-22 10:12:12] SCORE jat (gray0): Final=2539.7, Time=64.2, Moves(42)=75.5, Pins(10)=1000.0, Dist=400.0, Win Bonus=1000.0
[2026-05-22 10:12:12] ALL WRONG MOVES BY COLOUR: {}
[2026-05-22 10:12:12] GAME TIME LIMIT REACHED.
[2026-05-22 10:12:13] SCORE The bandits (lawn green): Final=1349.5, Time=90.0, Moves(42)=75.5, Pins(8)=800.0, Dist=384.0, Win Bonus=0.0
[2026-05-22 10:12:13] SCORE jat (gray0): Final=2539.7, Time=64.2, Moves(42)=75.5, Pins(10)=1000.0, Dist=400.0, Win Bonus=1000.0
[2026-05-22 10:12:13] ALL WRONG MOVES BY COLOUR: {}
[2026-05-22 10:12:13] GAME TIME LIMIT REACHED.
[2026-05-22 10:12:13] SCORE The bandits (lawn green): Final=1349.5, Time=90.0, Moves(42)=75.5, Pins(8)=800.0, Dist=384.0, Win Bonus=0.0
[2026-05-22 10:12:13] SCORE jat (gray0): Final=2539.7, Time=64.2, Moves(42)=75.5, Pins(10)=1000.0, Dist=400.0, Win Bonus=1000.0
[2026-05-22 10:12:13] ALL WRONG MOVES BY COLOUR: {}
[2026-05-22 10:12:13] GAME TIME LIMIT REACHED.
[2026-05-22 10:12:13] SCORE The bandits (lawn green): Final=1349.5, Time=90.0, Moves(42)=75.5, Pins(8)=800.0, Dist=384.0, Win Bonus=0.0
[2026-05-22 10:12:13] SCORE jat (gray0): Final=2539.7, Time=64.2, Moves(42)=75.5, Pins(10)=1000.0, Dist=400.0, Win Bonus=1000.0
[2026-05-22 10:12:13] ALL WRONG MOVES BY COLOUR: {}
[2026-05-22 10:12:13] GAME TIME LIMIT REACHED.
[2026-05-22 10:12:13] SCORE The bandits (lawn green): Final=1349.5, Time=90.0, Moves(42)=75.5, Pins(8)=800.0, Dist=384.0, Win Bonus=0.0
[2026-05-22 10:12:13] SCORE jat (gray0): Final=2539.7, Time=64.2, Moves(42)=75.5, Pins(10)=1000.0, Dist=400.0, Win Bonus=1000.0
[2026-05-22 10:12:13] ALL WRONG MOVES BY COLOUR: {}
[2026-05-22 10:12:13] GAME TIME LIMIT REACHED.
[2026-05-22 10:12:14] SCORE The bandits (lawn green): Final=1349.5, Time=90.0, Moves(42)=75.5, Pins(8)=800.0, Dist=384.0, Win Bonus=0.0
[2026-05-22 10:12:14] SCORE jat (gray0): Final=2539.7, Time=64.2, Moves(42)=75.5, Pins(10)=1000.0, Dist=400.0, Win Bonus=1000.0
[2026-05-22 10:12:14] ALL WRONG MOVES BY COLOUR: {}
[2026-05-22 10:12:14] GAME TIME LIMIT REACHED.
[2026-05-22 10:12:14] SCORE The bandits (lawn green): Final=1349.5, Time=90.0, Moves(42)=75.5, Pins(8)=800.0, Dist=384.0, Win Bonus=0.0
[2026-05-22 10:12:14] SCORE jat (gray0): Final=2539.7, Time=64.2, Moves(42)=75.5, Pins(10)=1000.0, Dist=400.0, Win Bonus=1000.0
[2026-05-22 10:12:14] ALL WRONG MOVES BY COLOUR: {}
[2026-05-22 10:12:14] GAME TIME LIMIT REACHED.
[2026-05-22 10:12:14] SCORE The bandits (lawn green): Final=1349.5, Time=90.0, Moves(42)=75.5, Pins(8)=800.0, Dist=384.0, Win Bonus=0.0
[2026-05-22 10:12:14] SCORE jat (gray0): Final=2539.7, Time=64.2, Moves(42)=75.5, Pins(10)=1000.0, Dist=400.0, Win Bonus=1000.0
[2026-05-22 10:12:14] ALL WRONG MOVES BY COLOUR: {}
[2026-05-22 10:12:14] GAME TIME LIMIT REACHED.
[2026-05-22 10:12:14] SCORE The bandits (lawn green): Final=1349.5, Time=90.0, Moves(42)=75.5, Pins(8)=800.0, Dist=384.0, Win Bonus=0.0
[2026-05-22 10:12:14] SCORE jat (gray0): Final=2539.7, Time=64.2, Moves(42)=75.5, Pins(10)=1000.0, Dist=400.0, Win Bonus=1000.0
[2026-05-22 10:12:14] ALL WRONG MOVES BY COLOUR: {}
[2026-05-22 10:12:14] GAME TIME LIMIT REACHED.
[2026-05-22 10:12:15] SCORE The bandits (lawn green): Final=1349.5, Time=90.0, Moves(42)=75.5, Pins(8)=800.0, Dist=384.0, Win Bonus=0.0
[2026-05-22 10:12:15] SCORE jat (gray0): Final=2539.7, Time=64.2, Moves(42)=75.5, Pins(10)=1000.0, Dist=400.0, Win Bonus=1000.0
[2026-05-22 10:12:15] ALL WRONG MOVES BY COLOUR: {}
[2026-05-22 10:12:15] GAME TIME LIMIT REACHED.
[2026-05-22 10:12:15] SCORE The bandits (lawn green): Final=1349.5, Time=90.0, Moves(42)=75.5, Pins(8)=800.0, Dist=384.0, Win Bonus=0.0
[2026-05-22 10:12:15] SCORE jat (gray0): Final=2539.7, Time=64.2, Moves(42)=75.5, Pins(10)=1000.0, Dist=400.0, Win Bonus=1000.0
[2026-05-22 10:12:15] ALL WRONG MOVES BY COLOUR: {}
[2026-05-22 10:12:15] GAME TIME LIMIT REACHED.
[2026-05-22 10:12:15] SCORE The bandits (lawn green): Final=1349.5, Time=90.0, Moves(42)=75.5, Pins(8)=800.0, Dist=384.0, Win Bonus=0.0
[2026-05-22 10:12:15] SCORE jat (gray0): Final=2539.7, Time=64.2, Moves(42)=75.5, Pins(10)=1000.0, Dist=400.0, Win Bonus=1000.0
[2026-05-22 10:12:15] ALL WRONG MOVES BY COLOUR: {}
[2026-05-22 10:12:15] GAME TIME LIMIT REACHED.
[2026-05-22 10:12:15] SCORE The bandits (lawn green): Final=1349.5, Time=90.0, Moves(42)=75.5, Pins(8)=800.0, Dist=384.0, Win Bonus=0.0
[2026-05-22 10:12:15] SCORE jat (gray0): Final=2539.7, Time=64.2, Moves(42)=75.5, Pins(10)=1000.0, Dist=400.0, Win Bonus=1000.0
[2026-05-22 10:12:15] ALL WRONG MOVES BY COLOUR: {}
[2026-05-22 10:12:15] GAME TIME LIMIT REACHED.
[2026-05-22 10:12:16] SCORE The bandits (lawn green): Final=1349.5, Time=90.0, Moves(42)=75.5, Pins(8)=800.0, Dist=384.0, Win Bonus=0.0
[2026-05-22 10:12:16] SCORE jat (gray0): Final=2539.7, Time=64.2, Moves(42)=75.5, Pins(10)=1000.0, Dist=400.0, Win Bonus=1000.0
[2026-05-22 10:12:16] ALL WRONG MOVES BY COLOUR: {}
[2026-05-22 10:12:16] GAME TIME LIMIT REACHED.
[2026-05-22 10:12:16] SCORE The bandits (lawn green): Final=1349.5, Time=90.0, Moves(42)=75.5, Pins(8)=800.0, Dist=384.0, Win Bonus=0.0
[2026-05-22 10:12:16] SCORE jat (gray0): Final=2539.7, Time=64.2, Moves(42)=75.5, Pins(10)=1000.0, Dist=400.0, Win Bonus=1000.0
[2026-05-22 10:12:16] ALL WRONG MOVES BY COLOUR: {}
[2026-05-22 10:12:16] GAME TIME LIMIT REACHED.
[2026-05-22 10:12:16] SCORE The bandits (lawn green): Final=1349.5, Time=90.0, Moves(42)=75.5, Pins(8)=800.0, Dist=384.0, Win Bonus=0.0
[2026-05-22 10:12:16] SCORE jat (gray0): Final=2539.7, Time=64.2, Moves(42)=75.5, Pins(10)=1000.0, Dist=400.0, Win Bonus=1000.0
[2026-05-22 10:12:16] ALL WRONG MOVES BY COLOUR: {}
[2026-05-22 10:12:16] GAME TIME LIMIT REACHED.
[2026-05-22 10:12:16] SCORE The bandits (lawn green): Final=1349.5, Time=90.0, Moves(42)=75.5, Pins(8)=800.0, Dist=384.0, Win Bonus=0.0
[2026-05-22 10:12:16] SCORE jat (gray0): Final=2539.7, Time=64.2, Moves(42)=75.5, Pins(10)=1000.0, Dist=400.0, Win Bonus=1000.0
[2026-05-22 10:12:16] ALL WRONG MOVES BY COLOUR: {}
[2026-05-22 10:12:16] GAME TIME LIMIT REACHED.
[2026-05-22 10:12:17] SCORE The bandits (lawn green): Final=1349.5, Time=90.0, Moves(42)=75.5, Pins(8)=800.0, Dist=384.0, Win Bonus=0.0
[2026-05-22 10:12:17] SCORE jat (gray0): Final=2539.7, Time=64.2, Moves(42)=75.5, Pins(10)=1000.0, Dist=400.0, Win Bonus=1000.0
[2026-05-22 10:12:17] ALL WRONG MOVES BY COLOUR: {}
[2026-05-22 10:12:17] GAME TIME LIMIT REACHED.
[2026-05-22 10:12:17] SCORE The bandits (lawn green): Final=1349.5, Time=90.0, Moves(42)=75.5, Pins(8)=800.0, Dist=384.0, Win Bonus=0.0
[2026-05-22 10:12:17] SCORE jat (gray0): Final=2539.7, Time=64.2, Moves(42)=75.5, Pins(10)=1000.0, Dist=400.0, Win Bonus=1000.0
[2026-05-22 10:12:17] ALL WRONG MOVES BY COLOUR: {}
[2026-05-22 10:12:17] GAME TIME LIMIT REACHED.
[2026-05-22 10:12:17] SCORE The bandits (lawn green): Final=1349.5, Time=90.0, Moves(42)=75.5, Pins(8)=800.0, Dist=384.0, Win Bonus=0.0
[2026-05-22 10:12:17] SCORE jat (gray0): Final=2539.7, Time=64.2, Moves(42)=75.5, Pins(10)=1000.0, Dist=400.0, Win Bonus=1000.0
[2026-05-22 10:12:17] ALL WRONG MOVES BY COLOUR: {}
[2026-05-22 10:12:17] GAME TIME LIMIT REACHED.
[2026-05-22 10:12:17] SCORE The bandits (lawn green): Final=1349.5, Time=90.0, Moves(42)=75.5, Pins(8)=800.0, Dist=384.0, Win Bonus=0.0
[2026-05-22 10:12:17] SCORE jat (gray0): Final=2539.7, Time=64.2, Moves(42)=75.5, Pins(10)=1000.0, Dist=400.0, Win Bonus=1000.0
[2026-05-22 10:12:17] ALL WRONG MOVES BY COLOUR: {}
[2026-05-22 10:12:17] GAME TIME LIMIT REACHED.
[2026-05-22 10:12:18] SCORE The bandits (lawn green): Final=1349.5, Time=90.0, Moves(42)=75.5, Pins(8)=800.0, Dist=384.0, Win Bonus=0.0
[2026-05-22 10:12:18] SCORE jat (gray0): Final=2539.7, Time=64.2, Moves(42)=75.5, Pins(10)=1000.0, Dist=400.0, Win Bonus=1000.0
[2026-05-22 10:12:18] ALL WRONG MOVES BY COLOUR: {}
[2026-05-22 10:12:18] GAME TIME LIMIT REACHED.
[2026-05-22 10:12:18] SCORE The bandits (lawn green): Final=1349.5, Time=90.0, Moves(42)=75.5, Pins(8)=800.0, Dist=384.0, Win Bonus=0.0
[2026-05-22 10:12:18] SCORE jat (gray0): Final=2539.7, Time=64.2, Moves(42)=75.5, Pins(10)=1000.0, Dist=400.0, Win Bonus=1000.0
[2026-05-22 10:12:18] ALL WRONG MOVES BY COLOUR: {}
[2026-05-22 10:12:18] GAME TIME LIMIT REACHED.
[2026-05-22 10:12:18] SCORE The bandits (lawn green): Final=1349.5, Time=90.0, Moves(42)=75.5, Pins(8)=800.0, Dist=384.0, Win Bonus=0.0
[2026-05-22 10:12:18] SCORE jat (gray0): Final=2539.7, Time=64.2, Moves(42)=75.5, Pins(10)=1000.0, Dist=400.0, Win Bonus=1000.0
[2026-05-22 10:12:18] ALL WRONG MOVES BY COLOUR: {}
[2026-05-22 10:12:18] GAME TIME LIMIT REACHED.
[2026-05-22 10:12:18] SCORE The bandits (lawn green): Final=1349.5, Time=90.0, Moves(42)=75.5, Pins(8)=800.0, Dist=384.0, Win Bonus=0.0
[2026-05-22 10:12:18] SCORE jat (gray0): Final=2539.7, Time=64.2, Moves(42)=75.5, Pins(10)=1000.0, Dist=400.0, Win Bonus=1000.0
[2026-05-22 10:12:18] ALL WRONG MOVES BY COLOUR: {}
[2026-05-22 10:12:18] GAME TIME LIMIT REACHED.
[2026-05-22 10:12:18] SCORE The bandits (lawn green): Final=1349.5, Time=90.0, Moves(42)=75.5, Pins(8)=800.0, Dist=384.0, Win Bonus=0.0
[2026-05-22 10:12:18] SCORE jat (gray0): Final=2539.7, Time=64.2, Moves(42)=75.5, Pins(10)=1000.0, Dist=400.0, Win Bonus=1000.0
[2026-05-22 10:12:18] ALL WRONG MOVES BY COLOUR: {}
[2026-05-22 10:12:18] GAME TIME LIMIT REACHED.
[2026-05-22 10:12:19] SCORE The bandits (lawn green): Final=1349.5, Time=90.0, Moves(42)=75.5, Pins(8)=800.0, Dist=384.0, Win Bonus=0.0
[2026-05-22 10:12:19] SCORE jat (gray0): Final=2539.7, Time=64.2, Moves(42)=75.5, Pins(10)=1000.0, Dist=400.0, Win Bonus=1000.0
[2026-05-22 10:12:19] ALL WRONG MOVES BY COLOUR: {}
[2026-05-22 10:12:19] GAME TIME LIMIT REACHED.
[2026-05-22 10:12:19] SCORE The bandits (lawn green): Final=1349.5, Time=90.0, Moves(42)=75.5, Pins(8)=800.0, Dist=384.0, Win Bonus=0.0
[2026-05-22 10:12:19] SCORE jat (gray0): Final=2539.7, Time=64.2, Moves(42)=75.5, Pins(10)=1000.0, Dist=400.0, Win Bonus=1000.0
[2026-05-22 10:12:19] ALL WRONG MOVES BY COLOUR: {}
[2026-05-22 10:12:19] GAME TIME LIMIT REACHED.
[2026-05-22 10:12:19] SCORE The bandits (lawn green): Final=1349.5, Time=90.0, Moves(42)=75.5, Pins(8)=800.0, Dist=384.0, Win Bonus=0.0
[2026-05-22 10:12:19] SCORE jat (gray0): Final=2539.7, Time=64.2, Moves(42)=75.5, Pins(10)=1000.0, Dist=400.0, Win Bonus=1000.0
[2026-05-22 10:12:19] ALL WRONG MOVES BY COLOUR: {}
[2026-05-22 10:12:19] GAME TIME LIMIT REACHED.
[2026-05-22 10:12:19] SCORE The bandits (lawn green): Final=1349.5, Time=90.0, Moves(42)=75.5, Pins(8)=800.0, Dist=384.0, Win Bonus=0.0
[2026-05-22 10:12:19] SCORE jat (gray0): Final=2539.7, Time=64.2, Moves(42)=75.5, Pins(10)=1000.0, Dist=400.0, Win Bonus=1000.0
[2026-05-22 10:12:19] ALL WRONG MOVES BY COLOUR: {}
[2026-05-22 10:12:19] GAME TIME LIMIT REACHED.
[2026-05-22 10:12:20] SCORE The bandits (lawn green): Final=1349.5, Time=90.0, Moves(42)=75.5, Pins(8)=800.0, Dist=384.0, Win Bonus=0.0
[2026-05-22 10:12:20] SCORE jat (gray0): Final=2539.7, Time=64.2, Moves(42)=75.5, Pins(10)=1000.0, Dist=400.0, Win Bonus=1000.0
[2026-05-22 10:12:20] ALL WRONG MOVES BY COLOUR: {}
[2026-05-22 10:12:20] GAME TIME LIMIT REACHED.
[2026-05-22 10:12:20] SCORE The bandits (lawn green): Final=1349.5, Time=90.0, Moves(42)=75.5, Pins(8)=800.0, Dist=384.0, Win Bonus=0.0
[2026-05-22 10:12:20] SCORE jat (gray0): Final=2539.7, Time=64.2, Moves(42)=75.5, Pins(10)=1000.0, Dist=400.0, Win Bonus=1000.0
[2026-05-22 10:12:20] ALL WRONG MOVES BY COLOUR: {}
[2026-05-22 10:12:20] GAME TIME LIMIT REACHED.
[2026-05-22 10:12:20] SCORE The bandits (lawn green): Final=1349.5, Time=90.0, Moves(42)=75.5, Pins(8)=800.0, Dist=384.0, Win Bonus=0.0
[2026-05-22 10:12:20] SCORE jat (gray0): Final=2539.7, Time=64.2, Moves(42)=75.5, Pins(10)=1000.0, Dist=400.0, Win Bonus=1000.0
[2026-05-22 10:12:20] ALL WRONG MOVES BY COLOUR: {}
[2026-05-22 10:12:20] GAME TIME LIMIT REACHED.
[2026-05-22 10:12:20] SCORE The bandits (lawn green): Final=1349.5, Time=90.0, Moves(42)=75.5, Pins(8)=800.0, Dist=384.0, Win Bonus=0.0
[2026-05-22 10:12:20] SCORE jat (gray0): Final=2539.7, Time=64.2, Moves(42)=75.5, Pins(10)=1000.0, Dist=400.0, Win Bonus=1000.0
[2026-05-22 10:12:20] ALL WRONG MOVES BY COLOUR: {}
[2026-05-22 10:12:20] GAME TIME LIMIT REACHED.
[2026-05-22 10:12:21] SCORE The bandits (lawn green): Final=1349.5, Time=90.0, Moves(42)=75.5, Pins(8)=800.0, Dist=384.0, Win Bonus=0.0
[2026-05-22 10:12:21] SCORE jat (gray0): Final=2539.7, Time=64.2, Moves(42)=75.5, Pins(10)=1000.0, Dist=400.0, Win Bonus=1000.0
[2026-05-22 10:12:21] ALL WRONG MOVES BY COLOUR: {}
[2026-05-22 10:12:21] GAME TIME LIMIT REACHED.
[2026-05-22 10:12:21] SCORE The bandits (lawn green): Final=1349.5, Time=90.0, Moves(42)=75.5, Pins(8)=800.0, Dist=384.0, Win Bonus=0.0
[2026-05-22 10:12:21] SCORE jat (gray0): Final=2539.7, Time=64.2, Moves(42)=75.5, Pins(10)=1000.0, Dist=400.0, Win Bonus=1000.0
[2026-05-22 10:12:21] ALL WRONG MOVES BY COLOUR: {}
[2026-05-22 10:12:21] GAME TIME LIMIT REACHED.
[2026-05-22 10:12:21] SCORE The bandits (lawn green): Final=1349.5, Time=90.0, Moves(42)=75.5, Pins(8)=800.0, Dist=384.0, Win Bonus=0.0
[2026-05-22 10:12:21] SCORE jat (gray0): Final=2539.7, Time=64.2, Moves(42)=75.5, Pins(10)=1000.0, Dist=400.0, Win Bonus=1000.0
[2026-05-22 10:12:21] ALL WRONG MOVES BY COLOUR: {}
[2026-05-22 10:12:21] GAME TIME LIMIT REACHED.
[2026-05-22 10:12:21] SCORE The bandits (lawn green): Final=1349.5, Time=90.0, Moves(42)=75.5, Pins(8)=800.0, Dist=384.0, Win Bonus=0.0
[2026-05-22 10:12:21] SCORE jat (gray0): Final=2539.7, Time=64.2, Moves(42)=75.5, Pins(10)=1000.0, Dist=400.0, Win Bonus=1000.0
[2026-05-22 10:12:21] ALL WRONG MOVES BY COLOUR: {}
[2026-05-22 10:12:21] GAME TIME LIMIT REACHED.
[2026-05-22 10:12:22] SCORE The bandits (lawn green): Final=1349.5, Time=90.0, Moves(42)=75.5, Pins(8)=800.0, Dist=384.0, Win Bonus=0.0
[2026-05-22 10:12:22] SCORE jat (gray0): Final=2539.7, Time=64.2, Moves(42)=75.5, Pins(10)=1000.0, Dist=400.0, Win Bonus=1000.0
[2026-05-22 10:12:22] ALL WRONG MOVES BY COLOUR: {}
[2026-05-22 10:12:22] GAME TIME LIMIT REACHED.
[2026-05-22 10:12:22] SCORE The bandits (lawn green): Final=1349.5, Time=90.0, Moves(42)=75.5, Pins(8)=800.0, Dist=384.0, Win Bonus=0.0
[2026-05-22 10:12:22] SCORE jat (gray0): Final=2539.7, Time=64.2, Moves(42)=75.5, Pins(10)=1000.0, Dist=400.0, Win Bonus=1000.0
[2026-05-22 10:12:22] ALL WRONG MOVES BY COLOUR: {}
[2026-05-22 10:12:22] GAME TIME LIMIT REACHED.
[2026-05-22 10:12:22] SCORE The bandits (lawn green): Final=1349.5, Time=90.0, Moves(42)=75.5, Pins(8)=800.0, Dist=384.0, Win Bonus=0.0
[2026-05-22 10:12:22] SCORE jat (gray0): Final=2539.7, Time=64.2, Moves(42)=75.5, Pins(10)=1000.0, Dist=400.0, Win Bonus=1000.0
[2026-05-22 10:12:22] ALL WRONG MOVES BY COLOUR: {}
[2026-05-22 10:12:22] GAME TIME LIMIT REACHED.
[2026-05-22 10:12:22] SCORE The bandits (lawn green): Final=1349.5, Time=90.0, Moves(42)=75.5, Pins(8)=800.0, Dist=384.0, Win Bonus=0.0
[2026-05-22 10:12:22] SCORE jat (gray0): Final=2539.7, Time=64.2, Moves(42)=75.5, Pins(10)=1000.0, Dist=400.0, Win Bonus=1000.0
[2026-05-22 10:12:22] ALL WRONG MOVES BY COLOUR: {}
[2026-05-22 10:12:22] GAME TIME LIMIT REACHED.
[2026-05-22 10:12:22] SCORE The bandits (lawn green): Final=1349.5, Time=90.0, Moves(42)=75.5, Pins(8)=800.0, Dist=384.0, Win Bonus=0.0
[2026-05-22 10:12:22] SCORE jat (gray0): Final=2539.7, Time=64.2, Moves(42)=75.5, Pins(10)=1000.0, Dist=400.0, Win Bonus=1000.0
[2026-05-22 10:12:22] ALL WRONG MOVES BY COLOUR: {}
[2026-05-22 10:12:22] GAME TIME LIMIT REACHED.
[2026-05-22 10:12:23] SCORE The bandits (lawn green): Final=1349.5, Time=90.0, Moves(42)=75.5, Pins(8)=800.0, Dist=384.0, Win Bonus=0.0
[2026-05-22 10:12:23] SCORE jat (gray0): Final=2539.7, Time=64.2, Moves(42)=75.5, Pins(10)=1000.0, Dist=400.0, Win Bonus=1000.0
[2026-05-22 10:12:23] ALL WRONG MOVES BY COLOUR: {}
[2026-05-22 10:12:23] GAME TIME LIMIT REACHED.
[2026-05-22 10:12:23] SCORE The bandits (lawn green): Final=1349.5, Time=90.0, Moves(42)=75.5, Pins(8)=800.0, Dist=384.0, Win Bonus=0.0
[2026-05-22 10:12:23] SCORE jat (gray0): Final=2539.7, Time=64.2, Moves(42)=75.5, Pins(10)=1000.0, Dist=400.0, Win Bonus=1000.0
[2026-05-22 10:12:23] ALL WRONG MOVES BY COLOUR: {}
[2026-05-22 10:12:23] GAME TIME LIMIT REACHED.
[2026-05-22 10:12:23] SCORE The bandits (lawn green): Final=1349.5, Time=90.0, Moves(42)=75.5, Pins(8)=800.0, Dist=384.0, Win Bonus=0.0
[2026-05-22 10:12:23] SCORE jat (gray0): Final=2539.7, Time=64.2, Moves(42)=75.5, Pins(10)=1000.0, Dist=400.0, Win Bonus=1000.0
[2026-05-22 10:12:23] ALL WRONG MOVES BY COLOUR: {}
[2026-05-22 10:12:23] GAME TIME LIMIT REACHED.
[2026-05-22 10:12:23] SCORE The bandits (lawn green): Final=1349.5, Time=90.0, Moves(42)=75.5, Pins(8)=800.0, Dist=384.0, Win Bonus=0.0
[2026-05-22 10:12:23] SCORE jat (gray0): Final=2539.7, Time=64.2, Moves(42)=75.5, Pins(10)=1000.0, Dist=400.0, Win Bonus=1000.0
[2026-05-22 10:12:23] ALL WRONG MOVES BY COLOUR: {}
[2026-05-22 10:12:23] GAME TIME LIMIT REACHED.
[2026-05-22 10:12:24] SCORE The bandits (lawn green): Final=1349.5, Time=90.0, Moves(42)=75.5, Pins(8)=800.0, Dist=384.0, Win Bonus=0.0
[2026-05-22 10:12:24] SCORE jat (gray0): Final=2539.7, Time=64.2, Moves(42)=75.5, Pins(10)=1000.0, Dist=400.0, Win Bonus=1000.0
[2026-05-22 10:12:24] ALL WRONG MOVES BY COLOUR: {}
[2026-05-22 10:12:24] GAME TIME LIMIT REACHED.
[2026-05-22 10:12:24] SCORE The bandits (lawn green): Final=1349.5, Time=90.0, Moves(42)=75.5, Pins(8)=800.0, Dist=384.0, Win Bonus=0.0
[2026-05-22 10:12:24] SCORE jat (gray0): Final=2539.7, Time=64.2, Moves(42)=75.5, Pins(10)=1000.0, Dist=400.0, Win Bonus=1000.0
[2026-05-22 10:12:24] ALL WRONG MOVES BY COLOUR: {}
[2026-05-22 10:12:24] GAME TIME LIMIT REACHED.
[2026-05-22 10:12:24] SCORE The bandits (lawn green): Final=1349.5, Time=90.0, Moves(42)=75.5, Pins(8)=800.0, Dist=384.0, Win Bonus=0.0
[2026-05-22 10:12:24] SCORE jat (gray0): Final=2539.7, Time=64.2, Moves(42)=75.5, Pins(10)=1000.0, Dist=400.0, Win Bonus=1000.0
[2026-05-22 10:12:24] ALL WRONG MOVES BY COLOUR: {}
[2026-05-22 10:12:24] GAME TIME LIMIT REACHED.
[2026-05-22 10:12:24] SCORE The bandits (lawn green): Final=1349.5, Time=90.0, Moves(42)=75.5, Pins(8)=800.0, Dist=384.0, Win Bonus=0.0
[2026-05-22 10:12:24] SCORE jat (gray0): Final=2539.7, Time=64.2, Moves(42)=75.5, Pins(10)=1000.0, Dist=400.0, Win Bonus=1000.0
[2026-05-22 10:12:24] ALL WRONG MOVES BY COLOUR: {}
[2026-05-22 10:12:24] GAME TIME LIMIT REACHED.
[2026-05-22 10:12:25] SCORE The bandits (lawn green): Final=1349.5, Time=90.0, Moves(42)=75.5, Pins(8)=800.0, Dist=384.0, Win Bonus=0.0
[2026-05-22 10:12:25] SCORE jat (gray0): Final=2539.7, Time=64.2, Moves(42)=75.5, Pins(10)=1000.0, Dist=400.0, Win Bonus=1000.0
[2026-05-22 10:12:25] ALL WRONG MOVES BY COLOUR: {}
[2026-05-22 10:12:25] GAME TIME LIMIT REACHED.
[2026-05-22 10:12:25] SCORE The bandits (lawn green): Final=1349.5, Time=90.0, Moves(42)=75.5, Pins(8)=800.0, Dist=384.0, Win Bonus=0.0
[2026-05-22 10:12:25] SCORE jat (gray0): Final=2539.7, Time=64.2, Moves(42)=75.5, Pins(10)=1000.0, Dist=400.0, Win Bonus=1000.0
[2026-05-22 10:12:25] ALL WRONG MOVES BY COLOUR: {}
[2026-05-22 10:12:25] GAME TIME LIMIT REACHED.
[2026-05-22 10:12:25] SCORE The bandits (lawn green): Final=1349.5, Time=90.0, Moves(42)=75.5, Pins(8)=800.0, Dist=384.0, Win Bonus=0.0
[2026-05-22 10:12:25] SCORE jat (gray0): Final=2539.7, Time=64.2, Moves(42)=75.5, Pins(10)=1000.0, Dist=400.0, Win Bonus=1000.0
[2026-05-22 10:12:25] ALL WRONG MOVES BY COLOUR: {}
[2026-05-22 10:12:25] GAME TIME LIMIT REACHED.
[2026-05-22 10:12:25] SCORE The bandits (lawn green): Final=1349.5, Time=90.0, Moves(42)=75.5, Pins(8)=800.0, Dist=384.0, Win Bonus=0.0
[2026-05-22 10:12:25] SCORE jat (gray0): Final=2539.7, Time=64.2, Moves(42)=75.5, Pins(10)=1000.0, Dist=400.0, Win Bonus=1000.0
[2026-05-22 10:12:25] ALL WRONG MOVES BY COLOUR: {}
[2026-05-22 10:12:25] GAME TIME LIMIT REACHED.
[2026-05-22 10:12:26] SCORE The bandits (lawn green): Final=1349.5, Time=90.0, Moves(42)=75.5, Pins(8)=800.0, Dist=384.0, Win Bonus=0.0
[2026-05-22 10:12:26] SCORE jat (gray0): Final=2539.7, Time=64.2, Moves(42)=75.5, Pins(10)=1000.0, Dist=400.0, Win Bonus=1000.0
[2026-05-22 10:12:26] ALL WRONG MOVES BY COLOUR: {}
[2026-05-22 10:12:26] GAME TIME LIMIT REACHED.
[2026-05-22 10:12:26] SCORE The bandits (lawn green): Final=1349.5, Time=90.0, Moves(42)=75.5, Pins(8)=800.0, Dist=384.0, Win Bonus=0.0
[2026-05-22 10:12:26] SCORE jat (gray0): Final=2539.7, Time=64.2, Moves(42)=75.5, Pins(10)=1000.0, Dist=400.0, Win Bonus=1000.0
[2026-05-22 10:12:26] ALL WRONG MOVES BY COLOUR: {}
[2026-05-22 10:12:26] GAME TIME LIMIT REACHED.
[2026-05-22 10:12:26] SCORE The bandits (lawn green): Final=1349.5, Time=90.0, Moves(42)=75.5, Pins(8)=800.0, Dist=384.0, Win Bonus=0.0
[2026-05-22 10:12:26] SCORE jat (gray0): Final=2539.7, Time=64.2, Moves(42)=75.5, Pins(10)=1000.0, Dist=400.0, Win Bonus=1000.0
[2026-05-22 10:12:26] ALL WRONG MOVES BY COLOUR: {}
[2026-05-22 10:12:26] GAME TIME LIMIT REACHED.
[2026-05-22 10:12:26] SCORE The bandits (lawn green): Final=1349.5, Time=90.0, Moves(42)=75.5, Pins(8)=800.0, Dist=384.0, Win Bonus=0.0
[2026-05-22 10:12:26] SCORE jat (gray0): Final=2539.7, Time=64.2, Moves(42)=75.5, Pins(10)=1000.0, Dist=400.0, Win Bonus=1000.0
[2026-05-22 10:12:26] ALL WRONG MOVES BY COLOUR: {}
[2026-05-22 10:12:26] GAME TIME LIMIT REACHED.
[2026-05-22 10:12:27] SCORE The bandits (lawn green): Final=1349.5, Time=90.0, Moves(42)=75.5, Pins(8)=800.0, Dist=384.0, Win Bonus=0.0
[2026-05-22 10:12:27] SCORE jat (gray0): Final=2539.7, Time=64.2, Moves(42)=75.5, Pins(10)=1000.0, Dist=400.0, Win Bonus=1000.0
[2026-05-22 10:12:27] ALL WRONG MOVES BY COLOUR: {}
[2026-05-22 10:12:27] GAME TIME LIMIT REACHED.
[2026-05-22 10:12:27] SCORE The bandits (lawn green): Final=1349.5, Time=90.0, Moves(42)=75.5, Pins(8)=800.0, Dist=384.0, Win Bonus=0.0
[2026-05-22 10:12:27] SCORE jat (gray0): Final=2539.7, Time=64.2, Moves(42)=75.5, Pins(10)=1000.0, Dist=400.0, Win Bonus=1000.0
[2026-05-22 10:12:27] ALL WRONG MOVES BY COLOUR: {}
[2026-05-22 10:12:27] GAME TIME LIMIT REACHED.
[2026-05-22 10:12:27] SCORE The bandits (lawn green): Final=1349.5, Time=90.0, Moves(42)=75.5, Pins(8)=800.0, Dist=384.0, Win Bonus=0.0
[2026-05-22 10:12:27] SCORE jat (gray0): Final=2539.7, Time=64.2, Moves(42)=75.5, Pins(10)=1000.0, Dist=400.0, Win Bonus=1000.0
[2026-05-22 10:12:27] ALL WRONG MOVES BY COLOUR: {}
[2026-05-22 10:12:27] GAME TIME LIMIT REACHED.
[2026-05-22 10:12:27] SCORE The bandits (lawn green): Final=1349.5, Time=90.0, Moves(42)=75.5, Pins(8)=800.0, Dist=384.0, Win Bonus=0.0
[2026-05-22 10:12:27] SCORE jat (gray0): Final=2539.7, Time=64.2, Moves(42)=75.5, Pins(10)=1000.0, Dist=400.0, Win Bonus=1000.0
[2026-05-22 10:12:27] ALL WRONG MOVES BY COLOUR: {}
[2026-05-22 10:12:27] GAME TIME LIMIT REACHED.
[2026-05-22 10:12:27] SCORE The bandits (lawn green): Final=1349.5, Time=90.0, Moves(42)=75.5, Pins(8)=800.0, Dist=384.0, Win Bonus=0.0
[2026-05-22 10:12:27] SCORE jat (gray0): Final=2539.7, Time=64.2, Moves(42)=75.5, Pins(10)=1000.0, Dist=400.0, Win Bonus=1000.0
[2026-05-22 10:12:27] ALL WRONG MOVES BY COLOUR: {}
[2026-05-22 10:12:27] GAME TIME LIMIT REACHED.
[2026-05-22 10:12:28] SCORE The bandits (lawn green): Final=1349.5, Time=90.0, Moves(42)=75.5, Pins(8)=800.0, Dist=384.0, Win Bonus=0.0
[2026-05-22 10:12:28] SCORE jat (gray0): Final=2539.7, Time=64.2, Moves(42)=75.5, Pins(10)=1000.0, Dist=400.0, Win Bonus=1000.0
[2026-05-22 10:12:28] ALL WRONG MOVES BY COLOUR: {}
[2026-05-22 10:12:28] GAME TIME LIMIT REACHED.
[2026-05-22 10:12:28] SCORE The bandits (lawn green): Final=1349.5, Time=90.0, Moves(42)=75.5, Pins(8)=800.0, Dist=384.0, Win Bonus=0.0
[2026-05-22 10:12:28] SCORE jat (gray0): Final=2539.7, Time=64.2, Moves(42)=75.5, Pins(10)=1000.0, Dist=400.0, Win Bonus=1000.0
[2026-05-22 10:12:28] ALL WRONG MOVES BY COLOUR: {}
[2026-05-22 10:12:28] GAME TIME LIMIT REACHED.
[2026-05-22 10:12:28] SCORE The bandits (lawn green): Final=1349.5, Time=90.0, Moves(42)=75.5, Pins(8)=800.0, Dist=384.0, Win Bonus=0.0
[2026-05-22 10:12:28] SCORE jat (gray0): Final=2539.7, Time=64.2, Moves(42)=75.5, Pins(10)=1000.0, Dist=400.0, Win Bonus=1000.0
[2026-05-22 10:12:28] ALL WRONG MOVES BY COLOUR: {}
[2026-05-22 10:12:28] GAME TIME LIMIT REACHED.
[2026-05-22 10:12:28] SCORE The bandits (lawn green): Final=1349.5, Time=90.0, Moves(42)=75.5, Pins(8)=800.0, Dist=384.0, Win Bonus=0.0
[2026-05-22 10:12:28] SCORE jat (gray0): Final=2539.7, Time=64.2, Moves(42)=75.5, Pins(10)=1000.0, Dist=400.0, Win Bonus=1000.0
[2026-05-22 10:12:28] ALL WRONG MOVES BY COLOUR: {}
[2026-05-22 10:12:28] GAME TIME LIMIT REACHED.
[2026-05-22 10:12:29] SCORE The bandits (lawn green): Final=1349.5, Time=90.0, Moves(42)=75.5, Pins(8)=800.0, Dist=384.0, Win Bonus=0.0
[2026-05-22 10:12:29] SCORE jat (gray0): Final=2539.7, Time=64.2, Moves(42)=75.5, Pins(10)=1000.0, Dist=400.0, Win Bonus=1000.0
[2026-05-22 10:12:29] ALL WRONG MOVES BY COLOUR: {}
[2026-05-22 10:12:29] GAME TIME LIMIT REACHED.
[2026-05-22 10:12:29] SCORE The bandits (lawn green): Final=1349.5, Time=90.0, Moves(42)=75.5, Pins(8)=800.0, Dist=384.0, Win Bonus=0.0
[2026-05-22 10:12:29] SCORE jat (gray0): Final=2539.7, Time=64.2, Moves(42)=75.5, Pins(10)=1000.0, Dist=400.0, Win Bonus=1000.0
[2026-05-22 10:12:29] ALL WRONG MOVES BY COLOUR: {}
[2026-05-22 10:12:29] GAME TIME LIMIT REACHED.
[2026-05-22 10:12:29] SCORE The bandits (lawn green): Final=1349.5, Time=90.0, Moves(42)=75.5, Pins(8)=800.0, Dist=384.0, Win Bonus=0.0
[2026-05-22 10:12:29] SCORE jat (gray0): Final=2539.7, Time=64.2, Moves(42)=75.5, Pins(10)=1000.0, Dist=400.0, Win Bonus=1000.0
[2026-05-22 10:12:29] ALL WRONG MOVES BY COLOUR: {}
[2026-05-22 10:12:29] GAME TIME LIMIT REACHED.
[2026-05-22 10:12:29] SCORE The bandits (lawn green): Final=1349.5, Time=90.0, Moves(42)=75.5, Pins(8)=800.0, Dist=384.0, Win Bonus=0.0
[2026-05-22 10:12:29] SCORE jat (gray0): Final=2539.7, Time=64.2, Moves(42)=75.5, Pins(10)=1000.0, Dist=400.0, Win Bonus=1000.0
[2026-05-22 10:12:29] ALL WRONG MOVES BY COLOUR: {}
[2026-05-22 10:12:29] GAME TIME LIMIT REACHED.
[2026-05-22 10:12:30] SCORE The bandits (lawn green): Final=1349.5, Time=90.0, Moves(42)=75.5, Pins(8)=800.0, Dist=384.0, Win Bonus=0.0
[2026-05-22 10:12:30] SCORE jat (gray0): Final=2539.7, Time=64.2, Moves(42)=75.5, Pins(10)=1000.0, Dist=400.0, Win Bonus=1000.0
[2026-05-22 10:12:30] ALL WRONG MOVES BY COLOUR: {}
[2026-05-22 10:12:30] GAME TIME LIMIT REACHED.
[2026-05-22 10:12:30] SCORE The bandits (lawn green): Final=1349.5, Time=90.0, Moves(42)=75.5, Pins(8)=800.0, Dist=384.0, Win Bonus=0.0
[2026-05-22 10:12:30] SCORE jat (gray0): Final=2539.7, Time=64.2, Moves(42)=75.5, Pins(10)=1000.0, Dist=400.0, Win Bonus=1000.0
[2026-05-22 10:12:30] ALL WRONG MOVES BY COLOUR: {}
[2026-05-22 10:12:30] GAME TIME LIMIT REACHED.
[2026-05-22 10:12:30] SCORE The bandits (lawn green): Final=1349.5, Time=90.0, Moves(42)=75.5, Pins(8)=800.0, Dist=384.0, Win Bonus=0.0
[2026-05-22 10:12:30] SCORE jat (gray0): Final=2539.7, Time=64.2, Moves(42)=75.5, Pins(10)=1000.0, Dist=400.0, Win Bonus=1000.0
[2026-05-22 10:12:30] ALL WRONG MOVES BY COLOUR: {}
[2026-05-22 10:12:30] GAME TIME LIMIT REACHED.
[2026-05-22 10:12:30] SCORE The bandits (lawn green): Final=1349.5, Time=90.0, Moves(42)=75.5, Pins(8)=800.0, Dist=384.0, Win Bonus=0.0
[2026-05-22 10:12:30] SCORE jat (gray0): Final=2539.7, Time=64.2, Moves(42)=75.5, Pins(10)=1000.0, Dist=400.0, Win Bonus=1000.0
[2026-05-22 10:12:30] ALL WRONG MOVES BY COLOUR: {}
[2026-05-22 10:12:30] GAME TIME LIMIT REACHED.
[2026-05-22 10:12:31] SCORE The bandits (lawn green): Final=1349.5, Time=90.0, Moves(42)=75.5, Pins(8)=800.0, Dist=384.0, Win Bonus=0.0
[2026-05-22 10:12:31] SCORE jat (gray0): Final=2539.7, Time=64.2, Moves(42)=75.5, Pins(10)=1000.0, Dist=400.0, Win Bonus=1000.0
[2026-05-22 10:12:31] ALL WRONG MOVES BY COLOUR: {}
[2026-05-22 10:12:31] GAME TIME LIMIT REACHED.
[2026-05-22 10:12:31] SCORE The bandits (lawn green): Final=1349.5, Time=90.0, Moves(42)=75.5, Pins(8)=800.0, Dist=384.0, Win Bonus=0.0
[2026-05-22 10:12:31] SCORE jat (gray0): Final=2539.7, Time=64.2, Moves(42)=75.5, Pins(10)=1000.0, Dist=400.0, Win Bonus=1000.0
[2026-05-22 10:12:31] ALL WRONG MOVES BY COLOUR: {}
[2026-05-22 10:12:31] GAME TIME LIMIT REACHED.
[2026-05-22 10:12:31] SCORE The bandits (lawn green): Final=1349.5, Time=90.0, Moves(42)=75.5, Pins(8)=800.0, Dist=384.0, Win Bonus=0.0
[2026-05-22 10:12:31] SCORE jat (gray0): Final=2539.7, Time=64.2, Moves(42)=75.5, Pins(10)=1000.0, Dist=400.0, Win Bonus=1000.0
[2026-05-22 10:12:31] ALL WRONG MOVES BY COLOUR: {}
[2026-05-22 10:12:31] GAME TIME LIMIT REACHED.
[2026-05-22 10:12:31] SCORE The bandits (lawn green): Final=1349.5, Time=90.0, Moves(42)=75.5, Pins(8)=800.0, Dist=384.0, Win Bonus=0.0
[2026-05-22 10:12:31] SCORE jat (gray0): Final=2539.7, Time=64.2, Moves(42)=75.5, Pins(10)=1000.0, Dist=400.0, Win Bonus=1000.0
[2026-05-22 10:12:31] ALL WRONG MOVES BY COLOUR: {}
[2026-05-22 10:12:31] GAME TIME LIMIT REACHED.
[2026-05-22 10:12:31] SCORE The bandits (lawn green): Final=1349.5, Time=90.0, Moves(42)=75.5, Pins(8)=800.0, Dist=384.0, Win Bonus=0.0
[2026-05-22 10:12:31] SCORE jat (gray0): Final=2539.7, Time=64.2, Moves(42)=75.5, Pins(10)=1000.0, Dist=400.0, Win Bonus=1000.0
[2026-05-22 10:12:31] ALL WRONG MOVES BY COLOUR: {}
[2026-05-22 10:12:31] GAME TIME LIMIT REACHED.
[2026-05-22 10:12:32] SCORE The bandits (lawn green): Final=1349.5, Time=90.0, Moves(42)=75.5, Pins(8)=800.0, Dist=384.0, Win Bonus=0.0
[2026-05-22 10:12:32] SCORE jat (gray0): Final=2539.7, Time=64.2, Moves(42)=75.5, Pins(10)=1000.0, Dist=400.0, Win Bonus=1000.0
[2026-05-22 10:12:32] ALL WRONG MOVES BY COLOUR: {}
[2026-05-22 10:12:32] GAME TIME LIMIT REACHED.
[2026-05-22 10:12:32] SCORE The bandits (lawn green): Final=1349.5, Time=90.0, Moves(42)=75.5, Pins(8)=800.0, Dist=384.0, Win Bonus=0.0
[2026-05-22 10:12:32] SCORE jat (gray0): Final=2539.7, Time=64.2, Moves(42)=75.5, Pins(10)=1000.0, Dist=400.0, Win Bonus=1000.0
[2026-05-22 10:12:32] ALL WRONG MOVES BY COLOUR: {}
[2026-05-22 10:12:32] GAME TIME LIMIT REACHED.
[2026-05-22 10:12:32] SCORE The bandits (lawn green): Final=1349.5, Time=90.0, Moves(42)=75.5, Pins(8)=800.0, Dist=384.0, Win Bonus=0.0
[2026-05-22 10:12:32] SCORE jat (gray0): Final=2539.7, Time=64.2, Moves(42)=75.5, Pins(10)=1000.0, Dist=400.0, Win Bonus=1000.0
[2026-05-22 10:12:32] ALL WRONG MOVES BY COLOUR: {}
[2026-05-22 10:12:32] GAME TIME LIMIT REACHED.
[2026-05-22 10:12:32] SCORE The bandits (lawn green): Final=1349.5, Time=90.0, Moves(42)=75.5, Pins(8)=800.0, Dist=384.0, Win Bonus=0.0
[2026-05-22 10:12:32] SCORE jat (gray0): Final=2539.7, Time=64.2, Moves(42)=75.5, Pins(10)=1000.0, Dist=400.0, Win Bonus=1000.0
[2026-05-22 10:12:32] ALL WRONG MOVES BY COLOUR: {}
[2026-05-22 10:12:32] GAME TIME LIMIT REACHED.
[2026-05-22 10:12:33] SCORE The bandits (lawn green): Final=1349.5, Time=90.0, Moves(42)=75.5, Pins(8)=800.0, Dist=384.0, Win Bonus=0.0
[2026-05-22 10:12:33] SCORE jat (gray0): Final=2539.7, Time=64.2, Moves(42)=75.5, Pins(10)=1000.0, Dist=400.0, Win Bonus=1000.0
[2026-05-22 10:12:33] ALL WRONG MOVES BY COLOUR: {}
[2026-05-22 10:12:33] GAME TIME LIMIT REACHED.
[2026-05-22 10:12:33] SCORE The bandits (lawn green): Final=1349.5, Time=90.0, Moves(42)=75.5, Pins(8)=800.0, Dist=384.0, Win Bonus=0.0
[2026-05-22 10:12:33] SCORE jat (gray0): Final=2539.7, Time=64.2, Moves(42)=75.5, Pins(10)=1000.0, Dist=400.0, Win Bonus=1000.0
[2026-05-22 10:12:33] ALL WRONG MOVES BY COLOUR: {}
[2026-05-22 10:12:33] GAME TIME LIMIT REACHED.
[2026-05-22 10:12:33] SCORE The bandits (lawn green): Final=1349.5, Time=90.0, Moves(42)=75.5, Pins(8)=800.0, Dist=384.0, Win Bonus=0.0
[2026-05-22 10:12:33] SCORE jat (gray0): Final=2539.7, Time=64.2, Moves(42)=75.5, Pins(10)=1000.0, Dist=400.0, Win Bonus=1000.0
[2026-05-22 10:12:33] ALL WRONG MOVES BY COLOUR: {}
[2026-05-22 10:12:33] GAME TIME LIMIT REACHED.
[2026-05-22 10:12:33] SCORE The bandits (lawn green): Final=1349.5, Time=90.0, Moves(42)=75.5, Pins(8)=800.0, Dist=384.0, Win Bonus=0.0
[2026-05-22 10:12:33] SCORE jat (gray0): Final=2539.7, Time=64.2, Moves(42)=75.5, Pins(10)=1000.0, Dist=400.0, Win Bonus=1000.0
[2026-05-22 10:12:33] ALL WRONG MOVES BY COLOUR: {}
[2026-05-22 10:12:33] GAME TIME LIMIT REACHED.
[2026-05-22 10:12:34] SCORE The bandits (lawn green): Final=1349.5, Time=90.0, Moves(42)=75.5, Pins(8)=800.0, Dist=384.0, Win Bonus=0.0
[2026-05-22 10:12:34] SCORE jat (gray0): Final=2539.7, Time=64.2, Moves(42)=75.5, Pins(10)=1000.0, Dist=400.0, Win Bonus=1000.0
[2026-05-22 10:12:34] ALL WRONG MOVES BY COLOUR: {}
[2026-05-22 10:12:34] GAME TIME LIMIT REACHED.
[2026-05-22 10:12:34] SCORE The bandits (lawn green): Final=1349.5, Time=90.0, Moves(42)=75.5, Pins(8)=800.0, Dist=384.0, Win Bonus=0.0
[2026-05-22 10:12:34] SCORE jat (gray0): Final=2539.7, Time=64.2, Moves(42)=75.5, Pins(10)=1000.0, Dist=400.0, Win Bonus=1000.0
[2026-05-22 10:12:34] ALL WRONG MOVES BY COLOUR: {}
[2026-05-22 10:12:34] GAME TIME LIMIT REACHED.
[2026-05-22 10:12:34] SCORE The bandits (lawn green): Final=1349.5, Time=90.0, Moves(42)=75.5, Pins(8)=800.0, Dist=384.0, Win Bonus=0.0
[2026-05-22 10:12:34] SCORE jat (gray0): Final=2539.7, Time=64.2, Moves(42)=75.5, Pins(10)=1000.0, Dist=400.0, Win Bonus=1000.0
[2026-05-22 10:12:34] ALL WRONG MOVES BY COLOUR: {}
[2026-05-22 10:12:34] GAME TIME LIMIT REACHED.
[2026-05-22 10:12:34] SCORE The bandits (lawn green): Final=1349.5, Time=90.0, Moves(42)=75.5, Pins(8)=800.0, Dist=384.0, Win Bonus=0.0
[2026-05-22 10:12:34] SCORE jat (gray0): Final=2539.7, Time=64.2, Moves(42)=75.5, Pins(10)=1000.0, Dist=400.0, Win Bonus=1000.0
[2026-05-22 10:12:34] ALL WRONG MOVES BY COLOUR: {}
[2026-05-22 10:12:34] GAME TIME LIMIT REACHED.
[2026-05-22 10:12:35] SCORE The bandits (lawn green): Final=1349.5, Time=90.0, Moves(42)=75.5, Pins(8)=800.0, Dist=384.0, Win Bonus=0.0
[2026-05-22 10:12:35] SCORE jat (gray0): Final=2539.7, Time=64.2, Moves(42)=75.5, Pins(10)=1000.0, Dist=400.0, Win Bonus=1000.0
[2026-05-22 10:12:35] ALL WRONG MOVES BY COLOUR: {}
[2026-05-22 10:12:35] GAME TIME LIMIT REACHED.
[2026-05-22 10:12:35] SCORE The bandits (lawn green): Final=1349.5, Time=90.0, Moves(42)=75.5, Pins(8)=800.0, Dist=384.0, Win Bonus=0.0
[2026-05-22 10:12:35] SCORE jat (gray0): Final=2539.7, Time=64.2, Moves(42)=75.5, Pins(10)=1000.0, Dist=400.0, Win Bonus=1000.0
[2026-05-22 10:12:35] ALL WRONG MOVES BY COLOUR: {}
[2026-05-22 10:12:35] GAME TIME LIMIT REACHED.
[2026-05-22 10:12:35] SCORE The bandits (lawn green): Final=1349.5, Time=90.0, Moves(42)=75.5, Pins(8)=800.0, Dist=384.0, Win Bonus=0.0
[2026-05-22 10:12:35] SCORE jat (gray0): Final=2539.7, Time=64.2, Moves(42)=75.5, Pins(10)=1000.0, Dist=400.0, Win Bonus=1000.0
[2026-05-22 10:12:35] ALL WRONG MOVES BY COLOUR: {}
[2026-05-22 10:12:35] GAME TIME LIMIT REACHED.
[2026-05-22 10:12:35] SCORE The bandits (lawn green): Final=1349.5, Time=90.0, Moves(42)=75.5, Pins(8)=800.0, Dist=384.0, Win Bonus=0.0
[2026-05-22 10:12:35] SCORE jat (gray0): Final=2539.7, Time=64.2, Moves(42)=75.5, Pins(10)=1000.0, Dist=400.0, Win Bonus=1000.0
[2026-05-22 10:12:35] ALL WRONG MOVES BY COLOUR: {}
[2026-05-22 10:12:35] GAME TIME LIMIT REACHED.
[2026-05-22 10:12:36] SCORE The bandits (lawn green): Final=1349.5, Time=90.0, Moves(42)=75.5, Pins(8)=800.0, Dist=384.0, Win Bonus=0.0
[2026-05-22 10:12:36] SCORE jat (gray0): Final=2539.7, Time=64.2, Moves(42)=75.5, Pins(10)=1000.0, Dist=400.0, Win Bonus=1000.0
[2026-05-22 10:12:36] ALL WRONG MOVES BY COLOUR: {}
[2026-05-22 10:12:36] GAME TIME LIMIT REACHED.
[2026-05-22 10:12:36] SCORE The bandits (lawn green): Final=1349.5, Time=90.0, Moves(42)=75.5, Pins(8)=800.0, Dist=384.0, Win Bonus=0.0
[2026-05-22 10:12:36] SCORE jat (gray0): Final=2539.7, Time=64.2, Moves(42)=75.5, Pins(10)=1000.0, Dist=400.0, Win Bonus=1000.0
[2026-05-22 10:12:36] ALL WRONG MOVES BY COLOUR: {}
[2026-05-22 10:12:36] GAME TIME LIMIT REACHED.
[2026-05-22 10:12:36] SCORE The bandits (lawn green): Final=1349.5, Time=90.0, Moves(42)=75.5, Pins(8)=800.0, Dist=384.0, Win Bonus=0.0
[2026-05-22 10:12:36] SCORE jat (gray0): Final=2539.7, Time=64.2, Moves(42)=75.5, Pins(10)=1000.0, Dist=400.0, Win Bonus=1000.0
[2026-05-22 10:12:36] ALL WRONG MOVES BY COLOUR: {}
[2026-05-22 10:12:36] GAME TIME LIMIT REACHED.
[2026-05-22 10:12:36] SCORE The bandits (lawn green): Final=1349.5, Time=90.0, Moves(42)=75.5, Pins(8)=800.0, Dist=384.0, Win Bonus=0.0
[2026-05-22 10:12:36] SCORE jat (gray0): Final=2539.7, Time=64.2, Moves(42)=75.5, Pins(10)=1000.0, Dist=400.0, Win Bonus=1000.0
[2026-05-22 10:12:36] ALL WRONG MOVES BY COLOUR: {}
[2026-05-22 10:12:36] GAME TIME LIMIT REACHED.
[2026-05-22 10:12:37] SCORE The bandits (lawn green): Final=1349.5, Time=90.0, Moves(42)=75.5, Pins(8)=800.0, Dist=384.0, Win Bonus=0.0
[2026-05-22 10:12:37] SCORE jat (gray0): Final=2539.7, Time=64.2, Moves(42)=75.5, Pins(10)=1000.0, Dist=400.0, Win Bonus=1000.0
[2026-05-22 10:12:37] ALL WRONG MOVES BY COLOUR: {}
[2026-05-22 10:12:37] GAME TIME LIMIT REACHED.
[2026-05-22 10:12:37] SCORE The bandits (lawn green): Final=1349.5, Time=90.0, Moves(42)=75.5, Pins(8)=800.0, Dist=384.0, Win Bonus=0.0
[2026-05-22 10:12:37] SCORE jat (gray0): Final=2539.7, Time=64.2, Moves(42)=75.5, Pins(10)=1000.0, Dist=400.0, Win Bonus=1000.0
[2026-05-22 10:12:37] ALL WRONG MOVES BY COLOUR: {}
[2026-05-22 10:12:37] GAME TIME LIMIT REACHED.
[2026-05-22 10:12:37] SCORE The bandits (lawn green): Final=1349.5, Time=90.0, Moves(42)=75.5, Pins(8)=800.0, Dist=384.0, Win Bonus=0.0
[2026-05-22 10:12:37] SCORE jat (gray0): Final=2539.7, Time=64.2, Moves(42)=75.5, Pins(10)=1000.0, Dist=400.0, Win Bonus=1000.0
[2026-05-22 10:12:37] ALL WRONG MOVES BY COLOUR: {}
[2026-05-22 10:12:37] GAME TIME LIMIT REACHED.
[2026-05-22 10:12:37] SCORE The bandits (lawn green): Final=1349.5, Time=90.0, Moves(42)=75.5, Pins(8)=800.0, Dist=384.0, Win Bonus=0.0
[2026-05-22 10:12:37] SCORE jat (gray0): Final=2539.7, Time=64.2, Moves(42)=75.5, Pins(10)=1000.0, Dist=400.0, Win Bonus=1000.0
[2026-05-22 10:12:37] ALL WRONG MOVES BY COLOUR: {}
[2026-05-22 10:12:37] GAME TIME LIMIT REACHED.
[2026-05-22 10:12:38] SCORE The bandits (lawn green): Final=1349.5, Time=90.0, Moves(42)=75.5, Pins(8)=800.0, Dist=384.0, Win Bonus=0.0
[2026-05-22 10:12:38] SCORE jat (gray0): Final=2539.7, Time=64.2, Moves(42)=75.5, Pins(10)=1000.0, Dist=400.0, Win Bonus=1000.0
[2026-05-22 10:12:38] ALL WRONG MOVES BY COLOUR: {}
[2026-05-22 10:12:38] GAME TIME LIMIT REACHED.
[2026-05-22 10:12:38] SCORE The bandits (lawn green): Final=1349.5, Time=90.0, Moves(42)=75.5, Pins(8)=800.0, Dist=384.0, Win Bonus=0.0
[2026-05-22 10:12:38] SCORE jat (gray0): Final=2539.7, Time=64.2, Moves(42)=75.5, Pins(10)=1000.0, Dist=400.0, Win Bonus=1000.0
[2026-05-22 10:12:38] ALL WRONG MOVES BY COLOUR: {}
[2026-05-22 10:12:38] GAME TIME LIMIT REACHED.
[2026-05-22 10:12:38] SCORE The bandits (lawn green): Final=1349.5, Time=90.0, Moves(42)=75.5, Pins(8)=800.0, Dist=384.0, Win Bonus=0.0
[2026-05-22 10:12:38] SCORE jat (gray0): Final=2539.7, Time=64.2, Moves(42)=75.5, Pins(10)=1000.0, Dist=400.0, Win Bonus=1000.0
[2026-05-22 10:12:38] ALL WRONG MOVES BY COLOUR: {}
[2026-05-22 10:12:38] GAME TIME LIMIT REACHED.
[2026-05-22 10:12:38] SCORE The bandits (lawn green): Final=1349.5, Time=90.0, Moves(42)=75.5, Pins(8)=800.0, Dist=384.0, Win Bonus=0.0
[2026-05-22 10:12:38] SCORE jat (gray0): Final=2539.7, Time=64.2, Moves(42)=75.5, Pins(10)=1000.0, Dist=400.0, Win Bonus=1000.0
[2026-05-22 10:12:38] ALL WRONG MOVES BY COLOUR: {}
[2026-05-22 10:12:38] GAME TIME LIMIT REACHED.
[2026-05-22 10:12:38] SCORE The bandits (lawn green): Final=1349.5, Time=90.0, Moves(42)=75.5, Pins(8)=800.0, Dist=384.0, Win Bonus=0.0
[2026-05-22 10:12:38] SCORE jat (gray0): Final=2539.7, Time=64.2, Moves(42)=75.5, Pins(10)=1000.0, Dist=400.0, Win Bonus=1000.0
[2026-05-22 10:12:38] ALL WRONG MOVES BY COLOUR: {}
[2026-05-22 10:12:38] GAME TIME LIMIT REACHED.
[2026-05-22 10:12:39] SCORE The bandits (lawn green): Final=1349.5, Time=90.0, Moves(42)=75.5, Pins(8)=800.0, Dist=384.0, Win Bonus=0.0
[2026-05-22 10:12:39] SCORE jat (gray0): Final=2539.7, Time=64.2, Moves(42)=75.5, Pins(10)=1000.0, Dist=400.0, Win Bonus=1000.0
[2026-05-22 10:12:39] ALL WRONG MOVES BY COLOUR: {}
[2026-05-22 10:12:39] GAME TIME LIMIT REACHED.
[2026-05-22 10:12:39] SCORE The bandits (lawn green): Final=1349.5, Time=90.0, Moves(42)=75.5, Pins(8)=800.0, Dist=384.0, Win Bonus=0.0
[2026-05-22 10:12:39] SCORE jat (gray0): Final=2539.7, Time=64.2, Moves(42)=75.5, Pins(10)=1000.0, Dist=400.0, Win Bonus=1000.0
[2026-05-22 10:12:39] ALL WRONG MOVES BY COLOUR: {}
[2026-05-22 10:12:39] GAME TIME LIMIT REACHED.
[2026-05-22 10:12:39] SCORE The bandits (lawn green): Final=1349.5, Time=90.0, Moves(42)=75.5, Pins(8)=800.0, Dist=384.0, Win Bonus=0.0
[2026-05-22 10:12:39] SCORE jat (gray0): Final=2539.7, Time=64.2, Moves(42)=75.5, Pins(10)=1000.0, Dist=400.0, Win Bonus=1000.0
[2026-05-22 10:12:39] ALL WRONG MOVES BY COLOUR: {}
[2026-05-22 10:12:39] GAME TIME LIMIT REACHED.
[2026-05-22 10:12:39] SCORE The bandits (lawn green): Final=1349.5, Time=90.0, Moves(42)=75.5, Pins(8)=800.0, Dist=384.0, Win Bonus=0.0
[2026-05-22 10:12:39] SCORE jat (gray0): Final=2539.7, Time=64.2, Moves(42)=75.5, Pins(10)=1000.0, Dist=400.0, Win Bonus=1000.0
[2026-05-22 10:12:39] ALL WRONG MOVES BY COLOUR: {}
[2026-05-22 10:12:39] GAME TIME LIMIT REACHED.
[2026-05-22 10:12:40] SCORE The bandits (lawn green): Final=1349.5, Time=90.0, Moves(42)=75.5, Pins(8)=800.0, Dist=384.0, Win Bonus=0.0
[2026-05-22 10:12:40] SCORE jat (gray0): Final=2539.7, Time=64.2, Moves(42)=75.5, Pins(10)=1000.0, Dist=400.0, Win Bonus=1000.0
[2026-05-22 10:12:40] ALL WRONG MOVES BY COLOUR: {}
[2026-05-22 10:12:40] GAME TIME LIMIT REACHED.
[2026-05-22 10:12:40] SCORE The bandits (lawn green): Final=1349.5, Time=90.0, Moves(42)=75.5, Pins(8)=800.0, Dist=384.0, Win Bonus=0.0
[2026-05-22 10:12:40] SCORE jat (gray0): Final=2539.7, Time=64.2, Moves(42)=75.5, Pins(10)=1000.0, Dist=400.0, Win Bonus=1000.0
[2026-05-22 10:12:40] ALL WRONG MOVES BY COLOUR: {}
[2026-05-22 10:12:40] GAME TIME LIMIT REACHED.
[2026-05-22 10:12:40] SCORE The bandits (lawn green): Final=1349.5, Time=90.0, Moves(42)=75.5, Pins(8)=800.0, Dist=384.0, Win Bonus=0.0
[2026-05-22 10:12:40] SCORE jat (gray0): Final=2539.7, Time=64.2, Moves(42)=75.5, Pins(10)=1000.0, Dist=400.0, Win Bonus=1000.0
[2026-05-22 10:12:40] ALL WRONG MOVES BY COLOUR: {}
[2026-05-22 10:12:40] GAME TIME LIMIT REACHED.
[2026-05-22 10:12:40] SCORE The bandits (lawn green): Final=1349.5, Time=90.0, Moves(42)=75.5, Pins(8)=800.0, Dist=384.0, Win Bonus=0.0
[2026-05-22 10:12:40] SCORE jat (gray0): Final=2539.7, Time=64.2, Moves(42)=75.5, Pins(10)=1000.0, Dist=400.0, Win Bonus=1000.0
[2026-05-22 10:12:40] ALL WRONG MOVES BY COLOUR: {}
[2026-05-22 10:12:40] GAME TIME LIMIT REACHED.
[2026-05-22 10:12:41] SCORE The bandits (lawn green): Final=1349.5, Time=90.0, Moves(42)=75.5, Pins(8)=800.0, Dist=384.0, Win Bonus=0.0
[2026-05-22 10:12:41] SCORE jat (gray0): Final=2539.7, Time=64.2, Moves(42)=75.5, Pins(10)=1000.0, Dist=400.0, Win Bonus=1000.0
[2026-05-22 10:12:41] ALL WRONG MOVES BY COLOUR: {}
[2026-05-22 10:12:41] GAME TIME LIMIT REACHED.
[2026-05-22 10:12:41] SCORE The bandits (lawn green): Final=1349.5, Time=90.0, Moves(42)=75.5, Pins(8)=800.0, Dist=384.0, Win Bonus=0.0
[2026-05-22 10:12:41] SCORE jat (gray0): Final=2539.7, Time=64.2, Moves(42)=75.5, Pins(10)=1000.0, Dist=400.0, Win Bonus=1000.0
[2026-05-22 10:12:41] ALL WRONG MOVES BY COLOUR: {}
[2026-05-22 10:12:41] GAME TIME LIMIT REACHED.
[2026-05-22 10:12:41] SCORE The bandits (lawn green): Final=1349.5, Time=90.0, Moves(42)=75.5, Pins(8)=800.0, Dist=384.0, Win Bonus=0.0
[2026-05-22 10:12:41] SCORE jat (gray0): Final=2539.7, Time=64.2, Moves(42)=75.5, Pins(10)=1000.0, Dist=400.0, Win Bonus=1000.0
[2026-05-22 10:12:41] ALL WRONG MOVES BY COLOUR: {}
[2026-05-22 10:12:41] GAME TIME LIMIT REACHED.
[2026-05-22 10:12:41] SCORE The bandits (lawn green): Final=1349.5, Time=90.0, Moves(42)=75.5, Pins(8)=800.0, Dist=384.0, Win Bonus=0.0
[2026-05-22 10:12:41] SCORE jat (gray0): Final=2539.7, Time=64.2, Moves(42)=75.5, Pins(10)=1000.0, Dist=400.0, Win Bonus=1000.0
[2026-05-22 10:12:41] ALL WRONG MOVES BY COLOUR: {}
[2026-05-22 10:12:41] GAME TIME LIMIT REACHED.
[2026-05-22 10:12:42] SCORE The bandits (lawn green): Final=1349.5, Time=90.0, Moves(42)=75.5, Pins(8)=800.0, Dist=384.0, Win Bonus=0.0
[2026-05-22 10:12:42] SCORE jat (gray0): Final=2539.7, Time=64.2, Moves(42)=75.5, Pins(10)=1000.0, Dist=400.0, Win Bonus=1000.0
[2026-05-22 10:12:42] ALL WRONG MOVES BY COLOUR: {}
[2026-05-22 10:12:42] GAME TIME LIMIT REACHED.
[2026-05-22 10:12:42] SCORE The bandits (lawn green): Final=1349.5, Time=90.0, Moves(42)=75.5, Pins(8)=800.0, Dist=384.0, Win Bonus=0.0
[2026-05-22 10:12:42] SCORE jat (gray0): Final=2539.7, Time=64.2, Moves(42)=75.5, Pins(10)=1000.0, Dist=400.0, Win Bonus=1000.0
[2026-05-22 10:12:42] ALL WRONG MOVES BY COLOUR: {}
[2026-05-22 10:12:42] GAME TIME LIMIT REACHED.
[2026-05-22 10:12:42] SCORE The bandits (lawn green): Final=1349.5, Time=90.0, Moves(42)=75.5, Pins(8)=800.0, Dist=384.0, Win Bonus=0.0
[2026-05-22 10:12:42] SCORE jat (gray0): Final=2539.7, Time=64.2, Moves(42)=75.5, Pins(10)=1000.0, Dist=400.0, Win Bonus=1000.0
[2026-05-22 10:12:42] ALL WRONG MOVES BY COLOUR: {}
[2026-05-22 10:12:42] GAME TIME LIMIT REACHED.
[2026-05-22 10:12:42] SCORE The bandits (lawn green): Final=1349.5, Time=90.0, Moves(42)=75.5, Pins(8)=800.0, Dist=384.0, Win Bonus=0.0
[2026-05-22 10:12:42] SCORE jat (gray0): Final=2539.7, Time=64.2, Moves(42)=75.5, Pins(10)=1000.0, Dist=400.0, Win Bonus=1000.0
[2026-05-22 10:12:42] ALL WRONG MOVES BY COLOUR: {}
[2026-05-22 10:12:42] GAME TIME LIMIT REACHED.
[2026-05-22 10:12:43] SCORE The bandits (lawn green): Final=1349.5, Time=90.0, Moves(42)=75.5, Pins(8)=800.0, Dist=384.0, Win Bonus=0.0
[2026-05-22 10:12:43] SCORE jat (gray0): Final=2539.7, Time=64.2, Moves(42)=75.5, Pins(10)=1000.0, Dist=400.0, Win Bonus=1000.0
[2026-05-22 10:12:43] ALL WRONG MOVES BY COLOUR: {}
[2026-05-22 10:12:43] GAME TIME LIMIT REACHED.
[2026-05-22 10:12:43] SCORE The bandits (lawn green): Final=1349.5, Time=90.0, Moves(42)=75.5, Pins(8)=800.0, Dist=384.0, Win Bonus=0.0
[2026-05-22 10:12:43] SCORE jat (gray0): Final=2539.7, Time=64.2, Moves(42)=75.5, Pins(10)=1000.0, Dist=400.0, Win Bonus=1000.0
[2026-05-22 10:12:43] ALL WRONG MOVES BY COLOUR: {}
[2026-05-22 10:12:43] GAME TIME LIMIT REACHED.
[2026-05-22 10:12:43] SCORE The bandits (lawn green): Final=1349.5, Time=90.0, Moves(42)=75.5, Pins(8)=800.0, Dist=384.0, Win Bonus=0.0
[2026-05-22 10:12:43] SCORE jat (gray0): Final=2539.7, Time=64.2, Moves(42)=75.5, Pins(10)=1000.0, Dist=400.0, Win Bonus=1000.0
[2026-05-22 10:12:43] ALL WRONG MOVES BY COLOUR: {}
[2026-05-22 10:12:43] GAME TIME LIMIT REACHED.
[2026-05-22 10:12:43] SCORE The bandits (lawn green): Final=1349.5, Time=90.0, Moves(42)=75.5, Pins(8)=800.0, Dist=384.0, Win Bonus=0.0
[2026-05-22 10:12:43] SCORE jat (gray0): Final=2539.7, Time=64.2, Moves(42)=75.5, Pins(10)=1000.0, Dist=400.0, Win Bonus=1000.0
[2026-05-22 10:12:43] ALL WRONG MOVES BY COLOUR: {}
[2026-05-22 10:12:43] GAME TIME LIMIT REACHED.
[2026-05-22 10:12:44] SCORE The bandits (lawn green): Final=1349.5, Time=90.0, Moves(42)=75.5, Pins(8)=800.0, Dist=384.0, Win Bonus=0.0
[2026-05-22 10:12:44] SCORE jat (gray0): Final=2539.7, Time=64.2, Moves(42)=75.5, Pins(10)=1000.0, Dist=400.0, Win Bonus=1000.0
[2026-05-22 10:12:44] ALL WRONG MOVES BY COLOUR: {}
[2026-05-22 10:12:44] GAME TIME LIMIT REACHED.
[2026-05-22 10:12:44] SCORE The bandits (lawn green): Final=1349.5, Time=90.0, Moves(42)=75.5, Pins(8)=800.0, Dist=384.0, Win Bonus=0.0
[2026-05-22 10:12:44] SCORE jat (gray0): Final=2539.7, Time=64.2, Moves(42)=75.5, Pins(10)=1000.0, Dist=400.0, Win Bonus=1000.0
[2026-05-22 10:12:44] ALL WRONG MOVES BY COLOUR: {}
[2026-05-22 10:12:44] GAME TIME LIMIT REACHED.
[2026-05-22 10:12:44] SCORE The bandits (lawn green): Final=1349.5, Time=90.0, Moves(42)=75.5, Pins(8)=800.0, Dist=384.0, Win Bonus=0.0
[2026-05-22 10:12:44] SCORE jat (gray0): Final=2539.7, Time=64.2, Moves(42)=75.5, Pins(10)=1000.0, Dist=400.0, Win Bonus=1000.0
[2026-05-22 10:12:44] ALL WRONG MOVES BY COLOUR: {}
[2026-05-22 10:12:44] GAME TIME LIMIT REACHED.
[2026-05-22 10:12:44] SCORE The bandits (lawn green): Final=1349.5, Time=90.0, Moves(42)=75.5, Pins(8)=800.0, Dist=384.0, Win Bonus=0.0
[2026-05-22 10:12:44] SCORE jat (gray0): Final=2539.7, Time=64.2, Moves(42)=75.5, Pins(10)=1000.0, Dist=400.0, Win Bonus=1000.0
[2026-05-22 10:12:44] ALL WRONG MOVES BY COLOUR: {}
[2026-05-22 10:12:44] GAME TIME LIMIT REACHED.
[2026-05-22 10:12:44] SCORE The bandits (lawn green): Final=1349.5, Time=90.0, Moves(42)=75.5, Pins(8)=800.0, Dist=384.0, Win Bonus=0.0
[2026-05-22 10:12:45] SCORE jat (gray0): Final=2539.7, Time=64.2, Moves(42)=75.5, Pins(10)=1000.0, Dist=400.0, Win Bonus=1000.0
[2026-05-22 10:12:45] ALL WRONG MOVES BY COLOUR: {}
[2026-05-22 10:12:45] GAME TIME LIMIT REACHED.
[2026-05-22 10:12:45] SCORE The bandits (lawn green): Final=1349.5, Time=90.0, Moves(42)=75.5, Pins(8)=800.0, Dist=384.0, Win Bonus=0.0
[2026-05-22 10:12:45] SCORE jat (gray0): Final=2539.7, Time=64.2, Moves(42)=75.5, Pins(10)=1000.0, Dist=400.0, Win Bonus=1000.0
[2026-05-22 10:12:45] ALL WRONG MOVES BY COLOUR: {}
[2026-05-22 10:12:45] GAME TIME LIMIT REACHED.
[2026-05-22 10:12:45] SCORE The bandits (lawn green): Final=1349.5, Time=90.0, Moves(42)=75.5, Pins(8)=800.0, Dist=384.0, Win Bonus=0.0
[2026-05-22 10:12:45] SCORE jat (gray0): Final=2539.7, Time=64.2, Moves(42)=75.5, Pins(10)=1000.0, Dist=400.0, Win Bonus=1000.0
[2026-05-22 10:12:45] ALL WRONG MOVES BY COLOUR: {}
[2026-05-22 10:12:45] GAME TIME LIMIT REACHED.
[2026-05-22 10:12:45] SCORE The bandits (lawn green): Final=1349.5, Time=90.0, Moves(42)=75.5, Pins(8)=800.0, Dist=384.0, Win Bonus=0.0
[2026-05-22 10:12:45] SCORE jat (gray0): Final=2539.7, Time=64.2, Moves(42)=75.5, Pins(10)=1000.0, Dist=400.0, Win Bonus=1000.0
[2026-05-22 10:12:45] ALL WRONG MOVES BY COLOUR: {}
[2026-05-22 10:12:45] GAME TIME LIMIT REACHED.
[2026-05-22 10:12:45] SCORE The bandits (lawn green): Final=1349.5, Time=90.0, Moves(42)=75.5, Pins(8)=800.0, Dist=384.0, Win Bonus=0.0
[2026-05-22 10:12:45] SCORE jat (gray0): Final=2539.7, Time=64.2, Moves(42)=75.5, Pins(10)=1000.0, Dist=400.0, Win Bonus=1000.0
[2026-05-22 10:12:45] ALL WRONG MOVES BY COLOUR: {}
[2026-05-22 10:12:45] GAME TIME LIMIT REACHED.
[2026-05-22 10:12:46] SCORE The bandits (lawn green): Final=1349.5, Time=90.0, Moves(42)=75.5, Pins(8)=800.0, Dist=384.0, Win Bonus=0.0
[2026-05-22 10:12:46] SCORE jat (gray0): Final=2539.7, Time=64.2, Moves(42)=75.5, Pins(10)=1000.0, Dist=400.0, Win Bonus=1000.0
[2026-05-22 10:12:46] ALL WRONG MOVES BY COLOUR: {}
[2026-05-22 10:12:46] GAME TIME LIMIT REACHED.
[2026-05-22 10:12:46] SCORE The bandits (lawn green): Final=1349.5, Time=90.0, Moves(42)=75.5, Pins(8)=800.0, Dist=384.0, Win Bonus=0.0
[2026-05-22 10:12:46] SCORE jat (gray0): Final=2539.7, Time=64.2, Moves(42)=75.5, Pins(10)=1000.0, Dist=400.0, Win Bonus=1000.0
[2026-05-22 10:12:46] ALL WRONG MOVES BY COLOUR: {}
[2026-05-22 10:12:46] GAME TIME LIMIT REACHED.
[2026-05-22 10:12:46] SCORE The bandits (lawn green): Final=1349.5, Time=90.0, Moves(42)=75.5, Pins(8)=800.0, Dist=384.0, Win Bonus=0.0
[2026-05-22 10:12:46] SCORE jat (gray0): Final=2539.7, Time=64.2, Moves(42)=75.5, Pins(10)=1000.0, Dist=400.0, Win Bonus=1000.0
[2026-05-22 10:12:46] ALL WRONG MOVES BY COLOUR: {}
[2026-05-22 10:12:46] GAME TIME LIMIT REACHED.
[2026-05-22 10:12:46] SCORE The bandits (lawn green): Final=1349.5, Time=90.0, Moves(42)=75.5, Pins(8)=800.0, Dist=384.0, Win Bonus=0.0
[2026-05-22 10:12:46] SCORE jat (gray0): Final=2539.7, Time=64.2, Moves(42)=75.5, Pins(10)=1000.0, Dist=400.0, Win Bonus=1000.0
[2026-05-22 10:12:46] ALL WRONG MOVES BY COLOUR: {}
[2026-05-22 10:12:46] GAME TIME LIMIT REACHED.
[2026-05-22 10:12:47] SCORE The bandits (lawn green): Final=1349.5, Time=90.0, Moves(42)=75.5, Pins(8)=800.0, Dist=384.0, Win Bonus=0.0
[2026-05-22 10:12:47] SCORE jat (gray0): Final=2539.7, Time=64.2, Moves(42)=75.5, Pins(10)=1000.0, Dist=400.0, Win Bonus=1000.0
[2026-05-22 10:12:47] ALL WRONG MOVES BY COLOUR: {}
[2026-05-22 10:12:47] GAME TIME LIMIT REACHED.
[2026-05-22 10:12:47] SCORE The bandits (lawn green): Final=1349.5, Time=90.0, Moves(42)=75.5, Pins(8)=800.0, Dist=384.0, Win Bonus=0.0
[2026-05-22 10:12:47] SCORE jat (gray0): Final=2539.7, Time=64.2, Moves(42)=75.5, Pins(10)=1000.0, Dist=400.0, Win Bonus=1000.0
[2026-05-22 10:12:47] ALL WRONG MOVES BY COLOUR: {}
[2026-05-22 10:12:47] GAME TIME LIMIT REACHED.
[2026-05-22 10:12:47] SCORE The bandits (lawn green): Final=1349.5, Time=90.0, Moves(42)=75.5, Pins(8)=800.0, Dist=384.0, Win Bonus=0.0
[2026-05-22 10:12:47] SCORE jat (gray0): Final=2539.7, Time=64.2, Moves(42)=75.5, Pins(10)=1000.0, Dist=400.0, Win Bonus=1000.0
[2026-05-22 10:12:47] ALL WRONG MOVES BY COLOUR: {}
[2026-05-22 10:12:47] GAME TIME LIMIT REACHED.
[2026-05-22 10:12:47] SCORE The bandits (lawn green): Final=1349.5, Time=90.0, Moves(42)=75.5, Pins(8)=800.0, Dist=384.0, Win Bonus=0.0
[2026-05-22 10:12:47] SCORE jat (gray0): Final=2539.7, Time=64.2, Moves(42)=75.5, Pins(10)=1000.0, Dist=400.0, Win Bonus=1000.0
[2026-05-22 10:12:47] ALL WRONG MOVES BY COLOUR: {}
[2026-05-22 10:12:47] GAME TIME LIMIT REACHED.
[2026-05-22 10:12:48] SCORE The bandits (lawn green): Final=1349.5, Time=90.0, Moves(42)=75.5, Pins(8)=800.0, Dist=384.0, Win Bonus=0.0
[2026-05-22 10:12:48] SCORE jat (gray0): Final=2539.7, Time=64.2, Moves(42)=75.5, Pins(10)=1000.0, Dist=400.0, Win Bonus=1000.0
[2026-05-22 10:12:48] ALL WRONG MOVES BY COLOUR: {}
[2026-05-22 10:12:48] GAME TIME LIMIT REACHED.
[2026-05-22 10:12:48] SCORE The bandits (lawn green): Final=1349.5, Time=90.0, Moves(42)=75.5, Pins(8)=800.0, Dist=384.0, Win Bonus=0.0
[2026-05-22 10:12:48] SCORE jat (gray0): Final=2539.7, Time=64.2, Moves(42)=75.5, Pins(10)=1000.0, Dist=400.0, Win Bonus=1000.0
[2026-05-22 10:12:48] ALL WRONG MOVES BY COLOUR: {}
[2026-05-22 10:12:48] GAME TIME LIMIT REACHED.
[2026-05-22 10:12:48] SCORE The bandits (lawn green): Final=1349.5, Time=90.0, Moves(42)=75.5, Pins(8)=800.0, Dist=384.0, Win Bonus=0.0
[2026-05-22 10:12:48] SCORE jat (gray0): Final=2539.7, Time=64.2, Moves(42)=75.5, Pins(10)=1000.0, Dist=400.0, Win Bonus=1000.0
[2026-05-22 10:12:48] ALL WRONG MOVES BY COLOUR: {}
[2026-05-22 10:12:48] GAME TIME LIMIT REACHED.
[2026-05-22 10:12:48] SCORE The bandits (lawn green): Final=1349.5, Time=90.0, Moves(42)=75.5, Pins(8)=800.0, Dist=384.0, Win Bonus=0.0
[2026-05-22 10:12:48] SCORE jat (gray0): Final=2539.7, Time=64.2, Moves(42)=75.5, Pins(10)=1000.0, Dist=400.0, Win Bonus=1000.0
[2026-05-22 10:12:48] ALL WRONG MOVES BY COLOUR: {}
[2026-05-22 10:12:48] GAME TIME LIMIT REACHED.
[2026-05-22 10:12:49] SCORE The bandits (lawn green): Final=1349.5, Time=90.0, Moves(42)=75.5, Pins(8)=800.0, Dist=384.0, Win Bonus=0.0
[2026-05-22 10:12:49] SCORE jat (gray0): Final=2539.7, Time=64.2, Moves(42)=75.5, Pins(10)=1000.0, Dist=400.0, Win Bonus=1000.0
[2026-05-22 10:12:49] ALL WRONG MOVES BY COLOUR: {}
[2026-05-22 10:12:49] GAME TIME LIMIT REACHED.
[2026-05-22 10:12:50] SCORE The bandits (lawn green): Final=1349.5, Time=90.0, Moves(42)=75.5, Pins(8)=800.0, Dist=384.0, Win Bonus=0.0
[2026-05-22 10:12:50] SCORE jat (gray0): Final=2539.7, Time=64.2, Moves(42)=75.5, Pins(10)=1000.0, Dist=400.0, Win Bonus=1000.0
[2026-05-22 10:12:50] ALL WRONG MOVES BY COLOUR: {}
[2026-05-22 10:12:50] GAME TIME LIMIT REACHED.
[2026-05-22 10:12:50] SCORE The bandits (lawn green): Final=1349.5, Time=90.0, Moves(42)=75.5, Pins(8)=800.0, Dist=384.0, Win Bonus=0.0
[2026-05-22 10:12:50] SCORE jat (gray0): Final=2539.7, Time=64.2, Moves(42)=75.5, Pins(10)=1000.0, Dist=400.0, Win Bonus=1000.0
[2026-05-22 10:12:50] ALL WRONG MOVES BY COLOUR: {}
[2026-05-22 10:12:50] GAME TIME LIMIT REACHED.
[2026-05-22 10:12:50] SCORE The bandits (lawn green): Final=1349.5, Time=90.0, Moves(42)=75.5, Pins(8)=800.0, Dist=384.0, Win Bonus=0.0
[2026-05-22 10:12:50] SCORE jat (gray0): Final=2539.7, Time=64.2, Moves(42)=75.5, Pins(10)=1000.0, Dist=400.0, Win Bonus=1000.0
[2026-05-22 10:12:50] ALL WRONG MOVES BY COLOUR: {}
[2026-05-22 10:12:50] GAME TIME LIMIT REACHED.
[2026-05-22 10:12:50] SCORE The bandits (lawn green): Final=1349.5, Time=90.0, Moves(42)=75.5, Pins(8)=800.0, Dist=384.0, Win Bonus=0.0
[2026-05-22 10:12:50] SCORE jat (gray0): Final=2539.7, Time=64.2, Moves(42)=75.5, Pins(10)=1000.0, Dist=400.0, Win Bonus=1000.0
[2026-05-22 10:12:50] ALL WRONG MOVES BY COLOUR: {}
[2026-05-22 10:12:50] GAME TIME LIMIT REACHED.
[2026-05-22 10:12:51] SCORE The bandits (lawn green): Final=1349.5, Time=90.0, Moves(42)=75.5, Pins(8)=800.0, Dist=384.0, Win Bonus=0.0
[2026-05-22 10:12:51] SCORE jat (gray0): Final=2539.7, Time=64.2, Moves(42)=75.5, Pins(10)=1000.0, Dist=400.0, Win Bonus=1000.0
[2026-05-22 10:12:51] ALL WRONG MOVES BY COLOUR: {}
[2026-05-22 10:12:51] GAME TIME LIMIT REACHED.
[2026-05-22 10:12:51] SCORE The bandits (lawn green): Final=1349.5, Time=90.0, Moves(42)=75.5, Pins(8)=800.0, Dist=384.0, Win Bonus=0.0
[2026-05-22 10:12:51] SCORE jat (gray0): Final=2539.7, Time=64.2, Moves(42)=75.5, Pins(10)=1000.0, Dist=400.0, Win Bonus=1000.0
[2026-05-22 10:12:51] ALL WRONG MOVES BY COLOUR: {}
[2026-05-22 10:12:51] GAME TIME LIMIT REACHED.
[2026-05-22 10:12:51] SCORE The bandits (lawn green): Final=1349.5, Time=90.0, Moves(42)=75.5, Pins(8)=800.0, Dist=384.0, Win Bonus=0.0
[2026-05-22 10:12:51] SCORE jat (gray0): Final=2539.7, Time=64.2, Moves(42)=75.5, Pins(10)=1000.0, Dist=400.0, Win Bonus=1000.0
[2026-05-22 10:12:51] ALL WRONG MOVES BY COLOUR: {}
[2026-05-22 10:12:51] GAME TIME LIMIT REACHED.
[2026-05-22 10:12:54] SCORE The bandits (lawn green): Final=1349.5, Time=90.0, Moves(42)=75.5, Pins(8)=800.0, Dist=384.0, Win Bonus=0.0
[2026-05-22 10:12:54] SCORE jat (gray0): Final=2539.7, Time=64.2, Moves(42)=75.5, Pins(10)=1000.0, Dist=400.0, Win Bonus=1000.0
[2026-05-22 10:12:54] ALL WRONG MOVES BY COLOUR: {}
[2026-05-22 10:12:54] GAME TIME LIMIT REACHED.
[2026-05-22 10:12:54] SCORE The bandits (lawn green): Final=1349.5, Time=90.0, Moves(42)=75.5, Pins(8)=800.0, Dist=384.0, Win Bonus=0.0
[2026-05-22 10:12:54] SCORE jat (gray0): Final=2539.7, Time=64.2, Moves(42)=75.5, Pins(10)=1000.0, Dist=400.0, Win Bonus=1000.0
[2026-05-22 10:12:54] ALL WRONG MOVES BY COLOUR: {}
[2026-05-22 10:12:54] GAME TIME LIMIT REACHED.
[2026-05-22 10:12:54] SCORE The bandits (lawn green): Final=1349.5, Time=90.0, Moves(42)=75.5, Pins(8)=800.0, Dist=384.0, Win Bonus=0.0
[2026-05-22 10:12:54] SCORE jat (gray0): Final=2539.7, Time=64.2, Moves(42)=75.5, Pins(10)=1000.0, Dist=400.0, Win Bonus=1000.0
[2026-05-22 10:12:54] ALL WRONG MOVES BY COLOUR: {}
[2026-05-22 10:12:54] GAME TIME LIMIT REACHED.
[2026-05-22 10:12:55] SCORE The bandits (lawn green): Final=1349.5, Time=90.0, Moves(42)=75.5, Pins(8)=800.0, Dist=384.0, Win Bonus=0.0
[2026-05-22 10:12:55] SCORE jat (gray0): Final=2539.7, Time=64.2, Moves(42)=75.5, Pins(10)=1000.0, Dist=400.0, Win Bonus=1000.0
[2026-05-22 10:12:55] ALL WRONG MOVES BY COLOUR: {}
[2026-05-22 10:12:55] GAME TIME LIMIT REACHED.
[2026-05-22 10:12:55] SCORE The bandits (lawn green): Final=1349.5, Time=90.0, Moves(42)=75.5, Pins(8)=800.0, Dist=384.0, Win Bonus=0.0
[2026-05-22 10:12:55] SCORE jat (gray0): Final=2539.7, Time=64.2, Moves(42)=75.5, Pins(10)=1000.0, Dist=400.0, Win Bonus=1000.0
[2026-05-22 10:12:55] ALL WRONG MOVES BY COLOUR: {}
[2026-05-22 10:12:55] GAME TIME LIMIT REACHED.
[2026-05-22 10:12:55] SCORE The bandits (lawn green): Final=1349.5, Time=90.0, Moves(42)=75.5, Pins(8)=800.0, Dist=384.0, Win Bonus=0.0
[2026-05-22 10:12:55] SCORE jat (gray0): Final=2539.7, Time=64.2, Moves(42)=75.5, Pins(10)=1000.0, Dist=400.0, Win Bonus=1000.0
[2026-05-22 10:12:55] ALL WRONG MOVES BY COLOUR: {}
[2026-05-22 10:12:55] GAME TIME LIMIT REACHED.
[2026-05-22 10:12:55] SCORE The bandits (lawn green): Final=1349.5, Time=90.0, Moves(42)=75.5, Pins(8)=800.0, Dist=384.0, Win Bonus=0.0
[2026-05-22 10:12:55] SCORE jat (gray0): Final=2539.7, Time=64.2, Moves(42)=75.5, Pins(10)=1000.0, Dist=400.0, Win Bonus=1000.0
[2026-05-22 10:12:55] ALL WRONG MOVES BY COLOUR: {}
[2026-05-22 10:12:55] GAME TIME LIMIT REACHED.
[2026-05-22 10:12:56] SCORE The bandits (lawn green): Final=1349.5, Time=90.0, Moves(42)=75.5, Pins(8)=800.0, Dist=384.0, Win Bonus=0.0
[2026-05-22 10:12:56] SCORE jat (gray0): Final=2539.7, Time=64.2, Moves(42)=75.5, Pins(10)=1000.0, Dist=400.0, Win Bonus=1000.0
[2026-05-22 10:12:56] ALL WRONG MOVES BY COLOUR: {}
[2026-05-22 10:12:56] GAME TIME LIMIT REACHED.
[2026-05-22 10:12:56] SCORE The bandits (lawn green): Final=1349.5, Time=90.0, Moves(42)=75.5, Pins(8)=800.0, Dist=384.0, Win Bonus=0.0
[2026-05-22 10:12:56] SCORE jat (gray0): Final=2539.7, Time=64.2, Moves(42)=75.5, Pins(10)=1000.0, Dist=400.0, Win Bonus=1000.0
[2026-05-22 10:12:56] ALL WRONG MOVES BY COLOUR: {}
[2026-05-22 10:12:56] GAME TIME LIMIT REACHED.
[2026-05-22 10:12:56] SCORE The bandits (lawn green): Final=1349.5, Time=90.0, Moves(42)=75.5, Pins(8)=800.0, Dist=384.0, Win Bonus=0.0
[2026-05-22 10:12:56] SCORE jat (gray0): Final=2539.7, Time=64.2, Moves(42)=75.5, Pins(10)=1000.0, Dist=400.0, Win Bonus=1000.0
[2026-05-22 10:12:56] ALL WRONG MOVES BY COLOUR: {}
[2026-05-22 10:12:56] GAME TIME LIMIT REACHED.
[2026-05-22 10:12:56] SCORE The bandits (lawn green): Final=1349.5, Time=90.0, Moves(42)=75.5, Pins(8)=800.0, Dist=384.0, Win Bonus=0.0
[2026-05-22 10:12:56] SCORE jat (gray0): Final=2539.7, Time=64.2, Moves(42)=75.5, Pins(10)=1000.0, Dist=400.0, Win Bonus=1000.0
[2026-05-22 10:12:56] ALL WRONG MOVES BY COLOUR: {}
[2026-05-22 10:12:56] GAME TIME LIMIT REACHED.
[2026-05-22 10:12:57] SCORE The bandits (lawn green): Final=1349.5, Time=90.0, Moves(42)=75.5, Pins(8)=800.0, Dist=384.0, Win Bonus=0.0
[2026-05-22 10:12:57] SCORE jat (gray0): Final=2539.7, Time=64.2, Moves(42)=75.5, Pins(10)=1000.0, Dist=400.0, Win Bonus=1000.0
[2026-05-22 10:12:57] ALL WRONG MOVES BY COLOUR: {}
[2026-05-22 10:12:57] GAME TIME LIMIT REACHED.
[2026-05-22 10:12:57] SCORE The bandits (lawn green): Final=1349.5, Time=90.0, Moves(42)=75.5, Pins(8)=800.0, Dist=384.0, Win Bonus=0.0
[2026-05-22 10:12:57] SCORE jat (gray0): Final=2539.7, Time=64.2, Moves(42)=75.5, Pins(10)=1000.0, Dist=400.0, Win Bonus=1000.0
[2026-05-22 10:12:57] ALL WRONG MOVES BY COLOUR: {}
[2026-05-22 10:12:57] GAME TIME LIMIT REACHED.
[2026-05-22 10:12:57] SCORE The bandits (lawn green): Final=1349.5, Time=90.0, Moves(42)=75.5, Pins(8)=800.0, Dist=384.0, Win Bonus=0.0
[2026-05-22 10:12:57] SCORE jat (gray0): Final=2539.7, Time=64.2, Moves(42)=75.5, Pins(10)=1000.0, Dist=400.0, Win Bonus=1000.0
[2026-05-22 10:12:57] ALL WRONG MOVES BY COLOUR: {}
[2026-05-22 10:12:57] GAME TIME LIMIT REACHED.
[2026-05-22 10:12:57] SCORE The bandits (lawn green): Final=1349.5, Time=90.0, Moves(42)=75.5, Pins(8)=800.0, Dist=384.0, Win Bonus=0.0
[2026-05-22 10:12:57] SCORE jat (gray0): Final=2539.7, Time=64.2, Moves(42)=75.5, Pins(10)=1000.0, Dist=400.0, Win Bonus=1000.0
[2026-05-22 10:12:57] ALL WRONG MOVES BY COLOUR: {}
[2026-05-22 10:12:57] GAME TIME LIMIT REACHED.
[2026-05-22 10:12:58] SCORE The bandits (lawn green): Final=1349.5, Time=90.0, Moves(42)=75.5, Pins(8)=800.0, Dist=384.0, Win Bonus=0.0
[2026-05-22 10:12:58] SCORE jat (gray0): Final=2539.7, Time=64.2, Moves(42)=75.5, Pins(10)=1000.0, Dist=400.0, Win Bonus=1000.0
[2026-05-22 10:12:58] ALL WRONG MOVES BY COLOUR: {}
[2026-05-22 10:12:58] GAME TIME LIMIT REACHED.
[2026-05-22 10:12:58] SCORE The bandits (lawn green): Final=1349.5, Time=90.0, Moves(42)=75.5, Pins(8)=800.0, Dist=384.0, Win Bonus=0.0
[2026-05-22 10:12:58] SCORE jat (gray0): Final=2539.7, Time=64.2, Moves(42)=75.5, Pins(10)=1000.0, Dist=400.0, Win Bonus=1000.0
[2026-05-22 10:12:58] ALL WRONG MOVES BY COLOUR: {}
[2026-05-22 10:12:58] GAME TIME LIMIT REACHED.
[2026-05-22 10:12:58] SCORE The bandits (lawn green): Final=1349.5, Time=90.0, Moves(42)=75.5, Pins(8)=800.0, Dist=384.0, Win Bonus=0.0
[2026-05-22 10:12:58] SCORE jat (gray0): Final=2539.7, Time=64.2, Moves(42)=75.5, Pins(10)=1000.0, Dist=400.0, Win Bonus=1000.0
[2026-05-22 10:12:58] ALL WRONG MOVES BY COLOUR: {}
[2026-05-22 10:12:58] GAME TIME LIMIT REACHED.
[2026-05-22 10:12:58] SCORE The bandits (lawn green): Final=1349.5, Time=90.0, Moves(42)=75.5, Pins(8)=800.0, Dist=384.0, Win Bonus=0.0
[2026-05-22 10:12:58] SCORE jat (gray0): Final=2539.7, Time=64.2, Moves(42)=75.5, Pins(10)=1000.0, Dist=400.0, Win Bonus=1000.0
[2026-05-22 10:12:58] ALL WRONG MOVES BY COLOUR: {}
[2026-05-22 10:12:58] GAME TIME LIMIT REACHED.
[2026-05-22 10:12:59] SCORE The bandits (lawn green): Final=1349.5, Time=90.0, Moves(42)=75.5, Pins(8)=800.0, Dist=384.0, Win Bonus=0.0
[2026-05-22 10:12:59] SCORE jat (gray0): Final=2539.7, Time=64.2, Moves(42)=75.5, Pins(10)=1000.0, Dist=400.0, Win Bonus=1000.0
[2026-05-22 10:12:59] ALL WRONG MOVES BY COLOUR: {}
[2026-05-22 10:12:59] GAME TIME LIMIT REACHED.
[2026-05-22 10:12:59] SCORE The bandits (lawn green): Final=1349.5, Time=90.0, Moves(42)=75.5, Pins(8)=800.0, Dist=384.0, Win Bonus=0.0
[2026-05-22 10:12:59] SCORE jat (gray0): Final=2539.7, Time=64.2, Moves(42)=75.5, Pins(10)=1000.0, Dist=400.0, Win Bonus=1000.0
[2026-05-22 10:12:59] ALL WRONG MOVES BY COLOUR: {}
[2026-05-22 10:12:59] GAME TIME LIMIT REACHED.
[2026-05-22 10:12:59] SCORE The bandits (lawn green): Final=1349.5, Time=90.0, Moves(42)=75.5, Pins(8)=800.0, Dist=384.0, Win Bonus=0.0
[2026-05-22 10:12:59] SCORE jat (gray0): Final=2539.7, Time=64.2, Moves(42)=75.5, Pins(10)=1000.0, Dist=400.0, Win Bonus=1000.0
[2026-05-22 10:12:59] ALL WRONG MOVES BY COLOUR: {}
[2026-05-22 10:12:59] GAME TIME LIMIT REACHED.
[2026-05-22 10:13:00] SCORE The bandits (lawn green): Final=1349.5, Time=90.0, Moves(42)=75.5, Pins(8)=800.0, Dist=384.0, Win Bonus=0.0
[2026-05-22 10:13:00] SCORE jat (gray0): Final=2539.7, Time=64.2, Moves(42)=75.5, Pins(10)=1000.0, Dist=400.0, Win Bonus=1000.0
[2026-05-22 10:13:00] ALL WRONG MOVES BY COLOUR: {}
[2026-05-22 10:13:00] GAME TIME LIMIT REACHED.
[2026-05-22 10:13:00] SCORE The bandits (lawn green): Final=1349.5, Time=90.0, Moves(42)=75.5, Pins(8)=800.0, Dist=384.0, Win Bonus=0.0
[2026-05-22 10:13:00] SCORE jat (gray0): Final=2539.7, Time=64.2, Moves(42)=75.5, Pins(10)=1000.0, Dist=400.0, Win Bonus=1000.0
[2026-05-22 10:13:00] ALL WRONG MOVES BY COLOUR: {}
[2026-05-22 10:13:00] GAME TIME LIMIT REACHED.
[2026-05-22 10:13:00] SCORE The bandits (lawn green): Final=1349.5, Time=90.0, Moves(42)=75.5, Pins(8)=800.0, Dist=384.0, Win Bonus=0.0
[2026-05-22 10:13:00] SCORE jat (gray0): Final=2539.7, Time=64.2, Moves(42)=75.5, Pins(10)=1000.0, Dist=400.0, Win Bonus=1000.0
[2026-05-22 10:13:00] ALL WRONG MOVES BY COLOUR: {}
[2026-05-22 10:13:00] GAME TIME LIMIT REACHED.
[2026-05-22 10:13:00] SCORE The bandits (lawn green): Final=1349.5, Time=90.0, Moves(42)=75.5, Pins(8)=800.0, Dist=384.0, Win Bonus=0.0
[2026-05-22 10:13:00] SCORE jat (gray0): Final=2539.7, Time=64.2, Moves(42)=75.5, Pins(10)=1000.0, Dist=400.0, Win Bonus=1000.0
[2026-05-22 10:13:00] ALL WRONG MOVES BY COLOUR: {}
[2026-05-22 10:13:00] GAME TIME LIMIT REACHED.
[2026-05-22 10:13:01] SCORE The bandits (lawn green): Final=1349.5, Time=90.0, Moves(42)=75.5, Pins(8)=800.0, Dist=384.0, Win Bonus=0.0
[2026-05-22 10:13:01] SCORE jat (gray0): Final=2539.7, Time=64.2, Moves(42)=75.5, Pins(10)=1000.0, Dist=400.0, Win Bonus=1000.0
[2026-05-22 10:13:01] ALL WRONG MOVES BY COLOUR: {}
[2026-05-22 10:13:01] GAME TIME LIMIT REACHED.
[2026-05-22 10:13:01] SCORE The bandits (lawn green): Final=1349.5, Time=90.0, Moves(42)=75.5, Pins(8)=800.0, Dist=384.0, Win Bonus=0.0
[2026-05-22 10:13:01] SCORE jat (gray0): Final=2539.7, Time=64.2, Moves(42)=75.5, Pins(10)=1000.0, Dist=400.0, Win Bonus=1000.0
[2026-05-22 10:13:01] ALL WRONG MOVES BY COLOUR: {}
[2026-05-22 10:13:01] GAME TIME LIMIT REACHED.
[2026-05-22 10:13:01] SCORE The bandits (lawn green): Final=1349.5, Time=90.0, Moves(42)=75.5, Pins(8)=800.0, Dist=384.0, Win Bonus=0.0
[2026-05-22 10:13:01] SCORE jat (gray0): Final=2539.7, Time=64.2, Moves(42)=75.5, Pins(10)=1000.0, Dist=400.0, Win Bonus=1000.0
[2026-05-22 10:13:01] ALL WRONG MOVES BY COLOUR: {}
[2026-05-22 10:13:01] GAME TIME LIMIT REACHED.
[2026-05-22 10:13:01] SCORE The bandits (lawn green): Final=1349.5, Time=90.0, Moves(42)=75.5, Pins(8)=800.0, Dist=384.0, Win Bonus=0.0
[2026-05-22 10:13:01] SCORE jat (gray0): Final=2539.7, Time=64.2, Moves(42)=75.5, Pins(10)=1000.0, Dist=400.0, Win Bonus=1000.0
[2026-05-22 10:13:01] ALL WRONG MOVES BY COLOUR: {}
[2026-05-22 10:13:01] GAME TIME LIMIT REACHED.
[2026-05-22 10:13:02] SCORE The bandits (lawn green): Final=1349.5, Time=90.0, Moves(42)=75.5, Pins(8)=800.0, Dist=384.0, Win Bonus=0.0
[2026-05-22 10:13:02] SCORE jat (gray0): Final=2539.7, Time=64.2, Moves(42)=75.5, Pins(10)=1000.0, Dist=400.0, Win Bonus=1000.0
[2026-05-22 10:13:02] ALL WRONG MOVES BY COLOUR: {}
[2026-05-22 10:13:02] GAME TIME LIMIT REACHED.
[2026-05-22 10:13:02] SCORE The bandits (lawn green): Final=1349.5, Time=90.0, Moves(42)=75.5, Pins(8)=800.0, Dist=384.0, Win Bonus=0.0
[2026-05-22 10:13:02] SCORE jat (gray0): Final=2539.7, Time=64.2, Moves(42)=75.5, Pins(10)=1000.0, Dist=400.0, Win Bonus=1000.0
[2026-05-22 10:13:02] ALL WRONG MOVES BY COLOUR: {}
[2026-05-22 10:13:02] GAME TIME LIMIT REACHED.
[2026-05-22 10:13:02] SCORE The bandits (lawn green): Final=1349.5, Time=90.0, Moves(42)=75.5, Pins(8)=800.0, Dist=384.0, Win Bonus=0.0
[2026-05-22 10:13:02] SCORE jat (gray0): Final=2539.7, Time=64.2, Moves(42)=75.5, Pins(10)=1000.0, Dist=400.0, Win Bonus=1000.0
[2026-05-22 10:13:02] ALL WRONG MOVES BY COLOUR: {}
[2026-05-22 10:13:02] GAME TIME LIMIT REACHED.
[2026-05-22 10:13:02] SCORE The bandits (lawn green): Final=1349.5, Time=90.0, Moves(42)=75.5, Pins(8)=800.0, Dist=384.0, Win Bonus=0.0
[2026-05-22 10:13:02] SCORE jat (gray0): Final=2539.7, Time=64.2, Moves(42)=75.5, Pins(10)=1000.0, Dist=400.0, Win Bonus=1000.0
[2026-05-22 10:13:02] ALL WRONG MOVES BY COLOUR: {}
[2026-05-22 10:13:02] GAME TIME LIMIT REACHED.
[2026-05-22 10:13:03] SCORE The bandits (lawn green): Final=1349.5, Time=90.0, Moves(42)=75.5, Pins(8)=800.0, Dist=384.0, Win Bonus=0.0
[2026-05-22 10:13:03] SCORE jat (gray0): Final=2539.7, Time=64.2, Moves(42)=75.5, Pins(10)=1000.0, Dist=400.0, Win Bonus=1000.0
[2026-05-22 10:13:03] ALL WRONG MOVES BY COLOUR: {}
[2026-05-22 10:13:03] GAME TIME LIMIT REACHED.
[2026-05-22 10:13:03] SCORE The bandits (lawn green): Final=1349.5, Time=90.0, Moves(42)=75.5, Pins(8)=800.0, Dist=384.0, Win Bonus=0.0
[2026-05-22 10:13:03] SCORE jat (gray0): Final=2539.7, Time=64.2, Moves(42)=75.5, Pins(10)=1000.0, Dist=400.0, Win Bonus=1000.0
[2026-05-22 10:13:03] ALL WRONG MOVES BY COLOUR: {}
[2026-05-22 10:13:03] GAME TIME LIMIT REACHED.
[2026-05-22 10:13:03] SCORE The bandits (lawn green): Final=1349.5, Time=90.0, Moves(42)=75.5, Pins(8)=800.0, Dist=384.0, Win Bonus=0.0
[2026-05-22 10:13:03] SCORE jat (gray0): Final=2539.7, Time=64.2, Moves(42)=75.5, Pins(10)=1000.0, Dist=400.0, Win Bonus=1000.0
[2026-05-22 10:13:03] ALL WRONG MOVES BY COLOUR: {}
[2026-05-22 10:13:03] GAME TIME LIMIT REACHED.
[2026-05-22 10:13:03] SCORE The bandits (lawn green): Final=1349.5, Time=90.0, Moves(42)=75.5, Pins(8)=800.0, Dist=384.0, Win Bonus=0.0
[2026-05-22 10:13:03] SCORE jat (gray0): Final=2539.7, Time=64.2, Moves(42)=75.5, Pins(10)=1000.0, Dist=400.0, Win Bonus=1000.0
[2026-05-22 10:13:03] ALL WRONG MOVES BY COLOUR: {}
[2026-05-22 10:13:03] GAME TIME LIMIT REACHED.
[2026-05-22 10:13:04] SCORE The bandits (lawn green): Final=1349.5, Time=90.0, Moves(42)=75.5, Pins(8)=800.0, Dist=384.0, Win Bonus=0.0
[2026-05-22 10:13:04] SCORE jat (gray0): Final=2539.7, Time=64.2, Moves(42)=75.5, Pins(10)=1000.0, Dist=400.0, Win Bonus=1000.0
[2026-05-22 10:13:04] ALL WRONG MOVES BY COLOUR: {}
[2026-05-22 10:13:04] GAME TIME LIMIT REACHED.
[2026-05-22 10:13:04] SCORE The bandits (lawn green): Final=1349.5, Time=90.0, Moves(42)=75.5, Pins(8)=800.0, Dist=384.0, Win Bonus=0.0
[2026-05-22 10:13:04] SCORE jat (gray0): Final=2539.7, Time=64.2, Moves(42)=75.5, Pins(10)=1000.0, Dist=400.0, Win Bonus=1000.0
[2026-05-22 10:13:04] ALL WRONG MOVES BY COLOUR: {}
[2026-05-22 10:13:04] GAME TIME LIMIT REACHED.
[2026-05-22 10:13:04] SCORE The bandits (lawn green): Final=1349.5, Time=90.0, Moves(42)=75.5, Pins(8)=800.0, Dist=384.0, Win Bonus=0.0
[2026-05-22 10:13:04] SCORE jat (gray0): Final=2539.7, Time=64.2, Moves(42)=75.5, Pins(10)=1000.0, Dist=400.0, Win Bonus=1000.0
[2026-05-22 10:13:04] ALL WRONG MOVES BY COLOUR: {}
[2026-05-22 10:13:04] GAME TIME LIMIT REACHED.
[2026-05-22 10:13:04] SCORE The bandits (lawn green): Final=1349.5, Time=90.0, Moves(42)=75.5, Pins(8)=800.0, Dist=384.0, Win Bonus=0.0
[2026-05-22 10:13:04] SCORE jat (gray0): Final=2539.7, Time=64.2, Moves(42)=75.5, Pins(10)=1000.0, Dist=400.0, Win Bonus=1000.0
[2026-05-22 10:13:04] ALL WRONG MOVES BY COLOUR: {}
[2026-05-22 10:13:04] GAME TIME LIMIT REACHED.
[2026-05-22 10:13:04] SCORE The bandits (lawn green): Final=1349.5, Time=90.0, Moves(42)=75.5, Pins(8)=800.0, Dist=384.0, Win Bonus=0.0
[2026-05-22 10:13:04] SCORE jat (gray0): Final=2539.7, Time=64.2, Moves(42)=75.5, Pins(10)=1000.0, Dist=400.0, Win Bonus=1000.0
[2026-05-22 10:13:04] ALL WRONG MOVES BY COLOUR: {}
[2026-05-22 10:13:04] GAME TIME LIMIT REACHED.
[2026-05-22 10:13:05] SCORE The bandits (lawn green): Final=1349.5, Time=90.0, Moves(42)=75.5, Pins(8)=800.0, Dist=384.0, Win Bonus=0.0
[2026-05-22 10:13:05] SCORE jat (gray0): Final=2539.7, Time=64.2, Moves(42)=75.5, Pins(10)=1000.0, Dist=400.0, Win Bonus=1000.0
[2026-05-22 10:13:05] ALL WRONG MOVES BY COLOUR: {}
[2026-05-22 10:13:05] GAME TIME LIMIT REACHED.
[2026-05-22 10:13:05] SCORE The bandits (lawn green): Final=1349.5, Time=90.0, Moves(42)=75.5, Pins(8)=800.0, Dist=384.0, Win Bonus=0.0
[2026-05-22 10:13:05] SCORE jat (gray0): Final=2539.7, Time=64.2, Moves(42)=75.5, Pins(10)=1000.0, Dist=400.0, Win Bonus=1000.0
[2026-05-22 10:13:05] ALL WRONG MOVES BY COLOUR: {}
[2026-05-22 10:13:05] GAME TIME LIMIT REACHED.
[2026-05-22 10:13:05] SCORE The bandits (lawn green): Final=1349.5, Time=90.0, Moves(42)=75.5, Pins(8)=800.0, Dist=384.0, Win Bonus=0.0
[2026-05-22 10:13:05] SCORE jat (gray0): Final=2539.7, Time=64.2, Moves(42)=75.5, Pins(10)=1000.0, Dist=400.0, Win Bonus=1000.0
[2026-05-22 10:13:05] ALL WRONG MOVES BY COLOUR: {}
[2026-05-22 10:13:05] GAME TIME LIMIT REACHED.
[2026-05-22 10:13:05] SCORE The bandits (lawn green): Final=1349.5, Time=90.0, Moves(42)=75.5, Pins(8)=800.0, Dist=384.0, Win Bonus=0.0
[2026-05-22 10:13:05] SCORE jat (gray0): Final=2539.7, Time=64.2, Moves(42)=75.5, Pins(10)=1000.0, Dist=400.0, Win Bonus=1000.0
[2026-05-22 10:13:05] ALL WRONG MOVES BY COLOUR: {}
[2026-05-22 10:13:05] GAME TIME LIMIT REACHED.
[2026-05-22 10:13:06] SCORE The bandits (lawn green): Final=1349.5, Time=90.0, Moves(42)=75.5, Pins(8)=800.0, Dist=384.0, Win Bonus=0.0
[2026-05-22 10:13:06] SCORE jat (gray0): Final=2539.7, Time=64.2, Moves(42)=75.5, Pins(10)=1000.0, Dist=400.0, Win Bonus=1000.0
[2026-05-22 10:13:06] ALL WRONG MOVES BY COLOUR: {}
[2026-05-22 10:13:06] GAME TIME LIMIT REACHED.
[2026-05-22 10:13:06] SCORE The bandits (lawn green): Final=1349.5, Time=90.0, Moves(42)=75.5, Pins(8)=800.0, Dist=384.0, Win Bonus=0.0
[2026-05-22 10:13:06] SCORE jat (gray0): Final=2539.7, Time=64.2, Moves(42)=75.5, Pins(10)=1000.0, Dist=400.0, Win Bonus=1000.0
[2026-05-22 10:13:06] ALL WRONG MOVES BY COLOUR: {}
[2026-05-22 10:13:06] GAME TIME LIMIT REACHED.
[2026-05-22 10:13:06] SCORE The bandits (lawn green): Final=1349.5, Time=90.0, Moves(42)=75.5, Pins(8)=800.0, Dist=384.0, Win Bonus=0.0
[2026-05-22 10:13:06] SCORE jat (gray0): Final=2539.7, Time=64.2, Moves(42)=75.5, Pins(10)=1000.0, Dist=400.0, Win Bonus=1000.0
[2026-05-22 10:13:06] ALL WRONG MOVES BY COLOUR: {}
[2026-05-22 10:13:06] GAME TIME LIMIT REACHED.
[2026-05-22 10:13:06] SCORE The bandits (lawn green): Final=1349.5, Time=90.0, Moves(42)=75.5, Pins(8)=800.0, Dist=384.0, Win Bonus=0.0
[2026-05-22 10:13:06] SCORE jat (gray0): Final=2539.7, Time=64.2, Moves(42)=75.5, Pins(10)=1000.0, Dist=400.0, Win Bonus=1000.0
[2026-05-22 10:13:06] ALL WRONG MOVES BY COLOUR: {}
[2026-05-22 10:13:06] GAME TIME LIMIT REACHED.
[2026-05-22 10:13:07] SCORE The bandits (lawn green): Final=1349.5, Time=90.0, Moves(42)=75.5, Pins(8)=800.0, Dist=384.0, Win Bonus=0.0
[2026-05-22 10:13:07] SCORE jat (gray0): Final=2539.7, Time=64.2, Moves(42)=75.5, Pins(10)=1000.0, Dist=400.0, Win Bonus=1000.0
[2026-05-22 10:13:07] ALL WRONG MOVES BY COLOUR: {}
[2026-05-22 10:13:07] GAME TIME LIMIT REACHED.
[2026-05-22 10:13:07] SCORE The bandits (lawn green): Final=1349.5, Time=90.0, Moves(42)=75.5, Pins(8)=800.0, Dist=384.0, Win Bonus=0.0
[2026-05-22 10:13:07] SCORE jat (gray0): Final=2539.7, Time=64.2, Moves(42)=75.5, Pins(10)=1000.0, Dist=400.0, Win Bonus=1000.0
[2026-05-22 10:13:07] ALL WRONG MOVES BY COLOUR: {}
[2026-05-22 10:13:07] GAME TIME LIMIT REACHED.
[2026-05-22 10:13:07] SCORE The bandits (lawn green): Final=1349.5, Time=90.0, Moves(42)=75.5, Pins(8)=800.0, Dist=384.0, Win Bonus=0.0
[2026-05-22 10:13:07] SCORE jat (gray0): Final=2539.7, Time=64.2, Moves(42)=75.5, Pins(10)=1000.0, Dist=400.0, Win Bonus=1000.0
[2026-05-22 10:13:07] ALL WRONG MOVES BY COLOUR: {}
[2026-05-22 10:13:07] GAME TIME LIMIT REACHED.
[2026-05-22 10:13:07] SCORE The bandits (lawn green): Final=1349.5, Time=90.0, Moves(42)=75.5, Pins(8)=800.0, Dist=384.0, Win Bonus=0.0
[2026-05-22 10:13:07] SCORE jat (gray0): Final=2539.7, Time=64.2, Moves(42)=75.5, Pins(10)=1000.0, Dist=400.0, Win Bonus=1000.0
[2026-05-22 10:13:07] ALL WRONG MOVES BY COLOUR: {}
[2026-05-22 10:13:07] GAME TIME LIMIT REACHED.
[2026-05-22 10:13:08] SCORE The bandits (lawn green): Final=1349.5, Time=90.0, Moves(42)=75.5, Pins(8)=800.0, Dist=384.0, Win Bonus=0.0
[2026-05-22 10:13:08] SCORE jat (gray0): Final=2539.7, Time=64.2, Moves(42)=75.5, Pins(10)=1000.0, Dist=400.0, Win Bonus=1000.0
[2026-05-22 10:13:08] ALL WRONG MOVES BY COLOUR: {}
[2026-05-22 10:13:08] GAME TIME LIMIT REACHED.
[2026-05-22 10:13:08] SCORE The bandits (lawn green): Final=1349.5, Time=90.0, Moves(42)=75.5, Pins(8)=800.0, Dist=384.0, Win Bonus=0.0
[2026-05-22 10:13:08] SCORE jat (gray0): Final=2539.7, Time=64.2, Moves(42)=75.5, Pins(10)=1000.0, Dist=400.0, Win Bonus=1000.0
[2026-05-22 10:13:08] ALL WRONG MOVES BY COLOUR: {}
[2026-05-22 10:13:08] GAME TIME LIMIT REACHED.
[2026-05-22 10:13:08] SCORE The bandits (lawn green): Final=1349.5, Time=90.0, Moves(42)=75.5, Pins(8)=800.0, Dist=384.0, Win Bonus=0.0
[2026-05-22 10:13:08] SCORE jat (gray0): Final=2539.7, Time=64.2, Moves(42)=75.5, Pins(10)=1000.0, Dist=400.0, Win Bonus=1000.0
[2026-05-22 10:13:08] ALL WRONG MOVES BY COLOUR: {}
[2026-05-22 10:13:08] GAME TIME LIMIT REACHED.
[2026-05-22 10:13:08] SCORE The bandits (lawn green): Final=1349.5, Time=90.0, Moves(42)=75.5, Pins(8)=800.0, Dist=384.0, Win Bonus=0.0
[2026-05-22 10:13:08] SCORE jat (gray0): Final=2539.7, Time=64.2, Moves(42)=75.5, Pins(10)=1000.0, Dist=400.0, Win Bonus=1000.0
[2026-05-22 10:13:08] ALL WRONG MOVES BY COLOUR: {}
[2026-05-22 10:13:08] GAME TIME LIMIT REACHED.
[2026-05-22 10:13:09] SCORE The bandits (lawn green): Final=1349.5, Time=90.0, Moves(42)=75.5, Pins(8)=800.0, Dist=384.0, Win Bonus=0.0
[2026-05-22 10:13:09] SCORE jat (gray0): Final=2539.7, Time=64.2, Moves(42)=75.5, Pins(10)=1000.0, Dist=400.0, Win Bonus=1000.0
[2026-05-22 10:13:09] ALL WRONG MOVES BY COLOUR: {}
[2026-05-22 10:13:09] GAME TIME LIMIT REACHED.
[2026-05-22 10:13:09] SCORE The bandits (lawn green): Final=1349.5, Time=90.0, Moves(42)=75.5, Pins(8)=800.0, Dist=384.0, Win Bonus=0.0
[2026-05-22 10:13:09] SCORE jat (gray0): Final=2539.7, Time=64.2, Moves(42)=75.5, Pins(10)=1000.0, Dist=400.0, Win Bonus=1000.0
[2026-05-22 10:13:09] ALL WRONG MOVES BY COLOUR: {}
[2026-05-22 10:13:09] GAME TIME LIMIT REACHED.
[2026-05-22 10:13:09] SCORE The bandits (lawn green): Final=1349.5, Time=90.0, Moves(42)=75.5, Pins(8)=800.0, Dist=384.0, Win Bonus=0.0
[2026-05-22 10:13:09] SCORE jat (gray0): Final=2539.7, Time=64.2, Moves(42)=75.5, Pins(10)=1000.0, Dist=400.0, Win Bonus=1000.0
[2026-05-22 10:13:09] ALL WRONG MOVES BY COLOUR: {}
[2026-05-22 10:13:09] GAME TIME LIMIT REACHED.
[2026-05-22 10:13:09] SCORE The bandits (lawn green): Final=1349.5, Time=90.0, Moves(42)=75.5, Pins(8)=800.0, Dist=384.0, Win Bonus=0.0
[2026-05-22 10:13:09] SCORE jat (gray0): Final=2539.7, Time=64.2, Moves(42)=75.5, Pins(10)=1000.0, Dist=400.0, Win Bonus=1000.0
[2026-05-22 10:13:09] ALL WRONG MOVES BY COLOUR: {}
[2026-05-22 10:13:09] GAME TIME LIMIT REACHED.
[2026-05-22 10:13:09] SCORE The bandits (lawn green): Final=1349.5, Time=90.0, Moves(42)=75.5, Pins(8)=800.0, Dist=384.0, Win Bonus=0.0
[2026-05-22 10:13:09] SCORE jat (gray0): Final=2539.7, Time=64.2, Moves(42)=75.5, Pins(10)=1000.0, Dist=400.0, Win Bonus=1000.0
[2026-05-22 10:13:09] ALL WRONG MOVES BY COLOUR: {}
[2026-05-22 10:13:09] GAME TIME LIMIT REACHED.
[2026-05-22 10:13:10] SCORE The bandits (lawn green): Final=1349.5, Time=90.0, Moves(42)=75.5, Pins(8)=800.0, Dist=384.0, Win Bonus=0.0
[2026-05-22 10:13:10] SCORE jat (gray0): Final=2539.7, Time=64.2, Moves(42)=75.5, Pins(10)=1000.0, Dist=400.0, Win Bonus=1000.0
[2026-05-22 10:13:10] ALL WRONG MOVES BY COLOUR: {}
[2026-05-22 10:13:10] GAME TIME LIMIT REACHED.
[2026-05-22 10:13:10] SCORE The bandits (lawn green): Final=1349.5, Time=90.0, Moves(42)=75.5, Pins(8)=800.0, Dist=384.0, Win Bonus=0.0
[2026-05-22 10:13:10] SCORE jat (gray0): Final=2539.7, Time=64.2, Moves(42)=75.5, Pins(10)=1000.0, Dist=400.0, Win Bonus=1000.0
[2026-05-22 10:13:10] ALL WRONG MOVES BY COLOUR: {}
[2026-05-22 10:13:10] GAME TIME LIMIT REACHED.
[2026-05-22 10:13:10] SCORE The bandits (lawn green): Final=1349.5, Time=90.0, Moves(42)=75.5, Pins(8)=800.0, Dist=384.0, Win Bonus=0.0
[2026-05-22 10:13:10] SCORE jat (gray0): Final=2539.7, Time=64.2, Moves(42)=75.5, Pins(10)=1000.0, Dist=400.0, Win Bonus=1000.0
[2026-05-22 10:13:10] ALL WRONG MOVES BY COLOUR: {}
[2026-05-22 10:13:10] GAME TIME LIMIT REACHED.
[2026-05-22 10:13:10] SCORE The bandits (lawn green): Final=1349.5, Time=90.0, Moves(42)=75.5, Pins(8)=800.0, Dist=384.0, Win Bonus=0.0
[2026-05-22 10:13:10] SCORE jat (gray0): Final=2539.7, Time=64.2, Moves(42)=75.5, Pins(10)=1000.0, Dist=400.0, Win Bonus=1000.0
[2026-05-22 10:13:10] ALL WRONG MOVES BY COLOUR: {}
[2026-05-22 10:13:10] GAME TIME LIMIT REACHED.
[2026-05-22 10:13:11] SCORE The bandits (lawn green): Final=1349.5, Time=90.0, Moves(42)=75.5, Pins(8)=800.0, Dist=384.0, Win Bonus=0.0
[2026-05-22 10:13:11] SCORE jat (gray0): Final=2539.7, Time=64.2, Moves(42)=75.5, Pins(10)=1000.0, Dist=400.0, Win Bonus=1000.0
[2026-05-22 10:13:11] ALL WRONG MOVES BY COLOUR: {}
[2026-05-22 10:13:11] GAME TIME LIMIT REACHED.
[2026-05-22 10:13:11] SCORE The bandits (lawn green): Final=1349.5, Time=90.0, Moves(42)=75.5, Pins(8)=800.0, Dist=384.0, Win Bonus=0.0
[2026-05-22 10:13:11] SCORE jat (gray0): Final=2539.7, Time=64.2, Moves(42)=75.5, Pins(10)=1000.0, Dist=400.0, Win Bonus=1000.0
[2026-05-22 10:13:11] ALL WRONG MOVES BY COLOUR: {}
[2026-05-22 10:13:11] GAME TIME LIMIT REACHED.
[2026-05-22 10:13:11] SCORE The bandits (lawn green): Final=1349.5, Time=90.0, Moves(42)=75.5, Pins(8)=800.0, Dist=384.0, Win Bonus=0.0
[2026-05-22 10:13:11] SCORE jat (gray0): Final=2539.7, Time=64.2, Moves(42)=75.5, Pins(10)=1000.0, Dist=400.0, Win Bonus=1000.0
[2026-05-22 10:13:11] ALL WRONG MOVES BY COLOUR: {}
[2026-05-22 10:13:11] GAME TIME LIMIT REACHED.
[2026-05-22 10:13:11] SCORE The bandits (lawn green): Final=1349.5, Time=90.0, Moves(42)=75.5, Pins(8)=800.0, Dist=384.0, Win Bonus=0.0
[2026-05-22 10:13:11] SCORE jat (gray0): Final=2539.7, Time=64.2, Moves(42)=75.5, Pins(10)=1000.0, Dist=400.0, Win Bonus=1000.0
[2026-05-22 10:13:11] ALL WRONG MOVES BY COLOUR: {}
[2026-05-22 10:13:11] GAME TIME LIMIT REACHED.
[2026-05-22 10:13:12] SCORE The bandits (lawn green): Final=1349.5, Time=90.0, Moves(42)=75.5, Pins(8)=800.0, Dist=384.0, Win Bonus=0.0
[2026-05-22 10:13:12] SCORE jat (gray0): Final=2539.7, Time=64.2, Moves(42)=75.5, Pins(10)=1000.0, Dist=400.0, Win Bonus=1000.0
[2026-05-22 10:13:12] ALL WRONG MOVES BY COLOUR: {}
[2026-05-22 10:13:12] GAME TIME LIMIT REACHED.
[2026-05-22 10:13:12] SCORE The bandits (lawn green): Final=1349.5, Time=90.0, Moves(42)=75.5, Pins(8)=800.0, Dist=384.0, Win Bonus=0.0
[2026-05-22 10:13:12] SCORE jat (gray0): Final=2539.7, Time=64.2, Moves(42)=75.5, Pins(10)=1000.0, Dist=400.0, Win Bonus=1000.0
[2026-05-22 10:13:12] ALL WRONG MOVES BY COLOUR: {}
[2026-05-22 10:13:12] GAME TIME LIMIT REACHED.
[2026-05-22 10:13:12] SCORE The bandits (lawn green): Final=1349.5, Time=90.0, Moves(42)=75.5, Pins(8)=800.0, Dist=384.0, Win Bonus=0.0
[2026-05-22 10:13:12] SCORE jat (gray0): Final=2539.7, Time=64.2, Moves(42)=75.5, Pins(10)=1000.0, Dist=400.0, Win Bonus=1000.0
[2026-05-22 10:13:12] ALL WRONG MOVES BY COLOUR: {}
[2026-05-22 10:13:12] GAME TIME LIMIT REACHED.
[2026-05-22 10:13:12] SCORE The bandits (lawn green): Final=1349.5, Time=90.0, Moves(42)=75.5, Pins(8)=800.0, Dist=384.0, Win Bonus=0.0
[2026-05-22 10:13:12] SCORE jat (gray0): Final=2539.7, Time=64.2, Moves(42)=75.5, Pins(10)=1000.0, Dist=400.0, Win Bonus=1000.0
[2026-05-22 10:13:12] ALL WRONG MOVES BY COLOUR: {}
[2026-05-22 10:13:12] GAME TIME LIMIT REACHED.
[2026-05-22 10:13:13] SCORE The bandits (lawn green): Final=1349.5, Time=90.0, Moves(42)=75.5, Pins(8)=800.0, Dist=384.0, Win Bonus=0.0
[2026-05-22 10:13:13] SCORE jat (gray0): Final=2539.7, Time=64.2, Moves(42)=75.5, Pins(10)=1000.0, Dist=400.0, Win Bonus=1000.0
[2026-05-22 10:13:13] ALL WRONG MOVES BY COLOUR: {}
[2026-05-22 10:13:13] GAME TIME LIMIT REACHED.
[2026-05-22 10:13:13] SCORE The bandits (lawn green): Final=1349.5, Time=90.0, Moves(42)=75.5, Pins(8)=800.0, Dist=384.0, Win Bonus=0.0
[2026-05-22 10:13:13] SCORE jat (gray0): Final=2539.7, Time=64.2, Moves(42)=75.5, Pins(10)=1000.0, Dist=400.0, Win Bonus=1000.0
[2026-05-22 10:13:13] ALL WRONG MOVES BY COLOUR: {}
[2026-05-22 10:13:13] GAME TIME LIMIT REACHED.
[2026-05-22 10:13:13] SCORE The bandits (lawn green): Final=1349.5, Time=90.0, Moves(42)=75.5, Pins(8)=800.0, Dist=384.0, Win Bonus=0.0
[2026-05-22 10:13:13] SCORE jat (gray0): Final=2539.7, Time=64.2, Moves(42)=75.5, Pins(10)=1000.0, Dist=400.0, Win Bonus=1000.0
[2026-05-22 10:13:13] ALL WRONG MOVES BY COLOUR: {}
[2026-05-22 10:13:13] GAME TIME LIMIT REACHED.
[2026-05-22 10:13:13] SCORE The bandits (lawn green): Final=1349.5, Time=90.0, Moves(42)=75.5, Pins(8)=800.0, Dist=384.0, Win Bonus=0.0
[2026-05-22 10:13:13] SCORE jat (gray0): Final=2539.7, Time=64.2, Moves(42)=75.5, Pins(10)=1000.0, Dist=400.0, Win Bonus=1000.0
[2026-05-22 10:13:13] ALL WRONG MOVES BY COLOUR: {}
[2026-05-22 10:13:13] GAME TIME LIMIT REACHED.
[2026-05-22 10:13:14] SCORE The bandits (lawn green): Final=1349.5, Time=90.0, Moves(42)=75.5, Pins(8)=800.0, Dist=384.0, Win Bonus=0.0
[2026-05-22 10:13:14] SCORE jat (gray0): Final=2539.7, Time=64.2, Moves(42)=75.5, Pins(10)=1000.0, Dist=400.0, Win Bonus=1000.0
[2026-05-22 10:13:14] ALL WRONG MOVES BY COLOUR: {}
[2026-05-22 10:13:14] GAME TIME LIMIT REACHED.
[2026-05-22 10:13:14] SCORE The bandits (lawn green): Final=1349.5, Time=90.0, Moves(42)=75.5, Pins(8)=800.0, Dist=384.0, Win Bonus=0.0
[2026-05-22 10:13:14] SCORE jat (gray0): Final=2539.7, Time=64.2, Moves(42)=75.5, Pins(10)=1000.0, Dist=400.0, Win Bonus=1000.0
[2026-05-22 10:13:14] ALL WRONG MOVES BY COLOUR: {}
[2026-05-22 10:13:14] GAME TIME LIMIT REACHED.
[2026-05-22 10:13:14] SCORE The bandits (lawn green): Final=1349.5, Time=90.0, Moves(42)=75.5, Pins(8)=800.0, Dist=384.0, Win Bonus=0.0
[2026-05-22 10:13:14] SCORE jat (gray0): Final=2539.7, Time=64.2, Moves(42)=75.5, Pins(10)=1000.0, Dist=400.0, Win Bonus=1000.0
[2026-05-22 10:13:14] ALL WRONG MOVES BY COLOUR: {}
[2026-05-22 10:13:14] GAME TIME LIMIT REACHED.
[2026-05-22 10:13:14] SCORE The bandits (lawn green): Final=1349.5, Time=90.0, Moves(42)=75.5, Pins(8)=800.0, Dist=384.0, Win Bonus=0.0
[2026-05-22 10:13:14] SCORE jat (gray0): Final=2539.7, Time=64.2, Moves(42)=75.5, Pins(10)=1000.0, Dist=400.0, Win Bonus=1000.0
[2026-05-22 10:13:14] ALL WRONG MOVES BY COLOUR: {}
[2026-05-22 10:13:14] GAME TIME LIMIT REACHED.
[2026-05-22 10:13:15] SCORE The bandits (lawn green): Final=1349.5, Time=90.0, Moves(42)=75.5, Pins(8)=800.0, Dist=384.0, Win Bonus=0.0
[2026-05-22 10:13:15] SCORE jat (gray0): Final=2539.7, Time=64.2, Moves(42)=75.5, Pins(10)=1000.0, Dist=400.0, Win Bonus=1000.0
[2026-05-22 10:13:15] ALL WRONG MOVES BY COLOUR: {}
[2026-05-22 10:13:15] GAME TIME LIMIT REACHED.
[2026-05-22 10:13:15] SCORE The bandits (lawn green): Final=1349.5, Time=90.0, Moves(42)=75.5, Pins(8)=800.0, Dist=384.0, Win Bonus=0.0
[2026-05-22 10:13:15] SCORE jat (gray0): Final=2539.7, Time=64.2, Moves(42)=75.5, Pins(10)=1000.0, Dist=400.0, Win Bonus=1000.0
[2026-05-22 10:13:15] ALL WRONG MOVES BY COLOUR: {}
[2026-05-22 10:13:15] GAME TIME LIMIT REACHED.
[2026-05-22 10:13:15] SCORE The bandits (lawn green): Final=1349.5, Time=90.0, Moves(42)=75.5, Pins(8)=800.0, Dist=384.0, Win Bonus=0.0
[2026-05-22 10:13:15] SCORE jat (gray0): Final=2539.7, Time=64.2, Moves(42)=75.5, Pins(10)=1000.0, Dist=400.0, Win Bonus=1000.0
[2026-05-22 10:13:15] ALL WRONG MOVES BY COLOUR: {}
[2026-05-22 10:13:15] GAME TIME LIMIT REACHED.
[2026-05-22 10:13:15] SCORE The bandits (lawn green): Final=1349.5, Time=90.0, Moves(42)=75.5, Pins(8)=800.0, Dist=384.0, Win Bonus=0.0
[2026-05-22 10:13:15] SCORE jat (gray0): Final=2539.7, Time=64.2, Moves(42)=75.5, Pins(10)=1000.0, Dist=400.0, Win Bonus=1000.0
[2026-05-22 10:13:15] ALL WRONG MOVES BY COLOUR: {}
[2026-05-22 10:13:15] GAME TIME LIMIT REACHED.
[2026-05-22 10:13:15] SCORE The bandits (lawn green): Final=1349.5, Time=90.0, Moves(42)=75.5, Pins(8)=800.0, Dist=384.0, Win Bonus=0.0
[2026-05-22 10:13:15] SCORE jat (gray0): Final=2539.7, Time=64.2, Moves(42)=75.5, Pins(10)=1000.0, Dist=400.0, Win Bonus=1000.0
[2026-05-22 10:13:15] ALL WRONG MOVES BY COLOUR: {}
[2026-05-22 10:13:15] GAME TIME LIMIT REACHED.
[2026-05-22 10:13:16] SCORE The bandits (lawn green): Final=1349.5, Time=90.0, Moves(42)=75.5, Pins(8)=800.0, Dist=384.0, Win Bonus=0.0
[2026-05-22 10:13:16] SCORE jat (gray0): Final=2539.7, Time=64.2, Moves(42)=75.5, Pins(10)=1000.0, Dist=400.0, Win Bonus=1000.0
[2026-05-22 10:13:16] ALL WRONG MOVES BY COLOUR: {}
[2026-05-22 10:13:16] GAME TIME LIMIT REACHED.
[2026-05-22 10:13:16] SCORE The bandits (lawn green): Final=1349.5, Time=90.0, Moves(42)=75.5, Pins(8)=800.0, Dist=384.0, Win Bonus=0.0
[2026-05-22 10:13:16] SCORE jat (gray0): Final=2539.7, Time=64.2, Moves(42)=75.5, Pins(10)=1000.0, Dist=400.0, Win Bonus=1000.0
[2026-05-22 10:13:16] ALL WRONG MOVES BY COLOUR: {}
[2026-05-22 10:13:16] GAME TIME LIMIT REACHED.
[2026-05-22 10:13:16] SCORE The bandits (lawn green): Final=1349.5, Time=90.0, Moves(42)=75.5, Pins(8)=800.0, Dist=384.0, Win Bonus=0.0
[2026-05-22 10:13:16] SCORE jat (gray0): Final=2539.7, Time=64.2, Moves(42)=75.5, Pins(10)=1000.0, Dist=400.0, Win Bonus=1000.0
[2026-05-22 10:13:16] ALL WRONG MOVES BY COLOUR: {}
[2026-05-22 10:13:16] GAME TIME LIMIT REACHED.
[2026-05-22 10:13:16] SCORE The bandits (lawn green): Final=1349.5, Time=90.0, Moves(42)=75.5, Pins(8)=800.0, Dist=384.0, Win Bonus=0.0
[2026-05-22 10:13:16] SCORE jat (gray0): Final=2539.7, Time=64.2, Moves(42)=75.5, Pins(10)=1000.0, Dist=400.0, Win Bonus=1000.0
[2026-05-22 10:13:16] ALL WRONG MOVES BY COLOUR: {}
[2026-05-22 10:13:16] GAME TIME LIMIT REACHED.
[2026-05-22 10:13:17] SCORE The bandits (lawn green): Final=1349.5, Time=90.0, Moves(42)=75.5, Pins(8)=800.0, Dist=384.0, Win Bonus=0.0
[2026-05-22 10:13:17] SCORE jat (gray0): Final=2539.7, Time=64.2, Moves(42)=75.5, Pins(10)=1000.0, Dist=400.0, Win Bonus=1000.0
[2026-05-22 10:13:17] ALL WRONG MOVES BY COLOUR: {}
[2026-05-22 10:13:17] GAME TIME LIMIT REACHED.
[2026-05-22 10:13:17] SCORE The bandits (lawn green): Final=1349.5, Time=90.0, Moves(42)=75.5, Pins(8)=800.0, Dist=384.0, Win Bonus=0.0
[2026-05-22 10:13:17] SCORE jat (gray0): Final=2539.7, Time=64.2, Moves(42)=75.5, Pins(10)=1000.0, Dist=400.0, Win Bonus=1000.0
[2026-05-22 10:13:17] ALL WRONG MOVES BY COLOUR: {}
[2026-05-22 10:13:17] GAME TIME LIMIT REACHED.
[2026-05-22 10:13:17] SCORE The bandits (lawn green): Final=1349.5, Time=90.0, Moves(42)=75.5, Pins(8)=800.0, Dist=384.0, Win Bonus=0.0
[2026-05-22 10:13:17] SCORE jat (gray0): Final=2539.7, Time=64.2, Moves(42)=75.5, Pins(10)=1000.0, Dist=400.0, Win Bonus=1000.0
[2026-05-22 10:13:17] ALL WRONG MOVES BY COLOUR: {}
[2026-05-22 10:13:17] GAME TIME LIMIT REACHED.
[2026-05-22 10:13:17] SCORE The bandits (lawn green): Final=1349.5, Time=90.0, Moves(42)=75.5, Pins(8)=800.0, Dist=384.0, Win Bonus=0.0
[2026-05-22 10:13:17] SCORE jat (gray0): Final=2539.7, Time=64.2, Moves(42)=75.5, Pins(10)=1000.0, Dist=400.0, Win Bonus=1000.0
[2026-05-22 10:13:17] ALL WRONG MOVES BY COLOUR: {}
[2026-05-22 10:13:17] GAME TIME LIMIT REACHED.
[2026-05-22 10:13:18] SCORE The bandits (lawn green): Final=1349.5, Time=90.0, Moves(42)=75.5, Pins(8)=800.0, Dist=384.0, Win Bonus=0.0
[2026-05-22 10:13:18] SCORE jat (gray0): Final=2539.7, Time=64.2, Moves(42)=75.5, Pins(10)=1000.0, Dist=400.0, Win Bonus=1000.0
[2026-05-22 10:13:18] ALL WRONG MOVES BY COLOUR: {}
[2026-05-22 10:13:18] GAME TIME LIMIT REACHED.
[2026-05-22 10:13:18] SCORE The bandits (lawn green): Final=1349.5, Time=90.0, Moves(42)=75.5, Pins(8)=800.0, Dist=384.0, Win Bonus=0.0
[2026-05-22 10:13:18] SCORE jat (gray0): Final=2539.7, Time=64.2, Moves(42)=75.5, Pins(10)=1000.0, Dist=400.0, Win Bonus=1000.0
[2026-05-22 10:13:18] ALL WRONG MOVES BY COLOUR: {}
[2026-05-22 10:13:18] GAME TIME LIMIT REACHED.
[2026-05-22 10:13:18] SCORE The bandits (lawn green): Final=1349.5, Time=90.0, Moves(42)=75.5, Pins(8)=800.0, Dist=384.0, Win Bonus=0.0
[2026-05-22 10:13:18] SCORE jat (gray0): Final=2539.7, Time=64.2, Moves(42)=75.5, Pins(10)=1000.0, Dist=400.0, Win Bonus=1000.0
[2026-05-22 10:13:18] ALL WRONG MOVES BY COLOUR: {}
[2026-05-22 10:13:18] GAME TIME LIMIT REACHED.
[2026-05-22 10:13:18] SCORE The bandits (lawn green): Final=1349.5, Time=90.0, Moves(42)=75.5, Pins(8)=800.0, Dist=384.0, Win Bonus=0.0
[2026-05-22 10:13:18] SCORE jat (gray0): Final=2539.7, Time=64.2, Moves(42)=75.5, Pins(10)=1000.0, Dist=400.0, Win Bonus=1000.0
[2026-05-22 10:13:18] ALL WRONG MOVES BY COLOUR: {}
[2026-05-22 10:13:18] GAME TIME LIMIT REACHED.
[2026-05-22 10:13:19] SCORE The bandits (lawn green): Final=1349.5, Time=90.0, Moves(42)=75.5, Pins(8)=800.0, Dist=384.0, Win Bonus=0.0
[2026-05-22 10:13:19] SCORE jat (gray0): Final=2539.7, Time=64.2, Moves(42)=75.5, Pins(10)=1000.0, Dist=400.0, Win Bonus=1000.0
[2026-05-22 10:13:19] ALL WRONG MOVES BY COLOUR: {}
[2026-05-22 10:13:19] GAME TIME LIMIT REACHED.
[2026-05-22 10:13:19] SCORE The bandits (lawn green): Final=1349.5, Time=90.0, Moves(42)=75.5, Pins(8)=800.0, Dist=384.0, Win Bonus=0.0
[2026-05-22 10:13:19] SCORE jat (gray0): Final=2539.7, Time=64.2, Moves(42)=75.5, Pins(10)=1000.0, Dist=400.0, Win Bonus=1000.0
[2026-05-22 10:13:19] ALL WRONG MOVES BY COLOUR: {}
[2026-05-22 10:13:19] GAME TIME LIMIT REACHED.
[2026-05-22 10:13:19] SCORE The bandits (lawn green): Final=1349.5, Time=90.0, Moves(42)=75.5, Pins(8)=800.0, Dist=384.0, Win Bonus=0.0
[2026-05-22 10:13:19] SCORE jat (gray0): Final=2539.7, Time=64.2, Moves(42)=75.5, Pins(10)=1000.0, Dist=400.0, Win Bonus=1000.0
[2026-05-22 10:13:19] ALL WRONG MOVES BY COLOUR: {}
[2026-05-22 10:13:19] GAME TIME LIMIT REACHED.
[2026-05-22 10:13:19] SCORE The bandits (lawn green): Final=1349.5, Time=90.0, Moves(42)=75.5, Pins(8)=800.0, Dist=384.0, Win Bonus=0.0
[2026-05-22 10:13:19] SCORE jat (gray0): Final=2539.7, Time=64.2, Moves(42)=75.5, Pins(10)=1000.0, Dist=400.0, Win Bonus=1000.0
[2026-05-22 10:13:19] ALL WRONG MOVES BY COLOUR: {}
[2026-05-22 10:13:19] GAME TIME LIMIT REACHED.
[2026-05-22 10:13:20] SCORE The bandits (lawn green): Final=1349.5, Time=90.0, Moves(42)=75.5, Pins(8)=800.0, Dist=384.0, Win Bonus=0.0
[2026-05-22 10:13:20] SCORE jat (gray0): Final=2539.7, Time=64.2, Moves(42)=75.5, Pins(10)=1000.0, Dist=400.0, Win Bonus=1000.0
[2026-05-22 10:13:20] ALL WRONG MOVES BY COLOUR: {}
[2026-05-22 10:13:20] GAME TIME LIMIT REACHED.
[2026-05-22 10:13:20] SCORE The bandits (lawn green): Final=1349.5, Time=90.0, Moves(42)=75.5, Pins(8)=800.0, Dist=384.0, Win Bonus=0.0
[2026-05-22 10:13:20] SCORE jat (gray0): Final=2539.7, Time=64.2, Moves(42)=75.5, Pins(10)=1000.0, Dist=400.0, Win Bonus=1000.0
[2026-05-22 10:13:20] ALL WRONG MOVES BY COLOUR: {}
[2026-05-22 10:13:20] GAME TIME LIMIT REACHED.
[2026-05-22 10:13:20] SCORE The bandits (lawn green): Final=1349.5, Time=90.0, Moves(42)=75.5, Pins(8)=800.0, Dist=384.0, Win Bonus=0.0
[2026-05-22 10:13:20] SCORE jat (gray0): Final=2539.7, Time=64.2, Moves(42)=75.5, Pins(10)=1000.0, Dist=400.0, Win Bonus=1000.0
[2026-05-22 10:13:20] ALL WRONG MOVES BY COLOUR: {}
[2026-05-22 10:13:20] GAME TIME LIMIT REACHED.
[2026-05-22 10:13:20] SCORE The bandits (lawn green): Final=1349.5, Time=90.0, Moves(42)=75.5, Pins(8)=800.0, Dist=384.0, Win Bonus=0.0
[2026-05-22 10:13:20] SCORE jat (gray0): Final=2539.7, Time=64.2, Moves(42)=75.5, Pins(10)=1000.0, Dist=400.0, Win Bonus=1000.0
[2026-05-22 10:13:20] ALL WRONG MOVES BY COLOUR: {}
[2026-05-22 10:13:20] GAME TIME LIMIT REACHED.
[2026-05-22 10:13:20] SCORE The bandits (lawn green): Final=1349.5, Time=90.0, Moves(42)=75.5, Pins(8)=800.0, Dist=384.0, Win Bonus=0.0
[2026-05-22 10:13:20] SCORE jat (gray0): Final=2539.7, Time=64.2, Moves(42)=75.5, Pins(10)=1000.0, Dist=400.0, Win Bonus=1000.0
[2026-05-22 10:13:20] ALL WRONG MOVES BY COLOUR: {}
[2026-05-22 10:13:20] GAME TIME LIMIT REACHED.
[2026-05-22 10:13:21] SCORE The bandits (lawn green): Final=1349.5, Time=90.0, Moves(42)=75.5, Pins(8)=800.0, Dist=384.0, Win Bonus=0.0
[2026-05-22 10:13:21] SCORE jat (gray0): Final=2539.7, Time=64.2, Moves(42)=75.5, Pins(10)=1000.0, Dist=400.0, Win Bonus=1000.0
[2026-05-22 10:13:21] ALL WRONG MOVES BY COLOUR: {}
[2026-05-22 10:13:21] GAME TIME LIMIT REACHED.
[2026-05-22 10:13:21] SCORE The bandits (lawn green): Final=1349.5, Time=90.0, Moves(42)=75.5, Pins(8)=800.0, Dist=384.0, Win Bonus=0.0
[2026-05-22 10:13:21] SCORE jat (gray0): Final=2539.7, Time=64.2, Moves(42)=75.5, Pins(10)=1000.0, Dist=400.0, Win Bonus=1000.0
[2026-05-22 10:13:21] ALL WRONG MOVES BY COLOUR: {}
[2026-05-22 10:13:21] GAME TIME LIMIT REACHED.
[2026-05-22 10:13:21] SCORE The bandits (lawn green): Final=1349.5, Time=90.0, Moves(42)=75.5, Pins(8)=800.0, Dist=384.0, Win Bonus=0.0
[2026-05-22 10:13:21] SCORE jat (gray0): Final=2539.7, Time=64.2, Moves(42)=75.5, Pins(10)=1000.0, Dist=400.0, Win Bonus=1000.0
[2026-05-22 10:13:21] ALL WRONG MOVES BY COLOUR: {}
[2026-05-22 10:13:21] GAME TIME LIMIT REACHED.
[2026-05-22 10:13:21] SCORE The bandits (lawn green): Final=1349.5, Time=90.0, Moves(42)=75.5, Pins(8)=800.0, Dist=384.0, Win Bonus=0.0
[2026-05-22 10:13:22] SCORE jat (gray0): Final=2539.7, Time=64.2, Moves(42)=75.5, Pins(10)=1000.0, Dist=400.0, Win Bonus=1000.0
[2026-05-22 10:13:22] ALL WRONG MOVES BY COLOUR: {}
[2026-05-22 10:13:22] GAME TIME LIMIT REACHED.
[2026-05-22 10:13:22] SCORE The bandits (lawn green): Final=1349.5, Time=90.0, Moves(42)=75.5, Pins(8)=800.0, Dist=384.0, Win Bonus=0.0
[2026-05-22 10:13:22] SCORE jat (gray0): Final=2539.7, Time=64.2, Moves(42)=75.5, Pins(10)=1000.0, Dist=400.0, Win Bonus=1000.0
[2026-05-22 10:13:22] ALL WRONG MOVES BY COLOUR: {}
[2026-05-22 10:13:22] GAME TIME LIMIT REACHED.
[2026-05-22 10:13:22] SCORE The bandits (lawn green): Final=1349.5, Time=90.0, Moves(42)=75.5, Pins(8)=800.0, Dist=384.0, Win Bonus=0.0
[2026-05-22 10:13:22] SCORE jat (gray0): Final=2539.7, Time=64.2, Moves(42)=75.5, Pins(10)=1000.0, Dist=400.0, Win Bonus=1000.0
[2026-05-22 10:13:22] ALL WRONG MOVES BY COLOUR: {}
[2026-05-22 10:13:22] GAME TIME LIMIT REACHED.
[2026-05-22 10:13:22] SCORE The bandits (lawn green): Final=1349.5, Time=90.0, Moves(42)=75.5, Pins(8)=800.0, Dist=384.0, Win Bonus=0.0
[2026-05-22 10:13:22] SCORE jat (gray0): Final=2539.7, Time=64.2, Moves(42)=75.5, Pins(10)=1000.0, Dist=400.0, Win Bonus=1000.0
[2026-05-22 10:13:22] ALL WRONG MOVES BY COLOUR: {}
[2026-05-22 10:13:22] GAME TIME LIMIT REACHED.
[2026-05-22 10:13:23] SCORE The bandits (lawn green): Final=1349.5, Time=90.0, Moves(42)=75.5, Pins(8)=800.0, Dist=384.0, Win Bonus=0.0
[2026-05-22 10:13:23] SCORE jat (gray0): Final=2539.7, Time=64.2, Moves(42)=75.5, Pins(10)=1000.0, Dist=400.0, Win Bonus=1000.0
[2026-05-22 10:13:23] ALL WRONG MOVES BY COLOUR: {}
[2026-05-22 10:13:23] GAME TIME LIMIT REACHED.
[2026-05-22 10:13:23] SCORE The bandits (lawn green): Final=1349.5, Time=90.0, Moves(42)=75.5, Pins(8)=800.0, Dist=384.0, Win Bonus=0.0
[2026-05-22 10:13:23] SCORE jat (gray0): Final=2539.7, Time=64.2, Moves(42)=75.5, Pins(10)=1000.0, Dist=400.0, Win Bonus=1000.0
[2026-05-22 10:13:23] ALL WRONG MOVES BY COLOUR: {}
[2026-05-22 10:13:23] GAME TIME LIMIT REACHED.
[2026-05-22 10:13:23] SCORE The bandits (lawn green): Final=1349.5, Time=90.0, Moves(42)=75.5, Pins(8)=800.0, Dist=384.0, Win Bonus=0.0
[2026-05-22 10:13:23] SCORE jat (gray0): Final=2539.7, Time=64.2, Moves(42)=75.5, Pins(10)=1000.0, Dist=400.0, Win Bonus=1000.0
[2026-05-22 10:13:23] ALL WRONG MOVES BY COLOUR: {}
[2026-05-22 10:13:23] GAME TIME LIMIT REACHED.
[2026-05-22 10:13:23] SCORE The bandits (lawn green): Final=1349.5, Time=90.0, Moves(42)=75.5, Pins(8)=800.0, Dist=384.0, Win Bonus=0.0
[2026-05-22 10:13:23] SCORE jat (gray0): Final=2539.7, Time=64.2, Moves(42)=75.5, Pins(10)=1000.0, Dist=400.0, Win Bonus=1000.0
[2026-05-22 10:13:23] ALL WRONG MOVES BY COLOUR: {}
[2026-05-22 10:13:23] GAME TIME LIMIT REACHED.
[2026-05-22 10:13:24] SCORE The bandits (lawn green): Final=1349.5, Time=90.0, Moves(42)=75.5, Pins(8)=800.0, Dist=384.0, Win Bonus=0.0
[2026-05-22 10:13:24] SCORE jat (gray0): Final=2539.7, Time=64.2, Moves(42)=75.5, Pins(10)=1000.0, Dist=400.0, Win Bonus=1000.0
[2026-05-22 10:13:24] ALL WRONG MOVES BY COLOUR: {}
[2026-05-22 10:13:24] GAME TIME LIMIT REACHED.
[2026-05-22 10:13:24] SCORE The bandits (lawn green): Final=1349.5, Time=90.0, Moves(42)=75.5, Pins(8)=800.0, Dist=384.0, Win Bonus=0.0
[2026-05-22 10:13:24] SCORE jat (gray0): Final=2539.7, Time=64.2, Moves(42)=75.5, Pins(10)=1000.0, Dist=400.0, Win Bonus=1000.0
[2026-05-22 10:13:24] ALL WRONG MOVES BY COLOUR: {}
[2026-05-22 10:13:24] GAME TIME LIMIT REACHED.
[2026-05-22 10:13:24] SCORE The bandits (lawn green): Final=1349.5, Time=90.0, Moves(42)=75.5, Pins(8)=800.0, Dist=384.0, Win Bonus=0.0
[2026-05-22 10:13:24] SCORE jat (gray0): Final=2539.7, Time=64.2, Moves(42)=75.5, Pins(10)=1000.0, Dist=400.0, Win Bonus=1000.0
[2026-05-22 10:13:24] ALL WRONG MOVES BY COLOUR: {}
[2026-05-22 10:13:24] GAME TIME LIMIT REACHED.
[2026-05-22 10:13:24] SCORE The bandits (lawn green): Final=1349.5, Time=90.0, Moves(42)=75.5, Pins(8)=800.0, Dist=384.0, Win Bonus=0.0
[2026-05-22 10:13:24] SCORE jat (gray0): Final=2539.7, Time=64.2, Moves(42)=75.5, Pins(10)=1000.0, Dist=400.0, Win Bonus=1000.0
[2026-05-22 10:13:24] ALL WRONG MOVES BY COLOUR: {}
[2026-05-22 10:13:24] GAME TIME LIMIT REACHED.
[2026-05-22 10:13:24] SCORE The bandits (lawn green): Final=1349.5, Time=90.0, Moves(42)=75.5, Pins(8)=800.0, Dist=384.0, Win Bonus=0.0
[2026-05-22 10:13:24] SCORE jat (gray0): Final=2539.7, Time=64.2, Moves(42)=75.5, Pins(10)=1000.0, Dist=400.0, Win Bonus=1000.0
[2026-05-22 10:13:24] ALL WRONG MOVES BY COLOUR: {}
[2026-05-22 10:13:25] GAME TIME LIMIT REACHED.
[2026-05-22 10:13:25] SCORE The bandits (lawn green): Final=1349.5, Time=90.0, Moves(42)=75.5, Pins(8)=800.0, Dist=384.0, Win Bonus=0.0
[2026-05-22 10:13:25] SCORE jat (gray0): Final=2539.7, Time=64.2, Moves(42)=75.5, Pins(10)=1000.0, Dist=400.0, Win Bonus=1000.0
[2026-05-22 10:13:25] ALL WRONG MOVES BY COLOUR: {}
[2026-05-22 10:13:25] GAME TIME LIMIT REACHED.
[2026-05-22 10:13:25] SCORE The bandits (lawn green): Final=1349.5, Time=90.0, Moves(42)=75.5, Pins(8)=800.0, Dist=384.0, Win Bonus=0.0
[2026-05-22 10:13:25] SCORE jat (gray0): Final=2539.7, Time=64.2, Moves(42)=75.5, Pins(10)=1000.0, Dist=400.0, Win Bonus=1000.0
[2026-05-22 10:13:25] ALL WRONG MOVES BY COLOUR: {}
[2026-05-22 10:13:25] GAME TIME LIMIT REACHED.
[2026-05-22 10:13:25] SCORE The bandits (lawn green): Final=1349.5, Time=90.0, Moves(42)=75.5, Pins(8)=800.0, Dist=384.0, Win Bonus=0.0
[2026-05-22 10:13:25] SCORE jat (gray0): Final=2539.7, Time=64.2, Moves(42)=75.5, Pins(10)=1000.0, Dist=400.0, Win Bonus=1000.0
[2026-05-22 10:13:25] ALL WRONG MOVES BY COLOUR: {}
[2026-05-22 10:13:25] GAME TIME LIMIT REACHED.
[2026-05-22 10:13:25] SCORE The bandits (lawn green): Final=1349.5, Time=90.0, Moves(42)=75.5, Pins(8)=800.0, Dist=384.0, Win Bonus=0.0
[2026-05-22 10:13:25] SCORE jat (gray0): Final=2539.7, Time=64.2, Moves(42)=75.5, Pins(10)=1000.0, Dist=400.0, Win Bonus=1000.0
[2026-05-22 10:13:25] ALL WRONG MOVES BY COLOUR: {}
[2026-05-22 10:13:25] GAME TIME LIMIT REACHED.
[2026-05-22 10:13:26] SCORE The bandits (lawn green): Final=1349.5, Time=90.0, Moves(42)=75.5, Pins(8)=800.0, Dist=384.0, Win Bonus=0.0
[2026-05-22 10:13:26] SCORE jat (gray0): Final=2539.7, Time=64.2, Moves(42)=75.5, Pins(10)=1000.0, Dist=400.0, Win Bonus=1000.0
[2026-05-22 10:13:26] ALL WRONG MOVES BY COLOUR: {}
[2026-05-22 10:13:26] GAME TIME LIMIT REACHED.
[2026-05-22 10:13:26] SCORE The bandits (lawn green): Final=1349.5, Time=90.0, Moves(42)=75.5, Pins(8)=800.0, Dist=384.0, Win Bonus=0.0
[2026-05-22 10:13:26] SCORE jat (gray0): Final=2539.7, Time=64.2, Moves(42)=75.5, Pins(10)=1000.0, Dist=400.0, Win Bonus=1000.0
[2026-05-22 10:13:26] ALL WRONG MOVES BY COLOUR: {}
[2026-05-22 10:13:26] GAME TIME LIMIT REACHED.
[2026-05-22 10:13:26] SCORE The bandits (lawn green): Final=1349.5, Time=90.0, Moves(42)=75.5, Pins(8)=800.0, Dist=384.0, Win Bonus=0.0
[2026-05-22 10:13:26] SCORE jat (gray0): Final=2539.7, Time=64.2, Moves(42)=75.5, Pins(10)=1000.0, Dist=400.0, Win Bonus=1000.0
[2026-05-22 10:13:26] ALL WRONG MOVES BY COLOUR: {}
[2026-05-22 10:13:26] GAME TIME LIMIT REACHED.
[2026-05-22 10:13:26] SCORE The bandits (lawn green): Final=1349.5, Time=90.0, Moves(42)=75.5, Pins(8)=800.0, Dist=384.0, Win Bonus=0.0
[2026-05-22 10:13:26] SCORE jat (gray0): Final=2539.7, Time=64.2, Moves(42)=75.5, Pins(10)=1000.0, Dist=400.0, Win Bonus=1000.0
[2026-05-22 10:13:26] ALL WRONG MOVES BY COLOUR: {}
[2026-05-22 10:13:26] GAME TIME LIMIT REACHED.
[2026-05-22 10:13:27] SCORE The bandits (lawn green): Final=1349.5, Time=90.0, Moves(42)=75.5, Pins(8)=800.0, Dist=384.0, Win Bonus=0.0
[2026-05-22 10:13:27] SCORE jat (gray0): Final=2539.7, Time=64.2, Moves(42)=75.5, Pins(10)=1000.0, Dist=400.0, Win Bonus=1000.0
[2026-05-22 10:13:27] ALL WRONG MOVES BY COLOUR: {}
[2026-05-22 10:13:27] GAME TIME LIMIT REACHED.
[2026-05-22 10:13:27] SCORE The bandits (lawn green): Final=1349.5, Time=90.0, Moves(42)=75.5, Pins(8)=800.0, Dist=384.0, Win Bonus=0.0
[2026-05-22 10:13:27] SCORE jat (gray0): Final=2539.7, Time=64.2, Moves(42)=75.5, Pins(10)=1000.0, Dist=400.0, Win Bonus=1000.0
[2026-05-22 10:13:27] ALL WRONG MOVES BY COLOUR: {}
[2026-05-22 10:13:27] GAME TIME LIMIT REACHED.
[2026-05-22 10:13:27] SCORE The bandits (lawn green): Final=1349.5, Time=90.0, Moves(42)=75.5, Pins(8)=800.0, Dist=384.0, Win Bonus=0.0
[2026-05-22 10:13:27] SCORE jat (gray0): Final=2539.7, Time=64.2, Moves(42)=75.5, Pins(10)=1000.0, Dist=400.0, Win Bonus=1000.0
[2026-05-22 10:13:27] ALL WRONG MOVES BY COLOUR: {}
[2026-05-22 10:13:27] GAME TIME LIMIT REACHED.
[2026-05-22 10:13:27] SCORE The bandits (lawn green): Final=1349.5, Time=90.0, Moves(42)=75.5, Pins(8)=800.0, Dist=384.0, Win Bonus=0.0
[2026-05-22 10:13:27] SCORE jat (gray0): Final=2539.7, Time=64.2, Moves(42)=75.5, Pins(10)=1000.0, Dist=400.0, Win Bonus=1000.0
[2026-05-22 10:13:27] ALL WRONG MOVES BY COLOUR: {}
[2026-05-22 10:13:27] GAME TIME LIMIT REACHED.
[2026-05-22 10:13:28] SCORE The bandits (lawn green): Final=1349.5, Time=90.0, Moves(42)=75.5, Pins(8)=800.0, Dist=384.0, Win Bonus=0.0
[2026-05-22 10:13:28] SCORE jat (gray0): Final=2539.7, Time=64.2, Moves(42)=75.5, Pins(10)=1000.0, Dist=400.0, Win Bonus=1000.0
[2026-05-22 10:13:28] ALL WRONG MOVES BY COLOUR: {}
[2026-05-22 10:13:28] GAME TIME LIMIT REACHED.
[2026-05-22 10:13:28] SCORE The bandits (lawn green): Final=1349.5, Time=90.0, Moves(42)=75.5, Pins(8)=800.0, Dist=384.0, Win Bonus=0.0
[2026-05-22 10:13:28] SCORE jat (gray0): Final=2539.7, Time=64.2, Moves(42)=75.5, Pins(10)=1000.0, Dist=400.0, Win Bonus=1000.0
[2026-05-22 10:13:28] ALL WRONG MOVES BY COLOUR: {}
[2026-05-22 10:13:28] GAME TIME LIMIT REACHED.
[2026-05-22 10:13:28] SCORE The bandits (lawn green): Final=1349.5, Time=90.0, Moves(42)=75.5, Pins(8)=800.0, Dist=384.0, Win Bonus=0.0
[2026-05-22 10:13:28] SCORE jat (gray0): Final=2539.7, Time=64.2, Moves(42)=75.5, Pins(10)=1000.0, Dist=400.0, Win Bonus=1000.0
[2026-05-22 10:13:28] ALL WRONG MOVES BY COLOUR: {}
[2026-05-22 10:13:28] GAME TIME LIMIT REACHED.
[2026-05-22 10:13:28] SCORE The bandits (lawn green): Final=1349.5, Time=90.0, Moves(42)=75.5, Pins(8)=800.0, Dist=384.0, Win Bonus=0.0
[2026-05-22 10:13:28] SCORE jat (gray0): Final=2539.7, Time=64.2, Moves(42)=75.5, Pins(10)=1000.0, Dist=400.0, Win Bonus=1000.0
[2026-05-22 10:13:28] ALL WRONG MOVES BY COLOUR: {}
[2026-05-22 10:13:28] GAME TIME LIMIT REACHED.
[2026-05-22 10:13:29] SCORE The bandits (lawn green): Final=1349.5, Time=90.0, Moves(42)=75.5, Pins(8)=800.0, Dist=384.0, Win Bonus=0.0
[2026-05-22 10:13:29] SCORE jat (gray0): Final=2539.7, Time=64.2, Moves(42)=75.5, Pins(10)=1000.0, Dist=400.0, Win Bonus=1000.0
[2026-05-22 10:13:29] ALL WRONG MOVES BY COLOUR: {}
[2026-05-22 10:13:29] GAME TIME LIMIT REACHED.
[2026-05-22 10:13:29] SCORE The bandits (lawn green): Final=1349.5, Time=90.0, Moves(42)=75.5, Pins(8)=800.0, Dist=384.0, Win Bonus=0.0
[2026-05-22 10:13:29] SCORE jat (gray0): Final=2539.7, Time=64.2, Moves(42)=75.5, Pins(10)=1000.0, Dist=400.0, Win Bonus=1000.0
[2026-05-22 10:13:29] ALL WRONG MOVES BY COLOUR: {}
[2026-05-22 10:13:29] GAME TIME LIMIT REACHED.
[2026-05-22 10:13:29] SCORE The bandits (lawn green): Final=1349.5, Time=90.0, Moves(42)=75.5, Pins(8)=800.0, Dist=384.0, Win Bonus=0.0
[2026-05-22 10:13:29] SCORE jat (gray0): Final=2539.7, Time=64.2, Moves(42)=75.5, Pins(10)=1000.0, Dist=400.0, Win Bonus=1000.0
[2026-05-22 10:13:29] ALL WRONG MOVES BY COLOUR: {}
[2026-05-22 10:13:29] GAME TIME LIMIT REACHED.
[2026-05-22 10:13:29] SCORE The bandits (lawn green): Final=1349.5, Time=90.0, Moves(42)=75.5, Pins(8)=800.0, Dist=384.0, Win Bonus=0.0
[2026-05-22 10:13:29] SCORE jat (gray0): Final=2539.7, Time=64.2, Moves(42)=75.5, Pins(10)=1000.0, Dist=400.0, Win Bonus=1000.0
[2026-05-22 10:13:29] ALL WRONG MOVES BY COLOUR: {}
[2026-05-22 10:13:29] GAME TIME LIMIT REACHED.
[2026-05-22 10:13:30] SCORE The bandits (lawn green): Final=1349.5, Time=90.0, Moves(42)=75.5, Pins(8)=800.0, Dist=384.0, Win Bonus=0.0
[2026-05-22 10:13:30] SCORE jat (gray0): Final=2539.7, Time=64.2, Moves(42)=75.5, Pins(10)=1000.0, Dist=400.0, Win Bonus=1000.0
[2026-05-22 10:13:30] ALL WRONG MOVES BY COLOUR: {}
[2026-05-22 10:13:30] GAME TIME LIMIT REACHED.
[2026-05-22 10:13:30] SCORE The bandits (lawn green): Final=1349.5, Time=90.0, Moves(42)=75.5, Pins(8)=800.0, Dist=384.0, Win Bonus=0.0
[2026-05-22 10:13:30] SCORE jat (gray0): Final=2539.7, Time=64.2, Moves(42)=75.5, Pins(10)=1000.0, Dist=400.0, Win Bonus=1000.0
[2026-05-22 10:13:30] ALL WRONG MOVES BY COLOUR: {}
[2026-05-22 10:13:30] GAME TIME LIMIT REACHED.
[2026-05-22 10:13:30] SCORE The bandits (lawn green): Final=1349.5, Time=90.0, Moves(42)=75.5, Pins(8)=800.0, Dist=384.0, Win Bonus=0.0
[2026-05-22 10:13:30] SCORE jat (gray0): Final=2539.7, Time=64.2, Moves(42)=75.5, Pins(10)=1000.0, Dist=400.0, Win Bonus=1000.0
[2026-05-22 10:13:30] ALL WRONG MOVES BY COLOUR: {}
[2026-05-22 10:13:30] GAME TIME LIMIT REACHED.
[2026-05-22 10:13:30] SCORE The bandits (lawn green): Final=1349.5, Time=90.0, Moves(42)=75.5, Pins(8)=800.0, Dist=384.0, Win Bonus=0.0
[2026-05-22 10:13:30] SCORE jat (gray0): Final=2539.7, Time=64.2, Moves(42)=75.5, Pins(10)=1000.0, Dist=400.0, Win Bonus=1000.0
[2026-05-22 10:13:30] ALL WRONG MOVES BY COLOUR: {}
[2026-05-22 10:13:30] GAME TIME LIMIT REACHED.
[2026-05-22 10:13:31] SCORE The bandits (lawn green): Final=1349.5, Time=90.0, Moves(42)=75.5, Pins(8)=800.0, Dist=384.0, Win Bonus=0.0
[2026-05-22 10:13:31] SCORE jat (gray0): Final=2539.7, Time=64.2, Moves(42)=75.5, Pins(10)=1000.0, Dist=400.0, Win Bonus=1000.0
[2026-05-22 10:13:31] ALL WRONG MOVES BY COLOUR: {}
[2026-05-22 10:13:31] GAME TIME LIMIT REACHED.
[2026-05-22 10:13:31] SCORE The bandits (lawn green): Final=1349.5, Time=90.0, Moves(42)=75.5, Pins(8)=800.0, Dist=384.0, Win Bonus=0.0
[2026-05-22 10:13:31] SCORE jat (gray0): Final=2539.7, Time=64.2, Moves(42)=75.5, Pins(10)=1000.0, Dist=400.0, Win Bonus=1000.0
[2026-05-22 10:13:31] ALL WRONG MOVES BY COLOUR: {}
[2026-05-22 10:13:31] GAME TIME LIMIT REACHED.
[2026-05-22 10:13:31] SCORE The bandits (lawn green): Final=1349.5, Time=90.0, Moves(42)=75.5, Pins(8)=800.0, Dist=384.0, Win Bonus=0.0
[2026-05-22 10:13:31] SCORE jat (gray0): Final=2539.7, Time=64.2, Moves(42)=75.5, Pins(10)=1000.0, Dist=400.0, Win Bonus=1000.0
[2026-05-22 10:13:31] ALL WRONG MOVES BY COLOUR: {}
[2026-05-22 10:13:31] GAME TIME LIMIT REACHED.
[2026-05-22 10:13:31] SCORE The bandits (lawn green): Final=1349.5, Time=90.0, Moves(42)=75.5, Pins(8)=800.0, Dist=384.0, Win Bonus=0.0
[2026-05-22 10:13:31] SCORE jat (gray0): Final=2539.7, Time=64.2, Moves(42)=75.5, Pins(10)=1000.0, Dist=400.0, Win Bonus=1000.0
[2026-05-22 10:13:31] ALL WRONG MOVES BY COLOUR: {}
[2026-05-22 10:13:31] GAME TIME LIMIT REACHED.
[2026-05-22 10:13:31] SCORE The bandits (lawn green): Final=1349.5, Time=90.0, Moves(42)=75.5, Pins(8)=800.0, Dist=384.0, Win Bonus=0.0
[2026-05-22 10:13:31] SCORE jat (gray0): Final=2539.7, Time=64.2, Moves(42)=75.5, Pins(10)=1000.0, Dist=400.0, Win Bonus=1000.0
[2026-05-22 10:13:31] ALL WRONG MOVES BY COLOUR: {}
[2026-05-22 10:13:31] GAME TIME LIMIT REACHED.
[2026-05-22 10:13:32] SCORE The bandits (lawn green): Final=1349.5, Time=90.0, Moves(42)=75.5, Pins(8)=800.0, Dist=384.0, Win Bonus=0.0
[2026-05-22 10:13:32] SCORE jat (gray0): Final=2539.7, Time=64.2, Moves(42)=75.5, Pins(10)=1000.0, Dist=400.0, Win Bonus=1000.0
[2026-05-22 10:13:32] ALL WRONG MOVES BY COLOUR: {}
[2026-05-22 10:13:32] GAME TIME LIMIT REACHED.
[2026-05-22 10:13:32] SCORE The bandits (lawn green): Final=1349.5, Time=90.0, Moves(42)=75.5, Pins(8)=800.0, Dist=384.0, Win Bonus=0.0
[2026-05-22 10:13:32] SCORE jat (gray0): Final=2539.7, Time=64.2, Moves(42)=75.5, Pins(10)=1000.0, Dist=400.0, Win Bonus=1000.0
[2026-05-22 10:13:32] ALL WRONG MOVES BY COLOUR: {}
[2026-05-22 10:13:32] GAME TIME LIMIT REACHED.
[2026-05-22 10:13:32] SCORE The bandits (lawn green): Final=1349.5, Time=90.0, Moves(42)=75.5, Pins(8)=800.0, Dist=384.0, Win Bonus=0.0
[2026-05-22 10:13:32] SCORE jat (gray0): Final=2539.7, Time=64.2, Moves(42)=75.5, Pins(10)=1000.0, Dist=400.0, Win Bonus=1000.0
[2026-05-22 10:13:32] ALL WRONG MOVES BY COLOUR: {}
[2026-05-22 10:13:32] GAME TIME LIMIT REACHED.
[2026-05-22 10:13:32] SCORE The bandits (lawn green): Final=1349.5, Time=90.0, Moves(42)=75.5, Pins(8)=800.0, Dist=384.0, Win Bonus=0.0
[2026-05-22 10:13:32] SCORE jat (gray0): Final=2539.7, Time=64.2, Moves(42)=75.5, Pins(10)=1000.0, Dist=400.0, Win Bonus=1000.0
[2026-05-22 10:13:32] ALL WRONG MOVES BY COLOUR: {}
[2026-05-22 10:13:32] GAME TIME LIMIT REACHED.
[2026-05-22 10:13:33] SCORE The bandits (lawn green): Final=1349.5, Time=90.0, Moves(42)=75.5, Pins(8)=800.0, Dist=384.0, Win Bonus=0.0
[2026-05-22 10:13:33] SCORE jat (gray0): Final=2539.7, Time=64.2, Moves(42)=75.5, Pins(10)=1000.0, Dist=400.0, Win Bonus=1000.0
[2026-05-22 10:13:33] ALL WRONG MOVES BY COLOUR: {}
[2026-05-22 10:13:33] GAME TIME LIMIT REACHED.
[2026-05-22 10:13:33] SCORE The bandits (lawn green): Final=1349.5, Time=90.0, Moves(42)=75.5, Pins(8)=800.0, Dist=384.0, Win Bonus=0.0
[2026-05-22 10:13:33] SCORE jat (gray0): Final=2539.7, Time=64.2, Moves(42)=75.5, Pins(10)=1000.0, Dist=400.0, Win Bonus=1000.0
[2026-05-22 10:13:33] ALL WRONG MOVES BY COLOUR: {}
[2026-05-22 10:13:33] GAME TIME LIMIT REACHED.
[2026-05-22 10:13:33] SCORE The bandits (lawn green): Final=1349.5, Time=90.0, Moves(42)=75.5, Pins(8)=800.0, Dist=384.0, Win Bonus=0.0
[2026-05-22 10:13:33] SCORE jat (gray0): Final=2539.7, Time=64.2, Moves(42)=75.5, Pins(10)=1000.0, Dist=400.0, Win Bonus=1000.0
[2026-05-22 10:13:33] ALL WRONG MOVES BY COLOUR: {}
[2026-05-22 10:13:33] GAME TIME LIMIT REACHED.
[2026-05-22 10:13:33] SCORE The bandits (lawn green): Final=1349.5, Time=90.0, Moves(42)=75.5, Pins(8)=800.0, Dist=384.0, Win Bonus=0.0
[2026-05-22 10:13:33] SCORE jat (gray0): Final=2539.7, Time=64.2, Moves(42)=75.5, Pins(10)=1000.0, Dist=400.0, Win Bonus=1000.0
[2026-05-22 10:13:33] ALL WRONG MOVES BY COLOUR: {}
[2026-05-22 10:13:33] GAME TIME LIMIT REACHED.
[2026-05-22 10:13:34] SCORE The bandits (lawn green): Final=1349.5, Time=90.0, Moves(42)=75.5, Pins(8)=800.0, Dist=384.0, Win Bonus=0.0
[2026-05-22 10:13:34] SCORE jat (gray0): Final=2539.7, Time=64.2, Moves(42)=75.5, Pins(10)=1000.0, Dist=400.0, Win Bonus=1000.0
[2026-05-22 10:13:34] ALL WRONG MOVES BY COLOUR: {}
[2026-05-22 10:13:34] GAME TIME LIMIT REACHED.
[2026-05-22 10:13:34] SCORE The bandits (lawn green): Final=1349.5, Time=90.0, Moves(42)=75.5, Pins(8)=800.0, Dist=384.0, Win Bonus=0.0
[2026-05-22 10:13:34] SCORE jat (gray0): Final=2539.7, Time=64.2, Moves(42)=75.5, Pins(10)=1000.0, Dist=400.0, Win Bonus=1000.0
[2026-05-22 10:13:34] ALL WRONG MOVES BY COLOUR: {}
[2026-05-22 10:13:34] GAME TIME LIMIT REACHED.
[2026-05-22 10:13:34] SCORE The bandits (lawn green): Final=1349.5, Time=90.0, Moves(42)=75.5, Pins(8)=800.0, Dist=384.0, Win Bonus=0.0
[2026-05-22 10:13:34] SCORE jat (gray0): Final=2539.7, Time=64.2, Moves(42)=75.5, Pins(10)=1000.0, Dist=400.0, Win Bonus=1000.0
[2026-05-22 10:13:34] ALL WRONG MOVES BY COLOUR: {}
[2026-05-22 10:13:34] GAME TIME LIMIT REACHED.
[2026-05-22 10:13:34] SCORE The bandits (lawn green): Final=1349.5, Time=90.0, Moves(42)=75.5, Pins(8)=800.0, Dist=384.0, Win Bonus=0.0
[2026-05-22 10:13:34] SCORE jat (gray0): Final=2539.7, Time=64.2, Moves(42)=75.5, Pins(10)=1000.0, Dist=400.0, Win Bonus=1000.0
[2026-05-22 10:13:34] ALL WRONG MOVES BY COLOUR: {}
[2026-05-22 10:13:34] GAME TIME LIMIT REACHED.
[2026-05-22 10:13:35] SCORE The bandits (lawn green): Final=1349.5, Time=90.0, Moves(42)=75.5, Pins(8)=800.0, Dist=384.0, Win Bonus=0.0
[2026-05-22 10:13:35] SCORE jat (gray0): Final=2539.7, Time=64.2, Moves(42)=75.5, Pins(10)=1000.0, Dist=400.0, Win Bonus=1000.0
[2026-05-22 10:13:35] ALL WRONG MOVES BY COLOUR: {}
[2026-05-22 10:13:35] GAME TIME LIMIT REACHED.
[2026-05-22 10:13:35] SCORE The bandits (lawn green): Final=1349.5, Time=90.0, Moves(42)=75.5, Pins(8)=800.0, Dist=384.0, Win Bonus=0.0
[2026-05-22 10:13:35] SCORE jat (gray0): Final=2539.7, Time=64.2, Moves(42)=75.5, Pins(10)=1000.0, Dist=400.0, Win Bonus=1000.0
[2026-05-22 10:13:35] ALL WRONG MOVES BY COLOUR: {}
[2026-05-22 10:13:35] GAME TIME LIMIT REACHED.
[2026-05-22 10:13:35] SCORE The bandits (lawn green): Final=1349.5, Time=90.0, Moves(42)=75.5, Pins(8)=800.0, Dist=384.0, Win Bonus=0.0
[2026-05-22 10:13:35] SCORE jat (gray0): Final=2539.7, Time=64.2, Moves(42)=75.5, Pins(10)=1000.0, Dist=400.0, Win Bonus=1000.0
[2026-05-22 10:13:35] ALL WRONG MOVES BY COLOUR: {}
[2026-05-22 10:13:35] GAME TIME LIMIT REACHED.
[2026-05-22 10:13:35] SCORE The bandits (lawn green): Final=1349.5, Time=90.0, Moves(42)=75.5, Pins(8)=800.0, Dist=384.0, Win Bonus=0.0
[2026-05-22 10:13:35] SCORE jat (gray0): Final=2539.7, Time=64.2, Moves(42)=75.5, Pins(10)=1000.0, Dist=400.0, Win Bonus=1000.0
[2026-05-22 10:13:35] ALL WRONG MOVES BY COLOUR: {}
[2026-05-22 10:13:35] GAME TIME LIMIT REACHED.
[2026-05-22 10:13:36] SCORE The bandits (lawn green): Final=1349.5, Time=90.0, Moves(42)=75.5, Pins(8)=800.0, Dist=384.0, Win Bonus=0.0
[2026-05-22 10:13:36] SCORE jat (gray0): Final=2539.7, Time=64.2, Moves(42)=75.5, Pins(10)=1000.0, Dist=400.0, Win Bonus=1000.0
[2026-05-22 10:13:36] ALL WRONG MOVES BY COLOUR: {}
[2026-05-22 10:13:36] GAME TIME LIMIT REACHED.
[2026-05-22 10:13:36] SCORE The bandits (lawn green): Final=1349.5, Time=90.0, Moves(42)=75.5, Pins(8)=800.0, Dist=384.0, Win Bonus=0.0
[2026-05-22 10:13:36] SCORE jat (gray0): Final=2539.7, Time=64.2, Moves(42)=75.5, Pins(10)=1000.0, Dist=400.0, Win Bonus=1000.0
[2026-05-22 10:13:36] ALL WRONG MOVES BY COLOUR: {}
[2026-05-22 10:13:36] GAME TIME LIMIT REACHED.
[2026-05-22 10:13:36] SCORE The bandits (lawn green): Final=1349.5, Time=90.0, Moves(42)=75.5, Pins(8)=800.0, Dist=384.0, Win Bonus=0.0
[2026-05-22 10:13:36] SCORE jat (gray0): Final=2539.7, Time=64.2, Moves(42)=75.5, Pins(10)=1000.0, Dist=400.0, Win Bonus=1000.0
[2026-05-22 10:13:36] ALL WRONG MOVES BY COLOUR: {}
[2026-05-22 10:13:36] GAME TIME LIMIT REACHED.
[2026-05-22 10:13:36] SCORE The bandits (lawn green): Final=1349.5, Time=90.0, Moves(42)=75.5, Pins(8)=800.0, Dist=384.0, Win Bonus=0.0
[2026-05-22 10:13:36] SCORE jat (gray0): Final=2539.7, Time=64.2, Moves(42)=75.5, Pins(10)=1000.0, Dist=400.0, Win Bonus=1000.0
[2026-05-22 10:13:36] ALL WRONG MOVES BY COLOUR: {}
[2026-05-22 10:13:36] GAME TIME LIMIT REACHED.
[2026-05-22 10:13:37] SCORE The bandits (lawn green): Final=1349.5, Time=90.0, Moves(42)=75.5, Pins(8)=800.0, Dist=384.0, Win Bonus=0.0
[2026-05-22 10:13:37] SCORE jat (gray0): Final=2539.7, Time=64.2, Moves(42)=75.5, Pins(10)=1000.0, Dist=400.0, Win Bonus=1000.0
[2026-05-22 10:13:37] ALL WRONG MOVES BY COLOUR: {}
[2026-05-22 10:13:37] GAME TIME LIMIT REACHED.
[2026-05-22 10:13:37] SCORE The bandits (lawn green): Final=1349.5, Time=90.0, Moves(42)=75.5, Pins(8)=800.0, Dist=384.0, Win Bonus=0.0
[2026-05-22 10:13:37] SCORE jat (gray0): Final=2539.7, Time=64.2, Moves(42)=75.5, Pins(10)=1000.0, Dist=400.0, Win Bonus=1000.0
[2026-05-22 10:13:37] ALL WRONG MOVES BY COLOUR: {}
[2026-05-22 10:13:37] GAME TIME LIMIT REACHED.
[2026-05-22 10:13:37] SCORE The bandits (lawn green): Final=1349.5, Time=90.0, Moves(42)=75.5, Pins(8)=800.0, Dist=384.0, Win Bonus=0.0
[2026-05-22 10:13:37] SCORE jat (gray0): Final=2539.7, Time=64.2, Moves(42)=75.5, Pins(10)=1000.0, Dist=400.0, Win Bonus=1000.0
[2026-05-22 10:13:37] ALL WRONG MOVES BY COLOUR: {}
[2026-05-22 10:13:37] GAME TIME LIMIT REACHED.
[2026-05-22 10:13:37] SCORE The bandits (lawn green): Final=1349.5, Time=90.0, Moves(42)=75.5, Pins(8)=800.0, Dist=384.0, Win Bonus=0.0
[2026-05-22 10:13:37] SCORE jat (gray0): Final=2539.7, Time=64.2, Moves(42)=75.5, Pins(10)=1000.0, Dist=400.0, Win Bonus=1000.0
[2026-05-22 10:13:37] ALL WRONG MOVES BY COLOUR: {}
[2026-05-22 10:13:37] GAME TIME LIMIT REACHED.
[2026-05-22 10:13:37] SCORE The bandits (lawn green): Final=1349.5, Time=90.0, Moves(42)=75.5, Pins(8)=800.0, Dist=384.0, Win Bonus=0.0
[2026-05-22 10:13:37] SCORE jat (gray0): Final=2539.7, Time=64.2, Moves(42)=75.5, Pins(10)=1000.0, Dist=400.0, Win Bonus=1000.0
[2026-05-22 10:13:37] ALL WRONG MOVES BY COLOUR: {}
[2026-05-22 10:13:37] GAME TIME LIMIT REACHED.
[2026-05-22 10:13:38] SCORE The bandits (lawn green): Final=1349.5, Time=90.0, Moves(42)=75.5, Pins(8)=800.0, Dist=384.0, Win Bonus=0.0
[2026-05-22 10:13:38] SCORE jat (gray0): Final=2539.7, Time=64.2, Moves(42)=75.5, Pins(10)=1000.0, Dist=400.0, Win Bonus=1000.0
[2026-05-22 10:13:38] ALL WRONG MOVES BY COLOUR: {}
[2026-05-22 10:13:38] GAME TIME LIMIT REACHED.
[2026-05-22 10:13:38] SCORE The bandits (lawn green): Final=1349.5, Time=90.0, Moves(42)=75.5, Pins(8)=800.0, Dist=384.0, Win Bonus=0.0
[2026-05-22 10:13:38] SCORE jat (gray0): Final=2539.7, Time=64.2, Moves(42)=75.5, Pins(10)=1000.0, Dist=400.0, Win Bonus=1000.0
[2026-05-22 10:13:38] ALL WRONG MOVES BY COLOUR: {}
[2026-05-22 10:13:38] GAME TIME LIMIT REACHED.
[2026-05-22 10:13:38] SCORE The bandits (lawn green): Final=1349.5, Time=90.0, Moves(42)=75.5, Pins(8)=800.0, Dist=384.0, Win Bonus=0.0
[2026-05-22 10:13:38] SCORE jat (gray0): Final=2539.7, Time=64.2, Moves(42)=75.5, Pins(10)=1000.0, Dist=400.0, Win Bonus=1000.0
[2026-05-22 10:13:38] ALL WRONG MOVES BY COLOUR: {}
[2026-05-22 10:13:38] GAME TIME LIMIT REACHED.
[2026-05-22 10:13:38] SCORE The bandits (lawn green): Final=1349.5, Time=90.0, Moves(42)=75.5, Pins(8)=800.0, Dist=384.0, Win Bonus=0.0
[2026-05-22 10:13:38] SCORE jat (gray0): Final=2539.7, Time=64.2, Moves(42)=75.5, Pins(10)=1000.0, Dist=400.0, Win Bonus=1000.0
[2026-05-22 10:13:38] ALL WRONG MOVES BY COLOUR: {}
[2026-05-22 10:13:38] GAME TIME LIMIT REACHED.
[2026-05-22 10:13:39] SCORE The bandits (lawn green): Final=1349.5, Time=90.0, Moves(42)=75.5, Pins(8)=800.0, Dist=384.0, Win Bonus=0.0
[2026-05-22 10:13:39] SCORE jat (gray0): Final=2539.7, Time=64.2, Moves(42)=75.5, Pins(10)=1000.0, Dist=400.0, Win Bonus=1000.0
[2026-05-22 10:13:39] ALL WRONG MOVES BY COLOUR: {}
[2026-05-22 10:13:39] GAME TIME LIMIT REACHED.
[2026-05-22 10:13:39] SCORE The bandits (lawn green): Final=1349.5, Time=90.0, Moves(42)=75.5, Pins(8)=800.0, Dist=384.0, Win Bonus=0.0
[2026-05-22 10:13:39] SCORE jat (gray0): Final=2539.7, Time=64.2, Moves(42)=75.5, Pins(10)=1000.0, Dist=400.0, Win Bonus=1000.0
[2026-05-22 10:13:39] ALL WRONG MOVES BY COLOUR: {}
[2026-05-22 10:13:39] GAME TIME LIMIT REACHED.
[2026-05-22 10:13:39] SCORE The bandits (lawn green): Final=1349.5, Time=90.0, Moves(42)=75.5, Pins(8)=800.0, Dist=384.0, Win Bonus=0.0
[2026-05-22 10:13:39] SCORE jat (gray0): Final=2539.7, Time=64.2, Moves(42)=75.5, Pins(10)=1000.0, Dist=400.0, Win Bonus=1000.0
[2026-05-22 10:13:39] ALL WRONG MOVES BY COLOUR: {}
[2026-05-22 10:13:39] GAME TIME LIMIT REACHED.
[2026-05-22 10:13:39] SCORE The bandits (lawn green): Final=1349.5, Time=90.0, Moves(42)=75.5, Pins(8)=800.0, Dist=384.0, Win Bonus=0.0
[2026-05-22 10:13:39] SCORE jat (gray0): Final=2539.7, Time=64.2, Moves(42)=75.5, Pins(10)=1000.0, Dist=400.0, Win Bonus=1000.0
[2026-05-22 10:13:39] ALL WRONG MOVES BY COLOUR: {}
[2026-05-22 10:13:39] GAME TIME LIMIT REACHED.
[2026-05-22 10:13:40] SCORE The bandits (lawn green): Final=1349.5, Time=90.0, Moves(42)=75.5, Pins(8)=800.0, Dist=384.0, Win Bonus=0.0
[2026-05-22 10:13:40] SCORE jat (gray0): Final=2539.7, Time=64.2, Moves(42)=75.5, Pins(10)=1000.0, Dist=400.0, Win Bonus=1000.0
[2026-05-22 10:13:40] ALL WRONG MOVES BY COLOUR: {}
[2026-05-22 10:13:40] GAME TIME LIMIT REACHED.
[2026-05-22 10:13:40] SCORE The bandits (lawn green): Final=1349.5, Time=90.0, Moves(42)=75.5, Pins(8)=800.0, Dist=384.0, Win Bonus=0.0
[2026-05-22 10:13:40] SCORE jat (gray0): Final=2539.7, Time=64.2, Moves(42)=75.5, Pins(10)=1000.0, Dist=400.0, Win Bonus=1000.0
[2026-05-22 10:13:40] ALL WRONG MOVES BY COLOUR: {}
[2026-05-22 10:13:40] GAME TIME LIMIT REACHED.
[2026-05-22 10:13:40] SCORE The bandits (lawn green): Final=1349.5, Time=90.0, Moves(42)=75.5, Pins(8)=800.0, Dist=384.0, Win Bonus=0.0
[2026-05-22 10:13:40] SCORE jat (gray0): Final=2539.7, Time=64.2, Moves(42)=75.5, Pins(10)=1000.0, Dist=400.0, Win Bonus=1000.0
[2026-05-22 10:13:40] ALL WRONG MOVES BY COLOUR: {}
[2026-05-22 10:13:40] GAME TIME LIMIT REACHED.
[2026-05-22 10:13:40] SCORE The bandits (lawn green): Final=1349.5, Time=90.0, Moves(42)=75.5, Pins(8)=800.0, Dist=384.0, Win Bonus=0.0
[2026-05-22 10:13:40] SCORE jat (gray0): Final=2539.7, Time=64.2, Moves(42)=75.5, Pins(10)=1000.0, Dist=400.0, Win Bonus=1000.0
[2026-05-22 10:13:40] ALL WRONG MOVES BY COLOUR: {}
[2026-05-22 10:13:40] GAME TIME LIMIT REACHED.
[2026-05-22 10:13:41] SCORE The bandits (lawn green): Final=1349.5, Time=90.0, Moves(42)=75.5, Pins(8)=800.0, Dist=384.0, Win Bonus=0.0
[2026-05-22 10:13:41] SCORE jat (gray0): Final=2539.7, Time=64.2, Moves(42)=75.5, Pins(10)=1000.0, Dist=400.0, Win Bonus=1000.0
[2026-05-22 10:13:41] ALL WRONG MOVES BY COLOUR: {}
[2026-05-22 10:13:41] GAME TIME LIMIT REACHED.
[2026-05-22 10:13:41] SCORE The bandits (lawn green): Final=1349.5, Time=90.0, Moves(42)=75.5, Pins(8)=800.0, Dist=384.0, Win Bonus=0.0
[2026-05-22 10:13:41] SCORE jat (gray0): Final=2539.7, Time=64.2, Moves(42)=75.5, Pins(10)=1000.0, Dist=400.0, Win Bonus=1000.0
[2026-05-22 10:13:41] ALL WRONG MOVES BY COLOUR: {}
[2026-05-22 10:13:41] GAME TIME LIMIT REACHED.
[2026-05-22 10:13:41] SCORE The bandits (lawn green): Final=1349.5, Time=90.0, Moves(42)=75.5, Pins(8)=800.0, Dist=384.0, Win Bonus=0.0
[2026-05-22 10:13:41] SCORE jat (gray0): Final=2539.7, Time=64.2, Moves(42)=75.5, Pins(10)=1000.0, Dist=400.0, Win Bonus=1000.0
[2026-05-22 10:13:41] ALL WRONG MOVES BY COLOUR: {}
[2026-05-22 10:13:41] GAME TIME LIMIT REACHED.
[2026-05-22 10:13:41] SCORE The bandits (lawn green): Final=1349.5, Time=90.0, Moves(42)=75.5, Pins(8)=800.0, Dist=384.0, Win Bonus=0.0
[2026-05-22 10:13:41] SCORE jat (gray0): Final=2539.7, Time=64.2, Moves(42)=75.5, Pins(10)=1000.0, Dist=400.0, Win Bonus=1000.0
[2026-05-22 10:13:41] ALL WRONG MOVES BY COLOUR: {}
[2026-05-22 10:13:41] GAME TIME LIMIT REACHED.
[2026-05-22 10:13:41] SCORE The bandits (lawn green): Final=1349.5, Time=90.0, Moves(42)=75.5, Pins(8)=800.0, Dist=384.0, Win Bonus=0.0
[2026-05-22 10:13:41] SCORE jat (gray0): Final=2539.7, Time=64.2, Moves(42)=75.5, Pins(10)=1000.0, Dist=400.0, Win Bonus=1000.0
[2026-05-22 10:13:41] ALL WRONG MOVES BY COLOUR: {}
[2026-05-22 10:13:41] GAME TIME LIMIT REACHED.
[2026-05-22 10:13:42] SCORE The bandits (lawn green): Final=1349.5, Time=90.0, Moves(42)=75.5, Pins(8)=800.0, Dist=384.0, Win Bonus=0.0
[2026-05-22 10:13:42] SCORE jat (gray0): Final=2539.7, Time=64.2, Moves(42)=75.5, Pins(10)=1000.0, Dist=400.0, Win Bonus=1000.0
[2026-05-22 10:13:42] ALL WRONG MOVES BY COLOUR: {}
[2026-05-22 10:13:42] GAME TIME LIMIT REACHED.
[2026-05-22 10:13:42] SCORE The bandits (lawn green): Final=1349.5, Time=90.0, Moves(42)=75.5, Pins(8)=800.0, Dist=384.0, Win Bonus=0.0
[2026-05-22 10:13:42] SCORE jat (gray0): Final=2539.7, Time=64.2, Moves(42)=75.5, Pins(10)=1000.0, Dist=400.0, Win Bonus=1000.0
[2026-05-22 10:13:42] ALL WRONG MOVES BY COLOUR: {}
[2026-05-22 10:13:42] GAME TIME LIMIT REACHED.
[2026-05-22 10:13:42] SCORE The bandits (lawn green): Final=1349.5, Time=90.0, Moves(42)=75.5, Pins(8)=800.0, Dist=384.0, Win Bonus=0.0
[2026-05-22 10:13:42] SCORE jat (gray0): Final=2539.7, Time=64.2, Moves(42)=75.5, Pins(10)=1000.0, Dist=400.0, Win Bonus=1000.0
[2026-05-22 10:13:42] ALL WRONG MOVES BY COLOUR: {}
[2026-05-22 10:13:42] GAME TIME LIMIT REACHED.
[2026-05-22 10:13:42] SCORE The bandits (lawn green): Final=1349.5, Time=90.0, Moves(42)=75.5, Pins(8)=800.0, Dist=384.0, Win Bonus=0.0
[2026-05-22 10:13:42] SCORE jat (gray0): Final=2539.7, Time=64.2, Moves(42)=75.5, Pins(10)=1000.0, Dist=400.0, Win Bonus=1000.0
[2026-05-22 10:13:42] ALL WRONG MOVES BY COLOUR: {}
[2026-05-22 10:13:42] GAME TIME LIMIT REACHED.
[2026-05-22 10:13:43] SCORE The bandits (lawn green): Final=1349.5, Time=90.0, Moves(42)=75.5, Pins(8)=800.0, Dist=384.0, Win Bonus=0.0
[2026-05-22 10:13:43] SCORE jat (gray0): Final=2539.7, Time=64.2, Moves(42)=75.5, Pins(10)=1000.0, Dist=400.0, Win Bonus=1000.0
[2026-05-22 10:13:43] ALL WRONG MOVES BY COLOUR: {}
[2026-05-22 10:13:43] GAME TIME LIMIT REACHED.
[2026-05-22 10:13:43] SCORE The bandits (lawn green): Final=1349.5, Time=90.0, Moves(42)=75.5, Pins(8)=800.0, Dist=384.0, Win Bonus=0.0
[2026-05-22 10:13:43] SCORE jat (gray0): Final=2539.7, Time=64.2, Moves(42)=75.5, Pins(10)=1000.0, Dist=400.0, Win Bonus=1000.0
[2026-05-22 10:13:43] ALL WRONG MOVES BY COLOUR: {}
[2026-05-22 10:13:43] GAME TIME LIMIT REACHED.
[2026-05-22 10:13:43] SCORE The bandits (lawn green): Final=1349.5, Time=90.0, Moves(42)=75.5, Pins(8)=800.0, Dist=384.0, Win Bonus=0.0
[2026-05-22 10:13:43] SCORE jat (gray0): Final=2539.7, Time=64.2, Moves(42)=75.5, Pins(10)=1000.0, Dist=400.0, Win Bonus=1000.0
[2026-05-22 10:13:43] ALL WRONG MOVES BY COLOUR: {}
[2026-05-22 10:13:43] GAME TIME LIMIT REACHED.
[2026-05-22 10:13:43] SCORE The bandits (lawn green): Final=1349.5, Time=90.0, Moves(42)=75.5, Pins(8)=800.0, Dist=384.0, Win Bonus=0.0
[2026-05-22 10:13:43] SCORE jat (gray0): Final=2539.7, Time=64.2, Moves(42)=75.5, Pins(10)=1000.0, Dist=400.0, Win Bonus=1000.0
[2026-05-22 10:13:43] ALL WRONG MOVES BY COLOUR: {}
[2026-05-22 10:13:43] GAME TIME LIMIT REACHED.
[2026-05-22 10:13:44] SCORE The bandits (lawn green): Final=1349.5, Time=90.0, Moves(42)=75.5, Pins(8)=800.0, Dist=384.0, Win Bonus=0.0
[2026-05-22 10:13:44] SCORE jat (gray0): Final=2539.7, Time=64.2, Moves(42)=75.5, Pins(10)=1000.0, Dist=400.0, Win Bonus=1000.0
[2026-05-22 10:13:44] ALL WRONG MOVES BY COLOUR: {}
[2026-05-22 10:13:44] GAME TIME LIMIT REACHED.
[2026-05-22 10:13:44] SCORE The bandits (lawn green): Final=1349.5, Time=90.0, Moves(42)=75.5, Pins(8)=800.0, Dist=384.0, Win Bonus=0.0
[2026-05-22 10:13:44] SCORE jat (gray0): Final=2539.7, Time=64.2, Moves(42)=75.5, Pins(10)=1000.0, Dist=400.0, Win Bonus=1000.0
[2026-05-22 10:13:44] ALL WRONG MOVES BY COLOUR: {}
[2026-05-22 10:13:44] GAME TIME LIMIT REACHED.
[2026-05-22 10:13:44] SCORE The bandits (lawn green): Final=1349.5, Time=90.0, Moves(42)=75.5, Pins(8)=800.0, Dist=384.0, Win Bonus=0.0
[2026-05-22 10:13:44] SCORE jat (gray0): Final=2539.7, Time=64.2, Moves(42)=75.5, Pins(10)=1000.0, Dist=400.0, Win Bonus=1000.0
[2026-05-22 10:13:44] ALL WRONG MOVES BY COLOUR: {}
[2026-05-22 10:13:44] GAME TIME LIMIT REACHED.
[2026-05-22 10:13:44] SCORE The bandits (lawn green): Final=1349.5, Time=90.0, Moves(42)=75.5, Pins(8)=800.0, Dist=384.0, Win Bonus=0.0
[2026-05-22 10:13:44] SCORE jat (gray0): Final=2539.7, Time=64.2, Moves(42)=75.5, Pins(10)=1000.0, Dist=400.0, Win Bonus=1000.0
[2026-05-22 10:13:44] ALL WRONG MOVES BY COLOUR: {}
[2026-05-22 10:13:44] GAME TIME LIMIT REACHED.
[2026-05-22 10:13:45] SCORE The bandits (lawn green): Final=1349.5, Time=90.0, Moves(42)=75.5, Pins(8)=800.0, Dist=384.0, Win Bonus=0.0
[2026-05-22 10:13:45] SCORE jat (gray0): Final=2539.7, Time=64.2, Moves(42)=75.5, Pins(10)=1000.0, Dist=400.0, Win Bonus=1000.0
[2026-05-22 10:13:45] ALL WRONG MOVES BY COLOUR: {}
[2026-05-22 10:13:45] GAME TIME LIMIT REACHED.
[2026-05-22 10:13:45] SCORE The bandits (lawn green): Final=1349.5, Time=90.0, Moves(42)=75.5, Pins(8)=800.0, Dist=384.0, Win Bonus=0.0
[2026-05-22 10:13:45] SCORE jat (gray0): Final=2539.7, Time=64.2, Moves(42)=75.5, Pins(10)=1000.0, Dist=400.0, Win Bonus=1000.0
[2026-05-22 10:13:45] ALL WRONG MOVES BY COLOUR: {}
[2026-05-22 10:13:45] GAME TIME LIMIT REACHED.
[2026-05-22 10:13:45] SCORE The bandits (lawn green): Final=1349.5, Time=90.0, Moves(42)=75.5, Pins(8)=800.0, Dist=384.0, Win Bonus=0.0
[2026-05-22 10:13:45] SCORE jat (gray0): Final=2539.7, Time=64.2, Moves(42)=75.5, Pins(10)=1000.0, Dist=400.0, Win Bonus=1000.0
[2026-05-22 10:13:45] ALL WRONG MOVES BY COLOUR: {}
[2026-05-22 10:13:45] GAME TIME LIMIT REACHED.
[2026-05-22 10:13:45] SCORE The bandits (lawn green): Final=1349.5, Time=90.0, Moves(42)=75.5, Pins(8)=800.0, Dist=384.0, Win Bonus=0.0
[2026-05-22 10:13:45] SCORE jat (gray0): Final=2539.7, Time=64.2, Moves(42)=75.5, Pins(10)=1000.0, Dist=400.0, Win Bonus=1000.0
[2026-05-22 10:13:45] ALL WRONG MOVES BY COLOUR: {}
[2026-05-22 10:13:45] GAME TIME LIMIT REACHED.
[2026-05-22 10:13:46] SCORE The bandits (lawn green): Final=1349.5, Time=90.0, Moves(42)=75.5, Pins(8)=800.0, Dist=384.0, Win Bonus=0.0
[2026-05-22 10:13:46] SCORE jat (gray0): Final=2539.7, Time=64.2, Moves(42)=75.5, Pins(10)=1000.0, Dist=400.0, Win Bonus=1000.0
[2026-05-22 10:13:46] ALL WRONG MOVES BY COLOUR: {}
[2026-05-22 10:13:46] GAME TIME LIMIT REACHED.
[2026-05-22 10:13:46] SCORE The bandits (lawn green): Final=1349.5, Time=90.0, Moves(42)=75.5, Pins(8)=800.0, Dist=384.0, Win Bonus=0.0
[2026-05-22 10:13:46] SCORE jat (gray0): Final=2539.7, Time=64.2, Moves(42)=75.5, Pins(10)=1000.0, Dist=400.0, Win Bonus=1000.0
[2026-05-22 10:13:46] ALL WRONG MOVES BY COLOUR: {}
[2026-05-22 10:13:46] GAME TIME LIMIT REACHED.
[2026-05-22 10:13:46] SCORE The bandits (lawn green): Final=1349.5, Time=90.0, Moves(42)=75.5, Pins(8)=800.0, Dist=384.0, Win Bonus=0.0
[2026-05-22 10:13:46] SCORE jat (gray0): Final=2539.7, Time=64.2, Moves(42)=75.5, Pins(10)=1000.0, Dist=400.0, Win Bonus=1000.0
[2026-05-22 10:13:46] ALL WRONG MOVES BY COLOUR: {}
[2026-05-22 10:13:46] GAME TIME LIMIT REACHED.
[2026-05-22 10:13:46] SCORE The bandits (lawn green): Final=1349.5, Time=90.0, Moves(42)=75.5, Pins(8)=800.0, Dist=384.0, Win Bonus=0.0
[2026-05-22 10:13:46] SCORE jat (gray0): Final=2539.7, Time=64.2, Moves(42)=75.5, Pins(10)=1000.0, Dist=400.0, Win Bonus=1000.0
[2026-05-22 10:13:46] ALL WRONG MOVES BY COLOUR: {}
[2026-05-22 10:13:46] GAME TIME LIMIT REACHED.
[2026-05-22 10:13:46] SCORE The bandits (lawn green): Final=1349.5, Time=90.0, Moves(42)=75.5, Pins(8)=800.0, Dist=384.0, Win Bonus=0.0
[2026-05-22 10:13:46] SCORE jat (gray0): Final=2539.7, Time=64.2, Moves(42)=75.5, Pins(10)=1000.0, Dist=400.0, Win Bonus=1000.0
[2026-05-22 10:13:46] ALL WRONG MOVES BY COLOUR: {}
[2026-05-22 10:13:46] GAME TIME LIMIT REACHED.
[2026-05-22 10:13:47] SCORE The bandits (lawn green): Final=1349.5, Time=90.0, Moves(42)=75.5, Pins(8)=800.0, Dist=384.0, Win Bonus=0.0
[2026-05-22 10:13:47] SCORE jat (gray0): Final=2539.7, Time=64.2, Moves(42)=75.5, Pins(10)=1000.0, Dist=400.0, Win Bonus=1000.0
[2026-05-22 10:13:47] ALL WRONG MOVES BY COLOUR: {}
[2026-05-22 10:13:47] GAME TIME LIMIT REACHED.
[2026-05-22 10:13:47] SCORE The bandits (lawn green): Final=1349.5, Time=90.0, Moves(42)=75.5, Pins(8)=800.0, Dist=384.0, Win Bonus=0.0
[2026-05-22 10:13:47] SCORE jat (gray0): Final=2539.7, Time=64.2, Moves(42)=75.5, Pins(10)=1000.0, Dist=400.0, Win Bonus=1000.0
[2026-05-22 10:13:47] ALL WRONG MOVES BY COLOUR: {}
[2026-05-22 10:13:47] GAME TIME LIMIT REACHED.
[2026-05-22 10:13:47] SCORE The bandits (lawn green): Final=1349.5, Time=90.0, Moves(42)=75.5, Pins(8)=800.0, Dist=384.0, Win Bonus=0.0
[2026-05-22 10:13:47] SCORE jat (gray0): Final=2539.7, Time=64.2, Moves(42)=75.5, Pins(10)=1000.0, Dist=400.0, Win Bonus=1000.0
[2026-05-22 10:13:47] ALL WRONG MOVES BY COLOUR: {}
[2026-05-22 10:13:47] GAME TIME LIMIT REACHED.
[2026-05-22 10:13:47] SCORE The bandits (lawn green): Final=1349.5, Time=90.0, Moves(42)=75.5, Pins(8)=800.0, Dist=384.0, Win Bonus=0.0
[2026-05-22 10:13:47] SCORE jat (gray0): Final=2539.7, Time=64.2, Moves(42)=75.5, Pins(10)=1000.0, Dist=400.0, Win Bonus=1000.0
[2026-05-22 10:13:47] ALL WRONG MOVES BY COLOUR: {}
[2026-05-22 10:13:47] GAME TIME LIMIT REACHED.
[2026-05-22 10:13:48] SCORE The bandits (lawn green): Final=1349.5, Time=90.0, Moves(42)=75.5, Pins(8)=800.0, Dist=384.0, Win Bonus=0.0
[2026-05-22 10:13:48] SCORE jat (gray0): Final=2539.7, Time=64.2, Moves(42)=75.5, Pins(10)=1000.0, Dist=400.0, Win Bonus=1000.0
[2026-05-22 10:13:48] ALL WRONG MOVES BY COLOUR: {}
[2026-05-22 10:13:48] GAME TIME LIMIT REACHED.
[2026-05-22 10:13:48] SCORE The bandits (lawn green): Final=1349.5, Time=90.0, Moves(42)=75.5, Pins(8)=800.0, Dist=384.0, Win Bonus=0.0
[2026-05-22 10:13:48] SCORE jat (gray0): Final=2539.7, Time=64.2, Moves(42)=75.5, Pins(10)=1000.0, Dist=400.0, Win Bonus=1000.0
[2026-05-22 10:13:48] ALL WRONG MOVES BY COLOUR: {}
[2026-05-22 10:13:48] GAME TIME LIMIT REACHED.
[2026-05-22 10:13:48] SCORE The bandits (lawn green): Final=1349.5, Time=90.0, Moves(42)=75.5, Pins(8)=800.0, Dist=384.0, Win Bonus=0.0
[2026-05-22 10:13:48] SCORE jat (gray0): Final=2539.7, Time=64.2, Moves(42)=75.5, Pins(10)=1000.0, Dist=400.0, Win Bonus=1000.0
[2026-05-22 10:13:48] ALL WRONG MOVES BY COLOUR: {}
[2026-05-22 10:13:48] GAME TIME LIMIT REACHED.
[2026-05-22 10:13:48] SCORE The bandits (lawn green): Final=1349.5, Time=90.0, Moves(42)=75.5, Pins(8)=800.0, Dist=384.0, Win Bonus=0.0
[2026-05-22 10:13:48] SCORE jat (gray0): Final=2539.7, Time=64.2, Moves(42)=75.5, Pins(10)=1000.0, Dist=400.0, Win Bonus=1000.0
[2026-05-22 10:13:48] ALL WRONG MOVES BY COLOUR: {}
[2026-05-22 10:13:48] GAME TIME LIMIT REACHED.
[2026-05-22 10:13:49] SCORE The bandits (lawn green): Final=1349.5, Time=90.0, Moves(42)=75.5, Pins(8)=800.0, Dist=384.0, Win Bonus=0.0
[2026-05-22 10:13:49] SCORE jat (gray0): Final=2539.7, Time=64.2, Moves(42)=75.5, Pins(10)=1000.0, Dist=400.0, Win Bonus=1000.0
[2026-05-22 10:13:49] ALL WRONG MOVES BY COLOUR: {}
[2026-05-22 10:13:49] GAME TIME LIMIT REACHED.
[2026-05-22 10:13:49] SCORE The bandits (lawn green): Final=1349.5, Time=90.0, Moves(42)=75.5, Pins(8)=800.0, Dist=384.0, Win Bonus=0.0
[2026-05-22 10:13:49] SCORE jat (gray0): Final=2539.7, Time=64.2, Moves(42)=75.5, Pins(10)=1000.0, Dist=400.0, Win Bonus=1000.0
[2026-05-22 10:13:49] ALL WRONG MOVES BY COLOUR: {}
[2026-05-22 10:13:49] GAME TIME LIMIT REACHED.
[2026-05-22 10:13:49] SCORE The bandits (lawn green): Final=1349.5, Time=90.0, Moves(42)=75.5, Pins(8)=800.0, Dist=384.0, Win Bonus=0.0
[2026-05-22 10:13:49] SCORE jat (gray0): Final=2539.7, Time=64.2, Moves(42)=75.5, Pins(10)=1000.0, Dist=400.0, Win Bonus=1000.0
[2026-05-22 10:13:49] ALL WRONG MOVES BY COLOUR: {}
[2026-05-22 10:13:49] GAME TIME LIMIT REACHED.
[2026-05-22 10:13:49] SCORE The bandits (lawn green): Final=1349.5, Time=90.0, Moves(42)=75.5, Pins(8)=800.0, Dist=384.0, Win Bonus=0.0
[2026-05-22 10:13:49] SCORE jat (gray0): Final=2539.7, Time=64.2, Moves(42)=75.5, Pins(10)=1000.0, Dist=400.0, Win Bonus=1000.0
[2026-05-22 10:13:49] ALL WRONG MOVES BY COLOUR: {}
[2026-05-22 10:13:49] GAME TIME LIMIT REACHED.
[2026-05-22 10:13:50] SCORE The bandits (lawn green): Final=1349.5, Time=90.0, Moves(42)=75.5, Pins(8)=800.0, Dist=384.0, Win Bonus=0.0
[2026-05-22 10:13:50] SCORE jat (gray0): Final=2539.7, Time=64.2, Moves(42)=75.5, Pins(10)=1000.0, Dist=400.0, Win Bonus=1000.0
[2026-05-22 10:13:50] ALL WRONG MOVES BY COLOUR: {}
[2026-05-22 10:13:50] GAME TIME LIMIT REACHED.
[2026-05-22 10:13:50] SCORE The bandits (lawn green): Final=1349.5, Time=90.0, Moves(42)=75.5, Pins(8)=800.0, Dist=384.0, Win Bonus=0.0
[2026-05-22 10:13:50] SCORE jat (gray0): Final=2539.7, Time=64.2, Moves(42)=75.5, Pins(10)=1000.0, Dist=400.0, Win Bonus=1000.0
[2026-05-22 10:13:50] ALL WRONG MOVES BY COLOUR: {}
[2026-05-22 10:13:50] GAME TIME LIMIT REACHED.
[2026-05-22 10:13:50] SCORE The bandits (lawn green): Final=1349.5, Time=90.0, Moves(42)=75.5, Pins(8)=800.0, Dist=384.0, Win Bonus=0.0
[2026-05-22 10:13:50] SCORE jat (gray0): Final=2539.7, Time=64.2, Moves(42)=75.5, Pins(10)=1000.0, Dist=400.0, Win Bonus=1000.0
[2026-05-22 10:13:50] ALL WRONG MOVES BY COLOUR: {}
[2026-05-22 10:13:50] GAME TIME LIMIT REACHED.
[2026-05-22 10:13:50] SCORE The bandits (lawn green): Final=1349.5, Time=90.0, Moves(42)=75.5, Pins(8)=800.0, Dist=384.0, Win Bonus=0.0
[2026-05-22 10:13:50] SCORE jat (gray0): Final=2539.7, Time=64.2, Moves(42)=75.5, Pins(10)=1000.0, Dist=400.0, Win Bonus=1000.0
[2026-05-22 10:13:50] ALL WRONG MOVES BY COLOUR: {}
[2026-05-22 10:13:50] GAME TIME LIMIT REACHED.
[2026-05-22 10:13:51] SCORE The bandits (lawn green): Final=1349.5, Time=90.0, Moves(42)=75.5, Pins(8)=800.0, Dist=384.0, Win Bonus=0.0
[2026-05-22 10:13:51] SCORE jat (gray0): Final=2539.7, Time=64.2, Moves(42)=75.5, Pins(10)=1000.0, Dist=400.0, Win Bonus=1000.0
[2026-05-22 10:13:51] ALL WRONG MOVES BY COLOUR: {}
[2026-05-22 10:13:51] GAME TIME LIMIT REACHED.
[2026-05-22 10:13:51] SCORE The bandits (lawn green): Final=1349.5, Time=90.0, Moves(42)=75.5, Pins(8)=800.0, Dist=384.0, Win Bonus=0.0
[2026-05-22 10:13:51] SCORE jat (gray0): Final=2539.7, Time=64.2, Moves(42)=75.5, Pins(10)=1000.0, Dist=400.0, Win Bonus=1000.0
[2026-05-22 10:13:51] ALL WRONG MOVES BY COLOUR: {}
[2026-05-22 10:13:51] GAME TIME LIMIT REACHED.
[2026-05-22 10:13:51] SCORE The bandits (lawn green): Final=1349.5, Time=90.0, Moves(42)=75.5, Pins(8)=800.0, Dist=384.0, Win Bonus=0.0
[2026-05-22 10:13:51] SCORE jat (gray0): Final=2539.7, Time=64.2, Moves(42)=75.5, Pins(10)=1000.0, Dist=400.0, Win Bonus=1000.0
[2026-05-22 10:13:51] ALL WRONG MOVES BY COLOUR: {}
[2026-05-22 10:13:51] GAME TIME LIMIT REACHED.
[2026-05-22 10:13:51] SCORE The bandits (lawn green): Final=1349.5, Time=90.0, Moves(42)=75.5, Pins(8)=800.0, Dist=384.0, Win Bonus=0.0
[2026-05-22 10:13:51] SCORE jat (gray0): Final=2539.7, Time=64.2, Moves(42)=75.5, Pins(10)=1000.0, Dist=400.0, Win Bonus=1000.0
[2026-05-22 10:13:51] ALL WRONG MOVES BY COLOUR: {}
[2026-05-22 10:13:51] GAME TIME LIMIT REACHED.
[2026-05-22 10:13:52] SCORE The bandits (lawn green): Final=1349.5, Time=90.0, Moves(42)=75.5, Pins(8)=800.0, Dist=384.0, Win Bonus=0.0
[2026-05-22 10:13:52] SCORE jat (gray0): Final=2539.7, Time=64.2, Moves(42)=75.5, Pins(10)=1000.0, Dist=400.0, Win Bonus=1000.0
[2026-05-22 10:13:52] ALL WRONG MOVES BY COLOUR: {}
[2026-05-22 10:13:52] GAME TIME LIMIT REACHED.
[2026-05-22 10:13:52] SCORE The bandits (lawn green): Final=1349.5, Time=90.0, Moves(42)=75.5, Pins(8)=800.0, Dist=384.0, Win Bonus=0.0
[2026-05-22 10:13:52] SCORE jat (gray0): Final=2539.7, Time=64.2, Moves(42)=75.5, Pins(10)=1000.0, Dist=400.0, Win Bonus=1000.0
[2026-05-22 10:13:52] ALL WRONG MOVES BY COLOUR: {}
[2026-05-22 10:13:52] GAME TIME LIMIT REACHED.
[2026-05-22 10:13:52] SCORE The bandits (lawn green): Final=1349.5, Time=90.0, Moves(42)=75.5, Pins(8)=800.0, Dist=384.0, Win Bonus=0.0
[2026-05-22 10:13:52] SCORE jat (gray0): Final=2539.7, Time=64.2, Moves(42)=75.5, Pins(10)=1000.0, Dist=400.0, Win Bonus=1000.0
[2026-05-22 10:13:52] ALL WRONG MOVES BY COLOUR: {}
[2026-05-22 10:13:52] GAME TIME LIMIT REACHED.
[2026-05-22 10:13:52] SCORE The bandits (lawn green): Final=1349.5, Time=90.0, Moves(42)=75.5, Pins(8)=800.0, Dist=384.0, Win Bonus=0.0
[2026-05-22 10:13:52] SCORE jat (gray0): Final=2539.7, Time=64.2, Moves(42)=75.5, Pins(10)=1000.0, Dist=400.0, Win Bonus=1000.0
[2026-05-22 10:13:52] ALL WRONG MOVES BY COLOUR: {}
[2026-05-22 10:13:52] GAME TIME LIMIT REACHED.
[2026-05-22 10:13:52] SCORE The bandits (lawn green): Final=1349.5, Time=90.0, Moves(42)=75.5, Pins(8)=800.0, Dist=384.0, Win Bonus=0.0
[2026-05-22 10:13:52] SCORE jat (gray0): Final=2539.7, Time=64.2, Moves(42)=75.5, Pins(10)=1000.0, Dist=400.0, Win Bonus=1000.0
[2026-05-22 10:13:52] ALL WRONG MOVES BY COLOUR: {}
[2026-05-22 10:13:53] GAME TIME LIMIT REACHED.
[2026-05-22 10:13:53] SCORE The bandits (lawn green): Final=1349.5, Time=90.0, Moves(42)=75.5, Pins(8)=800.0, Dist=384.0, Win Bonus=0.0
[2026-05-22 10:13:53] SCORE jat (gray0): Final=2539.7, Time=64.2, Moves(42)=75.5, Pins(10)=1000.0, Dist=400.0, Win Bonus=1000.0
[2026-05-22 10:13:53] ALL WRONG MOVES BY COLOUR: {}
[2026-05-22 10:13:53] GAME TIME LIMIT REACHED.
[2026-05-22 10:13:53] SCORE The bandits (lawn green): Final=1349.5, Time=90.0, Moves(42)=75.5, Pins(8)=800.0, Dist=384.0, Win Bonus=0.0
[2026-05-22 10:13:53] SCORE jat (gray0): Final=2539.7, Time=64.2, Moves(42)=75.5, Pins(10)=1000.0, Dist=400.0, Win Bonus=1000.0
[2026-05-22 10:13:53] ALL WRONG MOVES BY COLOUR: {}
[2026-05-22 10:13:53] GAME TIME LIMIT REACHED.
[2026-05-22 10:13:53] SCORE The bandits (lawn green): Final=1349.5, Time=90.0, Moves(42)=75.5, Pins(8)=800.0, Dist=384.0, Win Bonus=0.0
[2026-05-22 10:13:53] SCORE jat (gray0): Final=2539.7, Time=64.2, Moves(42)=75.5, Pins(10)=1000.0, Dist=400.0, Win Bonus=1000.0
[2026-05-22 10:13:53] ALL WRONG MOVES BY COLOUR: {}
[2026-05-22 10:13:53] GAME TIME LIMIT REACHED.
[2026-05-22 10:13:53] SCORE The bandits (lawn green): Final=1349.5, Time=90.0, Moves(42)=75.5, Pins(8)=800.0, Dist=384.0, Win Bonus=0.0
[2026-05-22 10:13:53] SCORE jat (gray0): Final=2539.7, Time=64.2, Moves(42)=75.5, Pins(10)=1000.0, Dist=400.0, Win Bonus=1000.0
[2026-05-22 10:13:53] ALL WRONG MOVES BY COLOUR: {}
[2026-05-22 10:13:53] GAME TIME LIMIT REACHED.
[2026-05-22 10:13:54] SCORE The bandits (lawn green): Final=1349.5, Time=90.0, Moves(42)=75.5, Pins(8)=800.0, Dist=384.0, Win Bonus=0.0
[2026-05-22 10:13:54] SCORE jat (gray0): Final=2539.7, Time=64.2, Moves(42)=75.5, Pins(10)=1000.0, Dist=400.0, Win Bonus=1000.0
[2026-05-22 10:13:54] ALL WRONG MOVES BY COLOUR: {}
[2026-05-22 10:13:54] GAME TIME LIMIT REACHED.
[2026-05-22 10:13:54] SCORE The bandits (lawn green): Final=1349.5, Time=90.0, Moves(42)=75.5, Pins(8)=800.0, Dist=384.0, Win Bonus=0.0
[2026-05-22 10:13:54] SCORE jat (gray0): Final=2539.7, Time=64.2, Moves(42)=75.5, Pins(10)=1000.0, Dist=400.0, Win Bonus=1000.0
[2026-05-22 10:13:54] ALL WRONG MOVES BY COLOUR: {}
[2026-05-22 10:13:54] GAME TIME LIMIT REACHED.
[2026-05-22 10:13:54] SCORE The bandits (lawn green): Final=1349.5, Time=90.0, Moves(42)=75.5, Pins(8)=800.0, Dist=384.0, Win Bonus=0.0
[2026-05-22 10:13:54] SCORE jat (gray0): Final=2539.7, Time=64.2, Moves(42)=75.5, Pins(10)=1000.0, Dist=400.0, Win Bonus=1000.0
[2026-05-22 10:13:54] ALL WRONG MOVES BY COLOUR: {}
[2026-05-22 10:13:54] GAME TIME LIMIT REACHED.
[2026-05-22 10:13:54] SCORE The bandits (lawn green): Final=1349.5, Time=90.0, Moves(42)=75.5, Pins(8)=800.0, Dist=384.0, Win Bonus=0.0
[2026-05-22 10:13:54] SCORE jat (gray0): Final=2539.7, Time=64.2, Moves(42)=75.5, Pins(10)=1000.0, Dist=400.0, Win Bonus=1000.0
[2026-05-22 10:13:54] ALL WRONG MOVES BY COLOUR: {}
[2026-05-22 10:13:54] GAME TIME LIMIT REACHED.
[2026-05-22 10:13:55] SCORE The bandits (lawn green): Final=1349.5, Time=90.0, Moves(42)=75.5, Pins(8)=800.0, Dist=384.0, Win Bonus=0.0
[2026-05-22 10:13:55] SCORE jat (gray0): Final=2539.7, Time=64.2, Moves(42)=75.5, Pins(10)=1000.0, Dist=400.0, Win Bonus=1000.0
[2026-05-22 10:13:55] ALL WRONG MOVES BY COLOUR: {}
[2026-05-22 10:13:55] GAME TIME LIMIT REACHED.
[2026-05-22 10:13:55] SCORE The bandits (lawn green): Final=1349.5, Time=90.0, Moves(42)=75.5, Pins(8)=800.0, Dist=384.0, Win Bonus=0.0
[2026-05-22 10:13:55] SCORE jat (gray0): Final=2539.7, Time=64.2, Moves(42)=75.5, Pins(10)=1000.0, Dist=400.0, Win Bonus=1000.0
[2026-05-22 10:13:55] ALL WRONG MOVES BY COLOUR: {}
[2026-05-22 10:13:55] GAME TIME LIMIT REACHED.
[2026-05-22 10:13:55] SCORE The bandits (lawn green): Final=1349.5, Time=90.0, Moves(42)=75.5, Pins(8)=800.0, Dist=384.0, Win Bonus=0.0
[2026-05-22 10:13:55] SCORE jat (gray0): Final=2539.7, Time=64.2, Moves(42)=75.5, Pins(10)=1000.0, Dist=400.0, Win Bonus=1000.0
[2026-05-22 10:13:55] ALL WRONG MOVES BY COLOUR: {}
[2026-05-22 10:13:55] GAME TIME LIMIT REACHED.
[2026-05-22 10:13:55] SCORE The bandits (lawn green): Final=1349.5, Time=90.0, Moves(42)=75.5, Pins(8)=800.0, Dist=384.0, Win Bonus=0.0
[2026-05-22 10:13:55] SCORE jat (gray0): Final=2539.7, Time=64.2, Moves(42)=75.5, Pins(10)=1000.0, Dist=400.0, Win Bonus=1000.0
[2026-05-22 10:13:55] ALL WRONG MOVES BY COLOUR: {}
[2026-05-22 10:13:55] GAME TIME LIMIT REACHED.
[2026-05-22 10:13:56] SCORE The bandits (lawn green): Final=1349.5, Time=90.0, Moves(42)=75.5, Pins(8)=800.0, Dist=384.0, Win Bonus=0.0
[2026-05-22 10:13:56] SCORE jat (gray0): Final=2539.7, Time=64.2, Moves(42)=75.5, Pins(10)=1000.0, Dist=400.0, Win Bonus=1000.0
[2026-05-22 10:13:56] ALL WRONG MOVES BY COLOUR: {}
[2026-05-22 10:13:56] GAME TIME LIMIT REACHED.
[2026-05-22 10:13:56] SCORE The bandits (lawn green): Final=1349.5, Time=90.0, Moves(42)=75.5, Pins(8)=800.0, Dist=384.0, Win Bonus=0.0
[2026-05-22 10:13:56] SCORE jat (gray0): Final=2539.7, Time=64.2, Moves(42)=75.5, Pins(10)=1000.0, Dist=400.0, Win Bonus=1000.0
[2026-05-22 10:13:56] ALL WRONG MOVES BY COLOUR: {}
[2026-05-22 10:13:56] GAME TIME LIMIT REACHED.
[2026-05-22 10:13:56] SCORE The bandits (lawn green): Final=1349.5, Time=90.0, Moves(42)=75.5, Pins(8)=800.0, Dist=384.0, Win Bonus=0.0
[2026-05-22 10:13:56] SCORE jat (gray0): Final=2539.7, Time=64.2, Moves(42)=75.5, Pins(10)=1000.0, Dist=400.0, Win Bonus=1000.0
[2026-05-22 10:13:56] ALL WRONG MOVES BY COLOUR: {}
[2026-05-22 10:13:56] GAME TIME LIMIT REACHED.
[2026-05-22 10:13:56] SCORE The bandits (lawn green): Final=1349.5, Time=90.0, Moves(42)=75.5, Pins(8)=800.0, Dist=384.0, Win Bonus=0.0
[2026-05-22 10:13:56] SCORE jat (gray0): Final=2539.7, Time=64.2, Moves(42)=75.5, Pins(10)=1000.0, Dist=400.0, Win Bonus=1000.0
[2026-05-22 10:13:56] ALL WRONG MOVES BY COLOUR: {}
[2026-05-22 10:13:56] GAME TIME LIMIT REACHED.
[2026-05-22 10:13:57] SCORE The bandits (lawn green): Final=1349.5, Time=90.0, Moves(42)=75.5, Pins(8)=800.0, Dist=384.0, Win Bonus=0.0
[2026-05-22 10:13:57] SCORE jat (gray0): Final=2539.7, Time=64.2, Moves(42)=75.5, Pins(10)=1000.0, Dist=400.0, Win Bonus=1000.0
[2026-05-22 10:13:57] ALL WRONG MOVES BY COLOUR: {}
[2026-05-22 10:13:57] GAME TIME LIMIT REACHED.
[2026-05-22 10:13:57] SCORE The bandits (lawn green): Final=1349.5, Time=90.0, Moves(42)=75.5, Pins(8)=800.0, Dist=384.0, Win Bonus=0.0
[2026-05-22 10:13:57] SCORE jat (gray0): Final=2539.7, Time=64.2, Moves(42)=75.5, Pins(10)=1000.0, Dist=400.0, Win Bonus=1000.0
[2026-05-22 10:13:57] ALL WRONG MOVES BY COLOUR: {}
[2026-05-22 10:13:57] GAME TIME LIMIT REACHED.
[2026-05-22 10:13:57] SCORE The bandits (lawn green): Final=1349.5, Time=90.0, Moves(42)=75.5, Pins(8)=800.0, Dist=384.0, Win Bonus=0.0
[2026-05-22 10:13:57] SCORE jat (gray0): Final=2539.7, Time=64.2, Moves(42)=75.5, Pins(10)=1000.0, Dist=400.0, Win Bonus=1000.0
[2026-05-22 10:13:57] ALL WRONG MOVES BY COLOUR: {}
[2026-05-22 10:13:57] GAME TIME LIMIT REACHED.
[2026-05-22 10:13:57] SCORE The bandits (lawn green): Final=1349.5, Time=90.0, Moves(42)=75.5, Pins(8)=800.0, Dist=384.0, Win Bonus=0.0
[2026-05-22 10:13:57] SCORE jat (gray0): Final=2539.7, Time=64.2, Moves(42)=75.5, Pins(10)=1000.0, Dist=400.0, Win Bonus=1000.0
[2026-05-22 10:13:57] ALL WRONG MOVES BY COLOUR: {}
[2026-05-22 10:13:57] GAME TIME LIMIT REACHED.
[2026-05-22 10:13:58] SCORE The bandits (lawn green): Final=1349.5, Time=90.0, Moves(42)=75.5, Pins(8)=800.0, Dist=384.0, Win Bonus=0.0
[2026-05-22 10:13:58] SCORE jat (gray0): Final=2539.7, Time=64.2, Moves(42)=75.5, Pins(10)=1000.0, Dist=400.0, Win Bonus=1000.0
[2026-05-22 10:13:58] ALL WRONG MOVES BY COLOUR: {}
[2026-05-22 10:13:58] GAME TIME LIMIT REACHED.
[2026-05-22 10:13:58] SCORE The bandits (lawn green): Final=1349.5, Time=90.0, Moves(42)=75.5, Pins(8)=800.0, Dist=384.0, Win Bonus=0.0
[2026-05-22 10:13:58] SCORE jat (gray0): Final=2539.7, Time=64.2, Moves(42)=75.5, Pins(10)=1000.0, Dist=400.0, Win Bonus=1000.0
[2026-05-22 10:13:58] ALL WRONG MOVES BY COLOUR: {}
[2026-05-22 10:13:58] GAME TIME LIMIT REACHED.
[2026-05-22 10:13:58] SCORE The bandits (lawn green): Final=1349.5, Time=90.0, Moves(42)=75.5, Pins(8)=800.0, Dist=384.0, Win Bonus=0.0
[2026-05-22 10:13:58] SCORE jat (gray0): Final=2539.7, Time=64.2, Moves(42)=75.5, Pins(10)=1000.0, Dist=400.0, Win Bonus=1000.0
[2026-05-22 10:13:58] ALL WRONG MOVES BY COLOUR: {}
[2026-05-22 10:13:58] GAME TIME LIMIT REACHED.
[2026-05-22 10:13:58] SCORE The bandits (lawn green): Final=1349.5, Time=90.0, Moves(42)=75.5, Pins(8)=800.0, Dist=384.0, Win Bonus=0.0
[2026-05-22 10:13:58] SCORE jat (gray0): Final=2539.7, Time=64.2, Moves(42)=75.5, Pins(10)=1000.0, Dist=400.0, Win Bonus=1000.0
[2026-05-22 10:13:58] ALL WRONG MOVES BY COLOUR: {}
[2026-05-22 10:13:58] GAME TIME LIMIT REACHED.
[2026-05-22 10:13:59] SCORE The bandits (lawn green): Final=1349.5, Time=90.0, Moves(42)=75.5, Pins(8)=800.0, Dist=384.0, Win Bonus=0.0
[2026-05-22 10:13:59] SCORE jat (gray0): Final=2539.7, Time=64.2, Moves(42)=75.5, Pins(10)=1000.0, Dist=400.0, Win Bonus=1000.0
[2026-05-22 10:13:59] ALL WRONG MOVES BY COLOUR: {}
[2026-05-22 10:13:59] GAME TIME LIMIT REACHED.
[2026-05-22 10:13:59] SCORE The bandits (lawn green): Final=1349.5, Time=90.0, Moves(42)=75.5, Pins(8)=800.0, Dist=384.0, Win Bonus=0.0
[2026-05-22 10:13:59] SCORE jat (gray0): Final=2539.7, Time=64.2, Moves(42)=75.5, Pins(10)=1000.0, Dist=400.0, Win Bonus=1000.0
[2026-05-22 10:13:59] ALL WRONG MOVES BY COLOUR: {}
[2026-05-22 10:13:59] GAME TIME LIMIT REACHED.
[2026-05-22 10:13:59] SCORE The bandits (lawn green): Final=1349.5, Time=90.0, Moves(42)=75.5, Pins(8)=800.0, Dist=384.0, Win Bonus=0.0
[2026-05-22 10:13:59] SCORE jat (gray0): Final=2539.7, Time=64.2, Moves(42)=75.5, Pins(10)=1000.0, Dist=400.0, Win Bonus=1000.0
[2026-05-22 10:13:59] ALL WRONG MOVES BY COLOUR: {}
[2026-05-22 10:13:59] GAME TIME LIMIT REACHED.
[2026-05-22 10:13:59] SCORE The bandits (lawn green): Final=1349.5, Time=90.0, Moves(42)=75.5, Pins(8)=800.0, Dist=384.0, Win Bonus=0.0
[2026-05-22 10:13:59] SCORE jat (gray0): Final=2539.7, Time=64.2, Moves(42)=75.5, Pins(10)=1000.0, Dist=400.0, Win Bonus=1000.0
[2026-05-22 10:13:59] ALL WRONG MOVES BY COLOUR: {}
[2026-05-22 10:13:59] GAME TIME LIMIT REACHED.
[2026-05-22 10:13:59] SCORE The bandits (lawn green): Final=1349.5, Time=90.0, Moves(42)=75.5, Pins(8)=800.0, Dist=384.0, Win Bonus=0.0
[2026-05-22 10:13:59] SCORE jat (gray0): Final=2539.7, Time=64.2, Moves(42)=75.5, Pins(10)=1000.0, Dist=400.0, Win Bonus=1000.0
[2026-05-22 10:13:59] ALL WRONG MOVES BY COLOUR: {}
[2026-05-22 10:13:59] GAME TIME LIMIT REACHED.
[2026-05-22 10:14:00] SCORE The bandits (lawn green): Final=1349.5, Time=90.0, Moves(42)=75.5, Pins(8)=800.0, Dist=384.0, Win Bonus=0.0
[2026-05-22 10:14:00] SCORE jat (gray0): Final=2539.7, Time=64.2, Moves(42)=75.5, Pins(10)=1000.0, Dist=400.0, Win Bonus=1000.0
[2026-05-22 10:14:00] ALL WRONG MOVES BY COLOUR: {}
[2026-05-22 10:14:00] GAME TIME LIMIT REACHED.
[2026-05-22 10:14:00] SCORE The bandits (lawn green): Final=1349.5, Time=90.0, Moves(42)=75.5, Pins(8)=800.0, Dist=384.0, Win Bonus=0.0
[2026-05-22 10:14:00] SCORE jat (gray0): Final=2539.7, Time=64.2, Moves(42)=75.5, Pins(10)=1000.0, Dist=400.0, Win Bonus=1000.0
[2026-05-22 10:14:00] ALL WRONG MOVES BY COLOUR: {}
[2026-05-22 10:14:00] GAME TIME LIMIT REACHED.
[2026-05-22 10:14:00] SCORE The bandits (lawn green): Final=1349.5, Time=90.0, Moves(42)=75.5, Pins(8)=800.0, Dist=384.0, Win Bonus=0.0
[2026-05-22 10:14:00] SCORE jat (gray0): Final=2539.7, Time=64.2, Moves(42)=75.5, Pins(10)=1000.0, Dist=400.0, Win Bonus=1000.0
[2026-05-22 10:14:00] ALL WRONG MOVES BY COLOUR: {}
[2026-05-22 10:14:00] GAME TIME LIMIT REACHED.
[2026-05-22 10:14:00] SCORE The bandits (lawn green): Final=1349.5, Time=90.0, Moves(42)=75.5, Pins(8)=800.0, Dist=384.0, Win Bonus=0.0
[2026-05-22 10:14:00] SCORE jat (gray0): Final=2539.7, Time=64.2, Moves(42)=75.5, Pins(10)=1000.0, Dist=400.0, Win Bonus=1000.0
[2026-05-22 10:14:00] ALL WRONG MOVES BY COLOUR: {}
[2026-05-22 10:14:00] GAME TIME LIMIT REACHED.
[2026-05-22 10:14:01] SCORE The bandits (lawn green): Final=1349.5, Time=90.0, Moves(42)=75.5, Pins(8)=800.0, Dist=384.0, Win Bonus=0.0
[2026-05-22 10:14:01] SCORE jat (gray0): Final=2539.7, Time=64.2, Moves(42)=75.5, Pins(10)=1000.0, Dist=400.0, Win Bonus=1000.0
[2026-05-22 10:14:01] ALL WRONG MOVES BY COLOUR: {}
[2026-05-22 10:14:01] GAME TIME LIMIT REACHED.
[2026-05-22 10:14:01] SCORE The bandits (lawn green): Final=1349.5, Time=90.0, Moves(42)=75.5, Pins(8)=800.0, Dist=384.0, Win Bonus=0.0
[2026-05-22 10:14:01] SCORE jat (gray0): Final=2539.7, Time=64.2, Moves(42)=75.5, Pins(10)=1000.0, Dist=400.0, Win Bonus=1000.0
[2026-05-22 10:14:01] ALL WRONG MOVES BY COLOUR: {}
[2026-05-22 10:14:01] GAME TIME LIMIT REACHED.
[2026-05-22 10:14:01] SCORE The bandits (lawn green): Final=1349.5, Time=90.0, Moves(42)=75.5, Pins(8)=800.0, Dist=384.0, Win Bonus=0.0
[2026-05-22 10:14:01] SCORE jat (gray0): Final=2539.7, Time=64.2, Moves(42)=75.5, Pins(10)=1000.0, Dist=400.0, Win Bonus=1000.0
[2026-05-22 10:14:01] ALL WRONG MOVES BY COLOUR: {}
[2026-05-22 10:14:01] GAME TIME LIMIT REACHED.
[2026-05-22 10:14:01] SCORE The bandits (lawn green): Final=1349.5, Time=90.0, Moves(42)=75.5, Pins(8)=800.0, Dist=384.0, Win Bonus=0.0
[2026-05-22 10:14:01] SCORE jat (gray0): Final=2539.7, Time=64.2, Moves(42)=75.5, Pins(10)=1000.0, Dist=400.0, Win Bonus=1000.0
[2026-05-22 10:14:01] ALL WRONG MOVES BY COLOUR: {}
[2026-05-22 10:14:01] GAME TIME LIMIT REACHED.
[2026-05-22 10:14:02] SCORE The bandits (lawn green): Final=1349.5, Time=90.0, Moves(42)=75.5, Pins(8)=800.0, Dist=384.0, Win Bonus=0.0
[2026-05-22 10:14:02] SCORE jat (gray0): Final=2539.7, Time=64.2, Moves(42)=75.5, Pins(10)=1000.0, Dist=400.0, Win Bonus=1000.0
[2026-05-22 10:14:02] ALL WRONG MOVES BY COLOUR: {}
[2026-05-22 10:14:02] GAME TIME LIMIT REACHED.
[2026-05-22 10:14:02] SCORE The bandits (lawn green): Final=1349.5, Time=90.0, Moves(42)=75.5, Pins(8)=800.0, Dist=384.0, Win Bonus=0.0
[2026-05-22 10:14:02] SCORE jat (gray0): Final=2539.7, Time=64.2, Moves(42)=75.5, Pins(10)=1000.0, Dist=400.0, Win Bonus=1000.0
[2026-05-22 10:14:02] ALL WRONG MOVES BY COLOUR: {}
[2026-05-22 10:14:02] GAME TIME LIMIT REACHED.
[2026-05-22 10:14:02] SCORE The bandits (lawn green): Final=1349.5, Time=90.0, Moves(42)=75.5, Pins(8)=800.0, Dist=384.0, Win Bonus=0.0
[2026-05-22 10:14:02] SCORE jat (gray0): Final=2539.7, Time=64.2, Moves(42)=75.5, Pins(10)=1000.0, Dist=400.0, Win Bonus=1000.0
[2026-05-22 10:14:02] ALL WRONG MOVES BY COLOUR: {}
[2026-05-22 10:14:02] GAME TIME LIMIT REACHED.
[2026-05-22 10:14:02] SCORE The bandits (lawn green): Final=1349.5, Time=90.0, Moves(42)=75.5, Pins(8)=800.0, Dist=384.0, Win Bonus=0.0
[2026-05-22 10:14:02] SCORE jat (gray0): Final=2539.7, Time=64.2, Moves(42)=75.5, Pins(10)=1000.0, Dist=400.0, Win Bonus=1000.0
[2026-05-22 10:14:02] ALL WRONG MOVES BY COLOUR: {}
[2026-05-22 10:14:02] GAME TIME LIMIT REACHED.
[2026-05-22 10:14:03] SCORE The bandits (lawn green): Final=1349.5, Time=90.0, Moves(42)=75.5, Pins(8)=800.0, Dist=384.0, Win Bonus=0.0
[2026-05-22 10:14:03] SCORE jat (gray0): Final=2539.7, Time=64.2, Moves(42)=75.5, Pins(10)=1000.0, Dist=400.0, Win Bonus=1000.0
[2026-05-22 10:14:03] ALL WRONG MOVES BY COLOUR: {}
[2026-05-22 10:14:03] GAME TIME LIMIT REACHED.
[2026-05-22 10:14:03] SCORE The bandits (lawn green): Final=1349.5, Time=90.0, Moves(42)=75.5, Pins(8)=800.0, Dist=384.0, Win Bonus=0.0
[2026-05-22 10:14:03] SCORE jat (gray0): Final=2539.7, Time=64.2, Moves(42)=75.5, Pins(10)=1000.0, Dist=400.0, Win Bonus=1000.0
[2026-05-22 10:14:03] ALL WRONG MOVES BY COLOUR: {}
[2026-05-22 10:14:03] GAME TIME LIMIT REACHED.
[2026-05-22 10:14:03] SCORE The bandits (lawn green): Final=1349.5, Time=90.0, Moves(42)=75.5, Pins(8)=800.0, Dist=384.0, Win Bonus=0.0
[2026-05-22 10:14:03] SCORE jat (gray0): Final=2539.7, Time=64.2, Moves(42)=75.5, Pins(10)=1000.0, Dist=400.0, Win Bonus=1000.0
[2026-05-22 10:14:03] ALL WRONG MOVES BY COLOUR: {}
[2026-05-22 10:14:03] GAME TIME LIMIT REACHED.
[2026-05-22 10:14:03] SCORE The bandits (lawn green): Final=1349.5, Time=90.0, Moves(42)=75.5, Pins(8)=800.0, Dist=384.0, Win Bonus=0.0
[2026-05-22 10:14:03] SCORE jat (gray0): Final=2539.7, Time=64.2, Moves(42)=75.5, Pins(10)=1000.0, Dist=400.0, Win Bonus=1000.0
[2026-05-22 10:14:03] ALL WRONG MOVES BY COLOUR: {}
[2026-05-22 10:14:03] GAME TIME LIMIT REACHED.
[2026-05-22 10:14:04] SCORE The bandits (lawn green): Final=1349.5, Time=90.0, Moves(42)=75.5, Pins(8)=800.0, Dist=384.0, Win Bonus=0.0
[2026-05-22 10:14:04] SCORE jat (gray0): Final=2539.7, Time=64.2, Moves(42)=75.5, Pins(10)=1000.0, Dist=400.0, Win Bonus=1000.0
[2026-05-22 10:14:04] ALL WRONG MOVES BY COLOUR: {}
[2026-05-22 10:14:04] GAME TIME LIMIT REACHED.
[2026-05-22 10:14:04] SCORE The bandits (lawn green): Final=1349.5, Time=90.0, Moves(42)=75.5, Pins(8)=800.0, Dist=384.0, Win Bonus=0.0
[2026-05-22 10:14:04] SCORE jat (gray0): Final=2539.7, Time=64.2, Moves(42)=75.5, Pins(10)=1000.0, Dist=400.0, Win Bonus=1000.0
[2026-05-22 10:14:04] ALL WRONG MOVES BY COLOUR: {}
[2026-05-22 10:14:04] GAME TIME LIMIT REACHED.
[2026-05-22 10:14:04] SCORE The bandits (lawn green): Final=1349.5, Time=90.0, Moves(42)=75.5, Pins(8)=800.0, Dist=384.0, Win Bonus=0.0
[2026-05-22 10:14:04] SCORE jat (gray0): Final=2539.7, Time=64.2, Moves(42)=75.5, Pins(10)=1000.0, Dist=400.0, Win Bonus=1000.0
[2026-05-22 10:14:04] ALL WRONG MOVES BY COLOUR: {}
[2026-05-22 10:14:04] GAME TIME LIMIT REACHED.
[2026-05-22 10:14:04] SCORE The bandits (lawn green): Final=1349.5, Time=90.0, Moves(42)=75.5, Pins(8)=800.0, Dist=384.0, Win Bonus=0.0
[2026-05-22 10:14:04] SCORE jat (gray0): Final=2539.7, Time=64.2, Moves(42)=75.5, Pins(10)=1000.0, Dist=400.0, Win Bonus=1000.0
[2026-05-22 10:14:04] ALL WRONG MOVES BY COLOUR: {}
[2026-05-22 10:14:04] GAME TIME LIMIT REACHED.
[2026-05-22 10:14:05] SCORE The bandits (lawn green): Final=1349.5, Time=90.0, Moves(42)=75.5, Pins(8)=800.0, Dist=384.0, Win Bonus=0.0
[2026-05-22 10:14:05] SCORE jat (gray0): Final=2539.7, Time=64.2, Moves(42)=75.5, Pins(10)=1000.0, Dist=400.0, Win Bonus=1000.0
[2026-05-22 10:14:05] ALL WRONG MOVES BY COLOUR: {}
[2026-05-22 10:14:05] GAME TIME LIMIT REACHED.
[2026-05-22 10:14:05] SCORE The bandits (lawn green): Final=1349.5, Time=90.0, Moves(42)=75.5, Pins(8)=800.0, Dist=384.0, Win Bonus=0.0
[2026-05-22 10:14:05] SCORE jat (gray0): Final=2539.7, Time=64.2, Moves(42)=75.5, Pins(10)=1000.0, Dist=400.0, Win Bonus=1000.0
[2026-05-22 10:14:05] ALL WRONG MOVES BY COLOUR: {}
[2026-05-22 10:14:05] GAME TIME LIMIT REACHED.
[2026-05-22 10:14:05] SCORE The bandits (lawn green): Final=1349.5, Time=90.0, Moves(42)=75.5, Pins(8)=800.0, Dist=384.0, Win Bonus=0.0
[2026-05-22 10:14:05] SCORE jat (gray0): Final=2539.7, Time=64.2, Moves(42)=75.5, Pins(10)=1000.0, Dist=400.0, Win Bonus=1000.0
[2026-05-22 10:14:05] ALL WRONG MOVES BY COLOUR: {}
[2026-05-22 10:14:05] GAME TIME LIMIT REACHED.
[2026-05-22 10:14:05] SCORE The bandits (lawn green): Final=1349.5, Time=90.0, Moves(42)=75.5, Pins(8)=800.0, Dist=384.0, Win Bonus=0.0
[2026-05-22 10:14:05] SCORE jat (gray0): Final=2539.7, Time=64.2, Moves(42)=75.5, Pins(10)=1000.0, Dist=400.0, Win Bonus=1000.0
[2026-05-22 10:14:05] ALL WRONG MOVES BY COLOUR: {}
[2026-05-22 10:14:05] GAME TIME LIMIT REACHED.
[2026-05-22 10:14:06] SCORE The bandits (lawn green): Final=1349.5, Time=90.0, Moves(42)=75.5, Pins(8)=800.0, Dist=384.0, Win Bonus=0.0
[2026-05-22 10:14:06] SCORE jat (gray0): Final=2539.7, Time=64.2, Moves(42)=75.5, Pins(10)=1000.0, Dist=400.0, Win Bonus=1000.0
[2026-05-22 10:14:06] ALL WRONG MOVES BY COLOUR: {}
[2026-05-22 10:14:06] GAME TIME LIMIT REACHED.
[2026-05-22 10:14:06] SCORE The bandits (lawn green): Final=1349.5, Time=90.0, Moves(42)=75.5, Pins(8)=800.0, Dist=384.0, Win Bonus=0.0
[2026-05-22 10:14:06] SCORE jat (gray0): Final=2539.7, Time=64.2, Moves(42)=75.5, Pins(10)=1000.0, Dist=400.0, Win Bonus=1000.0
[2026-05-22 10:14:06] ALL WRONG MOVES BY COLOUR: {}
[2026-05-22 10:14:06] GAME TIME LIMIT REACHED.
[2026-05-22 10:14:06] SCORE The bandits (lawn green): Final=1349.5, Time=90.0, Moves(42)=75.5, Pins(8)=800.0, Dist=384.0, Win Bonus=0.0
[2026-05-22 10:14:06] SCORE jat (gray0): Final=2539.7, Time=64.2, Moves(42)=75.5, Pins(10)=1000.0, Dist=400.0, Win Bonus=1000.0
[2026-05-22 10:14:06] ALL WRONG MOVES BY COLOUR: {}
[2026-05-22 10:14:06] GAME TIME LIMIT REACHED.
[2026-05-22 10:14:06] SCORE The bandits (lawn green): Final=1349.5, Time=90.0, Moves(42)=75.5, Pins(8)=800.0, Dist=384.0, Win Bonus=0.0
[2026-05-22 10:14:06] SCORE jat (gray0): Final=2539.7, Time=64.2, Moves(42)=75.5, Pins(10)=1000.0, Dist=400.0, Win Bonus=1000.0
[2026-05-22 10:14:06] ALL WRONG MOVES BY COLOUR: {}
[2026-05-22 10:14:06] GAME TIME LIMIT REACHED.
[2026-05-22 10:14:07] SCORE The bandits (lawn green): Final=1349.5, Time=90.0, Moves(42)=75.5, Pins(8)=800.0, Dist=384.0, Win Bonus=0.0
[2026-05-22 10:14:07] SCORE jat (gray0): Final=2539.7, Time=64.2, Moves(42)=75.5, Pins(10)=1000.0, Dist=400.0, Win Bonus=1000.0
[2026-05-22 10:14:07] ALL WRONG MOVES BY COLOUR: {}
[2026-05-22 10:14:07] GAME TIME LIMIT REACHED.
[2026-05-22 10:14:07] SCORE The bandits (lawn green): Final=1349.5, Time=90.0, Moves(42)=75.5, Pins(8)=800.0, Dist=384.0, Win Bonus=0.0
[2026-05-22 10:14:07] SCORE jat (gray0): Final=2539.7, Time=64.2, Moves(42)=75.5, Pins(10)=1000.0, Dist=400.0, Win Bonus=1000.0
[2026-05-22 10:14:07] ALL WRONG MOVES BY COLOUR: {}
[2026-05-22 10:14:07] GAME TIME LIMIT REACHED.
[2026-05-22 10:14:07] SCORE The bandits (lawn green): Final=1349.5, Time=90.0, Moves(42)=75.5, Pins(8)=800.0, Dist=384.0, Win Bonus=0.0
[2026-05-22 10:14:07] SCORE jat (gray0): Final=2539.7, Time=64.2, Moves(42)=75.5, Pins(10)=1000.0, Dist=400.0, Win Bonus=1000.0
[2026-05-22 10:14:07] ALL WRONG MOVES BY COLOUR: {}
[2026-05-22 10:14:07] GAME TIME LIMIT REACHED.
[2026-05-22 10:14:08] SCORE The bandits (lawn green): Final=1349.5, Time=90.0, Moves(42)=75.5, Pins(8)=800.0, Dist=384.0, Win Bonus=0.0
[2026-05-22 10:14:08] SCORE jat (gray0): Final=2539.7, Time=64.2, Moves(42)=75.5, Pins(10)=1000.0, Dist=400.0, Win Bonus=1000.0
[2026-05-22 10:14:08] ALL WRONG MOVES BY COLOUR: {}
[2026-05-22 10:14:08] GAME TIME LIMIT REACHED.
[2026-05-22 10:14:08] SCORE The bandits (lawn green): Final=1349.5, Time=90.0, Moves(42)=75.5, Pins(8)=800.0, Dist=384.0, Win Bonus=0.0
[2026-05-22 10:14:08] SCORE jat (gray0): Final=2539.7, Time=64.2, Moves(42)=75.5, Pins(10)=1000.0, Dist=400.0, Win Bonus=1000.0
[2026-05-22 10:14:08] ALL WRONG MOVES BY COLOUR: {}
[2026-05-22 10:14:08] GAME TIME LIMIT REACHED.
[2026-05-22 10:14:08] SCORE The bandits (lawn green): Final=1349.5, Time=90.0, Moves(42)=75.5, Pins(8)=800.0, Dist=384.0, Win Bonus=0.0
[2026-05-22 10:14:08] SCORE jat (gray0): Final=2539.7, Time=64.2, Moves(42)=75.5, Pins(10)=1000.0, Dist=400.0, Win Bonus=1000.0
[2026-05-22 10:14:08] ALL WRONG MOVES BY COLOUR: {}
[2026-05-22 10:14:08] GAME TIME LIMIT REACHED.
[2026-05-22 10:14:08] SCORE The bandits (lawn green): Final=1349.5, Time=90.0, Moves(42)=75.5, Pins(8)=800.0, Dist=384.0, Win Bonus=0.0
[2026-05-22 10:14:08] SCORE jat (gray0): Final=2539.7, Time=64.2, Moves(42)=75.5, Pins(10)=1000.0, Dist=400.0, Win Bonus=1000.0
[2026-05-22 10:14:08] ALL WRONG MOVES BY COLOUR: {}
[2026-05-22 10:14:08] GAME TIME LIMIT REACHED.
[2026-05-22 10:14:08] SCORE The bandits (lawn green): Final=1349.5, Time=90.0, Moves(42)=75.5, Pins(8)=800.0, Dist=384.0, Win Bonus=0.0
[2026-05-22 10:14:08] SCORE jat (gray0): Final=2539.7, Time=64.2, Moves(42)=75.5, Pins(10)=1000.0, Dist=400.0, Win Bonus=1000.0
[2026-05-22 10:14:08] ALL WRONG MOVES BY COLOUR: {}
[2026-05-22 10:14:09] GAME TIME LIMIT REACHED.
[2026-05-22 10:14:09] SCORE The bandits (lawn green): Final=1349.5, Time=90.0, Moves(42)=75.5, Pins(8)=800.0, Dist=384.0, Win Bonus=0.0
[2026-05-22 10:14:09] SCORE jat (gray0): Final=2539.7, Time=64.2, Moves(42)=75.5, Pins(10)=1000.0, Dist=400.0, Win Bonus=1000.0
[2026-05-22 10:14:09] ALL WRONG MOVES BY COLOUR: {}
[2026-05-22 10:14:09] GAME TIME LIMIT REACHED.
[2026-05-22 10:14:09] SCORE The bandits (lawn green): Final=1349.5, Time=90.0, Moves(42)=75.5, Pins(8)=800.0, Dist=384.0, Win Bonus=0.0
[2026-05-22 10:14:09] SCORE jat (gray0): Final=2539.7, Time=64.2, Moves(42)=75.5, Pins(10)=1000.0, Dist=400.0, Win Bonus=1000.0
[2026-05-22 10:14:09] ALL WRONG MOVES BY COLOUR: {}
[2026-05-22 10:14:09] GAME TIME LIMIT REACHED.
[2026-05-22 10:14:09] SCORE The bandits (lawn green): Final=1349.5, Time=90.0, Moves(42)=75.5, Pins(8)=800.0, Dist=384.0, Win Bonus=0.0
[2026-05-22 10:14:09] SCORE jat (gray0): Final=2539.7, Time=64.2, Moves(42)=75.5, Pins(10)=1000.0, Dist=400.0, Win Bonus=1000.0
[2026-05-22 10:14:09] ALL WRONG MOVES BY COLOUR: {}
[2026-05-22 10:14:09] GAME TIME LIMIT REACHED.
[2026-05-22 10:14:09] SCORE The bandits (lawn green): Final=1349.5, Time=90.0, Moves(42)=75.5, Pins(8)=800.0, Dist=384.0, Win Bonus=0.0
[2026-05-22 10:14:09] SCORE jat (gray0): Final=2539.7, Time=64.2, Moves(42)=75.5, Pins(10)=1000.0, Dist=400.0, Win Bonus=1000.0
[2026-05-22 10:14:09] ALL WRONG MOVES BY COLOUR: {}
[2026-05-22 10:14:09] GAME TIME LIMIT REACHED.
[2026-05-22 10:14:10] SCORE The bandits (lawn green): Final=1349.5, Time=90.0, Moves(42)=75.5, Pins(8)=800.0, Dist=384.0, Win Bonus=0.0
[2026-05-22 10:14:10] SCORE jat (gray0): Final=2539.7, Time=64.2, Moves(42)=75.5, Pins(10)=1000.0, Dist=400.0, Win Bonus=1000.0
[2026-05-22 10:14:10] ALL WRONG MOVES BY COLOUR: {}
[2026-05-22 10:14:10] GAME TIME LIMIT REACHED.
[2026-05-22 10:14:10] SCORE The bandits (lawn green): Final=1349.5, Time=90.0, Moves(42)=75.5, Pins(8)=800.0, Dist=384.0, Win Bonus=0.0
[2026-05-22 10:14:10] SCORE jat (gray0): Final=2539.7, Time=64.2, Moves(42)=75.5, Pins(10)=1000.0, Dist=400.0, Win Bonus=1000.0
[2026-05-22 10:14:10] ALL WRONG MOVES BY COLOUR: {}
[2026-05-22 10:14:10] GAME TIME LIMIT REACHED.
[2026-05-22 10:14:10] SCORE The bandits (lawn green): Final=1349.5, Time=90.0, Moves(42)=75.5, Pins(8)=800.0, Dist=384.0, Win Bonus=0.0
[2026-05-22 10:14:10] SCORE jat (gray0): Final=2539.7, Time=64.2, Moves(42)=75.5, Pins(10)=1000.0, Dist=400.0, Win Bonus=1000.0
[2026-05-22 10:14:10] ALL WRONG MOVES BY COLOUR: {}
[2026-05-22 10:14:10] GAME TIME LIMIT REACHED.
[2026-05-22 10:14:10] SCORE The bandits (lawn green): Final=1349.5, Time=90.0, Moves(42)=75.5, Pins(8)=800.0, Dist=384.0, Win Bonus=0.0
[2026-05-22 10:14:10] SCORE jat (gray0): Final=2539.7, Time=64.2, Moves(42)=75.5, Pins(10)=1000.0, Dist=400.0, Win Bonus=1000.0
[2026-05-22 10:14:10] ALL WRONG MOVES BY COLOUR: {}
[2026-05-22 10:14:10] GAME TIME LIMIT REACHED.
[2026-05-22 10:14:11] SCORE The bandits (lawn green): Final=1349.5, Time=90.0, Moves(42)=75.5, Pins(8)=800.0, Dist=384.0, Win Bonus=0.0
[2026-05-22 10:14:11] SCORE jat (gray0): Final=2539.7, Time=64.2, Moves(42)=75.5, Pins(10)=1000.0, Dist=400.0, Win Bonus=1000.0
[2026-05-22 10:14:11] ALL WRONG MOVES BY COLOUR: {}
[2026-05-22 10:14:11] GAME TIME LIMIT REACHED.
[2026-05-22 10:14:11] SCORE The bandits (lawn green): Final=1349.5, Time=90.0, Moves(42)=75.5, Pins(8)=800.0, Dist=384.0, Win Bonus=0.0
[2026-05-22 10:14:11] SCORE jat (gray0): Final=2539.7, Time=64.2, Moves(42)=75.5, Pins(10)=1000.0, Dist=400.0, Win Bonus=1000.0
[2026-05-22 10:14:11] ALL WRONG MOVES BY COLOUR: {}
[2026-05-22 10:14:11] GAME TIME LIMIT REACHED.
[2026-05-22 10:14:11] SCORE The bandits (lawn green): Final=1349.5, Time=90.0, Moves(42)=75.5, Pins(8)=800.0, Dist=384.0, Win Bonus=0.0
[2026-05-22 10:14:11] SCORE jat (gray0): Final=2539.7, Time=64.2, Moves(42)=75.5, Pins(10)=1000.0, Dist=400.0, Win Bonus=1000.0
[2026-05-22 10:14:11] ALL WRONG MOVES BY COLOUR: {}
[2026-05-22 10:14:11] GAME TIME LIMIT REACHED.
[2026-05-22 10:14:11] SCORE The bandits (lawn green): Final=1349.5, Time=90.0, Moves(42)=75.5, Pins(8)=800.0, Dist=384.0, Win Bonus=0.0
[2026-05-22 10:14:11] SCORE jat (gray0): Final=2539.7, Time=64.2, Moves(42)=75.5, Pins(10)=1000.0, Dist=400.0, Win Bonus=1000.0
[2026-05-22 10:14:11] ALL WRONG MOVES BY COLOUR: {}
[2026-05-22 10:14:11] GAME TIME LIMIT REACHED.
[2026-05-22 10:14:12] SCORE The bandits (lawn green): Final=1349.5, Time=90.0, Moves(42)=75.5, Pins(8)=800.0, Dist=384.0, Win Bonus=0.0
[2026-05-22 10:14:12] SCORE jat (gray0): Final=2539.7, Time=64.2, Moves(42)=75.5, Pins(10)=1000.0, Dist=400.0, Win Bonus=1000.0
[2026-05-22 10:14:12] ALL WRONG MOVES BY COLOUR: {}
[2026-05-22 10:14:12] GAME TIME LIMIT REACHED.
[2026-05-22 10:14:12] SCORE The bandits (lawn green): Final=1349.5, Time=90.0, Moves(42)=75.5, Pins(8)=800.0, Dist=384.0, Win Bonus=0.0
[2026-05-22 10:14:12] SCORE jat (gray0): Final=2539.7, Time=64.2, Moves(42)=75.5, Pins(10)=1000.0, Dist=400.0, Win Bonus=1000.0
[2026-05-22 10:14:12] ALL WRONG MOVES BY COLOUR: {}
[2026-05-22 10:14:12] GAME TIME LIMIT REACHED.
[2026-05-22 10:14:12] SCORE The bandits (lawn green): Final=1349.5, Time=90.0, Moves(42)=75.5, Pins(8)=800.0, Dist=384.0, Win Bonus=0.0
[2026-05-22 10:14:12] SCORE jat (gray0): Final=2539.7, Time=64.2, Moves(42)=75.5, Pins(10)=1000.0, Dist=400.0, Win Bonus=1000.0
[2026-05-22 10:14:12] ALL WRONG MOVES BY COLOUR: {}
[2026-05-22 10:14:12] GAME TIME LIMIT REACHED.
[2026-05-22 10:14:12] SCORE The bandits (lawn green): Final=1349.5, Time=90.0, Moves(42)=75.5, Pins(8)=800.0, Dist=384.0, Win Bonus=0.0
[2026-05-22 10:14:12] SCORE jat (gray0): Final=2539.7, Time=64.2, Moves(42)=75.5, Pins(10)=1000.0, Dist=400.0, Win Bonus=1000.0
[2026-05-22 10:14:12] ALL WRONG MOVES BY COLOUR: {}
[2026-05-22 10:14:12] GAME TIME LIMIT REACHED.
[2026-05-22 10:14:13] SCORE The bandits (lawn green): Final=1349.5, Time=90.0, Moves(42)=75.5, Pins(8)=800.0, Dist=384.0, Win Bonus=0.0
[2026-05-22 10:14:13] SCORE jat (gray0): Final=2539.7, Time=64.2, Moves(42)=75.5, Pins(10)=1000.0, Dist=400.0, Win Bonus=1000.0
[2026-05-22 10:14:13] ALL WRONG MOVES BY COLOUR: {}
[2026-05-22 10:14:13] GAME TIME LIMIT REACHED.
[2026-05-22 10:14:13] SCORE The bandits (lawn green): Final=1349.5, Time=90.0, Moves(42)=75.5, Pins(8)=800.0, Dist=384.0, Win Bonus=0.0
[2026-05-22 10:14:13] SCORE jat (gray0): Final=2539.7, Time=64.2, Moves(42)=75.5, Pins(10)=1000.0, Dist=400.0, Win Bonus=1000.0
[2026-05-22 10:14:13] ALL WRONG MOVES BY COLOUR: {}
[2026-05-22 10:14:13] GAME TIME LIMIT REACHED.
[2026-05-22 10:14:13] SCORE The bandits (lawn green): Final=1349.5, Time=90.0, Moves(42)=75.5, Pins(8)=800.0, Dist=384.0, Win Bonus=0.0
[2026-05-22 10:14:13] SCORE jat (gray0): Final=2539.7, Time=64.2, Moves(42)=75.5, Pins(10)=1000.0, Dist=400.0, Win Bonus=1000.0
[2026-05-22 10:14:13] ALL WRONG MOVES BY COLOUR: {}
[2026-05-22 10:14:13] GAME TIME LIMIT REACHED.
[2026-05-22 10:14:13] SCORE The bandits (lawn green): Final=1349.5, Time=90.0, Moves(42)=75.5, Pins(8)=800.0, Dist=384.0, Win Bonus=0.0
[2026-05-22 10:14:13] SCORE jat (gray0): Final=2539.7, Time=64.2, Moves(42)=75.5, Pins(10)=1000.0, Dist=400.0, Win Bonus=1000.0
[2026-05-22 10:14:13] ALL WRONG MOVES BY COLOUR: {}
[2026-05-22 10:14:13] GAME TIME LIMIT REACHED.
[2026-05-22 10:14:14] SCORE The bandits (lawn green): Final=1349.5, Time=90.0, Moves(42)=75.5, Pins(8)=800.0, Dist=384.0, Win Bonus=0.0
[2026-05-22 10:14:14] SCORE jat (gray0): Final=2539.7, Time=64.2, Moves(42)=75.5, Pins(10)=1000.0, Dist=400.0, Win Bonus=1000.0
[2026-05-22 10:14:14] ALL WRONG MOVES BY COLOUR: {}
[2026-05-22 10:14:14] GAME TIME LIMIT REACHED.
[2026-05-22 10:14:14] SCORE The bandits (lawn green): Final=1349.5, Time=90.0, Moves(42)=75.5, Pins(8)=800.0, Dist=384.0, Win Bonus=0.0
[2026-05-22 10:14:14] SCORE jat (gray0): Final=2539.7, Time=64.2, Moves(42)=75.5, Pins(10)=1000.0, Dist=400.0, Win Bonus=1000.0
[2026-05-22 10:14:14] ALL WRONG MOVES BY COLOUR: {}
[2026-05-22 10:14:14] GAME TIME LIMIT REACHED.
[2026-05-22 10:14:14] SCORE The bandits (lawn green): Final=1349.5, Time=90.0, Moves(42)=75.5, Pins(8)=800.0, Dist=384.0, Win Bonus=0.0
[2026-05-22 10:14:14] SCORE jat (gray0): Final=2539.7, Time=64.2, Moves(42)=75.5, Pins(10)=1000.0, Dist=400.0, Win Bonus=1000.0
[2026-05-22 10:14:14] ALL WRONG MOVES BY COLOUR: {}
[2026-05-22 10:14:14] GAME TIME LIMIT REACHED.
[2026-05-22 10:14:14] SCORE The bandits (lawn green): Final=1349.5, Time=90.0, Moves(42)=75.5, Pins(8)=800.0, Dist=384.0, Win Bonus=0.0
[2026-05-22 10:14:14] SCORE jat (gray0): Final=2539.7, Time=64.2, Moves(42)=75.5, Pins(10)=1000.0, Dist=400.0, Win Bonus=1000.0
[2026-05-22 10:14:14] ALL WRONG MOVES BY COLOUR: {}
[2026-05-22 10:14:14] GAME TIME LIMIT REACHED.
[2026-05-22 10:14:15] SCORE The bandits (lawn green): Final=1349.5, Time=90.0, Moves(42)=75.5, Pins(8)=800.0, Dist=384.0, Win Bonus=0.0
[2026-05-22 10:14:15] SCORE jat (gray0): Final=2539.7, Time=64.2, Moves(42)=75.5, Pins(10)=1000.0, Dist=400.0, Win Bonus=1000.0
[2026-05-22 10:14:15] ALL WRONG MOVES BY COLOUR: {}
[2026-05-22 10:14:15] GAME TIME LIMIT REACHED.
[2026-05-22 10:14:15] SCORE The bandits (lawn green): Final=1349.5, Time=90.0, Moves(42)=75.5, Pins(8)=800.0, Dist=384.0, Win Bonus=0.0
[2026-05-22 10:14:15] SCORE jat (gray0): Final=2539.7, Time=64.2, Moves(42)=75.5, Pins(10)=1000.0, Dist=400.0, Win Bonus=1000.0
[2026-05-22 10:14:15] ALL WRONG MOVES BY COLOUR: {}
[2026-05-22 10:14:15] GAME TIME LIMIT REACHED.
[2026-05-22 10:14:15] SCORE The bandits (lawn green): Final=1349.5, Time=90.0, Moves(42)=75.5, Pins(8)=800.0, Dist=384.0, Win Bonus=0.0
[2026-05-22 10:14:15] SCORE jat (gray0): Final=2539.7, Time=64.2, Moves(42)=75.5, Pins(10)=1000.0, Dist=400.0, Win Bonus=1000.0
[2026-05-22 10:14:15] ALL WRONG MOVES BY COLOUR: {}
[2026-05-22 10:14:15] GAME TIME LIMIT REACHED.
[2026-05-22 10:14:23] SCORE The bandits (lawn green): Final=1349.5, Time=90.0, Moves(42)=75.5, Pins(8)=800.0, Dist=384.0, Win Bonus=0.0
[2026-05-22 10:14:23] SCORE jat (gray0): Final=2539.7, Time=64.2, Moves(42)=75.5, Pins(10)=1000.0, Dist=400.0, Win Bonus=1000.0
[2026-05-22 10:14:23] ALL WRONG MOVES BY COLOUR: {}
[2026-05-22 10:14:23] GAME TIME LIMIT REACHED.
[2026-05-22 10:14:24] SCORE The bandits (lawn green): Final=1349.5, Time=90.0, Moves(42)=75.5, Pins(8)=800.0, Dist=384.0, Win Bonus=0.0
[2026-05-22 10:14:24] SCORE jat (gray0): Final=2539.7, Time=64.2, Moves(42)=75.5, Pins(10)=1000.0, Dist=400.0, Win Bonus=1000.0
[2026-05-22 10:14:24] ALL WRONG MOVES BY COLOUR: {}
[2026-05-22 10:14:24] GAME TIME LIMIT REACHED.
[2026-05-22 10:14:24] SCORE The bandits (lawn green): Final=1349.5, Time=90.0, Moves(42)=75.5, Pins(8)=800.0, Dist=384.0, Win Bonus=0.0
[2026-05-22 10:14:24] SCORE jat (gray0): Final=2539.7, Time=64.2, Moves(42)=75.5, Pins(10)=1000.0, Dist=400.0, Win Bonus=1000.0
[2026-05-22 10:14:24] ALL WRONG MOVES BY COLOUR: {}
[2026-05-22 10:14:24] GAME TIME LIMIT REACHED.
[2026-05-22 10:14:24] SCORE The bandits (lawn green): Final=1349.5, Time=90.0, Moves(42)=75.5, Pins(8)=800.0, Dist=384.0, Win Bonus=0.0
[2026-05-22 10:14:24] SCORE jat (gray0): Final=2539.7, Time=64.2, Moves(42)=75.5, Pins(10)=1000.0, Dist=400.0, Win Bonus=1000.0
[2026-05-22 10:14:24] ALL WRONG MOVES BY COLOUR: {}
[2026-05-22 10:14:24] GAME TIME LIMIT REACHED.
[2026-05-22 10:14:24] SCORE The bandits (lawn green): Final=1349.5, Time=90.0, Moves(42)=75.5, Pins(8)=800.0, Dist=384.0, Win Bonus=0.0
[2026-05-22 10:14:24] SCORE jat (gray0): Final=2539.7, Time=64.2, Moves(42)=75.5, Pins(10)=1000.0, Dist=400.0, Win Bonus=1000.0
[2026-05-22 10:14:24] ALL WRONG MOVES BY COLOUR: {}
[2026-05-22 10:14:24] GAME TIME LIMIT REACHED.
[2026-05-22 10:14:24] SCORE The bandits (lawn green): Final=1349.5, Time=90.0, Moves(42)=75.5, Pins(8)=800.0, Dist=384.0, Win Bonus=0.0
[2026-05-22 10:14:24] SCORE jat (gray0): Final=2539.7, Time=64.2, Moves(42)=75.5, Pins(10)=1000.0, Dist=400.0, Win Bonus=1000.0
[2026-05-22 10:14:24] ALL WRONG MOVES BY COLOUR: {}
[2026-05-22 10:14:24] GAME TIME LIMIT REACHED.
[2026-05-22 10:14:25] SCORE The bandits (lawn green): Final=1349.5, Time=90.0, Moves(42)=75.5, Pins(8)=800.0, Dist=384.0, Win Bonus=0.0
[2026-05-22 10:14:25] SCORE jat (gray0): Final=2539.7, Time=64.2, Moves(42)=75.5, Pins(10)=1000.0, Dist=400.0, Win Bonus=1000.0
[2026-05-22 10:14:25] ALL WRONG MOVES BY COLOUR: {}
[2026-05-22 10:14:25] GAME TIME LIMIT REACHED.
[2026-05-22 10:14:25] SCORE The bandits (lawn green): Final=1349.5, Time=90.0, Moves(42)=75.5, Pins(8)=800.0, Dist=384.0, Win Bonus=0.0
[2026-05-22 10:14:25] SCORE jat (gray0): Final=2539.7, Time=64.2, Moves(42)=75.5, Pins(10)=1000.0, Dist=400.0, Win Bonus=1000.0
[2026-05-22 10:14:25] ALL WRONG MOVES BY COLOUR: {}
[2026-05-22 10:14:25] GAME TIME LIMIT REACHED.
[2026-05-22 10:14:25] SCORE The bandits (lawn green): Final=1349.5, Time=90.0, Moves(42)=75.5, Pins(8)=800.0, Dist=384.0, Win Bonus=0.0
[2026-05-22 10:14:25] SCORE jat (gray0): Final=2539.7, Time=64.2, Moves(42)=75.5, Pins(10)=1000.0, Dist=400.0, Win Bonus=1000.0
[2026-05-22 10:14:25] ALL WRONG MOVES BY COLOUR: {}
[2026-05-22 10:14:25] GAME TIME LIMIT REACHED.
[2026-05-22 10:14:25] SCORE The bandits (lawn green): Final=1349.5, Time=90.0, Moves(42)=75.5, Pins(8)=800.0, Dist=384.0, Win Bonus=0.0
[2026-05-22 10:14:25] SCORE jat (gray0): Final=2539.7, Time=64.2, Moves(42)=75.5, Pins(10)=1000.0, Dist=400.0, Win Bonus=1000.0
[2026-05-22 10:14:25] ALL WRONG MOVES BY COLOUR: {}
[2026-05-22 10:14:25] GAME TIME LIMIT REACHED.
[2026-05-22 10:14:26] SCORE The bandits (lawn green): Final=1349.5, Time=90.0, Moves(42)=75.5, Pins(8)=800.0, Dist=384.0, Win Bonus=0.0
[2026-05-22 10:14:26] SCORE jat (gray0): Final=2539.7, Time=64.2, Moves(42)=75.5, Pins(10)=1000.0, Dist=400.0, Win Bonus=1000.0
[2026-05-22 10:14:26] ALL WRONG MOVES BY COLOUR: {}
[2026-05-22 10:14:26] GAME TIME LIMIT REACHED.
[2026-05-22 10:14:26] SCORE The bandits (lawn green): Final=1349.5, Time=90.0, Moves(42)=75.5, Pins(8)=800.0, Dist=384.0, Win Bonus=0.0
[2026-05-22 10:14:26] SCORE jat (gray0): Final=2539.7, Time=64.2, Moves(42)=75.5, Pins(10)=1000.0, Dist=400.0, Win Bonus=1000.0
[2026-05-22 10:14:26] ALL WRONG MOVES BY COLOUR: {}
[2026-05-22 10:14:26] GAME TIME LIMIT REACHED.
[2026-05-22 10:14:26] SCORE The bandits (lawn green): Final=1349.5, Time=90.0, Moves(42)=75.5, Pins(8)=800.0, Dist=384.0, Win Bonus=0.0
[2026-05-22 10:14:26] SCORE jat (gray0): Final=2539.7, Time=64.2, Moves(42)=75.5, Pins(10)=1000.0, Dist=400.0, Win Bonus=1000.0
[2026-05-22 10:14:26] ALL WRONG MOVES BY COLOUR: {}
[2026-05-22 10:14:26] GAME TIME LIMIT REACHED.
[2026-05-22 10:14:26] SCORE The bandits (lawn green): Final=1349.5, Time=90.0, Moves(42)=75.5, Pins(8)=800.0, Dist=384.0, Win Bonus=0.0
[2026-05-22 10:14:26] SCORE jat (gray0): Final=2539.7, Time=64.2, Moves(42)=75.5, Pins(10)=1000.0, Dist=400.0, Win Bonus=1000.0
[2026-05-22 10:14:26] ALL WRONG MOVES BY COLOUR: {}
[2026-05-22 10:14:26] GAME TIME LIMIT REACHED.
[2026-05-22 10:14:27] SCORE The bandits (lawn green): Final=1349.5, Time=90.0, Moves(42)=75.5, Pins(8)=800.0, Dist=384.0, Win Bonus=0.0
[2026-05-22 10:14:27] SCORE jat (gray0): Final=2539.7, Time=64.2, Moves(42)=75.5, Pins(10)=1000.0, Dist=400.0, Win Bonus=1000.0
[2026-05-22 10:14:27] ALL WRONG MOVES BY COLOUR: {}
[2026-05-22 10:14:27] GAME TIME LIMIT REACHED.
[2026-05-22 10:14:27] SCORE The bandits (lawn green): Final=1349.5, Time=90.0, Moves(42)=75.5, Pins(8)=800.0, Dist=384.0, Win Bonus=0.0
[2026-05-22 10:14:27] SCORE jat (gray0): Final=2539.7, Time=64.2, Moves(42)=75.5, Pins(10)=1000.0, Dist=400.0, Win Bonus=1000.0
[2026-05-22 10:14:27] ALL WRONG MOVES BY COLOUR: {}
[2026-05-22 10:14:27] GAME TIME LIMIT REACHED.
[2026-05-22 10:14:27] SCORE The bandits (lawn green): Final=1349.5, Time=90.0, Moves(42)=75.5, Pins(8)=800.0, Dist=384.0, Win Bonus=0.0
[2026-05-22 10:14:27] SCORE jat (gray0): Final=2539.7, Time=64.2, Moves(42)=75.5, Pins(10)=1000.0, Dist=400.0, Win Bonus=1000.0
[2026-05-22 10:14:27] ALL WRONG MOVES BY COLOUR: {}
[2026-05-22 10:14:27] GAME TIME LIMIT REACHED.
[2026-05-22 10:14:27] SCORE The bandits (lawn green): Final=1349.5, Time=90.0, Moves(42)=75.5, Pins(8)=800.0, Dist=384.0, Win Bonus=0.0
[2026-05-22 10:14:27] SCORE jat (gray0): Final=2539.7, Time=64.2, Moves(42)=75.5, Pins(10)=1000.0, Dist=400.0, Win Bonus=1000.0
[2026-05-22 10:14:27] ALL WRONG MOVES BY COLOUR: {}
[2026-05-22 10:14:27] GAME TIME LIMIT REACHED.
[2026-05-22 10:14:28] SCORE The bandits (lawn green): Final=1349.5, Time=90.0, Moves(42)=75.5, Pins(8)=800.0, Dist=384.0, Win Bonus=0.0
[2026-05-22 10:14:28] SCORE jat (gray0): Final=2539.7, Time=64.2, Moves(42)=75.5, Pins(10)=1000.0, Dist=400.0, Win Bonus=1000.0
[2026-05-22 10:14:28] ALL WRONG MOVES BY COLOUR: {}
[2026-05-22 10:14:28] GAME TIME LIMIT REACHED.
[2026-05-22 10:14:28] SCORE The bandits (lawn green): Final=1349.5, Time=90.0, Moves(42)=75.5, Pins(8)=800.0, Dist=384.0, Win Bonus=0.0
[2026-05-22 10:14:28] SCORE jat (gray0): Final=2539.7, Time=64.2, Moves(42)=75.5, Pins(10)=1000.0, Dist=400.0, Win Bonus=1000.0
[2026-05-22 10:14:28] ALL WRONG MOVES BY COLOUR: {}
[2026-05-22 10:14:28] GAME TIME LIMIT REACHED.
[2026-05-22 10:14:28] SCORE The bandits (lawn green): Final=1349.5, Time=90.0, Moves(42)=75.5, Pins(8)=800.0, Dist=384.0, Win Bonus=0.0
[2026-05-22 10:14:28] SCORE jat (gray0): Final=2539.7, Time=64.2, Moves(42)=75.5, Pins(10)=1000.0, Dist=400.0, Win Bonus=1000.0
[2026-05-22 10:14:28] ALL WRONG MOVES BY COLOUR: {}
[2026-05-22 10:14:28] GAME TIME LIMIT REACHED.
[2026-05-22 10:14:28] SCORE The bandits (lawn green): Final=1349.5, Time=90.0, Moves(42)=75.5, Pins(8)=800.0, Dist=384.0, Win Bonus=0.0
[2026-05-22 10:14:28] SCORE jat (gray0): Final=2539.7, Time=64.2, Moves(42)=75.5, Pins(10)=1000.0, Dist=400.0, Win Bonus=1000.0
[2026-05-22 10:14:28] ALL WRONG MOVES BY COLOUR: {}
[2026-05-22 10:14:28] GAME TIME LIMIT REACHED.
[2026-05-22 10:14:29] SCORE The bandits (lawn green): Final=1349.5, Time=90.0, Moves(42)=75.5, Pins(8)=800.0, Dist=384.0, Win Bonus=0.0
[2026-05-22 10:14:29] SCORE jat (gray0): Final=2539.7, Time=64.2, Moves(42)=75.5, Pins(10)=1000.0, Dist=400.0, Win Bonus=1000.0
[2026-05-22 10:14:29] ALL WRONG MOVES BY COLOUR: {}
[2026-05-22 10:14:29] GAME TIME LIMIT REACHED.
[2026-05-22 10:14:29] SCORE The bandits (lawn green): Final=1349.5, Time=90.0, Moves(42)=75.5, Pins(8)=800.0, Dist=384.0, Win Bonus=0.0
[2026-05-22 10:14:29] SCORE jat (gray0): Final=2539.7, Time=64.2, Moves(42)=75.5, Pins(10)=1000.0, Dist=400.0, Win Bonus=1000.0
[2026-05-22 10:14:29] ALL WRONG MOVES BY COLOUR: {}
[2026-05-22 10:14:29] GAME TIME LIMIT REACHED.
[2026-05-22 10:14:29] SCORE The bandits (lawn green): Final=1349.5, Time=90.0, Moves(42)=75.5, Pins(8)=800.0, Dist=384.0, Win Bonus=0.0
[2026-05-22 10:14:29] SCORE jat (gray0): Final=2539.7, Time=64.2, Moves(42)=75.5, Pins(10)=1000.0, Dist=400.0, Win Bonus=1000.0
[2026-05-22 10:14:29] ALL WRONG MOVES BY COLOUR: {}
[2026-05-22 10:14:29] GAME TIME LIMIT REACHED.
[2026-05-22 10:14:29] SCORE The bandits (lawn green): Final=1349.5, Time=90.0, Moves(42)=75.5, Pins(8)=800.0, Dist=384.0, Win Bonus=0.0
[2026-05-22 10:14:29] SCORE jat (gray0): Final=2539.7, Time=64.2, Moves(42)=75.5, Pins(10)=1000.0, Dist=400.0, Win Bonus=1000.0
[2026-05-22 10:14:29] ALL WRONG MOVES BY COLOUR: {}
[2026-05-22 10:14:29] GAME TIME LIMIT REACHED.
[2026-05-22 10:14:30] SCORE The bandits (lawn green): Final=1349.5, Time=90.0, Moves(42)=75.5, Pins(8)=800.0, Dist=384.0, Win Bonus=0.0
[2026-05-22 10:14:30] SCORE jat (gray0): Final=2539.7, Time=64.2, Moves(42)=75.5, Pins(10)=1000.0, Dist=400.0, Win Bonus=1000.0
[2026-05-22 10:14:30] ALL WRONG MOVES BY COLOUR: {}
[2026-05-22 10:14:30] GAME TIME LIMIT REACHED.
[2026-05-22 10:14:30] SCORE The bandits (lawn green): Final=1349.5, Time=90.0, Moves(42)=75.5, Pins(8)=800.0, Dist=384.0, Win Bonus=0.0
[2026-05-22 10:14:30] SCORE jat (gray0): Final=2539.7, Time=64.2, Moves(42)=75.5, Pins(10)=1000.0, Dist=400.0, Win Bonus=1000.0
[2026-05-22 10:14:30] ALL WRONG MOVES BY COLOUR: {}
[2026-05-22 10:14:30] GAME TIME LIMIT REACHED.
[2026-05-22 10:14:31] SCORE The bandits (lawn green): Final=1349.5, Time=90.0, Moves(42)=75.5, Pins(8)=800.0, Dist=384.0, Win Bonus=0.0
[2026-05-22 10:14:31] SCORE jat (gray0): Final=2539.7, Time=64.2, Moves(42)=75.5, Pins(10)=1000.0, Dist=400.0, Win Bonus=1000.0
[2026-05-22 10:14:31] ALL WRONG MOVES BY COLOUR: {}
[2026-05-22 10:14:31] GAME TIME LIMIT REACHED.
[2026-05-22 10:14:31] SCORE The bandits (lawn green): Final=1349.5, Time=90.0, Moves(42)=75.5, Pins(8)=800.0, Dist=384.0, Win Bonus=0.0
[2026-05-22 10:14:31] SCORE jat (gray0): Final=2539.7, Time=64.2, Moves(42)=75.5, Pins(10)=1000.0, Dist=400.0, Win Bonus=1000.0
[2026-05-22 10:14:31] ALL WRONG MOVES BY COLOUR: {}
[2026-05-22 10:14:31] GAME TIME LIMIT REACHED.
[2026-05-22 10:14:31] SCORE The bandits (lawn green): Final=1349.5, Time=90.0, Moves(42)=75.5, Pins(8)=800.0, Dist=384.0, Win Bonus=0.0
[2026-05-22 10:14:31] SCORE jat (gray0): Final=2539.7, Time=64.2, Moves(42)=75.5, Pins(10)=1000.0, Dist=400.0, Win Bonus=1000.0
[2026-05-22 10:14:31] ALL WRONG MOVES BY COLOUR: {}
[2026-05-22 10:14:31] GAME TIME LIMIT REACHED.
[2026-05-22 10:14:31] SCORE The bandits (lawn green): Final=1349.5, Time=90.0, Moves(42)=75.5, Pins(8)=800.0, Dist=384.0, Win Bonus=0.0
[2026-05-22 10:14:31] SCORE jat (gray0): Final=2539.7, Time=64.2, Moves(42)=75.5, Pins(10)=1000.0, Dist=400.0, Win Bonus=1000.0
[2026-05-22 10:14:31] ALL WRONG MOVES BY COLOUR: {}
[2026-05-22 10:14:31] GAME TIME LIMIT REACHED.
[2026-05-22 10:14:32] SCORE The bandits (lawn green): Final=1349.5, Time=90.0, Moves(42)=75.5, Pins(8)=800.0, Dist=384.0, Win Bonus=0.0
[2026-05-22 10:14:32] SCORE jat (gray0): Final=2539.7, Time=64.2, Moves(42)=75.5, Pins(10)=1000.0, Dist=400.0, Win Bonus=1000.0
[2026-05-22 10:14:32] ALL WRONG MOVES BY COLOUR: {}
[2026-05-22 10:14:32] GAME TIME LIMIT REACHED.
[2026-05-22 10:14:32] SCORE The bandits (lawn green): Final=1349.5, Time=90.0, Moves(42)=75.5, Pins(8)=800.0, Dist=384.0, Win Bonus=0.0
[2026-05-22 10:14:32] SCORE jat (gray0): Final=2539.7, Time=64.2, Moves(42)=75.5, Pins(10)=1000.0, Dist=400.0, Win Bonus=1000.0
[2026-05-22 10:14:32] ALL WRONG MOVES BY COLOUR: {}
[2026-05-22 10:14:32] GAME TIME LIMIT REACHED.
[2026-05-22 10:14:32] SCORE The bandits (lawn green): Final=1349.5, Time=90.0, Moves(42)=75.5, Pins(8)=800.0, Dist=384.0, Win Bonus=0.0
[2026-05-22 10:14:32] SCORE jat (gray0): Final=2539.7, Time=64.2, Moves(42)=75.5, Pins(10)=1000.0, Dist=400.0, Win Bonus=1000.0
[2026-05-22 10:14:32] ALL WRONG MOVES BY COLOUR: {}
[2026-05-22 10:14:32] GAME TIME LIMIT REACHED.
[2026-05-22 10:14:32] SCORE The bandits (lawn green): Final=1349.5, Time=90.0, Moves(42)=75.5, Pins(8)=800.0, Dist=384.0, Win Bonus=0.0
[2026-05-22 10:14:32] SCORE jat (gray0): Final=2539.7, Time=64.2, Moves(42)=75.5, Pins(10)=1000.0, Dist=400.0, Win Bonus=1000.0
[2026-05-22 10:14:32] ALL WRONG MOVES BY COLOUR: {}
[2026-05-22 10:14:32] GAME TIME LIMIT REACHED.
[2026-05-22 10:14:33] SCORE The bandits (lawn green): Final=1349.5, Time=90.0, Moves(42)=75.5, Pins(8)=800.0, Dist=384.0, Win Bonus=0.0
[2026-05-22 10:14:33] SCORE jat (gray0): Final=2539.7, Time=64.2, Moves(42)=75.5, Pins(10)=1000.0, Dist=400.0, Win Bonus=1000.0
[2026-05-22 10:14:33] ALL WRONG MOVES BY COLOUR: {}
[2026-05-22 10:14:33] GAME TIME LIMIT REACHED.
[2026-05-22 10:14:33] SCORE The bandits (lawn green): Final=1349.5, Time=90.0, Moves(42)=75.5, Pins(8)=800.0, Dist=384.0, Win Bonus=0.0
[2026-05-22 10:14:33] SCORE jat (gray0): Final=2539.7, Time=64.2, Moves(42)=75.5, Pins(10)=1000.0, Dist=400.0, Win Bonus=1000.0
[2026-05-22 10:14:33] ALL WRONG MOVES BY COLOUR: {}
[2026-05-22 10:14:33] GAME TIME LIMIT REACHED.
[2026-05-22 10:14:33] SCORE The bandits (lawn green): Final=1349.5, Time=90.0, Moves(42)=75.5, Pins(8)=800.0, Dist=384.0, Win Bonus=0.0
[2026-05-22 10:14:33] SCORE jat (gray0): Final=2539.7, Time=64.2, Moves(42)=75.5, Pins(10)=1000.0, Dist=400.0, Win Bonus=1000.0
[2026-05-22 10:14:33] ALL WRONG MOVES BY COLOUR: {}
[2026-05-22 10:14:33] GAME TIME LIMIT REACHED.
[2026-05-22 10:14:33] SCORE The bandits (lawn green): Final=1349.5, Time=90.0, Moves(42)=75.5, Pins(8)=800.0, Dist=384.0, Win Bonus=0.0
[2026-05-22 10:14:33] SCORE jat (gray0): Final=2539.7, Time=64.2, Moves(42)=75.5, Pins(10)=1000.0, Dist=400.0, Win Bonus=1000.0
[2026-05-22 10:14:33] ALL WRONG MOVES BY COLOUR: {}
[2026-05-22 10:14:33] GAME TIME LIMIT REACHED.
[2026-05-22 10:14:33] SCORE The bandits (lawn green): Final=1349.5, Time=90.0, Moves(42)=75.5, Pins(8)=800.0, Dist=384.0, Win Bonus=0.0
[2026-05-22 10:14:33] SCORE jat (gray0): Final=2539.7, Time=64.2, Moves(42)=75.5, Pins(10)=1000.0, Dist=400.0, Win Bonus=1000.0
[2026-05-22 10:14:33] ALL WRONG MOVES BY COLOUR: {}
[2026-05-22 10:14:33] GAME TIME LIMIT REACHED.
[2026-05-22 10:14:34] SCORE The bandits (lawn green): Final=1349.5, Time=90.0, Moves(42)=75.5, Pins(8)=800.0, Dist=384.0, Win Bonus=0.0
[2026-05-22 10:14:34] SCORE jat (gray0): Final=2539.7, Time=64.2, Moves(42)=75.5, Pins(10)=1000.0, Dist=400.0, Win Bonus=1000.0
[2026-05-22 10:14:34] ALL WRONG MOVES BY COLOUR: {}
[2026-05-22 10:14:34] GAME TIME LIMIT REACHED.
[2026-05-22 10:14:34] SCORE The bandits (lawn green): Final=1349.5, Time=90.0, Moves(42)=75.5, Pins(8)=800.0, Dist=384.0, Win Bonus=0.0
[2026-05-22 10:14:34] SCORE jat (gray0): Final=2539.7, Time=64.2, Moves(42)=75.5, Pins(10)=1000.0, Dist=400.0, Win Bonus=1000.0
[2026-05-22 10:14:34] ALL WRONG MOVES BY COLOUR: {}
[2026-05-22 10:14:34] GAME TIME LIMIT REACHED.
[2026-05-22 10:14:34] SCORE The bandits (lawn green): Final=1349.5, Time=90.0, Moves(42)=75.5, Pins(8)=800.0, Dist=384.0, Win Bonus=0.0
[2026-05-22 10:14:34] SCORE jat (gray0): Final=2539.7, Time=64.2, Moves(42)=75.5, Pins(10)=1000.0, Dist=400.0, Win Bonus=1000.0
[2026-05-22 10:14:34] ALL WRONG MOVES BY COLOUR: {}
[2026-05-22 10:14:34] GAME TIME LIMIT REACHED.
[2026-05-22 10:14:36] SCORE The bandits (lawn green): Final=1349.5, Time=90.0, Moves(42)=75.5, Pins(8)=800.0, Dist=384.0, Win Bonus=0.0
[2026-05-22 10:14:36] SCORE jat (gray0): Final=2539.7, Time=64.2, Moves(42)=75.5, Pins(10)=1000.0, Dist=400.0, Win Bonus=1000.0
[2026-05-22 10:14:36] ALL WRONG MOVES BY COLOUR: {}
[2026-05-22 10:14:36] GAME TIME LIMIT REACHED.
[2026-05-22 10:14:36] SCORE The bandits (lawn green): Final=1349.5, Time=90.0, Moves(42)=75.5, Pins(8)=800.0, Dist=384.0, Win Bonus=0.0
[2026-05-22 10:14:36] SCORE jat (gray0): Final=2539.7, Time=64.2, Moves(42)=75.5, Pins(10)=1000.0, Dist=400.0, Win Bonus=1000.0
[2026-05-22 10:14:36] ALL WRONG MOVES BY COLOUR: {}
[2026-05-22 10:14:36] GAME TIME LIMIT REACHED.
[2026-05-22 10:14:36] SCORE The bandits (lawn green): Final=1349.5, Time=90.0, Moves(42)=75.5, Pins(8)=800.0, Dist=384.0, Win Bonus=0.0
[2026-05-22 10:14:36] SCORE jat (gray0): Final=2539.7, Time=64.2, Moves(42)=75.5, Pins(10)=1000.0, Dist=400.0, Win Bonus=1000.0
[2026-05-22 10:14:36] ALL WRONG MOVES BY COLOUR: {}
[2026-05-22 10:14:36] GAME TIME LIMIT REACHED.
[2026-05-22 10:14:36] SCORE The bandits (lawn green): Final=1349.5, Time=90.0, Moves(42)=75.5, Pins(8)=800.0, Dist=384.0, Win Bonus=0.0
[2026-05-22 10:14:36] SCORE jat (gray0): Final=2539.7, Time=64.2, Moves(42)=75.5, Pins(10)=1000.0, Dist=400.0, Win Bonus=1000.0
[2026-05-22 10:14:36] ALL WRONG MOVES BY COLOUR: {}
[2026-05-22 10:14:36] GAME TIME LIMIT REACHED.
[2026-05-22 10:14:37] SCORE The bandits (lawn green): Final=1349.5, Time=90.0, Moves(42)=75.5, Pins(8)=800.0, Dist=384.0, Win Bonus=0.0
[2026-05-22 10:14:37] SCORE jat (gray0): Final=2539.7, Time=64.2, Moves(42)=75.5, Pins(10)=1000.0, Dist=400.0, Win Bonus=1000.0
[2026-05-22 10:14:37] ALL WRONG MOVES BY COLOUR: {}
[2026-05-22 10:14:37] GAME TIME LIMIT REACHED.
[2026-05-22 10:15:28] SCORE The bandits (lawn green): Final=1349.5, Time=90.0, Moves(42)=75.5, Pins(8)=800.0, Dist=384.0, Win Bonus=0.0
[2026-05-22 10:15:28] SCORE jat (gray0): Final=2539.7, Time=64.2, Moves(42)=75.5, Pins(10)=1000.0, Dist=400.0, Win Bonus=1000.0
[2026-05-22 10:15:28] ALL WRONG MOVES BY COLOUR: {}
[2026-05-22 10:15:28] GAME TIME LIMIT REACHED.
[2026-05-22 10:15:29] SCORE The bandits (lawn green): Final=1349.5, Time=90.0, Moves(42)=75.5, Pins(8)=800.0, Dist=384.0, Win Bonus=0.0
[2026-05-22 10:15:29] SCORE jat (gray0): Final=2539.7, Time=64.2, Moves(42)=75.5, Pins(10)=1000.0, Dist=400.0, Win Bonus=1000.0
[2026-05-22 10:15:29] ALL WRONG MOVES BY COLOUR: {}
[2026-05-22 10:15:29] GAME TIME LIMIT REACHED.
[2026-05-22 10:15:29] SCORE The bandits (lawn green): Final=1349.5, Time=90.0, Moves(42)=75.5, Pins(8)=800.0, Dist=384.0, Win Bonus=0.0
[2026-05-22 10:15:29] SCORE jat (gray0): Final=2539.7, Time=64.2, Moves(42)=75.5, Pins(10)=1000.0, Dist=400.0, Win Bonus=1000.0
[2026-05-22 10:15:29] ALL WRONG MOVES BY COLOUR: {}
[2026-05-22 10:15:29] GAME TIME LIMIT REACHED.
[2026-05-22 10:15:29] SCORE The bandits (lawn green): Final=1349.5, Time=90.0, Moves(42)=75.5, Pins(8)=800.0, Dist=384.0, Win Bonus=0.0
[2026-05-22 10:15:29] SCORE jat (gray0): Final=2539.7, Time=64.2, Moves(42)=75.5, Pins(10)=1000.0, Dist=400.0, Win Bonus=1000.0
[2026-05-22 10:15:29] ALL WRONG MOVES BY COLOUR: {}
[2026-05-22 10:15:29] GAME TIME LIMIT REACHED.
[2026-05-22 10:15:29] SCORE The bandits (lawn green): Final=1349.5, Time=90.0, Moves(42)=75.5, Pins(8)=800.0, Dist=384.0, Win Bonus=0.0
[2026-05-22 10:15:29] SCORE jat (gray0): Final=2539.7, Time=64.2, Moves(42)=75.5, Pins(10)=1000.0, Dist=400.0, Win Bonus=1000.0
[2026-05-22 10:15:29] ALL WRONG MOVES BY COLOUR: {}
[2026-05-22 10:15:29] GAME TIME LIMIT REACHED.
[2026-05-22 10:15:30] SCORE The bandits (lawn green): Final=1349.5, Time=90.0, Moves(42)=75.5, Pins(8)=800.0, Dist=384.0, Win Bonus=0.0
[2026-05-22 10:15:30] SCORE jat (gray0): Final=2539.7, Time=64.2, Moves(42)=75.5, Pins(10)=1000.0, Dist=400.0, Win Bonus=1000.0
[2026-05-22 10:15:30] ALL WRONG MOVES BY COLOUR: {}
[2026-05-22 10:15:30] GAME TIME LIMIT REACHED.
[2026-05-22 10:15:30] SCORE The bandits (lawn green): Final=1349.5, Time=90.0, Moves(42)=75.5, Pins(8)=800.0, Dist=384.0, Win Bonus=0.0
[2026-05-22 10:15:30] SCORE jat (gray0): Final=2539.7, Time=64.2, Moves(42)=75.5, Pins(10)=1000.0, Dist=400.0, Win Bonus=1000.0
[2026-05-22 10:15:30] ALL WRONG MOVES BY COLOUR: {}
[2026-05-22 10:15:30] GAME TIME LIMIT REACHED.
[2026-05-22 10:15:30] SCORE The bandits (lawn green): Final=1349.5, Time=90.0, Moves(42)=75.5, Pins(8)=800.0, Dist=384.0, Win Bonus=0.0
[2026-05-22 10:15:30] SCORE jat (gray0): Final=2539.7, Time=64.2, Moves(42)=75.5, Pins(10)=1000.0, Dist=400.0, Win Bonus=1000.0
[2026-05-22 10:15:30] ALL WRONG MOVES BY COLOUR: {}
[2026-05-22 10:15:30] GAME TIME LIMIT REACHED.
[2026-05-22 10:15:30] SCORE The bandits (lawn green): Final=1349.5, Time=90.0, Moves(42)=75.5, Pins(8)=800.0, Dist=384.0, Win Bonus=0.0
[2026-05-22 10:15:30] SCORE jat (gray0): Final=2539.7, Time=64.2, Moves(42)=75.5, Pins(10)=1000.0, Dist=400.0, Win Bonus=1000.0
[2026-05-22 10:15:30] ALL WRONG MOVES BY COLOUR: {}
[2026-05-22 10:15:30] GAME TIME LIMIT REACHED.
[2026-05-22 10:15:31] SCORE The bandits (lawn green): Final=1349.5, Time=90.0, Moves(42)=75.5, Pins(8)=800.0, Dist=384.0, Win Bonus=0.0
[2026-05-22 10:15:31] SCORE jat (gray0): Final=2539.7, Time=64.2, Moves(42)=75.5, Pins(10)=1000.0, Dist=400.0, Win Bonus=1000.0
[2026-05-22 10:15:31] ALL WRONG MOVES BY COLOUR: {}
[2026-05-22 10:15:31] GAME TIME LIMIT REACHED.
[2026-05-22 10:15:31] SCORE The bandits (lawn green): Final=1349.5, Time=90.0, Moves(42)=75.5, Pins(8)=800.0, Dist=384.0, Win Bonus=0.0
[2026-05-22 10:15:31] SCORE jat (gray0): Final=2539.7, Time=64.2, Moves(42)=75.5, Pins(10)=1000.0, Dist=400.0, Win Bonus=1000.0
[2026-05-22 10:15:31] ALL WRONG MOVES BY COLOUR: {}
[2026-05-22 10:15:31] GAME TIME LIMIT REACHED.
[2026-05-22 10:15:31] SCORE The bandits (lawn green): Final=1349.5, Time=90.0, Moves(42)=75.5, Pins(8)=800.0, Dist=384.0, Win Bonus=0.0
[2026-05-22 10:15:31] SCORE jat (gray0): Final=2539.7, Time=64.2, Moves(42)=75.5, Pins(10)=1000.0, Dist=400.0, Win Bonus=1000.0
[2026-05-22 10:15:31] ALL WRONG MOVES BY COLOUR: {}
[2026-05-22 10:15:31] GAME TIME LIMIT REACHED.
[2026-05-22 10:15:31] SCORE The bandits (lawn green): Final=1349.5, Time=90.0, Moves(42)=75.5, Pins(8)=800.0, Dist=384.0, Win Bonus=0.0
[2026-05-22 10:15:31] SCORE jat (gray0): Final=2539.7, Time=64.2, Moves(42)=75.5, Pins(10)=1000.0, Dist=400.0, Win Bonus=1000.0
[2026-05-22 10:15:31] ALL WRONG MOVES BY COLOUR: {}
[2026-05-22 10:15:31] GAME TIME LIMIT REACHED.
[2026-05-22 10:15:31] SCORE The bandits (lawn green): Final=1349.5, Time=90.0, Moves(42)=75.5, Pins(8)=800.0, Dist=384.0, Win Bonus=0.0
[2026-05-22 10:15:31] SCORE jat (gray0): Final=2539.7, Time=64.2, Moves(42)=75.5, Pins(10)=1000.0, Dist=400.0, Win Bonus=1000.0
[2026-05-22 10:15:31] ALL WRONG MOVES BY COLOUR: {}
[2026-05-22 10:15:31] GAME TIME LIMIT REACHED.
[2026-05-22 10:15:32] SCORE The bandits (lawn green): Final=1349.5, Time=90.0, Moves(42)=75.5, Pins(8)=800.0, Dist=384.0, Win Bonus=0.0
[2026-05-22 10:15:32] SCORE jat (gray0): Final=2539.7, Time=64.2, Moves(42)=75.5, Pins(10)=1000.0, Dist=400.0, Win Bonus=1000.0
[2026-05-22 10:15:32] ALL WRONG MOVES BY COLOUR: {}
[2026-05-22 10:15:32] GAME TIME LIMIT REACHED.
[2026-05-22 10:15:32] SCORE The bandits (lawn green): Final=1349.5, Time=90.0, Moves(42)=75.5, Pins(8)=800.0, Dist=384.0, Win Bonus=0.0
[2026-05-22 10:15:32] SCORE jat (gray0): Final=2539.7, Time=64.2, Moves(42)=75.5, Pins(10)=1000.0, Dist=400.0, Win Bonus=1000.0
[2026-05-22 10:15:32] ALL WRONG MOVES BY COLOUR: {}
[2026-05-22 10:15:32] GAME TIME LIMIT REACHED.
[2026-05-22 10:15:32] SCORE The bandits (lawn green): Final=1349.5, Time=90.0, Moves(42)=75.5, Pins(8)=800.0, Dist=384.0, Win Bonus=0.0
[2026-05-22 10:15:32] SCORE jat (gray0): Final=2539.7, Time=64.2, Moves(42)=75.5, Pins(10)=1000.0, Dist=400.0, Win Bonus=1000.0
[2026-05-22 10:15:32] ALL WRONG MOVES BY COLOUR: {}
[2026-05-22 10:15:32] GAME TIME LIMIT REACHED.
[2026-05-22 10:15:32] SCORE The bandits (lawn green): Final=1349.5, Time=90.0, Moves(42)=75.5, Pins(8)=800.0, Dist=384.0, Win Bonus=0.0
[2026-05-22 10:15:32] SCORE jat (gray0): Final=2539.7, Time=64.2, Moves(42)=75.5, Pins(10)=1000.0, Dist=400.0, Win Bonus=1000.0
[2026-05-22 10:15:32] ALL WRONG MOVES BY COLOUR: {}
[2026-05-22 10:15:32] GAME TIME LIMIT REACHED.
[2026-05-22 10:15:33] SCORE The bandits (lawn green): Final=1349.5, Time=90.0, Moves(42)=75.5, Pins(8)=800.0, Dist=384.0, Win Bonus=0.0
[2026-05-22 10:15:33] SCORE jat (gray0): Final=2539.7, Time=64.2, Moves(42)=75.5, Pins(10)=1000.0, Dist=400.0, Win Bonus=1000.0
[2026-05-22 10:15:33] ALL WRONG MOVES BY COLOUR: {}
[2026-05-22 10:15:33] GAME TIME LIMIT REACHED.
[2026-05-22 10:15:33] SCORE The bandits (lawn green): Final=1349.5, Time=90.0, Moves(42)=75.5, Pins(8)=800.0, Dist=384.0, Win Bonus=0.0
[2026-05-22 10:15:33] SCORE jat (gray0): Final=2539.7, Time=64.2, Moves(42)=75.5, Pins(10)=1000.0, Dist=400.0, Win Bonus=1000.0
[2026-05-22 10:15:33] ALL WRONG MOVES BY COLOUR: {}
[2026-05-22 10:15:33] GAME TIME LIMIT REACHED.
[2026-05-22 10:15:33] SCORE The bandits (lawn green): Final=1349.5, Time=90.0, Moves(42)=75.5, Pins(8)=800.0, Dist=384.0, Win Bonus=0.0
[2026-05-22 10:15:33] SCORE jat (gray0): Final=2539.7, Time=64.2, Moves(42)=75.5, Pins(10)=1000.0, Dist=400.0, Win Bonus=1000.0
[2026-05-22 10:15:33] ALL WRONG MOVES BY COLOUR: {}
[2026-05-22 10:15:33] GAME TIME LIMIT REACHED.
[2026-05-22 10:15:33] SCORE The bandits (lawn green): Final=1349.5, Time=90.0, Moves(42)=75.5, Pins(8)=800.0, Dist=384.0, Win Bonus=0.0
[2026-05-22 10:15:33] SCORE jat (gray0): Final=2539.7, Time=64.2, Moves(42)=75.5, Pins(10)=1000.0, Dist=400.0, Win Bonus=1000.0
[2026-05-22 10:15:33] ALL WRONG MOVES BY COLOUR: {}
[2026-05-22 10:15:33] GAME TIME LIMIT REACHED.
[2026-05-22 10:15:34] SCORE The bandits (lawn green): Final=1349.5, Time=90.0, Moves(42)=75.5, Pins(8)=800.0, Dist=384.0, Win Bonus=0.0
[2026-05-22 10:15:34] SCORE jat (gray0): Final=2539.7, Time=64.2, Moves(42)=75.5, Pins(10)=1000.0, Dist=400.0, Win Bonus=1000.0
[2026-05-22 10:15:34] ALL WRONG MOVES BY COLOUR: {}
[2026-05-22 10:15:34] GAME TIME LIMIT REACHED.
[2026-05-22 10:15:34] SCORE The bandits (lawn green): Final=1349.5, Time=90.0, Moves(42)=75.5, Pins(8)=800.0, Dist=384.0, Win Bonus=0.0
[2026-05-22 10:15:34] SCORE jat (gray0): Final=2539.7, Time=64.2, Moves(42)=75.5, Pins(10)=1000.0, Dist=400.0, Win Bonus=1000.0
[2026-05-22 10:15:34] ALL WRONG MOVES BY COLOUR: {}
[2026-05-22 10:15:34] GAME TIME LIMIT REACHED.
[2026-05-22 10:15:34] SCORE The bandits (lawn green): Final=1349.5, Time=90.0, Moves(42)=75.5, Pins(8)=800.0, Dist=384.0, Win Bonus=0.0
[2026-05-22 10:15:34] SCORE jat (gray0): Final=2539.7, Time=64.2, Moves(42)=75.5, Pins(10)=1000.0, Dist=400.0, Win Bonus=1000.0
[2026-05-22 10:15:34] ALL WRONG MOVES BY COLOUR: {}
[2026-05-22 10:15:34] GAME TIME LIMIT REACHED.
[2026-05-22 10:15:34] SCORE The bandits (lawn green): Final=1349.5, Time=90.0, Moves(42)=75.5, Pins(8)=800.0, Dist=384.0, Win Bonus=0.0
[2026-05-22 10:15:34] SCORE jat (gray0): Final=2539.7, Time=64.2, Moves(42)=75.5, Pins(10)=1000.0, Dist=400.0, Win Bonus=1000.0
[2026-05-22 10:15:34] ALL WRONG MOVES BY COLOUR: {}
[2026-05-22 10:15:34] GAME TIME LIMIT REACHED.
[2026-05-22 10:15:35] SCORE The bandits (lawn green): Final=1349.5, Time=90.0, Moves(42)=75.5, Pins(8)=800.0, Dist=384.0, Win Bonus=0.0
[2026-05-22 10:15:35] SCORE jat (gray0): Final=2539.7, Time=64.2, Moves(42)=75.5, Pins(10)=1000.0, Dist=400.0, Win Bonus=1000.0
[2026-05-22 10:15:35] ALL WRONG MOVES BY COLOUR: {}
[2026-05-22 10:15:35] GAME TIME LIMIT REACHED.
[2026-05-22 10:15:35] SCORE The bandits (lawn green): Final=1349.5, Time=90.0, Moves(42)=75.5, Pins(8)=800.0, Dist=384.0, Win Bonus=0.0
[2026-05-22 10:15:35] SCORE jat (gray0): Final=2539.7, Time=64.2, Moves(42)=75.5, Pins(10)=1000.0, Dist=400.0, Win Bonus=1000.0
[2026-05-22 10:15:35] ALL WRONG MOVES BY COLOUR: {}
[2026-05-22 10:15:35] GAME TIME LIMIT REACHED.
[2026-05-22 10:15:35] SCORE The bandits (lawn green): Final=1349.5, Time=90.0, Moves(42)=75.5, Pins(8)=800.0, Dist=384.0, Win Bonus=0.0
[2026-05-22 10:15:35] SCORE jat (gray0): Final=2539.7, Time=64.2, Moves(42)=75.5, Pins(10)=1000.0, Dist=400.0, Win Bonus=1000.0
[2026-05-22 10:15:35] ALL WRONG MOVES BY COLOUR: {}
[2026-05-22 10:15:35] GAME TIME LIMIT REACHED.
[2026-05-22 10:15:35] SCORE The bandits (lawn green): Final=1349.5, Time=90.0, Moves(42)=75.5, Pins(8)=800.0, Dist=384.0, Win Bonus=0.0
[2026-05-22 10:15:35] SCORE jat (gray0): Final=2539.7, Time=64.2, Moves(42)=75.5, Pins(10)=1000.0, Dist=400.0, Win Bonus=1000.0
[2026-05-22 10:15:35] ALL WRONG MOVES BY COLOUR: {}
[2026-05-22 10:15:35] GAME TIME LIMIT REACHED.
[2026-05-22 10:15:36] SCORE The bandits (lawn green): Final=1349.5, Time=90.0, Moves(42)=75.5, Pins(8)=800.0, Dist=384.0, Win Bonus=0.0
[2026-05-22 10:15:36] SCORE jat (gray0): Final=2539.7, Time=64.2, Moves(42)=75.5, Pins(10)=1000.0, Dist=400.0, Win Bonus=1000.0
[2026-05-22 10:15:36] ALL WRONG MOVES BY COLOUR: {}
[2026-05-22 10:15:36] GAME TIME LIMIT REACHED.
[2026-05-22 10:15:36] SCORE The bandits (lawn green): Final=1349.5, Time=90.0, Moves(42)=75.5, Pins(8)=800.0, Dist=384.0, Win Bonus=0.0
[2026-05-22 10:15:36] SCORE jat (gray0): Final=2539.7, Time=64.2, Moves(42)=75.5, Pins(10)=1000.0, Dist=400.0, Win Bonus=1000.0
[2026-05-22 10:15:36] ALL WRONG MOVES BY COLOUR: {}
[2026-05-22 10:15:36] GAME TIME LIMIT REACHED.
[2026-05-22 10:15:36] SCORE The bandits (lawn green): Final=1349.5, Time=90.0, Moves(42)=75.5, Pins(8)=800.0, Dist=384.0, Win Bonus=0.0
[2026-05-22 10:15:36] SCORE jat (gray0): Final=2539.7, Time=64.2, Moves(42)=75.5, Pins(10)=1000.0, Dist=400.0, Win Bonus=1000.0
[2026-05-22 10:15:36] ALL WRONG MOVES BY COLOUR: {}
[2026-05-22 10:15:36] GAME TIME LIMIT REACHED.
[2026-05-22 10:15:36] SCORE The bandits (lawn green): Final=1349.5, Time=90.0, Moves(42)=75.5, Pins(8)=800.0, Dist=384.0, Win Bonus=0.0
[2026-05-22 10:15:36] SCORE jat (gray0): Final=2539.7, Time=64.2, Moves(42)=75.5, Pins(10)=1000.0, Dist=400.0, Win Bonus=1000.0
[2026-05-22 10:15:36] ALL WRONG MOVES BY COLOUR: {}
[2026-05-22 10:15:36] GAME TIME LIMIT REACHED.
[2026-05-22 10:15:37] SCORE The bandits (lawn green): Final=1349.5, Time=90.0, Moves(42)=75.5, Pins(8)=800.0, Dist=384.0, Win Bonus=0.0
[2026-05-22 10:15:37] SCORE jat (gray0): Final=2539.7, Time=64.2, Moves(42)=75.5, Pins(10)=1000.0, Dist=400.0, Win Bonus=1000.0
[2026-05-22 10:15:37] ALL WRONG MOVES BY COLOUR: {}
[2026-05-22 10:15:37] GAME TIME LIMIT REACHED.
[2026-05-22 10:15:37] SCORE The bandits (lawn green): Final=1349.5, Time=90.0, Moves(42)=75.5, Pins(8)=800.0, Dist=384.0, Win Bonus=0.0
[2026-05-22 10:15:37] SCORE jat (gray0): Final=2539.7, Time=64.2, Moves(42)=75.5, Pins(10)=1000.0, Dist=400.0, Win Bonus=1000.0
[2026-05-22 10:15:37] ALL WRONG MOVES BY COLOUR: {}
[2026-05-22 10:15:37] GAME TIME LIMIT REACHED.
[2026-05-22 10:15:37] SCORE The bandits (lawn green): Final=1349.5, Time=90.0, Moves(42)=75.5, Pins(8)=800.0, Dist=384.0, Win Bonus=0.0
[2026-05-22 10:15:37] SCORE jat (gray0): Final=2539.7, Time=64.2, Moves(42)=75.5, Pins(10)=1000.0, Dist=400.0, Win Bonus=1000.0
[2026-05-22 10:15:37] ALL WRONG MOVES BY COLOUR: {}
[2026-05-22 10:15:37] GAME TIME LIMIT REACHED.
[2026-05-22 10:15:37] SCORE The bandits (lawn green): Final=1349.5, Time=90.0, Moves(42)=75.5, Pins(8)=800.0, Dist=384.0, Win Bonus=0.0
[2026-05-22 10:15:37] SCORE jat (gray0): Final=2539.7, Time=64.2, Moves(42)=75.5, Pins(10)=1000.0, Dist=400.0, Win Bonus=1000.0
[2026-05-22 10:15:37] ALL WRONG MOVES BY COLOUR: {}
[2026-05-22 10:15:37] GAME TIME LIMIT REACHED.
[2026-05-22 10:15:38] SCORE The bandits (lawn green): Final=1349.5, Time=90.0, Moves(42)=75.5, Pins(8)=800.0, Dist=384.0, Win Bonus=0.0
[2026-05-22 10:15:38] SCORE jat (gray0): Final=2539.7, Time=64.2, Moves(42)=75.5, Pins(10)=1000.0, Dist=400.0, Win Bonus=1000.0
[2026-05-22 10:15:38] ALL WRONG MOVES BY COLOUR: {}
[2026-05-22 10:15:38] GAME TIME LIMIT REACHED.
[2026-05-22 10:15:38] SCORE The bandits (lawn green): Final=1349.5, Time=90.0, Moves(42)=75.5, Pins(8)=800.0, Dist=384.0, Win Bonus=0.0
[2026-05-22 10:15:38] SCORE jat (gray0): Final=2539.7, Time=64.2, Moves(42)=75.5, Pins(10)=1000.0, Dist=400.0, Win Bonus=1000.0
[2026-05-22 10:15:38] ALL WRONG MOVES BY COLOUR: {}
[2026-05-22 10:15:38] GAME TIME LIMIT REACHED.
[2026-05-22 10:15:38] SCORE The bandits (lawn green): Final=1349.5, Time=90.0, Moves(42)=75.5, Pins(8)=800.0, Dist=384.0, Win Bonus=0.0
[2026-05-22 10:15:38] SCORE jat (gray0): Final=2539.7, Time=64.2, Moves(42)=75.5, Pins(10)=1000.0, Dist=400.0, Win Bonus=1000.0
[2026-05-22 10:15:38] ALL WRONG MOVES BY COLOUR: {}
[2026-05-22 10:15:38] GAME TIME LIMIT REACHED.
[2026-05-22 10:15:38] SCORE The bandits (lawn green): Final=1349.5, Time=90.0, Moves(42)=75.5, Pins(8)=800.0, Dist=384.0, Win Bonus=0.0
[2026-05-22 10:15:38] SCORE jat (gray0): Final=2539.7, Time=64.2, Moves(42)=75.5, Pins(10)=1000.0, Dist=400.0, Win Bonus=1000.0
[2026-05-22 10:15:38] ALL WRONG MOVES BY COLOUR: {}
[2026-05-22 10:15:38] GAME TIME LIMIT REACHED.
[2026-05-22 10:15:38] SCORE The bandits (lawn green): Final=1349.5, Time=90.0, Moves(42)=75.5, Pins(8)=800.0, Dist=384.0, Win Bonus=0.0
[2026-05-22 10:15:38] SCORE jat (gray0): Final=2539.7, Time=64.2, Moves(42)=75.5, Pins(10)=1000.0, Dist=400.0, Win Bonus=1000.0
[2026-05-22 10:15:38] ALL WRONG MOVES BY COLOUR: {}
[2026-05-22 10:15:38] GAME TIME LIMIT REACHED.
[2026-05-22 10:15:39] SCORE The bandits (lawn green): Final=1349.5, Time=90.0, Moves(42)=75.5, Pins(8)=800.0, Dist=384.0, Win Bonus=0.0
[2026-05-22 10:15:39] SCORE jat (gray0): Final=2539.7, Time=64.2, Moves(42)=75.5, Pins(10)=1000.0, Dist=400.0, Win Bonus=1000.0
[2026-05-22 10:15:39] ALL WRONG MOVES BY COLOUR: {}
[2026-05-22 10:15:39] GAME TIME LIMIT REACHED.
[2026-05-22 10:15:39] SCORE The bandits (lawn green): Final=1349.5, Time=90.0, Moves(42)=75.5, Pins(8)=800.0, Dist=384.0, Win Bonus=0.0
[2026-05-22 10:15:39] SCORE jat (gray0): Final=2539.7, Time=64.2, Moves(42)=75.5, Pins(10)=1000.0, Dist=400.0, Win Bonus=1000.0
[2026-05-22 10:15:39] ALL WRONG MOVES BY COLOUR: {}
[2026-05-22 10:15:39] GAME TIME LIMIT REACHED.
[2026-05-22 10:15:39] SCORE The bandits (lawn green): Final=1349.5, Time=90.0, Moves(42)=75.5, Pins(8)=800.0, Dist=384.0, Win Bonus=0.0
[2026-05-22 10:15:39] SCORE jat (gray0): Final=2539.7, Time=64.2, Moves(42)=75.5, Pins(10)=1000.0, Dist=400.0, Win Bonus=1000.0
[2026-05-22 10:15:39] ALL WRONG MOVES BY COLOUR: {}
[2026-05-22 10:15:39] GAME TIME LIMIT REACHED.
[2026-05-22 10:15:39] SCORE The bandits (lawn green): Final=1349.5, Time=90.0, Moves(42)=75.5, Pins(8)=800.0, Dist=384.0, Win Bonus=0.0
[2026-05-22 10:15:39] SCORE jat (gray0): Final=2539.7, Time=64.2, Moves(42)=75.5, Pins(10)=1000.0, Dist=400.0, Win Bonus=1000.0
[2026-05-22 10:15:39] ALL WRONG MOVES BY COLOUR: {}
[2026-05-22 10:15:39] GAME TIME LIMIT REACHED.
[2026-05-22 10:15:40] SCORE The bandits (lawn green): Final=1349.5, Time=90.0, Moves(42)=75.5, Pins(8)=800.0, Dist=384.0, Win Bonus=0.0
[2026-05-22 10:15:40] SCORE jat (gray0): Final=2539.7, Time=64.2, Moves(42)=75.5, Pins(10)=1000.0, Dist=400.0, Win Bonus=1000.0
[2026-05-22 10:15:40] ALL WRONG MOVES BY COLOUR: {}
[2026-05-22 10:15:40] GAME TIME LIMIT REACHED.
[2026-05-22 10:15:40] SCORE The bandits (lawn green): Final=1349.5, Time=90.0, Moves(42)=75.5, Pins(8)=800.0, Dist=384.0, Win Bonus=0.0
[2026-05-22 10:15:40] SCORE jat (gray0): Final=2539.7, Time=64.2, Moves(42)=75.5, Pins(10)=1000.0, Dist=400.0, Win Bonus=1000.0
[2026-05-22 10:15:40] ALL WRONG MOVES BY COLOUR: {}
[2026-05-22 10:15:40] GAME TIME LIMIT REACHED.
[2026-05-22 10:15:40] SCORE The bandits (lawn green): Final=1349.5, Time=90.0, Moves(42)=75.5, Pins(8)=800.0, Dist=384.0, Win Bonus=0.0
[2026-05-22 10:15:40] SCORE jat (gray0): Final=2539.7, Time=64.2, Moves(42)=75.5, Pins(10)=1000.0, Dist=400.0, Win Bonus=1000.0
[2026-05-22 10:15:40] ALL WRONG MOVES BY COLOUR: {}
[2026-05-22 10:15:40] GAME TIME LIMIT REACHED.
[2026-05-22 10:15:40] SCORE The bandits (lawn green): Final=1349.5, Time=90.0, Moves(42)=75.5, Pins(8)=800.0, Dist=384.0, Win Bonus=0.0
[2026-05-22 10:15:40] SCORE jat (gray0): Final=2539.7, Time=64.2, Moves(42)=75.5, Pins(10)=1000.0, Dist=400.0, Win Bonus=1000.0
[2026-05-22 10:15:40] ALL WRONG MOVES BY COLOUR: {}
[2026-05-22 10:15:40] GAME TIME LIMIT REACHED.
[2026-05-22 10:15:41] SCORE The bandits (lawn green): Final=1349.5, Time=90.0, Moves(42)=75.5, Pins(8)=800.0, Dist=384.0, Win Bonus=0.0
[2026-05-22 10:15:41] SCORE jat (gray0): Final=2539.7, Time=64.2, Moves(42)=75.5, Pins(10)=1000.0, Dist=400.0, Win Bonus=1000.0
[2026-05-22 10:15:41] ALL WRONG MOVES BY COLOUR: {}
[2026-05-22 10:15:41] GAME TIME LIMIT REACHED.
[2026-05-22 10:15:41] SCORE The bandits (lawn green): Final=1349.5, Time=90.0, Moves(42)=75.5, Pins(8)=800.0, Dist=384.0, Win Bonus=0.0
[2026-05-22 10:15:41] SCORE jat (gray0): Final=2539.7, Time=64.2, Moves(42)=75.5, Pins(10)=1000.0, Dist=400.0, Win Bonus=1000.0
[2026-05-22 10:15:41] ALL WRONG MOVES BY COLOUR: {}
[2026-05-22 10:15:41] GAME TIME LIMIT REACHED.
[2026-05-22 10:15:41] SCORE The bandits (lawn green): Final=1349.5, Time=90.0, Moves(42)=75.5, Pins(8)=800.0, Dist=384.0, Win Bonus=0.0
[2026-05-22 10:15:41] SCORE jat (gray0): Final=2539.7, Time=64.2, Moves(42)=75.5, Pins(10)=1000.0, Dist=400.0, Win Bonus=1000.0
[2026-05-22 10:15:41] ALL WRONG MOVES BY COLOUR: {}
[2026-05-22 10:15:41] GAME TIME LIMIT REACHED.
[2026-05-22 10:15:41] SCORE The bandits (lawn green): Final=1349.5, Time=90.0, Moves(42)=75.5, Pins(8)=800.0, Dist=384.0, Win Bonus=0.0
[2026-05-22 10:15:41] SCORE jat (gray0): Final=2539.7, Time=64.2, Moves(42)=75.5, Pins(10)=1000.0, Dist=400.0, Win Bonus=1000.0
[2026-05-22 10:15:41] ALL WRONG MOVES BY COLOUR: {}
[2026-05-22 10:15:41] GAME TIME LIMIT REACHED.
[2026-05-22 10:15:42] SCORE The bandits (lawn green): Final=1349.5, Time=90.0, Moves(42)=75.5, Pins(8)=800.0, Dist=384.0, Win Bonus=0.0
[2026-05-22 10:15:42] SCORE jat (gray0): Final=2539.7, Time=64.2, Moves(42)=75.5, Pins(10)=1000.0, Dist=400.0, Win Bonus=1000.0
[2026-05-22 10:15:42] ALL WRONG MOVES BY COLOUR: {}
[2026-05-22 10:15:42] GAME TIME LIMIT REACHED.
[2026-05-22 10:15:42] SCORE The bandits (lawn green): Final=1349.5, Time=90.0, Moves(42)=75.5, Pins(8)=800.0, Dist=384.0, Win Bonus=0.0
[2026-05-22 10:15:42] SCORE jat (gray0): Final=2539.7, Time=64.2, Moves(42)=75.5, Pins(10)=1000.0, Dist=400.0, Win Bonus=1000.0
[2026-05-22 10:15:42] ALL WRONG MOVES BY COLOUR: {}
[2026-05-22 10:15:42] GAME TIME LIMIT REACHED.
[2026-05-22 10:15:42] SCORE The bandits (lawn green): Final=1349.5, Time=90.0, Moves(42)=75.5, Pins(8)=800.0, Dist=384.0, Win Bonus=0.0
[2026-05-22 10:15:42] SCORE jat (gray0): Final=2539.7, Time=64.2, Moves(42)=75.5, Pins(10)=1000.0, Dist=400.0, Win Bonus=1000.0
[2026-05-22 10:15:42] ALL WRONG MOVES BY COLOUR: {}
[2026-05-22 10:15:42] GAME TIME LIMIT REACHED.
[2026-05-22 10:15:42] SCORE The bandits (lawn green): Final=1349.5, Time=90.0, Moves(42)=75.5, Pins(8)=800.0, Dist=384.0, Win Bonus=0.0
[2026-05-22 10:15:42] SCORE jat (gray0): Final=2539.7, Time=64.2, Moves(42)=75.5, Pins(10)=1000.0, Dist=400.0, Win Bonus=1000.0
[2026-05-22 10:15:42] ALL WRONG MOVES BY COLOUR: {}
[2026-05-22 10:15:42] GAME TIME LIMIT REACHED.
[2026-05-22 10:15:43] SCORE The bandits (lawn green): Final=1349.5, Time=90.0, Moves(42)=75.5, Pins(8)=800.0, Dist=384.0, Win Bonus=0.0
[2026-05-22 10:15:43] SCORE jat (gray0): Final=2539.7, Time=64.2, Moves(42)=75.5, Pins(10)=1000.0, Dist=400.0, Win Bonus=1000.0
[2026-05-22 10:15:43] ALL WRONG MOVES BY COLOUR: {}
[2026-05-22 10:15:43] GAME TIME LIMIT REACHED.
[2026-05-22 10:15:43] SCORE The bandits (lawn green): Final=1349.5, Time=90.0, Moves(42)=75.5, Pins(8)=800.0, Dist=384.0, Win Bonus=0.0
[2026-05-22 10:15:43] SCORE jat (gray0): Final=2539.7, Time=64.2, Moves(42)=75.5, Pins(10)=1000.0, Dist=400.0, Win Bonus=1000.0
[2026-05-22 10:15:43] ALL WRONG MOVES BY COLOUR: {}
[2026-05-22 10:15:43] GAME TIME LIMIT REACHED.
[2026-05-22 10:15:43] SCORE The bandits (lawn green): Final=1349.5, Time=90.0, Moves(42)=75.5, Pins(8)=800.0, Dist=384.0, Win Bonus=0.0
[2026-05-22 10:15:43] SCORE jat (gray0): Final=2539.7, Time=64.2, Moves(42)=75.5, Pins(10)=1000.0, Dist=400.0, Win Bonus=1000.0
[2026-05-22 10:15:43] ALL WRONG MOVES BY COLOUR: {}
[2026-05-22 10:15:43] GAME TIME LIMIT REACHED.
[2026-05-22 10:15:43] SCORE The bandits (lawn green): Final=1349.5, Time=90.0, Moves(42)=75.5, Pins(8)=800.0, Dist=384.0, Win Bonus=0.0
[2026-05-22 10:15:43] SCORE jat (gray0): Final=2539.7, Time=64.2, Moves(42)=75.5, Pins(10)=1000.0, Dist=400.0, Win Bonus=1000.0
[2026-05-22 10:15:43] ALL WRONG MOVES BY COLOUR: {}
[2026-05-22 10:15:43] GAME TIME LIMIT REACHED.
[2026-05-22 10:15:44] SCORE The bandits (lawn green): Final=1349.5, Time=90.0, Moves(42)=75.5, Pins(8)=800.0, Dist=384.0, Win Bonus=0.0
[2026-05-22 10:15:44] SCORE jat (gray0): Final=2539.7, Time=64.2, Moves(42)=75.5, Pins(10)=1000.0, Dist=400.0, Win Bonus=1000.0
[2026-05-22 10:15:44] ALL WRONG MOVES BY COLOUR: {}
[2026-05-22 10:15:44] GAME TIME LIMIT REACHED.
[2026-05-22 10:15:44] SCORE The bandits (lawn green): Final=1349.5, Time=90.0, Moves(42)=75.5, Pins(8)=800.0, Dist=384.0, Win Bonus=0.0
[2026-05-22 10:15:44] SCORE jat (gray0): Final=2539.7, Time=64.2, Moves(42)=75.5, Pins(10)=1000.0, Dist=400.0, Win Bonus=1000.0
[2026-05-22 10:15:44] ALL WRONG MOVES BY COLOUR: {}
[2026-05-22 10:15:44] GAME TIME LIMIT REACHED.
[2026-05-22 10:15:44] SCORE The bandits (lawn green): Final=1349.5, Time=90.0, Moves(42)=75.5, Pins(8)=800.0, Dist=384.0, Win Bonus=0.0
[2026-05-22 10:15:44] SCORE jat (gray0): Final=2539.7, Time=64.2, Moves(42)=75.5, Pins(10)=1000.0, Dist=400.0, Win Bonus=1000.0
[2026-05-22 10:15:44] ALL WRONG MOVES BY COLOUR: {}
[2026-05-22 10:15:44] GAME TIME LIMIT REACHED.
[2026-05-22 10:15:44] SCORE The bandits (lawn green): Final=1349.5, Time=90.0, Moves(42)=75.5, Pins(8)=800.0, Dist=384.0, Win Bonus=0.0
[2026-05-22 10:15:44] SCORE jat (gray0): Final=2539.7, Time=64.2, Moves(42)=75.5, Pins(10)=1000.0, Dist=400.0, Win Bonus=1000.0
[2026-05-22 10:15:44] ALL WRONG MOVES BY COLOUR: {}
[2026-05-22 10:15:44] GAME TIME LIMIT REACHED.
[2026-05-22 10:15:45] SCORE The bandits (lawn green): Final=1349.5, Time=90.0, Moves(42)=75.5, Pins(8)=800.0, Dist=384.0, Win Bonus=0.0
[2026-05-22 10:15:45] SCORE jat (gray0): Final=2539.7, Time=64.2, Moves(42)=75.5, Pins(10)=1000.0, Dist=400.0, Win Bonus=1000.0
[2026-05-22 10:15:45] ALL WRONG MOVES BY COLOUR: {}
[2026-05-22 10:15:45] GAME TIME LIMIT REACHED.
[2026-05-22 10:15:45] SCORE The bandits (lawn green): Final=1349.5, Time=90.0, Moves(42)=75.5, Pins(8)=800.0, Dist=384.0, Win Bonus=0.0
[2026-05-22 10:15:45] SCORE jat (gray0): Final=2539.7, Time=64.2, Moves(42)=75.5, Pins(10)=1000.0, Dist=400.0, Win Bonus=1000.0
[2026-05-22 10:15:45] ALL WRONG MOVES BY COLOUR: {}
[2026-05-22 10:15:45] GAME TIME LIMIT REACHED.
[2026-05-22 10:15:45] SCORE The bandits (lawn green): Final=1349.5, Time=90.0, Moves(42)=75.5, Pins(8)=800.0, Dist=384.0, Win Bonus=0.0
[2026-05-22 10:15:45] SCORE jat (gray0): Final=2539.7, Time=64.2, Moves(42)=75.5, Pins(10)=1000.0, Dist=400.0, Win Bonus=1000.0
[2026-05-22 10:15:45] ALL WRONG MOVES BY COLOUR: {}
[2026-05-22 10:15:45] GAME TIME LIMIT REACHED.
[2026-05-22 10:15:45] SCORE The bandits (lawn green): Final=1349.5, Time=90.0, Moves(42)=75.5, Pins(8)=800.0, Dist=384.0, Win Bonus=0.0
[2026-05-22 10:15:45] SCORE jat (gray0): Final=2539.7, Time=64.2, Moves(42)=75.5, Pins(10)=1000.0, Dist=400.0, Win Bonus=1000.0
[2026-05-22 10:15:45] ALL WRONG MOVES BY COLOUR: {}
[2026-05-22 10:15:45] GAME TIME LIMIT REACHED.
[2026-05-22 10:15:45] SCORE The bandits (lawn green): Final=1349.5, Time=90.0, Moves(42)=75.5, Pins(8)=800.0, Dist=384.0, Win Bonus=0.0
[2026-05-22 10:15:45] SCORE jat (gray0): Final=2539.7, Time=64.2, Moves(42)=75.5, Pins(10)=1000.0, Dist=400.0, Win Bonus=1000.0
[2026-05-22 10:15:45] ALL WRONG MOVES BY COLOUR: {}
[2026-05-22 10:15:45] GAME TIME LIMIT REACHED.
[2026-05-22 10:15:46] SCORE The bandits (lawn green): Final=1349.5, Time=90.0, Moves(42)=75.5, Pins(8)=800.0, Dist=384.0, Win Bonus=0.0
[2026-05-22 10:15:46] SCORE jat (gray0): Final=2539.7, Time=64.2, Moves(42)=75.5, Pins(10)=1000.0, Dist=400.0, Win Bonus=1000.0
[2026-05-22 10:15:46] ALL WRONG MOVES BY COLOUR: {}
[2026-05-22 10:15:46] GAME TIME LIMIT REACHED.
[2026-05-22 10:15:46] SCORE The bandits (lawn green): Final=1349.5, Time=90.0, Moves(42)=75.5, Pins(8)=800.0, Dist=384.0, Win Bonus=0.0
[2026-05-22 10:15:46] SCORE jat (gray0): Final=2539.7, Time=64.2, Moves(42)=75.5, Pins(10)=1000.0, Dist=400.0, Win Bonus=1000.0
[2026-05-22 10:15:46] ALL WRONG MOVES BY COLOUR: {}
[2026-05-22 10:15:46] GAME TIME LIMIT REACHED.
[2026-05-22 10:15:46] SCORE The bandits (lawn green): Final=1349.5, Time=90.0, Moves(42)=75.5, Pins(8)=800.0, Dist=384.0, Win Bonus=0.0
[2026-05-22 10:15:46] SCORE jat (gray0): Final=2539.7, Time=64.2, Moves(42)=75.5, Pins(10)=1000.0, Dist=400.0, Win Bonus=1000.0
[2026-05-22 10:15:46] ALL WRONG MOVES BY COLOUR: {}
[2026-05-22 10:15:46] GAME TIME LIMIT REACHED.
[2026-05-22 10:15:46] SCORE The bandits (lawn green): Final=1349.5, Time=90.0, Moves(42)=75.5, Pins(8)=800.0, Dist=384.0, Win Bonus=0.0
[2026-05-22 10:15:46] SCORE jat (gray0): Final=2539.7, Time=64.2, Moves(42)=75.5, Pins(10)=1000.0, Dist=400.0, Win Bonus=1000.0
[2026-05-22 10:15:46] ALL WRONG MOVES BY COLOUR: {}
[2026-05-22 10:15:46] GAME TIME LIMIT REACHED.
[2026-05-22 10:15:47] SCORE The bandits (lawn green): Final=1349.5, Time=90.0, Moves(42)=75.5, Pins(8)=800.0, Dist=384.0, Win Bonus=0.0
[2026-05-22 10:15:47] SCORE jat (gray0): Final=2539.7, Time=64.2, Moves(42)=75.5, Pins(10)=1000.0, Dist=400.0, Win Bonus=1000.0
[2026-05-22 10:15:47] ALL WRONG MOVES BY COLOUR: {}
[2026-05-22 10:15:47] GAME TIME LIMIT REACHED.
[2026-05-22 10:15:47] SCORE The bandits (lawn green): Final=1349.5, Time=90.0, Moves(42)=75.5, Pins(8)=800.0, Dist=384.0, Win Bonus=0.0
[2026-05-22 10:15:47] SCORE jat (gray0): Final=2539.7, Time=64.2, Moves(42)=75.5, Pins(10)=1000.0, Dist=400.0, Win Bonus=1000.0
[2026-05-22 10:15:47] ALL WRONG MOVES BY COLOUR: {}
[2026-05-22 10:15:47] GAME TIME LIMIT REACHED.
[2026-05-22 10:15:47] SCORE The bandits (lawn green): Final=1349.5, Time=90.0, Moves(42)=75.5, Pins(8)=800.0, Dist=384.0, Win Bonus=0.0
[2026-05-22 10:15:47] SCORE jat (gray0): Final=2539.7, Time=64.2, Moves(42)=75.5, Pins(10)=1000.0, Dist=400.0, Win Bonus=1000.0
[2026-05-22 10:15:47] ALL WRONG MOVES BY COLOUR: {}
[2026-05-22 10:15:47] GAME TIME LIMIT REACHED.
[2026-05-22 10:15:47] SCORE The bandits (lawn green): Final=1349.5, Time=90.0, Moves(42)=75.5, Pins(8)=800.0, Dist=384.0, Win Bonus=0.0
[2026-05-22 10:15:47] SCORE jat (gray0): Final=2539.7, Time=64.2, Moves(42)=75.5, Pins(10)=1000.0, Dist=400.0, Win Bonus=1000.0
[2026-05-22 10:15:47] ALL WRONG MOVES BY COLOUR: {}
[2026-05-22 10:15:47] GAME TIME LIMIT REACHED.
[2026-05-22 10:15:48] SCORE The bandits (lawn green): Final=1349.5, Time=90.0, Moves(42)=75.5, Pins(8)=800.0, Dist=384.0, Win Bonus=0.0
[2026-05-22 10:15:48] SCORE jat (gray0): Final=2539.7, Time=64.2, Moves(42)=75.5, Pins(10)=1000.0, Dist=400.0, Win Bonus=1000.0
[2026-05-22 10:15:48] ALL WRONG MOVES BY COLOUR: {}
[2026-05-22 10:15:48] GAME TIME LIMIT REACHED.
[2026-05-22 10:15:48] SCORE The bandits (lawn green): Final=1349.5, Time=90.0, Moves(42)=75.5, Pins(8)=800.0, Dist=384.0, Win Bonus=0.0
[2026-05-22 10:15:48] SCORE jat (gray0): Final=2539.7, Time=64.2, Moves(42)=75.5, Pins(10)=1000.0, Dist=400.0, Win Bonus=1000.0
[2026-05-22 10:15:48] ALL WRONG MOVES BY COLOUR: {}
[2026-05-22 10:15:48] GAME TIME LIMIT REACHED.
[2026-05-22 10:15:48] SCORE The bandits (lawn green): Final=1349.5, Time=90.0, Moves(42)=75.5, Pins(8)=800.0, Dist=384.0, Win Bonus=0.0
[2026-05-22 10:15:48] SCORE jat (gray0): Final=2539.7, Time=64.2, Moves(42)=75.5, Pins(10)=1000.0, Dist=400.0, Win Bonus=1000.0
[2026-05-22 10:15:48] ALL WRONG MOVES BY COLOUR: {}
[2026-05-22 10:15:48] GAME TIME LIMIT REACHED.
[2026-05-22 10:15:48] SCORE The bandits (lawn green): Final=1349.5, Time=90.0, Moves(42)=75.5, Pins(8)=800.0, Dist=384.0, Win Bonus=0.0
[2026-05-22 10:15:48] SCORE jat (gray0): Final=2539.7, Time=64.2, Moves(42)=75.5, Pins(10)=1000.0, Dist=400.0, Win Bonus=1000.0
[2026-05-22 10:15:48] ALL WRONG MOVES BY COLOUR: {}
[2026-05-22 10:15:48] GAME TIME LIMIT REACHED.
[2026-05-22 10:15:49] SCORE The bandits (lawn green): Final=1349.5, Time=90.0, Moves(42)=75.5, Pins(8)=800.0, Dist=384.0, Win Bonus=0.0
[2026-05-22 10:15:49] SCORE jat (gray0): Final=2539.7, Time=64.2, Moves(42)=75.5, Pins(10)=1000.0, Dist=400.0, Win Bonus=1000.0
[2026-05-22 10:15:49] ALL WRONG MOVES BY COLOUR: {}
[2026-05-22 10:15:49] GAME TIME LIMIT REACHED.
[2026-05-22 10:15:49] SCORE The bandits (lawn green): Final=1349.5, Time=90.0, Moves(42)=75.5, Pins(8)=800.0, Dist=384.0, Win Bonus=0.0
[2026-05-22 10:15:49] SCORE jat (gray0): Final=2539.7, Time=64.2, Moves(42)=75.5, Pins(10)=1000.0, Dist=400.0, Win Bonus=1000.0
[2026-05-22 10:15:49] ALL WRONG MOVES BY COLOUR: {}
[2026-05-22 10:15:49] GAME TIME LIMIT REACHED.
[2026-05-22 10:15:49] SCORE The bandits (lawn green): Final=1349.5, Time=90.0, Moves(42)=75.5, Pins(8)=800.0, Dist=384.0, Win Bonus=0.0
[2026-05-22 10:15:49] SCORE jat (gray0): Final=2539.7, Time=64.2, Moves(42)=75.5, Pins(10)=1000.0, Dist=400.0, Win Bonus=1000.0
[2026-05-22 10:15:49] ALL WRONG MOVES BY COLOUR: {}
[2026-05-22 10:15:49] GAME TIME LIMIT REACHED.
[2026-05-22 10:15:49] SCORE The bandits (lawn green): Final=1349.5, Time=90.0, Moves(42)=75.5, Pins(8)=800.0, Dist=384.0, Win Bonus=0.0
[2026-05-22 10:15:49] SCORE jat (gray0): Final=2539.7, Time=64.2, Moves(42)=75.5, Pins(10)=1000.0, Dist=400.0, Win Bonus=1000.0
[2026-05-22 10:15:49] ALL WRONG MOVES BY COLOUR: {}
[2026-05-22 10:15:49] GAME TIME LIMIT REACHED.
[2026-05-22 10:15:50] SCORE The bandits (lawn green): Final=1349.5, Time=90.0, Moves(42)=75.5, Pins(8)=800.0, Dist=384.0, Win Bonus=0.0
[2026-05-22 10:15:50] SCORE jat (gray0): Final=2539.7, Time=64.2, Moves(42)=75.5, Pins(10)=1000.0, Dist=400.0, Win Bonus=1000.0
[2026-05-22 10:15:50] ALL WRONG MOVES BY COLOUR: {}
[2026-05-22 10:15:50] GAME TIME LIMIT REACHED.
[2026-05-22 10:15:50] SCORE The bandits (lawn green): Final=1349.5, Time=90.0, Moves(42)=75.5, Pins(8)=800.0, Dist=384.0, Win Bonus=0.0
[2026-05-22 10:15:50] SCORE jat (gray0): Final=2539.7, Time=64.2, Moves(42)=75.5, Pins(10)=1000.0, Dist=400.0, Win Bonus=1000.0
[2026-05-22 10:15:50] ALL WRONG MOVES BY COLOUR: {}
[2026-05-22 10:15:50] GAME TIME LIMIT REACHED.
[2026-05-22 10:15:50] SCORE The bandits (lawn green): Final=1349.5, Time=90.0, Moves(42)=75.5, Pins(8)=800.0, Dist=384.0, Win Bonus=0.0
[2026-05-22 10:15:50] SCORE jat (gray0): Final=2539.7, Time=64.2, Moves(42)=75.5, Pins(10)=1000.0, Dist=400.0, Win Bonus=1000.0
[2026-05-22 10:15:50] ALL WRONG MOVES BY COLOUR: {}
[2026-05-22 10:15:50] GAME TIME LIMIT REACHED.
[2026-05-22 10:15:50] SCORE The bandits (lawn green): Final=1349.5, Time=90.0, Moves(42)=75.5, Pins(8)=800.0, Dist=384.0, Win Bonus=0.0
[2026-05-22 10:15:50] SCORE jat (gray0): Final=2539.7, Time=64.2, Moves(42)=75.5, Pins(10)=1000.0, Dist=400.0, Win Bonus=1000.0
[2026-05-22 10:15:50] ALL WRONG MOVES BY COLOUR: {}
[2026-05-22 10:15:50] GAME TIME LIMIT REACHED.
[2026-05-22 10:15:51] SCORE The bandits (lawn green): Final=1349.5, Time=90.0, Moves(42)=75.5, Pins(8)=800.0, Dist=384.0, Win Bonus=0.0
[2026-05-22 10:15:51] SCORE jat (gray0): Final=2539.7, Time=64.2, Moves(42)=75.5, Pins(10)=1000.0, Dist=400.0, Win Bonus=1000.0
[2026-05-22 10:15:51] ALL WRONG MOVES BY COLOUR: {}
[2026-05-22 10:15:51] GAME TIME LIMIT REACHED.
[2026-05-22 10:15:51] SCORE The bandits (lawn green): Final=1349.5, Time=90.0, Moves(42)=75.5, Pins(8)=800.0, Dist=384.0, Win Bonus=0.0
[2026-05-22 10:15:51] SCORE jat (gray0): Final=2539.7, Time=64.2, Moves(42)=75.5, Pins(10)=1000.0, Dist=400.0, Win Bonus=1000.0
[2026-05-22 10:15:51] ALL WRONG MOVES BY COLOUR: {}
[2026-05-22 10:15:51] GAME TIME LIMIT REACHED.
[2026-05-22 10:15:51] SCORE The bandits (lawn green): Final=1349.5, Time=90.0, Moves(42)=75.5, Pins(8)=800.0, Dist=384.0, Win Bonus=0.0
[2026-05-22 10:15:51] SCORE jat (gray0): Final=2539.7, Time=64.2, Moves(42)=75.5, Pins(10)=1000.0, Dist=400.0, Win Bonus=1000.0
[2026-05-22 10:15:51] ALL WRONG MOVES BY COLOUR: {}
[2026-05-22 10:15:51] GAME TIME LIMIT REACHED.
[2026-05-22 10:15:51] SCORE The bandits (lawn green): Final=1349.5, Time=90.0, Moves(42)=75.5, Pins(8)=800.0, Dist=384.0, Win Bonus=0.0
[2026-05-22 10:15:51] SCORE jat (gray0): Final=2539.7, Time=64.2, Moves(42)=75.5, Pins(10)=1000.0, Dist=400.0, Win Bonus=1000.0
[2026-05-22 10:15:51] ALL WRONG MOVES BY COLOUR: {}
[2026-05-22 10:15:51] GAME TIME LIMIT REACHED.
[2026-05-22 10:15:52] SCORE The bandits (lawn green): Final=1349.5, Time=90.0, Moves(42)=75.5, Pins(8)=800.0, Dist=384.0, Win Bonus=0.0
[2026-05-22 10:15:52] SCORE jat (gray0): Final=2539.7, Time=64.2, Moves(42)=75.5, Pins(10)=1000.0, Dist=400.0, Win Bonus=1000.0
[2026-05-22 10:15:52] ALL WRONG MOVES BY COLOUR: {}
[2026-05-22 10:15:52] GAME TIME LIMIT REACHED.
[2026-05-22 10:15:52] SCORE The bandits (lawn green): Final=1349.5, Time=90.0, Moves(42)=75.5, Pins(8)=800.0, Dist=384.0, Win Bonus=0.0
[2026-05-22 10:15:52] SCORE jat (gray0): Final=2539.7, Time=64.2, Moves(42)=75.5, Pins(10)=1000.0, Dist=400.0, Win Bonus=1000.0
[2026-05-22 10:15:52] ALL WRONG MOVES BY COLOUR: {}
[2026-05-22 10:15:52] GAME TIME LIMIT REACHED.
[2026-05-22 10:15:52] SCORE The bandits (lawn green): Final=1349.5, Time=90.0, Moves(42)=75.5, Pins(8)=800.0, Dist=384.0, Win Bonus=0.0
[2026-05-22 10:15:52] SCORE jat (gray0): Final=2539.7, Time=64.2, Moves(42)=75.5, Pins(10)=1000.0, Dist=400.0, Win Bonus=1000.0
[2026-05-22 10:15:52] ALL WRONG MOVES BY COLOUR: {}
[2026-05-22 10:15:52] GAME TIME LIMIT REACHED.
[2026-05-22 10:15:52] SCORE The bandits (lawn green): Final=1349.5, Time=90.0, Moves(42)=75.5, Pins(8)=800.0, Dist=384.0, Win Bonus=0.0
[2026-05-22 10:15:52] SCORE jat (gray0): Final=2539.7, Time=64.2, Moves(42)=75.5, Pins(10)=1000.0, Dist=400.0, Win Bonus=1000.0
[2026-05-22 10:15:52] ALL WRONG MOVES BY COLOUR: {}
[2026-05-22 10:15:52] GAME TIME LIMIT REACHED.
[2026-05-22 10:15:53] SCORE The bandits (lawn green): Final=1349.5, Time=90.0, Moves(42)=75.5, Pins(8)=800.0, Dist=384.0, Win Bonus=0.0
[2026-05-22 10:15:53] SCORE jat (gray0): Final=2539.7, Time=64.2, Moves(42)=75.5, Pins(10)=1000.0, Dist=400.0, Win Bonus=1000.0
[2026-05-22 10:15:53] ALL WRONG MOVES BY COLOUR: {}
[2026-05-22 10:15:53] GAME TIME LIMIT REACHED.
[2026-05-22 10:15:53] SCORE The bandits (lawn green): Final=1349.5, Time=90.0, Moves(42)=75.5, Pins(8)=800.0, Dist=384.0, Win Bonus=0.0
[2026-05-22 10:15:53] SCORE jat (gray0): Final=2539.7, Time=64.2, Moves(42)=75.5, Pins(10)=1000.0, Dist=400.0, Win Bonus=1000.0
[2026-05-22 10:15:53] ALL WRONG MOVES BY COLOUR: {}
[2026-05-22 10:15:53] GAME TIME LIMIT REACHED.
[2026-05-22 10:15:53] SCORE The bandits (lawn green): Final=1349.5, Time=90.0, Moves(42)=75.5, Pins(8)=800.0, Dist=384.0, Win Bonus=0.0
[2026-05-22 10:15:53] SCORE jat (gray0): Final=2539.7, Time=64.2, Moves(42)=75.5, Pins(10)=1000.0, Dist=400.0, Win Bonus=1000.0
[2026-05-22 10:15:53] ALL WRONG MOVES BY COLOUR: {}
[2026-05-22 10:15:53] GAME TIME LIMIT REACHED.
[2026-05-22 10:15:53] SCORE The bandits (lawn green): Final=1349.5, Time=90.0, Moves(42)=75.5, Pins(8)=800.0, Dist=384.0, Win Bonus=0.0
[2026-05-22 10:15:53] SCORE jat (gray0): Final=2539.7, Time=64.2, Moves(42)=75.5, Pins(10)=1000.0, Dist=400.0, Win Bonus=1000.0
[2026-05-22 10:15:53] ALL WRONG MOVES BY COLOUR: {}
[2026-05-22 10:15:53] GAME TIME LIMIT REACHED.
[2026-05-22 10:15:54] SCORE The bandits (lawn green): Final=1349.5, Time=90.0, Moves(42)=75.5, Pins(8)=800.0, Dist=384.0, Win Bonus=0.0
[2026-05-22 10:15:54] SCORE jat (gray0): Final=2539.7, Time=64.2, Moves(42)=75.5, Pins(10)=1000.0, Dist=400.0, Win Bonus=1000.0
[2026-05-22 10:15:54] ALL WRONG MOVES BY COLOUR: {}
[2026-05-22 10:15:54] GAME TIME LIMIT REACHED.
[2026-05-22 10:15:54] SCORE The bandits (lawn green): Final=1349.5, Time=90.0, Moves(42)=75.5, Pins(8)=800.0, Dist=384.0, Win Bonus=0.0
[2026-05-22 10:15:54] SCORE jat (gray0): Final=2539.7, Time=64.2, Moves(42)=75.5, Pins(10)=1000.0, Dist=400.0, Win Bonus=1000.0
[2026-05-22 10:15:54] ALL WRONG MOVES BY COLOUR: {}
[2026-05-22 10:15:54] GAME TIME LIMIT REACHED.
[2026-05-22 10:15:54] SCORE The bandits (lawn green): Final=1349.5, Time=90.0, Moves(42)=75.5, Pins(8)=800.0, Dist=384.0, Win Bonus=0.0
[2026-05-22 10:15:54] SCORE jat (gray0): Final=2539.7, Time=64.2, Moves(42)=75.5, Pins(10)=1000.0, Dist=400.0, Win Bonus=1000.0
[2026-05-22 10:15:54] ALL WRONG MOVES BY COLOUR: {}
[2026-05-22 10:15:54] GAME TIME LIMIT REACHED.
[2026-05-22 10:15:54] SCORE The bandits (lawn green): Final=1349.5, Time=90.0, Moves(42)=75.5, Pins(8)=800.0, Dist=384.0, Win Bonus=0.0
[2026-05-22 10:15:54] SCORE jat (gray0): Final=2539.7, Time=64.2, Moves(42)=75.5, Pins(10)=1000.0, Dist=400.0, Win Bonus=1000.0
[2026-05-22 10:15:54] ALL WRONG MOVES BY COLOUR: {}
[2026-05-22 10:15:54] GAME TIME LIMIT REACHED.
[2026-05-22 10:15:55] SCORE The bandits (lawn green): Final=1349.5, Time=90.0, Moves(42)=75.5, Pins(8)=800.0, Dist=384.0, Win Bonus=0.0
[2026-05-22 10:15:55] SCORE jat (gray0): Final=2539.7, Time=64.2, Moves(42)=75.5, Pins(10)=1000.0, Dist=400.0, Win Bonus=1000.0
[2026-05-22 10:15:55] ALL WRONG MOVES BY COLOUR: {}
[2026-05-22 10:15:55] GAME TIME LIMIT REACHED.
[2026-05-22 10:15:55] SCORE The bandits (lawn green): Final=1349.5, Time=90.0, Moves(42)=75.5, Pins(8)=800.0, Dist=384.0, Win Bonus=0.0
[2026-05-22 10:15:55] SCORE jat (gray0): Final=2539.7, Time=64.2, Moves(42)=75.5, Pins(10)=1000.0, Dist=400.0, Win Bonus=1000.0
[2026-05-22 10:15:55] ALL WRONG MOVES BY COLOUR: {}
[2026-05-22 10:15:55] GAME TIME LIMIT REACHED.
[2026-05-22 10:15:55] SCORE The bandits (lawn green): Final=1349.5, Time=90.0, Moves(42)=75.5, Pins(8)=800.0, Dist=384.0, Win Bonus=0.0
[2026-05-22 10:15:55] SCORE jat (gray0): Final=2539.7, Time=64.2, Moves(42)=75.5, Pins(10)=1000.0, Dist=400.0, Win Bonus=1000.0
[2026-05-22 10:15:55] ALL WRONG MOVES BY COLOUR: {}
[2026-05-22 10:15:55] GAME TIME LIMIT REACHED.
[2026-05-22 10:15:55] SCORE The bandits (lawn green): Final=1349.5, Time=90.0, Moves(42)=75.5, Pins(8)=800.0, Dist=384.0, Win Bonus=0.0
[2026-05-22 10:15:55] SCORE jat (gray0): Final=2539.7, Time=64.2, Moves(42)=75.5, Pins(10)=1000.0, Dist=400.0, Win Bonus=1000.0
[2026-05-22 10:15:55] ALL WRONG MOVES BY COLOUR: {}
[2026-05-22 10:15:55] GAME TIME LIMIT REACHED.
[2026-05-22 10:15:55] SCORE The bandits (lawn green): Final=1349.5, Time=90.0, Moves(42)=75.5, Pins(8)=800.0, Dist=384.0, Win Bonus=0.0
[2026-05-22 10:15:55] SCORE jat (gray0): Final=2539.7, Time=64.2, Moves(42)=75.5, Pins(10)=1000.0, Dist=400.0, Win Bonus=1000.0
[2026-05-22 10:15:55] ALL WRONG MOVES BY COLOUR: {}
[2026-05-22 10:15:56] GAME TIME LIMIT REACHED.
[2026-05-22 10:15:56] SCORE The bandits (lawn green): Final=1349.5, Time=90.0, Moves(42)=75.5, Pins(8)=800.0, Dist=384.0, Win Bonus=0.0
[2026-05-22 10:15:56] SCORE jat (gray0): Final=2539.7, Time=64.2, Moves(42)=75.5, Pins(10)=1000.0, Dist=400.0, Win Bonus=1000.0
[2026-05-22 10:15:56] ALL WRONG MOVES BY COLOUR: {}
[2026-05-22 10:15:56] GAME TIME LIMIT REACHED.
[2026-05-22 10:15:56] SCORE The bandits (lawn green): Final=1349.5, Time=90.0, Moves(42)=75.5, Pins(8)=800.0, Dist=384.0, Win Bonus=0.0
[2026-05-22 10:15:56] SCORE jat (gray0): Final=2539.7, Time=64.2, Moves(42)=75.5, Pins(10)=1000.0, Dist=400.0, Win Bonus=1000.0
[2026-05-22 10:15:56] ALL WRONG MOVES BY COLOUR: {}
[2026-05-22 10:15:56] GAME TIME LIMIT REACHED.
[2026-05-22 10:15:56] SCORE The bandits (lawn green): Final=1349.5, Time=90.0, Moves(42)=75.5, Pins(8)=800.0, Dist=384.0, Win Bonus=0.0
[2026-05-22 10:15:56] SCORE jat (gray0): Final=2539.7, Time=64.2, Moves(42)=75.5, Pins(10)=1000.0, Dist=400.0, Win Bonus=1000.0
[2026-05-22 10:15:56] ALL WRONG MOVES BY COLOUR: {}
[2026-05-22 10:15:56] GAME TIME LIMIT REACHED.
[2026-05-22 10:15:56] SCORE The bandits (lawn green): Final=1349.5, Time=90.0, Moves(42)=75.5, Pins(8)=800.0, Dist=384.0, Win Bonus=0.0
[2026-05-22 10:15:56] SCORE jat (gray0): Final=2539.7, Time=64.2, Moves(42)=75.5, Pins(10)=1000.0, Dist=400.0, Win Bonus=1000.0
[2026-05-22 10:15:56] ALL WRONG MOVES BY COLOUR: {}
[2026-05-22 10:15:56] GAME TIME LIMIT REACHED.
[2026-05-22 10:15:57] SCORE The bandits (lawn green): Final=1349.5, Time=90.0, Moves(42)=75.5, Pins(8)=800.0, Dist=384.0, Win Bonus=0.0
[2026-05-22 10:15:57] SCORE jat (gray0): Final=2539.7, Time=64.2, Moves(42)=75.5, Pins(10)=1000.0, Dist=400.0, Win Bonus=1000.0
[2026-05-22 10:15:57] ALL WRONG MOVES BY COLOUR: {}
[2026-05-22 10:15:57] GAME TIME LIMIT REACHED.
[2026-05-22 10:15:57] SCORE The bandits (lawn green): Final=1349.5, Time=90.0, Moves(42)=75.5, Pins(8)=800.0, Dist=384.0, Win Bonus=0.0
[2026-05-22 10:15:57] SCORE jat (gray0): Final=2539.7, Time=64.2, Moves(42)=75.5, Pins(10)=1000.0, Dist=400.0, Win Bonus=1000.0
[2026-05-22 10:15:57] ALL WRONG MOVES BY COLOUR: {}
[2026-05-22 10:15:57] GAME TIME LIMIT REACHED.
[2026-05-22 10:15:57] SCORE The bandits (lawn green): Final=1349.5, Time=90.0, Moves(42)=75.5, Pins(8)=800.0, Dist=384.0, Win Bonus=0.0
[2026-05-22 10:15:57] SCORE jat (gray0): Final=2539.7, Time=64.2, Moves(42)=75.5, Pins(10)=1000.0, Dist=400.0, Win Bonus=1000.0
[2026-05-22 10:15:57] ALL WRONG MOVES BY COLOUR: {}
[2026-05-22 10:15:57] GAME TIME LIMIT REACHED.
[2026-05-22 10:15:57] SCORE The bandits (lawn green): Final=1349.5, Time=90.0, Moves(42)=75.5, Pins(8)=800.0, Dist=384.0, Win Bonus=0.0
[2026-05-22 10:15:57] SCORE jat (gray0): Final=2539.7, Time=64.2, Moves(42)=75.5, Pins(10)=1000.0, Dist=400.0, Win Bonus=1000.0
[2026-05-22 10:15:57] ALL WRONG MOVES BY COLOUR: {}
[2026-05-22 10:15:57] GAME TIME LIMIT REACHED.
[2026-05-22 10:15:58] SCORE The bandits (lawn green): Final=1349.5, Time=90.0, Moves(42)=75.5, Pins(8)=800.0, Dist=384.0, Win Bonus=0.0
[2026-05-22 10:15:58] SCORE jat (gray0): Final=2539.7, Time=64.2, Moves(42)=75.5, Pins(10)=1000.0, Dist=400.0, Win Bonus=1000.0
[2026-05-22 10:15:58] ALL WRONG MOVES BY COLOUR: {}
[2026-05-22 10:15:58] GAME TIME LIMIT REACHED.
[2026-05-22 10:15:58] SCORE The bandits (lawn green): Final=1349.5, Time=90.0, Moves(42)=75.5, Pins(8)=800.0, Dist=384.0, Win Bonus=0.0
[2026-05-22 10:15:58] SCORE jat (gray0): Final=2539.7, Time=64.2, Moves(42)=75.5, Pins(10)=1000.0, Dist=400.0, Win Bonus=1000.0
[2026-05-22 10:15:58] ALL WRONG MOVES BY COLOUR: {}
[2026-05-22 10:15:58] GAME TIME LIMIT REACHED.
[2026-05-22 10:15:58] SCORE The bandits (lawn green): Final=1349.5, Time=90.0, Moves(42)=75.5, Pins(8)=800.0, Dist=384.0, Win Bonus=0.0
[2026-05-22 10:15:58] SCORE jat (gray0): Final=2539.7, Time=64.2, Moves(42)=75.5, Pins(10)=1000.0, Dist=400.0, Win Bonus=1000.0
[2026-05-22 10:15:58] ALL WRONG MOVES BY COLOUR: {}
[2026-05-22 10:15:58] GAME TIME LIMIT REACHED.
[2026-05-22 10:15:58] SCORE The bandits (lawn green): Final=1349.5, Time=90.0, Moves(42)=75.5, Pins(8)=800.0, Dist=384.0, Win Bonus=0.0
[2026-05-22 10:15:58] SCORE jat (gray0): Final=2539.7, Time=64.2, Moves(42)=75.5, Pins(10)=1000.0, Dist=400.0, Win Bonus=1000.0
[2026-05-22 10:15:58] ALL WRONG MOVES BY COLOUR: {}
[2026-05-22 10:15:58] GAME TIME LIMIT REACHED.
[2026-05-22 10:15:59] SCORE The bandits (lawn green): Final=1349.5, Time=90.0, Moves(42)=75.5, Pins(8)=800.0, Dist=384.0, Win Bonus=0.0
[2026-05-22 10:15:59] SCORE jat (gray0): Final=2539.7, Time=64.2, Moves(42)=75.5, Pins(10)=1000.0, Dist=400.0, Win Bonus=1000.0
[2026-05-22 10:15:59] ALL WRONG MOVES BY COLOUR: {}
[2026-05-22 10:15:59] GAME TIME LIMIT REACHED.
[2026-05-22 10:15:59] SCORE The bandits (lawn green): Final=1349.5, Time=90.0, Moves(42)=75.5, Pins(8)=800.0, Dist=384.0, Win Bonus=0.0
[2026-05-22 10:15:59] SCORE jat (gray0): Final=2539.7, Time=64.2, Moves(42)=75.5, Pins(10)=1000.0, Dist=400.0, Win Bonus=1000.0
[2026-05-22 10:15:59] ALL WRONG MOVES BY COLOUR: {}
[2026-05-22 10:15:59] GAME TIME LIMIT REACHED.
[2026-05-22 10:15:59] SCORE The bandits (lawn green): Final=1349.5, Time=90.0, Moves(42)=75.5, Pins(8)=800.0, Dist=384.0, Win Bonus=0.0
[2026-05-22 10:15:59] SCORE jat (gray0): Final=2539.7, Time=64.2, Moves(42)=75.5, Pins(10)=1000.0, Dist=400.0, Win Bonus=1000.0
[2026-05-22 10:15:59] ALL WRONG MOVES BY COLOUR: {}
[2026-05-22 10:15:59] GAME TIME LIMIT REACHED.
[2026-05-22 10:15:59] SCORE The bandits (lawn green): Final=1349.5, Time=90.0, Moves(42)=75.5, Pins(8)=800.0, Dist=384.0, Win Bonus=0.0
[2026-05-22 10:15:59] SCORE jat (gray0): Final=2539.7, Time=64.2, Moves(42)=75.5, Pins(10)=1000.0, Dist=400.0, Win Bonus=1000.0
[2026-05-22 10:15:59] ALL WRONG MOVES BY COLOUR: {}
[2026-05-22 10:15:59] GAME TIME LIMIT REACHED.
[2026-05-22 10:16:00] SCORE The bandits (lawn green): Final=1349.5, Time=90.0, Moves(42)=75.5, Pins(8)=800.0, Dist=384.0, Win Bonus=0.0
[2026-05-22 10:16:00] SCORE jat (gray0): Final=2539.7, Time=64.2, Moves(42)=75.5, Pins(10)=1000.0, Dist=400.0, Win Bonus=1000.0
[2026-05-22 10:16:00] ALL WRONG MOVES BY COLOUR: {}
[2026-05-22 10:16:00] GAME TIME LIMIT REACHED.
[2026-05-22 10:16:00] SCORE The bandits (lawn green): Final=1349.5, Time=90.0, Moves(42)=75.5, Pins(8)=800.0, Dist=384.0, Win Bonus=0.0
[2026-05-22 10:16:00] SCORE jat (gray0): Final=2539.7, Time=64.2, Moves(42)=75.5, Pins(10)=1000.0, Dist=400.0, Win Bonus=1000.0
[2026-05-22 10:16:00] ALL WRONG MOVES BY COLOUR: {}
[2026-05-22 10:16:00] GAME TIME LIMIT REACHED.
[2026-05-22 10:16:00] SCORE The bandits (lawn green): Final=1349.5, Time=90.0, Moves(42)=75.5, Pins(8)=800.0, Dist=384.0, Win Bonus=0.0
[2026-05-22 10:16:00] SCORE jat (gray0): Final=2539.7, Time=64.2, Moves(42)=75.5, Pins(10)=1000.0, Dist=400.0, Win Bonus=1000.0
[2026-05-22 10:16:00] ALL WRONG MOVES BY COLOUR: {}
[2026-05-22 10:16:00] GAME TIME LIMIT REACHED.
[2026-05-22 10:16:00] SCORE The bandits (lawn green): Final=1349.5, Time=90.0, Moves(42)=75.5, Pins(8)=800.0, Dist=384.0, Win Bonus=0.0
[2026-05-22 10:16:00] SCORE jat (gray0): Final=2539.7, Time=64.2, Moves(42)=75.5, Pins(10)=1000.0, Dist=400.0, Win Bonus=1000.0
[2026-05-22 10:16:00] ALL WRONG MOVES BY COLOUR: {}
[2026-05-22 10:16:00] GAME TIME LIMIT REACHED.
[2026-05-22 10:16:01] SCORE The bandits (lawn green): Final=1349.5, Time=90.0, Moves(42)=75.5, Pins(8)=800.0, Dist=384.0, Win Bonus=0.0
[2026-05-22 10:16:01] SCORE jat (gray0): Final=2539.7, Time=64.2, Moves(42)=75.5, Pins(10)=1000.0, Dist=400.0, Win Bonus=1000.0
[2026-05-22 10:16:01] ALL WRONG MOVES BY COLOUR: {}
[2026-05-22 10:16:01] GAME TIME LIMIT REACHED.
[2026-05-22 10:16:01] SCORE The bandits (lawn green): Final=1349.5, Time=90.0, Moves(42)=75.5, Pins(8)=800.0, Dist=384.0, Win Bonus=0.0
[2026-05-22 10:16:01] SCORE jat (gray0): Final=2539.7, Time=64.2, Moves(42)=75.5, Pins(10)=1000.0, Dist=400.0, Win Bonus=1000.0
[2026-05-22 10:16:01] ALL WRONG MOVES BY COLOUR: {}
[2026-05-22 10:16:01] GAME TIME LIMIT REACHED.
[2026-05-22 10:16:01] SCORE The bandits (lawn green): Final=1349.5, Time=90.0, Moves(42)=75.5, Pins(8)=800.0, Dist=384.0, Win Bonus=0.0
[2026-05-22 10:16:01] SCORE jat (gray0): Final=2539.7, Time=64.2, Moves(42)=75.5, Pins(10)=1000.0, Dist=400.0, Win Bonus=1000.0
[2026-05-22 10:16:01] ALL WRONG MOVES BY COLOUR: {}
[2026-05-22 10:16:01] GAME TIME LIMIT REACHED.
[2026-05-22 10:16:01] SCORE The bandits (lawn green): Final=1349.5, Time=90.0, Moves(42)=75.5, Pins(8)=800.0, Dist=384.0, Win Bonus=0.0
[2026-05-22 10:16:01] SCORE jat (gray0): Final=2539.7, Time=64.2, Moves(42)=75.5, Pins(10)=1000.0, Dist=400.0, Win Bonus=1000.0
[2026-05-22 10:16:01] ALL WRONG MOVES BY COLOUR: {}
[2026-05-22 10:16:01] GAME TIME LIMIT REACHED.
[2026-05-22 10:16:02] SCORE The bandits (lawn green): Final=1349.5, Time=90.0, Moves(42)=75.5, Pins(8)=800.0, Dist=384.0, Win Bonus=0.0
[2026-05-22 10:16:02] SCORE jat (gray0): Final=2539.7, Time=64.2, Moves(42)=75.5, Pins(10)=1000.0, Dist=400.0, Win Bonus=1000.0
[2026-05-22 10:16:02] ALL WRONG MOVES BY COLOUR: {}
[2026-05-22 10:16:02] GAME TIME LIMIT REACHED.
[2026-05-22 10:16:02] SCORE The bandits (lawn green): Final=1349.5, Time=90.0, Moves(42)=75.5, Pins(8)=800.0, Dist=384.0, Win Bonus=0.0
[2026-05-22 10:16:02] SCORE jat (gray0): Final=2539.7, Time=64.2, Moves(42)=75.5, Pins(10)=1000.0, Dist=400.0, Win Bonus=1000.0
[2026-05-22 10:16:02] ALL WRONG MOVES BY COLOUR: {}
[2026-05-22 10:16:02] GAME TIME LIMIT REACHED.
[2026-05-22 10:16:02] SCORE The bandits (lawn green): Final=1349.5, Time=90.0, Moves(42)=75.5, Pins(8)=800.0, Dist=384.0, Win Bonus=0.0
[2026-05-22 10:16:02] SCORE jat (gray0): Final=2539.7, Time=64.2, Moves(42)=75.5, Pins(10)=1000.0, Dist=400.0, Win Bonus=1000.0
[2026-05-22 10:16:02] ALL WRONG MOVES BY COLOUR: {}
[2026-05-22 10:16:02] GAME TIME LIMIT REACHED.
[2026-05-22 10:16:02] SCORE The bandits (lawn green): Final=1349.5, Time=90.0, Moves(42)=75.5, Pins(8)=800.0, Dist=384.0, Win Bonus=0.0
[2026-05-22 10:16:02] SCORE jat (gray0): Final=2539.7, Time=64.2, Moves(42)=75.5, Pins(10)=1000.0, Dist=400.0, Win Bonus=1000.0
[2026-05-22 10:16:02] ALL WRONG MOVES BY COLOUR: {}
[2026-05-22 10:16:02] GAME TIME LIMIT REACHED.
[2026-05-22 10:16:03] SCORE The bandits (lawn green): Final=1349.5, Time=90.0, Moves(42)=75.5, Pins(8)=800.0, Dist=384.0, Win Bonus=0.0
[2026-05-22 10:16:03] SCORE jat (gray0): Final=2539.7, Time=64.2, Moves(42)=75.5, Pins(10)=1000.0, Dist=400.0, Win Bonus=1000.0
[2026-05-22 10:16:03] ALL WRONG MOVES BY COLOUR: {}
[2026-05-22 10:16:03] GAME TIME LIMIT REACHED.
[2026-05-22 10:16:03] SCORE The bandits (lawn green): Final=1349.5, Time=90.0, Moves(42)=75.5, Pins(8)=800.0, Dist=384.0, Win Bonus=0.0
[2026-05-22 10:16:03] SCORE jat (gray0): Final=2539.7, Time=64.2, Moves(42)=75.5, Pins(10)=1000.0, Dist=400.0, Win Bonus=1000.0
[2026-05-22 10:16:03] ALL WRONG MOVES BY COLOUR: {}
[2026-05-22 10:16:03] GAME TIME LIMIT REACHED.
[2026-05-22 10:16:03] SCORE The bandits (lawn green): Final=1349.5, Time=90.0, Moves(42)=75.5, Pins(8)=800.0, Dist=384.0, Win Bonus=0.0
[2026-05-22 10:16:03] SCORE jat (gray0): Final=2539.7, Time=64.2, Moves(42)=75.5, Pins(10)=1000.0, Dist=400.0, Win Bonus=1000.0
[2026-05-22 10:16:03] ALL WRONG MOVES BY COLOUR: {}
[2026-05-22 10:16:03] GAME TIME LIMIT REACHED.
[2026-05-22 10:16:03] SCORE The bandits (lawn green): Final=1349.5, Time=90.0, Moves(42)=75.5, Pins(8)=800.0, Dist=384.0, Win Bonus=0.0
[2026-05-22 10:16:03] SCORE jat (gray0): Final=2539.7, Time=64.2, Moves(42)=75.5, Pins(10)=1000.0, Dist=400.0, Win Bonus=1000.0
[2026-05-22 10:16:03] ALL WRONG MOVES BY COLOUR: {}
[2026-05-22 10:16:03] GAME TIME LIMIT REACHED.
[2026-05-22 10:16:04] SCORE The bandits (lawn green): Final=1349.5, Time=90.0, Moves(42)=75.5, Pins(8)=800.0, Dist=384.0, Win Bonus=0.0
[2026-05-22 10:16:04] SCORE jat (gray0): Final=2539.7, Time=64.2, Moves(42)=75.5, Pins(10)=1000.0, Dist=400.0, Win Bonus=1000.0
[2026-05-22 10:16:04] ALL WRONG MOVES BY COLOUR: {}
[2026-05-22 10:16:04] GAME TIME LIMIT REACHED.
[2026-05-22 10:16:04] SCORE The bandits (lawn green): Final=1349.5, Time=90.0, Moves(42)=75.5, Pins(8)=800.0, Dist=384.0, Win Bonus=0.0
[2026-05-22 10:16:04] SCORE jat (gray0): Final=2539.7, Time=64.2, Moves(42)=75.5, Pins(10)=1000.0, Dist=400.0, Win Bonus=1000.0
[2026-05-22 10:16:04] ALL WRONG MOVES BY COLOUR: {}
[2026-05-22 10:16:04] GAME TIME LIMIT REACHED.
[2026-05-22 10:16:04] SCORE The bandits (lawn green): Final=1349.5, Time=90.0, Moves(42)=75.5, Pins(8)=800.0, Dist=384.0, Win Bonus=0.0
[2026-05-22 10:16:04] SCORE jat (gray0): Final=2539.7, Time=64.2, Moves(42)=75.5, Pins(10)=1000.0, Dist=400.0, Win Bonus=1000.0
[2026-05-22 10:16:04] ALL WRONG MOVES BY COLOUR: {}
[2026-05-22 10:16:04] GAME TIME LIMIT REACHED.
[2026-05-22 10:16:04] SCORE The bandits (lawn green): Final=1349.5, Time=90.0, Moves(42)=75.5, Pins(8)=800.0, Dist=384.0, Win Bonus=0.0
[2026-05-22 10:16:04] SCORE jat (gray0): Final=2539.7, Time=64.2, Moves(42)=75.5, Pins(10)=1000.0, Dist=400.0, Win Bonus=1000.0
[2026-05-22 10:16:04] ALL WRONG MOVES BY COLOUR: {}
[2026-05-22 10:16:04] GAME TIME LIMIT REACHED.
[2026-05-22 10:16:04] SCORE The bandits (lawn green): Final=1349.5, Time=90.0, Moves(42)=75.5, Pins(8)=800.0, Dist=384.0, Win Bonus=0.0
[2026-05-22 10:16:04] SCORE jat (gray0): Final=2539.7, Time=64.2, Moves(42)=75.5, Pins(10)=1000.0, Dist=400.0, Win Bonus=1000.0
[2026-05-22 10:16:04] ALL WRONG MOVES BY COLOUR: {}
[2026-05-22 10:16:04] GAME TIME LIMIT REACHED.
[2026-05-22 10:16:05] SCORE The bandits (lawn green): Final=1349.5, Time=90.0, Moves(42)=75.5, Pins(8)=800.0, Dist=384.0, Win Bonus=0.0
[2026-05-22 10:16:05] SCORE jat (gray0): Final=2539.7, Time=64.2, Moves(42)=75.5, Pins(10)=1000.0, Dist=400.0, Win Bonus=1000.0
[2026-05-22 10:16:05] ALL WRONG MOVES BY COLOUR: {}
[2026-05-22 10:16:05] GAME TIME LIMIT REACHED.
[2026-05-22 10:16:05] SCORE The bandits (lawn green): Final=1349.5, Time=90.0, Moves(42)=75.5, Pins(8)=800.0, Dist=384.0, Win Bonus=0.0
[2026-05-22 10:16:05] SCORE jat (gray0): Final=2539.7, Time=64.2, Moves(42)=75.5, Pins(10)=1000.0, Dist=400.0, Win Bonus=1000.0
[2026-05-22 10:16:05] ALL WRONG MOVES BY COLOUR: {}
[2026-05-22 10:16:05] GAME TIME LIMIT REACHED.
[2026-05-22 10:16:05] SCORE The bandits (lawn green): Final=1349.5, Time=90.0, Moves(42)=75.5, Pins(8)=800.0, Dist=384.0, Win Bonus=0.0
[2026-05-22 10:16:05] SCORE jat (gray0): Final=2539.7, Time=64.2, Moves(42)=75.5, Pins(10)=1000.0, Dist=400.0, Win Bonus=1000.0
[2026-05-22 10:16:05] ALL WRONG MOVES BY COLOUR: {}
[2026-05-22 10:16:05] GAME TIME LIMIT REACHED.
[2026-05-22 10:16:05] SCORE The bandits (lawn green): Final=1349.5, Time=90.0, Moves(42)=75.5, Pins(8)=800.0, Dist=384.0, Win Bonus=0.0
[2026-05-22 10:16:05] SCORE jat (gray0): Final=2539.7, Time=64.2, Moves(42)=75.5, Pins(10)=1000.0, Dist=400.0, Win Bonus=1000.0
[2026-05-22 10:16:05] ALL WRONG MOVES BY COLOUR: {}
[2026-05-22 10:16:05] GAME TIME LIMIT REACHED.
[2026-05-22 10:16:06] SCORE The bandits (lawn green): Final=1349.5, Time=90.0, Moves(42)=75.5, Pins(8)=800.0, Dist=384.0, Win Bonus=0.0
[2026-05-22 10:16:06] SCORE jat (gray0): Final=2539.7, Time=64.2, Moves(42)=75.5, Pins(10)=1000.0, Dist=400.0, Win Bonus=1000.0
[2026-05-22 10:16:06] ALL WRONG MOVES BY COLOUR: {}
[2026-05-22 10:16:06] GAME TIME LIMIT REACHED.
[2026-05-22 10:16:06] SCORE The bandits (lawn green): Final=1349.5, Time=90.0, Moves(42)=75.5, Pins(8)=800.0, Dist=384.0, Win Bonus=0.0
[2026-05-22 10:16:06] SCORE jat (gray0): Final=2539.7, Time=64.2, Moves(42)=75.5, Pins(10)=1000.0, Dist=400.0, Win Bonus=1000.0
[2026-05-22 10:16:06] ALL WRONG MOVES BY COLOUR: {}
[2026-05-22 10:16:06] GAME TIME LIMIT REACHED.
[2026-05-22 10:16:06] SCORE The bandits (lawn green): Final=1349.5, Time=90.0, Moves(42)=75.5, Pins(8)=800.0, Dist=384.0, Win Bonus=0.0
[2026-05-22 10:16:06] SCORE jat (gray0): Final=2539.7, Time=64.2, Moves(42)=75.5, Pins(10)=1000.0, Dist=400.0, Win Bonus=1000.0
[2026-05-22 10:16:06] ALL WRONG MOVES BY COLOUR: {}
[2026-05-22 10:16:06] GAME TIME LIMIT REACHED.
[2026-05-22 10:16:06] SCORE The bandits (lawn green): Final=1349.5, Time=90.0, Moves(42)=75.5, Pins(8)=800.0, Dist=384.0, Win Bonus=0.0
[2026-05-22 10:16:06] SCORE jat (gray0): Final=2539.7, Time=64.2, Moves(42)=75.5, Pins(10)=1000.0, Dist=400.0, Win Bonus=1000.0
[2026-05-22 10:16:06] ALL WRONG MOVES BY COLOUR: {}
[2026-05-22 10:16:06] GAME TIME LIMIT REACHED.
[2026-05-22 10:16:07] SCORE The bandits (lawn green): Final=1349.5, Time=90.0, Moves(42)=75.5, Pins(8)=800.0, Dist=384.0, Win Bonus=0.0
[2026-05-22 10:16:07] SCORE jat (gray0): Final=2539.7, Time=64.2, Moves(42)=75.5, Pins(10)=1000.0, Dist=400.0, Win Bonus=1000.0
[2026-05-22 10:16:07] ALL WRONG MOVES BY COLOUR: {}
[2026-05-22 10:16:07] GAME TIME LIMIT REACHED.
[2026-05-22 10:16:07] SCORE The bandits (lawn green): Final=1349.5, Time=90.0, Moves(42)=75.5, Pins(8)=800.0, Dist=384.0, Win Bonus=0.0
[2026-05-22 10:16:07] SCORE jat (gray0): Final=2539.7, Time=64.2, Moves(42)=75.5, Pins(10)=1000.0, Dist=400.0, Win Bonus=1000.0
[2026-05-22 10:16:07] ALL WRONG MOVES BY COLOUR: {}
[2026-05-22 10:16:07] GAME TIME LIMIT REACHED.
[2026-05-22 10:16:07] SCORE The bandits (lawn green): Final=1349.5, Time=90.0, Moves(42)=75.5, Pins(8)=800.0, Dist=384.0, Win Bonus=0.0
[2026-05-22 10:16:07] SCORE jat (gray0): Final=2539.7, Time=64.2, Moves(42)=75.5, Pins(10)=1000.0, Dist=400.0, Win Bonus=1000.0
[2026-05-22 10:16:07] ALL WRONG MOVES BY COLOUR: {}
[2026-05-22 10:16:07] GAME TIME LIMIT REACHED.
[2026-05-22 10:16:07] SCORE The bandits (lawn green): Final=1349.5, Time=90.0, Moves(42)=75.5, Pins(8)=800.0, Dist=384.0, Win Bonus=0.0
[2026-05-22 10:16:07] SCORE jat (gray0): Final=2539.7, Time=64.2, Moves(42)=75.5, Pins(10)=1000.0, Dist=400.0, Win Bonus=1000.0
[2026-05-22 10:16:07] ALL WRONG MOVES BY COLOUR: {}
[2026-05-22 10:16:07] GAME TIME LIMIT REACHED.
[2026-05-22 10:16:08] SCORE The bandits (lawn green): Final=1349.5, Time=90.0, Moves(42)=75.5, Pins(8)=800.0, Dist=384.0, Win Bonus=0.0
[2026-05-22 10:16:08] SCORE jat (gray0): Final=2539.7, Time=64.2, Moves(42)=75.5, Pins(10)=1000.0, Dist=400.0, Win Bonus=1000.0
[2026-05-22 10:16:08] ALL WRONG MOVES BY COLOUR: {}
[2026-05-22 10:16:08] GAME TIME LIMIT REACHED.
[2026-05-22 10:16:08] SCORE The bandits (lawn green): Final=1349.5, Time=90.0, Moves(42)=75.5, Pins(8)=800.0, Dist=384.0, Win Bonus=0.0
[2026-05-22 10:16:08] SCORE jat (gray0): Final=2539.7, Time=64.2, Moves(42)=75.5, Pins(10)=1000.0, Dist=400.0, Win Bonus=1000.0
[2026-05-22 10:16:08] ALL WRONG MOVES BY COLOUR: {}
[2026-05-22 10:16:08] GAME TIME LIMIT REACHED.
[2026-05-22 10:16:08] SCORE The bandits (lawn green): Final=1349.5, Time=90.0, Moves(42)=75.5, Pins(8)=800.0, Dist=384.0, Win Bonus=0.0
[2026-05-22 10:16:08] SCORE jat (gray0): Final=2539.7, Time=64.2, Moves(42)=75.5, Pins(10)=1000.0, Dist=400.0, Win Bonus=1000.0
[2026-05-22 10:16:08] ALL WRONG MOVES BY COLOUR: {}
[2026-05-22 10:16:08] GAME TIME LIMIT REACHED.
[2026-05-22 10:16:08] SCORE The bandits (lawn green): Final=1349.5, Time=90.0, Moves(42)=75.5, Pins(8)=800.0, Dist=384.0, Win Bonus=0.0
[2026-05-22 10:16:08] SCORE jat (gray0): Final=2539.7, Time=64.2, Moves(42)=75.5, Pins(10)=1000.0, Dist=400.0, Win Bonus=1000.0
[2026-05-22 10:16:08] ALL WRONG MOVES BY COLOUR: {}
[2026-05-22 10:16:08] GAME TIME LIMIT REACHED.
[2026-05-22 10:16:09] SCORE The bandits (lawn green): Final=1349.5, Time=90.0, Moves(42)=75.5, Pins(8)=800.0, Dist=384.0, Win Bonus=0.0
[2026-05-22 10:16:09] SCORE jat (gray0): Final=2539.7, Time=64.2, Moves(42)=75.5, Pins(10)=1000.0, Dist=400.0, Win Bonus=1000.0
[2026-05-22 10:16:09] ALL WRONG MOVES BY COLOUR: {}
[2026-05-22 10:16:09] GAME TIME LIMIT REACHED.
[2026-05-22 10:16:09] SCORE The bandits (lawn green): Final=1349.5, Time=90.0, Moves(42)=75.5, Pins(8)=800.0, Dist=384.0, Win Bonus=0.0
[2026-05-22 10:16:09] SCORE jat (gray0): Final=2539.7, Time=64.2, Moves(42)=75.5, Pins(10)=1000.0, Dist=400.0, Win Bonus=1000.0
[2026-05-22 10:16:09] ALL WRONG MOVES BY COLOUR: {}
[2026-05-22 10:16:09] GAME TIME LIMIT REACHED.
[2026-05-22 10:16:09] SCORE The bandits (lawn green): Final=1349.5, Time=90.0, Moves(42)=75.5, Pins(8)=800.0, Dist=384.0, Win Bonus=0.0
[2026-05-22 10:16:09] SCORE jat (gray0): Final=2539.7, Time=64.2, Moves(42)=75.5, Pins(10)=1000.0, Dist=400.0, Win Bonus=1000.0
[2026-05-22 10:16:09] ALL WRONG MOVES BY COLOUR: {}
[2026-05-22 10:16:09] GAME TIME LIMIT REACHED.
[2026-05-22 10:16:09] SCORE The bandits (lawn green): Final=1349.5, Time=90.0, Moves(42)=75.5, Pins(8)=800.0, Dist=384.0, Win Bonus=0.0
[2026-05-22 10:16:09] SCORE jat (gray0): Final=2539.7, Time=64.2, Moves(42)=75.5, Pins(10)=1000.0, Dist=400.0, Win Bonus=1000.0
[2026-05-22 10:16:09] ALL WRONG MOVES BY COLOUR: {}
[2026-05-22 10:16:09] GAME TIME LIMIT REACHED.
[2026-05-22 10:16:10] SCORE The bandits (lawn green): Final=1349.5, Time=90.0, Moves(42)=75.5, Pins(8)=800.0, Dist=384.0, Win Bonus=0.0
[2026-05-22 10:16:10] SCORE jat (gray0): Final=2539.7, Time=64.2, Moves(42)=75.5, Pins(10)=1000.0, Dist=400.0, Win Bonus=1000.0
[2026-05-22 10:16:10] ALL WRONG MOVES BY COLOUR: {}
[2026-05-22 10:16:10] GAME TIME LIMIT REACHED.
[2026-05-22 10:16:10] SCORE The bandits (lawn green): Final=1349.5, Time=90.0, Moves(42)=75.5, Pins(8)=800.0, Dist=384.0, Win Bonus=0.0
[2026-05-22 10:16:10] SCORE jat (gray0): Final=2539.7, Time=64.2, Moves(42)=75.5, Pins(10)=1000.0, Dist=400.0, Win Bonus=1000.0
[2026-05-22 10:16:10] ALL WRONG MOVES BY COLOUR: {}
[2026-05-22 10:16:10] GAME TIME LIMIT REACHED.
[2026-05-22 10:16:10] SCORE The bandits (lawn green): Final=1349.5, Time=90.0, Moves(42)=75.5, Pins(8)=800.0, Dist=384.0, Win Bonus=0.0
[2026-05-22 10:16:10] SCORE jat (gray0): Final=2539.7, Time=64.2, Moves(42)=75.5, Pins(10)=1000.0, Dist=400.0, Win Bonus=1000.0
[2026-05-22 10:16:10] ALL WRONG MOVES BY COLOUR: {}
[2026-05-22 10:16:10] GAME TIME LIMIT REACHED.
[2026-05-22 10:16:10] SCORE The bandits (lawn green): Final=1349.5, Time=90.0, Moves(42)=75.5, Pins(8)=800.0, Dist=384.0, Win Bonus=0.0
[2026-05-22 10:16:10] SCORE jat (gray0): Final=2539.7, Time=64.2, Moves(42)=75.5, Pins(10)=1000.0, Dist=400.0, Win Bonus=1000.0
[2026-05-22 10:16:10] ALL WRONG MOVES BY COLOUR: {}
[2026-05-22 10:16:10] GAME TIME LIMIT REACHED.
[2026-05-22 10:16:11] SCORE The bandits (lawn green): Final=1349.5, Time=90.0, Moves(42)=75.5, Pins(8)=800.0, Dist=384.0, Win Bonus=0.0
[2026-05-22 10:16:11] SCORE jat (gray0): Final=2539.7, Time=64.2, Moves(42)=75.5, Pins(10)=1000.0, Dist=400.0, Win Bonus=1000.0
[2026-05-22 10:16:11] ALL WRONG MOVES BY COLOUR: {}
[2026-05-22 10:16:11] GAME TIME LIMIT REACHED.
[2026-05-22 10:16:11] SCORE The bandits (lawn green): Final=1349.5, Time=90.0, Moves(42)=75.5, Pins(8)=800.0, Dist=384.0, Win Bonus=0.0
[2026-05-22 10:16:11] SCORE jat (gray0): Final=2539.7, Time=64.2, Moves(42)=75.5, Pins(10)=1000.0, Dist=400.0, Win Bonus=1000.0
[2026-05-22 10:16:11] ALL WRONG MOVES BY COLOUR: {}
[2026-05-22 10:16:11] GAME TIME LIMIT REACHED.
[2026-05-22 10:16:11] SCORE The bandits (lawn green): Final=1349.5, Time=90.0, Moves(42)=75.5, Pins(8)=800.0, Dist=384.0, Win Bonus=0.0
[2026-05-22 10:16:11] SCORE jat (gray0): Final=2539.7, Time=64.2, Moves(42)=75.5, Pins(10)=1000.0, Dist=400.0, Win Bonus=1000.0
[2026-05-22 10:16:11] ALL WRONG MOVES BY COLOUR: {}
[2026-05-22 10:16:11] GAME TIME LIMIT REACHED.
[2026-05-22 10:16:11] SCORE The bandits (lawn green): Final=1349.5, Time=90.0, Moves(42)=75.5, Pins(8)=800.0, Dist=384.0, Win Bonus=0.0
[2026-05-22 10:16:11] SCORE jat (gray0): Final=2539.7, Time=64.2, Moves(42)=75.5, Pins(10)=1000.0, Dist=400.0, Win Bonus=1000.0
[2026-05-22 10:16:11] ALL WRONG MOVES BY COLOUR: {}
[2026-05-22 10:16:11] GAME TIME LIMIT REACHED.
[2026-05-22 10:16:12] SCORE The bandits (lawn green): Final=1349.5, Time=90.0, Moves(42)=75.5, Pins(8)=800.0, Dist=384.0, Win Bonus=0.0
[2026-05-22 10:16:12] SCORE jat (gray0): Final=2539.7, Time=64.2, Moves(42)=75.5, Pins(10)=1000.0, Dist=400.0, Win Bonus=1000.0
[2026-05-22 10:16:12] ALL WRONG MOVES BY COLOUR: {}
[2026-05-22 10:16:12] GAME TIME LIMIT REACHED.
[2026-05-22 10:16:12] SCORE The bandits (lawn green): Final=1349.5, Time=90.0, Moves(42)=75.5, Pins(8)=800.0, Dist=384.0, Win Bonus=0.0
[2026-05-22 10:16:12] SCORE jat (gray0): Final=2539.7, Time=64.2, Moves(42)=75.5, Pins(10)=1000.0, Dist=400.0, Win Bonus=1000.0
[2026-05-22 10:16:12] ALL WRONG MOVES BY COLOUR: {}
[2026-05-22 10:16:12] GAME TIME LIMIT REACHED.
[2026-05-22 10:16:12] SCORE The bandits (lawn green): Final=1349.5, Time=90.0, Moves(42)=75.5, Pins(8)=800.0, Dist=384.0, Win Bonus=0.0
[2026-05-22 10:16:12] SCORE jat (gray0): Final=2539.7, Time=64.2, Moves(42)=75.5, Pins(10)=1000.0, Dist=400.0, Win Bonus=1000.0
[2026-05-22 10:16:12] ALL WRONG MOVES BY COLOUR: {}
[2026-05-22 10:16:12] GAME TIME LIMIT REACHED.
[2026-05-22 10:16:12] SCORE The bandits (lawn green): Final=1349.5, Time=90.0, Moves(42)=75.5, Pins(8)=800.0, Dist=384.0, Win Bonus=0.0
[2026-05-22 10:16:12] SCORE jat (gray0): Final=2539.7, Time=64.2, Moves(42)=75.5, Pins(10)=1000.0, Dist=400.0, Win Bonus=1000.0
[2026-05-22 10:16:12] ALL WRONG MOVES BY COLOUR: {}
[2026-05-22 10:16:12] GAME TIME LIMIT REACHED.
[2026-05-22 10:16:12] SCORE The bandits (lawn green): Final=1349.5, Time=90.0, Moves(42)=75.5, Pins(8)=800.0, Dist=384.0, Win Bonus=0.0
[2026-05-22 10:16:12] SCORE jat (gray0): Final=2539.7, Time=64.2, Moves(42)=75.5, Pins(10)=1000.0, Dist=400.0, Win Bonus=1000.0
[2026-05-22 10:16:12] ALL WRONG MOVES BY COLOUR: {}
[2026-05-22 10:16:12] GAME TIME LIMIT REACHED.
[2026-05-22 10:16:13] SCORE The bandits (lawn green): Final=1349.5, Time=90.0, Moves(42)=75.5, Pins(8)=800.0, Dist=384.0, Win Bonus=0.0
[2026-05-22 10:16:13] SCORE jat (gray0): Final=2539.7, Time=64.2, Moves(42)=75.5, Pins(10)=1000.0, Dist=400.0, Win Bonus=1000.0
[2026-05-22 10:16:13] ALL WRONG MOVES BY COLOUR: {}
[2026-05-22 10:16:13] GAME TIME LIMIT REACHED.
[2026-05-22 10:16:13] SCORE The bandits (lawn green): Final=1349.5, Time=90.0, Moves(42)=75.5, Pins(8)=800.0, Dist=384.0, Win Bonus=0.0
[2026-05-22 10:16:13] SCORE jat (gray0): Final=2539.7, Time=64.2, Moves(42)=75.5, Pins(10)=1000.0, Dist=400.0, Win Bonus=1000.0
[2026-05-22 10:16:13] ALL WRONG MOVES BY COLOUR: {}
[2026-05-22 10:16:13] GAME TIME LIMIT REACHED.
[2026-05-22 10:16:13] SCORE The bandits (lawn green): Final=1349.5, Time=90.0, Moves(42)=75.5, Pins(8)=800.0, Dist=384.0, Win Bonus=0.0
[2026-05-22 10:16:13] SCORE jat (gray0): Final=2539.7, Time=64.2, Moves(42)=75.5, Pins(10)=1000.0, Dist=400.0, Win Bonus=1000.0
[2026-05-22 10:16:13] ALL WRONG MOVES BY COLOUR: {}
[2026-05-22 10:16:13] GAME TIME LIMIT REACHED.
[2026-05-22 10:16:13] SCORE The bandits (lawn green): Final=1349.5, Time=90.0, Moves(42)=75.5, Pins(8)=800.0, Dist=384.0, Win Bonus=0.0
[2026-05-22 10:16:13] SCORE jat (gray0): Final=2539.7, Time=64.2, Moves(42)=75.5, Pins(10)=1000.0, Dist=400.0, Win Bonus=1000.0
[2026-05-22 10:16:13] ALL WRONG MOVES BY COLOUR: {}
[2026-05-22 10:16:14] GAME TIME LIMIT REACHED.
[2026-05-22 10:16:14] SCORE The bandits (lawn green): Final=1349.5, Time=90.0, Moves(42)=75.5, Pins(8)=800.0, Dist=384.0, Win Bonus=0.0
[2026-05-22 10:16:14] SCORE jat (gray0): Final=2539.7, Time=64.2, Moves(42)=75.5, Pins(10)=1000.0, Dist=400.0, Win Bonus=1000.0
[2026-05-22 10:16:14] ALL WRONG MOVES BY COLOUR: {}
[2026-05-22 10:16:14] GAME TIME LIMIT REACHED.
[2026-05-22 10:16:14] SCORE The bandits (lawn green): Final=1349.5, Time=90.0, Moves(42)=75.5, Pins(8)=800.0, Dist=384.0, Win Bonus=0.0
[2026-05-22 10:16:14] SCORE jat (gray0): Final=2539.7, Time=64.2, Moves(42)=75.5, Pins(10)=1000.0, Dist=400.0, Win Bonus=1000.0
[2026-05-22 10:16:14] ALL WRONG MOVES BY COLOUR: {}
[2026-05-22 10:16:14] GAME TIME LIMIT REACHED.
[2026-05-22 10:16:14] SCORE The bandits (lawn green): Final=1349.5, Time=90.0, Moves(42)=75.5, Pins(8)=800.0, Dist=384.0, Win Bonus=0.0
[2026-05-22 10:16:14] SCORE jat (gray0): Final=2539.7, Time=64.2, Moves(42)=75.5, Pins(10)=1000.0, Dist=400.0, Win Bonus=1000.0
[2026-05-22 10:16:14] ALL WRONG MOVES BY COLOUR: {}
[2026-05-22 10:16:14] GAME TIME LIMIT REACHED.
[2026-05-22 10:16:14] SCORE The bandits (lawn green): Final=1349.5, Time=90.0, Moves(42)=75.5, Pins(8)=800.0, Dist=384.0, Win Bonus=0.0
[2026-05-22 10:16:14] SCORE jat (gray0): Final=2539.7, Time=64.2, Moves(42)=75.5, Pins(10)=1000.0, Dist=400.0, Win Bonus=1000.0
[2026-05-22 10:16:14] ALL WRONG MOVES BY COLOUR: {}
[2026-05-22 10:16:14] GAME TIME LIMIT REACHED.
[2026-05-22 10:16:15] SCORE The bandits (lawn green): Final=1349.5, Time=90.0, Moves(42)=75.5, Pins(8)=800.0, Dist=384.0, Win Bonus=0.0
[2026-05-22 10:16:15] SCORE jat (gray0): Final=2539.7, Time=64.2, Moves(42)=75.5, Pins(10)=1000.0, Dist=400.0, Win Bonus=1000.0
[2026-05-22 10:16:15] ALL WRONG MOVES BY COLOUR: {}
[2026-05-22 10:16:15] GAME TIME LIMIT REACHED.
[2026-05-22 10:16:15] SCORE The bandits (lawn green): Final=1349.5, Time=90.0, Moves(42)=75.5, Pins(8)=800.0, Dist=384.0, Win Bonus=0.0
[2026-05-22 10:16:15] SCORE jat (gray0): Final=2539.7, Time=64.2, Moves(42)=75.5, Pins(10)=1000.0, Dist=400.0, Win Bonus=1000.0
[2026-05-22 10:16:15] ALL WRONG MOVES BY COLOUR: {}
[2026-05-22 10:16:15] GAME TIME LIMIT REACHED.
[2026-05-22 10:16:15] SCORE The bandits (lawn green): Final=1349.5, Time=90.0, Moves(42)=75.5, Pins(8)=800.0, Dist=384.0, Win Bonus=0.0
[2026-05-22 10:16:15] SCORE jat (gray0): Final=2539.7, Time=64.2, Moves(42)=75.5, Pins(10)=1000.0, Dist=400.0, Win Bonus=1000.0
[2026-05-22 10:16:15] ALL WRONG MOVES BY COLOUR: {}
[2026-05-22 10:16:15] GAME TIME LIMIT REACHED.
[2026-05-22 10:16:15] SCORE The bandits (lawn green): Final=1349.5, Time=90.0, Moves(42)=75.5, Pins(8)=800.0, Dist=384.0, Win Bonus=0.0
[2026-05-22 10:16:15] SCORE jat (gray0): Final=2539.7, Time=64.2, Moves(42)=75.5, Pins(10)=1000.0, Dist=400.0, Win Bonus=1000.0
[2026-05-22 10:16:15] ALL WRONG MOVES BY COLOUR: {}
[2026-05-22 10:16:15] GAME TIME LIMIT REACHED.
[2026-05-22 10:16:16] SCORE The bandits (lawn green): Final=1349.5, Time=90.0, Moves(42)=75.5, Pins(8)=800.0, Dist=384.0, Win Bonus=0.0
[2026-05-22 10:16:16] SCORE jat (gray0): Final=2539.7, Time=64.2, Moves(42)=75.5, Pins(10)=1000.0, Dist=400.0, Win Bonus=1000.0
[2026-05-22 10:16:16] ALL WRONG MOVES BY COLOUR: {}
[2026-05-22 10:16:16] GAME TIME LIMIT REACHED.
[2026-05-22 10:16:16] SCORE The bandits (lawn green): Final=1349.5, Time=90.0, Moves(42)=75.5, Pins(8)=800.0, Dist=384.0, Win Bonus=0.0
[2026-05-22 10:16:16] SCORE jat (gray0): Final=2539.7, Time=64.2, Moves(42)=75.5, Pins(10)=1000.0, Dist=400.0, Win Bonus=1000.0
[2026-05-22 10:16:16] ALL WRONG MOVES BY COLOUR: {}
[2026-05-22 10:16:16] GAME TIME LIMIT REACHED.
[2026-05-22 10:16:16] SCORE The bandits (lawn green): Final=1349.5, Time=90.0, Moves(42)=75.5, Pins(8)=800.0, Dist=384.0, Win Bonus=0.0
[2026-05-22 10:16:16] SCORE jat (gray0): Final=2539.7, Time=64.2, Moves(42)=75.5, Pins(10)=1000.0, Dist=400.0, Win Bonus=1000.0
[2026-05-22 10:16:16] ALL WRONG MOVES BY COLOUR: {}
[2026-05-22 10:16:16] GAME TIME LIMIT REACHED.
[2026-05-22 10:16:16] SCORE The bandits (lawn green): Final=1349.5, Time=90.0, Moves(42)=75.5, Pins(8)=800.0, Dist=384.0, Win Bonus=0.0
[2026-05-22 10:16:16] SCORE jat (gray0): Final=2539.7, Time=64.2, Moves(42)=75.5, Pins(10)=1000.0, Dist=400.0, Win Bonus=1000.0
[2026-05-22 10:16:16] ALL WRONG MOVES BY COLOUR: {}
[2026-05-22 10:16:16] GAME TIME LIMIT REACHED.
[2026-05-22 10:16:17] SCORE The bandits (lawn green): Final=1349.5, Time=90.0, Moves(42)=75.5, Pins(8)=800.0, Dist=384.0, Win Bonus=0.0
[2026-05-22 10:16:17] SCORE jat (gray0): Final=2539.7, Time=64.2, Moves(42)=75.5, Pins(10)=1000.0, Dist=400.0, Win Bonus=1000.0
[2026-05-22 10:16:17] ALL WRONG MOVES BY COLOUR: {}
[2026-05-22 10:16:17] GAME TIME LIMIT REACHED.
[2026-05-22 10:16:17] SCORE The bandits (lawn green): Final=1349.5, Time=90.0, Moves(42)=75.5, Pins(8)=800.0, Dist=384.0, Win Bonus=0.0
[2026-05-22 10:16:17] SCORE jat (gray0): Final=2539.7, Time=64.2, Moves(42)=75.5, Pins(10)=1000.0, Dist=400.0, Win Bonus=1000.0
[2026-05-22 10:16:17] ALL WRONG MOVES BY COLOUR: {}
[2026-05-22 10:16:17] GAME TIME LIMIT REACHED.
[2026-05-22 10:16:17] SCORE The bandits (lawn green): Final=1349.5, Time=90.0, Moves(42)=75.5, Pins(8)=800.0, Dist=384.0, Win Bonus=0.0
[2026-05-22 10:16:17] SCORE jat (gray0): Final=2539.7, Time=64.2, Moves(42)=75.5, Pins(10)=1000.0, Dist=400.0, Win Bonus=1000.0
[2026-05-22 10:16:17] ALL WRONG MOVES BY COLOUR: {}
[2026-05-22 10:16:17] GAME TIME LIMIT REACHED.
[2026-05-22 10:16:17] SCORE The bandits (lawn green): Final=1349.5, Time=90.0, Moves(42)=75.5, Pins(8)=800.0, Dist=384.0, Win Bonus=0.0
[2026-05-22 10:16:17] SCORE jat (gray0): Final=2539.7, Time=64.2, Moves(42)=75.5, Pins(10)=1000.0, Dist=400.0, Win Bonus=1000.0
[2026-05-22 10:16:17] ALL WRONG MOVES BY COLOUR: {}
[2026-05-22 10:16:17] GAME TIME LIMIT REACHED.
[2026-05-22 10:16:17] SCORE The bandits (lawn green): Final=1349.5, Time=90.0, Moves(42)=75.5, Pins(8)=800.0, Dist=384.0, Win Bonus=0.0
[2026-05-22 10:16:17] SCORE jat (gray0): Final=2539.7, Time=64.2, Moves(42)=75.5, Pins(10)=1000.0, Dist=400.0, Win Bonus=1000.0
[2026-05-22 10:16:17] ALL WRONG MOVES BY COLOUR: {}
[2026-05-22 10:16:17] GAME TIME LIMIT REACHED.
[2026-05-22 10:16:18] SCORE The bandits (lawn green): Final=1349.5, Time=90.0, Moves(42)=75.5, Pins(8)=800.0, Dist=384.0, Win Bonus=0.0
[2026-05-22 10:16:18] SCORE jat (gray0): Final=2539.7, Time=64.2, Moves(42)=75.5, Pins(10)=1000.0, Dist=400.0, Win Bonus=1000.0
[2026-05-22 10:16:18] ALL WRONG MOVES BY COLOUR: {}
[2026-05-22 10:16:18] GAME TIME LIMIT REACHED.
[2026-05-22 10:16:18] SCORE The bandits (lawn green): Final=1349.5, Time=90.0, Moves(42)=75.5, Pins(8)=800.0, Dist=384.0, Win Bonus=0.0
[2026-05-22 10:16:18] SCORE jat (gray0): Final=2539.7, Time=64.2, Moves(42)=75.5, Pins(10)=1000.0, Dist=400.0, Win Bonus=1000.0
[2026-05-22 10:16:18] ALL WRONG MOVES BY COLOUR: {}
[2026-05-22 10:16:18] GAME TIME LIMIT REACHED.
[2026-05-22 10:16:18] SCORE The bandits (lawn green): Final=1349.5, Time=90.0, Moves(42)=75.5, Pins(8)=800.0, Dist=384.0, Win Bonus=0.0
[2026-05-22 10:16:18] SCORE jat (gray0): Final=2539.7, Time=64.2, Moves(42)=75.5, Pins(10)=1000.0, Dist=400.0, Win Bonus=1000.0
[2026-05-22 10:16:18] ALL WRONG MOVES BY COLOUR: {}
[2026-05-22 10:16:18] GAME TIME LIMIT REACHED.
[2026-05-22 10:16:19] SCORE The bandits (lawn green): Final=1349.5, Time=90.0, Moves(42)=75.5, Pins(8)=800.0, Dist=384.0, Win Bonus=0.0
[2026-05-22 10:16:19] SCORE jat (gray0): Final=2539.7, Time=64.2, Moves(42)=75.5, Pins(10)=1000.0, Dist=400.0, Win Bonus=1000.0
[2026-05-22 10:16:19] ALL WRONG MOVES BY COLOUR: {}
[2026-05-22 10:16:19] GAME TIME LIMIT REACHED.
[2026-05-22 10:16:19] SCORE The bandits (lawn green): Final=1349.5, Time=90.0, Moves(42)=75.5, Pins(8)=800.0, Dist=384.0, Win Bonus=0.0
[2026-05-22 10:16:19] SCORE jat (gray0): Final=2539.7, Time=64.2, Moves(42)=75.5, Pins(10)=1000.0, Dist=400.0, Win Bonus=1000.0
[2026-05-22 10:16:19] ALL WRONG MOVES BY COLOUR: {}
[2026-05-22 10:16:19] GAME TIME LIMIT REACHED.
[2026-05-22 10:16:19] SCORE The bandits (lawn green): Final=1349.5, Time=90.0, Moves(42)=75.5, Pins(8)=800.0, Dist=384.0, Win Bonus=0.0
[2026-05-22 10:16:19] SCORE jat (gray0): Final=2539.7, Time=64.2, Moves(42)=75.5, Pins(10)=1000.0, Dist=400.0, Win Bonus=1000.0
[2026-05-22 10:16:19] ALL WRONG MOVES BY COLOUR: {}
[2026-05-22 10:16:19] GAME TIME LIMIT REACHED.
[2026-05-22 10:16:19] SCORE The bandits (lawn green): Final=1349.5, Time=90.0, Moves(42)=75.5, Pins(8)=800.0, Dist=384.0, Win Bonus=0.0
[2026-05-22 10:16:19] SCORE jat (gray0): Final=2539.7, Time=64.2, Moves(42)=75.5, Pins(10)=1000.0, Dist=400.0, Win Bonus=1000.0
[2026-05-22 10:16:19] ALL WRONG MOVES BY COLOUR: {}
[2026-05-22 10:16:19] GAME TIME LIMIT REACHED.
[2026-05-22 10:16:19] SCORE The bandits (lawn green): Final=1349.5, Time=90.0, Moves(42)=75.5, Pins(8)=800.0, Dist=384.0, Win Bonus=0.0
[2026-05-22 10:16:19] SCORE jat (gray0): Final=2539.7, Time=64.2, Moves(42)=75.5, Pins(10)=1000.0, Dist=400.0, Win Bonus=1000.0
[2026-05-22 10:16:19] ALL WRONG MOVES BY COLOUR: {}
[2026-05-22 10:16:19] GAME TIME LIMIT REACHED.
[2026-05-22 10:16:20] SCORE The bandits (lawn green): Final=1349.5, Time=90.0, Moves(42)=75.5, Pins(8)=800.0, Dist=384.0, Win Bonus=0.0
[2026-05-22 10:16:20] SCORE jat (gray0): Final=2539.7, Time=64.2, Moves(42)=75.5, Pins(10)=1000.0, Dist=400.0, Win Bonus=1000.0
[2026-05-22 10:16:20] ALL WRONG MOVES BY COLOUR: {}
[2026-05-22 10:16:20] GAME TIME LIMIT REACHED.
[2026-05-22 10:16:20] SCORE The bandits (lawn green): Final=1349.5, Time=90.0, Moves(42)=75.5, Pins(8)=800.0, Dist=384.0, Win Bonus=0.0
[2026-05-22 10:16:20] SCORE jat (gray0): Final=2539.7, Time=64.2, Moves(42)=75.5, Pins(10)=1000.0, Dist=400.0, Win Bonus=1000.0
[2026-05-22 10:16:20] ALL WRONG MOVES BY COLOUR: {}
[2026-05-22 10:16:20] GAME TIME LIMIT REACHED.
[2026-05-22 10:16:20] SCORE The bandits (lawn green): Final=1349.5, Time=90.0, Moves(42)=75.5, Pins(8)=800.0, Dist=384.0, Win Bonus=0.0
[2026-05-22 10:16:20] SCORE jat (gray0): Final=2539.7, Time=64.2, Moves(42)=75.5, Pins(10)=1000.0, Dist=400.0, Win Bonus=1000.0
[2026-05-22 10:16:20] ALL WRONG MOVES BY COLOUR: {}
[2026-05-22 10:16:20] GAME TIME LIMIT REACHED.
[2026-05-22 10:16:20] SCORE The bandits (lawn green): Final=1349.5, Time=90.0, Moves(42)=75.5, Pins(8)=800.0, Dist=384.0, Win Bonus=0.0
[2026-05-22 10:16:20] SCORE jat (gray0): Final=2539.7, Time=64.2, Moves(42)=75.5, Pins(10)=1000.0, Dist=400.0, Win Bonus=1000.0
[2026-05-22 10:16:20] ALL WRONG MOVES BY COLOUR: {}
[2026-05-22 10:16:20] GAME TIME LIMIT REACHED.
[2026-05-22 10:16:21] SCORE The bandits (lawn green): Final=1349.5, Time=90.0, Moves(42)=75.5, Pins(8)=800.0, Dist=384.0, Win Bonus=0.0
[2026-05-22 10:16:21] SCORE jat (gray0): Final=2539.7, Time=64.2, Moves(42)=75.5, Pins(10)=1000.0, Dist=400.0, Win Bonus=1000.0
[2026-05-22 10:16:21] ALL WRONG MOVES BY COLOUR: {}
[2026-05-22 10:16:21] GAME TIME LIMIT REACHED.
[2026-05-22 10:16:21] SCORE The bandits (lawn green): Final=1349.5, Time=90.0, Moves(42)=75.5, Pins(8)=800.0, Dist=384.0, Win Bonus=0.0
[2026-05-22 10:16:21] SCORE jat (gray0): Final=2539.7, Time=64.2, Moves(42)=75.5, Pins(10)=1000.0, Dist=400.0, Win Bonus=1000.0
[2026-05-22 10:16:21] ALL WRONG MOVES BY COLOUR: {}
[2026-05-22 10:16:21] GAME TIME LIMIT REACHED.
[2026-05-22 10:16:21] SCORE The bandits (lawn green): Final=1349.5, Time=90.0, Moves(42)=75.5, Pins(8)=800.0, Dist=384.0, Win Bonus=0.0
[2026-05-22 10:16:21] SCORE jat (gray0): Final=2539.7, Time=64.2, Moves(42)=75.5, Pins(10)=1000.0, Dist=400.0, Win Bonus=1000.0
[2026-05-22 10:16:21] ALL WRONG MOVES BY COLOUR: {}
[2026-05-22 10:16:21] GAME TIME LIMIT REACHED.
[2026-05-22 10:16:21] SCORE The bandits (lawn green): Final=1349.5, Time=90.0, Moves(42)=75.5, Pins(8)=800.0, Dist=384.0, Win Bonus=0.0
[2026-05-22 10:16:21] SCORE jat (gray0): Final=2539.7, Time=64.2, Moves(42)=75.5, Pins(10)=1000.0, Dist=400.0, Win Bonus=1000.0
[2026-05-22 10:16:21] ALL WRONG MOVES BY COLOUR: {}
[2026-05-22 10:16:21] GAME TIME LIMIT REACHED.
[2026-05-22 10:16:22] SCORE The bandits (lawn green): Final=1349.5, Time=90.0, Moves(42)=75.5, Pins(8)=800.0, Dist=384.0, Win Bonus=0.0
[2026-05-22 10:16:22] SCORE jat (gray0): Final=2539.7, Time=64.2, Moves(42)=75.5, Pins(10)=1000.0, Dist=400.0, Win Bonus=1000.0
[2026-05-22 10:16:22] ALL WRONG MOVES BY COLOUR: {}
[2026-05-22 10:16:22] GAME TIME LIMIT REACHED.
[2026-05-22 10:16:22] SCORE The bandits (lawn green): Final=1349.5, Time=90.0, Moves(42)=75.5, Pins(8)=800.0, Dist=384.0, Win Bonus=0.0
[2026-05-22 10:16:22] SCORE jat (gray0): Final=2539.7, Time=64.2, Moves(42)=75.5, Pins(10)=1000.0, Dist=400.0, Win Bonus=1000.0
[2026-05-22 10:16:22] ALL WRONG MOVES BY COLOUR: {}
[2026-05-22 10:16:22] GAME TIME LIMIT REACHED.
[2026-05-22 10:16:22] SCORE The bandits (lawn green): Final=1349.5, Time=90.0, Moves(42)=75.5, Pins(8)=800.0, Dist=384.0, Win Bonus=0.0
[2026-05-22 10:16:22] SCORE jat (gray0): Final=2539.7, Time=64.2, Moves(42)=75.5, Pins(10)=1000.0, Dist=400.0, Win Bonus=1000.0
[2026-05-22 10:16:22] ALL WRONG MOVES BY COLOUR: {}
[2026-05-22 10:16:22] GAME TIME LIMIT REACHED.
[2026-05-22 10:16:22] SCORE The bandits (lawn green): Final=1349.5, Time=90.0, Moves(42)=75.5, Pins(8)=800.0, Dist=384.0, Win Bonus=0.0
[2026-05-22 10:16:22] SCORE jat (gray0): Final=2539.7, Time=64.2, Moves(42)=75.5, Pins(10)=1000.0, Dist=400.0, Win Bonus=1000.0
[2026-05-22 10:16:22] ALL WRONG MOVES BY COLOUR: {}
[2026-05-22 10:16:22] GAME TIME LIMIT REACHED.
[2026-05-22 10:16:23] SCORE The bandits (lawn green): Final=1349.5, Time=90.0, Moves(42)=75.5, Pins(8)=800.0, Dist=384.0, Win Bonus=0.0
[2026-05-22 10:16:23] SCORE jat (gray0): Final=2539.7, Time=64.2, Moves(42)=75.5, Pins(10)=1000.0, Dist=400.0, Win Bonus=1000.0
[2026-05-22 10:16:23] ALL WRONG MOVES BY COLOUR: {}
[2026-05-22 10:16:23] GAME TIME LIMIT REACHED.
[2026-05-22 10:16:23] SCORE The bandits (lawn green): Final=1349.5, Time=90.0, Moves(42)=75.5, Pins(8)=800.0, Dist=384.0, Win Bonus=0.0
[2026-05-22 10:16:23] SCORE jat (gray0): Final=2539.7, Time=64.2, Moves(42)=75.5, Pins(10)=1000.0, Dist=400.0, Win Bonus=1000.0
[2026-05-22 10:16:23] ALL WRONG MOVES BY COLOUR: {}
[2026-05-22 10:16:23] GAME TIME LIMIT REACHED.
[2026-05-22 10:16:23] SCORE The bandits (lawn green): Final=1349.5, Time=90.0, Moves(42)=75.5, Pins(8)=800.0, Dist=384.0, Win Bonus=0.0
[2026-05-22 10:16:23] SCORE jat (gray0): Final=2539.7, Time=64.2, Moves(42)=75.5, Pins(10)=1000.0, Dist=400.0, Win Bonus=1000.0
[2026-05-22 10:16:23] ALL WRONG MOVES BY COLOUR: {}
[2026-05-22 10:16:23] GAME TIME LIMIT REACHED.
[2026-05-22 10:16:23] SCORE The bandits (lawn green): Final=1349.5, Time=90.0, Moves(42)=75.5, Pins(8)=800.0, Dist=384.0, Win Bonus=0.0
[2026-05-22 10:16:23] SCORE jat (gray0): Final=2539.7, Time=64.2, Moves(42)=75.5, Pins(10)=1000.0, Dist=400.0, Win Bonus=1000.0
[2026-05-22 10:16:23] ALL WRONG MOVES BY COLOUR: {}
[2026-05-22 10:16:23] GAME TIME LIMIT REACHED.
[2026-05-22 10:16:23] SCORE The bandits (lawn green): Final=1349.5, Time=90.0, Moves(42)=75.5, Pins(8)=800.0, Dist=384.0, Win Bonus=0.0
[2026-05-22 10:16:23] SCORE jat (gray0): Final=2539.7, Time=64.2, Moves(42)=75.5, Pins(10)=1000.0, Dist=400.0, Win Bonus=1000.0
[2026-05-22 10:16:23] ALL WRONG MOVES BY COLOUR: {}
[2026-05-22 10:16:23] GAME TIME LIMIT REACHED.
[2026-05-22 10:16:24] SCORE The bandits (lawn green): Final=1349.5, Time=90.0, Moves(42)=75.5, Pins(8)=800.0, Dist=384.0, Win Bonus=0.0
[2026-05-22 10:16:24] SCORE jat (gray0): Final=2539.7, Time=64.2, Moves(42)=75.5, Pins(10)=1000.0, Dist=400.0, Win Bonus=1000.0
[2026-05-22 10:16:24] ALL WRONG MOVES BY COLOUR: {}
[2026-05-22 10:16:24] GAME TIME LIMIT REACHED.
[2026-05-22 10:16:24] SCORE The bandits (lawn green): Final=1349.5, Time=90.0, Moves(42)=75.5, Pins(8)=800.0, Dist=384.0, Win Bonus=0.0
[2026-05-22 10:16:24] SCORE jat (gray0): Final=2539.7, Time=64.2, Moves(42)=75.5, Pins(10)=1000.0, Dist=400.0, Win Bonus=1000.0
[2026-05-22 10:16:24] ALL WRONG MOVES BY COLOUR: {}
[2026-05-22 10:16:24] GAME TIME LIMIT REACHED.
[2026-05-22 10:16:24] SCORE The bandits (lawn green): Final=1349.5, Time=90.0, Moves(42)=75.5, Pins(8)=800.0, Dist=384.0, Win Bonus=0.0
[2026-05-22 10:16:24] SCORE jat (gray0): Final=2539.7, Time=64.2, Moves(42)=75.5, Pins(10)=1000.0, Dist=400.0, Win Bonus=1000.0
[2026-05-22 10:16:24] ALL WRONG MOVES BY COLOUR: {}
[2026-05-22 10:16:24] GAME TIME LIMIT REACHED.
[2026-05-22 10:16:25] SCORE The bandits (lawn green): Final=1349.5, Time=90.0, Moves(42)=75.5, Pins(8)=800.0, Dist=384.0, Win Bonus=0.0
[2026-05-22 10:16:25] SCORE jat (gray0): Final=2539.7, Time=64.2, Moves(42)=75.5, Pins(10)=1000.0, Dist=400.0, Win Bonus=1000.0
[2026-05-22 10:16:25] ALL WRONG MOVES BY COLOUR: {}
[2026-05-22 10:16:25] GAME TIME LIMIT REACHED.
[2026-05-22 10:16:25] SCORE The bandits (lawn green): Final=1349.5, Time=90.0, Moves(42)=75.5, Pins(8)=800.0, Dist=384.0, Win Bonus=0.0
[2026-05-22 10:16:25] SCORE jat (gray0): Final=2539.7, Time=64.2, Moves(42)=75.5, Pins(10)=1000.0, Dist=400.0, Win Bonus=1000.0
[2026-05-22 10:16:25] ALL WRONG MOVES BY COLOUR: {}
[2026-05-22 10:16:25] GAME TIME LIMIT REACHED.
[2026-05-22 10:16:25] SCORE The bandits (lawn green): Final=1349.5, Time=90.0, Moves(42)=75.5, Pins(8)=800.0, Dist=384.0, Win Bonus=0.0
[2026-05-22 10:16:25] SCORE jat (gray0): Final=2539.7, Time=64.2, Moves(42)=75.5, Pins(10)=1000.0, Dist=400.0, Win Bonus=1000.0
[2026-05-22 10:16:25] ALL WRONG MOVES BY COLOUR: {}
[2026-05-22 10:16:25] GAME TIME LIMIT REACHED.
[2026-05-22 10:16:25] SCORE The bandits (lawn green): Final=1349.5, Time=90.0, Moves(42)=75.5, Pins(8)=800.0, Dist=384.0, Win Bonus=0.0
[2026-05-22 10:16:25] SCORE jat (gray0): Final=2539.7, Time=64.2, Moves(42)=75.5, Pins(10)=1000.0, Dist=400.0, Win Bonus=1000.0
[2026-05-22 10:16:25] ALL WRONG MOVES BY COLOUR: {}
[2026-05-22 10:16:25] GAME TIME LIMIT REACHED.
[2026-05-22 10:16:25] SCORE The bandits (lawn green): Final=1349.5, Time=90.0, Moves(42)=75.5, Pins(8)=800.0, Dist=384.0, Win Bonus=0.0
[2026-05-22 10:16:25] SCORE jat (gray0): Final=2539.7, Time=64.2, Moves(42)=75.5, Pins(10)=1000.0, Dist=400.0, Win Bonus=1000.0
[2026-05-22 10:16:25] ALL WRONG MOVES BY COLOUR: {}
[2026-05-22 10:16:25] GAME TIME LIMIT REACHED.
[2026-05-22 10:16:26] SCORE The bandits (lawn green): Final=1349.5, Time=90.0, Moves(42)=75.5, Pins(8)=800.0, Dist=384.0, Win Bonus=0.0
[2026-05-22 10:16:26] SCORE jat (gray0): Final=2539.7, Time=64.2, Moves(42)=75.5, Pins(10)=1000.0, Dist=400.0, Win Bonus=1000.0
[2026-05-22 10:16:26] ALL WRONG MOVES BY COLOUR: {}
[2026-05-22 10:16:26] GAME TIME LIMIT REACHED.
[2026-05-22 10:16:26] SCORE The bandits (lawn green): Final=1349.5, Time=90.0, Moves(42)=75.5, Pins(8)=800.0, Dist=384.0, Win Bonus=0.0
[2026-05-22 10:16:26] SCORE jat (gray0): Final=2539.7, Time=64.2, Moves(42)=75.5, Pins(10)=1000.0, Dist=400.0, Win Bonus=1000.0
[2026-05-22 10:16:26] ALL WRONG MOVES BY COLOUR: {}
[2026-05-22 10:16:26] GAME TIME LIMIT REACHED.
[2026-05-22 10:16:26] SCORE The bandits (lawn green): Final=1349.5, Time=90.0, Moves(42)=75.5, Pins(8)=800.0, Dist=384.0, Win Bonus=0.0
[2026-05-22 10:16:26] SCORE jat (gray0): Final=2539.7, Time=64.2, Moves(42)=75.5, Pins(10)=1000.0, Dist=400.0, Win Bonus=1000.0
[2026-05-22 10:16:26] ALL WRONG MOVES BY COLOUR: {}
[2026-05-22 10:16:26] GAME TIME LIMIT REACHED.
[2026-05-22 10:16:26] SCORE The bandits (lawn green): Final=1349.5, Time=90.0, Moves(42)=75.5, Pins(8)=800.0, Dist=384.0, Win Bonus=0.0
[2026-05-22 10:16:26] SCORE jat (gray0): Final=2539.7, Time=64.2, Moves(42)=75.5, Pins(10)=1000.0, Dist=400.0, Win Bonus=1000.0
[2026-05-22 10:16:26] ALL WRONG MOVES BY COLOUR: {}
[2026-05-22 10:16:26] GAME TIME LIMIT REACHED.
[2026-05-22 10:16:27] SCORE The bandits (lawn green): Final=1349.5, Time=90.0, Moves(42)=75.5, Pins(8)=800.0, Dist=384.0, Win Bonus=0.0
[2026-05-22 10:16:27] SCORE jat (gray0): Final=2539.7, Time=64.2, Moves(42)=75.5, Pins(10)=1000.0, Dist=400.0, Win Bonus=1000.0
[2026-05-22 10:16:27] ALL WRONG MOVES BY COLOUR: {}
[2026-05-22 10:16:27] GAME TIME LIMIT REACHED.
[2026-05-22 10:16:27] SCORE The bandits (lawn green): Final=1349.5, Time=90.0, Moves(42)=75.5, Pins(8)=800.0, Dist=384.0, Win Bonus=0.0
[2026-05-22 10:16:27] SCORE jat (gray0): Final=2539.7, Time=64.2, Moves(42)=75.5, Pins(10)=1000.0, Dist=400.0, Win Bonus=1000.0
[2026-05-22 10:16:27] ALL WRONG MOVES BY COLOUR: {}
[2026-05-22 10:16:27] GAME TIME LIMIT REACHED.
[2026-05-22 10:16:27] SCORE The bandits (lawn green): Final=1349.5, Time=90.0, Moves(42)=75.5, Pins(8)=800.0, Dist=384.0, Win Bonus=0.0
[2026-05-22 10:16:27] SCORE jat (gray0): Final=2539.7, Time=64.2, Moves(42)=75.5, Pins(10)=1000.0, Dist=400.0, Win Bonus=1000.0
[2026-05-22 10:16:27] ALL WRONG MOVES BY COLOUR: {}
[2026-05-22 10:16:27] GAME TIME LIMIT REACHED.
[2026-05-22 10:16:27] SCORE The bandits (lawn green): Final=1349.5, Time=90.0, Moves(42)=75.5, Pins(8)=800.0, Dist=384.0, Win Bonus=0.0
[2026-05-22 10:16:27] SCORE jat (gray0): Final=2539.7, Time=64.2, Moves(42)=75.5, Pins(10)=1000.0, Dist=400.0, Win Bonus=1000.0
[2026-05-22 10:16:27] ALL WRONG MOVES BY COLOUR: {}
[2026-05-22 10:16:27] GAME TIME LIMIT REACHED.
[2026-05-22 10:16:28] SCORE The bandits (lawn green): Final=1349.5, Time=90.0, Moves(42)=75.5, Pins(8)=800.0, Dist=384.0, Win Bonus=0.0
[2026-05-22 10:16:28] SCORE jat (gray0): Final=2539.7, Time=64.2, Moves(42)=75.5, Pins(10)=1000.0, Dist=400.0, Win Bonus=1000.0
[2026-05-22 10:16:28] ALL WRONG MOVES BY COLOUR: {}
[2026-05-22 10:16:28] GAME TIME LIMIT REACHED.
[2026-05-22 10:16:28] SCORE The bandits (lawn green): Final=1349.5, Time=90.0, Moves(42)=75.5, Pins(8)=800.0, Dist=384.0, Win Bonus=0.0
[2026-05-22 10:16:28] SCORE jat (gray0): Final=2539.7, Time=64.2, Moves(42)=75.5, Pins(10)=1000.0, Dist=400.0, Win Bonus=1000.0
[2026-05-22 10:16:28] ALL WRONG MOVES BY COLOUR: {}
[2026-05-22 10:16:28] GAME TIME LIMIT REACHED.
[2026-05-22 10:16:28] SCORE The bandits (lawn green): Final=1349.5, Time=90.0, Moves(42)=75.5, Pins(8)=800.0, Dist=384.0, Win Bonus=0.0
[2026-05-22 10:16:28] SCORE jat (gray0): Final=2539.7, Time=64.2, Moves(42)=75.5, Pins(10)=1000.0, Dist=400.0, Win Bonus=1000.0
[2026-05-22 10:16:28] ALL WRONG MOVES BY COLOUR: {}
[2026-05-22 10:16:28] GAME TIME LIMIT REACHED.
[2026-05-22 10:16:28] SCORE The bandits (lawn green): Final=1349.5, Time=90.0, Moves(42)=75.5, Pins(8)=800.0, Dist=384.0, Win Bonus=0.0
[2026-05-22 10:16:28] SCORE jat (gray0): Final=2539.7, Time=64.2, Moves(42)=75.5, Pins(10)=1000.0, Dist=400.0, Win Bonus=1000.0
[2026-05-22 10:16:28] ALL WRONG MOVES BY COLOUR: {}
[2026-05-22 10:16:28] GAME TIME LIMIT REACHED.
[2026-05-22 10:16:29] SCORE The bandits (lawn green): Final=1349.5, Time=90.0, Moves(42)=75.5, Pins(8)=800.0, Dist=384.0, Win Bonus=0.0
[2026-05-22 10:16:29] SCORE jat (gray0): Final=2539.7, Time=64.2, Moves(42)=75.5, Pins(10)=1000.0, Dist=400.0, Win Bonus=1000.0
[2026-05-22 10:16:29] ALL WRONG MOVES BY COLOUR: {}
[2026-05-22 10:16:29] GAME TIME LIMIT REACHED.
[2026-05-22 10:16:29] SCORE The bandits (lawn green): Final=1349.5, Time=90.0, Moves(42)=75.5, Pins(8)=800.0, Dist=384.0, Win Bonus=0.0
[2026-05-22 10:16:29] SCORE jat (gray0): Final=2539.7, Time=64.2, Moves(42)=75.5, Pins(10)=1000.0, Dist=400.0, Win Bonus=1000.0
[2026-05-22 10:16:29] ALL WRONG MOVES BY COLOUR: {}
[2026-05-22 10:16:29] GAME TIME LIMIT REACHED.
[2026-05-22 10:16:29] SCORE The bandits (lawn green): Final=1349.5, Time=90.0, Moves(42)=75.5, Pins(8)=800.0, Dist=384.0, Win Bonus=0.0
[2026-05-22 10:16:29] SCORE jat (gray0): Final=2539.7, Time=64.2, Moves(42)=75.5, Pins(10)=1000.0, Dist=400.0, Win Bonus=1000.0
[2026-05-22 10:16:29] ALL WRONG MOVES BY COLOUR: {}
[2026-05-22 10:16:29] GAME TIME LIMIT REACHED.
[2026-05-22 10:16:29] SCORE The bandits (lawn green): Final=1349.5, Time=90.0, Moves(42)=75.5, Pins(8)=800.0, Dist=384.0, Win Bonus=0.0
[2026-05-22 10:16:29] SCORE jat (gray0): Final=2539.7, Time=64.2, Moves(42)=75.5, Pins(10)=1000.0, Dist=400.0, Win Bonus=1000.0
[2026-05-22 10:16:29] ALL WRONG MOVES BY COLOUR: {}
[2026-05-22 10:16:29] GAME TIME LIMIT REACHED.
[2026-05-22 10:16:30] SCORE The bandits (lawn green): Final=1349.5, Time=90.0, Moves(42)=75.5, Pins(8)=800.0, Dist=384.0, Win Bonus=0.0
[2026-05-22 10:16:30] SCORE jat (gray0): Final=2539.7, Time=64.2, Moves(42)=75.5, Pins(10)=1000.0, Dist=400.0, Win Bonus=1000.0
[2026-05-22 10:16:30] ALL WRONG MOVES BY COLOUR: {}
[2026-05-22 10:16:30] GAME TIME LIMIT REACHED.
[2026-05-22 10:16:30] SCORE The bandits (lawn green): Final=1349.5, Time=90.0, Moves(42)=75.5, Pins(8)=800.0, Dist=384.0, Win Bonus=0.0
[2026-05-22 10:16:30] SCORE jat (gray0): Final=2539.7, Time=64.2, Moves(42)=75.5, Pins(10)=1000.0, Dist=400.0, Win Bonus=1000.0
[2026-05-22 10:16:30] ALL WRONG MOVES BY COLOUR: {}
[2026-05-22 10:16:30] GAME TIME LIMIT REACHED.
[2026-05-22 10:16:30] SCORE The bandits (lawn green): Final=1349.5, Time=90.0, Moves(42)=75.5, Pins(8)=800.0, Dist=384.0, Win Bonus=0.0
[2026-05-22 10:16:30] SCORE jat (gray0): Final=2539.7, Time=64.2, Moves(42)=75.5, Pins(10)=1000.0, Dist=400.0, Win Bonus=1000.0
[2026-05-22 10:16:30] ALL WRONG MOVES BY COLOUR: {}
[2026-05-22 10:16:30] GAME TIME LIMIT REACHED.
[2026-05-22 10:16:30] SCORE The bandits (lawn green): Final=1349.5, Time=90.0, Moves(42)=75.5, Pins(8)=800.0, Dist=384.0, Win Bonus=0.0
[2026-05-22 10:16:30] SCORE jat (gray0): Final=2539.7, Time=64.2, Moves(42)=75.5, Pins(10)=1000.0, Dist=400.0, Win Bonus=1000.0
[2026-05-22 10:16:30] ALL WRONG MOVES BY COLOUR: {}
[2026-05-22 10:16:30] GAME TIME LIMIT REACHED.
[2026-05-22 10:16:30] SCORE The bandits (lawn green): Final=1349.5, Time=90.0, Moves(42)=75.5, Pins(8)=800.0, Dist=384.0, Win Bonus=0.0
[2026-05-22 10:16:30] SCORE jat (gray0): Final=2539.7, Time=64.2, Moves(42)=75.5, Pins(10)=1000.0, Dist=400.0, Win Bonus=1000.0
[2026-05-22 10:16:30] ALL WRONG MOVES BY COLOUR: {}
[2026-05-22 10:16:30] GAME TIME LIMIT REACHED.
[2026-05-22 10:16:31] SCORE The bandits (lawn green): Final=1349.5, Time=90.0, Moves(42)=75.5, Pins(8)=800.0, Dist=384.0, Win Bonus=0.0
[2026-05-22 10:16:31] SCORE jat (gray0): Final=2539.7, Time=64.2, Moves(42)=75.5, Pins(10)=1000.0, Dist=400.0, Win Bonus=1000.0
[2026-05-22 10:16:31] ALL WRONG MOVES BY COLOUR: {}
[2026-05-22 10:16:31] GAME TIME LIMIT REACHED.
[2026-05-22 10:16:31] SCORE The bandits (lawn green): Final=1349.5, Time=90.0, Moves(42)=75.5, Pins(8)=800.0, Dist=384.0, Win Bonus=0.0
[2026-05-22 10:16:31] SCORE jat (gray0): Final=2539.7, Time=64.2, Moves(42)=75.5, Pins(10)=1000.0, Dist=400.0, Win Bonus=1000.0
[2026-05-22 10:16:31] ALL WRONG MOVES BY COLOUR: {}
[2026-05-22 10:16:31] GAME TIME LIMIT REACHED.
[2026-05-22 10:16:31] SCORE The bandits (lawn green): Final=1349.5, Time=90.0, Moves(42)=75.5, Pins(8)=800.0, Dist=384.0, Win Bonus=0.0
[2026-05-22 10:16:31] SCORE jat (gray0): Final=2539.7, Time=64.2, Moves(42)=75.5, Pins(10)=1000.0, Dist=400.0, Win Bonus=1000.0
[2026-05-22 10:16:31] ALL WRONG MOVES BY COLOUR: {}
[2026-05-22 10:16:31] GAME TIME LIMIT REACHED.
[2026-05-22 10:16:31] SCORE The bandits (lawn green): Final=1349.5, Time=90.0, Moves(42)=75.5, Pins(8)=800.0, Dist=384.0, Win Bonus=0.0
[2026-05-22 10:16:31] SCORE jat (gray0): Final=2539.7, Time=64.2, Moves(42)=75.5, Pins(10)=1000.0, Dist=400.0, Win Bonus=1000.0
[2026-05-22 10:16:31] ALL WRONG MOVES BY COLOUR: {}
[2026-05-22 10:16:31] GAME TIME LIMIT REACHED.
[2026-05-22 10:16:32] SCORE The bandits (lawn green): Final=1349.5, Time=90.0, Moves(42)=75.5, Pins(8)=800.0, Dist=384.0, Win Bonus=0.0
[2026-05-22 10:16:32] SCORE jat (gray0): Final=2539.7, Time=64.2, Moves(42)=75.5, Pins(10)=1000.0, Dist=400.0, Win Bonus=1000.0
[2026-05-22 10:16:32] ALL WRONG MOVES BY COLOUR: {}
[2026-05-22 10:16:32] GAME TIME LIMIT REACHED.
[2026-05-22 10:16:32] SCORE The bandits (lawn green): Final=1349.5, Time=90.0, Moves(42)=75.5, Pins(8)=800.0, Dist=384.0, Win Bonus=0.0
[2026-05-22 10:16:32] SCORE jat (gray0): Final=2539.7, Time=64.2, Moves(42)=75.5, Pins(10)=1000.0, Dist=400.0, Win Bonus=1000.0
[2026-05-22 10:16:32] ALL WRONG MOVES BY COLOUR: {}
[2026-05-22 10:16:32] GAME TIME LIMIT REACHED.
[2026-05-22 10:16:32] SCORE The bandits (lawn green): Final=1349.5, Time=90.0, Moves(42)=75.5, Pins(8)=800.0, Dist=384.0, Win Bonus=0.0
[2026-05-22 10:16:32] SCORE jat (gray0): Final=2539.7, Time=64.2, Moves(42)=75.5, Pins(10)=1000.0, Dist=400.0, Win Bonus=1000.0
[2026-05-22 10:16:32] ALL WRONG MOVES BY COLOUR: {}
[2026-05-22 10:16:32] GAME TIME LIMIT REACHED.
[2026-05-22 10:16:32] SCORE The bandits (lawn green): Final=1349.5, Time=90.0, Moves(42)=75.5, Pins(8)=800.0, Dist=384.0, Win Bonus=0.0
[2026-05-22 10:16:32] SCORE jat (gray0): Final=2539.7, Time=64.2, Moves(42)=75.5, Pins(10)=1000.0, Dist=400.0, Win Bonus=1000.0
[2026-05-22 10:16:32] ALL WRONG MOVES BY COLOUR: {}
[2026-05-22 10:16:32] GAME TIME LIMIT REACHED.
[2026-05-22 10:16:33] SCORE The bandits (lawn green): Final=1349.5, Time=90.0, Moves(42)=75.5, Pins(8)=800.0, Dist=384.0, Win Bonus=0.0
[2026-05-22 10:16:33] SCORE jat (gray0): Final=2539.7, Time=64.2, Moves(42)=75.5, Pins(10)=1000.0, Dist=400.0, Win Bonus=1000.0
[2026-05-22 10:16:33] ALL WRONG MOVES BY COLOUR: {}
[2026-05-22 10:16:33] GAME TIME LIMIT REACHED.
[2026-05-22 10:16:33] SCORE The bandits (lawn green): Final=1349.5, Time=90.0, Moves(42)=75.5, Pins(8)=800.0, Dist=384.0, Win Bonus=0.0
[2026-05-22 10:16:33] SCORE jat (gray0): Final=2539.7, Time=64.2, Moves(42)=75.5, Pins(10)=1000.0, Dist=400.0, Win Bonus=1000.0
[2026-05-22 10:16:33] ALL WRONG MOVES BY COLOUR: {}
[2026-05-22 10:16:33] GAME TIME LIMIT REACHED.
[2026-05-22 10:16:33] SCORE The bandits (lawn green): Final=1349.5, Time=90.0, Moves(42)=75.5, Pins(8)=800.0, Dist=384.0, Win Bonus=0.0
[2026-05-22 10:16:33] SCORE jat (gray0): Final=2539.7, Time=64.2, Moves(42)=75.5, Pins(10)=1000.0, Dist=400.0, Win Bonus=1000.0
[2026-05-22 10:16:33] ALL WRONG MOVES BY COLOUR: {}
[2026-05-22 10:16:33] GAME TIME LIMIT REACHED.
[2026-05-22 10:16:33] SCORE The bandits (lawn green): Final=1349.5, Time=90.0, Moves(42)=75.5, Pins(8)=800.0, Dist=384.0, Win Bonus=0.0
[2026-05-22 10:16:33] SCORE jat (gray0): Final=2539.7, Time=64.2, Moves(42)=75.5, Pins(10)=1000.0, Dist=400.0, Win Bonus=1000.0
[2026-05-22 10:16:33] ALL WRONG MOVES BY COLOUR: {}
[2026-05-22 10:16:33] GAME TIME LIMIT REACHED.
[2026-05-22 10:16:34] SCORE The bandits (lawn green): Final=1349.5, Time=90.0, Moves(42)=75.5, Pins(8)=800.0, Dist=384.0, Win Bonus=0.0
[2026-05-22 10:16:34] SCORE jat (gray0): Final=2539.7, Time=64.2, Moves(42)=75.5, Pins(10)=1000.0, Dist=400.0, Win Bonus=1000.0
[2026-05-22 10:16:34] ALL WRONG MOVES BY COLOUR: {}
[2026-05-22 10:16:34] GAME TIME LIMIT REACHED.
[2026-05-22 10:16:34] SCORE The bandits (lawn green): Final=1349.5, Time=90.0, Moves(42)=75.5, Pins(8)=800.0, Dist=384.0, Win Bonus=0.0
[2026-05-22 10:16:34] SCORE jat (gray0): Final=2539.7, Time=64.2, Moves(42)=75.5, Pins(10)=1000.0, Dist=400.0, Win Bonus=1000.0
[2026-05-22 10:16:34] ALL WRONG MOVES BY COLOUR: {}
[2026-05-22 10:16:34] GAME TIME LIMIT REACHED.
[2026-05-22 10:16:34] SCORE The bandits (lawn green): Final=1349.5, Time=90.0, Moves(42)=75.5, Pins(8)=800.0, Dist=384.0, Win Bonus=0.0
[2026-05-22 10:16:34] SCORE jat (gray0): Final=2539.7, Time=64.2, Moves(42)=75.5, Pins(10)=1000.0, Dist=400.0, Win Bonus=1000.0
[2026-05-22 10:16:34] ALL WRONG MOVES BY COLOUR: {}
[2026-05-22 10:16:34] GAME TIME LIMIT REACHED.
[2026-05-22 10:16:34] SCORE The bandits (lawn green): Final=1349.5, Time=90.0, Moves(42)=75.5, Pins(8)=800.0, Dist=384.0, Win Bonus=0.0
[2026-05-22 10:16:34] SCORE jat (gray0): Final=2539.7, Time=64.2, Moves(42)=75.5, Pins(10)=1000.0, Dist=400.0, Win Bonus=1000.0
[2026-05-22 10:16:34] ALL WRONG MOVES BY COLOUR: {}
[2026-05-22 10:16:34] GAME TIME LIMIT REACHED.
[2026-05-22 10:16:35] SCORE The bandits (lawn green): Final=1349.5, Time=90.0, Moves(42)=75.5, Pins(8)=800.0, Dist=384.0, Win Bonus=0.0
[2026-05-22 10:16:35] SCORE jat (gray0): Final=2539.7, Time=64.2, Moves(42)=75.5, Pins(10)=1000.0, Dist=400.0, Win Bonus=1000.0
[2026-05-22 10:16:35] ALL WRONG MOVES BY COLOUR: {}
[2026-05-22 10:16:35] GAME TIME LIMIT REACHED.
[2026-05-22 10:16:35] SCORE The bandits (lawn green): Final=1349.5, Time=90.0, Moves(42)=75.5, Pins(8)=800.0, Dist=384.0, Win Bonus=0.0
[2026-05-22 10:16:35] SCORE jat (gray0): Final=2539.7, Time=64.2, Moves(42)=75.5, Pins(10)=1000.0, Dist=400.0, Win Bonus=1000.0
[2026-05-22 10:16:35] ALL WRONG MOVES BY COLOUR: {}
[2026-05-22 10:16:35] GAME TIME LIMIT REACHED.
[2026-05-22 10:16:35] SCORE The bandits (lawn green): Final=1349.5, Time=90.0, Moves(42)=75.5, Pins(8)=800.0, Dist=384.0, Win Bonus=0.0
[2026-05-22 10:16:35] SCORE jat (gray0): Final=2539.7, Time=64.2, Moves(42)=75.5, Pins(10)=1000.0, Dist=400.0, Win Bonus=1000.0
[2026-05-22 10:16:35] ALL WRONG MOVES BY COLOUR: {}
[2026-05-22 10:16:35] GAME TIME LIMIT REACHED.
[2026-05-22 10:16:35] SCORE The bandits (lawn green): Final=1349.5, Time=90.0, Moves(42)=75.5, Pins(8)=800.0, Dist=384.0, Win Bonus=0.0
[2026-05-22 10:16:35] SCORE jat (gray0): Final=2539.7, Time=64.2, Moves(42)=75.5, Pins(10)=1000.0, Dist=400.0, Win Bonus=1000.0
[2026-05-22 10:16:35] ALL WRONG MOVES BY COLOUR: {}
[2026-05-22 10:16:35] GAME TIME LIMIT REACHED.
[2026-05-22 10:16:36] SCORE The bandits (lawn green): Final=1349.5, Time=90.0, Moves(42)=75.5, Pins(8)=800.0, Dist=384.0, Win Bonus=0.0
[2026-05-22 10:16:36] SCORE jat (gray0): Final=2539.7, Time=64.2, Moves(42)=75.5, Pins(10)=1000.0, Dist=400.0, Win Bonus=1000.0
[2026-05-22 10:16:36] ALL WRONG MOVES BY COLOUR: {}
[2026-05-22 10:16:36] GAME TIME LIMIT REACHED.
[2026-05-22 10:16:36] SCORE The bandits (lawn green): Final=1349.5, Time=90.0, Moves(42)=75.5, Pins(8)=800.0, Dist=384.0, Win Bonus=0.0
[2026-05-22 10:16:36] SCORE jat (gray0): Final=2539.7, Time=64.2, Moves(42)=75.5, Pins(10)=1000.0, Dist=400.0, Win Bonus=1000.0
[2026-05-22 10:16:36] ALL WRONG MOVES BY COLOUR: {}
[2026-05-22 10:16:36] GAME TIME LIMIT REACHED.
[2026-05-22 10:16:36] SCORE The bandits (lawn green): Final=1349.5, Time=90.0, Moves(42)=75.5, Pins(8)=800.0, Dist=384.0, Win Bonus=0.0
[2026-05-22 10:16:36] SCORE jat (gray0): Final=2539.7, Time=64.2, Moves(42)=75.5, Pins(10)=1000.0, Dist=400.0, Win Bonus=1000.0
[2026-05-22 10:16:36] ALL WRONG MOVES BY COLOUR: {}
[2026-05-22 10:16:36] GAME TIME LIMIT REACHED.
[2026-05-22 10:16:36] SCORE The bandits (lawn green): Final=1349.5, Time=90.0, Moves(42)=75.5, Pins(8)=800.0, Dist=384.0, Win Bonus=0.0
[2026-05-22 10:16:36] SCORE jat (gray0): Final=2539.7, Time=64.2, Moves(42)=75.5, Pins(10)=1000.0, Dist=400.0, Win Bonus=1000.0
[2026-05-22 10:16:36] ALL WRONG MOVES BY COLOUR: {}
[2026-05-22 10:16:36] GAME TIME LIMIT REACHED.
[2026-05-22 10:16:37] SCORE The bandits (lawn green): Final=1349.5, Time=90.0, Moves(42)=75.5, Pins(8)=800.0, Dist=384.0, Win Bonus=0.0
[2026-05-22 10:16:37] SCORE jat (gray0): Final=2539.7, Time=64.2, Moves(42)=75.5, Pins(10)=1000.0, Dist=400.0, Win Bonus=1000.0
[2026-05-22 10:16:37] ALL WRONG MOVES BY COLOUR: {}
[2026-05-22 10:16:37] GAME TIME LIMIT REACHED.
[2026-05-22 10:16:37] SCORE The bandits (lawn green): Final=1349.5, Time=90.0, Moves(42)=75.5, Pins(8)=800.0, Dist=384.0, Win Bonus=0.0
[2026-05-22 10:16:37] SCORE jat (gray0): Final=2539.7, Time=64.2, Moves(42)=75.5, Pins(10)=1000.0, Dist=400.0, Win Bonus=1000.0
[2026-05-22 10:16:37] ALL WRONG MOVES BY COLOUR: {}
[2026-05-22 10:16:37] GAME TIME LIMIT REACHED.
[2026-05-22 10:16:37] SCORE The bandits (lawn green): Final=1349.5, Time=90.0, Moves(42)=75.5, Pins(8)=800.0, Dist=384.0, Win Bonus=0.0
[2026-05-22 10:16:37] SCORE jat (gray0): Final=2539.7, Time=64.2, Moves(42)=75.5, Pins(10)=1000.0, Dist=400.0, Win Bonus=1000.0
[2026-05-22 10:16:37] ALL WRONG MOVES BY COLOUR: {}
[2026-05-22 10:16:37] GAME TIME LIMIT REACHED.
[2026-05-22 10:16:37] SCORE The bandits (lawn green): Final=1349.5, Time=90.0, Moves(42)=75.5, Pins(8)=800.0, Dist=384.0, Win Bonus=0.0
[2026-05-22 10:16:37] SCORE jat (gray0): Final=2539.7, Time=64.2, Moves(42)=75.5, Pins(10)=1000.0, Dist=400.0, Win Bonus=1000.0
[2026-05-22 10:16:37] ALL WRONG MOVES BY COLOUR: {}
[2026-05-22 10:16:37] GAME TIME LIMIT REACHED.
[2026-05-22 10:16:38] SCORE The bandits (lawn green): Final=1349.5, Time=90.0, Moves(42)=75.5, Pins(8)=800.0, Dist=384.0, Win Bonus=0.0
[2026-05-22 10:16:38] SCORE jat (gray0): Final=2539.7, Time=64.2, Moves(42)=75.5, Pins(10)=1000.0, Dist=400.0, Win Bonus=1000.0
[2026-05-22 10:16:38] ALL WRONG MOVES BY COLOUR: {}
[2026-05-22 10:16:38] GAME TIME LIMIT REACHED.
[2026-05-22 10:16:38] SCORE The bandits (lawn green): Final=1349.5, Time=90.0, Moves(42)=75.5, Pins(8)=800.0, Dist=384.0, Win Bonus=0.0
[2026-05-22 10:16:38] SCORE jat (gray0): Final=2539.7, Time=64.2, Moves(42)=75.5, Pins(10)=1000.0, Dist=400.0, Win Bonus=1000.0
[2026-05-22 10:16:38] ALL WRONG MOVES BY COLOUR: {}
[2026-05-22 10:16:38] GAME TIME LIMIT REACHED.
[2026-05-22 10:16:38] SCORE The bandits (lawn green): Final=1349.5, Time=90.0, Moves(42)=75.5, Pins(8)=800.0, Dist=384.0, Win Bonus=0.0
[2026-05-22 10:16:38] SCORE jat (gray0): Final=2539.7, Time=64.2, Moves(42)=75.5, Pins(10)=1000.0, Dist=400.0, Win Bonus=1000.0
[2026-05-22 10:16:38] ALL WRONG MOVES BY COLOUR: {}
[2026-05-22 10:16:38] GAME TIME LIMIT REACHED.
[2026-05-22 10:16:38] SCORE The bandits (lawn green): Final=1349.5, Time=90.0, Moves(42)=75.5, Pins(8)=800.0, Dist=384.0, Win Bonus=0.0
[2026-05-22 10:16:38] SCORE jat (gray0): Final=2539.7, Time=64.2, Moves(42)=75.5, Pins(10)=1000.0, Dist=400.0, Win Bonus=1000.0
[2026-05-22 10:16:38] ALL WRONG MOVES BY COLOUR: {}
[2026-05-22 10:16:38] GAME TIME LIMIT REACHED.
[2026-05-22 10:16:39] SCORE The bandits (lawn green): Final=1349.5, Time=90.0, Moves(42)=75.5, Pins(8)=800.0, Dist=384.0, Win Bonus=0.0
[2026-05-22 10:16:39] SCORE jat (gray0): Final=2539.7, Time=64.2, Moves(42)=75.5, Pins(10)=1000.0, Dist=400.0, Win Bonus=1000.0
[2026-05-22 10:16:39] ALL WRONG MOVES BY COLOUR: {}
[2026-05-22 10:16:39] GAME TIME LIMIT REACHED.
[2026-05-22 10:16:39] SCORE The bandits (lawn green): Final=1349.5, Time=90.0, Moves(42)=75.5, Pins(8)=800.0, Dist=384.0, Win Bonus=0.0
[2026-05-22 10:16:39] SCORE jat (gray0): Final=2539.7, Time=64.2, Moves(42)=75.5, Pins(10)=1000.0, Dist=400.0, Win Bonus=1000.0
[2026-05-22 10:16:39] ALL WRONG MOVES BY COLOUR: {}
[2026-05-22 10:16:39] GAME TIME LIMIT REACHED.
[2026-05-22 10:16:39] SCORE The bandits (lawn green): Final=1349.5, Time=90.0, Moves(42)=75.5, Pins(8)=800.0, Dist=384.0, Win Bonus=0.0
[2026-05-22 10:16:39] SCORE jat (gray0): Final=2539.7, Time=64.2, Moves(42)=75.5, Pins(10)=1000.0, Dist=400.0, Win Bonus=1000.0
[2026-05-22 10:16:39] ALL WRONG MOVES BY COLOUR: {}
[2026-05-22 10:16:39] GAME TIME LIMIT REACHED.
[2026-05-22 10:16:39] SCORE The bandits (lawn green): Final=1349.5, Time=90.0, Moves(42)=75.5, Pins(8)=800.0, Dist=384.0, Win Bonus=0.0
[2026-05-22 10:16:39] SCORE jat (gray0): Final=2539.7, Time=64.2, Moves(42)=75.5, Pins(10)=1000.0, Dist=400.0, Win Bonus=1000.0
[2026-05-22 10:16:39] ALL WRONG MOVES BY COLOUR: {}
[2026-05-22 10:16:39] GAME TIME LIMIT REACHED.
[2026-05-22 10:16:39] SCORE The bandits (lawn green): Final=1349.5, Time=90.0, Moves(42)=75.5, Pins(8)=800.0, Dist=384.0, Win Bonus=0.0
[2026-05-22 10:16:39] SCORE jat (gray0): Final=2539.7, Time=64.2, Moves(42)=75.5, Pins(10)=1000.0, Dist=400.0, Win Bonus=1000.0
[2026-05-22 10:16:39] ALL WRONG MOVES BY COLOUR: {}
[2026-05-22 10:16:39] GAME TIME LIMIT REACHED.
[2026-05-22 10:16:40] SCORE The bandits (lawn green): Final=1349.5, Time=90.0, Moves(42)=75.5, Pins(8)=800.0, Dist=384.0, Win Bonus=0.0
[2026-05-22 10:16:40] SCORE jat (gray0): Final=2539.7, Time=64.2, Moves(42)=75.5, Pins(10)=1000.0, Dist=400.0, Win Bonus=1000.0
[2026-05-22 10:16:40] ALL WRONG MOVES BY COLOUR: {}
[2026-05-22 10:16:40] GAME TIME LIMIT REACHED.
[2026-05-22 10:16:40] SCORE The bandits (lawn green): Final=1349.5, Time=90.0, Moves(42)=75.5, Pins(8)=800.0, Dist=384.0, Win Bonus=0.0
[2026-05-22 10:16:40] SCORE jat (gray0): Final=2539.7, Time=64.2, Moves(42)=75.5, Pins(10)=1000.0, Dist=400.0, Win Bonus=1000.0
[2026-05-22 10:16:40] ALL WRONG MOVES BY COLOUR: {}
[2026-05-22 10:16:40] GAME TIME LIMIT REACHED.
[2026-05-22 10:16:40] SCORE The bandits (lawn green): Final=1349.5, Time=90.0, Moves(42)=75.5, Pins(8)=800.0, Dist=384.0, Win Bonus=0.0
[2026-05-22 10:16:40] SCORE jat (gray0): Final=2539.7, Time=64.2, Moves(42)=75.5, Pins(10)=1000.0, Dist=400.0, Win Bonus=1000.0
[2026-05-22 10:16:40] ALL WRONG MOVES BY COLOUR: {}
[2026-05-22 10:16:40] GAME TIME LIMIT REACHED.
[2026-05-22 10:16:40] SCORE The bandits (lawn green): Final=1349.5, Time=90.0, Moves(42)=75.5, Pins(8)=800.0, Dist=384.0, Win Bonus=0.0
[2026-05-22 10:16:40] SCORE jat (gray0): Final=2539.7, Time=64.2, Moves(42)=75.5, Pins(10)=1000.0, Dist=400.0, Win Bonus=1000.0
[2026-05-22 10:16:40] ALL WRONG MOVES BY COLOUR: {}
[2026-05-22 10:16:40] GAME TIME LIMIT REACHED.
[2026-05-22 10:16:41] SCORE The bandits (lawn green): Final=1349.5, Time=90.0, Moves(42)=75.5, Pins(8)=800.0, Dist=384.0, Win Bonus=0.0
[2026-05-22 10:16:41] SCORE jat (gray0): Final=2539.7, Time=64.2, Moves(42)=75.5, Pins(10)=1000.0, Dist=400.0, Win Bonus=1000.0
[2026-05-22 10:16:41] ALL WRONG MOVES BY COLOUR: {}
[2026-05-22 10:16:41] GAME TIME LIMIT REACHED.
[2026-05-22 10:16:41] SCORE The bandits (lawn green): Final=1349.5, Time=90.0, Moves(42)=75.5, Pins(8)=800.0, Dist=384.0, Win Bonus=0.0
[2026-05-22 10:16:41] SCORE jat (gray0): Final=2539.7, Time=64.2, Moves(42)=75.5, Pins(10)=1000.0, Dist=400.0, Win Bonus=1000.0
[2026-05-22 10:16:41] ALL WRONG MOVES BY COLOUR: {}
[2026-05-22 10:16:41] GAME TIME LIMIT REACHED.
[2026-05-22 10:16:41] SCORE The bandits (lawn green): Final=1349.5, Time=90.0, Moves(42)=75.5, Pins(8)=800.0, Dist=384.0, Win Bonus=0.0
[2026-05-22 10:16:41] SCORE jat (gray0): Final=2539.7, Time=64.2, Moves(42)=75.5, Pins(10)=1000.0, Dist=400.0, Win Bonus=1000.0
[2026-05-22 10:16:41] ALL WRONG MOVES BY COLOUR: {}
[2026-05-22 10:16:41] GAME TIME LIMIT REACHED.
[2026-05-22 10:16:41] SCORE The bandits (lawn green): Final=1349.5, Time=90.0, Moves(42)=75.5, Pins(8)=800.0, Dist=384.0, Win Bonus=0.0
[2026-05-22 10:16:41] SCORE jat (gray0): Final=2539.7, Time=64.2, Moves(42)=75.5, Pins(10)=1000.0, Dist=400.0, Win Bonus=1000.0
[2026-05-22 10:16:41] ALL WRONG MOVES BY COLOUR: {}
[2026-05-22 10:16:41] GAME TIME LIMIT REACHED.
[2026-05-22 10:16:42] SCORE The bandits (lawn green): Final=1349.5, Time=90.0, Moves(42)=75.5, Pins(8)=800.0, Dist=384.0, Win Bonus=0.0
[2026-05-22 10:16:42] SCORE jat (gray0): Final=2539.7, Time=64.2, Moves(42)=75.5, Pins(10)=1000.0, Dist=400.0, Win Bonus=1000.0
[2026-05-22 10:16:42] ALL WRONG MOVES BY COLOUR: {}
[2026-05-22 10:16:42] GAME TIME LIMIT REACHED.
[2026-05-22 10:16:42] SCORE The bandits (lawn green): Final=1349.5, Time=90.0, Moves(42)=75.5, Pins(8)=800.0, Dist=384.0, Win Bonus=0.0
[2026-05-22 10:16:42] SCORE jat (gray0): Final=2539.7, Time=64.2, Moves(42)=75.5, Pins(10)=1000.0, Dist=400.0, Win Bonus=1000.0
[2026-05-22 10:16:42] ALL WRONG MOVES BY COLOUR: {}
[2026-05-22 10:16:42] GAME TIME LIMIT REACHED.
[2026-05-22 10:16:42] SCORE The bandits (lawn green): Final=1349.5, Time=90.0, Moves(42)=75.5, Pins(8)=800.0, Dist=384.0, Win Bonus=0.0
[2026-05-22 10:16:42] SCORE jat (gray0): Final=2539.7, Time=64.2, Moves(42)=75.5, Pins(10)=1000.0, Dist=400.0, Win Bonus=1000.0
[2026-05-22 10:16:42] ALL WRONG MOVES BY COLOUR: {}
[2026-05-22 10:16:42] GAME TIME LIMIT REACHED.
[2026-05-22 10:16:42] SCORE The bandits (lawn green): Final=1349.5, Time=90.0, Moves(42)=75.5, Pins(8)=800.0, Dist=384.0, Win Bonus=0.0
[2026-05-22 10:16:42] SCORE jat (gray0): Final=2539.7, Time=64.2, Moves(42)=75.5, Pins(10)=1000.0, Dist=400.0, Win Bonus=1000.0
[2026-05-22 10:16:42] ALL WRONG MOVES BY COLOUR: {}
[2026-05-22 10:16:42] GAME TIME LIMIT REACHED.
[2026-05-22 10:16:43] SCORE The bandits (lawn green): Final=1349.5, Time=90.0, Moves(42)=75.5, Pins(8)=800.0, Dist=384.0, Win Bonus=0.0
[2026-05-22 10:16:43] SCORE jat (gray0): Final=2539.7, Time=64.2, Moves(42)=75.5, Pins(10)=1000.0, Dist=400.0, Win Bonus=1000.0
[2026-05-22 10:16:43] ALL WRONG MOVES BY COLOUR: {}
[2026-05-22 10:16:43] GAME TIME LIMIT REACHED.
[2026-05-22 10:16:43] SCORE The bandits (lawn green): Final=1349.5, Time=90.0, Moves(42)=75.5, Pins(8)=800.0, Dist=384.0, Win Bonus=0.0
[2026-05-22 10:16:43] SCORE jat (gray0): Final=2539.7, Time=64.2, Moves(42)=75.5, Pins(10)=1000.0, Dist=400.0, Win Bonus=1000.0
[2026-05-22 10:16:43] ALL WRONG MOVES BY COLOUR: {}
[2026-05-22 10:16:43] GAME TIME LIMIT REACHED.
[2026-05-22 10:16:43] SCORE The bandits (lawn green): Final=1349.5, Time=90.0, Moves(42)=75.5, Pins(8)=800.0, Dist=384.0, Win Bonus=0.0
[2026-05-22 10:16:43] SCORE jat (gray0): Final=2539.7, Time=64.2, Moves(42)=75.5, Pins(10)=1000.0, Dist=400.0, Win Bonus=1000.0
[2026-05-22 10:16:43] ALL WRONG MOVES BY COLOUR: {}
[2026-05-22 10:16:43] GAME TIME LIMIT REACHED.
[2026-05-22 10:16:43] SCORE The bandits (lawn green): Final=1349.5, Time=90.0, Moves(42)=75.5, Pins(8)=800.0, Dist=384.0, Win Bonus=0.0
[2026-05-22 10:16:43] SCORE jat (gray0): Final=2539.7, Time=64.2, Moves(42)=75.5, Pins(10)=1000.0, Dist=400.0, Win Bonus=1000.0
[2026-05-22 10:16:43] ALL WRONG MOVES BY COLOUR: {}
[2026-05-22 10:16:43] GAME TIME LIMIT REACHED.
[2026-05-22 10:16:44] SCORE The bandits (lawn green): Final=1349.5, Time=90.0, Moves(42)=75.5, Pins(8)=800.0, Dist=384.0, Win Bonus=0.0
[2026-05-22 10:16:44] SCORE jat (gray0): Final=2539.7, Time=64.2, Moves(42)=75.5, Pins(10)=1000.0, Dist=400.0, Win Bonus=1000.0
[2026-05-22 10:16:44] ALL WRONG MOVES BY COLOUR: {}
[2026-05-22 10:16:44] GAME TIME LIMIT REACHED.
[2026-05-22 10:16:44] SCORE The bandits (lawn green): Final=1349.5, Time=90.0, Moves(42)=75.5, Pins(8)=800.0, Dist=384.0, Win Bonus=0.0
[2026-05-22 10:16:44] SCORE jat (gray0): Final=2539.7, Time=64.2, Moves(42)=75.5, Pins(10)=1000.0, Dist=400.0, Win Bonus=1000.0
[2026-05-22 10:16:44] ALL WRONG MOVES BY COLOUR: {}
[2026-05-22 10:16:44] GAME TIME LIMIT REACHED.
[2026-05-22 10:16:44] SCORE The bandits (lawn green): Final=1349.5, Time=90.0, Moves(42)=75.5, Pins(8)=800.0, Dist=384.0, Win Bonus=0.0
[2026-05-22 10:16:44] SCORE jat (gray0): Final=2539.7, Time=64.2, Moves(42)=75.5, Pins(10)=1000.0, Dist=400.0, Win Bonus=1000.0
[2026-05-22 10:16:44] ALL WRONG MOVES BY COLOUR: {}
[2026-05-22 10:16:44] GAME TIME LIMIT REACHED.
[2026-05-22 10:16:44] SCORE The bandits (lawn green): Final=1349.5, Time=90.0, Moves(42)=75.5, Pins(8)=800.0, Dist=384.0, Win Bonus=0.0
[2026-05-22 10:16:44] SCORE jat (gray0): Final=2539.7, Time=64.2, Moves(42)=75.5, Pins(10)=1000.0, Dist=400.0, Win Bonus=1000.0
[2026-05-22 10:16:44] ALL WRONG MOVES BY COLOUR: {}
[2026-05-22 10:16:44] GAME TIME LIMIT REACHED.
[2026-05-22 10:16:45] SCORE The bandits (lawn green): Final=1349.5, Time=90.0, Moves(42)=75.5, Pins(8)=800.0, Dist=384.0, Win Bonus=0.0
[2026-05-22 10:16:45] SCORE jat (gray0): Final=2539.7, Time=64.2, Moves(42)=75.5, Pins(10)=1000.0, Dist=400.0, Win Bonus=1000.0
[2026-05-22 10:16:45] ALL WRONG MOVES BY COLOUR: {}
[2026-05-22 10:16:45] GAME TIME LIMIT REACHED.
[2026-05-22 10:16:45] SCORE The bandits (lawn green): Final=1349.5, Time=90.0, Moves(42)=75.5, Pins(8)=800.0, Dist=384.0, Win Bonus=0.0
[2026-05-22 10:16:45] SCORE jat (gray0): Final=2539.7, Time=64.2, Moves(42)=75.5, Pins(10)=1000.0, Dist=400.0, Win Bonus=1000.0
[2026-05-22 10:16:45] ALL WRONG MOVES BY COLOUR: {}
[2026-05-22 10:16:45] GAME TIME LIMIT REACHED.
[2026-05-22 10:16:45] SCORE The bandits (lawn green): Final=1349.5, Time=90.0, Moves(42)=75.5, Pins(8)=800.0, Dist=384.0, Win Bonus=0.0
[2026-05-22 10:16:45] SCORE jat (gray0): Final=2539.7, Time=64.2, Moves(42)=75.5, Pins(10)=1000.0, Dist=400.0, Win Bonus=1000.0
[2026-05-22 10:16:45] ALL WRONG MOVES BY COLOUR: {}
[2026-05-22 10:16:45] GAME TIME LIMIT REACHED.
[2026-05-22 10:16:45] SCORE The bandits (lawn green): Final=1349.5, Time=90.0, Moves(42)=75.5, Pins(8)=800.0, Dist=384.0, Win Bonus=0.0
[2026-05-22 10:16:45] SCORE jat (gray0): Final=2539.7, Time=64.2, Moves(42)=75.5, Pins(10)=1000.0, Dist=400.0, Win Bonus=1000.0
[2026-05-22 10:16:45] ALL WRONG MOVES BY COLOUR: {}
[2026-05-22 10:16:45] GAME TIME LIMIT REACHED.
[2026-05-22 10:16:46] SCORE The bandits (lawn green): Final=1349.5, Time=90.0, Moves(42)=75.5, Pins(8)=800.0, Dist=384.0, Win Bonus=0.0
[2026-05-22 10:16:46] SCORE jat (gray0): Final=2539.7, Time=64.2, Moves(42)=75.5, Pins(10)=1000.0, Dist=400.0, Win Bonus=1000.0
[2026-05-22 10:16:46] ALL WRONG MOVES BY COLOUR: {}
[2026-05-22 10:16:46] GAME TIME LIMIT REACHED.
[2026-05-22 10:16:46] SCORE The bandits (lawn green): Final=1349.5, Time=90.0, Moves(42)=75.5, Pins(8)=800.0, Dist=384.0, Win Bonus=0.0
[2026-05-22 10:16:46] SCORE jat (gray0): Final=2539.7, Time=64.2, Moves(42)=75.5, Pins(10)=1000.0, Dist=400.0, Win Bonus=1000.0
[2026-05-22 10:16:46] ALL WRONG MOVES BY COLOUR: {}
[2026-05-22 10:16:46] GAME TIME LIMIT REACHED.
[2026-05-22 10:16:46] SCORE The bandits (lawn green): Final=1349.5, Time=90.0, Moves(42)=75.5, Pins(8)=800.0, Dist=384.0, Win Bonus=0.0
[2026-05-22 10:16:46] SCORE jat (gray0): Final=2539.7, Time=64.2, Moves(42)=75.5, Pins(10)=1000.0, Dist=400.0, Win Bonus=1000.0
[2026-05-22 10:16:46] ALL WRONG MOVES BY COLOUR: {}
[2026-05-22 10:16:46] GAME TIME LIMIT REACHED.
[2026-05-22 10:16:46] SCORE The bandits (lawn green): Final=1349.5, Time=90.0, Moves(42)=75.5, Pins(8)=800.0, Dist=384.0, Win Bonus=0.0
[2026-05-22 10:16:46] SCORE jat (gray0): Final=2539.7, Time=64.2, Moves(42)=75.5, Pins(10)=1000.0, Dist=400.0, Win Bonus=1000.0
[2026-05-22 10:16:46] ALL WRONG MOVES BY COLOUR: {}
[2026-05-22 10:16:46] GAME TIME LIMIT REACHED.
[2026-05-22 10:16:47] SCORE The bandits (lawn green): Final=1349.5, Time=90.0, Moves(42)=75.5, Pins(8)=800.0, Dist=384.0, Win Bonus=0.0
[2026-05-22 10:16:47] SCORE jat (gray0): Final=2539.7, Time=64.2, Moves(42)=75.5, Pins(10)=1000.0, Dist=400.0, Win Bonus=1000.0
[2026-05-22 10:16:47] ALL WRONG MOVES BY COLOUR: {}
[2026-05-22 10:16:47] GAME TIME LIMIT REACHED.
[2026-05-22 10:16:47] SCORE The bandits (lawn green): Final=1349.5, Time=90.0, Moves(42)=75.5, Pins(8)=800.0, Dist=384.0, Win Bonus=0.0
[2026-05-22 10:16:47] SCORE jat (gray0): Final=2539.7, Time=64.2, Moves(42)=75.5, Pins(10)=1000.0, Dist=400.0, Win Bonus=1000.0
[2026-05-22 10:16:47] ALL WRONG MOVES BY COLOUR: {}
[2026-05-22 10:16:47] GAME TIME LIMIT REACHED.
[2026-05-22 10:16:47] SCORE The bandits (lawn green): Final=1349.5, Time=90.0, Moves(42)=75.5, Pins(8)=800.0, Dist=384.0, Win Bonus=0.0
[2026-05-22 10:16:47] SCORE jat (gray0): Final=2539.7, Time=64.2, Moves(42)=75.5, Pins(10)=1000.0, Dist=400.0, Win Bonus=1000.0
[2026-05-22 10:16:47] ALL WRONG MOVES BY COLOUR: {}
[2026-05-22 10:16:47] GAME TIME LIMIT REACHED.
[2026-05-22 10:16:47] SCORE The bandits (lawn green): Final=1349.5, Time=90.0, Moves(42)=75.5, Pins(8)=800.0, Dist=384.0, Win Bonus=0.0
[2026-05-22 10:16:47] SCORE jat (gray0): Final=2539.7, Time=64.2, Moves(42)=75.5, Pins(10)=1000.0, Dist=400.0, Win Bonus=1000.0
[2026-05-22 10:16:47] ALL WRONG MOVES BY COLOUR: {}
[2026-05-22 10:16:47] GAME TIME LIMIT REACHED.
[2026-05-22 10:16:48] SCORE The bandits (lawn green): Final=1349.5, Time=90.0, Moves(42)=75.5, Pins(8)=800.0, Dist=384.0, Win Bonus=0.0
[2026-05-22 10:16:48] SCORE jat (gray0): Final=2539.7, Time=64.2, Moves(42)=75.5, Pins(10)=1000.0, Dist=400.0, Win Bonus=1000.0
[2026-05-22 10:16:48] ALL WRONG MOVES BY COLOUR: {}
[2026-05-22 10:16:48] GAME TIME LIMIT REACHED.
[2026-05-22 10:16:48] SCORE The bandits (lawn green): Final=1349.5, Time=90.0, Moves(42)=75.5, Pins(8)=800.0, Dist=384.0, Win Bonus=0.0
[2026-05-22 10:16:48] SCORE jat (gray0): Final=2539.7, Time=64.2, Moves(42)=75.5, Pins(10)=1000.0, Dist=400.0, Win Bonus=1000.0
[2026-05-22 10:16:48] ALL WRONG MOVES BY COLOUR: {}
[2026-05-22 10:16:48] GAME TIME LIMIT REACHED.
[2026-05-22 10:16:48] SCORE The bandits (lawn green): Final=1349.5, Time=90.0, Moves(42)=75.5, Pins(8)=800.0, Dist=384.0, Win Bonus=0.0
[2026-05-22 10:16:48] SCORE jat (gray0): Final=2539.7, Time=64.2, Moves(42)=75.5, Pins(10)=1000.0, Dist=400.0, Win Bonus=1000.0
[2026-05-22 10:16:48] ALL WRONG MOVES BY COLOUR: {}
[2026-05-22 10:16:48] GAME TIME LIMIT REACHED.
[2026-05-22 10:16:48] SCORE The bandits (lawn green): Final=1349.5, Time=90.0, Moves(42)=75.5, Pins(8)=800.0, Dist=384.0, Win Bonus=0.0
[2026-05-22 10:16:48] SCORE jat (gray0): Final=2539.7, Time=64.2, Moves(42)=75.5, Pins(10)=1000.0, Dist=400.0, Win Bonus=1000.0
[2026-05-22 10:16:48] ALL WRONG MOVES BY COLOUR: {}
[2026-05-22 10:16:48] GAME TIME LIMIT REACHED.
[2026-05-22 10:16:48] SCORE The bandits (lawn green): Final=1349.5, Time=90.0, Moves(42)=75.5, Pins(8)=800.0, Dist=384.0, Win Bonus=0.0
[2026-05-22 10:16:48] SCORE jat (gray0): Final=2539.7, Time=64.2, Moves(42)=75.5, Pins(10)=1000.0, Dist=400.0, Win Bonus=1000.0
[2026-05-22 10:16:48] ALL WRONG MOVES BY COLOUR: {}
[2026-05-22 10:16:48] GAME TIME LIMIT REACHED.
[2026-05-22 10:16:49] SCORE The bandits (lawn green): Final=1349.5, Time=90.0, Moves(42)=75.5, Pins(8)=800.0, Dist=384.0, Win Bonus=0.0
[2026-05-22 10:16:49] SCORE jat (gray0): Final=2539.7, Time=64.2, Moves(42)=75.5, Pins(10)=1000.0, Dist=400.0, Win Bonus=1000.0
[2026-05-22 10:16:49] ALL WRONG MOVES BY COLOUR: {}
[2026-05-22 10:16:49] GAME TIME LIMIT REACHED.
[2026-05-22 10:16:49] SCORE The bandits (lawn green): Final=1349.5, Time=90.0, Moves(42)=75.5, Pins(8)=800.0, Dist=384.0, Win Bonus=0.0
[2026-05-22 10:16:49] SCORE jat (gray0): Final=2539.7, Time=64.2, Moves(42)=75.5, Pins(10)=1000.0, Dist=400.0, Win Bonus=1000.0
[2026-05-22 10:16:49] ALL WRONG MOVES BY COLOUR: {}
[2026-05-22 10:16:49] GAME TIME LIMIT REACHED.
[2026-05-22 10:16:49] SCORE The bandits (lawn green): Final=1349.5, Time=90.0, Moves(42)=75.5, Pins(8)=800.0, Dist=384.0, Win Bonus=0.0
[2026-05-22 10:16:49] SCORE jat (gray0): Final=2539.7, Time=64.2, Moves(42)=75.5, Pins(10)=1000.0, Dist=400.0, Win Bonus=1000.0
[2026-05-22 10:16:49] ALL WRONG MOVES BY COLOUR: {}
[2026-05-22 10:16:49] GAME TIME LIMIT REACHED.
[2026-05-22 10:16:49] SCORE The bandits (lawn green): Final=1349.5, Time=90.0, Moves(42)=75.5, Pins(8)=800.0, Dist=384.0, Win Bonus=0.0
[2026-05-22 10:16:49] SCORE jat (gray0): Final=2539.7, Time=64.2, Moves(42)=75.5, Pins(10)=1000.0, Dist=400.0, Win Bonus=1000.0
[2026-05-22 10:16:49] ALL WRONG MOVES BY COLOUR: {}
[2026-05-22 10:16:49] GAME TIME LIMIT REACHED.
[2026-05-22 10:16:50] SCORE The bandits (lawn green): Final=1349.5, Time=90.0, Moves(42)=75.5, Pins(8)=800.0, Dist=384.0, Win Bonus=0.0
[2026-05-22 10:16:50] SCORE jat (gray0): Final=2539.7, Time=64.2, Moves(42)=75.5, Pins(10)=1000.0, Dist=400.0, Win Bonus=1000.0
[2026-05-22 10:16:50] ALL WRONG MOVES BY COLOUR: {}
[2026-05-22 10:16:50] GAME TIME LIMIT REACHED.
[2026-05-22 10:16:50] SCORE The bandits (lawn green): Final=1349.5, Time=90.0, Moves(42)=75.5, Pins(8)=800.0, Dist=384.0, Win Bonus=0.0
[2026-05-22 10:16:50] SCORE jat (gray0): Final=2539.7, Time=64.2, Moves(42)=75.5, Pins(10)=1000.0, Dist=400.0, Win Bonus=1000.0
[2026-05-22 10:16:50] ALL WRONG MOVES BY COLOUR: {}
[2026-05-22 10:16:50] GAME TIME LIMIT REACHED.
[2026-05-22 10:16:50] SCORE The bandits (lawn green): Final=1349.5, Time=90.0, Moves(42)=75.5, Pins(8)=800.0, Dist=384.0, Win Bonus=0.0
[2026-05-22 10:16:50] SCORE jat (gray0): Final=2539.7, Time=64.2, Moves(42)=75.5, Pins(10)=1000.0, Dist=400.0, Win Bonus=1000.0
[2026-05-22 10:16:50] ALL WRONG MOVES BY COLOUR: {}
[2026-05-22 10:16:50] GAME TIME LIMIT REACHED.
[2026-05-22 10:16:50] SCORE The bandits (lawn green): Final=1349.5, Time=90.0, Moves(42)=75.5, Pins(8)=800.0, Dist=384.0, Win Bonus=0.0
[2026-05-22 10:16:50] SCORE jat (gray0): Final=2539.7, Time=64.2, Moves(42)=75.5, Pins(10)=1000.0, Dist=400.0, Win Bonus=1000.0
[2026-05-22 10:16:50] ALL WRONG MOVES BY COLOUR: {}
[2026-05-22 10:16:50] GAME TIME LIMIT REACHED.
[2026-05-22 10:16:51] SCORE The bandits (lawn green): Final=1349.5, Time=90.0, Moves(42)=75.5, Pins(8)=800.0, Dist=384.0, Win Bonus=0.0
[2026-05-22 10:16:51] SCORE jat (gray0): Final=2539.7, Time=64.2, Moves(42)=75.5, Pins(10)=1000.0, Dist=400.0, Win Bonus=1000.0
[2026-05-22 10:16:51] ALL WRONG MOVES BY COLOUR: {}
[2026-05-22 10:16:51] GAME TIME LIMIT REACHED.
[2026-05-22 10:16:51] SCORE The bandits (lawn green): Final=1349.5, Time=90.0, Moves(42)=75.5, Pins(8)=800.0, Dist=384.0, Win Bonus=0.0
[2026-05-22 10:16:51] SCORE jat (gray0): Final=2539.7, Time=64.2, Moves(42)=75.5, Pins(10)=1000.0, Dist=400.0, Win Bonus=1000.0
[2026-05-22 10:16:51] ALL WRONG MOVES BY COLOUR: {}
[2026-05-22 10:16:51] GAME TIME LIMIT REACHED.
[2026-05-22 10:16:51] SCORE The bandits (lawn green): Final=1349.5, Time=90.0, Moves(42)=75.5, Pins(8)=800.0, Dist=384.0, Win Bonus=0.0
[2026-05-22 10:16:51] SCORE jat (gray0): Final=2539.7, Time=64.2, Moves(42)=75.5, Pins(10)=1000.0, Dist=400.0, Win Bonus=1000.0
[2026-05-22 10:16:51] ALL WRONG MOVES BY COLOUR: {}
[2026-05-22 10:16:51] GAME TIME LIMIT REACHED.
[2026-05-22 10:16:51] SCORE The bandits (lawn green): Final=1349.5, Time=90.0, Moves(42)=75.5, Pins(8)=800.0, Dist=384.0, Win Bonus=0.0
[2026-05-22 10:16:51] SCORE jat (gray0): Final=2539.7, Time=64.2, Moves(42)=75.5, Pins(10)=1000.0, Dist=400.0, Win Bonus=1000.0
[2026-05-22 10:16:51] ALL WRONG MOVES BY COLOUR: {}
[2026-05-22 10:16:51] GAME TIME LIMIT REACHED.
[2026-05-22 10:16:52] SCORE The bandits (lawn green): Final=1349.5, Time=90.0, Moves(42)=75.5, Pins(8)=800.0, Dist=384.0, Win Bonus=0.0
[2026-05-22 10:16:52] SCORE jat (gray0): Final=2539.7, Time=64.2, Moves(42)=75.5, Pins(10)=1000.0, Dist=400.0, Win Bonus=1000.0
[2026-05-22 10:16:52] ALL WRONG MOVES BY COLOUR: {}
[2026-05-22 10:16:52] GAME TIME LIMIT REACHED.
[2026-05-22 10:16:52] SCORE The bandits (lawn green): Final=1349.5, Time=90.0, Moves(42)=75.5, Pins(8)=800.0, Dist=384.0, Win Bonus=0.0
[2026-05-22 10:16:52] SCORE jat (gray0): Final=2539.7, Time=64.2, Moves(42)=75.5, Pins(10)=1000.0, Dist=400.0, Win Bonus=1000.0
[2026-05-22 10:16:52] ALL WRONG MOVES BY COLOUR: {}
[2026-05-22 10:16:52] GAME TIME LIMIT REACHED.
[2026-05-22 10:16:52] SCORE The bandits (lawn green): Final=1349.5, Time=90.0, Moves(42)=75.5, Pins(8)=800.0, Dist=384.0, Win Bonus=0.0
[2026-05-22 10:16:52] SCORE jat (gray0): Final=2539.7, Time=64.2, Moves(42)=75.5, Pins(10)=1000.0, Dist=400.0, Win Bonus=1000.0
[2026-05-22 10:16:52] ALL WRONG MOVES BY COLOUR: {}
[2026-05-22 10:16:52] GAME TIME LIMIT REACHED.
[2026-05-22 10:16:52] SCORE The bandits (lawn green): Final=1349.5, Time=90.0, Moves(42)=75.5, Pins(8)=800.0, Dist=384.0, Win Bonus=0.0
[2026-05-22 10:16:52] SCORE jat (gray0): Final=2539.7, Time=64.2, Moves(42)=75.5, Pins(10)=1000.0, Dist=400.0, Win Bonus=1000.0
[2026-05-22 10:16:52] ALL WRONG MOVES BY COLOUR: {}
[2026-05-22 10:16:52] GAME TIME LIMIT REACHED.
[2026-05-22 10:16:52] SCORE The bandits (lawn green): Final=1349.5, Time=90.0, Moves(42)=75.5, Pins(8)=800.0, Dist=384.0, Win Bonus=0.0
[2026-05-22 10:16:52] SCORE jat (gray0): Final=2539.7, Time=64.2, Moves(42)=75.5, Pins(10)=1000.0, Dist=400.0, Win Bonus=1000.0
[2026-05-22 10:16:52] ALL WRONG MOVES BY COLOUR: {}
[2026-05-22 10:16:52] GAME TIME LIMIT REACHED.
[2026-05-22 10:16:53] SCORE The bandits (lawn green): Final=1349.5, Time=90.0, Moves(42)=75.5, Pins(8)=800.0, Dist=384.0, Win Bonus=0.0
[2026-05-22 10:16:53] SCORE jat (gray0): Final=2539.7, Time=64.2, Moves(42)=75.5, Pins(10)=1000.0, Dist=400.0, Win Bonus=1000.0
[2026-05-22 10:16:53] ALL WRONG MOVES BY COLOUR: {}
[2026-05-22 10:16:53] GAME TIME LIMIT REACHED.
[2026-05-22 10:16:53] SCORE The bandits (lawn green): Final=1349.5, Time=90.0, Moves(42)=75.5, Pins(8)=800.0, Dist=384.0, Win Bonus=0.0
[2026-05-22 10:16:53] SCORE jat (gray0): Final=2539.7, Time=64.2, Moves(42)=75.5, Pins(10)=1000.0, Dist=400.0, Win Bonus=1000.0
[2026-05-22 10:16:53] ALL WRONG MOVES BY COLOUR: {}
[2026-05-22 10:16:53] GAME TIME LIMIT REACHED.
[2026-05-22 10:16:53] SCORE The bandits (lawn green): Final=1349.5, Time=90.0, Moves(42)=75.5, Pins(8)=800.0, Dist=384.0, Win Bonus=0.0
[2026-05-22 10:16:53] SCORE jat (gray0): Final=2539.7, Time=64.2, Moves(42)=75.5, Pins(10)=1000.0, Dist=400.0, Win Bonus=1000.0
[2026-05-22 10:16:53] ALL WRONG MOVES BY COLOUR: {}
[2026-05-22 10:16:53] GAME TIME LIMIT REACHED.
[2026-05-22 10:16:53] SCORE The bandits (lawn green): Final=1349.5, Time=90.0, Moves(42)=75.5, Pins(8)=800.0, Dist=384.0, Win Bonus=0.0
[2026-05-22 10:16:53] SCORE jat (gray0): Final=2539.7, Time=64.2, Moves(42)=75.5, Pins(10)=1000.0, Dist=400.0, Win Bonus=1000.0
[2026-05-22 10:16:53] ALL WRONG MOVES BY COLOUR: {}
[2026-05-22 10:16:53] GAME TIME LIMIT REACHED.
[2026-05-22 10:16:54] SCORE The bandits (lawn green): Final=1349.5, Time=90.0, Moves(42)=75.5, Pins(8)=800.0, Dist=384.0, Win Bonus=0.0
[2026-05-22 10:16:54] SCORE jat (gray0): Final=2539.7, Time=64.2, Moves(42)=75.5, Pins(10)=1000.0, Dist=400.0, Win Bonus=1000.0
[2026-05-22 10:16:54] ALL WRONG MOVES BY COLOUR: {}
[2026-05-22 10:16:54] GAME TIME LIMIT REACHED.
[2026-05-22 10:16:54] SCORE The bandits (lawn green): Final=1349.5, Time=90.0, Moves(42)=75.5, Pins(8)=800.0, Dist=384.0, Win Bonus=0.0
[2026-05-22 10:16:54] SCORE jat (gray0): Final=2539.7, Time=64.2, Moves(42)=75.5, Pins(10)=1000.0, Dist=400.0, Win Bonus=1000.0
[2026-05-22 10:16:54] ALL WRONG MOVES BY COLOUR: {}
[2026-05-22 10:16:54] GAME TIME LIMIT REACHED.
[2026-05-22 10:16:54] SCORE The bandits (lawn green): Final=1349.5, Time=90.0, Moves(42)=75.5, Pins(8)=800.0, Dist=384.0, Win Bonus=0.0
[2026-05-22 10:16:54] SCORE jat (gray0): Final=2539.7, Time=64.2, Moves(42)=75.5, Pins(10)=1000.0, Dist=400.0, Win Bonus=1000.0
[2026-05-22 10:16:54] ALL WRONG MOVES BY COLOUR: {}
[2026-05-22 10:16:54] GAME TIME LIMIT REACHED.
[2026-05-22 10:16:54] SCORE The bandits (lawn green): Final=1349.5, Time=90.0, Moves(42)=75.5, Pins(8)=800.0, Dist=384.0, Win Bonus=0.0
[2026-05-22 10:16:54] SCORE jat (gray0): Final=2539.7, Time=64.2, Moves(42)=75.5, Pins(10)=1000.0, Dist=400.0, Win Bonus=1000.0
[2026-05-22 10:16:54] ALL WRONG MOVES BY COLOUR: {}
[2026-05-22 10:16:54] GAME TIME LIMIT REACHED.
[2026-05-22 10:16:55] SCORE The bandits (lawn green): Final=1349.5, Time=90.0, Moves(42)=75.5, Pins(8)=800.0, Dist=384.0, Win Bonus=0.0
[2026-05-22 10:16:55] SCORE jat (gray0): Final=2539.7, Time=64.2, Moves(42)=75.5, Pins(10)=1000.0, Dist=400.0, Win Bonus=1000.0
[2026-05-22 10:16:55] ALL WRONG MOVES BY COLOUR: {}
[2026-05-22 10:16:55] GAME TIME LIMIT REACHED.
[2026-05-22 10:16:55] SCORE The bandits (lawn green): Final=1349.5, Time=90.0, Moves(42)=75.5, Pins(8)=800.0, Dist=384.0, Win Bonus=0.0
[2026-05-22 10:16:55] SCORE jat (gray0): Final=2539.7, Time=64.2, Moves(42)=75.5, Pins(10)=1000.0, Dist=400.0, Win Bonus=1000.0
[2026-05-22 10:16:55] ALL WRONG MOVES BY COLOUR: {}
[2026-05-22 10:16:55] GAME TIME LIMIT REACHED.
[2026-05-22 10:16:55] SCORE The bandits (lawn green): Final=1349.5, Time=90.0, Moves(42)=75.5, Pins(8)=800.0, Dist=384.0, Win Bonus=0.0
[2026-05-22 10:16:55] SCORE jat (gray0): Final=2539.7, Time=64.2, Moves(42)=75.5, Pins(10)=1000.0, Dist=400.0, Win Bonus=1000.0
[2026-05-22 10:16:55] ALL WRONG MOVES BY COLOUR: {}
[2026-05-22 10:16:55] GAME TIME LIMIT REACHED.
[2026-05-22 10:16:55] SCORE The bandits (lawn green): Final=1349.5, Time=90.0, Moves(42)=75.5, Pins(8)=800.0, Dist=384.0, Win Bonus=0.0
[2026-05-22 10:16:55] SCORE jat (gray0): Final=2539.7, Time=64.2, Moves(42)=75.5, Pins(10)=1000.0, Dist=400.0, Win Bonus=1000.0
[2026-05-22 10:16:55] ALL WRONG MOVES BY COLOUR: {}
[2026-05-22 10:16:55] GAME TIME LIMIT REACHED.
[2026-05-22 10:16:56] SCORE The bandits (lawn green): Final=1349.5, Time=90.0, Moves(42)=75.5, Pins(8)=800.0, Dist=384.0, Win Bonus=0.0
[2026-05-22 10:16:56] SCORE jat (gray0): Final=2539.7, Time=64.2, Moves(42)=75.5, Pins(10)=1000.0, Dist=400.0, Win Bonus=1000.0
[2026-05-22 10:16:56] ALL WRONG MOVES BY COLOUR: {}
[2026-05-22 10:16:56] GAME TIME LIMIT REACHED.
[2026-05-22 10:16:56] SCORE The bandits (lawn green): Final=1349.5, Time=90.0, Moves(42)=75.5, Pins(8)=800.0, Dist=384.0, Win Bonus=0.0
[2026-05-22 10:16:56] SCORE jat (gray0): Final=2539.7, Time=64.2, Moves(42)=75.5, Pins(10)=1000.0, Dist=400.0, Win Bonus=1000.0
[2026-05-22 10:16:56] ALL WRONG MOVES BY COLOUR: {}
[2026-05-22 10:16:56] GAME TIME LIMIT REACHED.
[2026-05-22 10:16:56] SCORE The bandits (lawn green): Final=1349.5, Time=90.0, Moves(42)=75.5, Pins(8)=800.0, Dist=384.0, Win Bonus=0.0
[2026-05-22 10:16:56] SCORE jat (gray0): Final=2539.7, Time=64.2, Moves(42)=75.5, Pins(10)=1000.0, Dist=400.0, Win Bonus=1000.0
[2026-05-22 10:16:56] ALL WRONG MOVES BY COLOUR: {}
[2026-05-22 10:16:56] GAME TIME LIMIT REACHED.
[2026-05-22 10:16:56] SCORE The bandits (lawn green): Final=1349.5, Time=90.0, Moves(42)=75.5, Pins(8)=800.0, Dist=384.0, Win Bonus=0.0
[2026-05-22 10:16:56] SCORE jat (gray0): Final=2539.7, Time=64.2, Moves(42)=75.5, Pins(10)=1000.0, Dist=400.0, Win Bonus=1000.0
[2026-05-22 10:16:56] ALL WRONG MOVES BY COLOUR: {}
[2026-05-22 10:16:56] GAME TIME LIMIT REACHED.
[2026-05-22 10:16:57] SCORE The bandits (lawn green): Final=1349.5, Time=90.0, Moves(42)=75.5, Pins(8)=800.0, Dist=384.0, Win Bonus=0.0
[2026-05-22 10:16:57] SCORE jat (gray0): Final=2539.7, Time=64.2, Moves(42)=75.5, Pins(10)=1000.0, Dist=400.0, Win Bonus=1000.0
[2026-05-22 10:16:57] ALL WRONG MOVES BY COLOUR: {}
[2026-05-22 10:16:57] GAME TIME LIMIT REACHED.
[2026-05-22 10:16:57] SCORE The bandits (lawn green): Final=1349.5, Time=90.0, Moves(42)=75.5, Pins(8)=800.0, Dist=384.0, Win Bonus=0.0
[2026-05-22 10:16:57] SCORE jat (gray0): Final=2539.7, Time=64.2, Moves(42)=75.5, Pins(10)=1000.0, Dist=400.0, Win Bonus=1000.0
[2026-05-22 10:16:57] ALL WRONG MOVES BY COLOUR: {}
[2026-05-22 10:16:57] GAME TIME LIMIT REACHED.
[2026-05-22 10:16:57] SCORE The bandits (lawn green): Final=1349.5, Time=90.0, Moves(42)=75.5, Pins(8)=800.0, Dist=384.0, Win Bonus=0.0
[2026-05-22 10:16:57] SCORE jat (gray0): Final=2539.7, Time=64.2, Moves(42)=75.5, Pins(10)=1000.0, Dist=400.0, Win Bonus=1000.0
[2026-05-22 10:16:57] ALL WRONG MOVES BY COLOUR: {}
[2026-05-22 10:16:57] GAME TIME LIMIT REACHED.
[2026-05-22 10:16:57] SCORE The bandits (lawn green): Final=1349.5, Time=90.0, Moves(42)=75.5, Pins(8)=800.0, Dist=384.0, Win Bonus=0.0
[2026-05-22 10:16:57] SCORE jat (gray0): Final=2539.7, Time=64.2, Moves(42)=75.5, Pins(10)=1000.0, Dist=400.0, Win Bonus=1000.0
[2026-05-22 10:16:57] ALL WRONG MOVES BY COLOUR: {}
[2026-05-22 10:16:57] GAME TIME LIMIT REACHED.
[2026-05-22 10:16:58] SCORE The bandits (lawn green): Final=1349.5, Time=90.0, Moves(42)=75.5, Pins(8)=800.0, Dist=384.0, Win Bonus=0.0
[2026-05-22 10:16:58] SCORE jat (gray0): Final=2539.7, Time=64.2, Moves(42)=75.5, Pins(10)=1000.0, Dist=400.0, Win Bonus=1000.0
[2026-05-22 10:16:58] ALL WRONG MOVES BY COLOUR: {}
[2026-05-22 10:16:58] GAME TIME LIMIT REACHED.
[2026-05-22 10:16:58] SCORE The bandits (lawn green): Final=1349.5, Time=90.0, Moves(42)=75.5, Pins(8)=800.0, Dist=384.0, Win Bonus=0.0
[2026-05-22 10:16:58] SCORE jat (gray0): Final=2539.7, Time=64.2, Moves(42)=75.5, Pins(10)=1000.0, Dist=400.0, Win Bonus=1000.0
[2026-05-22 10:16:58] ALL WRONG MOVES BY COLOUR: {}
[2026-05-22 10:16:58] GAME TIME LIMIT REACHED.
[2026-05-22 10:16:58] SCORE The bandits (lawn green): Final=1349.5, Time=90.0, Moves(42)=75.5, Pins(8)=800.0, Dist=384.0, Win Bonus=0.0
[2026-05-22 10:16:58] SCORE jat (gray0): Final=2539.7, Time=64.2, Moves(42)=75.5, Pins(10)=1000.0, Dist=400.0, Win Bonus=1000.0
[2026-05-22 10:16:58] ALL WRONG MOVES BY COLOUR: {}
[2026-05-22 10:16:58] GAME TIME LIMIT REACHED.
[2026-05-22 10:16:58] SCORE The bandits (lawn green): Final=1349.5, Time=90.0, Moves(42)=75.5, Pins(8)=800.0, Dist=384.0, Win Bonus=0.0
[2026-05-22 10:16:58] SCORE jat (gray0): Final=2539.7, Time=64.2, Moves(42)=75.5, Pins(10)=1000.0, Dist=400.0, Win Bonus=1000.0
[2026-05-22 10:16:58] ALL WRONG MOVES BY COLOUR: {}
[2026-05-22 10:16:58] GAME TIME LIMIT REACHED.
[2026-05-22 10:16:59] SCORE The bandits (lawn green): Final=1349.5, Time=90.0, Moves(42)=75.5, Pins(8)=800.0, Dist=384.0, Win Bonus=0.0
[2026-05-22 10:16:59] SCORE jat (gray0): Final=2539.7, Time=64.2, Moves(42)=75.5, Pins(10)=1000.0, Dist=400.0, Win Bonus=1000.0
[2026-05-22 10:16:59] ALL WRONG MOVES BY COLOUR: {}
[2026-05-22 10:16:59] GAME TIME LIMIT REACHED.
[2026-05-22 10:16:59] SCORE The bandits (lawn green): Final=1349.5, Time=90.0, Moves(42)=75.5, Pins(8)=800.0, Dist=384.0, Win Bonus=0.0
[2026-05-22 10:16:59] SCORE jat (gray0): Final=2539.7, Time=64.2, Moves(42)=75.5, Pins(10)=1000.0, Dist=400.0, Win Bonus=1000.0
[2026-05-22 10:16:59] ALL WRONG MOVES BY COLOUR: {}
[2026-05-22 10:16:59] GAME TIME LIMIT REACHED.
[2026-05-22 10:16:59] SCORE The bandits (lawn green): Final=1349.5, Time=90.0, Moves(42)=75.5, Pins(8)=800.0, Dist=384.0, Win Bonus=0.0
[2026-05-22 10:16:59] SCORE jat (gray0): Final=2539.7, Time=64.2, Moves(42)=75.5, Pins(10)=1000.0, Dist=400.0, Win Bonus=1000.0
[2026-05-22 10:16:59] ALL WRONG MOVES BY COLOUR: {}
[2026-05-22 10:16:59] GAME TIME LIMIT REACHED.
[2026-05-22 10:16:59] SCORE The bandits (lawn green): Final=1349.5, Time=90.0, Moves(42)=75.5, Pins(8)=800.0, Dist=384.0, Win Bonus=0.0
[2026-05-22 10:16:59] SCORE jat (gray0): Final=2539.7, Time=64.2, Moves(42)=75.5, Pins(10)=1000.0, Dist=400.0, Win Bonus=1000.0
[2026-05-22 10:16:59] ALL WRONG MOVES BY COLOUR: {}
[2026-05-22 10:16:59] GAME TIME LIMIT REACHED.
[2026-05-22 10:17:00] SCORE The bandits (lawn green): Final=1349.5, Time=90.0, Moves(42)=75.5, Pins(8)=800.0, Dist=384.0, Win Bonus=0.0
[2026-05-22 10:17:00] SCORE jat (gray0): Final=2539.7, Time=64.2, Moves(42)=75.5, Pins(10)=1000.0, Dist=400.0, Win Bonus=1000.0
[2026-05-22 10:17:00] ALL WRONG MOVES BY COLOUR: {}
[2026-05-22 10:17:00] GAME TIME LIMIT REACHED.
[2026-05-22 10:17:00] SCORE The bandits (lawn green): Final=1349.5, Time=90.0, Moves(42)=75.5, Pins(8)=800.0, Dist=384.0, Win Bonus=0.0
[2026-05-22 10:17:00] SCORE jat (gray0): Final=2539.7, Time=64.2, Moves(42)=75.5, Pins(10)=1000.0, Dist=400.0, Win Bonus=1000.0
[2026-05-22 10:17:00] ALL WRONG MOVES BY COLOUR: {}
[2026-05-22 10:17:00] GAME TIME LIMIT REACHED.
[2026-05-22 10:17:00] SCORE The bandits (lawn green): Final=1349.5, Time=90.0, Moves(42)=75.5, Pins(8)=800.0, Dist=384.0, Win Bonus=0.0
[2026-05-22 10:17:00] SCORE jat (gray0): Final=2539.7, Time=64.2, Moves(42)=75.5, Pins(10)=1000.0, Dist=400.0, Win Bonus=1000.0
[2026-05-22 10:17:00] ALL WRONG MOVES BY COLOUR: {}
[2026-05-22 10:17:00] GAME TIME LIMIT REACHED.
[2026-05-22 10:17:00] SCORE The bandits (lawn green): Final=1349.5, Time=90.0, Moves(42)=75.5, Pins(8)=800.0, Dist=384.0, Win Bonus=0.0
[2026-05-22 10:17:00] SCORE jat (gray0): Final=2539.7, Time=64.2, Moves(42)=75.5, Pins(10)=1000.0, Dist=400.0, Win Bonus=1000.0
[2026-05-22 10:17:00] ALL WRONG MOVES BY COLOUR: {}
[2026-05-22 10:17:00] GAME TIME LIMIT REACHED.
[2026-05-22 10:17:01] SCORE The bandits (lawn green): Final=1349.5, Time=90.0, Moves(42)=75.5, Pins(8)=800.0, Dist=384.0, Win Bonus=0.0
[2026-05-22 10:17:01] SCORE jat (gray0): Final=2539.7, Time=64.2, Moves(42)=75.5, Pins(10)=1000.0, Dist=400.0, Win Bonus=1000.0
[2026-05-22 10:17:01] ALL WRONG MOVES BY COLOUR: {}
[2026-05-22 10:17:01] GAME TIME LIMIT REACHED.
[2026-05-22 10:17:01] SCORE The bandits (lawn green): Final=1349.5, Time=90.0, Moves(42)=75.5, Pins(8)=800.0, Dist=384.0, Win Bonus=0.0
[2026-05-22 10:17:01] SCORE jat (gray0): Final=2539.7, Time=64.2, Moves(42)=75.5, Pins(10)=1000.0, Dist=400.0, Win Bonus=1000.0
[2026-05-22 10:17:01] ALL WRONG MOVES BY COLOUR: {}
[2026-05-22 10:17:01] GAME TIME LIMIT REACHED.
[2026-05-22 10:17:01] SCORE The bandits (lawn green): Final=1349.5, Time=90.0, Moves(42)=75.5, Pins(8)=800.0, Dist=384.0, Win Bonus=0.0
[2026-05-22 10:17:01] SCORE jat (gray0): Final=2539.7, Time=64.2, Moves(42)=75.5, Pins(10)=1000.0, Dist=400.0, Win Bonus=1000.0
[2026-05-22 10:17:01] ALL WRONG MOVES BY COLOUR: {}
[2026-05-22 10:17:01] GAME TIME LIMIT REACHED.
[2026-05-22 10:17:01] SCORE The bandits (lawn green): Final=1349.5, Time=90.0, Moves(42)=75.5, Pins(8)=800.0, Dist=384.0, Win Bonus=0.0
[2026-05-22 10:17:01] SCORE jat (gray0): Final=2539.7, Time=64.2, Moves(42)=75.5, Pins(10)=1000.0, Dist=400.0, Win Bonus=1000.0
[2026-05-22 10:17:01] ALL WRONG MOVES BY COLOUR: {}
[2026-05-22 10:17:01] GAME TIME LIMIT REACHED.
[2026-05-22 10:17:01] SCORE The bandits (lawn green): Final=1349.5, Time=90.0, Moves(42)=75.5, Pins(8)=800.0, Dist=384.0, Win Bonus=0.0
[2026-05-22 10:17:01] SCORE jat (gray0): Final=2539.7, Time=64.2, Moves(42)=75.5, Pins(10)=1000.0, Dist=400.0, Win Bonus=1000.0
[2026-05-22 10:17:01] ALL WRONG MOVES BY COLOUR: {}
[2026-05-22 10:17:02] GAME TIME LIMIT REACHED.
[2026-05-22 10:17:02] SCORE The bandits (lawn green): Final=1349.5, Time=90.0, Moves(42)=75.5, Pins(8)=800.0, Dist=384.0, Win Bonus=0.0
[2026-05-22 10:17:02] SCORE jat (gray0): Final=2539.7, Time=64.2, Moves(42)=75.5, Pins(10)=1000.0, Dist=400.0, Win Bonus=1000.0
[2026-05-22 10:17:02] ALL WRONG MOVES BY COLOUR: {}
[2026-05-22 10:17:02] GAME TIME LIMIT REACHED.
[2026-05-22 10:17:02] SCORE The bandits (lawn green): Final=1349.5, Time=90.0, Moves(42)=75.5, Pins(8)=800.0, Dist=384.0, Win Bonus=0.0
[2026-05-22 10:17:02] SCORE jat (gray0): Final=2539.7, Time=64.2, Moves(42)=75.5, Pins(10)=1000.0, Dist=400.0, Win Bonus=1000.0
[2026-05-22 10:17:02] ALL WRONG MOVES BY COLOUR: {}
[2026-05-22 10:17:02] GAME TIME LIMIT REACHED.
[2026-05-22 10:17:02] SCORE The bandits (lawn green): Final=1349.5, Time=90.0, Moves(42)=75.5, Pins(8)=800.0, Dist=384.0, Win Bonus=0.0
[2026-05-22 10:17:02] SCORE jat (gray0): Final=2539.7, Time=64.2, Moves(42)=75.5, Pins(10)=1000.0, Dist=400.0, Win Bonus=1000.0
[2026-05-22 10:17:02] ALL WRONG MOVES BY COLOUR: {}
[2026-05-22 10:17:02] GAME TIME LIMIT REACHED.
[2026-05-22 10:17:02] SCORE The bandits (lawn green): Final=1349.5, Time=90.0, Moves(42)=75.5, Pins(8)=800.0, Dist=384.0, Win Bonus=0.0
[2026-05-22 10:17:02] SCORE jat (gray0): Final=2539.7, Time=64.2, Moves(42)=75.5, Pins(10)=1000.0, Dist=400.0, Win Bonus=1000.0
[2026-05-22 10:17:02] ALL WRONG MOVES BY COLOUR: {}
[2026-05-22 10:17:02] GAME TIME LIMIT REACHED.
[2026-05-22 10:17:03] SCORE The bandits (lawn green): Final=1349.5, Time=90.0, Moves(42)=75.5, Pins(8)=800.0, Dist=384.0, Win Bonus=0.0
[2026-05-22 10:17:03] SCORE jat (gray0): Final=2539.7, Time=64.2, Moves(42)=75.5, Pins(10)=1000.0, Dist=400.0, Win Bonus=1000.0
[2026-05-22 10:17:03] ALL WRONG MOVES BY COLOUR: {}
[2026-05-22 10:17:03] GAME TIME LIMIT REACHED.
[2026-05-22 10:17:03] SCORE The bandits (lawn green): Final=1349.5, Time=90.0, Moves(42)=75.5, Pins(8)=800.0, Dist=384.0, Win Bonus=0.0
[2026-05-22 10:17:03] SCORE jat (gray0): Final=2539.7, Time=64.2, Moves(42)=75.5, Pins(10)=1000.0, Dist=400.0, Win Bonus=1000.0
[2026-05-22 10:17:03] ALL WRONG MOVES BY COLOUR: {}
[2026-05-22 10:17:03] GAME TIME LIMIT REACHED.
[2026-05-22 10:17:03] SCORE The bandits (lawn green): Final=1349.5, Time=90.0, Moves(42)=75.5, Pins(8)=800.0, Dist=384.0, Win Bonus=0.0
[2026-05-22 10:17:03] SCORE jat (gray0): Final=2539.7, Time=64.2, Moves(42)=75.5, Pins(10)=1000.0, Dist=400.0, Win Bonus=1000.0
[2026-05-22 10:17:03] ALL WRONG MOVES BY COLOUR: {}
[2026-05-22 10:17:03] GAME TIME LIMIT REACHED.
[2026-05-22 10:17:03] SCORE The bandits (lawn green): Final=1349.5, Time=90.0, Moves(42)=75.5, Pins(8)=800.0, Dist=384.0, Win Bonus=0.0
[2026-05-22 10:17:03] SCORE jat (gray0): Final=2539.7, Time=64.2, Moves(42)=75.5, Pins(10)=1000.0, Dist=400.0, Win Bonus=1000.0
[2026-05-22 10:17:03] ALL WRONG MOVES BY COLOUR: {}
[2026-05-22 10:17:03] GAME TIME LIMIT REACHED.
[2026-05-22 10:17:04] SCORE The bandits (lawn green): Final=1349.5, Time=90.0, Moves(42)=75.5, Pins(8)=800.0, Dist=384.0, Win Bonus=0.0
[2026-05-22 10:17:04] SCORE jat (gray0): Final=2539.7, Time=64.2, Moves(42)=75.5, Pins(10)=1000.0, Dist=400.0, Win Bonus=1000.0
[2026-05-22 10:17:04] ALL WRONG MOVES BY COLOUR: {}
[2026-05-22 10:17:04] GAME TIME LIMIT REACHED.
[2026-05-22 10:17:04] SCORE The bandits (lawn green): Final=1349.5, Time=90.0, Moves(42)=75.5, Pins(8)=800.0, Dist=384.0, Win Bonus=0.0
[2026-05-22 10:17:04] SCORE jat (gray0): Final=2539.7, Time=64.2, Moves(42)=75.5, Pins(10)=1000.0, Dist=400.0, Win Bonus=1000.0
[2026-05-22 10:17:04] ALL WRONG MOVES BY COLOUR: {}
[2026-05-22 10:17:04] GAME TIME LIMIT REACHED.
[2026-05-22 10:17:04] SCORE The bandits (lawn green): Final=1349.5, Time=90.0, Moves(42)=75.5, Pins(8)=800.0, Dist=384.0, Win Bonus=0.0
[2026-05-22 10:17:04] SCORE jat (gray0): Final=2539.7, Time=64.2, Moves(42)=75.5, Pins(10)=1000.0, Dist=400.0, Win Bonus=1000.0
[2026-05-22 10:17:04] ALL WRONG MOVES BY COLOUR: {}
[2026-05-22 10:17:04] GAME TIME LIMIT REACHED.
[2026-05-22 10:17:04] SCORE The bandits (lawn green): Final=1349.5, Time=90.0, Moves(42)=75.5, Pins(8)=800.0, Dist=384.0, Win Bonus=0.0
[2026-05-22 10:17:04] SCORE jat (gray0): Final=2539.7, Time=64.2, Moves(42)=75.5, Pins(10)=1000.0, Dist=400.0, Win Bonus=1000.0
[2026-05-22 10:17:04] ALL WRONG MOVES BY COLOUR: {}
[2026-05-22 10:17:04] GAME TIME LIMIT REACHED.
[2026-05-22 10:17:05] SCORE The bandits (lawn green): Final=1349.5, Time=90.0, Moves(42)=75.5, Pins(8)=800.0, Dist=384.0, Win Bonus=0.0
[2026-05-22 10:17:05] SCORE jat (gray0): Final=2539.7, Time=64.2, Moves(42)=75.5, Pins(10)=1000.0, Dist=400.0, Win Bonus=1000.0
[2026-05-22 10:17:05] ALL WRONG MOVES BY COLOUR: {}
[2026-05-22 10:17:05] GAME TIME LIMIT REACHED.
[2026-05-22 10:17:05] SCORE The bandits (lawn green): Final=1349.5, Time=90.0, Moves(42)=75.5, Pins(8)=800.0, Dist=384.0, Win Bonus=0.0
[2026-05-22 10:17:05] SCORE jat (gray0): Final=2539.7, Time=64.2, Moves(42)=75.5, Pins(10)=1000.0, Dist=400.0, Win Bonus=1000.0
[2026-05-22 10:17:05] ALL WRONG MOVES BY COLOUR: {}
[2026-05-22 10:17:05] GAME TIME LIMIT REACHED.
[2026-05-22 10:17:05] SCORE The bandits (lawn green): Final=1349.5, Time=90.0, Moves(42)=75.5, Pins(8)=800.0, Dist=384.0, Win Bonus=0.0
[2026-05-22 10:17:05] SCORE jat (gray0): Final=2539.7, Time=64.2, Moves(42)=75.5, Pins(10)=1000.0, Dist=400.0, Win Bonus=1000.0
[2026-05-22 10:17:05] ALL WRONG MOVES BY COLOUR: {}
[2026-05-22 10:17:05] GAME TIME LIMIT REACHED.
[2026-05-22 10:17:05] SCORE The bandits (lawn green): Final=1349.5, Time=90.0, Moves(42)=75.5, Pins(8)=800.0, Dist=384.0, Win Bonus=0.0
[2026-05-22 10:17:05] SCORE jat (gray0): Final=2539.7, Time=64.2, Moves(42)=75.5, Pins(10)=1000.0, Dist=400.0, Win Bonus=1000.0
[2026-05-22 10:17:05] ALL WRONG MOVES BY COLOUR: {}
[2026-05-22 10:17:05] GAME TIME LIMIT REACHED.
[2026-05-22 10:17:06] SCORE The bandits (lawn green): Final=1349.5, Time=90.0, Moves(42)=75.5, Pins(8)=800.0, Dist=384.0, Win Bonus=0.0
[2026-05-22 10:17:06] SCORE jat (gray0): Final=2539.7, Time=64.2, Moves(42)=75.5, Pins(10)=1000.0, Dist=400.0, Win Bonus=1000.0
[2026-05-22 10:17:06] ALL WRONG MOVES BY COLOUR: {}
[2026-05-22 10:17:06] GAME TIME LIMIT REACHED.
[2026-05-22 10:17:06] SCORE The bandits (lawn green): Final=1349.5, Time=90.0, Moves(42)=75.5, Pins(8)=800.0, Dist=384.0, Win Bonus=0.0
[2026-05-22 10:17:06] SCORE jat (gray0): Final=2539.7, Time=64.2, Moves(42)=75.5, Pins(10)=1000.0, Dist=400.0, Win Bonus=1000.0
[2026-05-22 10:17:06] ALL WRONG MOVES BY COLOUR: {}
[2026-05-22 10:17:06] GAME TIME LIMIT REACHED.
[2026-05-22 10:17:06] SCORE The bandits (lawn green): Final=1349.5, Time=90.0, Moves(42)=75.5, Pins(8)=800.0, Dist=384.0, Win Bonus=0.0
[2026-05-22 10:17:06] SCORE jat (gray0): Final=2539.7, Time=64.2, Moves(42)=75.5, Pins(10)=1000.0, Dist=400.0, Win Bonus=1000.0
[2026-05-22 10:17:06] ALL WRONG MOVES BY COLOUR: {}
[2026-05-22 10:17:06] GAME TIME LIMIT REACHED.
[2026-05-22 10:17:06] SCORE The bandits (lawn green): Final=1349.5, Time=90.0, Moves(42)=75.5, Pins(8)=800.0, Dist=384.0, Win Bonus=0.0
[2026-05-22 10:17:06] SCORE jat (gray0): Final=2539.7, Time=64.2, Moves(42)=75.5, Pins(10)=1000.0, Dist=400.0, Win Bonus=1000.0
[2026-05-22 10:17:06] ALL WRONG MOVES BY COLOUR: {}
[2026-05-22 10:17:06] GAME TIME LIMIT REACHED.
[2026-05-22 10:17:06] SCORE The bandits (lawn green): Final=1349.5, Time=90.0, Moves(42)=75.5, Pins(8)=800.0, Dist=384.0, Win Bonus=0.0
[2026-05-22 10:17:06] SCORE jat (gray0): Final=2539.7, Time=64.2, Moves(42)=75.5, Pins(10)=1000.0, Dist=400.0, Win Bonus=1000.0
[2026-05-22 10:17:06] ALL WRONG MOVES BY COLOUR: {}
[2026-05-22 10:17:06] GAME TIME LIMIT REACHED.
[2026-05-22 10:17:07] SCORE The bandits (lawn green): Final=1349.5, Time=90.0, Moves(42)=75.5, Pins(8)=800.0, Dist=384.0, Win Bonus=0.0
[2026-05-22 10:17:07] SCORE jat (gray0): Final=2539.7, Time=64.2, Moves(42)=75.5, Pins(10)=1000.0, Dist=400.0, Win Bonus=1000.0
[2026-05-22 10:17:07] ALL WRONG MOVES BY COLOUR: {}
[2026-05-22 10:17:07] GAME TIME LIMIT REACHED.
[2026-05-22 10:17:07] SCORE The bandits (lawn green): Final=1349.5, Time=90.0, Moves(42)=75.5, Pins(8)=800.0, Dist=384.0, Win Bonus=0.0
[2026-05-22 10:17:07] SCORE jat (gray0): Final=2539.7, Time=64.2, Moves(42)=75.5, Pins(10)=1000.0, Dist=400.0, Win Bonus=1000.0
[2026-05-22 10:17:07] ALL WRONG MOVES BY COLOUR: {}
[2026-05-22 10:17:07] GAME TIME LIMIT REACHED.
[2026-05-22 10:17:07] SCORE The bandits (lawn green): Final=1349.5, Time=90.0, Moves(42)=75.5, Pins(8)=800.0, Dist=384.0, Win Bonus=0.0
[2026-05-22 10:17:07] SCORE jat (gray0): Final=2539.7, Time=64.2, Moves(42)=75.5, Pins(10)=1000.0, Dist=400.0, Win Bonus=1000.0
[2026-05-22 10:17:07] ALL WRONG MOVES BY COLOUR: {}
[2026-05-22 10:17:07] GAME TIME LIMIT REACHED.
[2026-05-22 10:17:07] SCORE The bandits (lawn green): Final=1349.5, Time=90.0, Moves(42)=75.5, Pins(8)=800.0, Dist=384.0, Win Bonus=0.0
[2026-05-22 10:17:07] SCORE jat (gray0): Final=2539.7, Time=64.2, Moves(42)=75.5, Pins(10)=1000.0, Dist=400.0, Win Bonus=1000.0
[2026-05-22 10:17:07] ALL WRONG MOVES BY COLOUR: {}
[2026-05-22 10:17:07] GAME TIME LIMIT REACHED.
[2026-05-22 10:17:08] SCORE The bandits (lawn green): Final=1349.5, Time=90.0, Moves(42)=75.5, Pins(8)=800.0, Dist=384.0, Win Bonus=0.0
[2026-05-22 10:17:08] SCORE jat (gray0): Final=2539.7, Time=64.2, Moves(42)=75.5, Pins(10)=1000.0, Dist=400.0, Win Bonus=1000.0
[2026-05-22 10:17:08] ALL WRONG MOVES BY COLOUR: {}
[2026-05-22 10:17:08] GAME TIME LIMIT REACHED.
[2026-05-22 10:17:08] SCORE The bandits (lawn green): Final=1349.5, Time=90.0, Moves(42)=75.5, Pins(8)=800.0, Dist=384.0, Win Bonus=0.0
[2026-05-22 10:17:08] SCORE jat (gray0): Final=2539.7, Time=64.2, Moves(42)=75.5, Pins(10)=1000.0, Dist=400.0, Win Bonus=1000.0
[2026-05-22 10:17:08] ALL WRONG MOVES BY COLOUR: {}
[2026-05-22 10:17:08] GAME TIME LIMIT REACHED.
[2026-05-22 10:17:08] SCORE The bandits (lawn green): Final=1349.5, Time=90.0, Moves(42)=75.5, Pins(8)=800.0, Dist=384.0, Win Bonus=0.0
[2026-05-22 10:17:08] SCORE jat (gray0): Final=2539.7, Time=64.2, Moves(42)=75.5, Pins(10)=1000.0, Dist=400.0, Win Bonus=1000.0
[2026-05-22 10:17:08] ALL WRONG MOVES BY COLOUR: {}
[2026-05-22 10:17:08] GAME TIME LIMIT REACHED.
[2026-05-22 10:17:08] SCORE The bandits (lawn green): Final=1349.5, Time=90.0, Moves(42)=75.5, Pins(8)=800.0, Dist=384.0, Win Bonus=0.0
[2026-05-22 10:17:08] SCORE jat (gray0): Final=2539.7, Time=64.2, Moves(42)=75.5, Pins(10)=1000.0, Dist=400.0, Win Bonus=1000.0
[2026-05-22 10:17:08] ALL WRONG MOVES BY COLOUR: {}
[2026-05-22 10:17:08] GAME TIME LIMIT REACHED.
[2026-05-22 10:17:09] SCORE The bandits (lawn green): Final=1349.5, Time=90.0, Moves(42)=75.5, Pins(8)=800.0, Dist=384.0, Win Bonus=0.0
[2026-05-22 10:17:09] SCORE jat (gray0): Final=2539.7, Time=64.2, Moves(42)=75.5, Pins(10)=1000.0, Dist=400.0, Win Bonus=1000.0
[2026-05-22 10:17:09] ALL WRONG MOVES BY COLOUR: {}
[2026-05-22 10:17:09] GAME TIME LIMIT REACHED.
[2026-05-22 10:17:09] SCORE The bandits (lawn green): Final=1349.5, Time=90.0, Moves(42)=75.5, Pins(8)=800.0, Dist=384.0, Win Bonus=0.0
[2026-05-22 10:17:09] SCORE jat (gray0): Final=2539.7, Time=64.2, Moves(42)=75.5, Pins(10)=1000.0, Dist=400.0, Win Bonus=1000.0
[2026-05-22 10:17:09] ALL WRONG MOVES BY COLOUR: {}
[2026-05-22 10:17:09] GAME TIME LIMIT REACHED.
[2026-05-22 10:17:09] SCORE The bandits (lawn green): Final=1349.5, Time=90.0, Moves(42)=75.5, Pins(8)=800.0, Dist=384.0, Win Bonus=0.0
[2026-05-22 10:17:09] SCORE jat (gray0): Final=2539.7, Time=64.2, Moves(42)=75.5, Pins(10)=1000.0, Dist=400.0, Win Bonus=1000.0
[2026-05-22 10:17:09] ALL WRONG MOVES BY COLOUR: {}
[2026-05-22 10:17:09] GAME TIME LIMIT REACHED.
[2026-05-22 10:17:09] SCORE The bandits (lawn green): Final=1349.5, Time=90.0, Moves(42)=75.5, Pins(8)=800.0, Dist=384.0, Win Bonus=0.0
[2026-05-22 10:17:09] SCORE jat (gray0): Final=2539.7, Time=64.2, Moves(42)=75.5, Pins(10)=1000.0, Dist=400.0, Win Bonus=1000.0
[2026-05-22 10:17:09] ALL WRONG MOVES BY COLOUR: {}
[2026-05-22 10:17:09] GAME TIME LIMIT REACHED.
[2026-05-22 10:17:10] SCORE The bandits (lawn green): Final=1349.5, Time=90.0, Moves(42)=75.5, Pins(8)=800.0, Dist=384.0, Win Bonus=0.0
[2026-05-22 10:17:10] SCORE jat (gray0): Final=2539.7, Time=64.2, Moves(42)=75.5, Pins(10)=1000.0, Dist=400.0, Win Bonus=1000.0
[2026-05-22 10:17:10] ALL WRONG MOVES BY COLOUR: {}
[2026-05-22 10:17:10] GAME TIME LIMIT REACHED.
[2026-05-22 10:17:10] SCORE The bandits (lawn green): Final=1349.5, Time=90.0, Moves(42)=75.5, Pins(8)=800.0, Dist=384.0, Win Bonus=0.0
[2026-05-22 10:17:10] SCORE jat (gray0): Final=2539.7, Time=64.2, Moves(42)=75.5, Pins(10)=1000.0, Dist=400.0, Win Bonus=1000.0
[2026-05-22 10:17:10] ALL WRONG MOVES BY COLOUR: {}
[2026-05-22 10:17:10] GAME TIME LIMIT REACHED.
[2026-05-22 10:17:10] SCORE The bandits (lawn green): Final=1349.5, Time=90.0, Moves(42)=75.5, Pins(8)=800.0, Dist=384.0, Win Bonus=0.0
[2026-05-22 10:17:10] SCORE jat (gray0): Final=2539.7, Time=64.2, Moves(42)=75.5, Pins(10)=1000.0, Dist=400.0, Win Bonus=1000.0
[2026-05-22 10:17:10] ALL WRONG MOVES BY COLOUR: {}
[2026-05-22 10:17:10] GAME TIME LIMIT REACHED.
[2026-05-22 10:17:10] SCORE The bandits (lawn green): Final=1349.5, Time=90.0, Moves(42)=75.5, Pins(8)=800.0, Dist=384.0, Win Bonus=0.0
[2026-05-22 10:17:10] SCORE jat (gray0): Final=2539.7, Time=64.2, Moves(42)=75.5, Pins(10)=1000.0, Dist=400.0, Win Bonus=1000.0
[2026-05-22 10:17:10] ALL WRONG MOVES BY COLOUR: {}
[2026-05-22 10:17:10] GAME TIME LIMIT REACHED.
[2026-05-22 10:17:11] SCORE The bandits (lawn green): Final=1349.5, Time=90.0, Moves(42)=75.5, Pins(8)=800.0, Dist=384.0, Win Bonus=0.0
[2026-05-22 10:17:11] SCORE jat (gray0): Final=2539.7, Time=64.2, Moves(42)=75.5, Pins(10)=1000.0, Dist=400.0, Win Bonus=1000.0
[2026-05-22 10:17:11] ALL WRONG MOVES BY COLOUR: {}
[2026-05-22 10:17:11] GAME TIME LIMIT REACHED.
[2026-05-22 10:17:11] SCORE The bandits (lawn green): Final=1349.5, Time=90.0, Moves(42)=75.5, Pins(8)=800.0, Dist=384.0, Win Bonus=0.0
[2026-05-22 10:17:11] SCORE jat (gray0): Final=2539.7, Time=64.2, Moves(42)=75.5, Pins(10)=1000.0, Dist=400.0, Win Bonus=1000.0
[2026-05-22 10:17:11] ALL WRONG MOVES BY COLOUR: {}
[2026-05-22 10:17:11] GAME TIME LIMIT REACHED.
[2026-05-22 10:17:11] SCORE The bandits (lawn green): Final=1349.5, Time=90.0, Moves(42)=75.5, Pins(8)=800.0, Dist=384.0, Win Bonus=0.0
[2026-05-22 10:17:11] SCORE jat (gray0): Final=2539.7, Time=64.2, Moves(42)=75.5, Pins(10)=1000.0, Dist=400.0, Win Bonus=1000.0
[2026-05-22 10:17:11] ALL WRONG MOVES BY COLOUR: {}
[2026-05-22 10:17:11] GAME TIME LIMIT REACHED.
[2026-05-22 10:17:11] SCORE The bandits (lawn green): Final=1349.5, Time=90.0, Moves(42)=75.5, Pins(8)=800.0, Dist=384.0, Win Bonus=0.0
[2026-05-22 10:17:11] SCORE jat (gray0): Final=2539.7, Time=64.2, Moves(42)=75.5, Pins(10)=1000.0, Dist=400.0, Win Bonus=1000.0
[2026-05-22 10:17:11] ALL WRONG MOVES BY COLOUR: {}
[2026-05-22 10:17:11] GAME TIME LIMIT REACHED.
[2026-05-22 10:17:12] SCORE The bandits (lawn green): Final=1349.5, Time=90.0, Moves(42)=75.5, Pins(8)=800.0, Dist=384.0, Win Bonus=0.0
[2026-05-22 10:17:12] SCORE jat (gray0): Final=2539.7, Time=64.2, Moves(42)=75.5, Pins(10)=1000.0, Dist=400.0, Win Bonus=1000.0
[2026-05-22 10:17:12] ALL WRONG MOVES BY COLOUR: {}
[2026-05-22 10:17:12] GAME TIME LIMIT REACHED.
[2026-05-22 10:17:12] SCORE The bandits (lawn green): Final=1349.5, Time=90.0, Moves(42)=75.5, Pins(8)=800.0, Dist=384.0, Win Bonus=0.0
[2026-05-22 10:17:12] SCORE jat (gray0): Final=2539.7, Time=64.2, Moves(42)=75.5, Pins(10)=1000.0, Dist=400.0, Win Bonus=1000.0
[2026-05-22 10:17:12] ALL WRONG MOVES BY COLOUR: {}
[2026-05-22 10:17:12] GAME TIME LIMIT REACHED.
[2026-05-22 10:17:12] SCORE The bandits (lawn green): Final=1349.5, Time=90.0, Moves(42)=75.5, Pins(8)=800.0, Dist=384.0, Win Bonus=0.0
[2026-05-22 10:17:12] SCORE jat (gray0): Final=2539.7, Time=64.2, Moves(42)=75.5, Pins(10)=1000.0, Dist=400.0, Win Bonus=1000.0
[2026-05-22 10:17:12] ALL WRONG MOVES BY COLOUR: {}
[2026-05-22 10:17:12] GAME TIME LIMIT REACHED.
[2026-05-22 10:17:12] SCORE The bandits (lawn green): Final=1349.5, Time=90.0, Moves(42)=75.5, Pins(8)=800.0, Dist=384.0, Win Bonus=0.0
[2026-05-22 10:17:12] SCORE jat (gray0): Final=2539.7, Time=64.2, Moves(42)=75.5, Pins(10)=1000.0, Dist=400.0, Win Bonus=1000.0
[2026-05-22 10:17:12] ALL WRONG MOVES BY COLOUR: {}
[2026-05-22 10:17:12] GAME TIME LIMIT REACHED.
[2026-05-22 10:17:12] SCORE The bandits (lawn green): Final=1349.5, Time=90.0, Moves(42)=75.5, Pins(8)=800.0, Dist=384.0, Win Bonus=0.0
[2026-05-22 10:17:12] SCORE jat (gray0): Final=2539.7, Time=64.2, Moves(42)=75.5, Pins(10)=1000.0, Dist=400.0, Win Bonus=1000.0
[2026-05-22 10:17:12] ALL WRONG MOVES BY COLOUR: {}
[2026-05-22 10:17:12] GAME TIME LIMIT REACHED.
[2026-05-22 10:17:13] SCORE The bandits (lawn green): Final=1349.5, Time=90.0, Moves(42)=75.5, Pins(8)=800.0, Dist=384.0, Win Bonus=0.0
[2026-05-22 10:17:13] SCORE jat (gray0): Final=2539.7, Time=64.2, Moves(42)=75.5, Pins(10)=1000.0, Dist=400.0, Win Bonus=1000.0
[2026-05-22 10:17:13] ALL WRONG MOVES BY COLOUR: {}
[2026-05-22 10:17:13] GAME TIME LIMIT REACHED.
[2026-05-22 10:17:13] SCORE The bandits (lawn green): Final=1349.5, Time=90.0, Moves(42)=75.5, Pins(8)=800.0, Dist=384.0, Win Bonus=0.0
[2026-05-22 10:17:13] SCORE jat (gray0): Final=2539.7, Time=64.2, Moves(42)=75.5, Pins(10)=1000.0, Dist=400.0, Win Bonus=1000.0
[2026-05-22 10:17:13] ALL WRONG MOVES BY COLOUR: {}
[2026-05-22 10:17:13] GAME TIME LIMIT REACHED.
[2026-05-22 10:17:13] SCORE The bandits (lawn green): Final=1349.5, Time=90.0, Moves(42)=75.5, Pins(8)=800.0, Dist=384.0, Win Bonus=0.0
[2026-05-22 10:17:13] SCORE jat (gray0): Final=2539.7, Time=64.2, Moves(42)=75.5, Pins(10)=1000.0, Dist=400.0, Win Bonus=1000.0
[2026-05-22 10:17:13] ALL WRONG MOVES BY COLOUR: {}
[2026-05-22 10:17:13] GAME TIME LIMIT REACHED.
[2026-05-22 10:17:13] SCORE The bandits (lawn green): Final=1349.5, Time=90.0, Moves(42)=75.5, Pins(8)=800.0, Dist=384.0, Win Bonus=0.0
[2026-05-22 10:17:13] SCORE jat (gray0): Final=2539.7, Time=64.2, Moves(42)=75.5, Pins(10)=1000.0, Dist=400.0, Win Bonus=1000.0
[2026-05-22 10:17:13] ALL WRONG MOVES BY COLOUR: {}
[2026-05-22 10:17:13] GAME TIME LIMIT REACHED.
[2026-05-22 10:17:14] SCORE The bandits (lawn green): Final=1349.5, Time=90.0, Moves(42)=75.5, Pins(8)=800.0, Dist=384.0, Win Bonus=0.0
[2026-05-22 10:17:14] SCORE jat (gray0): Final=2539.7, Time=64.2, Moves(42)=75.5, Pins(10)=1000.0, Dist=400.0, Win Bonus=1000.0
[2026-05-22 10:17:14] ALL WRONG MOVES BY COLOUR: {}
[2026-05-22 10:17:14] GAME TIME LIMIT REACHED.
[2026-05-22 10:17:14] SCORE The bandits (lawn green): Final=1349.5, Time=90.0, Moves(42)=75.5, Pins(8)=800.0, Dist=384.0, Win Bonus=0.0
[2026-05-22 10:17:14] SCORE jat (gray0): Final=2539.7, Time=64.2, Moves(42)=75.5, Pins(10)=1000.0, Dist=400.0, Win Bonus=1000.0
[2026-05-22 10:17:14] ALL WRONG MOVES BY COLOUR: {}
[2026-05-22 10:17:14] GAME TIME LIMIT REACHED.
[2026-05-22 10:17:14] SCORE The bandits (lawn green): Final=1349.5, Time=90.0, Moves(42)=75.5, Pins(8)=800.0, Dist=384.0, Win Bonus=0.0
[2026-05-22 10:17:14] SCORE jat (gray0): Final=2539.7, Time=64.2, Moves(42)=75.5, Pins(10)=1000.0, Dist=400.0, Win Bonus=1000.0
[2026-05-22 10:17:14] ALL WRONG MOVES BY COLOUR: {}
[2026-05-22 10:17:14] GAME TIME LIMIT REACHED.
[2026-05-22 10:17:14] SCORE The bandits (lawn green): Final=1349.5, Time=90.0, Moves(42)=75.5, Pins(8)=800.0, Dist=384.0, Win Bonus=0.0
[2026-05-22 10:17:14] SCORE jat (gray0): Final=2539.7, Time=64.2, Moves(42)=75.5, Pins(10)=1000.0, Dist=400.0, Win Bonus=1000.0
[2026-05-22 10:17:14] ALL WRONG MOVES BY COLOUR: {}
[2026-05-22 10:17:14] GAME TIME LIMIT REACHED.
[2026-05-22 10:17:15] SCORE The bandits (lawn green): Final=1349.5, Time=90.0, Moves(42)=75.5, Pins(8)=800.0, Dist=384.0, Win Bonus=0.0
[2026-05-22 10:17:15] SCORE jat (gray0): Final=2539.7, Time=64.2, Moves(42)=75.5, Pins(10)=1000.0, Dist=400.0, Win Bonus=1000.0
[2026-05-22 10:17:15] ALL WRONG MOVES BY COLOUR: {}
[2026-05-22 10:17:15] GAME TIME LIMIT REACHED.
[2026-05-22 10:17:15] SCORE The bandits (lawn green): Final=1349.5, Time=90.0, Moves(42)=75.5, Pins(8)=800.0, Dist=384.0, Win Bonus=0.0
[2026-05-22 10:17:15] SCORE jat (gray0): Final=2539.7, Time=64.2, Moves(42)=75.5, Pins(10)=1000.0, Dist=400.0, Win Bonus=1000.0
[2026-05-22 10:17:15] ALL WRONG MOVES BY COLOUR: {}
[2026-05-22 10:17:15] GAME TIME LIMIT REACHED.
[2026-05-22 10:17:15] SCORE The bandits (lawn green): Final=1349.5, Time=90.0, Moves(42)=75.5, Pins(8)=800.0, Dist=384.0, Win Bonus=0.0
[2026-05-22 10:17:15] SCORE jat (gray0): Final=2539.7, Time=64.2, Moves(42)=75.5, Pins(10)=1000.0, Dist=400.0, Win Bonus=1000.0
[2026-05-22 10:17:15] ALL WRONG MOVES BY COLOUR: {}
[2026-05-22 10:17:15] GAME TIME LIMIT REACHED.
[2026-05-22 10:17:15] SCORE The bandits (lawn green): Final=1349.5, Time=90.0, Moves(42)=75.5, Pins(8)=800.0, Dist=384.0, Win Bonus=0.0
[2026-05-22 10:17:15] SCORE jat (gray0): Final=2539.7, Time=64.2, Moves(42)=75.5, Pins(10)=1000.0, Dist=400.0, Win Bonus=1000.0
[2026-05-22 10:17:15] ALL WRONG MOVES BY COLOUR: {}
[2026-05-22 10:17:15] GAME TIME LIMIT REACHED.
[2026-05-22 10:17:16] SCORE The bandits (lawn green): Final=1349.5, Time=90.0, Moves(42)=75.5, Pins(8)=800.0, Dist=384.0, Win Bonus=0.0
[2026-05-22 10:17:16] SCORE jat (gray0): Final=2539.7, Time=64.2, Moves(42)=75.5, Pins(10)=1000.0, Dist=400.0, Win Bonus=1000.0
[2026-05-22 10:17:16] ALL WRONG MOVES BY COLOUR: {}
[2026-05-22 10:17:16] GAME TIME LIMIT REACHED.
[2026-05-22 10:17:16] SCORE The bandits (lawn green): Final=1349.5, Time=90.0, Moves(42)=75.5, Pins(8)=800.0, Dist=384.0, Win Bonus=0.0
[2026-05-22 10:17:16] SCORE jat (gray0): Final=2539.7, Time=64.2, Moves(42)=75.5, Pins(10)=1000.0, Dist=400.0, Win Bonus=1000.0
[2026-05-22 10:17:16] ALL WRONG MOVES BY COLOUR: {}
[2026-05-22 10:17:16] GAME TIME LIMIT REACHED.
[2026-05-22 10:17:16] SCORE The bandits (lawn green): Final=1349.5, Time=90.0, Moves(42)=75.5, Pins(8)=800.0, Dist=384.0, Win Bonus=0.0
[2026-05-22 10:17:16] SCORE jat (gray0): Final=2539.7, Time=64.2, Moves(42)=75.5, Pins(10)=1000.0, Dist=400.0, Win Bonus=1000.0
[2026-05-22 10:17:16] ALL WRONG MOVES BY COLOUR: {}
[2026-05-22 10:17:16] GAME TIME LIMIT REACHED.
[2026-05-22 10:17:16] SCORE The bandits (lawn green): Final=1349.5, Time=90.0, Moves(42)=75.5, Pins(8)=800.0, Dist=384.0, Win Bonus=0.0
[2026-05-22 10:17:16] SCORE jat (gray0): Final=2539.7, Time=64.2, Moves(42)=75.5, Pins(10)=1000.0, Dist=400.0, Win Bonus=1000.0
[2026-05-22 10:17:16] ALL WRONG MOVES BY COLOUR: {}
[2026-05-22 10:17:16] GAME TIME LIMIT REACHED.
[2026-05-22 10:17:17] SCORE The bandits (lawn green): Final=1349.5, Time=90.0, Moves(42)=75.5, Pins(8)=800.0, Dist=384.0, Win Bonus=0.0
[2026-05-22 10:17:17] SCORE jat (gray0): Final=2539.7, Time=64.2, Moves(42)=75.5, Pins(10)=1000.0, Dist=400.0, Win Bonus=1000.0
[2026-05-22 10:17:17] ALL WRONG MOVES BY COLOUR: {}
[2026-05-22 10:17:17] GAME TIME LIMIT REACHED.
[2026-05-22 10:17:17] SCORE The bandits (lawn green): Final=1349.5, Time=90.0, Moves(42)=75.5, Pins(8)=800.0, Dist=384.0, Win Bonus=0.0
[2026-05-22 10:17:17] SCORE jat (gray0): Final=2539.7, Time=64.2, Moves(42)=75.5, Pins(10)=1000.0, Dist=400.0, Win Bonus=1000.0
[2026-05-22 10:17:17] ALL WRONG MOVES BY COLOUR: {}
[2026-05-22 10:17:17] GAME TIME LIMIT REACHED.
[2026-05-22 10:17:17] SCORE The bandits (lawn green): Final=1349.5, Time=90.0, Moves(42)=75.5, Pins(8)=800.0, Dist=384.0, Win Bonus=0.0
[2026-05-22 10:17:17] SCORE jat (gray0): Final=2539.7, Time=64.2, Moves(42)=75.5, Pins(10)=1000.0, Dist=400.0, Win Bonus=1000.0
[2026-05-22 10:17:17] ALL WRONG MOVES BY COLOUR: {}
[2026-05-22 10:17:17] GAME TIME LIMIT REACHED.
[2026-05-22 10:17:17] SCORE The bandits (lawn green): Final=1349.5, Time=90.0, Moves(42)=75.5, Pins(8)=800.0, Dist=384.0, Win Bonus=0.0
[2026-05-22 10:17:17] SCORE jat (gray0): Final=2539.7, Time=64.2, Moves(42)=75.5, Pins(10)=1000.0, Dist=400.0, Win Bonus=1000.0
[2026-05-22 10:17:17] ALL WRONG MOVES BY COLOUR: {}
[2026-05-22 10:17:17] GAME TIME LIMIT REACHED.
[2026-05-22 10:17:18] SCORE The bandits (lawn green): Final=1349.5, Time=90.0, Moves(42)=75.5, Pins(8)=800.0, Dist=384.0, Win Bonus=0.0
[2026-05-22 10:17:18] SCORE jat (gray0): Final=2539.7, Time=64.2, Moves(42)=75.5, Pins(10)=1000.0, Dist=400.0, Win Bonus=1000.0
[2026-05-22 10:17:18] ALL WRONG MOVES BY COLOUR: {}
[2026-05-22 10:17:18] GAME TIME LIMIT REACHED.
[2026-05-22 10:17:18] SCORE The bandits (lawn green): Final=1349.5, Time=90.0, Moves(42)=75.5, Pins(8)=800.0, Dist=384.0, Win Bonus=0.0
[2026-05-22 10:17:18] SCORE jat (gray0): Final=2539.7, Time=64.2, Moves(42)=75.5, Pins(10)=1000.0, Dist=400.0, Win Bonus=1000.0
[2026-05-22 10:17:18] ALL WRONG MOVES BY COLOUR: {}
[2026-05-22 10:17:18] GAME TIME LIMIT REACHED.
[2026-05-22 10:17:18] SCORE The bandits (lawn green): Final=1349.5, Time=90.0, Moves(42)=75.5, Pins(8)=800.0, Dist=384.0, Win Bonus=0.0
[2026-05-22 10:17:18] SCORE jat (gray0): Final=2539.7, Time=64.2, Moves(42)=75.5, Pins(10)=1000.0, Dist=400.0, Win Bonus=1000.0
[2026-05-22 10:17:18] ALL WRONG MOVES BY COLOUR: {}
[2026-05-22 10:17:18] GAME TIME LIMIT REACHED.
[2026-05-22 10:17:18] SCORE The bandits (lawn green): Final=1349.5, Time=90.0, Moves(42)=75.5, Pins(8)=800.0, Dist=384.0, Win Bonus=0.0
[2026-05-22 10:17:18] SCORE jat (gray0): Final=2539.7, Time=64.2, Moves(42)=75.5, Pins(10)=1000.0, Dist=400.0, Win Bonus=1000.0
[2026-05-22 10:17:18] ALL WRONG MOVES BY COLOUR: {}
[2026-05-22 10:17:18] GAME TIME LIMIT REACHED.
[2026-05-22 10:17:19] SCORE The bandits (lawn green): Final=1349.5, Time=90.0, Moves(42)=75.5, Pins(8)=800.0, Dist=384.0, Win Bonus=0.0
[2026-05-22 10:17:19] SCORE jat (gray0): Final=2539.7, Time=64.2, Moves(42)=75.5, Pins(10)=1000.0, Dist=400.0, Win Bonus=1000.0
[2026-05-22 10:17:19] ALL WRONG MOVES BY COLOUR: {}
[2026-05-22 10:17:19] GAME TIME LIMIT REACHED.
[2026-05-22 10:17:19] SCORE The bandits (lawn green): Final=1349.5, Time=90.0, Moves(42)=75.5, Pins(8)=800.0, Dist=384.0, Win Bonus=0.0
[2026-05-22 10:17:19] SCORE jat (gray0): Final=2539.7, Time=64.2, Moves(42)=75.5, Pins(10)=1000.0, Dist=400.0, Win Bonus=1000.0
[2026-05-22 10:17:19] ALL WRONG MOVES BY COLOUR: {}
[2026-05-22 10:17:19] GAME TIME LIMIT REACHED.
[2026-05-22 10:17:19] SCORE The bandits (lawn green): Final=1349.5, Time=90.0, Moves(42)=75.5, Pins(8)=800.0, Dist=384.0, Win Bonus=0.0
[2026-05-22 10:17:19] SCORE jat (gray0): Final=2539.7, Time=64.2, Moves(42)=75.5, Pins(10)=1000.0, Dist=400.0, Win Bonus=1000.0
[2026-05-22 10:17:19] ALL WRONG MOVES BY COLOUR: {}
[2026-05-22 10:17:19] GAME TIME LIMIT REACHED.
[2026-05-22 10:17:19] SCORE The bandits (lawn green): Final=1349.5, Time=90.0, Moves(42)=75.5, Pins(8)=800.0, Dist=384.0, Win Bonus=0.0
[2026-05-22 10:17:19] SCORE jat (gray0): Final=2539.7, Time=64.2, Moves(42)=75.5, Pins(10)=1000.0, Dist=400.0, Win Bonus=1000.0
[2026-05-22 10:17:19] ALL WRONG MOVES BY COLOUR: {}
[2026-05-22 10:17:19] GAME TIME LIMIT REACHED.
[2026-05-22 10:17:20] SCORE The bandits (lawn green): Final=1349.5, Time=90.0, Moves(42)=75.5, Pins(8)=800.0, Dist=384.0, Win Bonus=0.0
[2026-05-22 10:17:20] SCORE jat (gray0): Final=2539.7, Time=64.2, Moves(42)=75.5, Pins(10)=1000.0, Dist=400.0, Win Bonus=1000.0
[2026-05-22 10:17:20] ALL WRONG MOVES BY COLOUR: {}
[2026-05-22 10:17:20] GAME TIME LIMIT REACHED.
[2026-05-22 10:17:20] SCORE The bandits (lawn green): Final=1349.5, Time=90.0, Moves(42)=75.5, Pins(8)=800.0, Dist=384.0, Win Bonus=0.0
[2026-05-22 10:17:20] SCORE jat (gray0): Final=2539.7, Time=64.2, Moves(42)=75.5, Pins(10)=1000.0, Dist=400.0, Win Bonus=1000.0
[2026-05-22 10:17:20] ALL WRONG MOVES BY COLOUR: {}
[2026-05-22 10:17:20] GAME TIME LIMIT REACHED.
[2026-05-22 10:17:20] SCORE The bandits (lawn green): Final=1349.5, Time=90.0, Moves(42)=75.5, Pins(8)=800.0, Dist=384.0, Win Bonus=0.0
[2026-05-22 10:17:20] SCORE jat (gray0): Final=2539.7, Time=64.2, Moves(42)=75.5, Pins(10)=1000.0, Dist=400.0, Win Bonus=1000.0
[2026-05-22 10:17:20] ALL WRONG MOVES BY COLOUR: {}
[2026-05-22 10:17:20] GAME TIME LIMIT REACHED.
[2026-05-22 10:17:20] SCORE The bandits (lawn green): Final=1349.5, Time=90.0, Moves(42)=75.5, Pins(8)=800.0, Dist=384.0, Win Bonus=0.0
[2026-05-22 10:17:20] SCORE jat (gray0): Final=2539.7, Time=64.2, Moves(42)=75.5, Pins(10)=1000.0, Dist=400.0, Win Bonus=1000.0
[2026-05-22 10:17:20] ALL WRONG MOVES BY COLOUR: {}
[2026-05-22 10:17:20] GAME TIME LIMIT REACHED.
[2026-05-22 10:17:21] SCORE The bandits (lawn green): Final=1349.5, Time=90.0, Moves(42)=75.5, Pins(8)=800.0, Dist=384.0, Win Bonus=0.0
[2026-05-22 10:17:21] SCORE jat (gray0): Final=2539.7, Time=64.2, Moves(42)=75.5, Pins(10)=1000.0, Dist=400.0, Win Bonus=1000.0
[2026-05-22 10:17:21] ALL WRONG MOVES BY COLOUR: {}
[2026-05-22 10:17:21] GAME TIME LIMIT REACHED.
[2026-05-22 10:17:21] SCORE The bandits (lawn green): Final=1349.5, Time=90.0, Moves(42)=75.5, Pins(8)=800.0, Dist=384.0, Win Bonus=0.0
[2026-05-22 10:17:21] SCORE jat (gray0): Final=2539.7, Time=64.2, Moves(42)=75.5, Pins(10)=1000.0, Dist=400.0, Win Bonus=1000.0
[2026-05-22 10:17:21] ALL WRONG MOVES BY COLOUR: {}
[2026-05-22 10:17:21] GAME TIME LIMIT REACHED.
[2026-05-22 10:17:21] SCORE The bandits (lawn green): Final=1349.5, Time=90.0, Moves(42)=75.5, Pins(8)=800.0, Dist=384.0, Win Bonus=0.0
[2026-05-22 10:17:21] SCORE jat (gray0): Final=2539.7, Time=64.2, Moves(42)=75.5, Pins(10)=1000.0, Dist=400.0, Win Bonus=1000.0
[2026-05-22 10:17:21] ALL WRONG MOVES BY COLOUR: {}
[2026-05-22 10:17:21] GAME TIME LIMIT REACHED.
[2026-05-22 10:17:21] SCORE The bandits (lawn green): Final=1349.5, Time=90.0, Moves(42)=75.5, Pins(8)=800.0, Dist=384.0, Win Bonus=0.0
[2026-05-22 10:17:21] SCORE jat (gray0): Final=2539.7, Time=64.2, Moves(42)=75.5, Pins(10)=1000.0, Dist=400.0, Win Bonus=1000.0
[2026-05-22 10:17:21] ALL WRONG MOVES BY COLOUR: {}
[2026-05-22 10:17:21] GAME TIME LIMIT REACHED.
[2026-05-22 10:17:22] SCORE The bandits (lawn green): Final=1349.5, Time=90.0, Moves(42)=75.5, Pins(8)=800.0, Dist=384.0, Win Bonus=0.0
[2026-05-22 10:17:22] SCORE jat (gray0): Final=2539.7, Time=64.2, Moves(42)=75.5, Pins(10)=1000.0, Dist=400.0, Win Bonus=1000.0
[2026-05-22 10:17:22] ALL WRONG MOVES BY COLOUR: {}
[2026-05-22 10:17:22] GAME TIME LIMIT REACHED.
[2026-05-22 10:17:22] SCORE The bandits (lawn green): Final=1349.5, Time=90.0, Moves(42)=75.5, Pins(8)=800.0, Dist=384.0, Win Bonus=0.0
[2026-05-22 10:17:22] SCORE jat (gray0): Final=2539.7, Time=64.2, Moves(42)=75.5, Pins(10)=1000.0, Dist=400.0, Win Bonus=1000.0
[2026-05-22 10:17:22] ALL WRONG MOVES BY COLOUR: {}
[2026-05-22 10:17:22] GAME TIME LIMIT REACHED.
[2026-05-22 10:17:22] SCORE The bandits (lawn green): Final=1349.5, Time=90.0, Moves(42)=75.5, Pins(8)=800.0, Dist=384.0, Win Bonus=0.0
[2026-05-22 10:17:22] SCORE jat (gray0): Final=2539.7, Time=64.2, Moves(42)=75.5, Pins(10)=1000.0, Dist=400.0, Win Bonus=1000.0
[2026-05-22 10:17:22] ALL WRONG MOVES BY COLOUR: {}
[2026-05-22 10:17:22] GAME TIME LIMIT REACHED.
[2026-05-22 10:17:22] SCORE The bandits (lawn green): Final=1349.5, Time=90.0, Moves(42)=75.5, Pins(8)=800.0, Dist=384.0, Win Bonus=0.0
[2026-05-22 10:17:22] SCORE jat (gray0): Final=2539.7, Time=64.2, Moves(42)=75.5, Pins(10)=1000.0, Dist=400.0, Win Bonus=1000.0
[2026-05-22 10:17:22] ALL WRONG MOVES BY COLOUR: {}
[2026-05-22 10:17:22] GAME TIME LIMIT REACHED.
[2026-05-22 10:17:23] SCORE The bandits (lawn green): Final=1349.5, Time=90.0, Moves(42)=75.5, Pins(8)=800.0, Dist=384.0, Win Bonus=0.0
[2026-05-22 10:17:23] SCORE jat (gray0): Final=2539.7, Time=64.2, Moves(42)=75.5, Pins(10)=1000.0, Dist=400.0, Win Bonus=1000.0
[2026-05-22 10:17:23] ALL WRONG MOVES BY COLOUR: {}
[2026-05-22 10:17:23] GAME TIME LIMIT REACHED.
[2026-05-22 10:17:23] SCORE The bandits (lawn green): Final=1349.5, Time=90.0, Moves(42)=75.5, Pins(8)=800.0, Dist=384.0, Win Bonus=0.0
[2026-05-22 10:17:23] SCORE jat (gray0): Final=2539.7, Time=64.2, Moves(42)=75.5, Pins(10)=1000.0, Dist=400.0, Win Bonus=1000.0
[2026-05-22 10:17:23] ALL WRONG MOVES BY COLOUR: {}
[2026-05-22 10:17:23] GAME TIME LIMIT REACHED.
[2026-05-22 10:17:23] SCORE The bandits (lawn green): Final=1349.5, Time=90.0, Moves(42)=75.5, Pins(8)=800.0, Dist=384.0, Win Bonus=0.0
[2026-05-22 10:17:23] SCORE jat (gray0): Final=2539.7, Time=64.2, Moves(42)=75.5, Pins(10)=1000.0, Dist=400.0, Win Bonus=1000.0
[2026-05-22 10:17:23] ALL WRONG MOVES BY COLOUR: {}
[2026-05-22 10:17:23] GAME TIME LIMIT REACHED.
[2026-05-22 10:17:23] SCORE The bandits (lawn green): Final=1349.5, Time=90.0, Moves(42)=75.5, Pins(8)=800.0, Dist=384.0, Win Bonus=0.0
[2026-05-22 10:17:23] SCORE jat (gray0): Final=2539.7, Time=64.2, Moves(42)=75.5, Pins(10)=1000.0, Dist=400.0, Win Bonus=1000.0
[2026-05-22 10:17:23] ALL WRONG MOVES BY COLOUR: {}
[2026-05-22 10:17:23] GAME TIME LIMIT REACHED.
[2026-05-22 10:17:24] SCORE The bandits (lawn green): Final=1349.5, Time=90.0, Moves(42)=75.5, Pins(8)=800.0, Dist=384.0, Win Bonus=0.0
[2026-05-22 10:17:24] SCORE jat (gray0): Final=2539.7, Time=64.2, Moves(42)=75.5, Pins(10)=1000.0, Dist=400.0, Win Bonus=1000.0
[2026-05-22 10:17:24] ALL WRONG MOVES BY COLOUR: {}
[2026-05-22 10:17:24] GAME TIME LIMIT REACHED.
[2026-05-22 10:17:24] SCORE The bandits (lawn green): Final=1349.5, Time=90.0, Moves(42)=75.5, Pins(8)=800.0, Dist=384.0, Win Bonus=0.0
[2026-05-22 10:17:24] SCORE jat (gray0): Final=2539.7, Time=64.2, Moves(42)=75.5, Pins(10)=1000.0, Dist=400.0, Win Bonus=1000.0
[2026-05-22 10:17:24] ALL WRONG MOVES BY COLOUR: {}
[2026-05-22 10:17:24] GAME TIME LIMIT REACHED.
[2026-05-22 10:17:24] SCORE The bandits (lawn green): Final=1349.5, Time=90.0, Moves(42)=75.5, Pins(8)=800.0, Dist=384.0, Win Bonus=0.0
[2026-05-22 10:17:24] SCORE jat (gray0): Final=2539.7, Time=64.2, Moves(42)=75.5, Pins(10)=1000.0, Dist=400.0, Win Bonus=1000.0
[2026-05-22 10:17:24] ALL WRONG MOVES BY COLOUR: {}
[2026-05-22 10:17:24] GAME TIME LIMIT REACHED.
[2026-05-22 10:17:24] SCORE The bandits (lawn green): Final=1349.5, Time=90.0, Moves(42)=75.5, Pins(8)=800.0, Dist=384.0, Win Bonus=0.0
[2026-05-22 10:17:24] SCORE jat (gray0): Final=2539.7, Time=64.2, Moves(42)=75.5, Pins(10)=1000.0, Dist=400.0, Win Bonus=1000.0
[2026-05-22 10:17:24] ALL WRONG MOVES BY COLOUR: {}
[2026-05-22 10:17:24] GAME TIME LIMIT REACHED.
[2026-05-22 10:17:25] SCORE The bandits (lawn green): Final=1349.5, Time=90.0, Moves(42)=75.5, Pins(8)=800.0, Dist=384.0, Win Bonus=0.0
[2026-05-22 10:17:25] SCORE jat (gray0): Final=2539.7, Time=64.2, Moves(42)=75.5, Pins(10)=1000.0, Dist=400.0, Win Bonus=1000.0
[2026-05-22 10:17:25] ALL WRONG MOVES BY COLOUR: {}
[2026-05-22 10:17:25] GAME TIME LIMIT REACHED.
[2026-05-22 10:17:25] SCORE The bandits (lawn green): Final=1349.5, Time=90.0, Moves(42)=75.5, Pins(8)=800.0, Dist=384.0, Win Bonus=0.0
[2026-05-22 10:17:25] SCORE jat (gray0): Final=2539.7, Time=64.2, Moves(42)=75.5, Pins(10)=1000.0, Dist=400.0, Win Bonus=1000.0
[2026-05-22 10:17:25] ALL WRONG MOVES BY COLOUR: {}
[2026-05-22 10:17:25] GAME TIME LIMIT REACHED.
[2026-05-22 10:17:25] SCORE The bandits (lawn green): Final=1349.5, Time=90.0, Moves(42)=75.5, Pins(8)=800.0, Dist=384.0, Win Bonus=0.0
[2026-05-22 10:17:25] SCORE jat (gray0): Final=2539.7, Time=64.2, Moves(42)=75.5, Pins(10)=1000.0, Dist=400.0, Win Bonus=1000.0
[2026-05-22 10:17:25] ALL WRONG MOVES BY COLOUR: {}
[2026-05-22 10:17:25] GAME TIME LIMIT REACHED.
[2026-05-22 10:17:25] SCORE The bandits (lawn green): Final=1349.5, Time=90.0, Moves(42)=75.5, Pins(8)=800.0, Dist=384.0, Win Bonus=0.0
[2026-05-22 10:17:25] SCORE jat (gray0): Final=2539.7, Time=64.2, Moves(42)=75.5, Pins(10)=1000.0, Dist=400.0, Win Bonus=1000.0
[2026-05-22 10:17:25] ALL WRONG MOVES BY COLOUR: {}
[2026-05-22 10:17:25] GAME TIME LIMIT REACHED.
[2026-05-22 10:17:26] SCORE The bandits (lawn green): Final=1349.5, Time=90.0, Moves(42)=75.5, Pins(8)=800.0, Dist=384.0, Win Bonus=0.0
[2026-05-22 10:17:26] SCORE jat (gray0): Final=2539.7, Time=64.2, Moves(42)=75.5, Pins(10)=1000.0, Dist=400.0, Win Bonus=1000.0
[2026-05-22 10:17:26] ALL WRONG MOVES BY COLOUR: {}
[2026-05-22 10:17:26] GAME TIME LIMIT REACHED.
[2026-05-22 10:17:26] SCORE The bandits (lawn green): Final=1349.5, Time=90.0, Moves(42)=75.5, Pins(8)=800.0, Dist=384.0, Win Bonus=0.0
[2026-05-22 10:17:26] SCORE jat (gray0): Final=2539.7, Time=64.2, Moves(42)=75.5, Pins(10)=1000.0, Dist=400.0, Win Bonus=1000.0
[2026-05-22 10:17:26] ALL WRONG MOVES BY COLOUR: {}
[2026-05-22 10:17:26] GAME TIME LIMIT REACHED.
[2026-05-22 10:17:26] SCORE The bandits (lawn green): Final=1349.5, Time=90.0, Moves(42)=75.5, Pins(8)=800.0, Dist=384.0, Win Bonus=0.0
[2026-05-22 10:17:26] SCORE jat (gray0): Final=2539.7, Time=64.2, Moves(42)=75.5, Pins(10)=1000.0, Dist=400.0, Win Bonus=1000.0
[2026-05-22 10:17:26] ALL WRONG MOVES BY COLOUR: {}
[2026-05-22 10:17:26] GAME TIME LIMIT REACHED.
[2026-05-22 10:17:26] SCORE The bandits (lawn green): Final=1349.5, Time=90.0, Moves(42)=75.5, Pins(8)=800.0, Dist=384.0, Win Bonus=0.0
[2026-05-22 10:17:26] SCORE jat (gray0): Final=2539.7, Time=64.2, Moves(42)=75.5, Pins(10)=1000.0, Dist=400.0, Win Bonus=1000.0
[2026-05-22 10:17:26] ALL WRONG MOVES BY COLOUR: {}
[2026-05-22 10:17:26] GAME TIME LIMIT REACHED.
[2026-05-22 10:17:27] SCORE The bandits (lawn green): Final=1349.5, Time=90.0, Moves(42)=75.5, Pins(8)=800.0, Dist=384.0, Win Bonus=0.0
[2026-05-22 10:17:27] SCORE jat (gray0): Final=2539.7, Time=64.2, Moves(42)=75.5, Pins(10)=1000.0, Dist=400.0, Win Bonus=1000.0
[2026-05-22 10:17:27] ALL WRONG MOVES BY COLOUR: {}
[2026-05-22 10:17:27] GAME TIME LIMIT REACHED.
[2026-05-22 10:17:27] SCORE The bandits (lawn green): Final=1349.5, Time=90.0, Moves(42)=75.5, Pins(8)=800.0, Dist=384.0, Win Bonus=0.0
[2026-05-22 10:17:27] SCORE jat (gray0): Final=2539.7, Time=64.2, Moves(42)=75.5, Pins(10)=1000.0, Dist=400.0, Win Bonus=1000.0
[2026-05-22 10:17:27] ALL WRONG MOVES BY COLOUR: {}
[2026-05-22 10:17:27] GAME TIME LIMIT REACHED.
[2026-05-22 10:17:27] SCORE The bandits (lawn green): Final=1349.5, Time=90.0, Moves(42)=75.5, Pins(8)=800.0, Dist=384.0, Win Bonus=0.0
[2026-05-22 10:17:27] SCORE jat (gray0): Final=2539.7, Time=64.2, Moves(42)=75.5, Pins(10)=1000.0, Dist=400.0, Win Bonus=1000.0
[2026-05-22 10:17:27] ALL WRONG MOVES BY COLOUR: {}
[2026-05-22 10:17:27] GAME TIME LIMIT REACHED.
[2026-05-22 10:17:27] SCORE The bandits (lawn green): Final=1349.5, Time=90.0, Moves(42)=75.5, Pins(8)=800.0, Dist=384.0, Win Bonus=0.0
[2026-05-22 10:17:27] SCORE jat (gray0): Final=2539.7, Time=64.2, Moves(42)=75.5, Pins(10)=1000.0, Dist=400.0, Win Bonus=1000.0
[2026-05-22 10:17:27] ALL WRONG MOVES BY COLOUR: {}
[2026-05-22 10:17:27] GAME TIME LIMIT REACHED.
[2026-05-22 10:17:28] SCORE The bandits (lawn green): Final=1349.5, Time=90.0, Moves(42)=75.5, Pins(8)=800.0, Dist=384.0, Win Bonus=0.0
[2026-05-22 10:17:28] SCORE jat (gray0): Final=2539.7, Time=64.2, Moves(42)=75.5, Pins(10)=1000.0, Dist=400.0, Win Bonus=1000.0
[2026-05-22 10:17:28] ALL WRONG MOVES BY COLOUR: {}
[2026-05-22 10:17:28] GAME TIME LIMIT REACHED.
[2026-05-22 10:17:28] SCORE The bandits (lawn green): Final=1349.5, Time=90.0, Moves(42)=75.5, Pins(8)=800.0, Dist=384.0, Win Bonus=0.0
[2026-05-22 10:17:28] SCORE jat (gray0): Final=2539.7, Time=64.2, Moves(42)=75.5, Pins(10)=1000.0, Dist=400.0, Win Bonus=1000.0
[2026-05-22 10:17:28] ALL WRONG MOVES BY COLOUR: {}
[2026-05-22 10:17:28] GAME TIME LIMIT REACHED.
[2026-05-22 10:17:28] SCORE The bandits (lawn green): Final=1349.5, Time=90.0, Moves(42)=75.5, Pins(8)=800.0, Dist=384.0, Win Bonus=0.0
[2026-05-22 10:17:28] SCORE jat (gray0): Final=2539.7, Time=64.2, Moves(42)=75.5, Pins(10)=1000.0, Dist=400.0, Win Bonus=1000.0
[2026-05-22 10:17:28] ALL WRONG MOVES BY COLOUR: {}
[2026-05-22 10:17:28] GAME TIME LIMIT REACHED.
[2026-05-22 10:17:28] SCORE The bandits (lawn green): Final=1349.5, Time=90.0, Moves(42)=75.5, Pins(8)=800.0, Dist=384.0, Win Bonus=0.0
[2026-05-22 10:17:28] SCORE jat (gray0): Final=2539.7, Time=64.2, Moves(42)=75.5, Pins(10)=1000.0, Dist=400.0, Win Bonus=1000.0
[2026-05-22 10:17:28] ALL WRONG MOVES BY COLOUR: {}
[2026-05-22 10:17:28] GAME TIME LIMIT REACHED.
[2026-05-22 10:17:29] SCORE The bandits (lawn green): Final=1349.5, Time=90.0, Moves(42)=75.5, Pins(8)=800.0, Dist=384.0, Win Bonus=0.0
[2026-05-22 10:17:29] SCORE jat (gray0): Final=2539.7, Time=64.2, Moves(42)=75.5, Pins(10)=1000.0, Dist=400.0, Win Bonus=1000.0
[2026-05-22 10:17:29] ALL WRONG MOVES BY COLOUR: {}
[2026-05-22 10:17:29] GAME TIME LIMIT REACHED.
[2026-05-22 10:17:29] SCORE The bandits (lawn green): Final=1349.5, Time=90.0, Moves(42)=75.5, Pins(8)=800.0, Dist=384.0, Win Bonus=0.0
[2026-05-22 10:17:29] SCORE jat (gray0): Final=2539.7, Time=64.2, Moves(42)=75.5, Pins(10)=1000.0, Dist=400.0, Win Bonus=1000.0
[2026-05-22 10:17:29] ALL WRONG MOVES BY COLOUR: {}
[2026-05-22 10:17:29] GAME TIME LIMIT REACHED.
[2026-05-22 10:17:29] SCORE The bandits (lawn green): Final=1349.5, Time=90.0, Moves(42)=75.5, Pins(8)=800.0, Dist=384.0, Win Bonus=0.0
[2026-05-22 10:17:29] SCORE jat (gray0): Final=2539.7, Time=64.2, Moves(42)=75.5, Pins(10)=1000.0, Dist=400.0, Win Bonus=1000.0
[2026-05-22 10:17:29] ALL WRONG MOVES BY COLOUR: {}
[2026-05-22 10:17:29] GAME TIME LIMIT REACHED.
[2026-05-22 10:17:29] SCORE The bandits (lawn green): Final=1349.5, Time=90.0, Moves(42)=75.5, Pins(8)=800.0, Dist=384.0, Win Bonus=0.0
[2026-05-22 10:17:29] SCORE jat (gray0): Final=2539.7, Time=64.2, Moves(42)=75.5, Pins(10)=1000.0, Dist=400.0, Win Bonus=1000.0
[2026-05-22 10:17:29] ALL WRONG MOVES BY COLOUR: {}
[2026-05-22 10:17:29] GAME TIME LIMIT REACHED.
[2026-05-22 10:17:30] SCORE The bandits (lawn green): Final=1349.5, Time=90.0, Moves(42)=75.5, Pins(8)=800.0, Dist=384.0, Win Bonus=0.0
[2026-05-22 10:17:30] SCORE jat (gray0): Final=2539.7, Time=64.2, Moves(42)=75.5, Pins(10)=1000.0, Dist=400.0, Win Bonus=1000.0
[2026-05-22 10:17:30] ALL WRONG MOVES BY COLOUR: {}
[2026-05-22 10:17:30] GAME TIME LIMIT REACHED.
[2026-05-22 10:17:30] SCORE The bandits (lawn green): Final=1349.5, Time=90.0, Moves(42)=75.5, Pins(8)=800.0, Dist=384.0, Win Bonus=0.0
[2026-05-22 10:17:30] SCORE jat (gray0): Final=2539.7, Time=64.2, Moves(42)=75.5, Pins(10)=1000.0, Dist=400.0, Win Bonus=1000.0
[2026-05-22 10:17:30] ALL WRONG MOVES BY COLOUR: {}
[2026-05-22 10:17:30] GAME TIME LIMIT REACHED.
[2026-05-22 10:17:30] SCORE The bandits (lawn green): Final=1349.5, Time=90.0, Moves(42)=75.5, Pins(8)=800.0, Dist=384.0, Win Bonus=0.0
[2026-05-22 10:17:30] SCORE jat (gray0): Final=2539.7, Time=64.2, Moves(42)=75.5, Pins(10)=1000.0, Dist=400.0, Win Bonus=1000.0
[2026-05-22 10:17:30] ALL WRONG MOVES BY COLOUR: {}
[2026-05-22 10:17:30] GAME TIME LIMIT REACHED.
[2026-05-22 10:17:30] SCORE The bandits (lawn green): Final=1349.5, Time=90.0, Moves(42)=75.5, Pins(8)=800.0, Dist=384.0, Win Bonus=0.0
[2026-05-22 10:17:30] SCORE jat (gray0): Final=2539.7, Time=64.2, Moves(42)=75.5, Pins(10)=1000.0, Dist=400.0, Win Bonus=1000.0
[2026-05-22 10:17:30] ALL WRONG MOVES BY COLOUR: {}
[2026-05-22 10:17:30] GAME TIME LIMIT REACHED.
[2026-05-22 10:17:31] SCORE The bandits (lawn green): Final=1349.5, Time=90.0, Moves(42)=75.5, Pins(8)=800.0, Dist=384.0, Win Bonus=0.0
[2026-05-22 10:17:31] SCORE jat (gray0): Final=2539.7, Time=64.2, Moves(42)=75.5, Pins(10)=1000.0, Dist=400.0, Win Bonus=1000.0
[2026-05-22 10:17:31] ALL WRONG MOVES BY COLOUR: {}
[2026-05-22 10:17:31] GAME TIME LIMIT REACHED.
[2026-05-22 10:17:31] SCORE The bandits (lawn green): Final=1349.5, Time=90.0, Moves(42)=75.5, Pins(8)=800.0, Dist=384.0, Win Bonus=0.0
[2026-05-22 10:17:31] SCORE jat (gray0): Final=2539.7, Time=64.2, Moves(42)=75.5, Pins(10)=1000.0, Dist=400.0, Win Bonus=1000.0
[2026-05-22 10:17:31] ALL WRONG MOVES BY COLOUR: {}
[2026-05-22 10:17:31] GAME TIME LIMIT REACHED.
[2026-05-22 10:17:31] SCORE The bandits (lawn green): Final=1349.5, Time=90.0, Moves(42)=75.5, Pins(8)=800.0, Dist=384.0, Win Bonus=0.0
[2026-05-22 10:17:31] SCORE jat (gray0): Final=2539.7, Time=64.2, Moves(42)=75.5, Pins(10)=1000.0, Dist=400.0, Win Bonus=1000.0
[2026-05-22 10:17:31] ALL WRONG MOVES BY COLOUR: {}
[2026-05-22 10:17:31] GAME TIME LIMIT REACHED.
[2026-05-22 10:17:31] SCORE The bandits (lawn green): Final=1349.5, Time=90.0, Moves(42)=75.5, Pins(8)=800.0, Dist=384.0, Win Bonus=0.0
[2026-05-22 10:17:31] SCORE jat (gray0): Final=2539.7, Time=64.2, Moves(42)=75.5, Pins(10)=1000.0, Dist=400.0, Win Bonus=1000.0
[2026-05-22 10:17:31] ALL WRONG MOVES BY COLOUR: {}
[2026-05-22 10:17:31] GAME TIME LIMIT REACHED.
[2026-05-22 10:17:32] SCORE The bandits (lawn green): Final=1349.5, Time=90.0, Moves(42)=75.5, Pins(8)=800.0, Dist=384.0, Win Bonus=0.0
[2026-05-22 10:17:32] SCORE jat (gray0): Final=2539.7, Time=64.2, Moves(42)=75.5, Pins(10)=1000.0, Dist=400.0, Win Bonus=1000.0
[2026-05-22 10:17:32] ALL WRONG MOVES BY COLOUR: {}
[2026-05-22 10:17:32] GAME TIME LIMIT REACHED.
[2026-05-22 10:17:32] SCORE The bandits (lawn green): Final=1349.5, Time=90.0, Moves(42)=75.5, Pins(8)=800.0, Dist=384.0, Win Bonus=0.0
[2026-05-22 10:17:32] SCORE jat (gray0): Final=2539.7, Time=64.2, Moves(42)=75.5, Pins(10)=1000.0, Dist=400.0, Win Bonus=1000.0
[2026-05-22 10:17:32] ALL WRONG MOVES BY COLOUR: {}
[2026-05-22 10:17:32] GAME TIME LIMIT REACHED.
[2026-05-22 10:17:32] SCORE The bandits (lawn green): Final=1349.5, Time=90.0, Moves(42)=75.5, Pins(8)=800.0, Dist=384.0, Win Bonus=0.0
[2026-05-22 10:17:32] SCORE jat (gray0): Final=2539.7, Time=64.2, Moves(42)=75.5, Pins(10)=1000.0, Dist=400.0, Win Bonus=1000.0
[2026-05-22 10:17:32] ALL WRONG MOVES BY COLOUR: {}
[2026-05-22 10:17:32] GAME TIME LIMIT REACHED.
[2026-05-22 10:17:32] SCORE The bandits (lawn green): Final=1349.5, Time=90.0, Moves(42)=75.5, Pins(8)=800.0, Dist=384.0, Win Bonus=0.0
[2026-05-22 10:17:32] SCORE jat (gray0): Final=2539.7, Time=64.2, Moves(42)=75.5, Pins(10)=1000.0, Dist=400.0, Win Bonus=1000.0
[2026-05-22 10:17:32] ALL WRONG MOVES BY COLOUR: {}
[2026-05-22 10:17:32] GAME TIME LIMIT REACHED.
[2026-05-22 10:17:33] SCORE The bandits (lawn green): Final=1349.5, Time=90.0, Moves(42)=75.5, Pins(8)=800.0, Dist=384.0, Win Bonus=0.0
[2026-05-22 10:17:33] SCORE jat (gray0): Final=2539.7, Time=64.2, Moves(42)=75.5, Pins(10)=1000.0, Dist=400.0, Win Bonus=1000.0
[2026-05-22 10:17:33] ALL WRONG MOVES BY COLOUR: {}
[2026-05-22 10:17:33] GAME TIME LIMIT REACHED.
[2026-05-22 10:17:33] SCORE The bandits (lawn green): Final=1349.5, Time=90.0, Moves(42)=75.5, Pins(8)=800.0, Dist=384.0, Win Bonus=0.0
[2026-05-22 10:17:33] SCORE jat (gray0): Final=2539.7, Time=64.2, Moves(42)=75.5, Pins(10)=1000.0, Dist=400.0, Win Bonus=1000.0
[2026-05-22 10:17:33] ALL WRONG MOVES BY COLOUR: {}
[2026-05-22 10:17:33] GAME TIME LIMIT REACHED.
[2026-05-22 10:17:33] SCORE The bandits (lawn green): Final=1349.5, Time=90.0, Moves(42)=75.5, Pins(8)=800.0, Dist=384.0, Win Bonus=0.0
[2026-05-22 10:17:33] SCORE jat (gray0): Final=2539.7, Time=64.2, Moves(42)=75.5, Pins(10)=1000.0, Dist=400.0, Win Bonus=1000.0
[2026-05-22 10:17:33] ALL WRONG MOVES BY COLOUR: {}
[2026-05-22 10:17:33] GAME TIME LIMIT REACHED.
[2026-05-22 10:17:33] SCORE The bandits (lawn green): Final=1349.5, Time=90.0, Moves(42)=75.5, Pins(8)=800.0, Dist=384.0, Win Bonus=0.0
[2026-05-22 10:17:33] SCORE jat (gray0): Final=2539.7, Time=64.2, Moves(42)=75.5, Pins(10)=1000.0, Dist=400.0, Win Bonus=1000.0
[2026-05-22 10:17:33] ALL WRONG MOVES BY COLOUR: {}
[2026-05-22 10:17:33] GAME TIME LIMIT REACHED.
[2026-05-22 10:17:34] SCORE The bandits (lawn green): Final=1349.5, Time=90.0, Moves(42)=75.5, Pins(8)=800.0, Dist=384.0, Win Bonus=0.0
[2026-05-22 10:17:34] SCORE jat (gray0): Final=2539.7, Time=64.2, Moves(42)=75.5, Pins(10)=1000.0, Dist=400.0, Win Bonus=1000.0
[2026-05-22 10:17:34] ALL WRONG MOVES BY COLOUR: {}
[2026-05-22 10:17:34] GAME TIME LIMIT REACHED.
[2026-05-22 10:17:34] SCORE The bandits (lawn green): Final=1349.5, Time=90.0, Moves(42)=75.5, Pins(8)=800.0, Dist=384.0, Win Bonus=0.0
[2026-05-22 10:17:34] SCORE jat (gray0): Final=2539.7, Time=64.2, Moves(42)=75.5, Pins(10)=1000.0, Dist=400.0, Win Bonus=1000.0
[2026-05-22 10:17:34] ALL WRONG MOVES BY COLOUR: {}
[2026-05-22 10:17:34] GAME TIME LIMIT REACHED.
[2026-05-22 10:17:34] SCORE The bandits (lawn green): Final=1349.5, Time=90.0, Moves(42)=75.5, Pins(8)=800.0, Dist=384.0, Win Bonus=0.0
[2026-05-22 10:17:34] SCORE jat (gray0): Final=2539.7, Time=64.2, Moves(42)=75.5, Pins(10)=1000.0, Dist=400.0, Win Bonus=1000.0
[2026-05-22 10:17:34] ALL WRONG MOVES BY COLOUR: {}
[2026-05-22 10:17:34] GAME TIME LIMIT REACHED.
[2026-05-22 10:17:34] SCORE The bandits (lawn green): Final=1349.5, Time=90.0, Moves(42)=75.5, Pins(8)=800.0, Dist=384.0, Win Bonus=0.0
[2026-05-22 10:17:34] SCORE jat (gray0): Final=2539.7, Time=64.2, Moves(42)=75.5, Pins(10)=1000.0, Dist=400.0, Win Bonus=1000.0
[2026-05-22 10:17:34] ALL WRONG MOVES BY COLOUR: {}
[2026-05-22 10:17:34] GAME TIME LIMIT REACHED.
[2026-05-22 10:17:35] SCORE The bandits (lawn green): Final=1349.5, Time=90.0, Moves(42)=75.5, Pins(8)=800.0, Dist=384.0, Win Bonus=0.0
[2026-05-22 10:17:35] SCORE jat (gray0): Final=2539.7, Time=64.2, Moves(42)=75.5, Pins(10)=1000.0, Dist=400.0, Win Bonus=1000.0
[2026-05-22 10:17:35] ALL WRONG MOVES BY COLOUR: {}
[2026-05-22 10:17:35] GAME TIME LIMIT REACHED.
[2026-05-22 10:17:35] SCORE The bandits (lawn green): Final=1349.5, Time=90.0, Moves(42)=75.5, Pins(8)=800.0, Dist=384.0, Win Bonus=0.0
[2026-05-22 10:17:35] SCORE jat (gray0): Final=2539.7, Time=64.2, Moves(42)=75.5, Pins(10)=1000.0, Dist=400.0, Win Bonus=1000.0
[2026-05-22 10:17:35] ALL WRONG MOVES BY COLOUR: {}
[2026-05-22 10:17:35] GAME TIME LIMIT REACHED.
[2026-05-22 10:17:35] SCORE The bandits (lawn green): Final=1349.5, Time=90.0, Moves(42)=75.5, Pins(8)=800.0, Dist=384.0, Win Bonus=0.0
[2026-05-22 10:17:35] SCORE jat (gray0): Final=2539.7, Time=64.2, Moves(42)=75.5, Pins(10)=1000.0, Dist=400.0, Win Bonus=1000.0
[2026-05-22 10:17:35] ALL WRONG MOVES BY COLOUR: {}
[2026-05-22 10:17:35] GAME TIME LIMIT REACHED.
[2026-05-22 10:17:35] SCORE The bandits (lawn green): Final=1349.5, Time=90.0, Moves(42)=75.5, Pins(8)=800.0, Dist=384.0, Win Bonus=0.0
[2026-05-22 10:17:35] SCORE jat (gray0): Final=2539.7, Time=64.2, Moves(42)=75.5, Pins(10)=1000.0, Dist=400.0, Win Bonus=1000.0
[2026-05-22 10:17:35] ALL WRONG MOVES BY COLOUR: {}
[2026-05-22 10:17:35] GAME TIME LIMIT REACHED.
[2026-05-22 10:17:36] SCORE The bandits (lawn green): Final=1349.5, Time=90.0, Moves(42)=75.5, Pins(8)=800.0, Dist=384.0, Win Bonus=0.0
[2026-05-22 10:17:36] SCORE jat (gray0): Final=2539.7, Time=64.2, Moves(42)=75.5, Pins(10)=1000.0, Dist=400.0, Win Bonus=1000.0
[2026-05-22 10:17:36] ALL WRONG MOVES BY COLOUR: {}
[2026-05-22 10:17:36] GAME TIME LIMIT REACHED.
[2026-05-22 10:17:36] SCORE The bandits (lawn green): Final=1349.5, Time=90.0, Moves(42)=75.5, Pins(8)=800.0, Dist=384.0, Win Bonus=0.0
[2026-05-22 10:17:36] SCORE jat (gray0): Final=2539.7, Time=64.2, Moves(42)=75.5, Pins(10)=1000.0, Dist=400.0, Win Bonus=1000.0
[2026-05-22 10:17:36] ALL WRONG MOVES BY COLOUR: {}
[2026-05-22 10:17:36] GAME TIME LIMIT REACHED.
[2026-05-22 10:17:36] SCORE The bandits (lawn green): Final=1349.5, Time=90.0, Moves(42)=75.5, Pins(8)=800.0, Dist=384.0, Win Bonus=0.0
[2026-05-22 10:17:36] SCORE jat (gray0): Final=2539.7, Time=64.2, Moves(42)=75.5, Pins(10)=1000.0, Dist=400.0, Win Bonus=1000.0
[2026-05-22 10:17:36] ALL WRONG MOVES BY COLOUR: {}
[2026-05-22 10:17:36] GAME TIME LIMIT REACHED.
[2026-05-22 10:17:36] SCORE The bandits (lawn green): Final=1349.5, Time=90.0, Moves(42)=75.5, Pins(8)=800.0, Dist=384.0, Win Bonus=0.0
[2026-05-22 10:17:36] SCORE jat (gray0): Final=2539.7, Time=64.2, Moves(42)=75.5, Pins(10)=1000.0, Dist=400.0, Win Bonus=1000.0
[2026-05-22 10:17:36] ALL WRONG MOVES BY COLOUR: {}
[2026-05-22 10:17:36] GAME TIME LIMIT REACHED.
[2026-05-22 10:17:36] SCORE The bandits (lawn green): Final=1349.5, Time=90.0, Moves(42)=75.5, Pins(8)=800.0, Dist=384.0, Win Bonus=0.0
[2026-05-22 10:17:36] SCORE jat (gray0): Final=2539.7, Time=64.2, Moves(42)=75.5, Pins(10)=1000.0, Dist=400.0, Win Bonus=1000.0
[2026-05-22 10:17:36] ALL WRONG MOVES BY COLOUR: {}
[2026-05-22 10:17:36] GAME TIME LIMIT REACHED.
[2026-05-22 10:17:37] SCORE The bandits (lawn green): Final=1349.5, Time=90.0, Moves(42)=75.5, Pins(8)=800.0, Dist=384.0, Win Bonus=0.0
[2026-05-22 10:17:37] SCORE jat (gray0): Final=2539.7, Time=64.2, Moves(42)=75.5, Pins(10)=1000.0, Dist=400.0, Win Bonus=1000.0
[2026-05-22 10:17:37] ALL WRONG MOVES BY COLOUR: {}
[2026-05-22 10:17:37] GAME TIME LIMIT REACHED.
[2026-05-22 10:17:37] SCORE The bandits (lawn green): Final=1349.5, Time=90.0, Moves(42)=75.5, Pins(8)=800.0, Dist=384.0, Win Bonus=0.0
[2026-05-22 10:17:37] SCORE jat (gray0): Final=2539.7, Time=64.2, Moves(42)=75.5, Pins(10)=1000.0, Dist=400.0, Win Bonus=1000.0
[2026-05-22 10:17:37] ALL WRONG MOVES BY COLOUR: {}
[2026-05-22 10:17:37] GAME TIME LIMIT REACHED.
[2026-05-22 10:17:37] SCORE The bandits (lawn green): Final=1349.5, Time=90.0, Moves(42)=75.5, Pins(8)=800.0, Dist=384.0, Win Bonus=0.0
[2026-05-22 10:17:37] SCORE jat (gray0): Final=2539.7, Time=64.2, Moves(42)=75.5, Pins(10)=1000.0, Dist=400.0, Win Bonus=1000.0
[2026-05-22 10:17:37] ALL WRONG MOVES BY COLOUR: {}
[2026-05-22 10:17:37] GAME TIME LIMIT REACHED.
[2026-05-22 10:17:37] SCORE The bandits (lawn green): Final=1349.5, Time=90.0, Moves(42)=75.5, Pins(8)=800.0, Dist=384.0, Win Bonus=0.0
[2026-05-22 10:17:37] SCORE jat (gray0): Final=2539.7, Time=64.2, Moves(42)=75.5, Pins(10)=1000.0, Dist=400.0, Win Bonus=1000.0
[2026-05-22 10:17:37] ALL WRONG MOVES BY COLOUR: {}
[2026-05-22 10:17:37] GAME TIME LIMIT REACHED.
[2026-05-22 10:17:38] SCORE The bandits (lawn green): Final=1349.5, Time=90.0, Moves(42)=75.5, Pins(8)=800.0, Dist=384.0, Win Bonus=0.0
[2026-05-22 10:17:38] SCORE jat (gray0): Final=2539.7, Time=64.2, Moves(42)=75.5, Pins(10)=1000.0, Dist=400.0, Win Bonus=1000.0
[2026-05-22 10:17:38] ALL WRONG MOVES BY COLOUR: {}
[2026-05-22 10:17:38] GAME TIME LIMIT REACHED.
[2026-05-22 10:17:38] SCORE The bandits (lawn green): Final=1349.5, Time=90.0, Moves(42)=75.5, Pins(8)=800.0, Dist=384.0, Win Bonus=0.0
[2026-05-22 10:17:38] SCORE jat (gray0): Final=2539.7, Time=64.2, Moves(42)=75.5, Pins(10)=1000.0, Dist=400.0, Win Bonus=1000.0
[2026-05-22 10:17:38] ALL WRONG MOVES BY COLOUR: {}
[2026-05-22 10:17:38] GAME TIME LIMIT REACHED.
[2026-05-22 10:17:38] SCORE The bandits (lawn green): Final=1349.5, Time=90.0, Moves(42)=75.5, Pins(8)=800.0, Dist=384.0, Win Bonus=0.0
[2026-05-22 10:17:38] SCORE jat (gray0): Final=2539.7, Time=64.2, Moves(42)=75.5, Pins(10)=1000.0, Dist=400.0, Win Bonus=1000.0
[2026-05-22 10:17:38] ALL WRONG MOVES BY COLOUR: {}
[2026-05-22 10:17:38] GAME TIME LIMIT REACHED.
[2026-05-22 10:17:38] SCORE The bandits (lawn green): Final=1349.5, Time=90.0, Moves(42)=75.5, Pins(8)=800.0, Dist=384.0, Win Bonus=0.0
[2026-05-22 10:17:38] SCORE jat (gray0): Final=2539.7, Time=64.2, Moves(42)=75.5, Pins(10)=1000.0, Dist=400.0, Win Bonus=1000.0
[2026-05-22 10:17:38] ALL WRONG MOVES BY COLOUR: {}
[2026-05-22 10:17:38] GAME TIME LIMIT REACHED.
[2026-05-22 10:17:39] SCORE The bandits (lawn green): Final=1349.5, Time=90.0, Moves(42)=75.5, Pins(8)=800.0, Dist=384.0, Win Bonus=0.0
[2026-05-22 10:17:39] SCORE jat (gray0): Final=2539.7, Time=64.2, Moves(42)=75.5, Pins(10)=1000.0, Dist=400.0, Win Bonus=1000.0
[2026-05-22 10:17:39] ALL WRONG MOVES BY COLOUR: {}
[2026-05-22 10:17:39] GAME TIME LIMIT REACHED.
[2026-05-22 10:17:39] SCORE The bandits (lawn green): Final=1349.5, Time=90.0, Moves(42)=75.5, Pins(8)=800.0, Dist=384.0, Win Bonus=0.0
[2026-05-22 10:17:39] SCORE jat (gray0): Final=2539.7, Time=64.2, Moves(42)=75.5, Pins(10)=1000.0, Dist=400.0, Win Bonus=1000.0
[2026-05-22 10:17:39] ALL WRONG MOVES BY COLOUR: {}
[2026-05-22 10:17:39] GAME TIME LIMIT REACHED.
[2026-05-22 10:17:39] SCORE The bandits (lawn green): Final=1349.5, Time=90.0, Moves(42)=75.5, Pins(8)=800.0, Dist=384.0, Win Bonus=0.0
[2026-05-22 10:17:39] SCORE jat (gray0): Final=2539.7, Time=64.2, Moves(42)=75.5, Pins(10)=1000.0, Dist=400.0, Win Bonus=1000.0
[2026-05-22 10:17:39] ALL WRONG MOVES BY COLOUR: {}
[2026-05-22 10:17:39] GAME TIME LIMIT REACHED.
[2026-05-22 10:17:39] SCORE The bandits (lawn green): Final=1349.5, Time=90.0, Moves(42)=75.5, Pins(8)=800.0, Dist=384.0, Win Bonus=0.0
[2026-05-22 10:17:39] SCORE jat (gray0): Final=2539.7, Time=64.2, Moves(42)=75.5, Pins(10)=1000.0, Dist=400.0, Win Bonus=1000.0
[2026-05-22 10:17:39] ALL WRONG MOVES BY COLOUR: {}
[2026-05-22 10:17:39] GAME TIME LIMIT REACHED.
[2026-05-22 10:17:40] SCORE The bandits (lawn green): Final=1349.5, Time=90.0, Moves(42)=75.5, Pins(8)=800.0, Dist=384.0, Win Bonus=0.0
[2026-05-22 10:17:40] SCORE jat (gray0): Final=2539.7, Time=64.2, Moves(42)=75.5, Pins(10)=1000.0, Dist=400.0, Win Bonus=1000.0
[2026-05-22 10:17:40] ALL WRONG MOVES BY COLOUR: {}
[2026-05-22 10:17:40] GAME TIME LIMIT REACHED.
[2026-05-22 10:17:40] SCORE The bandits (lawn green): Final=1349.5, Time=90.0, Moves(42)=75.5, Pins(8)=800.0, Dist=384.0, Win Bonus=0.0
[2026-05-22 10:17:40] SCORE jat (gray0): Final=2539.7, Time=64.2, Moves(42)=75.5, Pins(10)=1000.0, Dist=400.0, Win Bonus=1000.0
[2026-05-22 10:17:40] ALL WRONG MOVES BY COLOUR: {}
[2026-05-22 10:17:40] GAME TIME LIMIT REACHED.
[2026-05-22 10:17:40] SCORE The bandits (lawn green): Final=1349.5, Time=90.0, Moves(42)=75.5, Pins(8)=800.0, Dist=384.0, Win Bonus=0.0
[2026-05-22 10:17:40] SCORE jat (gray0): Final=2539.7, Time=64.2, Moves(42)=75.5, Pins(10)=1000.0, Dist=400.0, Win Bonus=1000.0
[2026-05-22 10:17:40] ALL WRONG MOVES BY COLOUR: {}
[2026-05-22 10:17:40] GAME TIME LIMIT REACHED.
[2026-05-22 10:17:40] SCORE The bandits (lawn green): Final=1349.5, Time=90.0, Moves(42)=75.5, Pins(8)=800.0, Dist=384.0, Win Bonus=0.0
[2026-05-22 10:17:40] SCORE jat (gray0): Final=2539.7, Time=64.2, Moves(42)=75.5, Pins(10)=1000.0, Dist=400.0, Win Bonus=1000.0
[2026-05-22 10:17:40] ALL WRONG MOVES BY COLOUR: {}
[2026-05-22 10:17:40] GAME TIME LIMIT REACHED.
[2026-05-22 10:17:40] SCORE The bandits (lawn green): Final=1349.5, Time=90.0, Moves(42)=75.5, Pins(8)=800.0, Dist=384.0, Win Bonus=0.0
[2026-05-22 10:17:40] SCORE jat (gray0): Final=2539.7, Time=64.2, Moves(42)=75.5, Pins(10)=1000.0, Dist=400.0, Win Bonus=1000.0
[2026-05-22 10:17:40] ALL WRONG MOVES BY COLOUR: {}
[2026-05-22 10:17:40] GAME TIME LIMIT REACHED.
[2026-05-22 10:17:41] SCORE The bandits (lawn green): Final=1349.5, Time=90.0, Moves(42)=75.5, Pins(8)=800.0, Dist=384.0, Win Bonus=0.0
[2026-05-22 10:17:41] SCORE jat (gray0): Final=2539.7, Time=64.2, Moves(42)=75.5, Pins(10)=1000.0, Dist=400.0, Win Bonus=1000.0
[2026-05-22 10:17:41] ALL WRONG MOVES BY COLOUR: {}
[2026-05-22 10:17:41] GAME TIME LIMIT REACHED.
[2026-05-22 10:17:41] SCORE The bandits (lawn green): Final=1349.5, Time=90.0, Moves(42)=75.5, Pins(8)=800.0, Dist=384.0, Win Bonus=0.0
[2026-05-22 10:17:41] SCORE jat (gray0): Final=2539.7, Time=64.2, Moves(42)=75.5, Pins(10)=1000.0, Dist=400.0, Win Bonus=1000.0
[2026-05-22 10:17:41] ALL WRONG MOVES BY COLOUR: {}
[2026-05-22 10:17:41] GAME TIME LIMIT REACHED.
[2026-05-22 10:17:41] SCORE The bandits (lawn green): Final=1349.5, Time=90.0, Moves(42)=75.5, Pins(8)=800.0, Dist=384.0, Win Bonus=0.0
[2026-05-22 10:17:41] SCORE jat (gray0): Final=2539.7, Time=64.2, Moves(42)=75.5, Pins(10)=1000.0, Dist=400.0, Win Bonus=1000.0
[2026-05-22 10:17:41] ALL WRONG MOVES BY COLOUR: {}
[2026-05-22 10:17:41] GAME TIME LIMIT REACHED.
[2026-05-22 10:17:41] SCORE The bandits (lawn green): Final=1349.5, Time=90.0, Moves(42)=75.5, Pins(8)=800.0, Dist=384.0, Win Bonus=0.0
[2026-05-22 10:17:41] SCORE jat (gray0): Final=2539.7, Time=64.2, Moves(42)=75.5, Pins(10)=1000.0, Dist=400.0, Win Bonus=1000.0
[2026-05-22 10:17:41] ALL WRONG MOVES BY COLOUR: {}
[2026-05-22 10:17:41] GAME TIME LIMIT REACHED.
[2026-05-22 10:17:42] SCORE The bandits (lawn green): Final=1349.5, Time=90.0, Moves(42)=75.5, Pins(8)=800.0, Dist=384.0, Win Bonus=0.0
[2026-05-22 10:17:42] SCORE jat (gray0): Final=2539.7, Time=64.2, Moves(42)=75.5, Pins(10)=1000.0, Dist=400.0, Win Bonus=1000.0
[2026-05-22 10:17:42] ALL WRONG MOVES BY COLOUR: {}
[2026-05-22 10:17:42] GAME TIME LIMIT REACHED.
[2026-05-22 10:17:42] SCORE The bandits (lawn green): Final=1349.5, Time=90.0, Moves(42)=75.5, Pins(8)=800.0, Dist=384.0, Win Bonus=0.0
[2026-05-22 10:17:42] SCORE jat (gray0): Final=2539.7, Time=64.2, Moves(42)=75.5, Pins(10)=1000.0, Dist=400.0, Win Bonus=1000.0
[2026-05-22 10:17:42] ALL WRONG MOVES BY COLOUR: {}
[2026-05-22 10:17:42] GAME TIME LIMIT REACHED.
[2026-05-22 10:17:42] SCORE The bandits (lawn green): Final=1349.5, Time=90.0, Moves(42)=75.5, Pins(8)=800.0, Dist=384.0, Win Bonus=0.0
[2026-05-22 10:17:42] SCORE jat (gray0): Final=2539.7, Time=64.2, Moves(42)=75.5, Pins(10)=1000.0, Dist=400.0, Win Bonus=1000.0
[2026-05-22 10:17:42] ALL WRONG MOVES BY COLOUR: {}
[2026-05-22 10:17:42] GAME TIME LIMIT REACHED.
[2026-05-22 10:17:42] SCORE The bandits (lawn green): Final=1349.5, Time=90.0, Moves(42)=75.5, Pins(8)=800.0, Dist=384.0, Win Bonus=0.0
[2026-05-22 10:17:42] SCORE jat (gray0): Final=2539.7, Time=64.2, Moves(42)=75.5, Pins(10)=1000.0, Dist=400.0, Win Bonus=1000.0
[2026-05-22 10:17:42] ALL WRONG MOVES BY COLOUR: {}
[2026-05-22 10:17:42] GAME TIME LIMIT REACHED.
[2026-05-22 10:17:43] SCORE The bandits (lawn green): Final=1349.5, Time=90.0, Moves(42)=75.5, Pins(8)=800.0, Dist=384.0, Win Bonus=0.0
[2026-05-22 10:17:43] SCORE jat (gray0): Final=2539.7, Time=64.2, Moves(42)=75.5, Pins(10)=1000.0, Dist=400.0, Win Bonus=1000.0
[2026-05-22 10:17:43] ALL WRONG MOVES BY COLOUR: {}
[2026-05-22 10:17:43] GAME TIME LIMIT REACHED.
[2026-05-22 10:17:43] SCORE The bandits (lawn green): Final=1349.5, Time=90.0, Moves(42)=75.5, Pins(8)=800.0, Dist=384.0, Win Bonus=0.0
[2026-05-22 10:17:43] SCORE jat (gray0): Final=2539.7, Time=64.2, Moves(42)=75.5, Pins(10)=1000.0, Dist=400.0, Win Bonus=1000.0
[2026-05-22 10:17:43] ALL WRONG MOVES BY COLOUR: {}
[2026-05-22 10:17:43] GAME TIME LIMIT REACHED.
[2026-05-22 10:17:43] SCORE The bandits (lawn green): Final=1349.5, Time=90.0, Moves(42)=75.5, Pins(8)=800.0, Dist=384.0, Win Bonus=0.0
[2026-05-22 10:17:43] SCORE jat (gray0): Final=2539.7, Time=64.2, Moves(42)=75.5, Pins(10)=1000.0, Dist=400.0, Win Bonus=1000.0
[2026-05-22 10:17:43] ALL WRONG MOVES BY COLOUR: {}
[2026-05-22 10:17:43] GAME TIME LIMIT REACHED.
[2026-05-22 10:17:43] SCORE The bandits (lawn green): Final=1349.5, Time=90.0, Moves(42)=75.5, Pins(8)=800.0, Dist=384.0, Win Bonus=0.0
[2026-05-22 10:17:43] SCORE jat (gray0): Final=2539.7, Time=64.2, Moves(42)=75.5, Pins(10)=1000.0, Dist=400.0, Win Bonus=1000.0
[2026-05-22 10:17:43] ALL WRONG MOVES BY COLOUR: {}
[2026-05-22 10:17:43] GAME TIME LIMIT REACHED.
[2026-05-22 10:17:43] SCORE The bandits (lawn green): Final=1349.5, Time=90.0, Moves(42)=75.5, Pins(8)=800.0, Dist=384.0, Win Bonus=0.0
[2026-05-22 10:17:43] SCORE jat (gray0): Final=2539.7, Time=64.2, Moves(42)=75.5, Pins(10)=1000.0, Dist=400.0, Win Bonus=1000.0
[2026-05-22 10:17:43] ALL WRONG MOVES BY COLOUR: {}
[2026-05-22 10:17:43] GAME TIME LIMIT REACHED.
[2026-05-22 10:17:44] SCORE The bandits (lawn green): Final=1349.5, Time=90.0, Moves(42)=75.5, Pins(8)=800.0, Dist=384.0, Win Bonus=0.0
[2026-05-22 10:17:44] SCORE jat (gray0): Final=2539.7, Time=64.2, Moves(42)=75.5, Pins(10)=1000.0, Dist=400.0, Win Bonus=1000.0
[2026-05-22 10:17:44] ALL WRONG MOVES BY COLOUR: {}
[2026-05-22 10:17:44] GAME TIME LIMIT REACHED.
[2026-05-22 10:17:44] SCORE The bandits (lawn green): Final=1349.5, Time=90.0, Moves(42)=75.5, Pins(8)=800.0, Dist=384.0, Win Bonus=0.0
[2026-05-22 10:17:44] SCORE jat (gray0): Final=2539.7, Time=64.2, Moves(42)=75.5, Pins(10)=1000.0, Dist=400.0, Win Bonus=1000.0
[2026-05-22 10:17:44] ALL WRONG MOVES BY COLOUR: {}
[2026-05-22 10:17:44] GAME TIME LIMIT REACHED.
[2026-05-22 10:17:44] SCORE The bandits (lawn green): Final=1349.5, Time=90.0, Moves(42)=75.5, Pins(8)=800.0, Dist=384.0, Win Bonus=0.0
[2026-05-22 10:17:44] SCORE jat (gray0): Final=2539.7, Time=64.2, Moves(42)=75.5, Pins(10)=1000.0, Dist=400.0, Win Bonus=1000.0
[2026-05-22 10:17:44] ALL WRONG MOVES BY COLOUR: {}
[2026-05-22 10:17:44] GAME TIME LIMIT REACHED.
[2026-05-22 10:17:44] SCORE The bandits (lawn green): Final=1349.5, Time=90.0, Moves(42)=75.5, Pins(8)=800.0, Dist=384.0, Win Bonus=0.0
[2026-05-22 10:17:44] SCORE jat (gray0): Final=2539.7, Time=64.2, Moves(42)=75.5, Pins(10)=1000.0, Dist=400.0, Win Bonus=1000.0
[2026-05-22 10:17:44] ALL WRONG MOVES BY COLOUR: {}
[2026-05-22 10:17:44] GAME TIME LIMIT REACHED.
[2026-05-22 10:17:45] SCORE The bandits (lawn green): Final=1349.5, Time=90.0, Moves(42)=75.5, Pins(8)=800.0, Dist=384.0, Win Bonus=0.0
[2026-05-22 10:17:45] SCORE jat (gray0): Final=2539.7, Time=64.2, Moves(42)=75.5, Pins(10)=1000.0, Dist=400.0, Win Bonus=1000.0
[2026-05-22 10:17:45] ALL WRONG MOVES BY COLOUR: {}
[2026-05-22 10:17:45] GAME TIME LIMIT REACHED.
[2026-05-22 10:17:45] SCORE The bandits (lawn green): Final=1349.5, Time=90.0, Moves(42)=75.5, Pins(8)=800.0, Dist=384.0, Win Bonus=0.0
[2026-05-22 10:17:45] SCORE jat (gray0): Final=2539.7, Time=64.2, Moves(42)=75.5, Pins(10)=1000.0, Dist=400.0, Win Bonus=1000.0
[2026-05-22 10:17:45] ALL WRONG MOVES BY COLOUR: {}
[2026-05-22 10:17:45] GAME TIME LIMIT REACHED.
[2026-05-22 10:17:45] SCORE The bandits (lawn green): Final=1349.5, Time=90.0, Moves(42)=75.5, Pins(8)=800.0, Dist=384.0, Win Bonus=0.0
[2026-05-22 10:17:45] SCORE jat (gray0): Final=2539.7, Time=64.2, Moves(42)=75.5, Pins(10)=1000.0, Dist=400.0, Win Bonus=1000.0
[2026-05-22 10:17:45] ALL WRONG MOVES BY COLOUR: {}
[2026-05-22 10:17:45] GAME TIME LIMIT REACHED.
[2026-05-22 10:17:45] SCORE The bandits (lawn green): Final=1349.5, Time=90.0, Moves(42)=75.5, Pins(8)=800.0, Dist=384.0, Win Bonus=0.0
[2026-05-22 10:17:45] SCORE jat (gray0): Final=2539.7, Time=64.2, Moves(42)=75.5, Pins(10)=1000.0, Dist=400.0, Win Bonus=1000.0
[2026-05-22 10:17:45] ALL WRONG MOVES BY COLOUR: {}
[2026-05-22 10:17:45] GAME TIME LIMIT REACHED.
[2026-05-22 10:17:46] SCORE The bandits (lawn green): Final=1349.5, Time=90.0, Moves(42)=75.5, Pins(8)=800.0, Dist=384.0, Win Bonus=0.0
[2026-05-22 10:17:46] SCORE jat (gray0): Final=2539.7, Time=64.2, Moves(42)=75.5, Pins(10)=1000.0, Dist=400.0, Win Bonus=1000.0
[2026-05-22 10:17:46] ALL WRONG MOVES BY COLOUR: {}
[2026-05-22 10:17:46] GAME TIME LIMIT REACHED.
[2026-05-22 10:17:46] SCORE The bandits (lawn green): Final=1349.5, Time=90.0, Moves(42)=75.5, Pins(8)=800.0, Dist=384.0, Win Bonus=0.0
[2026-05-22 10:17:46] SCORE jat (gray0): Final=2539.7, Time=64.2, Moves(42)=75.5, Pins(10)=1000.0, Dist=400.0, Win Bonus=1000.0
[2026-05-22 10:17:46] ALL WRONG MOVES BY COLOUR: {}
[2026-05-22 10:17:46] GAME TIME LIMIT REACHED.
[2026-05-22 10:17:46] SCORE The bandits (lawn green): Final=1349.5, Time=90.0, Moves(42)=75.5, Pins(8)=800.0, Dist=384.0, Win Bonus=0.0
[2026-05-22 10:17:46] SCORE jat (gray0): Final=2539.7, Time=64.2, Moves(42)=75.5, Pins(10)=1000.0, Dist=400.0, Win Bonus=1000.0
[2026-05-22 10:17:46] ALL WRONG MOVES BY COLOUR: {}
[2026-05-22 10:17:46] GAME TIME LIMIT REACHED.
[2026-05-22 10:17:46] SCORE The bandits (lawn green): Final=1349.5, Time=90.0, Moves(42)=75.5, Pins(8)=800.0, Dist=384.0, Win Bonus=0.0
[2026-05-22 10:17:46] SCORE jat (gray0): Final=2539.7, Time=64.2, Moves(42)=75.5, Pins(10)=1000.0, Dist=400.0, Win Bonus=1000.0
[2026-05-22 10:17:46] ALL WRONG MOVES BY COLOUR: {}
[2026-05-22 10:17:46] GAME TIME LIMIT REACHED.
[2026-05-22 10:17:46] SCORE The bandits (lawn green): Final=1349.5, Time=90.0, Moves(42)=75.5, Pins(8)=800.0, Dist=384.0, Win Bonus=0.0
[2026-05-22 10:17:46] SCORE jat (gray0): Final=2539.7, Time=64.2, Moves(42)=75.5, Pins(10)=1000.0, Dist=400.0, Win Bonus=1000.0
[2026-05-22 10:17:46] ALL WRONG MOVES BY COLOUR: {}
[2026-05-22 10:17:46] GAME TIME LIMIT REACHED.
[2026-05-22 10:17:47] SCORE The bandits (lawn green): Final=1349.5, Time=90.0, Moves(42)=75.5, Pins(8)=800.0, Dist=384.0, Win Bonus=0.0
[2026-05-22 10:17:47] SCORE jat (gray0): Final=2539.7, Time=64.2, Moves(42)=75.5, Pins(10)=1000.0, Dist=400.0, Win Bonus=1000.0
[2026-05-22 10:17:47] ALL WRONG MOVES BY COLOUR: {}
[2026-05-22 10:17:47] GAME TIME LIMIT REACHED.
[2026-05-22 10:17:47] SCORE The bandits (lawn green): Final=1349.5, Time=90.0, Moves(42)=75.5, Pins(8)=800.0, Dist=384.0, Win Bonus=0.0
[2026-05-22 10:17:47] SCORE jat (gray0): Final=2539.7, Time=64.2, Moves(42)=75.5, Pins(10)=1000.0, Dist=400.0, Win Bonus=1000.0
[2026-05-22 10:17:47] ALL WRONG MOVES BY COLOUR: {}
[2026-05-22 10:17:47] GAME TIME LIMIT REACHED.
[2026-05-22 10:17:47] SCORE The bandits (lawn green): Final=1349.5, Time=90.0, Moves(42)=75.5, Pins(8)=800.0, Dist=384.0, Win Bonus=0.0
[2026-05-22 10:17:47] SCORE jat (gray0): Final=2539.7, Time=64.2, Moves(42)=75.5, Pins(10)=1000.0, Dist=400.0, Win Bonus=1000.0
[2026-05-22 10:17:47] ALL WRONG MOVES BY COLOUR: {}
[2026-05-22 10:17:47] GAME TIME LIMIT REACHED.
[2026-05-22 10:17:47] SCORE The bandits (lawn green): Final=1349.5, Time=90.0, Moves(42)=75.5, Pins(8)=800.0, Dist=384.0, Win Bonus=0.0
[2026-05-22 10:17:47] SCORE jat (gray0): Final=2539.7, Time=64.2, Moves(42)=75.5, Pins(10)=1000.0, Dist=400.0, Win Bonus=1000.0
[2026-05-22 10:17:47] ALL WRONG MOVES BY COLOUR: {}
[2026-05-22 10:17:47] GAME TIME LIMIT REACHED.
[2026-05-22 10:17:48] SCORE The bandits (lawn green): Final=1349.5, Time=90.0, Moves(42)=75.5, Pins(8)=800.0, Dist=384.0, Win Bonus=0.0
[2026-05-22 10:17:48] SCORE jat (gray0): Final=2539.7, Time=64.2, Moves(42)=75.5, Pins(10)=1000.0, Dist=400.0, Win Bonus=1000.0
[2026-05-22 10:17:48] ALL WRONG MOVES BY COLOUR: {}
[2026-05-22 10:17:48] GAME TIME LIMIT REACHED.
[2026-05-22 10:17:48] SCORE The bandits (lawn green): Final=1349.5, Time=90.0, Moves(42)=75.5, Pins(8)=800.0, Dist=384.0, Win Bonus=0.0
[2026-05-22 10:17:48] SCORE jat (gray0): Final=2539.7, Time=64.2, Moves(42)=75.5, Pins(10)=1000.0, Dist=400.0, Win Bonus=1000.0
[2026-05-22 10:17:48] ALL WRONG MOVES BY COLOUR: {}
[2026-05-22 10:17:48] GAME TIME LIMIT REACHED.
[2026-05-22 10:17:48] SCORE The bandits (lawn green): Final=1349.5, Time=90.0, Moves(42)=75.5, Pins(8)=800.0, Dist=384.0, Win Bonus=0.0
[2026-05-22 10:17:48] SCORE jat (gray0): Final=2539.7, Time=64.2, Moves(42)=75.5, Pins(10)=1000.0, Dist=400.0, Win Bonus=1000.0
[2026-05-22 10:17:48] ALL WRONG MOVES BY COLOUR: {}
[2026-05-22 10:17:48] GAME TIME LIMIT REACHED.
[2026-05-22 10:17:48] SCORE The bandits (lawn green): Final=1349.5, Time=90.0, Moves(42)=75.5, Pins(8)=800.0, Dist=384.0, Win Bonus=0.0
[2026-05-22 10:17:48] SCORE jat (gray0): Final=2539.7, Time=64.2, Moves(42)=75.5, Pins(10)=1000.0, Dist=400.0, Win Bonus=1000.0
[2026-05-22 10:17:48] ALL WRONG MOVES BY COLOUR: {}
[2026-05-22 10:17:49] GAME TIME LIMIT REACHED.
[2026-05-22 10:17:50] SCORE The bandits (lawn green): Final=1349.5, Time=90.0, Moves(42)=75.5, Pins(8)=800.0, Dist=384.0, Win Bonus=0.0
[2026-05-22 10:17:50] SCORE jat (gray0): Final=2539.7, Time=64.2, Moves(42)=75.5, Pins(10)=1000.0, Dist=400.0, Win Bonus=1000.0
[2026-05-22 10:17:50] ALL WRONG MOVES BY COLOUR: {}
[2026-05-22 10:17:50] GAME TIME LIMIT REACHED.
[2026-05-22 10:17:50] SCORE The bandits (lawn green): Final=1349.5, Time=90.0, Moves(42)=75.5, Pins(8)=800.0, Dist=384.0, Win Bonus=0.0
[2026-05-22 10:17:50] SCORE jat (gray0): Final=2539.7, Time=64.2, Moves(42)=75.5, Pins(10)=1000.0, Dist=400.0, Win Bonus=1000.0
[2026-05-22 10:17:50] ALL WRONG MOVES BY COLOUR: {}
[2026-05-22 10:17:50] GAME TIME LIMIT REACHED.
[2026-05-22 10:17:50] SCORE The bandits (lawn green): Final=1349.5, Time=90.0, Moves(42)=75.5, Pins(8)=800.0, Dist=384.0, Win Bonus=0.0
[2026-05-22 10:17:50] SCORE jat (gray0): Final=2539.7, Time=64.2, Moves(42)=75.5, Pins(10)=1000.0, Dist=400.0, Win Bonus=1000.0
[2026-05-22 10:17:50] ALL WRONG MOVES BY COLOUR: {}
[2026-05-22 10:17:50] GAME TIME LIMIT REACHED.
[2026-05-22 10:17:50] SCORE The bandits (lawn green): Final=1349.5, Time=90.0, Moves(42)=75.5, Pins(8)=800.0, Dist=384.0, Win Bonus=0.0
[2026-05-22 10:17:50] SCORE jat (gray0): Final=2539.7, Time=64.2, Moves(42)=75.5, Pins(10)=1000.0, Dist=400.0, Win Bonus=1000.0
[2026-05-22 10:17:50] ALL WRONG MOVES BY COLOUR: {}
[2026-05-22 10:17:51] GAME TIME LIMIT REACHED.
[2026-05-22 10:17:51] SCORE The bandits (lawn green): Final=1349.5, Time=90.0, Moves(42)=75.5, Pins(8)=800.0, Dist=384.0, Win Bonus=0.0
[2026-05-22 10:17:51] SCORE jat (gray0): Final=2539.7, Time=64.2, Moves(42)=75.5, Pins(10)=1000.0, Dist=400.0, Win Bonus=1000.0
[2026-05-22 10:17:51] ALL WRONG MOVES BY COLOUR: {}
[2026-05-22 10:17:51] GAME TIME LIMIT REACHED.
[2026-05-22 10:17:51] SCORE The bandits (lawn green): Final=1349.5, Time=90.0, Moves(42)=75.5, Pins(8)=800.0, Dist=384.0, Win Bonus=0.0
[2026-05-22 10:17:51] SCORE jat (gray0): Final=2539.7, Time=64.2, Moves(42)=75.5, Pins(10)=1000.0, Dist=400.0, Win Bonus=1000.0
[2026-05-22 10:17:51] ALL WRONG MOVES BY COLOUR: {}
[2026-05-22 10:17:51] GAME TIME LIMIT REACHED.
[2026-05-22 10:17:51] SCORE The bandits (lawn green): Final=1349.5, Time=90.0, Moves(42)=75.5, Pins(8)=800.0, Dist=384.0, Win Bonus=0.0
[2026-05-22 10:17:51] SCORE jat (gray0): Final=2539.7, Time=64.2, Moves(42)=75.5, Pins(10)=1000.0, Dist=400.0, Win Bonus=1000.0
[2026-05-22 10:17:51] ALL WRONG MOVES BY COLOUR: {}
[2026-05-22 10:17:51] GAME TIME LIMIT REACHED.
[2026-05-22 10:17:51] SCORE The bandits (lawn green): Final=1349.5, Time=90.0, Moves(42)=75.5, Pins(8)=800.0, Dist=384.0, Win Bonus=0.0
[2026-05-22 10:17:51] SCORE jat (gray0): Final=2539.7, Time=64.2, Moves(42)=75.5, Pins(10)=1000.0, Dist=400.0, Win Bonus=1000.0
[2026-05-22 10:17:51] ALL WRONG MOVES BY COLOUR: {}
[2026-05-22 10:17:51] GAME TIME LIMIT REACHED.
[2026-05-22 10:17:52] SCORE The bandits (lawn green): Final=1349.5, Time=90.0, Moves(42)=75.5, Pins(8)=800.0, Dist=384.0, Win Bonus=0.0
[2026-05-22 10:17:52] SCORE jat (gray0): Final=2539.7, Time=64.2, Moves(42)=75.5, Pins(10)=1000.0, Dist=400.0, Win Bonus=1000.0
[2026-05-22 10:17:52] ALL WRONG MOVES BY COLOUR: {}
[2026-05-22 10:17:52] GAME TIME LIMIT REACHED.
[2026-05-22 10:17:52] SCORE The bandits (lawn green): Final=1349.5, Time=90.0, Moves(42)=75.5, Pins(8)=800.0, Dist=384.0, Win Bonus=0.0
[2026-05-22 10:17:52] SCORE jat (gray0): Final=2539.7, Time=64.2, Moves(42)=75.5, Pins(10)=1000.0, Dist=400.0, Win Bonus=1000.0
[2026-05-22 10:17:52] ALL WRONG MOVES BY COLOUR: {}
[2026-05-22 10:17:52] GAME TIME LIMIT REACHED.
[2026-05-22 10:17:52] SCORE The bandits (lawn green): Final=1349.5, Time=90.0, Moves(42)=75.5, Pins(8)=800.0, Dist=384.0, Win Bonus=0.0
[2026-05-22 10:17:52] SCORE jat (gray0): Final=2539.7, Time=64.2, Moves(42)=75.5, Pins(10)=1000.0, Dist=400.0, Win Bonus=1000.0
[2026-05-22 10:17:52] ALL WRONG MOVES BY COLOUR: {}
[2026-05-22 10:17:52] GAME TIME LIMIT REACHED.
[2026-05-22 10:17:52] SCORE The bandits (lawn green): Final=1349.5, Time=90.0, Moves(42)=75.5, Pins(8)=800.0, Dist=384.0, Win Bonus=0.0
[2026-05-22 10:17:52] SCORE jat (gray0): Final=2539.7, Time=64.2, Moves(42)=75.5, Pins(10)=1000.0, Dist=400.0, Win Bonus=1000.0
[2026-05-22 10:17:52] ALL WRONG MOVES BY COLOUR: {}
[2026-05-22 10:17:52] GAME TIME LIMIT REACHED.
[2026-05-22 10:17:53] SCORE The bandits (lawn green): Final=1349.5, Time=90.0, Moves(42)=75.5, Pins(8)=800.0, Dist=384.0, Win Bonus=0.0
[2026-05-22 10:17:53] SCORE jat (gray0): Final=2539.7, Time=64.2, Moves(42)=75.5, Pins(10)=1000.0, Dist=400.0, Win Bonus=1000.0
[2026-05-22 10:17:53] ALL WRONG MOVES BY COLOUR: {}
[2026-05-22 10:17:53] GAME TIME LIMIT REACHED.
[2026-05-22 10:17:53] SCORE The bandits (lawn green): Final=1349.5, Time=90.0, Moves(42)=75.5, Pins(8)=800.0, Dist=384.0, Win Bonus=0.0
[2026-05-22 10:17:53] SCORE jat (gray0): Final=2539.7, Time=64.2, Moves(42)=75.5, Pins(10)=1000.0, Dist=400.0, Win Bonus=1000.0
[2026-05-22 10:17:53] ALL WRONG MOVES BY COLOUR: {}
[2026-05-22 10:17:53] GAME TIME LIMIT REACHED.
[2026-05-22 10:17:53] SCORE The bandits (lawn green): Final=1349.5, Time=90.0, Moves(42)=75.5, Pins(8)=800.0, Dist=384.0, Win Bonus=0.0
[2026-05-22 10:17:53] SCORE jat (gray0): Final=2539.7, Time=64.2, Moves(42)=75.5, Pins(10)=1000.0, Dist=400.0, Win Bonus=1000.0
[2026-05-22 10:17:53] ALL WRONG MOVES BY COLOUR: {}
[2026-05-22 10:17:53] GAME TIME LIMIT REACHED.
[2026-05-22 10:17:53] SCORE The bandits (lawn green): Final=1349.5, Time=90.0, Moves(42)=75.5, Pins(8)=800.0, Dist=384.0, Win Bonus=0.0
[2026-05-22 10:17:53] SCORE jat (gray0): Final=2539.7, Time=64.2, Moves(42)=75.5, Pins(10)=1000.0, Dist=400.0, Win Bonus=1000.0
[2026-05-22 10:17:53] ALL WRONG MOVES BY COLOUR: {}
[2026-05-22 10:17:53] GAME TIME LIMIT REACHED.
[2026-05-22 10:17:54] SCORE The bandits (lawn green): Final=1349.5, Time=90.0, Moves(42)=75.5, Pins(8)=800.0, Dist=384.0, Win Bonus=0.0
[2026-05-22 10:17:54] SCORE jat (gray0): Final=2539.7, Time=64.2, Moves(42)=75.5, Pins(10)=1000.0, Dist=400.0, Win Bonus=1000.0
[2026-05-22 10:17:54] ALL WRONG MOVES BY COLOUR: {}
[2026-05-22 10:17:54] GAME TIME LIMIT REACHED.
[2026-05-22 10:17:54] SCORE The bandits (lawn green): Final=1349.5, Time=90.0, Moves(42)=75.5, Pins(8)=800.0, Dist=384.0, Win Bonus=0.0
[2026-05-22 10:17:54] SCORE jat (gray0): Final=2539.7, Time=64.2, Moves(42)=75.5, Pins(10)=1000.0, Dist=400.0, Win Bonus=1000.0
[2026-05-22 10:17:54] ALL WRONG MOVES BY COLOUR: {}
[2026-05-22 10:17:54] GAME TIME LIMIT REACHED.
[2026-05-22 10:17:54] SCORE The bandits (lawn green): Final=1349.5, Time=90.0, Moves(42)=75.5, Pins(8)=800.0, Dist=384.0, Win Bonus=0.0
[2026-05-22 10:17:54] SCORE jat (gray0): Final=2539.7, Time=64.2, Moves(42)=75.5, Pins(10)=1000.0, Dist=400.0, Win Bonus=1000.0
[2026-05-22 10:17:54] ALL WRONG MOVES BY COLOUR: {}
[2026-05-22 10:17:54] GAME TIME LIMIT REACHED.
[2026-05-22 10:17:54] SCORE The bandits (lawn green): Final=1349.5, Time=90.0, Moves(42)=75.5, Pins(8)=800.0, Dist=384.0, Win Bonus=0.0
[2026-05-22 10:17:54] SCORE jat (gray0): Final=2539.7, Time=64.2, Moves(42)=75.5, Pins(10)=1000.0, Dist=400.0, Win Bonus=1000.0
[2026-05-22 10:17:54] ALL WRONG MOVES BY COLOUR: {}
[2026-05-22 10:17:54] GAME TIME LIMIT REACHED.
[2026-05-22 10:17:55] SCORE The bandits (lawn green): Final=1349.5, Time=90.0, Moves(42)=75.5, Pins(8)=800.0, Dist=384.0, Win Bonus=0.0
[2026-05-22 10:17:55] SCORE jat (gray0): Final=2539.7, Time=64.2, Moves(42)=75.5, Pins(10)=1000.0, Dist=400.0, Win Bonus=1000.0
[2026-05-22 10:17:55] ALL WRONG MOVES BY COLOUR: {}
[2026-05-22 10:17:55] GAME TIME LIMIT REACHED.
[2026-05-22 10:17:55] SCORE The bandits (lawn green): Final=1349.5, Time=90.0, Moves(42)=75.5, Pins(8)=800.0, Dist=384.0, Win Bonus=0.0
[2026-05-22 10:17:55] SCORE jat (gray0): Final=2539.7, Time=64.2, Moves(42)=75.5, Pins(10)=1000.0, Dist=400.0, Win Bonus=1000.0
[2026-05-22 10:17:55] ALL WRONG MOVES BY COLOUR: {}
[2026-05-22 10:17:55] GAME TIME LIMIT REACHED.
[2026-05-22 10:17:55] SCORE The bandits (lawn green): Final=1349.5, Time=90.0, Moves(42)=75.5, Pins(8)=800.0, Dist=384.0, Win Bonus=0.0
[2026-05-22 10:17:55] SCORE jat (gray0): Final=2539.7, Time=64.2, Moves(42)=75.5, Pins(10)=1000.0, Dist=400.0, Win Bonus=1000.0
[2026-05-22 10:17:55] ALL WRONG MOVES BY COLOUR: {}
[2026-05-22 10:17:55] GAME TIME LIMIT REACHED.
[2026-05-22 10:17:55] SCORE The bandits (lawn green): Final=1349.5, Time=90.0, Moves(42)=75.5, Pins(8)=800.0, Dist=384.0, Win Bonus=0.0
[2026-05-22 10:17:55] SCORE jat (gray0): Final=2539.7, Time=64.2, Moves(42)=75.5, Pins(10)=1000.0, Dist=400.0, Win Bonus=1000.0
[2026-05-22 10:17:55] ALL WRONG MOVES BY COLOUR: {}
[2026-05-22 10:17:55] GAME TIME LIMIT REACHED.
[2026-05-22 10:17:56] SCORE The bandits (lawn green): Final=1349.5, Time=90.0, Moves(42)=75.5, Pins(8)=800.0, Dist=384.0, Win Bonus=0.0
[2026-05-22 10:17:56] SCORE jat (gray0): Final=2539.7, Time=64.2, Moves(42)=75.5, Pins(10)=1000.0, Dist=400.0, Win Bonus=1000.0
[2026-05-22 10:17:56] ALL WRONG MOVES BY COLOUR: {}
[2026-05-22 10:17:56] GAME TIME LIMIT REACHED.
[2026-05-22 10:17:56] SCORE The bandits (lawn green): Final=1349.5, Time=90.0, Moves(42)=75.5, Pins(8)=800.0, Dist=384.0, Win Bonus=0.0
[2026-05-22 10:17:56] SCORE jat (gray0): Final=2539.7, Time=64.2, Moves(42)=75.5, Pins(10)=1000.0, Dist=400.0, Win Bonus=1000.0
[2026-05-22 10:17:56] ALL WRONG MOVES BY COLOUR: {}
[2026-05-22 10:17:56] GAME TIME LIMIT REACHED.
[2026-05-22 10:17:56] SCORE The bandits (lawn green): Final=1349.5, Time=90.0, Moves(42)=75.5, Pins(8)=800.0, Dist=384.0, Win Bonus=0.0
[2026-05-22 10:17:56] SCORE jat (gray0): Final=2539.7, Time=64.2, Moves(42)=75.5, Pins(10)=1000.0, Dist=400.0, Win Bonus=1000.0
[2026-05-22 10:17:56] ALL WRONG MOVES BY COLOUR: {}
[2026-05-22 10:17:56] GAME TIME LIMIT REACHED.
[2026-05-22 10:17:56] SCORE The bandits (lawn green): Final=1349.5, Time=90.0, Moves(42)=75.5, Pins(8)=800.0, Dist=384.0, Win Bonus=0.0
[2026-05-22 10:17:56] SCORE jat (gray0): Final=2539.7, Time=64.2, Moves(42)=75.5, Pins(10)=1000.0, Dist=400.0, Win Bonus=1000.0
[2026-05-22 10:17:56] ALL WRONG MOVES BY COLOUR: {}
[2026-05-22 10:17:56] GAME TIME LIMIT REACHED.
[2026-05-22 10:17:56] SCORE The bandits (lawn green): Final=1349.5, Time=90.0, Moves(42)=75.5, Pins(8)=800.0, Dist=384.0, Win Bonus=0.0
[2026-05-22 10:17:57] SCORE jat (gray0): Final=2539.7, Time=64.2, Moves(42)=75.5, Pins(10)=1000.0, Dist=400.0, Win Bonus=1000.0
[2026-05-22 10:17:57] ALL WRONG MOVES BY COLOUR: {}
[2026-05-22 10:17:57] GAME TIME LIMIT REACHED.
[2026-05-22 10:17:57] SCORE The bandits (lawn green): Final=1349.5, Time=90.0, Moves(42)=75.5, Pins(8)=800.0, Dist=384.0, Win Bonus=0.0
[2026-05-22 10:17:57] SCORE jat (gray0): Final=2539.7, Time=64.2, Moves(42)=75.5, Pins(10)=1000.0, Dist=400.0, Win Bonus=1000.0
[2026-05-22 10:17:57] ALL WRONG MOVES BY COLOUR: {}
[2026-05-22 10:17:57] GAME TIME LIMIT REACHED.
[2026-05-22 10:17:57] SCORE The bandits (lawn green): Final=1349.5, Time=90.0, Moves(42)=75.5, Pins(8)=800.0, Dist=384.0, Win Bonus=0.0
[2026-05-22 10:17:57] SCORE jat (gray0): Final=2539.7, Time=64.2, Moves(42)=75.5, Pins(10)=1000.0, Dist=400.0, Win Bonus=1000.0
[2026-05-22 10:17:57] ALL WRONG MOVES BY COLOUR: {}
[2026-05-22 10:17:57] GAME TIME LIMIT REACHED.
[2026-05-22 10:17:57] SCORE The bandits (lawn green): Final=1349.5, Time=90.0, Moves(42)=75.5, Pins(8)=800.0, Dist=384.0, Win Bonus=0.0
[2026-05-22 10:17:57] SCORE jat (gray0): Final=2539.7, Time=64.2, Moves(42)=75.5, Pins(10)=1000.0, Dist=400.0, Win Bonus=1000.0
[2026-05-22 10:17:57] ALL WRONG MOVES BY COLOUR: {}
[2026-05-22 10:17:57] GAME TIME LIMIT REACHED.
[2026-05-22 10:17:57] SCORE The bandits (lawn green): Final=1349.5, Time=90.0, Moves(42)=75.5, Pins(8)=800.0, Dist=384.0, Win Bonus=0.0
[2026-05-22 10:17:57] SCORE jat (gray0): Final=2539.7, Time=64.2, Moves(42)=75.5, Pins(10)=1000.0, Dist=400.0, Win Bonus=1000.0
[2026-05-22 10:17:57] ALL WRONG MOVES BY COLOUR: {}
[2026-05-22 10:17:57] GAME TIME LIMIT REACHED.
[2026-05-22 10:17:58] SCORE The bandits (lawn green): Final=1349.5, Time=90.0, Moves(42)=75.5, Pins(8)=800.0, Dist=384.0, Win Bonus=0.0
[2026-05-22 10:17:58] SCORE jat (gray0): Final=2539.7, Time=64.2, Moves(42)=75.5, Pins(10)=1000.0, Dist=400.0, Win Bonus=1000.0
[2026-05-22 10:17:58] ALL WRONG MOVES BY COLOUR: {}
[2026-05-22 10:17:58] GAME TIME LIMIT REACHED.
[2026-05-22 10:17:58] SCORE The bandits (lawn green): Final=1349.5, Time=90.0, Moves(42)=75.5, Pins(8)=800.0, Dist=384.0, Win Bonus=0.0
[2026-05-22 10:17:58] SCORE jat (gray0): Final=2539.7, Time=64.2, Moves(42)=75.5, Pins(10)=1000.0, Dist=400.0, Win Bonus=1000.0
[2026-05-22 10:17:58] ALL WRONG MOVES BY COLOUR: {}
[2026-05-22 10:17:58] GAME TIME LIMIT REACHED.
[2026-05-22 10:17:58] SCORE The bandits (lawn green): Final=1349.5, Time=90.0, Moves(42)=75.5, Pins(8)=800.0, Dist=384.0, Win Bonus=0.0
[2026-05-22 10:17:58] SCORE jat (gray0): Final=2539.7, Time=64.2, Moves(42)=75.5, Pins(10)=1000.0, Dist=400.0, Win Bonus=1000.0
[2026-05-22 10:17:58] ALL WRONG MOVES BY COLOUR: {}
[2026-05-22 10:17:58] GAME TIME LIMIT REACHED.
[2026-05-22 10:17:58] SCORE The bandits (lawn green): Final=1349.5, Time=90.0, Moves(42)=75.5, Pins(8)=800.0, Dist=384.0, Win Bonus=0.0
[2026-05-22 10:17:58] SCORE jat (gray0): Final=2539.7, Time=64.2, Moves(42)=75.5, Pins(10)=1000.0, Dist=400.0, Win Bonus=1000.0
[2026-05-22 10:17:58] ALL WRONG MOVES BY COLOUR: {}
[2026-05-22 10:17:58] GAME TIME LIMIT REACHED.
[2026-05-22 10:17:59] SCORE The bandits (lawn green): Final=1349.5, Time=90.0, Moves(42)=75.5, Pins(8)=800.0, Dist=384.0, Win Bonus=0.0
[2026-05-22 10:17:59] SCORE jat (gray0): Final=2539.7, Time=64.2, Moves(42)=75.5, Pins(10)=1000.0, Dist=400.0, Win Bonus=1000.0
[2026-05-22 10:17:59] ALL WRONG MOVES BY COLOUR: {}
[2026-05-22 10:17:59] GAME TIME LIMIT REACHED.
[2026-05-22 10:17:59] SCORE The bandits (lawn green): Final=1349.5, Time=90.0, Moves(42)=75.5, Pins(8)=800.0, Dist=384.0, Win Bonus=0.0
[2026-05-22 10:17:59] SCORE jat (gray0): Final=2539.7, Time=64.2, Moves(42)=75.5, Pins(10)=1000.0, Dist=400.0, Win Bonus=1000.0
[2026-05-22 10:17:59] ALL WRONG MOVES BY COLOUR: {}
[2026-05-22 10:17:59] GAME TIME LIMIT REACHED.
[2026-05-22 10:17:59] SCORE The bandits (lawn green): Final=1349.5, Time=90.0, Moves(42)=75.5, Pins(8)=800.0, Dist=384.0, Win Bonus=0.0
[2026-05-22 10:17:59] SCORE jat (gray0): Final=2539.7, Time=64.2, Moves(42)=75.5, Pins(10)=1000.0, Dist=400.0, Win Bonus=1000.0
[2026-05-22 10:17:59] ALL WRONG MOVES BY COLOUR: {}
[2026-05-22 10:17:59] GAME TIME LIMIT REACHED.
[2026-05-22 10:17:59] SCORE The bandits (lawn green): Final=1349.5, Time=90.0, Moves(42)=75.5, Pins(8)=800.0, Dist=384.0, Win Bonus=0.0
[2026-05-22 10:17:59] SCORE jat (gray0): Final=2539.7, Time=64.2, Moves(42)=75.5, Pins(10)=1000.0, Dist=400.0, Win Bonus=1000.0
[2026-05-22 10:17:59] ALL WRONG MOVES BY COLOUR: {}
[2026-05-22 10:17:59] GAME TIME LIMIT REACHED.
[2026-05-22 10:18:00] SCORE The bandits (lawn green): Final=1349.5, Time=90.0, Moves(42)=75.5, Pins(8)=800.0, Dist=384.0, Win Bonus=0.0
[2026-05-22 10:18:00] SCORE jat (gray0): Final=2539.7, Time=64.2, Moves(42)=75.5, Pins(10)=1000.0, Dist=400.0, Win Bonus=1000.0
[2026-05-22 10:18:00] ALL WRONG MOVES BY COLOUR: {}
[2026-05-22 10:18:00] GAME TIME LIMIT REACHED.
[2026-05-22 10:18:00] SCORE The bandits (lawn green): Final=1349.5, Time=90.0, Moves(42)=75.5, Pins(8)=800.0, Dist=384.0, Win Bonus=0.0
[2026-05-22 10:18:00] SCORE jat (gray0): Final=2539.7, Time=64.2, Moves(42)=75.5, Pins(10)=1000.0, Dist=400.0, Win Bonus=1000.0
[2026-05-22 10:18:00] ALL WRONG MOVES BY COLOUR: {}
[2026-05-22 10:18:00] GAME TIME LIMIT REACHED.
[2026-05-22 10:18:00] SCORE The bandits (lawn green): Final=1349.5, Time=90.0, Moves(42)=75.5, Pins(8)=800.0, Dist=384.0, Win Bonus=0.0
[2026-05-22 10:18:00] SCORE jat (gray0): Final=2539.7, Time=64.2, Moves(42)=75.5, Pins(10)=1000.0, Dist=400.0, Win Bonus=1000.0
[2026-05-22 10:18:00] ALL WRONG MOVES BY COLOUR: {}
[2026-05-22 10:18:00] GAME TIME LIMIT REACHED.
[2026-05-22 10:18:00] SCORE The bandits (lawn green): Final=1349.5, Time=90.0, Moves(42)=75.5, Pins(8)=800.0, Dist=384.0, Win Bonus=0.0
[2026-05-22 10:18:00] SCORE jat (gray0): Final=2539.7, Time=64.2, Moves(42)=75.5, Pins(10)=1000.0, Dist=400.0, Win Bonus=1000.0
[2026-05-22 10:18:00] ALL WRONG MOVES BY COLOUR: {}
[2026-05-22 10:18:00] GAME TIME LIMIT REACHED.
[2026-05-22 10:18:00] SCORE The bandits (lawn green): Final=1349.5, Time=90.0, Moves(42)=75.5, Pins(8)=800.0, Dist=384.0, Win Bonus=0.0
[2026-05-22 10:18:00] SCORE jat (gray0): Final=2539.7, Time=64.2, Moves(42)=75.5, Pins(10)=1000.0, Dist=400.0, Win Bonus=1000.0
[2026-05-22 10:18:00] ALL WRONG MOVES BY COLOUR: {}
[2026-05-22 10:18:00] GAME TIME LIMIT REACHED.
[2026-05-22 10:18:01] SCORE The bandits (lawn green): Final=1349.5, Time=90.0, Moves(42)=75.5, Pins(8)=800.0, Dist=384.0, Win Bonus=0.0
[2026-05-22 10:18:01] SCORE jat (gray0): Final=2539.7, Time=64.2, Moves(42)=75.5, Pins(10)=1000.0, Dist=400.0, Win Bonus=1000.0
[2026-05-22 10:18:01] ALL WRONG MOVES BY COLOUR: {}
[2026-05-22 10:18:01] GAME TIME LIMIT REACHED.
[2026-05-22 10:18:01] SCORE The bandits (lawn green): Final=1349.5, Time=90.0, Moves(42)=75.5, Pins(8)=800.0, Dist=384.0, Win Bonus=0.0
[2026-05-22 10:18:01] SCORE jat (gray0): Final=2539.7, Time=64.2, Moves(42)=75.5, Pins(10)=1000.0, Dist=400.0, Win Bonus=1000.0
[2026-05-22 10:18:01] ALL WRONG MOVES BY COLOUR: {}
[2026-05-22 10:18:01] GAME TIME LIMIT REACHED.
[2026-05-22 10:18:01] SCORE The bandits (lawn green): Final=1349.5, Time=90.0, Moves(42)=75.5, Pins(8)=800.0, Dist=384.0, Win Bonus=0.0
[2026-05-22 10:18:01] SCORE jat (gray0): Final=2539.7, Time=64.2, Moves(42)=75.5, Pins(10)=1000.0, Dist=400.0, Win Bonus=1000.0
[2026-05-22 10:18:01] ALL WRONG MOVES BY COLOUR: {}
[2026-05-22 10:18:01] GAME TIME LIMIT REACHED.
[2026-05-22 10:18:01] SCORE The bandits (lawn green): Final=1349.5, Time=90.0, Moves(42)=75.5, Pins(8)=800.0, Dist=384.0, Win Bonus=0.0
[2026-05-22 10:18:01] SCORE jat (gray0): Final=2539.7, Time=64.2, Moves(42)=75.5, Pins(10)=1000.0, Dist=400.0, Win Bonus=1000.0
[2026-05-22 10:18:01] ALL WRONG MOVES BY COLOUR: {}
[2026-05-22 10:18:01] GAME TIME LIMIT REACHED.
[2026-05-22 10:18:02] SCORE The bandits (lawn green): Final=1349.5, Time=90.0, Moves(42)=75.5, Pins(8)=800.0, Dist=384.0, Win Bonus=0.0
[2026-05-22 10:18:02] SCORE jat (gray0): Final=2539.7, Time=64.2, Moves(42)=75.5, Pins(10)=1000.0, Dist=400.0, Win Bonus=1000.0
[2026-05-22 10:18:02] ALL WRONG MOVES BY COLOUR: {}
[2026-05-22 10:18:02] GAME TIME LIMIT REACHED.
[2026-05-22 10:18:02] SCORE The bandits (lawn green): Final=1349.5, Time=90.0, Moves(42)=75.5, Pins(8)=800.0, Dist=384.0, Win Bonus=0.0
[2026-05-22 10:18:02] SCORE jat (gray0): Final=2539.7, Time=64.2, Moves(42)=75.5, Pins(10)=1000.0, Dist=400.0, Win Bonus=1000.0
[2026-05-22 10:18:02] ALL WRONG MOVES BY COLOUR: {}
[2026-05-22 10:18:02] GAME TIME LIMIT REACHED.
[2026-05-22 10:18:02] SCORE The bandits (lawn green): Final=1349.5, Time=90.0, Moves(42)=75.5, Pins(8)=800.0, Dist=384.0, Win Bonus=0.0
[2026-05-22 10:18:02] SCORE jat (gray0): Final=2539.7, Time=64.2, Moves(42)=75.5, Pins(10)=1000.0, Dist=400.0, Win Bonus=1000.0
[2026-05-22 10:18:02] ALL WRONG MOVES BY COLOUR: {}
[2026-05-22 10:18:02] GAME TIME LIMIT REACHED.
[2026-05-22 10:18:02] SCORE The bandits (lawn green): Final=1349.5, Time=90.0, Moves(42)=75.5, Pins(8)=800.0, Dist=384.0, Win Bonus=0.0
[2026-05-22 10:18:02] SCORE jat (gray0): Final=2539.7, Time=64.2, Moves(42)=75.5, Pins(10)=1000.0, Dist=400.0, Win Bonus=1000.0
[2026-05-22 10:18:02] ALL WRONG MOVES BY COLOUR: {}
[2026-05-22 10:18:02] GAME TIME LIMIT REACHED.
[2026-05-22 10:18:03] SCORE The bandits (lawn green): Final=1349.5, Time=90.0, Moves(42)=75.5, Pins(8)=800.0, Dist=384.0, Win Bonus=0.0
[2026-05-22 10:18:03] SCORE jat (gray0): Final=2539.7, Time=64.2, Moves(42)=75.5, Pins(10)=1000.0, Dist=400.0, Win Bonus=1000.0
[2026-05-22 10:18:03] ALL WRONG MOVES BY COLOUR: {}
[2026-05-22 10:18:03] GAME TIME LIMIT REACHED.
[2026-05-22 10:18:03] SCORE The bandits (lawn green): Final=1349.5, Time=90.0, Moves(42)=75.5, Pins(8)=800.0, Dist=384.0, Win Bonus=0.0
[2026-05-22 10:18:03] SCORE jat (gray0): Final=2539.7, Time=64.2, Moves(42)=75.5, Pins(10)=1000.0, Dist=400.0, Win Bonus=1000.0
[2026-05-22 10:18:03] ALL WRONG MOVES BY COLOUR: {}
[2026-05-22 10:18:03] GAME TIME LIMIT REACHED.
[2026-05-22 10:18:03] SCORE The bandits (lawn green): Final=1349.5, Time=90.0, Moves(42)=75.5, Pins(8)=800.0, Dist=384.0, Win Bonus=0.0
[2026-05-22 10:18:03] SCORE jat (gray0): Final=2539.7, Time=64.2, Moves(42)=75.5, Pins(10)=1000.0, Dist=400.0, Win Bonus=1000.0
[2026-05-22 10:18:03] ALL WRONG MOVES BY COLOUR: {}
[2026-05-22 10:18:03] GAME TIME LIMIT REACHED.
[2026-05-22 10:18:04] SCORE The bandits (lawn green): Final=1349.5, Time=90.0, Moves(42)=75.5, Pins(8)=800.0, Dist=384.0, Win Bonus=0.0
[2026-05-22 10:18:04] SCORE jat (gray0): Final=2539.7, Time=64.2, Moves(42)=75.5, Pins(10)=1000.0, Dist=400.0, Win Bonus=1000.0
[2026-05-22 10:18:04] ALL WRONG MOVES BY COLOUR: {}
[2026-05-22 10:18:04] GAME TIME LIMIT REACHED.
[2026-05-22 10:18:04] SCORE The bandits (lawn green): Final=1349.5, Time=90.0, Moves(42)=75.5, Pins(8)=800.0, Dist=384.0, Win Bonus=0.0
[2026-05-22 10:18:04] SCORE jat (gray0): Final=2539.7, Time=64.2, Moves(42)=75.5, Pins(10)=1000.0, Dist=400.0, Win Bonus=1000.0
[2026-05-22 10:18:04] ALL WRONG MOVES BY COLOUR: {}
[2026-05-22 10:18:04] GAME TIME LIMIT REACHED.
[2026-05-22 10:18:04] SCORE The bandits (lawn green): Final=1349.5, Time=90.0, Moves(42)=75.5, Pins(8)=800.0, Dist=384.0, Win Bonus=0.0
[2026-05-22 10:18:04] SCORE jat (gray0): Final=2539.7, Time=64.2, Moves(42)=75.5, Pins(10)=1000.0, Dist=400.0, Win Bonus=1000.0
[2026-05-22 10:18:04] ALL WRONG MOVES BY COLOUR: {}
[2026-05-22 10:18:04] GAME TIME LIMIT REACHED.
[2026-05-22 10:18:04] SCORE The bandits (lawn green): Final=1349.5, Time=90.0, Moves(42)=75.5, Pins(8)=800.0, Dist=384.0, Win Bonus=0.0
[2026-05-22 10:18:04] SCORE jat (gray0): Final=2539.7, Time=64.2, Moves(42)=75.5, Pins(10)=1000.0, Dist=400.0, Win Bonus=1000.0
[2026-05-22 10:18:04] ALL WRONG MOVES BY COLOUR: {}
[2026-05-22 10:18:04] GAME TIME LIMIT REACHED.
[2026-05-22 10:18:05] SCORE The bandits (lawn green): Final=1349.5, Time=90.0, Moves(42)=75.5, Pins(8)=800.0, Dist=384.0, Win Bonus=0.0
[2026-05-22 10:18:05] SCORE jat (gray0): Final=2539.7, Time=64.2, Moves(42)=75.5, Pins(10)=1000.0, Dist=400.0, Win Bonus=1000.0
[2026-05-22 10:18:05] ALL WRONG MOVES BY COLOUR: {}
[2026-05-22 10:18:05] GAME TIME LIMIT REACHED.
[2026-05-22 10:18:05] SCORE The bandits (lawn green): Final=1349.5, Time=90.0, Moves(42)=75.5, Pins(8)=800.0, Dist=384.0, Win Bonus=0.0
[2026-05-22 10:18:05] SCORE jat (gray0): Final=2539.7, Time=64.2, Moves(42)=75.5, Pins(10)=1000.0, Dist=400.0, Win Bonus=1000.0
[2026-05-22 10:18:05] ALL WRONG MOVES BY COLOUR: {}
[2026-05-22 10:18:05] GAME TIME LIMIT REACHED.
[2026-05-22 10:18:05] SCORE The bandits (lawn green): Final=1349.5, Time=90.0, Moves(42)=75.5, Pins(8)=800.0, Dist=384.0, Win Bonus=0.0
[2026-05-22 10:18:05] SCORE jat (gray0): Final=2539.7, Time=64.2, Moves(42)=75.5, Pins(10)=1000.0, Dist=400.0, Win Bonus=1000.0
[2026-05-22 10:18:05] ALL WRONG MOVES BY COLOUR: {}
[2026-05-22 10:18:05] GAME TIME LIMIT REACHED.
[2026-05-22 10:18:05] SCORE The bandits (lawn green): Final=1349.5, Time=90.0, Moves(42)=75.5, Pins(8)=800.0, Dist=384.0, Win Bonus=0.0
[2026-05-22 10:18:05] SCORE jat (gray0): Final=2539.7, Time=64.2, Moves(42)=75.5, Pins(10)=1000.0, Dist=400.0, Win Bonus=1000.0
[2026-05-22 10:18:05] ALL WRONG MOVES BY COLOUR: {}
[2026-05-22 10:18:05] GAME TIME LIMIT REACHED.
[2026-05-22 10:18:06] SCORE The bandits (lawn green): Final=1349.5, Time=90.0, Moves(42)=75.5, Pins(8)=800.0, Dist=384.0, Win Bonus=0.0
[2026-05-22 10:18:06] SCORE jat (gray0): Final=2539.7, Time=64.2, Moves(42)=75.5, Pins(10)=1000.0, Dist=400.0, Win Bonus=1000.0
[2026-05-22 10:18:06] ALL WRONG MOVES BY COLOUR: {}
[2026-05-22 10:18:06] GAME TIME LIMIT REACHED.
[2026-05-22 10:18:06] SCORE The bandits (lawn green): Final=1349.5, Time=90.0, Moves(42)=75.5, Pins(8)=800.0, Dist=384.0, Win Bonus=0.0
[2026-05-22 10:18:06] SCORE jat (gray0): Final=2539.7, Time=64.2, Moves(42)=75.5, Pins(10)=1000.0, Dist=400.0, Win Bonus=1000.0
[2026-05-22 10:18:06] ALL WRONG MOVES BY COLOUR: {}
[2026-05-22 10:18:06] GAME TIME LIMIT REACHED.
[2026-05-22 10:18:06] SCORE The bandits (lawn green): Final=1349.5, Time=90.0, Moves(42)=75.5, Pins(8)=800.0, Dist=384.0, Win Bonus=0.0
[2026-05-22 10:18:06] SCORE jat (gray0): Final=2539.7, Time=64.2, Moves(42)=75.5, Pins(10)=1000.0, Dist=400.0, Win Bonus=1000.0
[2026-05-22 10:18:06] ALL WRONG MOVES BY COLOUR: {}
[2026-05-22 10:18:06] GAME TIME LIMIT REACHED.
[2026-05-22 10:18:06] SCORE The bandits (lawn green): Final=1349.5, Time=90.0, Moves(42)=75.5, Pins(8)=800.0, Dist=384.0, Win Bonus=0.0
[2026-05-22 10:18:06] SCORE jat (gray0): Final=2539.7, Time=64.2, Moves(42)=75.5, Pins(10)=1000.0, Dist=400.0, Win Bonus=1000.0
[2026-05-22 10:18:06] ALL WRONG MOVES BY COLOUR: {}
[2026-05-22 10:18:06] GAME TIME LIMIT REACHED.
[2026-05-22 10:18:06] SCORE The bandits (lawn green): Final=1349.5, Time=90.0, Moves(42)=75.5, Pins(8)=800.0, Dist=384.0, Win Bonus=0.0
[2026-05-22 10:18:06] SCORE jat (gray0): Final=2539.7, Time=64.2, Moves(42)=75.5, Pins(10)=1000.0, Dist=400.0, Win Bonus=1000.0
[2026-05-22 10:18:06] ALL WRONG MOVES BY COLOUR: {}
[2026-05-22 10:18:06] GAME TIME LIMIT REACHED.
[2026-05-22 10:18:07] SCORE The bandits (lawn green): Final=1349.5, Time=90.0, Moves(42)=75.5, Pins(8)=800.0, Dist=384.0, Win Bonus=0.0
[2026-05-22 10:18:07] SCORE jat (gray0): Final=2539.7, Time=64.2, Moves(42)=75.5, Pins(10)=1000.0, Dist=400.0, Win Bonus=1000.0
[2026-05-22 10:18:07] ALL WRONG MOVES BY COLOUR: {}
[2026-05-22 10:18:07] GAME TIME LIMIT REACHED.
[2026-05-22 10:18:07] SCORE The bandits (lawn green): Final=1349.5, Time=90.0, Moves(42)=75.5, Pins(8)=800.0, Dist=384.0, Win Bonus=0.0
[2026-05-22 10:18:07] SCORE jat (gray0): Final=2539.7, Time=64.2, Moves(42)=75.5, Pins(10)=1000.0, Dist=400.0, Win Bonus=1000.0
[2026-05-22 10:18:07] ALL WRONG MOVES BY COLOUR: {}
[2026-05-22 10:18:07] GAME TIME LIMIT REACHED.
[2026-05-22 10:18:07] SCORE The bandits (lawn green): Final=1349.5, Time=90.0, Moves(42)=75.5, Pins(8)=800.0, Dist=384.0, Win Bonus=0.0
[2026-05-22 10:18:07] SCORE jat (gray0): Final=2539.7, Time=64.2, Moves(42)=75.5, Pins(10)=1000.0, Dist=400.0, Win Bonus=1000.0
[2026-05-22 10:18:07] ALL WRONG MOVES BY COLOUR: {}
[2026-05-22 10:18:07] GAME TIME LIMIT REACHED.
[2026-05-22 10:18:07] SCORE The bandits (lawn green): Final=1349.5, Time=90.0, Moves(42)=75.5, Pins(8)=800.0, Dist=384.0, Win Bonus=0.0
[2026-05-22 10:18:07] SCORE jat (gray0): Final=2539.7, Time=64.2, Moves(42)=75.5, Pins(10)=1000.0, Dist=400.0, Win Bonus=1000.0
[2026-05-22 10:18:07] ALL WRONG MOVES BY COLOUR: {}
[2026-05-22 10:18:07] GAME TIME LIMIT REACHED.
[2026-05-22 10:18:08] SCORE The bandits (lawn green): Final=1349.5, Time=90.0, Moves(42)=75.5, Pins(8)=800.0, Dist=384.0, Win Bonus=0.0
[2026-05-22 10:18:08] SCORE jat (gray0): Final=2539.7, Time=64.2, Moves(42)=75.5, Pins(10)=1000.0, Dist=400.0, Win Bonus=1000.0
[2026-05-22 10:18:08] ALL WRONG MOVES BY COLOUR: {}
[2026-05-22 10:18:08] GAME TIME LIMIT REACHED.
[2026-05-22 10:18:08] SCORE The bandits (lawn green): Final=1349.5, Time=90.0, Moves(42)=75.5, Pins(8)=800.0, Dist=384.0, Win Bonus=0.0
[2026-05-22 10:18:08] SCORE jat (gray0): Final=2539.7, Time=64.2, Moves(42)=75.5, Pins(10)=1000.0, Dist=400.0, Win Bonus=1000.0
[2026-05-22 10:18:08] ALL WRONG MOVES BY COLOUR: {}
[2026-05-22 10:18:08] GAME TIME LIMIT REACHED.
[2026-05-22 10:18:08] SCORE The bandits (lawn green): Final=1349.5, Time=90.0, Moves(42)=75.5, Pins(8)=800.0, Dist=384.0, Win Bonus=0.0
[2026-05-22 10:18:08] SCORE jat (gray0): Final=2539.7, Time=64.2, Moves(42)=75.5, Pins(10)=1000.0, Dist=400.0, Win Bonus=1000.0
[2026-05-22 10:18:08] ALL WRONG MOVES BY COLOUR: {}
[2026-05-22 10:18:08] GAME TIME LIMIT REACHED.
[2026-05-22 10:18:08] SCORE The bandits (lawn green): Final=1349.5, Time=90.0, Moves(42)=75.5, Pins(8)=800.0, Dist=384.0, Win Bonus=0.0
[2026-05-22 10:18:08] SCORE jat (gray0): Final=2539.7, Time=64.2, Moves(42)=75.5, Pins(10)=1000.0, Dist=400.0, Win Bonus=1000.0
[2026-05-22 10:18:08] ALL WRONG MOVES BY COLOUR: {}
[2026-05-22 10:18:08] GAME TIME LIMIT REACHED.
[2026-05-22 10:18:09] SCORE The bandits (lawn green): Final=1349.5, Time=90.0, Moves(42)=75.5, Pins(8)=800.0, Dist=384.0, Win Bonus=0.0
[2026-05-22 10:18:09] SCORE jat (gray0): Final=2539.7, Time=64.2, Moves(42)=75.5, Pins(10)=1000.0, Dist=400.0, Win Bonus=1000.0
[2026-05-22 10:18:09] ALL WRONG MOVES BY COLOUR: {}
[2026-05-22 10:18:09] GAME TIME LIMIT REACHED.
[2026-05-22 10:18:09] SCORE The bandits (lawn green): Final=1349.5, Time=90.0, Moves(42)=75.5, Pins(8)=800.0, Dist=384.0, Win Bonus=0.0
[2026-05-22 10:18:09] SCORE jat (gray0): Final=2539.7, Time=64.2, Moves(42)=75.5, Pins(10)=1000.0, Dist=400.0, Win Bonus=1000.0
[2026-05-22 10:18:09] ALL WRONG MOVES BY COLOUR: {}
[2026-05-22 10:18:09] GAME TIME LIMIT REACHED.
[2026-05-22 10:18:09] SCORE The bandits (lawn green): Final=1349.5, Time=90.0, Moves(42)=75.5, Pins(8)=800.0, Dist=384.0, Win Bonus=0.0
[2026-05-22 10:18:09] SCORE jat (gray0): Final=2539.7, Time=64.2, Moves(42)=75.5, Pins(10)=1000.0, Dist=400.0, Win Bonus=1000.0
[2026-05-22 10:18:09] ALL WRONG MOVES BY COLOUR: {}
[2026-05-22 10:18:09] GAME TIME LIMIT REACHED.
[2026-05-22 10:18:09] SCORE The bandits (lawn green): Final=1349.5, Time=90.0, Moves(42)=75.5, Pins(8)=800.0, Dist=384.0, Win Bonus=0.0
[2026-05-22 10:18:09] SCORE jat (gray0): Final=2539.7, Time=64.2, Moves(42)=75.5, Pins(10)=1000.0, Dist=400.0, Win Bonus=1000.0
[2026-05-22 10:18:09] ALL WRONG MOVES BY COLOUR: {}
[2026-05-22 10:18:09] GAME TIME LIMIT REACHED.
[2026-05-22 10:18:09] SCORE The bandits (lawn green): Final=1349.5, Time=90.0, Moves(42)=75.5, Pins(8)=800.0, Dist=384.0, Win Bonus=0.0
[2026-05-22 10:18:09] SCORE jat (gray0): Final=2539.7, Time=64.2, Moves(42)=75.5, Pins(10)=1000.0, Dist=400.0, Win Bonus=1000.0
[2026-05-22 10:18:09] ALL WRONG MOVES BY COLOUR: {}
[2026-05-22 10:18:09] GAME TIME LIMIT REACHED.
[2026-05-22 10:18:10] SCORE The bandits (lawn green): Final=1349.5, Time=90.0, Moves(42)=75.5, Pins(8)=800.0, Dist=384.0, Win Bonus=0.0
[2026-05-22 10:18:10] SCORE jat (gray0): Final=2539.7, Time=64.2, Moves(42)=75.5, Pins(10)=1000.0, Dist=400.0, Win Bonus=1000.0
[2026-05-22 10:18:10] ALL WRONG MOVES BY COLOUR: {}
[2026-05-22 10:18:10] GAME TIME LIMIT REACHED.
[2026-05-22 10:18:10] SCORE The bandits (lawn green): Final=1349.5, Time=90.0, Moves(42)=75.5, Pins(8)=800.0, Dist=384.0, Win Bonus=0.0
[2026-05-22 10:18:10] SCORE jat (gray0): Final=2539.7, Time=64.2, Moves(42)=75.5, Pins(10)=1000.0, Dist=400.0, Win Bonus=1000.0
[2026-05-22 10:18:10] ALL WRONG MOVES BY COLOUR: {}
[2026-05-22 10:18:10] GAME TIME LIMIT REACHED.
[2026-05-22 10:18:10] SCORE The bandits (lawn green): Final=1349.5, Time=90.0, Moves(42)=75.5, Pins(8)=800.0, Dist=384.0, Win Bonus=0.0
[2026-05-22 10:18:10] SCORE jat (gray0): Final=2539.7, Time=64.2, Moves(42)=75.5, Pins(10)=1000.0, Dist=400.0, Win Bonus=1000.0
[2026-05-22 10:18:10] ALL WRONG MOVES BY COLOUR: {}
[2026-05-22 10:18:10] GAME TIME LIMIT REACHED.
[2026-05-22 10:18:10] SCORE The bandits (lawn green): Final=1349.5, Time=90.0, Moves(42)=75.5, Pins(8)=800.0, Dist=384.0, Win Bonus=0.0
[2026-05-22 10:18:10] SCORE jat (gray0): Final=2539.7, Time=64.2, Moves(42)=75.5, Pins(10)=1000.0, Dist=400.0, Win Bonus=1000.0
[2026-05-22 10:18:10] ALL WRONG MOVES BY COLOUR: {}
[2026-05-22 10:18:10] GAME TIME LIMIT REACHED.
[2026-05-22 10:18:11] SCORE The bandits (lawn green): Final=1349.5, Time=90.0, Moves(42)=75.5, Pins(8)=800.0, Dist=384.0, Win Bonus=0.0
[2026-05-22 10:18:11] SCORE jat (gray0): Final=2539.7, Time=64.2, Moves(42)=75.5, Pins(10)=1000.0, Dist=400.0, Win Bonus=1000.0
[2026-05-22 10:18:11] ALL WRONG MOVES BY COLOUR: {}
[2026-05-22 10:18:11] GAME TIME LIMIT REACHED.
[2026-05-22 10:18:11] SCORE The bandits (lawn green): Final=1349.5, Time=90.0, Moves(42)=75.5, Pins(8)=800.0, Dist=384.0, Win Bonus=0.0
[2026-05-22 10:18:11] SCORE jat (gray0): Final=2539.7, Time=64.2, Moves(42)=75.5, Pins(10)=1000.0, Dist=400.0, Win Bonus=1000.0
[2026-05-22 10:18:11] ALL WRONG MOVES BY COLOUR: {}
[2026-05-22 10:18:11] GAME TIME LIMIT REACHED.
[2026-05-22 10:18:11] SCORE The bandits (lawn green): Final=1349.5, Time=90.0, Moves(42)=75.5, Pins(8)=800.0, Dist=384.0, Win Bonus=0.0
[2026-05-22 10:18:11] SCORE jat (gray0): Final=2539.7, Time=64.2, Moves(42)=75.5, Pins(10)=1000.0, Dist=400.0, Win Bonus=1000.0
[2026-05-22 10:18:11] ALL WRONG MOVES BY COLOUR: {}
[2026-05-22 10:18:11] GAME TIME LIMIT REACHED.
[2026-05-22 10:18:11] SCORE The bandits (lawn green): Final=1349.5, Time=90.0, Moves(42)=75.5, Pins(8)=800.0, Dist=384.0, Win Bonus=0.0
[2026-05-22 10:18:11] SCORE jat (gray0): Final=2539.7, Time=64.2, Moves(42)=75.5, Pins(10)=1000.0, Dist=400.0, Win Bonus=1000.0
[2026-05-22 10:18:11] ALL WRONG MOVES BY COLOUR: {}
[2026-05-22 10:18:11] GAME TIME LIMIT REACHED.
[2026-05-22 10:18:12] SCORE The bandits (lawn green): Final=1349.5, Time=90.0, Moves(42)=75.5, Pins(8)=800.0, Dist=384.0, Win Bonus=0.0
[2026-05-22 10:18:12] SCORE jat (gray0): Final=2539.7, Time=64.2, Moves(42)=75.5, Pins(10)=1000.0, Dist=400.0, Win Bonus=1000.0
[2026-05-22 10:18:12] ALL WRONG MOVES BY COLOUR: {}
[2026-05-22 10:18:12] GAME TIME LIMIT REACHED.
[2026-05-22 10:18:12] SCORE The bandits (lawn green): Final=1349.5, Time=90.0, Moves(42)=75.5, Pins(8)=800.0, Dist=384.0, Win Bonus=0.0
[2026-05-22 10:18:12] SCORE jat (gray0): Final=2539.7, Time=64.2, Moves(42)=75.5, Pins(10)=1000.0, Dist=400.0, Win Bonus=1000.0
[2026-05-22 10:18:12] ALL WRONG MOVES BY COLOUR: {}
[2026-05-22 10:18:12] GAME TIME LIMIT REACHED.
[2026-05-22 10:18:12] SCORE The bandits (lawn green): Final=1349.5, Time=90.0, Moves(42)=75.5, Pins(8)=800.0, Dist=384.0, Win Bonus=0.0
[2026-05-22 10:18:12] SCORE jat (gray0): Final=2539.7, Time=64.2, Moves(42)=75.5, Pins(10)=1000.0, Dist=400.0, Win Bonus=1000.0
[2026-05-22 10:18:12] ALL WRONG MOVES BY COLOUR: {}
[2026-05-22 10:18:12] GAME TIME LIMIT REACHED.
[2026-05-22 10:18:12] SCORE The bandits (lawn green): Final=1349.5, Time=90.0, Moves(42)=75.5, Pins(8)=800.0, Dist=384.0, Win Bonus=0.0
[2026-05-22 10:18:12] SCORE jat (gray0): Final=2539.7, Time=64.2, Moves(42)=75.5, Pins(10)=1000.0, Dist=400.0, Win Bonus=1000.0
[2026-05-22 10:18:12] ALL WRONG MOVES BY COLOUR: {}
[2026-05-22 10:18:12] GAME TIME LIMIT REACHED.
[2026-05-22 10:18:12] SCORE The bandits (lawn green): Final=1349.5, Time=90.0, Moves(42)=75.5, Pins(8)=800.0, Dist=384.0, Win Bonus=0.0
[2026-05-22 10:18:12] SCORE jat (gray0): Final=2539.7, Time=64.2, Moves(42)=75.5, Pins(10)=1000.0, Dist=400.0, Win Bonus=1000.0
[2026-05-22 10:18:12] ALL WRONG MOVES BY COLOUR: {}
[2026-05-22 10:18:12] GAME TIME LIMIT REACHED.
[2026-05-22 10:18:13] SCORE The bandits (lawn green): Final=1349.5, Time=90.0, Moves(42)=75.5, Pins(8)=800.0, Dist=384.0, Win Bonus=0.0
[2026-05-22 10:18:13] SCORE jat (gray0): Final=2539.7, Time=64.2, Moves(42)=75.5, Pins(10)=1000.0, Dist=400.0, Win Bonus=1000.0
[2026-05-22 10:18:13] ALL WRONG MOVES BY COLOUR: {}
[2026-05-22 10:18:13] GAME TIME LIMIT REACHED.
[2026-05-22 10:18:13] SCORE The bandits (lawn green): Final=1349.5, Time=90.0, Moves(42)=75.5, Pins(8)=800.0, Dist=384.0, Win Bonus=0.0
[2026-05-22 10:18:13] SCORE jat (gray0): Final=2539.7, Time=64.2, Moves(42)=75.5, Pins(10)=1000.0, Dist=400.0, Win Bonus=1000.0
[2026-05-22 10:18:13] ALL WRONG MOVES BY COLOUR: {}
[2026-05-22 10:18:13] GAME TIME LIMIT REACHED.
[2026-05-22 10:18:13] SCORE The bandits (lawn green): Final=1349.5, Time=90.0, Moves(42)=75.5, Pins(8)=800.0, Dist=384.0, Win Bonus=0.0
[2026-05-22 10:18:13] SCORE jat (gray0): Final=2539.7, Time=64.2, Moves(42)=75.5, Pins(10)=1000.0, Dist=400.0, Win Bonus=1000.0
[2026-05-22 10:18:13] ALL WRONG MOVES BY COLOUR: {}
[2026-05-22 10:18:13] GAME TIME LIMIT REACHED.
[2026-05-22 10:18:13] SCORE The bandits (lawn green): Final=1349.5, Time=90.0, Moves(42)=75.5, Pins(8)=800.0, Dist=384.0, Win Bonus=0.0
[2026-05-22 10:18:13] SCORE jat (gray0): Final=2539.7, Time=64.2, Moves(42)=75.5, Pins(10)=1000.0, Dist=400.0, Win Bonus=1000.0
[2026-05-22 10:18:13] ALL WRONG MOVES BY COLOUR: {}
[2026-05-22 10:18:13] GAME TIME LIMIT REACHED.
[2026-05-22 10:18:14] SCORE The bandits (lawn green): Final=1349.5, Time=90.0, Moves(42)=75.5, Pins(8)=800.0, Dist=384.0, Win Bonus=0.0
[2026-05-22 10:18:14] SCORE jat (gray0): Final=2539.7, Time=64.2, Moves(42)=75.5, Pins(10)=1000.0, Dist=400.0, Win Bonus=1000.0
[2026-05-22 10:18:14] ALL WRONG MOVES BY COLOUR: {}
[2026-05-22 10:18:14] GAME TIME LIMIT REACHED.
[2026-05-22 10:18:14] SCORE The bandits (lawn green): Final=1349.5, Time=90.0, Moves(42)=75.5, Pins(8)=800.0, Dist=384.0, Win Bonus=0.0
[2026-05-22 10:18:14] SCORE jat (gray0): Final=2539.7, Time=64.2, Moves(42)=75.5, Pins(10)=1000.0, Dist=400.0, Win Bonus=1000.0
[2026-05-22 10:18:14] ALL WRONG MOVES BY COLOUR: {}
[2026-05-22 10:18:14] GAME TIME LIMIT REACHED.
[2026-05-22 10:18:14] SCORE The bandits (lawn green): Final=1349.5, Time=90.0, Moves(42)=75.5, Pins(8)=800.0, Dist=384.0, Win Bonus=0.0
[2026-05-22 10:18:14] SCORE jat (gray0): Final=2539.7, Time=64.2, Moves(42)=75.5, Pins(10)=1000.0, Dist=400.0, Win Bonus=1000.0
[2026-05-22 10:18:14] ALL WRONG MOVES BY COLOUR: {}
[2026-05-22 10:18:14] GAME TIME LIMIT REACHED.
[2026-05-22 10:18:14] SCORE The bandits (lawn green): Final=1349.5, Time=90.0, Moves(42)=75.5, Pins(8)=800.0, Dist=384.0, Win Bonus=0.0
[2026-05-22 10:18:14] SCORE jat (gray0): Final=2539.7, Time=64.2, Moves(42)=75.5, Pins(10)=1000.0, Dist=400.0, Win Bonus=1000.0
[2026-05-22 10:18:14] ALL WRONG MOVES BY COLOUR: {}
[2026-05-22 10:18:14] GAME TIME LIMIT REACHED.
[2026-05-22 10:18:15] SCORE The bandits (lawn green): Final=1349.5, Time=90.0, Moves(42)=75.5, Pins(8)=800.0, Dist=384.0, Win Bonus=0.0
[2026-05-22 10:18:15] SCORE jat (gray0): Final=2539.7, Time=64.2, Moves(42)=75.5, Pins(10)=1000.0, Dist=400.0, Win Bonus=1000.0
[2026-05-22 10:18:15] ALL WRONG MOVES BY COLOUR: {}
[2026-05-22 10:18:15] GAME TIME LIMIT REACHED.
[2026-05-22 10:18:15] SCORE The bandits (lawn green): Final=1349.5, Time=90.0, Moves(42)=75.5, Pins(8)=800.0, Dist=384.0, Win Bonus=0.0
[2026-05-22 10:18:15] SCORE jat (gray0): Final=2539.7, Time=64.2, Moves(42)=75.5, Pins(10)=1000.0, Dist=400.0, Win Bonus=1000.0
[2026-05-22 10:18:15] ALL WRONG MOVES BY COLOUR: {}
[2026-05-22 10:18:15] GAME TIME LIMIT REACHED.
[2026-05-22 10:18:15] SCORE The bandits (lawn green): Final=1349.5, Time=90.0, Moves(42)=75.5, Pins(8)=800.0, Dist=384.0, Win Bonus=0.0
[2026-05-22 10:18:15] SCORE jat (gray0): Final=2539.7, Time=64.2, Moves(42)=75.5, Pins(10)=1000.0, Dist=400.0, Win Bonus=1000.0
[2026-05-22 10:18:15] ALL WRONG MOVES BY COLOUR: {}
[2026-05-22 10:18:15] GAME TIME LIMIT REACHED.
[2026-05-22 10:18:15] SCORE The bandits (lawn green): Final=1349.5, Time=90.0, Moves(42)=75.5, Pins(8)=800.0, Dist=384.0, Win Bonus=0.0
[2026-05-22 10:18:15] SCORE jat (gray0): Final=2539.7, Time=64.2, Moves(42)=75.5, Pins(10)=1000.0, Dist=400.0, Win Bonus=1000.0
[2026-05-22 10:18:15] ALL WRONG MOVES BY COLOUR: {}
[2026-05-22 10:18:15] GAME TIME LIMIT REACHED.
[2026-05-22 10:18:15] SCORE The bandits (lawn green): Final=1349.5, Time=90.0, Moves(42)=75.5, Pins(8)=800.0, Dist=384.0, Win Bonus=0.0
[2026-05-22 10:18:15] SCORE jat (gray0): Final=2539.7, Time=64.2, Moves(42)=75.5, Pins(10)=1000.0, Dist=400.0, Win Bonus=1000.0
[2026-05-22 10:18:15] ALL WRONG MOVES BY COLOUR: {}
[2026-05-22 10:18:15] GAME TIME LIMIT REACHED.
[2026-05-22 10:18:16] SCORE The bandits (lawn green): Final=1349.5, Time=90.0, Moves(42)=75.5, Pins(8)=800.0, Dist=384.0, Win Bonus=0.0
[2026-05-22 10:18:16] SCORE jat (gray0): Final=2539.7, Time=64.2, Moves(42)=75.5, Pins(10)=1000.0, Dist=400.0, Win Bonus=1000.0
[2026-05-22 10:18:16] ALL WRONG MOVES BY COLOUR: {}
[2026-05-22 10:18:16] GAME TIME LIMIT REACHED.
[2026-05-22 10:18:16] SCORE The bandits (lawn green): Final=1349.5, Time=90.0, Moves(42)=75.5, Pins(8)=800.0, Dist=384.0, Win Bonus=0.0
[2026-05-22 10:18:16] SCORE jat (gray0): Final=2539.7, Time=64.2, Moves(42)=75.5, Pins(10)=1000.0, Dist=400.0, Win Bonus=1000.0
[2026-05-22 10:18:16] ALL WRONG MOVES BY COLOUR: {}
[2026-05-22 10:18:16] GAME TIME LIMIT REACHED.
[2026-05-22 10:18:16] SCORE The bandits (lawn green): Final=1349.5, Time=90.0, Moves(42)=75.5, Pins(8)=800.0, Dist=384.0, Win Bonus=0.0
[2026-05-22 10:18:16] SCORE jat (gray0): Final=2539.7, Time=64.2, Moves(42)=75.5, Pins(10)=1000.0, Dist=400.0, Win Bonus=1000.0
[2026-05-22 10:18:16] ALL WRONG MOVES BY COLOUR: {}
[2026-05-22 10:18:16] GAME TIME LIMIT REACHED.
[2026-05-22 10:18:16] SCORE The bandits (lawn green): Final=1349.5, Time=90.0, Moves(42)=75.5, Pins(8)=800.0, Dist=384.0, Win Bonus=0.0
[2026-05-22 10:18:16] SCORE jat (gray0): Final=2539.7, Time=64.2, Moves(42)=75.5, Pins(10)=1000.0, Dist=400.0, Win Bonus=1000.0
[2026-05-22 10:18:16] ALL WRONG MOVES BY COLOUR: {}
[2026-05-22 10:18:16] GAME TIME LIMIT REACHED.
[2026-05-22 10:18:17] SCORE The bandits (lawn green): Final=1349.5, Time=90.0, Moves(42)=75.5, Pins(8)=800.0, Dist=384.0, Win Bonus=0.0
[2026-05-22 10:18:17] SCORE jat (gray0): Final=2539.7, Time=64.2, Moves(42)=75.5, Pins(10)=1000.0, Dist=400.0, Win Bonus=1000.0
[2026-05-22 10:18:17] ALL WRONG MOVES BY COLOUR: {}
[2026-05-22 10:18:17] GAME TIME LIMIT REACHED.
[2026-05-22 10:18:17] SCORE The bandits (lawn green): Final=1349.5, Time=90.0, Moves(42)=75.5, Pins(8)=800.0, Dist=384.0, Win Bonus=0.0
[2026-05-22 10:18:17] SCORE jat (gray0): Final=2539.7, Time=64.2, Moves(42)=75.5, Pins(10)=1000.0, Dist=400.0, Win Bonus=1000.0
[2026-05-22 10:18:17] ALL WRONG MOVES BY COLOUR: {}
[2026-05-22 10:18:17] GAME TIME LIMIT REACHED.
[2026-05-22 10:18:17] SCORE The bandits (lawn green): Final=1349.5, Time=90.0, Moves(42)=75.5, Pins(8)=800.0, Dist=384.0, Win Bonus=0.0
[2026-05-22 10:18:17] SCORE jat (gray0): Final=2539.7, Time=64.2, Moves(42)=75.5, Pins(10)=1000.0, Dist=400.0, Win Bonus=1000.0
[2026-05-22 10:18:17] ALL WRONG MOVES BY COLOUR: {}
[2026-05-22 10:18:17] GAME TIME LIMIT REACHED.
[2026-05-22 10:18:17] SCORE The bandits (lawn green): Final=1349.5, Time=90.0, Moves(42)=75.5, Pins(8)=800.0, Dist=384.0, Win Bonus=0.0
[2026-05-22 10:18:17] SCORE jat (gray0): Final=2539.7, Time=64.2, Moves(42)=75.5, Pins(10)=1000.0, Dist=400.0, Win Bonus=1000.0
[2026-05-22 10:18:17] ALL WRONG MOVES BY COLOUR: {}
[2026-05-22 10:18:17] GAME TIME LIMIT REACHED.
[2026-05-22 10:18:17] SCORE The bandits (lawn green): Final=1349.5, Time=90.0, Moves(42)=75.5, Pins(8)=800.0, Dist=384.0, Win Bonus=0.0
[2026-05-22 10:18:17] SCORE jat (gray0): Final=2539.7, Time=64.2, Moves(42)=75.5, Pins(10)=1000.0, Dist=400.0, Win Bonus=1000.0
[2026-05-22 10:18:17] ALL WRONG MOVES BY COLOUR: {}
[2026-05-22 10:18:17] GAME TIME LIMIT REACHED.
[2026-05-22 10:18:18] SCORE The bandits (lawn green): Final=1349.5, Time=90.0, Moves(42)=75.5, Pins(8)=800.0, Dist=384.0, Win Bonus=0.0
[2026-05-22 10:18:18] SCORE jat (gray0): Final=2539.7, Time=64.2, Moves(42)=75.5, Pins(10)=1000.0, Dist=400.0, Win Bonus=1000.0
[2026-05-22 10:18:18] ALL WRONG MOVES BY COLOUR: {}
[2026-05-22 10:18:18] GAME TIME LIMIT REACHED.
[2026-05-22 10:18:18] SCORE The bandits (lawn green): Final=1349.5, Time=90.0, Moves(42)=75.5, Pins(8)=800.0, Dist=384.0, Win Bonus=0.0
[2026-05-22 10:18:18] SCORE jat (gray0): Final=2539.7, Time=64.2, Moves(42)=75.5, Pins(10)=1000.0, Dist=400.0, Win Bonus=1000.0
[2026-05-22 10:18:18] ALL WRONG MOVES BY COLOUR: {}
[2026-05-22 10:18:18] GAME TIME LIMIT REACHED.
[2026-05-22 10:18:18] SCORE The bandits (lawn green): Final=1349.5, Time=90.0, Moves(42)=75.5, Pins(8)=800.0, Dist=384.0, Win Bonus=0.0
[2026-05-22 10:18:18] SCORE jat (gray0): Final=2539.7, Time=64.2, Moves(42)=75.5, Pins(10)=1000.0, Dist=400.0, Win Bonus=1000.0
[2026-05-22 10:18:18] ALL WRONG MOVES BY COLOUR: {}
[2026-05-22 10:18:18] GAME TIME LIMIT REACHED.
[2026-05-22 10:18:18] SCORE The bandits (lawn green): Final=1349.5, Time=90.0, Moves(42)=75.5, Pins(8)=800.0, Dist=384.0, Win Bonus=0.0
[2026-05-22 10:18:18] SCORE jat (gray0): Final=2539.7, Time=64.2, Moves(42)=75.5, Pins(10)=1000.0, Dist=400.0, Win Bonus=1000.0
[2026-05-22 10:18:18] ALL WRONG MOVES BY COLOUR: {}
[2026-05-22 10:18:18] GAME TIME LIMIT REACHED.
[2026-05-22 10:18:19] SCORE The bandits (lawn green): Final=1349.5, Time=90.0, Moves(42)=75.5, Pins(8)=800.0, Dist=384.0, Win Bonus=0.0
[2026-05-22 10:18:19] SCORE jat (gray0): Final=2539.7, Time=64.2, Moves(42)=75.5, Pins(10)=1000.0, Dist=400.0, Win Bonus=1000.0
[2026-05-22 10:18:19] ALL WRONG MOVES BY COLOUR: {}
[2026-05-22 10:18:19] GAME TIME LIMIT REACHED.
[2026-05-22 10:18:19] SCORE The bandits (lawn green): Final=1349.5, Time=90.0, Moves(42)=75.5, Pins(8)=800.0, Dist=384.0, Win Bonus=0.0
[2026-05-22 10:18:19] SCORE jat (gray0): Final=2539.7, Time=64.2, Moves(42)=75.5, Pins(10)=1000.0, Dist=400.0, Win Bonus=1000.0
[2026-05-22 10:18:19] ALL WRONG MOVES BY COLOUR: {}
[2026-05-22 10:18:19] GAME TIME LIMIT REACHED.
[2026-05-22 10:18:19] SCORE The bandits (lawn green): Final=1349.5, Time=90.0, Moves(42)=75.5, Pins(8)=800.0, Dist=384.0, Win Bonus=0.0
[2026-05-22 10:18:19] SCORE jat (gray0): Final=2539.7, Time=64.2, Moves(42)=75.5, Pins(10)=1000.0, Dist=400.0, Win Bonus=1000.0
[2026-05-22 10:18:19] ALL WRONG MOVES BY COLOUR: {}
[2026-05-22 10:18:19] GAME TIME LIMIT REACHED.
[2026-05-22 10:18:19] SCORE The bandits (lawn green): Final=1349.5, Time=90.0, Moves(42)=75.5, Pins(8)=800.0, Dist=384.0, Win Bonus=0.0
[2026-05-22 10:18:19] SCORE jat (gray0): Final=2539.7, Time=64.2, Moves(42)=75.5, Pins(10)=1000.0, Dist=400.0, Win Bonus=1000.0
[2026-05-22 10:18:19] ALL WRONG MOVES BY COLOUR: {}
[2026-05-22 10:18:19] GAME TIME LIMIT REACHED.
[2026-05-22 10:18:20] SCORE The bandits (lawn green): Final=1349.5, Time=90.0, Moves(42)=75.5, Pins(8)=800.0, Dist=384.0, Win Bonus=0.0
[2026-05-22 10:18:20] SCORE jat (gray0): Final=2539.7, Time=64.2, Moves(42)=75.5, Pins(10)=1000.0, Dist=400.0, Win Bonus=1000.0
[2026-05-22 10:18:20] ALL WRONG MOVES BY COLOUR: {}
[2026-05-22 10:18:20] GAME TIME LIMIT REACHED.
[2026-05-22 10:18:20] SCORE The bandits (lawn green): Final=1349.5, Time=90.0, Moves(42)=75.5, Pins(8)=800.0, Dist=384.0, Win Bonus=0.0
[2026-05-22 10:18:20] SCORE jat (gray0): Final=2539.7, Time=64.2, Moves(42)=75.5, Pins(10)=1000.0, Dist=400.0, Win Bonus=1000.0
[2026-05-22 10:18:20] ALL WRONG MOVES BY COLOUR: {}
[2026-05-22 10:18:20] GAME TIME LIMIT REACHED.
[2026-05-22 10:18:20] SCORE The bandits (lawn green): Final=1349.5, Time=90.0, Moves(42)=75.5, Pins(8)=800.0, Dist=384.0, Win Bonus=0.0
[2026-05-22 10:18:20] SCORE jat (gray0): Final=2539.7, Time=64.2, Moves(42)=75.5, Pins(10)=1000.0, Dist=400.0, Win Bonus=1000.0
[2026-05-22 10:18:20] ALL WRONG MOVES BY COLOUR: {}
[2026-05-22 10:18:20] GAME TIME LIMIT REACHED.
[2026-05-22 10:18:20] SCORE The bandits (lawn green): Final=1349.5, Time=90.0, Moves(42)=75.5, Pins(8)=800.0, Dist=384.0, Win Bonus=0.0
[2026-05-22 10:18:20] SCORE jat (gray0): Final=2539.7, Time=64.2, Moves(42)=75.5, Pins(10)=1000.0, Dist=400.0, Win Bonus=1000.0
[2026-05-22 10:18:20] ALL WRONG MOVES BY COLOUR: {}
[2026-05-22 10:18:20] GAME TIME LIMIT REACHED.
[2026-05-22 10:18:20] SCORE The bandits (lawn green): Final=1349.5, Time=90.0, Moves(42)=75.5, Pins(8)=800.0, Dist=384.0, Win Bonus=0.0
[2026-05-22 10:18:20] SCORE jat (gray0): Final=2539.7, Time=64.2, Moves(42)=75.5, Pins(10)=1000.0, Dist=400.0, Win Bonus=1000.0
[2026-05-22 10:18:20] ALL WRONG MOVES BY COLOUR: {}
[2026-05-22 10:18:20] GAME TIME LIMIT REACHED.
[2026-05-22 10:18:21] SCORE The bandits (lawn green): Final=1349.5, Time=90.0, Moves(42)=75.5, Pins(8)=800.0, Dist=384.0, Win Bonus=0.0
[2026-05-22 10:18:21] SCORE jat (gray0): Final=2539.7, Time=64.2, Moves(42)=75.5, Pins(10)=1000.0, Dist=400.0, Win Bonus=1000.0
[2026-05-22 10:18:21] ALL WRONG MOVES BY COLOUR: {}
[2026-05-22 10:18:21] GAME TIME LIMIT REACHED.
[2026-05-22 10:18:21] SCORE The bandits (lawn green): Final=1349.5, Time=90.0, Moves(42)=75.5, Pins(8)=800.0, Dist=384.0, Win Bonus=0.0
[2026-05-22 10:18:21] SCORE jat (gray0): Final=2539.7, Time=64.2, Moves(42)=75.5, Pins(10)=1000.0, Dist=400.0, Win Bonus=1000.0
[2026-05-22 10:18:21] ALL WRONG MOVES BY COLOUR: {}
[2026-05-22 10:18:21] GAME TIME LIMIT REACHED.
[2026-05-22 10:18:21] SCORE The bandits (lawn green): Final=1349.5, Time=90.0, Moves(42)=75.5, Pins(8)=800.0, Dist=384.0, Win Bonus=0.0
[2026-05-22 10:18:21] SCORE jat (gray0): Final=2539.7, Time=64.2, Moves(42)=75.5, Pins(10)=1000.0, Dist=400.0, Win Bonus=1000.0
[2026-05-22 10:18:21] ALL WRONG MOVES BY COLOUR: {}
[2026-05-22 10:18:21] GAME TIME LIMIT REACHED.
[2026-05-22 10:18:21] SCORE The bandits (lawn green): Final=1349.5, Time=90.0, Moves(42)=75.5, Pins(8)=800.0, Dist=384.0, Win Bonus=0.0
[2026-05-22 10:18:21] SCORE jat (gray0): Final=2539.7, Time=64.2, Moves(42)=75.5, Pins(10)=1000.0, Dist=400.0, Win Bonus=1000.0
[2026-05-22 10:18:21] ALL WRONG MOVES BY COLOUR: {}
[2026-05-22 10:18:21] GAME TIME LIMIT REACHED.
[2026-05-22 10:18:22] SCORE The bandits (lawn green): Final=1349.5, Time=90.0, Moves(42)=75.5, Pins(8)=800.0, Dist=384.0, Win Bonus=0.0
[2026-05-22 10:18:22] SCORE jat (gray0): Final=2539.7, Time=64.2, Moves(42)=75.5, Pins(10)=1000.0, Dist=400.0, Win Bonus=1000.0
[2026-05-22 10:18:22] ALL WRONG MOVES BY COLOUR: {}
[2026-05-22 10:18:22] GAME TIME LIMIT REACHED.
[2026-05-22 10:18:22] SCORE The bandits (lawn green): Final=1349.5, Time=90.0, Moves(42)=75.5, Pins(8)=800.0, Dist=384.0, Win Bonus=0.0
[2026-05-22 10:18:22] SCORE jat (gray0): Final=2539.7, Time=64.2, Moves(42)=75.5, Pins(10)=1000.0, Dist=400.0, Win Bonus=1000.0
[2026-05-22 10:18:22] ALL WRONG MOVES BY COLOUR: {}
[2026-05-22 10:18:22] GAME TIME LIMIT REACHED.
[2026-05-22 10:18:22] SCORE The bandits (lawn green): Final=1349.5, Time=90.0, Moves(42)=75.5, Pins(8)=800.0, Dist=384.0, Win Bonus=0.0
[2026-05-22 10:18:22] SCORE jat (gray0): Final=2539.7, Time=64.2, Moves(42)=75.5, Pins(10)=1000.0, Dist=400.0, Win Bonus=1000.0
[2026-05-22 10:18:22] ALL WRONG MOVES BY COLOUR: {}
[2026-05-22 10:18:22] GAME TIME LIMIT REACHED.
[2026-05-22 10:18:22] SCORE The bandits (lawn green): Final=1349.5, Time=90.0, Moves(42)=75.5, Pins(8)=800.0, Dist=384.0, Win Bonus=0.0
[2026-05-22 10:18:22] SCORE jat (gray0): Final=2539.7, Time=64.2, Moves(42)=75.5, Pins(10)=1000.0, Dist=400.0, Win Bonus=1000.0
[2026-05-22 10:18:22] ALL WRONG MOVES BY COLOUR: {}
[2026-05-22 10:18:22] GAME TIME LIMIT REACHED.
[2026-05-22 10:18:23] SCORE The bandits (lawn green): Final=1349.5, Time=90.0, Moves(42)=75.5, Pins(8)=800.0, Dist=384.0, Win Bonus=0.0
[2026-05-22 10:18:23] SCORE jat (gray0): Final=2539.7, Time=64.2, Moves(42)=75.5, Pins(10)=1000.0, Dist=400.0, Win Bonus=1000.0
[2026-05-22 10:18:23] ALL WRONG MOVES BY COLOUR: {}
[2026-05-22 10:18:23] GAME TIME LIMIT REACHED.
[2026-05-22 10:18:23] SCORE The bandits (lawn green): Final=1349.5, Time=90.0, Moves(42)=75.5, Pins(8)=800.0, Dist=384.0, Win Bonus=0.0
[2026-05-22 10:18:23] SCORE jat (gray0): Final=2539.7, Time=64.2, Moves(42)=75.5, Pins(10)=1000.0, Dist=400.0, Win Bonus=1000.0
[2026-05-22 10:18:23] ALL WRONG MOVES BY COLOUR: {}
[2026-05-22 10:18:23] GAME TIME LIMIT REACHED.
[2026-05-22 10:18:23] SCORE The bandits (lawn green): Final=1349.5, Time=90.0, Moves(42)=75.5, Pins(8)=800.0, Dist=384.0, Win Bonus=0.0
[2026-05-22 10:18:23] SCORE jat (gray0): Final=2539.7, Time=64.2, Moves(42)=75.5, Pins(10)=1000.0, Dist=400.0, Win Bonus=1000.0
[2026-05-22 10:18:23] ALL WRONG MOVES BY COLOUR: {}
[2026-05-22 10:18:23] GAME TIME LIMIT REACHED.
[2026-05-22 10:18:23] SCORE The bandits (lawn green): Final=1349.5, Time=90.0, Moves(42)=75.5, Pins(8)=800.0, Dist=384.0, Win Bonus=0.0
[2026-05-22 10:18:23] SCORE jat (gray0): Final=2539.7, Time=64.2, Moves(42)=75.5, Pins(10)=1000.0, Dist=400.0, Win Bonus=1000.0
[2026-05-22 10:18:23] ALL WRONG MOVES BY COLOUR: {}
[2026-05-22 10:18:23] GAME TIME LIMIT REACHED.
[2026-05-22 10:18:23] SCORE The bandits (lawn green): Final=1349.5, Time=90.0, Moves(42)=75.5, Pins(8)=800.0, Dist=384.0, Win Bonus=0.0
[2026-05-22 10:18:23] SCORE jat (gray0): Final=2539.7, Time=64.2, Moves(42)=75.5, Pins(10)=1000.0, Dist=400.0, Win Bonus=1000.0
[2026-05-22 10:18:23] ALL WRONG MOVES BY COLOUR: {}
[2026-05-22 10:18:23] GAME TIME LIMIT REACHED.
[2026-05-22 10:18:24] SCORE The bandits (lawn green): Final=1349.5, Time=90.0, Moves(42)=75.5, Pins(8)=800.0, Dist=384.0, Win Bonus=0.0
[2026-05-22 10:18:24] SCORE jat (gray0): Final=2539.7, Time=64.2, Moves(42)=75.5, Pins(10)=1000.0, Dist=400.0, Win Bonus=1000.0
[2026-05-22 10:18:24] ALL WRONG MOVES BY COLOUR: {}
[2026-05-22 10:18:24] GAME TIME LIMIT REACHED.
[2026-05-22 10:18:24] SCORE The bandits (lawn green): Final=1349.5, Time=90.0, Moves(42)=75.5, Pins(8)=800.0, Dist=384.0, Win Bonus=0.0
[2026-05-22 10:18:24] SCORE jat (gray0): Final=2539.7, Time=64.2, Moves(42)=75.5, Pins(10)=1000.0, Dist=400.0, Win Bonus=1000.0
[2026-05-22 10:18:24] ALL WRONG MOVES BY COLOUR: {}
[2026-05-22 10:18:24] GAME TIME LIMIT REACHED.
[2026-05-22 10:18:24] SCORE The bandits (lawn green): Final=1349.5, Time=90.0, Moves(42)=75.5, Pins(8)=800.0, Dist=384.0, Win Bonus=0.0
[2026-05-22 10:18:24] SCORE jat (gray0): Final=2539.7, Time=64.2, Moves(42)=75.5, Pins(10)=1000.0, Dist=400.0, Win Bonus=1000.0
[2026-05-22 10:18:24] ALL WRONG MOVES BY COLOUR: {}
[2026-05-22 10:18:24] GAME TIME LIMIT REACHED.
[2026-05-22 10:18:24] SCORE The bandits (lawn green): Final=1349.5, Time=90.0, Moves(42)=75.5, Pins(8)=800.0, Dist=384.0, Win Bonus=0.0
[2026-05-22 10:18:24] SCORE jat (gray0): Final=2539.7, Time=64.2, Moves(42)=75.5, Pins(10)=1000.0, Dist=400.0, Win Bonus=1000.0
[2026-05-22 10:18:24] ALL WRONG MOVES BY COLOUR: {}
[2026-05-22 10:18:24] GAME TIME LIMIT REACHED.
[2026-05-22 10:18:25] SCORE The bandits (lawn green): Final=1349.5, Time=90.0, Moves(42)=75.5, Pins(8)=800.0, Dist=384.0, Win Bonus=0.0
[2026-05-22 10:18:25] SCORE jat (gray0): Final=2539.7, Time=64.2, Moves(42)=75.5, Pins(10)=1000.0, Dist=400.0, Win Bonus=1000.0
[2026-05-22 10:18:25] ALL WRONG MOVES BY COLOUR: {}
[2026-05-22 10:18:25] GAME TIME LIMIT REACHED.
[2026-05-22 10:18:25] SCORE The bandits (lawn green): Final=1349.5, Time=90.0, Moves(42)=75.5, Pins(8)=800.0, Dist=384.0, Win Bonus=0.0
[2026-05-22 10:18:25] SCORE jat (gray0): Final=2539.7, Time=64.2, Moves(42)=75.5, Pins(10)=1000.0, Dist=400.0, Win Bonus=1000.0
[2026-05-22 10:18:25] ALL WRONG MOVES BY COLOUR: {}
[2026-05-22 10:18:25] GAME TIME LIMIT REACHED.
[2026-05-22 10:18:25] SCORE The bandits (lawn green): Final=1349.5, Time=90.0, Moves(42)=75.5, Pins(8)=800.0, Dist=384.0, Win Bonus=0.0
[2026-05-22 10:18:25] SCORE jat (gray0): Final=2539.7, Time=64.2, Moves(42)=75.5, Pins(10)=1000.0, Dist=400.0, Win Bonus=1000.0
[2026-05-22 10:18:25] ALL WRONG MOVES BY COLOUR: {}
[2026-05-22 10:18:25] GAME TIME LIMIT REACHED.
[2026-05-22 10:18:25] SCORE The bandits (lawn green): Final=1349.5, Time=90.0, Moves(42)=75.5, Pins(8)=800.0, Dist=384.0, Win Bonus=0.0
[2026-05-22 10:18:25] SCORE jat (gray0): Final=2539.7, Time=64.2, Moves(42)=75.5, Pins(10)=1000.0, Dist=400.0, Win Bonus=1000.0
[2026-05-22 10:18:25] ALL WRONG MOVES BY COLOUR: {}
[2026-05-22 10:18:25] GAME TIME LIMIT REACHED.
[2026-05-22 10:18:25] SCORE The bandits (lawn green): Final=1349.5, Time=90.0, Moves(42)=75.5, Pins(8)=800.0, Dist=384.0, Win Bonus=0.0
[2026-05-22 10:18:25] SCORE jat (gray0): Final=2539.7, Time=64.2, Moves(42)=75.5, Pins(10)=1000.0, Dist=400.0, Win Bonus=1000.0
[2026-05-22 10:18:25] ALL WRONG MOVES BY COLOUR: {}
[2026-05-22 10:18:25] GAME TIME LIMIT REACHED.
[2026-05-22 10:18:26] SCORE The bandits (lawn green): Final=1349.5, Time=90.0, Moves(42)=75.5, Pins(8)=800.0, Dist=384.0, Win Bonus=0.0
[2026-05-22 10:18:26] SCORE jat (gray0): Final=2539.7, Time=64.2, Moves(42)=75.5, Pins(10)=1000.0, Dist=400.0, Win Bonus=1000.0
[2026-05-22 10:18:26] ALL WRONG MOVES BY COLOUR: {}
[2026-05-22 10:18:26] GAME TIME LIMIT REACHED.
[2026-05-22 10:18:26] SCORE The bandits (lawn green): Final=1349.5, Time=90.0, Moves(42)=75.5, Pins(8)=800.0, Dist=384.0, Win Bonus=0.0
[2026-05-22 10:18:26] SCORE jat (gray0): Final=2539.7, Time=64.2, Moves(42)=75.5, Pins(10)=1000.0, Dist=400.0, Win Bonus=1000.0
[2026-05-22 10:18:26] ALL WRONG MOVES BY COLOUR: {}
[2026-05-22 10:18:26] GAME TIME LIMIT REACHED.
[2026-05-22 10:18:26] SCORE The bandits (lawn green): Final=1349.5, Time=90.0, Moves(42)=75.5, Pins(8)=800.0, Dist=384.0, Win Bonus=0.0
[2026-05-22 10:18:26] SCORE jat (gray0): Final=2539.7, Time=64.2, Moves(42)=75.5, Pins(10)=1000.0, Dist=400.0, Win Bonus=1000.0
[2026-05-22 10:18:26] ALL WRONG MOVES BY COLOUR: {}
[2026-05-22 10:18:26] GAME TIME LIMIT REACHED.
[2026-05-22 10:18:26] SCORE The bandits (lawn green): Final=1349.5, Time=90.0, Moves(42)=75.5, Pins(8)=800.0, Dist=384.0, Win Bonus=0.0
[2026-05-22 10:18:26] SCORE jat (gray0): Final=2539.7, Time=64.2, Moves(42)=75.5, Pins(10)=1000.0, Dist=400.0, Win Bonus=1000.0
[2026-05-22 10:18:26] ALL WRONG MOVES BY COLOUR: {}
[2026-05-22 10:18:26] GAME TIME LIMIT REACHED.
[2026-05-22 10:18:27] SCORE The bandits (lawn green): Final=1349.5, Time=90.0, Moves(42)=75.5, Pins(8)=800.0, Dist=384.0, Win Bonus=0.0
[2026-05-22 10:18:27] SCORE jat (gray0): Final=2539.7, Time=64.2, Moves(42)=75.5, Pins(10)=1000.0, Dist=400.0, Win Bonus=1000.0
[2026-05-22 10:18:27] ALL WRONG MOVES BY COLOUR: {}
[2026-05-22 10:18:27] GAME TIME LIMIT REACHED.
[2026-05-22 10:18:27] SCORE The bandits (lawn green): Final=1349.5, Time=90.0, Moves(42)=75.5, Pins(8)=800.0, Dist=384.0, Win Bonus=0.0
[2026-05-22 10:18:27] SCORE jat (gray0): Final=2539.7, Time=64.2, Moves(42)=75.5, Pins(10)=1000.0, Dist=400.0, Win Bonus=1000.0
[2026-05-22 10:18:27] ALL WRONG MOVES BY COLOUR: {}
[2026-05-22 10:18:27] GAME TIME LIMIT REACHED.
[2026-05-22 10:18:27] SCORE The bandits (lawn green): Final=1349.5, Time=90.0, Moves(42)=75.5, Pins(8)=800.0, Dist=384.0, Win Bonus=0.0
[2026-05-22 10:18:27] SCORE jat (gray0): Final=2539.7, Time=64.2, Moves(42)=75.5, Pins(10)=1000.0, Dist=400.0, Win Bonus=1000.0
[2026-05-22 10:18:27] ALL WRONG MOVES BY COLOUR: {}
[2026-05-22 10:18:27] GAME TIME LIMIT REACHED.
[2026-05-22 10:18:27] SCORE The bandits (lawn green): Final=1349.5, Time=90.0, Moves(42)=75.5, Pins(8)=800.0, Dist=384.0, Win Bonus=0.0
[2026-05-22 10:18:27] SCORE jat (gray0): Final=2539.7, Time=64.2, Moves(42)=75.5, Pins(10)=1000.0, Dist=400.0, Win Bonus=1000.0
[2026-05-22 10:18:27] ALL WRONG MOVES BY COLOUR: {}
[2026-05-22 10:18:27] GAME TIME LIMIT REACHED.
[2026-05-22 10:18:28] SCORE The bandits (lawn green): Final=1349.5, Time=90.0, Moves(42)=75.5, Pins(8)=800.0, Dist=384.0, Win Bonus=0.0
[2026-05-22 10:18:28] SCORE jat (gray0): Final=2539.7, Time=64.2, Moves(42)=75.5, Pins(10)=1000.0, Dist=400.0, Win Bonus=1000.0
[2026-05-22 10:18:28] ALL WRONG MOVES BY COLOUR: {}
[2026-05-22 10:18:28] GAME TIME LIMIT REACHED.
[2026-05-22 10:18:28] SCORE The bandits (lawn green): Final=1349.5, Time=90.0, Moves(42)=75.5, Pins(8)=800.0, Dist=384.0, Win Bonus=0.0
[2026-05-22 10:18:28] SCORE jat (gray0): Final=2539.7, Time=64.2, Moves(42)=75.5, Pins(10)=1000.0, Dist=400.0, Win Bonus=1000.0
[2026-05-22 10:18:28] ALL WRONG MOVES BY COLOUR: {}
[2026-05-22 10:18:28] GAME TIME LIMIT REACHED.
[2026-05-22 10:18:28] SCORE The bandits (lawn green): Final=1349.5, Time=90.0, Moves(42)=75.5, Pins(8)=800.0, Dist=384.0, Win Bonus=0.0
[2026-05-22 10:18:28] SCORE jat (gray0): Final=2539.7, Time=64.2, Moves(42)=75.5, Pins(10)=1000.0, Dist=400.0, Win Bonus=1000.0
[2026-05-22 10:18:28] ALL WRONG MOVES BY COLOUR: {}
[2026-05-22 10:18:28] GAME TIME LIMIT REACHED.
[2026-05-22 10:18:28] SCORE The bandits (lawn green): Final=1349.5, Time=90.0, Moves(42)=75.5, Pins(8)=800.0, Dist=384.0, Win Bonus=0.0
[2026-05-22 10:18:28] SCORE jat (gray0): Final=2539.7, Time=64.2, Moves(42)=75.5, Pins(10)=1000.0, Dist=400.0, Win Bonus=1000.0
[2026-05-22 10:18:28] ALL WRONG MOVES BY COLOUR: {}
[2026-05-22 10:18:28] GAME TIME LIMIT REACHED.
[2026-05-22 10:18:28] SCORE The bandits (lawn green): Final=1349.5, Time=90.0, Moves(42)=75.5, Pins(8)=800.0, Dist=384.0, Win Bonus=0.0
[2026-05-22 10:18:28] SCORE jat (gray0): Final=2539.7, Time=64.2, Moves(42)=75.5, Pins(10)=1000.0, Dist=400.0, Win Bonus=1000.0
[2026-05-22 10:18:28] ALL WRONG MOVES BY COLOUR: {}
[2026-05-22 10:18:28] GAME TIME LIMIT REACHED.
[2026-05-22 10:18:29] SCORE The bandits (lawn green): Final=1349.5, Time=90.0, Moves(42)=75.5, Pins(8)=800.0, Dist=384.0, Win Bonus=0.0
[2026-05-22 10:18:29] SCORE jat (gray0): Final=2539.7, Time=64.2, Moves(42)=75.5, Pins(10)=1000.0, Dist=400.0, Win Bonus=1000.0
[2026-05-22 10:18:29] ALL WRONG MOVES BY COLOUR: {}
[2026-05-22 10:18:29] GAME TIME LIMIT REACHED.
[2026-05-22 10:18:29] SCORE The bandits (lawn green): Final=1349.5, Time=90.0, Moves(42)=75.5, Pins(8)=800.0, Dist=384.0, Win Bonus=0.0
[2026-05-22 10:18:29] SCORE jat (gray0): Final=2539.7, Time=64.2, Moves(42)=75.5, Pins(10)=1000.0, Dist=400.0, Win Bonus=1000.0
[2026-05-22 10:18:29] ALL WRONG MOVES BY COLOUR: {}
[2026-05-22 10:18:29] GAME TIME LIMIT REACHED.
[2026-05-22 10:18:29] SCORE The bandits (lawn green): Final=1349.5, Time=90.0, Moves(42)=75.5, Pins(8)=800.0, Dist=384.0, Win Bonus=0.0
[2026-05-22 10:18:29] SCORE jat (gray0): Final=2539.7, Time=64.2, Moves(42)=75.5, Pins(10)=1000.0, Dist=400.0, Win Bonus=1000.0
[2026-05-22 10:18:29] ALL WRONG MOVES BY COLOUR: {}
[2026-05-22 10:18:29] GAME TIME LIMIT REACHED.
[2026-05-22 10:18:29] SCORE The bandits (lawn green): Final=1349.5, Time=90.0, Moves(42)=75.5, Pins(8)=800.0, Dist=384.0, Win Bonus=0.0
[2026-05-22 10:18:29] SCORE jat (gray0): Final=2539.7, Time=64.2, Moves(42)=75.5, Pins(10)=1000.0, Dist=400.0, Win Bonus=1000.0
[2026-05-22 10:18:29] ALL WRONG MOVES BY COLOUR: {}
[2026-05-22 10:18:29] GAME TIME LIMIT REACHED.
[2026-05-22 10:18:30] SCORE The bandits (lawn green): Final=1349.5, Time=90.0, Moves(42)=75.5, Pins(8)=800.0, Dist=384.0, Win Bonus=0.0
[2026-05-22 10:18:30] SCORE jat (gray0): Final=2539.7, Time=64.2, Moves(42)=75.5, Pins(10)=1000.0, Dist=400.0, Win Bonus=1000.0
[2026-05-22 10:18:30] ALL WRONG MOVES BY COLOUR: {}
[2026-05-22 10:18:30] GAME TIME LIMIT REACHED.
[2026-05-22 10:18:30] SCORE The bandits (lawn green): Final=1349.5, Time=90.0, Moves(42)=75.5, Pins(8)=800.0, Dist=384.0, Win Bonus=0.0
[2026-05-22 10:18:30] SCORE jat (gray0): Final=2539.7, Time=64.2, Moves(42)=75.5, Pins(10)=1000.0, Dist=400.0, Win Bonus=1000.0
[2026-05-22 10:18:30] ALL WRONG MOVES BY COLOUR: {}
[2026-05-22 10:18:30] GAME TIME LIMIT REACHED.
[2026-05-22 10:18:30] SCORE The bandits (lawn green): Final=1349.5, Time=90.0, Moves(42)=75.5, Pins(8)=800.0, Dist=384.0, Win Bonus=0.0
[2026-05-22 10:18:30] SCORE jat (gray0): Final=2539.7, Time=64.2, Moves(42)=75.5, Pins(10)=1000.0, Dist=400.0, Win Bonus=1000.0
[2026-05-22 10:18:30] ALL WRONG MOVES BY COLOUR: {}
[2026-05-22 10:18:30] GAME TIME LIMIT REACHED.
[2026-05-22 10:18:30] SCORE The bandits (lawn green): Final=1349.5, Time=90.0, Moves(42)=75.5, Pins(8)=800.0, Dist=384.0, Win Bonus=0.0
[2026-05-22 10:18:30] SCORE jat (gray0): Final=2539.7, Time=64.2, Moves(42)=75.5, Pins(10)=1000.0, Dist=400.0, Win Bonus=1000.0
[2026-05-22 10:18:30] ALL WRONG MOVES BY COLOUR: {}
[2026-05-22 10:18:30] GAME TIME LIMIT REACHED.
[2026-05-22 10:18:31] SCORE The bandits (lawn green): Final=1349.5, Time=90.0, Moves(42)=75.5, Pins(8)=800.0, Dist=384.0, Win Bonus=0.0
[2026-05-22 10:18:31] SCORE jat (gray0): Final=2539.7, Time=64.2, Moves(42)=75.5, Pins(10)=1000.0, Dist=400.0, Win Bonus=1000.0
[2026-05-22 10:18:31] ALL WRONG MOVES BY COLOUR: {}
[2026-05-22 10:18:31] GAME TIME LIMIT REACHED.
[2026-05-22 10:18:31] SCORE The bandits (lawn green): Final=1349.5, Time=90.0, Moves(42)=75.5, Pins(8)=800.0, Dist=384.0, Win Bonus=0.0
[2026-05-22 10:18:31] SCORE jat (gray0): Final=2539.7, Time=64.2, Moves(42)=75.5, Pins(10)=1000.0, Dist=400.0, Win Bonus=1000.0
[2026-05-22 10:18:31] ALL WRONG MOVES BY COLOUR: {}
[2026-05-22 10:18:31] GAME TIME LIMIT REACHED.
[2026-05-22 10:18:31] SCORE The bandits (lawn green): Final=1349.5, Time=90.0, Moves(42)=75.5, Pins(8)=800.0, Dist=384.0, Win Bonus=0.0
[2026-05-22 10:18:31] SCORE jat (gray0): Final=2539.7, Time=64.2, Moves(42)=75.5, Pins(10)=1000.0, Dist=400.0, Win Bonus=1000.0
[2026-05-22 10:18:31] ALL WRONG MOVES BY COLOUR: {}
[2026-05-22 10:18:31] GAME TIME LIMIT REACHED.
[2026-05-22 10:18:31] SCORE The bandits (lawn green): Final=1349.5, Time=90.0, Moves(42)=75.5, Pins(8)=800.0, Dist=384.0, Win Bonus=0.0
[2026-05-22 10:18:31] SCORE jat (gray0): Final=2539.7, Time=64.2, Moves(42)=75.5, Pins(10)=1000.0, Dist=400.0, Win Bonus=1000.0
[2026-05-22 10:18:31] ALL WRONG MOVES BY COLOUR: {}
[2026-05-22 10:18:31] GAME TIME LIMIT REACHED.
[2026-05-22 10:18:31] SCORE The bandits (lawn green): Final=1349.5, Time=90.0, Moves(42)=75.5, Pins(8)=800.0, Dist=384.0, Win Bonus=0.0
[2026-05-22 10:18:31] SCORE jat (gray0): Final=2539.7, Time=64.2, Moves(42)=75.5, Pins(10)=1000.0, Dist=400.0, Win Bonus=1000.0
[2026-05-22 10:18:31] ALL WRONG MOVES BY COLOUR: {}
[2026-05-22 10:18:31] GAME TIME LIMIT REACHED.
[2026-05-22 10:18:32] SCORE The bandits (lawn green): Final=1349.5, Time=90.0, Moves(42)=75.5, Pins(8)=800.0, Dist=384.0, Win Bonus=0.0
[2026-05-22 10:18:32] SCORE jat (gray0): Final=2539.7, Time=64.2, Moves(42)=75.5, Pins(10)=1000.0, Dist=400.0, Win Bonus=1000.0
[2026-05-22 10:18:32] ALL WRONG MOVES BY COLOUR: {}
[2026-05-22 10:18:32] GAME TIME LIMIT REACHED.
[2026-05-22 10:18:32] SCORE The bandits (lawn green): Final=1349.5, Time=90.0, Moves(42)=75.5, Pins(8)=800.0, Dist=384.0, Win Bonus=0.0
[2026-05-22 10:18:32] SCORE jat (gray0): Final=2539.7, Time=64.2, Moves(42)=75.5, Pins(10)=1000.0, Dist=400.0, Win Bonus=1000.0
[2026-05-22 10:18:32] ALL WRONG MOVES BY COLOUR: {}
[2026-05-22 10:18:32] GAME TIME LIMIT REACHED.
[2026-05-22 10:18:32] SCORE The bandits (lawn green): Final=1349.5, Time=90.0, Moves(42)=75.5, Pins(8)=800.0, Dist=384.0, Win Bonus=0.0
[2026-05-22 10:18:32] SCORE jat (gray0): Final=2539.7, Time=64.2, Moves(42)=75.5, Pins(10)=1000.0, Dist=400.0, Win Bonus=1000.0
[2026-05-22 10:18:32] ALL WRONG MOVES BY COLOUR: {}
[2026-05-22 10:18:32] GAME TIME LIMIT REACHED.
[2026-05-22 10:18:32] SCORE The bandits (lawn green): Final=1349.5, Time=90.0, Moves(42)=75.5, Pins(8)=800.0, Dist=384.0, Win Bonus=0.0
[2026-05-22 10:18:32] SCORE jat (gray0): Final=2539.7, Time=64.2, Moves(42)=75.5, Pins(10)=1000.0, Dist=400.0, Win Bonus=1000.0
[2026-05-22 10:18:32] ALL WRONG MOVES BY COLOUR: {}
[2026-05-22 10:18:32] GAME TIME LIMIT REACHED.
[2026-05-22 10:18:33] SCORE The bandits (lawn green): Final=1349.5, Time=90.0, Moves(42)=75.5, Pins(8)=800.0, Dist=384.0, Win Bonus=0.0
[2026-05-22 10:18:33] SCORE jat (gray0): Final=2539.7, Time=64.2, Moves(42)=75.5, Pins(10)=1000.0, Dist=400.0, Win Bonus=1000.0
[2026-05-22 10:18:33] ALL WRONG MOVES BY COLOUR: {}
[2026-05-22 10:18:33] GAME TIME LIMIT REACHED.
[2026-05-22 10:18:33] SCORE The bandits (lawn green): Final=1349.5, Time=90.0, Moves(42)=75.5, Pins(8)=800.0, Dist=384.0, Win Bonus=0.0
[2026-05-22 10:18:33] SCORE jat (gray0): Final=2539.7, Time=64.2, Moves(42)=75.5, Pins(10)=1000.0, Dist=400.0, Win Bonus=1000.0
[2026-05-22 10:18:33] ALL WRONG MOVES BY COLOUR: {}
[2026-05-22 10:18:33] GAME TIME LIMIT REACHED.
[2026-05-22 10:18:33] SCORE The bandits (lawn green): Final=1349.5, Time=90.0, Moves(42)=75.5, Pins(8)=800.0, Dist=384.0, Win Bonus=0.0
[2026-05-22 10:18:33] SCORE jat (gray0): Final=2539.7, Time=64.2, Moves(42)=75.5, Pins(10)=1000.0, Dist=400.0, Win Bonus=1000.0
[2026-05-22 10:18:33] ALL WRONG MOVES BY COLOUR: {}
[2026-05-22 10:18:33] GAME TIME LIMIT REACHED.
[2026-05-22 10:18:33] SCORE The bandits (lawn green): Final=1349.5, Time=90.0, Moves(42)=75.5, Pins(8)=800.0, Dist=384.0, Win Bonus=0.0
[2026-05-22 10:18:33] SCORE jat (gray0): Final=2539.7, Time=64.2, Moves(42)=75.5, Pins(10)=1000.0, Dist=400.0, Win Bonus=1000.0
[2026-05-22 10:18:33] ALL WRONG MOVES BY COLOUR: {}
[2026-05-22 10:18:33] GAME TIME LIMIT REACHED.
[2026-05-22 10:18:34] SCORE The bandits (lawn green): Final=1349.5, Time=90.0, Moves(42)=75.5, Pins(8)=800.0, Dist=384.0, Win Bonus=0.0
[2026-05-22 10:18:34] SCORE jat (gray0): Final=2539.7, Time=64.2, Moves(42)=75.5, Pins(10)=1000.0, Dist=400.0, Win Bonus=1000.0
[2026-05-22 10:18:34] ALL WRONG MOVES BY COLOUR: {}
[2026-05-22 10:18:34] GAME TIME LIMIT REACHED.
[2026-05-22 10:18:34] SCORE The bandits (lawn green): Final=1349.5, Time=90.0, Moves(42)=75.5, Pins(8)=800.0, Dist=384.0, Win Bonus=0.0
[2026-05-22 10:18:34] SCORE jat (gray0): Final=2539.7, Time=64.2, Moves(42)=75.5, Pins(10)=1000.0, Dist=400.0, Win Bonus=1000.0
[2026-05-22 10:18:34] ALL WRONG MOVES BY COLOUR: {}
[2026-05-22 10:18:34] GAME TIME LIMIT REACHED.
[2026-05-22 10:18:34] SCORE The bandits (lawn green): Final=1349.5, Time=90.0, Moves(42)=75.5, Pins(8)=800.0, Dist=384.0, Win Bonus=0.0
[2026-05-22 10:18:34] SCORE jat (gray0): Final=2539.7, Time=64.2, Moves(42)=75.5, Pins(10)=1000.0, Dist=400.0, Win Bonus=1000.0
[2026-05-22 10:18:34] ALL WRONG MOVES BY COLOUR: {}
[2026-05-22 10:18:34] GAME TIME LIMIT REACHED.
[2026-05-22 10:18:34] SCORE The bandits (lawn green): Final=1349.5, Time=90.0, Moves(42)=75.5, Pins(8)=800.0, Dist=384.0, Win Bonus=0.0
[2026-05-22 10:18:34] SCORE jat (gray0): Final=2539.7, Time=64.2, Moves(42)=75.5, Pins(10)=1000.0, Dist=400.0, Win Bonus=1000.0
[2026-05-22 10:18:34] ALL WRONG MOVES BY COLOUR: {}
[2026-05-22 10:18:34] GAME TIME LIMIT REACHED.
[2026-05-22 10:18:34] SCORE The bandits (lawn green): Final=1349.5, Time=90.0, Moves(42)=75.5, Pins(8)=800.0, Dist=384.0, Win Bonus=0.0
[2026-05-22 10:18:34] SCORE jat (gray0): Final=2539.7, Time=64.2, Moves(42)=75.5, Pins(10)=1000.0, Dist=400.0, Win Bonus=1000.0
[2026-05-22 10:18:34] ALL WRONG MOVES BY COLOUR: {}
[2026-05-22 10:18:34] GAME TIME LIMIT REACHED.
[2026-05-22 10:18:35] SCORE The bandits (lawn green): Final=1349.5, Time=90.0, Moves(42)=75.5, Pins(8)=800.0, Dist=384.0, Win Bonus=0.0
[2026-05-22 10:18:35] SCORE jat (gray0): Final=2539.7, Time=64.2, Moves(42)=75.5, Pins(10)=1000.0, Dist=400.0, Win Bonus=1000.0
[2026-05-22 10:18:35] ALL WRONG MOVES BY COLOUR: {}
[2026-05-22 10:18:35] GAME TIME LIMIT REACHED.
[2026-05-22 10:18:35] SCORE The bandits (lawn green): Final=1349.5, Time=90.0, Moves(42)=75.5, Pins(8)=800.0, Dist=384.0, Win Bonus=0.0
[2026-05-22 10:18:35] SCORE jat (gray0): Final=2539.7, Time=64.2, Moves(42)=75.5, Pins(10)=1000.0, Dist=400.0, Win Bonus=1000.0
[2026-05-22 10:18:35] ALL WRONG MOVES BY COLOUR: {}
[2026-05-22 10:18:35] GAME TIME LIMIT REACHED.
[2026-05-22 10:18:35] SCORE The bandits (lawn green): Final=1349.5, Time=90.0, Moves(42)=75.5, Pins(8)=800.0, Dist=384.0, Win Bonus=0.0
[2026-05-22 10:18:35] SCORE jat (gray0): Final=2539.7, Time=64.2, Moves(42)=75.5, Pins(10)=1000.0, Dist=400.0, Win Bonus=1000.0
[2026-05-22 10:18:35] ALL WRONG MOVES BY COLOUR: {}
[2026-05-22 10:18:35] GAME TIME LIMIT REACHED.
[2026-05-22 10:18:35] SCORE The bandits (lawn green): Final=1349.5, Time=90.0, Moves(42)=75.5, Pins(8)=800.0, Dist=384.0, Win Bonus=0.0
[2026-05-22 10:18:35] SCORE jat (gray0): Final=2539.7, Time=64.2, Moves(42)=75.5, Pins(10)=1000.0, Dist=400.0, Win Bonus=1000.0
[2026-05-22 10:18:35] ALL WRONG MOVES BY COLOUR: {}
[2026-05-22 10:18:35] GAME TIME LIMIT REACHED.
[2026-05-22 10:18:36] SCORE The bandits (lawn green): Final=1349.5, Time=90.0, Moves(42)=75.5, Pins(8)=800.0, Dist=384.0, Win Bonus=0.0
[2026-05-22 10:18:36] SCORE jat (gray0): Final=2539.7, Time=64.2, Moves(42)=75.5, Pins(10)=1000.0, Dist=400.0, Win Bonus=1000.0
[2026-05-22 10:18:36] ALL WRONG MOVES BY COLOUR: {}
[2026-05-22 10:18:36] GAME TIME LIMIT REACHED.
[2026-05-22 10:18:36] SCORE The bandits (lawn green): Final=1349.5, Time=90.0, Moves(42)=75.5, Pins(8)=800.0, Dist=384.0, Win Bonus=0.0
[2026-05-22 10:18:36] SCORE jat (gray0): Final=2539.7, Time=64.2, Moves(42)=75.5, Pins(10)=1000.0, Dist=400.0, Win Bonus=1000.0
[2026-05-22 10:18:36] ALL WRONG MOVES BY COLOUR: {}
[2026-05-22 10:18:36] GAME TIME LIMIT REACHED.
[2026-05-22 10:18:36] SCORE The bandits (lawn green): Final=1349.5, Time=90.0, Moves(42)=75.5, Pins(8)=800.0, Dist=384.0, Win Bonus=0.0
[2026-05-22 10:18:36] SCORE jat (gray0): Final=2539.7, Time=64.2, Moves(42)=75.5, Pins(10)=1000.0, Dist=400.0, Win Bonus=1000.0
[2026-05-22 10:18:36] ALL WRONG MOVES BY COLOUR: {}
[2026-05-22 10:18:36] GAME TIME LIMIT REACHED.
[2026-05-22 10:18:36] SCORE The bandits (lawn green): Final=1349.5, Time=90.0, Moves(42)=75.5, Pins(8)=800.0, Dist=384.0, Win Bonus=0.0
[2026-05-22 10:18:36] SCORE jat (gray0): Final=2539.7, Time=64.2, Moves(42)=75.5, Pins(10)=1000.0, Dist=400.0, Win Bonus=1000.0
[2026-05-22 10:18:36] ALL WRONG MOVES BY COLOUR: {}
[2026-05-22 10:18:36] GAME TIME LIMIT REACHED.
[2026-05-22 10:18:36] SCORE The bandits (lawn green): Final=1349.5, Time=90.0, Moves(42)=75.5, Pins(8)=800.0, Dist=384.0, Win Bonus=0.0
[2026-05-22 10:18:36] SCORE jat (gray0): Final=2539.7, Time=64.2, Moves(42)=75.5, Pins(10)=1000.0, Dist=400.0, Win Bonus=1000.0
[2026-05-22 10:18:36] ALL WRONG MOVES BY COLOUR: {}
[2026-05-22 10:18:36] GAME TIME LIMIT REACHED.
[2026-05-22 10:18:37] SCORE The bandits (lawn green): Final=1349.5, Time=90.0, Moves(42)=75.5, Pins(8)=800.0, Dist=384.0, Win Bonus=0.0
[2026-05-22 10:18:37] SCORE jat (gray0): Final=2539.7, Time=64.2, Moves(42)=75.5, Pins(10)=1000.0, Dist=400.0, Win Bonus=1000.0
[2026-05-22 10:18:37] ALL WRONG MOVES BY COLOUR: {}
[2026-05-22 10:18:37] GAME TIME LIMIT REACHED.
[2026-05-22 10:18:37] SCORE The bandits (lawn green): Final=1349.5, Time=90.0, Moves(42)=75.5, Pins(8)=800.0, Dist=384.0, Win Bonus=0.0
[2026-05-22 10:18:37] SCORE jat (gray0): Final=2539.7, Time=64.2, Moves(42)=75.5, Pins(10)=1000.0, Dist=400.0, Win Bonus=1000.0
[2026-05-22 10:18:37] ALL WRONG MOVES BY COLOUR: {}
[2026-05-22 10:18:37] GAME TIME LIMIT REACHED.
[2026-05-22 10:18:37] SCORE The bandits (lawn green): Final=1349.5, Time=90.0, Moves(42)=75.5, Pins(8)=800.0, Dist=384.0, Win Bonus=0.0
[2026-05-22 10:18:37] SCORE jat (gray0): Final=2539.7, Time=64.2, Moves(42)=75.5, Pins(10)=1000.0, Dist=400.0, Win Bonus=1000.0
[2026-05-22 10:18:37] ALL WRONG MOVES BY COLOUR: {}
[2026-05-22 10:18:37] GAME TIME LIMIT REACHED.
[2026-05-22 10:18:37] SCORE The bandits (lawn green): Final=1349.5, Time=90.0, Moves(42)=75.5, Pins(8)=800.0, Dist=384.0, Win Bonus=0.0
[2026-05-22 10:18:37] SCORE jat (gray0): Final=2539.7, Time=64.2, Moves(42)=75.5, Pins(10)=1000.0, Dist=400.0, Win Bonus=1000.0
[2026-05-22 10:18:37] ALL WRONG MOVES BY COLOUR: {}
[2026-05-22 10:18:37] GAME TIME LIMIT REACHED.
[2026-05-22 10:18:38] SCORE The bandits (lawn green): Final=1349.5, Time=90.0, Moves(42)=75.5, Pins(8)=800.0, Dist=384.0, Win Bonus=0.0
[2026-05-22 10:18:38] SCORE jat (gray0): Final=2539.7, Time=64.2, Moves(42)=75.5, Pins(10)=1000.0, Dist=400.0, Win Bonus=1000.0
[2026-05-22 10:18:38] ALL WRONG MOVES BY COLOUR: {}
[2026-05-22 10:18:38] GAME TIME LIMIT REACHED.
[2026-05-22 10:18:38] SCORE The bandits (lawn green): Final=1349.5, Time=90.0, Moves(42)=75.5, Pins(8)=800.0, Dist=384.0, Win Bonus=0.0
[2026-05-22 10:18:38] SCORE jat (gray0): Final=2539.7, Time=64.2, Moves(42)=75.5, Pins(10)=1000.0, Dist=400.0, Win Bonus=1000.0
[2026-05-22 10:18:38] ALL WRONG MOVES BY COLOUR: {}
[2026-05-22 10:18:38] GAME TIME LIMIT REACHED.
[2026-05-22 10:18:38] SCORE The bandits (lawn green): Final=1349.5, Time=90.0, Moves(42)=75.5, Pins(8)=800.0, Dist=384.0, Win Bonus=0.0
[2026-05-22 10:18:38] SCORE jat (gray0): Final=2539.7, Time=64.2, Moves(42)=75.5, Pins(10)=1000.0, Dist=400.0, Win Bonus=1000.0
[2026-05-22 10:18:38] ALL WRONG MOVES BY COLOUR: {}
[2026-05-22 10:18:38] GAME TIME LIMIT REACHED.
[2026-05-22 10:18:38] SCORE The bandits (lawn green): Final=1349.5, Time=90.0, Moves(42)=75.5, Pins(8)=800.0, Dist=384.0, Win Bonus=0.0
[2026-05-22 10:18:38] SCORE jat (gray0): Final=2539.7, Time=64.2, Moves(42)=75.5, Pins(10)=1000.0, Dist=400.0, Win Bonus=1000.0
[2026-05-22 10:18:38] ALL WRONG MOVES BY COLOUR: {}
[2026-05-22 10:18:38] GAME TIME LIMIT REACHED.
[2026-05-22 10:18:39] SCORE The bandits (lawn green): Final=1349.5, Time=90.0, Moves(42)=75.5, Pins(8)=800.0, Dist=384.0, Win Bonus=0.0
[2026-05-22 10:18:39] SCORE jat (gray0): Final=2539.7, Time=64.2, Moves(42)=75.5, Pins(10)=1000.0, Dist=400.0, Win Bonus=1000.0
[2026-05-22 10:18:39] ALL WRONG MOVES BY COLOUR: {}
[2026-05-22 10:18:39] GAME TIME LIMIT REACHED.
[2026-05-22 10:18:39] SCORE The bandits (lawn green): Final=1349.5, Time=90.0, Moves(42)=75.5, Pins(8)=800.0, Dist=384.0, Win Bonus=0.0
[2026-05-22 10:18:39] SCORE jat (gray0): Final=2539.7, Time=64.2, Moves(42)=75.5, Pins(10)=1000.0, Dist=400.0, Win Bonus=1000.0
[2026-05-22 10:18:39] ALL WRONG MOVES BY COLOUR: {}
[2026-05-22 10:18:39] GAME TIME LIMIT REACHED.
[2026-05-22 10:18:39] SCORE The bandits (lawn green): Final=1349.5, Time=90.0, Moves(42)=75.5, Pins(8)=800.0, Dist=384.0, Win Bonus=0.0
[2026-05-22 10:18:39] SCORE jat (gray0): Final=2539.7, Time=64.2, Moves(42)=75.5, Pins(10)=1000.0, Dist=400.0, Win Bonus=1000.0
[2026-05-22 10:18:39] ALL WRONG MOVES BY COLOUR: {}
[2026-05-22 10:18:39] GAME TIME LIMIT REACHED.
[2026-05-22 10:18:39] SCORE The bandits (lawn green): Final=1349.5, Time=90.0, Moves(42)=75.5, Pins(8)=800.0, Dist=384.0, Win Bonus=0.0
[2026-05-22 10:18:39] SCORE jat (gray0): Final=2539.7, Time=64.2, Moves(42)=75.5, Pins(10)=1000.0, Dist=400.0, Win Bonus=1000.0
[2026-05-22 10:18:39] ALL WRONG MOVES BY COLOUR: {}
[2026-05-22 10:18:39] GAME TIME LIMIT REACHED.
[2026-05-22 10:18:40] SCORE The bandits (lawn green): Final=1349.5, Time=90.0, Moves(42)=75.5, Pins(8)=800.0, Dist=384.0, Win Bonus=0.0
[2026-05-22 10:18:40] SCORE jat (gray0): Final=2539.7, Time=64.2, Moves(42)=75.5, Pins(10)=1000.0, Dist=400.0, Win Bonus=1000.0
[2026-05-22 10:18:40] ALL WRONG MOVES BY COLOUR: {}
[2026-05-22 10:18:40] GAME TIME LIMIT REACHED.
[2026-05-22 10:18:40] SCORE The bandits (lawn green): Final=1349.5, Time=90.0, Moves(42)=75.5, Pins(8)=800.0, Dist=384.0, Win Bonus=0.0
[2026-05-22 10:18:40] SCORE jat (gray0): Final=2539.7, Time=64.2, Moves(42)=75.5, Pins(10)=1000.0, Dist=400.0, Win Bonus=1000.0
[2026-05-22 10:18:40] ALL WRONG MOVES BY COLOUR: {}
[2026-05-22 10:18:40] GAME TIME LIMIT REACHED.
[2026-05-22 10:18:40] SCORE The bandits (lawn green): Final=1349.5, Time=90.0, Moves(42)=75.5, Pins(8)=800.0, Dist=384.0, Win Bonus=0.0
[2026-05-22 10:18:40] SCORE jat (gray0): Final=2539.7, Time=64.2, Moves(42)=75.5, Pins(10)=1000.0, Dist=400.0, Win Bonus=1000.0
[2026-05-22 10:18:40] ALL WRONG MOVES BY COLOUR: {}
[2026-05-22 10:18:40] GAME TIME LIMIT REACHED.
[2026-05-22 10:18:40] SCORE The bandits (lawn green): Final=1349.5, Time=90.0, Moves(42)=75.5, Pins(8)=800.0, Dist=384.0, Win Bonus=0.0
[2026-05-22 10:18:40] SCORE jat (gray0): Final=2539.7, Time=64.2, Moves(42)=75.5, Pins(10)=1000.0, Dist=400.0, Win Bonus=1000.0
[2026-05-22 10:18:40] ALL WRONG MOVES BY COLOUR: {}
[2026-05-22 10:18:40] GAME TIME LIMIT REACHED.
[2026-05-22 10:18:40] SCORE The bandits (lawn green): Final=1349.5, Time=90.0, Moves(42)=75.5, Pins(8)=800.0, Dist=384.0, Win Bonus=0.0
[2026-05-22 10:18:40] SCORE jat (gray0): Final=2539.7, Time=64.2, Moves(42)=75.5, Pins(10)=1000.0, Dist=400.0, Win Bonus=1000.0
[2026-05-22 10:18:40] ALL WRONG MOVES BY COLOUR: {}
[2026-05-22 10:18:40] GAME TIME LIMIT REACHED.
[2026-05-22 10:18:41] SCORE The bandits (lawn green): Final=1349.5, Time=90.0, Moves(42)=75.5, Pins(8)=800.0, Dist=384.0, Win Bonus=0.0
[2026-05-22 10:18:41] SCORE jat (gray0): Final=2539.7, Time=64.2, Moves(42)=75.5, Pins(10)=1000.0, Dist=400.0, Win Bonus=1000.0
[2026-05-22 10:18:41] ALL WRONG MOVES BY COLOUR: {}
[2026-05-22 10:18:41] GAME TIME LIMIT REACHED.
[2026-05-22 10:18:41] SCORE The bandits (lawn green): Final=1349.5, Time=90.0, Moves(42)=75.5, Pins(8)=800.0, Dist=384.0, Win Bonus=0.0
[2026-05-22 10:18:41] SCORE jat (gray0): Final=2539.7, Time=64.2, Moves(42)=75.5, Pins(10)=1000.0, Dist=400.0, Win Bonus=1000.0
[2026-05-22 10:18:41] ALL WRONG MOVES BY COLOUR: {}
[2026-05-22 10:18:41] GAME TIME LIMIT REACHED.
[2026-05-22 10:18:41] SCORE The bandits (lawn green): Final=1349.5, Time=90.0, Moves(42)=75.5, Pins(8)=800.0, Dist=384.0, Win Bonus=0.0
[2026-05-22 10:18:41] SCORE jat (gray0): Final=2539.7, Time=64.2, Moves(42)=75.5, Pins(10)=1000.0, Dist=400.0, Win Bonus=1000.0
[2026-05-22 10:18:41] ALL WRONG MOVES BY COLOUR: {}
[2026-05-22 10:18:41] GAME TIME LIMIT REACHED.
[2026-05-22 10:18:41] SCORE The bandits (lawn green): Final=1349.5, Time=90.0, Moves(42)=75.5, Pins(8)=800.0, Dist=384.0, Win Bonus=0.0
[2026-05-22 10:18:41] SCORE jat (gray0): Final=2539.7, Time=64.2, Moves(42)=75.5, Pins(10)=1000.0, Dist=400.0, Win Bonus=1000.0
[2026-05-22 10:18:41] ALL WRONG MOVES BY COLOUR: {}
[2026-05-22 10:18:41] GAME TIME LIMIT REACHED.
[2026-05-22 10:18:42] SCORE The bandits (lawn green): Final=1349.5, Time=90.0, Moves(42)=75.5, Pins(8)=800.0, Dist=384.0, Win Bonus=0.0
[2026-05-22 10:18:42] SCORE jat (gray0): Final=2539.7, Time=64.2, Moves(42)=75.5, Pins(10)=1000.0, Dist=400.0, Win Bonus=1000.0
[2026-05-22 10:18:42] ALL WRONG MOVES BY COLOUR: {}
[2026-05-22 10:18:42] GAME TIME LIMIT REACHED.
[2026-05-22 10:18:42] SCORE The bandits (lawn green): Final=1349.5, Time=90.0, Moves(42)=75.5, Pins(8)=800.0, Dist=384.0, Win Bonus=0.0
[2026-05-22 10:18:42] SCORE jat (gray0): Final=2539.7, Time=64.2, Moves(42)=75.5, Pins(10)=1000.0, Dist=400.0, Win Bonus=1000.0
[2026-05-22 10:18:42] ALL WRONG MOVES BY COLOUR: {}
[2026-05-22 10:18:42] GAME TIME LIMIT REACHED.
[2026-05-22 10:18:42] SCORE The bandits (lawn green): Final=1349.5, Time=90.0, Moves(42)=75.5, Pins(8)=800.0, Dist=384.0, Win Bonus=0.0
[2026-05-22 10:18:42] SCORE jat (gray0): Final=2539.7, Time=64.2, Moves(42)=75.5, Pins(10)=1000.0, Dist=400.0, Win Bonus=1000.0
[2026-05-22 10:18:42] ALL WRONG MOVES BY COLOUR: {}
[2026-05-22 10:18:42] GAME TIME LIMIT REACHED.
[2026-05-22 10:18:42] SCORE The bandits (lawn green): Final=1349.5, Time=90.0, Moves(42)=75.5, Pins(8)=800.0, Dist=384.0, Win Bonus=0.0
[2026-05-22 10:18:42] SCORE jat (gray0): Final=2539.7, Time=64.2, Moves(42)=75.5, Pins(10)=1000.0, Dist=400.0, Win Bonus=1000.0
[2026-05-22 10:18:42] ALL WRONG MOVES BY COLOUR: {}
[2026-05-22 10:18:42] GAME TIME LIMIT REACHED.
[2026-05-22 10:18:43] SCORE The bandits (lawn green): Final=1349.5, Time=90.0, Moves(42)=75.5, Pins(8)=800.0, Dist=384.0, Win Bonus=0.0
[2026-05-22 10:18:43] SCORE jat (gray0): Final=2539.7, Time=64.2, Moves(42)=75.5, Pins(10)=1000.0, Dist=400.0, Win Bonus=1000.0
[2026-05-22 10:18:43] ALL WRONG MOVES BY COLOUR: {}
[2026-05-22 10:18:43] GAME TIME LIMIT REACHED.
[2026-05-22 10:18:43] SCORE The bandits (lawn green): Final=1349.5, Time=90.0, Moves(42)=75.5, Pins(8)=800.0, Dist=384.0, Win Bonus=0.0
[2026-05-22 10:18:43] SCORE jat (gray0): Final=2539.7, Time=64.2, Moves(42)=75.5, Pins(10)=1000.0, Dist=400.0, Win Bonus=1000.0
[2026-05-22 10:18:43] ALL WRONG MOVES BY COLOUR: {}
[2026-05-22 10:18:43] GAME TIME LIMIT REACHED.
[2026-05-22 10:18:43] SCORE The bandits (lawn green): Final=1349.5, Time=90.0, Moves(42)=75.5, Pins(8)=800.0, Dist=384.0, Win Bonus=0.0
[2026-05-22 10:18:43] SCORE jat (gray0): Final=2539.7, Time=64.2, Moves(42)=75.5, Pins(10)=1000.0, Dist=400.0, Win Bonus=1000.0
[2026-05-22 10:18:43] ALL WRONG MOVES BY COLOUR: {}
[2026-05-22 10:18:43] GAME TIME LIMIT REACHED.
[2026-05-22 10:18:43] SCORE The bandits (lawn green): Final=1349.5, Time=90.0, Moves(42)=75.5, Pins(8)=800.0, Dist=384.0, Win Bonus=0.0
[2026-05-22 10:18:43] SCORE jat (gray0): Final=2539.7, Time=64.2, Moves(42)=75.5, Pins(10)=1000.0, Dist=400.0, Win Bonus=1000.0
[2026-05-22 10:18:43] ALL WRONG MOVES BY COLOUR: {}
[2026-05-22 10:18:43] GAME TIME LIMIT REACHED.
[2026-05-22 10:18:43] SCORE The bandits (lawn green): Final=1349.5, Time=90.0, Moves(42)=75.5, Pins(8)=800.0, Dist=384.0, Win Bonus=0.0
[2026-05-22 10:18:43] SCORE jat (gray0): Final=2539.7, Time=64.2, Moves(42)=75.5, Pins(10)=1000.0, Dist=400.0, Win Bonus=1000.0
[2026-05-22 10:18:43] ALL WRONG MOVES BY COLOUR: {}
[2026-05-22 10:18:43] GAME TIME LIMIT REACHED.
[2026-05-22 10:18:44] SCORE The bandits (lawn green): Final=1349.5, Time=90.0, Moves(42)=75.5, Pins(8)=800.0, Dist=384.0, Win Bonus=0.0
[2026-05-22 10:18:44] SCORE jat (gray0): Final=2539.7, Time=64.2, Moves(42)=75.5, Pins(10)=1000.0, Dist=400.0, Win Bonus=1000.0
[2026-05-22 10:18:44] ALL WRONG MOVES BY COLOUR: {}
[2026-05-22 10:18:44] GAME TIME LIMIT REACHED.
[2026-05-22 10:18:44] SCORE The bandits (lawn green): Final=1349.5, Time=90.0, Moves(42)=75.5, Pins(8)=800.0, Dist=384.0, Win Bonus=0.0
[2026-05-22 10:18:44] SCORE jat (gray0): Final=2539.7, Time=64.2, Moves(42)=75.5, Pins(10)=1000.0, Dist=400.0, Win Bonus=1000.0
[2026-05-22 10:18:44] ALL WRONG MOVES BY COLOUR: {}
[2026-05-22 10:18:44] GAME TIME LIMIT REACHED.
[2026-05-22 10:18:44] SCORE The bandits (lawn green): Final=1349.5, Time=90.0, Moves(42)=75.5, Pins(8)=800.0, Dist=384.0, Win Bonus=0.0
[2026-05-22 10:18:44] SCORE jat (gray0): Final=2539.7, Time=64.2, Moves(42)=75.5, Pins(10)=1000.0, Dist=400.0, Win Bonus=1000.0
[2026-05-22 10:18:44] ALL WRONG MOVES BY COLOUR: {}
[2026-05-22 10:18:44] GAME TIME LIMIT REACHED.
[2026-05-22 10:18:44] SCORE The bandits (lawn green): Final=1349.5, Time=90.0, Moves(42)=75.5, Pins(8)=800.0, Dist=384.0, Win Bonus=0.0
[2026-05-22 10:18:44] SCORE jat (gray0): Final=2539.7, Time=64.2, Moves(42)=75.5, Pins(10)=1000.0, Dist=400.0, Win Bonus=1000.0
[2026-05-22 10:18:44] ALL WRONG MOVES BY COLOUR: {}
[2026-05-22 10:18:44] GAME TIME LIMIT REACHED.
[2026-05-22 10:18:45] SCORE The bandits (lawn green): Final=1349.5, Time=90.0, Moves(42)=75.5, Pins(8)=800.0, Dist=384.0, Win Bonus=0.0
[2026-05-22 10:18:45] SCORE jat (gray0): Final=2539.7, Time=64.2, Moves(42)=75.5, Pins(10)=1000.0, Dist=400.0, Win Bonus=1000.0
[2026-05-22 10:18:45] ALL WRONG MOVES BY COLOUR: {}
[2026-05-22 10:18:45] GAME TIME LIMIT REACHED.
[2026-05-22 10:18:45] SCORE The bandits (lawn green): Final=1349.5, Time=90.0, Moves(42)=75.5, Pins(8)=800.0, Dist=384.0, Win Bonus=0.0
[2026-05-22 10:18:45] SCORE jat (gray0): Final=2539.7, Time=64.2, Moves(42)=75.5, Pins(10)=1000.0, Dist=400.0, Win Bonus=1000.0
[2026-05-22 10:18:45] ALL WRONG MOVES BY COLOUR: {}
[2026-05-22 10:18:45] GAME TIME LIMIT REACHED.
[2026-05-22 10:18:45] SCORE The bandits (lawn green): Final=1349.5, Time=90.0, Moves(42)=75.5, Pins(8)=800.0, Dist=384.0, Win Bonus=0.0
[2026-05-22 10:18:45] SCORE jat (gray0): Final=2539.7, Time=64.2, Moves(42)=75.5, Pins(10)=1000.0, Dist=400.0, Win Bonus=1000.0
[2026-05-22 10:18:45] ALL WRONG MOVES BY COLOUR: {}
[2026-05-22 10:18:45] GAME TIME LIMIT REACHED.
[2026-05-22 10:18:45] SCORE The bandits (lawn green): Final=1349.5, Time=90.0, Moves(42)=75.5, Pins(8)=800.0, Dist=384.0, Win Bonus=0.0
[2026-05-22 10:18:45] SCORE jat (gray0): Final=2539.7, Time=64.2, Moves(42)=75.5, Pins(10)=1000.0, Dist=400.0, Win Bonus=1000.0
[2026-05-22 10:18:45] ALL WRONG MOVES BY COLOUR: {}
[2026-05-22 10:18:45] GAME TIME LIMIT REACHED.
[2026-05-22 10:18:46] SCORE The bandits (lawn green): Final=1349.5, Time=90.0, Moves(42)=75.5, Pins(8)=800.0, Dist=384.0, Win Bonus=0.0
[2026-05-22 10:18:46] SCORE jat (gray0): Final=2539.7, Time=64.2, Moves(42)=75.5, Pins(10)=1000.0, Dist=400.0, Win Bonus=1000.0
[2026-05-22 10:18:46] ALL WRONG MOVES BY COLOUR: {}
[2026-05-22 10:18:46] GAME TIME LIMIT REACHED.
[2026-05-22 10:18:46] SCORE The bandits (lawn green): Final=1349.5, Time=90.0, Moves(42)=75.5, Pins(8)=800.0, Dist=384.0, Win Bonus=0.0
[2026-05-22 10:18:46] SCORE jat (gray0): Final=2539.7, Time=64.2, Moves(42)=75.5, Pins(10)=1000.0, Dist=400.0, Win Bonus=1000.0
[2026-05-22 10:18:46] ALL WRONG MOVES BY COLOUR: {}
[2026-05-22 10:18:46] GAME TIME LIMIT REACHED.
[2026-05-22 10:18:46] SCORE The bandits (lawn green): Final=1349.5, Time=90.0, Moves(42)=75.5, Pins(8)=800.0, Dist=384.0, Win Bonus=0.0
[2026-05-22 10:18:46] SCORE jat (gray0): Final=2539.7, Time=64.2, Moves(42)=75.5, Pins(10)=1000.0, Dist=400.0, Win Bonus=1000.0
[2026-05-22 10:18:46] ALL WRONG MOVES BY COLOUR: {}
[2026-05-22 10:18:46] GAME TIME LIMIT REACHED.
[2026-05-22 10:18:46] SCORE The bandits (lawn green): Final=1349.5, Time=90.0, Moves(42)=75.5, Pins(8)=800.0, Dist=384.0, Win Bonus=0.0
[2026-05-22 10:18:46] SCORE jat (gray0): Final=2539.7, Time=64.2, Moves(42)=75.5, Pins(10)=1000.0, Dist=400.0, Win Bonus=1000.0
[2026-05-22 10:18:46] ALL WRONG MOVES BY COLOUR: {}
[2026-05-22 10:18:46] GAME TIME LIMIT REACHED.
[2026-05-22 10:18:46] SCORE The bandits (lawn green): Final=1349.5, Time=90.0, Moves(42)=75.5, Pins(8)=800.0, Dist=384.0, Win Bonus=0.0
[2026-05-22 10:18:46] SCORE jat (gray0): Final=2539.7, Time=64.2, Moves(42)=75.5, Pins(10)=1000.0, Dist=400.0, Win Bonus=1000.0
[2026-05-22 10:18:46] ALL WRONG MOVES BY COLOUR: {}
[2026-05-22 10:18:46] GAME TIME LIMIT REACHED.
[2026-05-22 10:18:47] SCORE The bandits (lawn green): Final=1349.5, Time=90.0, Moves(42)=75.5, Pins(8)=800.0, Dist=384.0, Win Bonus=0.0
[2026-05-22 10:18:47] SCORE jat (gray0): Final=2539.7, Time=64.2, Moves(42)=75.5, Pins(10)=1000.0, Dist=400.0, Win Bonus=1000.0
[2026-05-22 10:18:47] ALL WRONG MOVES BY COLOUR: {}
[2026-05-22 10:18:47] GAME TIME LIMIT REACHED.
[2026-05-22 10:18:47] SCORE The bandits (lawn green): Final=1349.5, Time=90.0, Moves(42)=75.5, Pins(8)=800.0, Dist=384.0, Win Bonus=0.0
[2026-05-22 10:18:47] SCORE jat (gray0): Final=2539.7, Time=64.2, Moves(42)=75.5, Pins(10)=1000.0, Dist=400.0, Win Bonus=1000.0
[2026-05-22 10:18:47] ALL WRONG MOVES BY COLOUR: {}
[2026-05-22 10:18:47] GAME TIME LIMIT REACHED.
[2026-05-22 10:18:47] SCORE The bandits (lawn green): Final=1349.5, Time=90.0, Moves(42)=75.5, Pins(8)=800.0, Dist=384.0, Win Bonus=0.0
[2026-05-22 10:18:47] SCORE jat (gray0): Final=2539.7, Time=64.2, Moves(42)=75.5, Pins(10)=1000.0, Dist=400.0, Win Bonus=1000.0
[2026-05-22 10:18:47] ALL WRONG MOVES BY COLOUR: {}
[2026-05-22 10:18:47] GAME TIME LIMIT REACHED.
[2026-05-22 10:18:47] SCORE The bandits (lawn green): Final=1349.5, Time=90.0, Moves(42)=75.5, Pins(8)=800.0, Dist=384.0, Win Bonus=0.0
[2026-05-22 10:18:47] SCORE jat (gray0): Final=2539.7, Time=64.2, Moves(42)=75.5, Pins(10)=1000.0, Dist=400.0, Win Bonus=1000.0
[2026-05-22 10:18:47] ALL WRONG MOVES BY COLOUR: {}
[2026-05-22 10:18:47] GAME TIME LIMIT REACHED.
[2026-05-22 10:18:48] SCORE The bandits (lawn green): Final=1349.5, Time=90.0, Moves(42)=75.5, Pins(8)=800.0, Dist=384.0, Win Bonus=0.0
[2026-05-22 10:18:48] SCORE jat (gray0): Final=2539.7, Time=64.2, Moves(42)=75.5, Pins(10)=1000.0, Dist=400.0, Win Bonus=1000.0
[2026-05-22 10:18:48] ALL WRONG MOVES BY COLOUR: {}
[2026-05-22 10:18:48] GAME TIME LIMIT REACHED.
[2026-05-22 10:18:48] SCORE The bandits (lawn green): Final=1349.5, Time=90.0, Moves(42)=75.5, Pins(8)=800.0, Dist=384.0, Win Bonus=0.0
[2026-05-22 10:18:48] SCORE jat (gray0): Final=2539.7, Time=64.2, Moves(42)=75.5, Pins(10)=1000.0, Dist=400.0, Win Bonus=1000.0
[2026-05-22 10:18:48] ALL WRONG MOVES BY COLOUR: {}
[2026-05-22 10:18:48] GAME TIME LIMIT REACHED.
[2026-05-22 10:18:48] SCORE The bandits (lawn green): Final=1349.5, Time=90.0, Moves(42)=75.5, Pins(8)=800.0, Dist=384.0, Win Bonus=0.0
[2026-05-22 10:18:48] SCORE jat (gray0): Final=2539.7, Time=64.2, Moves(42)=75.5, Pins(10)=1000.0, Dist=400.0, Win Bonus=1000.0
[2026-05-22 10:18:48] ALL WRONG MOVES BY COLOUR: {}
[2026-05-22 10:18:48] GAME TIME LIMIT REACHED.
[2026-05-22 10:18:48] SCORE The bandits (lawn green): Final=1349.5, Time=90.0, Moves(42)=75.5, Pins(8)=800.0, Dist=384.0, Win Bonus=0.0
[2026-05-22 10:18:48] SCORE jat (gray0): Final=2539.7, Time=64.2, Moves(42)=75.5, Pins(10)=1000.0, Dist=400.0, Win Bonus=1000.0
[2026-05-22 10:18:48] ALL WRONG MOVES BY COLOUR: {}
[2026-05-22 10:18:48] GAME TIME LIMIT REACHED.
[2026-05-22 10:18:49] SCORE The bandits (lawn green): Final=1349.5, Time=90.0, Moves(42)=75.5, Pins(8)=800.0, Dist=384.0, Win Bonus=0.0
[2026-05-22 10:18:49] SCORE jat (gray0): Final=2539.7, Time=64.2, Moves(42)=75.5, Pins(10)=1000.0, Dist=400.0, Win Bonus=1000.0
[2026-05-22 10:18:49] ALL WRONG MOVES BY COLOUR: {}
[2026-05-22 10:18:49] GAME TIME LIMIT REACHED.
[2026-05-22 10:18:49] SCORE The bandits (lawn green): Final=1349.5, Time=90.0, Moves(42)=75.5, Pins(8)=800.0, Dist=384.0, Win Bonus=0.0
[2026-05-22 10:18:49] SCORE jat (gray0): Final=2539.7, Time=64.2, Moves(42)=75.5, Pins(10)=1000.0, Dist=400.0, Win Bonus=1000.0
[2026-05-22 10:18:49] ALL WRONG MOVES BY COLOUR: {}
[2026-05-22 10:18:49] GAME TIME LIMIT REACHED.
[2026-05-22 10:18:49] SCORE The bandits (lawn green): Final=1349.5, Time=90.0, Moves(42)=75.5, Pins(8)=800.0, Dist=384.0, Win Bonus=0.0
[2026-05-22 10:18:49] SCORE jat (gray0): Final=2539.7, Time=64.2, Moves(42)=75.5, Pins(10)=1000.0, Dist=400.0, Win Bonus=1000.0
[2026-05-22 10:18:49] ALL WRONG MOVES BY COLOUR: {}
[2026-05-22 10:18:49] GAME TIME LIMIT REACHED.
[2026-05-22 10:18:49] SCORE The bandits (lawn green): Final=1349.5, Time=90.0, Moves(42)=75.5, Pins(8)=800.0, Dist=384.0, Win Bonus=0.0
[2026-05-22 10:18:49] SCORE jat (gray0): Final=2539.7, Time=64.2, Moves(42)=75.5, Pins(10)=1000.0, Dist=400.0, Win Bonus=1000.0
[2026-05-22 10:18:49] ALL WRONG MOVES BY COLOUR: {}
[2026-05-22 10:18:49] GAME TIME LIMIT REACHED.
[2026-05-22 10:18:50] SCORE The bandits (lawn green): Final=1349.5, Time=90.0, Moves(42)=75.5, Pins(8)=800.0, Dist=384.0, Win Bonus=0.0
[2026-05-22 10:18:50] SCORE jat (gray0): Final=2539.7, Time=64.2, Moves(42)=75.5, Pins(10)=1000.0, Dist=400.0, Win Bonus=1000.0
[2026-05-22 10:18:50] ALL WRONG MOVES BY COLOUR: {}
[2026-05-22 10:18:50] GAME TIME LIMIT REACHED.
[2026-05-22 10:18:50] SCORE The bandits (lawn green): Final=1349.5, Time=90.0, Moves(42)=75.5, Pins(8)=800.0, Dist=384.0, Win Bonus=0.0
[2026-05-22 10:18:50] SCORE jat (gray0): Final=2539.7, Time=64.2, Moves(42)=75.5, Pins(10)=1000.0, Dist=400.0, Win Bonus=1000.0
[2026-05-22 10:18:50] ALL WRONG MOVES BY COLOUR: {}
[2026-05-22 10:18:50] GAME TIME LIMIT REACHED.
[2026-05-22 10:18:50] SCORE The bandits (lawn green): Final=1349.5, Time=90.0, Moves(42)=75.5, Pins(8)=800.0, Dist=384.0, Win Bonus=0.0
[2026-05-22 10:18:50] SCORE jat (gray0): Final=2539.7, Time=64.2, Moves(42)=75.5, Pins(10)=1000.0, Dist=400.0, Win Bonus=1000.0
[2026-05-22 10:18:50] ALL WRONG MOVES BY COLOUR: {}
[2026-05-22 10:18:50] GAME TIME LIMIT REACHED.
[2026-05-22 10:18:50] SCORE The bandits (lawn green): Final=1349.5, Time=90.0, Moves(42)=75.5, Pins(8)=800.0, Dist=384.0, Win Bonus=0.0
[2026-05-22 10:18:50] SCORE jat (gray0): Final=2539.7, Time=64.2, Moves(42)=75.5, Pins(10)=1000.0, Dist=400.0, Win Bonus=1000.0
[2026-05-22 10:18:50] ALL WRONG MOVES BY COLOUR: {}
[2026-05-22 10:18:50] GAME TIME LIMIT REACHED.
[2026-05-22 10:18:51] SCORE The bandits (lawn green): Final=1349.5, Time=90.0, Moves(42)=75.5, Pins(8)=800.0, Dist=384.0, Win Bonus=0.0
[2026-05-22 10:18:51] SCORE jat (gray0): Final=2539.7, Time=64.2, Moves(42)=75.5, Pins(10)=1000.0, Dist=400.0, Win Bonus=1000.0
[2026-05-22 10:18:51] ALL WRONG MOVES BY COLOUR: {}
[2026-05-22 10:18:51] GAME TIME LIMIT REACHED.
[2026-05-22 10:18:51] SCORE The bandits (lawn green): Final=1349.5, Time=90.0, Moves(42)=75.5, Pins(8)=800.0, Dist=384.0, Win Bonus=0.0
[2026-05-22 10:18:51] SCORE jat (gray0): Final=2539.7, Time=64.2, Moves(42)=75.5, Pins(10)=1000.0, Dist=400.0, Win Bonus=1000.0
[2026-05-22 10:18:51] ALL WRONG MOVES BY COLOUR: {}
[2026-05-22 10:18:51] GAME TIME LIMIT REACHED.
[2026-05-22 10:18:51] SCORE The bandits (lawn green): Final=1349.5, Time=90.0, Moves(42)=75.5, Pins(8)=800.0, Dist=384.0, Win Bonus=0.0
[2026-05-22 10:18:51] SCORE jat (gray0): Final=2539.7, Time=64.2, Moves(42)=75.5, Pins(10)=1000.0, Dist=400.0, Win Bonus=1000.0
[2026-05-22 10:18:51] ALL WRONG MOVES BY COLOUR: {}
[2026-05-22 10:18:51] GAME TIME LIMIT REACHED.
[2026-05-22 10:18:51] SCORE The bandits (lawn green): Final=1349.5, Time=90.0, Moves(42)=75.5, Pins(8)=800.0, Dist=384.0, Win Bonus=0.0
[2026-05-22 10:18:51] SCORE jat (gray0): Final=2539.7, Time=64.2, Moves(42)=75.5, Pins(10)=1000.0, Dist=400.0, Win Bonus=1000.0
[2026-05-22 10:18:51] ALL WRONG MOVES BY COLOUR: {}
[2026-05-22 10:18:51] GAME TIME LIMIT REACHED.
[2026-05-22 10:18:52] SCORE The bandits (lawn green): Final=1349.5, Time=90.0, Moves(42)=75.5, Pins(8)=800.0, Dist=384.0, Win Bonus=0.0
[2026-05-22 10:18:52] SCORE jat (gray0): Final=2539.7, Time=64.2, Moves(42)=75.5, Pins(10)=1000.0, Dist=400.0, Win Bonus=1000.0
[2026-05-22 10:18:52] ALL WRONG MOVES BY COLOUR: {}
[2026-05-22 10:18:52] GAME TIME LIMIT REACHED.
[2026-05-22 10:18:52] SCORE The bandits (lawn green): Final=1349.5, Time=90.0, Moves(42)=75.5, Pins(8)=800.0, Dist=384.0, Win Bonus=0.0
[2026-05-22 10:18:52] SCORE jat (gray0): Final=2539.7, Time=64.2, Moves(42)=75.5, Pins(10)=1000.0, Dist=400.0, Win Bonus=1000.0
[2026-05-22 10:18:52] ALL WRONG MOVES BY COLOUR: {}
[2026-05-22 10:18:52] GAME TIME LIMIT REACHED.
[2026-05-22 10:18:52] SCORE The bandits (lawn green): Final=1349.5, Time=90.0, Moves(42)=75.5, Pins(8)=800.0, Dist=384.0, Win Bonus=0.0
[2026-05-22 10:18:52] SCORE jat (gray0): Final=2539.7, Time=64.2, Moves(42)=75.5, Pins(10)=1000.0, Dist=400.0, Win Bonus=1000.0
[2026-05-22 10:18:52] ALL WRONG MOVES BY COLOUR: {}
[2026-05-22 10:18:52] GAME TIME LIMIT REACHED.
[2026-05-22 10:18:52] SCORE The bandits (lawn green): Final=1349.5, Time=90.0, Moves(42)=75.5, Pins(8)=800.0, Dist=384.0, Win Bonus=0.0
[2026-05-22 10:18:52] SCORE jat (gray0): Final=2539.7, Time=64.2, Moves(42)=75.5, Pins(10)=1000.0, Dist=400.0, Win Bonus=1000.0
[2026-05-22 10:18:52] ALL WRONG MOVES BY COLOUR: {}
[2026-05-22 10:18:52] GAME TIME LIMIT REACHED.
[2026-05-22 10:19:01] SCORE The bandits (lawn green): Final=1349.5, Time=90.0, Moves(42)=75.5, Pins(8)=800.0, Dist=384.0, Win Bonus=0.0
[2026-05-22 10:19:01] SCORE jat (gray0): Final=2539.7, Time=64.2, Moves(42)=75.5, Pins(10)=1000.0, Dist=400.0, Win Bonus=1000.0
[2026-05-22 10:19:01] ALL WRONG MOVES BY COLOUR: {}
[2026-05-22 10:19:01] GAME TIME LIMIT REACHED.
[2026-05-22 10:19:02] SCORE The bandits (lawn green): Final=1349.5, Time=90.0, Moves(42)=75.5, Pins(8)=800.0, Dist=384.0, Win Bonus=0.0
[2026-05-22 10:19:02] SCORE jat (gray0): Final=2539.7, Time=64.2, Moves(42)=75.5, Pins(10)=1000.0, Dist=400.0, Win Bonus=1000.0
[2026-05-22 10:19:02] ALL WRONG MOVES BY COLOUR: {}
[2026-05-22 10:19:02] GAME TIME LIMIT REACHED.
[2026-05-22 10:19:02] SCORE The bandits (lawn green): Final=1349.5, Time=90.0, Moves(42)=75.5, Pins(8)=800.0, Dist=384.0, Win Bonus=0.0
[2026-05-22 10:19:02] SCORE jat (gray0): Final=2539.7, Time=64.2, Moves(42)=75.5, Pins(10)=1000.0, Dist=400.0, Win Bonus=1000.0
[2026-05-22 10:19:02] ALL WRONG MOVES BY COLOUR: {}
[2026-05-22 10:19:02] GAME TIME LIMIT REACHED.
[2026-05-22 10:19:02] SCORE The bandits (lawn green): Final=1349.5, Time=90.0, Moves(42)=75.5, Pins(8)=800.0, Dist=384.0, Win Bonus=0.0
[2026-05-22 10:19:02] SCORE jat (gray0): Final=2539.7, Time=64.2, Moves(42)=75.5, Pins(10)=1000.0, Dist=400.0, Win Bonus=1000.0
[2026-05-22 10:19:02] ALL WRONG MOVES BY COLOUR: {}
[2026-05-22 10:19:02] GAME TIME LIMIT REACHED.
[2026-05-22 10:19:02] SCORE The bandits (lawn green): Final=1349.5, Time=90.0, Moves(42)=75.5, Pins(8)=800.0, Dist=384.0, Win Bonus=0.0
[2026-05-22 10:19:02] SCORE jat (gray0): Final=2539.7, Time=64.2, Moves(42)=75.5, Pins(10)=1000.0, Dist=400.0, Win Bonus=1000.0
[2026-05-22 10:19:02] ALL WRONG MOVES BY COLOUR: {}
[2026-05-22 10:19:02] GAME TIME LIMIT REACHED.
[2026-05-22 10:19:03] SCORE The bandits (lawn green): Final=1349.5, Time=90.0, Moves(42)=75.5, Pins(8)=800.0, Dist=384.0, Win Bonus=0.0
[2026-05-22 10:19:03] SCORE jat (gray0): Final=2539.7, Time=64.2, Moves(42)=75.5, Pins(10)=1000.0, Dist=400.0, Win Bonus=1000.0
[2026-05-22 10:19:03] ALL WRONG MOVES BY COLOUR: {}
[2026-05-22 10:19:03] GAME TIME LIMIT REACHED.
[2026-05-22 10:19:03] SCORE The bandits (lawn green): Final=1349.5, Time=90.0, Moves(42)=75.5, Pins(8)=800.0, Dist=384.0, Win Bonus=0.0
[2026-05-22 10:19:03] SCORE jat (gray0): Final=2539.7, Time=64.2, Moves(42)=75.5, Pins(10)=1000.0, Dist=400.0, Win Bonus=1000.0
[2026-05-22 10:19:03] ALL WRONG MOVES BY COLOUR: {}
[2026-05-22 10:19:03] GAME TIME LIMIT REACHED.
[2026-05-22 10:19:03] SCORE The bandits (lawn green): Final=1349.5, Time=90.0, Moves(42)=75.5, Pins(8)=800.0, Dist=384.0, Win Bonus=0.0
[2026-05-22 10:19:03] SCORE jat (gray0): Final=2539.7, Time=64.2, Moves(42)=75.5, Pins(10)=1000.0, Dist=400.0, Win Bonus=1000.0
[2026-05-22 10:19:03] ALL WRONG MOVES BY COLOUR: {}
[2026-05-22 10:19:03] GAME TIME LIMIT REACHED.
[2026-05-22 10:19:03] SCORE The bandits (lawn green): Final=1349.5, Time=90.0, Moves(42)=75.5, Pins(8)=800.0, Dist=384.0, Win Bonus=0.0
[2026-05-22 10:19:03] SCORE jat (gray0): Final=2539.7, Time=64.2, Moves(42)=75.5, Pins(10)=1000.0, Dist=400.0, Win Bonus=1000.0
[2026-05-22 10:19:03] ALL WRONG MOVES BY COLOUR: {}
[2026-05-22 10:19:03] GAME TIME LIMIT REACHED.
[2026-05-22 10:19:04] SCORE The bandits (lawn green): Final=1349.5, Time=90.0, Moves(42)=75.5, Pins(8)=800.0, Dist=384.0, Win Bonus=0.0
[2026-05-22 10:19:04] SCORE jat (gray0): Final=2539.7, Time=64.2, Moves(42)=75.5, Pins(10)=1000.0, Dist=400.0, Win Bonus=1000.0
[2026-05-22 10:19:04] ALL WRONG MOVES BY COLOUR: {}
[2026-05-22 10:19:04] GAME TIME LIMIT REACHED.
[2026-05-22 10:19:04] SCORE The bandits (lawn green): Final=1349.5, Time=90.0, Moves(42)=75.5, Pins(8)=800.0, Dist=384.0, Win Bonus=0.0
[2026-05-22 10:19:04] SCORE jat (gray0): Final=2539.7, Time=64.2, Moves(42)=75.5, Pins(10)=1000.0, Dist=400.0, Win Bonus=1000.0
[2026-05-22 10:19:04] ALL WRONG MOVES BY COLOUR: {}
[2026-05-22 10:19:04] GAME TIME LIMIT REACHED.
[2026-05-22 10:19:04] SCORE The bandits (lawn green): Final=1349.5, Time=90.0, Moves(42)=75.5, Pins(8)=800.0, Dist=384.0, Win Bonus=0.0
[2026-05-22 10:19:04] SCORE jat (gray0): Final=2539.7, Time=64.2, Moves(42)=75.5, Pins(10)=1000.0, Dist=400.0, Win Bonus=1000.0
[2026-05-22 10:19:04] ALL WRONG MOVES BY COLOUR: {}
[2026-05-22 10:19:04] GAME TIME LIMIT REACHED.
[2026-05-22 10:19:04] SCORE The bandits (lawn green): Final=1349.5, Time=90.0, Moves(42)=75.5, Pins(8)=800.0, Dist=384.0, Win Bonus=0.0
[2026-05-22 10:19:04] SCORE jat (gray0): Final=2539.7, Time=64.2, Moves(42)=75.5, Pins(10)=1000.0, Dist=400.0, Win Bonus=1000.0
[2026-05-22 10:19:04] ALL WRONG MOVES BY COLOUR: {}
[2026-05-22 10:19:04] GAME TIME LIMIT REACHED.
[2026-05-22 10:19:21] SCORE The bandits (lawn green): Final=1349.5, Time=90.0, Moves(42)=75.5, Pins(8)=800.0, Dist=384.0, Win Bonus=0.0
[2026-05-22 10:19:21] SCORE jat (gray0): Final=2539.7, Time=64.2, Moves(42)=75.5, Pins(10)=1000.0, Dist=400.0, Win Bonus=1000.0
[2026-05-22 10:19:21] ALL WRONG MOVES BY COLOUR: {}
[2026-05-22 10:19:21] GAME TIME LIMIT REACHED.
[2026-05-22 10:19:21] SCORE The bandits (lawn green): Final=1349.5, Time=90.0, Moves(42)=75.5, Pins(8)=800.0, Dist=384.0, Win Bonus=0.0
[2026-05-22 10:19:21] SCORE jat (gray0): Final=2539.7, Time=64.2, Moves(42)=75.5, Pins(10)=1000.0, Dist=400.0, Win Bonus=1000.0
[2026-05-22 10:19:21] ALL WRONG MOVES BY COLOUR: {}
[2026-05-22 10:19:21] GAME TIME LIMIT REACHED.
[2026-05-22 10:19:21] SCORE The bandits (lawn green): Final=1349.5, Time=90.0, Moves(42)=75.5, Pins(8)=800.0, Dist=384.0, Win Bonus=0.0
[2026-05-22 10:19:21] SCORE jat (gray0): Final=2539.7, Time=64.2, Moves(42)=75.5, Pins(10)=1000.0, Dist=400.0, Win Bonus=1000.0
[2026-05-22 10:19:21] ALL WRONG MOVES BY COLOUR: {}
[2026-05-22 10:19:21] GAME TIME LIMIT REACHED.
[2026-05-22 10:19:21] SCORE The bandits (lawn green): Final=1349.5, Time=90.0, Moves(42)=75.5, Pins(8)=800.0, Dist=384.0, Win Bonus=0.0
[2026-05-22 10:19:21] SCORE jat (gray0): Final=2539.7, Time=64.2, Moves(42)=75.5, Pins(10)=1000.0, Dist=400.0, Win Bonus=1000.0
[2026-05-22 10:19:21] ALL WRONG MOVES BY COLOUR: {}
[2026-05-22 10:19:21] GAME TIME LIMIT REACHED.
[2026-05-22 10:19:22] SCORE The bandits (lawn green): Final=1349.5, Time=90.0, Moves(42)=75.5, Pins(8)=800.0, Dist=384.0, Win Bonus=0.0
[2026-05-22 10:19:22] SCORE jat (gray0): Final=2539.7, Time=64.2, Moves(42)=75.5, Pins(10)=1000.0, Dist=400.0, Win Bonus=1000.0
[2026-05-22 10:19:22] ALL WRONG MOVES BY COLOUR: {}
[2026-05-22 10:19:22] GAME TIME LIMIT REACHED.
[2026-05-22 10:19:22] SCORE The bandits (lawn green): Final=1349.5, Time=90.0, Moves(42)=75.5, Pins(8)=800.0, Dist=384.0, Win Bonus=0.0
[2026-05-22 10:19:22] SCORE jat (gray0): Final=2539.7, Time=64.2, Moves(42)=75.5, Pins(10)=1000.0, Dist=400.0, Win Bonus=1000.0
[2026-05-22 10:19:22] ALL WRONG MOVES BY COLOUR: {}
[2026-05-22 10:19:22] GAME TIME LIMIT REACHED.
[2026-05-22 10:19:22] SCORE The bandits (lawn green): Final=1349.5, Time=90.0, Moves(42)=75.5, Pins(8)=800.0, Dist=384.0, Win Bonus=0.0
[2026-05-22 10:19:22] SCORE jat (gray0): Final=2539.7, Time=64.2, Moves(42)=75.5, Pins(10)=1000.0, Dist=400.0, Win Bonus=1000.0
[2026-05-22 10:19:22] ALL WRONG MOVES BY COLOUR: {}
[2026-05-22 10:19:22] GAME TIME LIMIT REACHED.
