[2026-05-22 10:07:35] GAME CREATED
[2026-05-22 10:07:37] PLAYER JOINED: Robert as lawn green
[2026-05-22 10:07:39] PLAYER JOINED: Gruppe 1 as gray0
[2026-05-22 10:07:42] PLAYER JOINED: StockWish as red
[2026-05-22 10:07:43] PLAYER JOINED: Deepseekers as blue
[2026-05-22 10:07:46] PLAYER JOINED: Gruppe 67 as yellow
[2026-05-22 10:07:46] PLAYER START: Robert (lawn green)
[2026-05-22 10:07:46] PLAYER START: Gruppe 1 (gray0)
[2026-05-22 10:07:46] PLAYER START: StockWish (red)
[2026-05-22 10:07:46] PLAYER START: Deepseekers (blue)
[2026-05-22 10:07:46] PLAYER START: Gruppe 67 (yellow)
[2026-05-22 10:07:46] GAME START — turn order ['lawn green', 'yellow', 'blue', 'gray0', 'red']
[2026-05-22 10:07:46] PLAYER START: Robert (lawn green)
[2026-05-22 10:07:46] PLAYER START: Gruppe 1 (gray0)
[2026-05-22 10:07:46] PLAYER START: StockWish (red)
[2026-05-22 10:07:46] PLAYER START: Deepseekers (blue)
[2026-05-22 10:07:46] PLAYER START: Gruppe 67 (yellow)
[2026-05-22 10:07:46] PLAYER START: Robert (lawn green)
[2026-05-22 10:07:46] PLAYER START: Gruppe 1 (gray0)
[2026-05-22 10:07:46] PLAYER START: StockWish (red)
[2026-05-22 10:07:46] PLAYER START: Deepseekers (blue)
[2026-05-22 10:07:46] PLAYER START: Gruppe 67 (yellow)
[2026-05-22 10:07:46] PLAYER START: Robert (lawn green)
[2026-05-22 10:07:46] PLAYER START: Gruppe 1 (gray0)
[2026-05-22 10:07:46] PLAYER START: StockWish (red)
[2026-05-22 10:07:46] PLAYER START: Deepseekers (blue)
[2026-05-22 10:07:46] PLAYER START: Gruppe 67 (yellow)
[2026-05-22 10:07:46] PLAYER START: Robert (lawn green)
[2026-05-22 10:07:46] PLAYER START: Gruppe 1 (gray0)
[2026-05-22 10:07:46] PLAYER START: StockWish (red)
[2026-05-22 10:07:46] PLAYER START: Deepseekers (blue)
[2026-05-22 10:07:46] PLAYER START: Gruppe 67 (yellow)
[2026-05-22 10:07:46] MOVE 1: Robert (lawn green) 20->43 [0.00ms]
[2026-05-22 10:07:46] SCORE Robert (lawn green): Final=283.7, Time=99.7, Moves(1)=0.0, Pins(0)=0.0, Dist=184.0, Win Bonus=0.0
[2026-05-22 10:07:46] SCORE Gruppe 1 (gray0): Final=0.0, Time=0.0, Moves(0)=0.0, Pins(0)=0.0, Dist=0.0, Win Bonus=0.0
[2026-05-22 10:07:46] SCORE StockWish (red): Final=0.0, Time=0.0, Moves(0)=0.0, Pins(0)=0.0, Dist=0.0, Win Bonus=0.0
[2026-05-22 10:07:46] SCORE Deepseekers (blue): Final=0.0, Time=0.0, Moves(0)=0.0, Pins(0)=0.0, Dist=0.0, Win Bonus=0.0
[2026-05-22 10:07:46] SCORE Gruppe 67 (yellow): Final=0.0, Time=0.0, Moves(0)=0.0, Pins(0)=0.0, Dist=0.0, Win Bonus=0.0
[2026-05-22 10:07:46] ALL WRONG MOVES BY COLOUR: {}
[2026-05-22 10:07:47] MOVE 2: Gruppe 67 (yellow) 35->37 [0.01ms]
[2026-05-22 10:07:47] SCORE Robert (lawn green): Final=283.7, Time=99.7, Moves(1)=0.0, Pins(0)=0.0, Dist=184.0, Win Bonus=0.0
[2026-05-22 10:07:47] SCORE Gruppe 1 (gray0): Final=0.0, Time=0.0, Moves(0)=0.0, Pins(0)=0.0, Dist=0.0, Win Bonus=0.0
[2026-05-22 10:07:47] SCORE StockWish (red): Final=0.0, Time=0.0, Moves(0)=0.0, Pins(0)=0.0, Dist=0.0, Win Bonus=0.0
[2026-05-22 10:07:47] SCORE Deepseekers (blue): Final=0.0, Time=0.0, Moves(0)=0.0, Pins(0)=0.0, Dist=0.0, Win Bonus=0.0
[2026-05-22 10:07:47] SCORE Gruppe 67 (yellow): Final=283.0, Time=99.0, Moves(1)=0.0, Pins(0)=0.0, Dist=184.0, Win Bonus=0.0
[2026-05-22 10:07:47] ALL WRONG MOVES BY COLOUR: {}
[2026-05-22 10:07:48] MOVE 3: Deepseekers (blue) 4->17 [0.00ms]
[2026-05-22 10:07:48] SCORE Robert (lawn green): Final=283.7, Time=99.7, Moves(1)=0.0, Pins(0)=0.0, Dist=184.0, Win Bonus=0.0
[2026-05-22 10:07:48] SCORE Gruppe 1 (gray0): Final=0.0, Time=0.0, Moves(0)=0.0, Pins(0)=0.0, Dist=0.0, Win Bonus=0.0
[2026-05-22 10:07:48] SCORE StockWish (red): Final=0.0, Time=0.0, Moves(0)=0.0, Pins(0)=0.0, Dist=0.0, Win Bonus=0.0
[2026-05-22 10:07:48] SCORE Deepseekers (blue): Final=283.3, Time=99.3, Moves(1)=0.0, Pins(0)=0.0, Dist=184.0, Win Bonus=0.0
[2026-05-22 10:07:48] SCORE Gruppe 67 (yellow): Final=283.0, Time=99.0, Moves(1)=0.0, Pins(0)=0.0, Dist=184.0, Win Bonus=0.0
[2026-05-22 10:07:48] ALL WRONG MOVES BY COLOUR: {}
[2026-05-22 10:07:50] SCORE Robert (lawn green): Final=283.7, Time=99.7, Moves(1)=0.0, Pins(0)=0.0, Dist=184.0, Win Bonus=0.0
[2026-05-22 10:07:50] SCORE Gruppe 1 (gray0): Final=0.0, Time=0.0, Moves(0)=0.0, Pins(0)=0.0, Dist=0.0, Win Bonus=0.0
[2026-05-22 10:07:50] SCORE StockWish (red): Final=0.0, Time=0.0, Moves(0)=0.0, Pins(0)=0.0, Dist=0.0, Win Bonus=0.0
[2026-05-22 10:07:50] SCORE Deepseekers (blue): Final=283.3, Time=99.3, Moves(1)=0.0, Pins(0)=0.0, Dist=184.0, Win Bonus=0.0
[2026-05-22 10:07:50] SCORE Gruppe 67 (yellow): Final=283.0, Time=99.0, Moves(1)=0.0, Pins(0)=0.0, Dist=184.0, Win Bonus=0.0
[2026-05-22 10:07:50] ALL WRONG MOVES BY COLOUR: {'gray0': ['4 (turn timeout)']}
[2026-05-22 10:07:50] TURN TIMEOUT: Player with colour gray0 exceeded 2s at move 4. Turn skipped.
[2026-05-22 10:07:51] MOVE 5: StockWish (red) 115->104 [0.00ms]
[2026-05-22 10:07:51] SCORE Robert (lawn green): Final=283.7, Time=99.7, Moves(1)=0.0, Pins(0)=0.0, Dist=184.0, Win Bonus=0.0
[2026-05-22 10:07:51] SCORE Gruppe 1 (gray0): Final=0.0, Time=0.0, Moves(0)=0.0, Pins(0)=0.0, Dist=0.0, Win Bonus=0.0
[2026-05-22 10:07:51] SCORE StockWish (red): Final=282.9, Time=98.9, Moves(1)=0.0, Pins(0)=0.0, Dist=184.0, Win Bonus=0.0
[2026-05-22 10:07:51] SCORE Deepseekers (blue): Final=283.3, Time=99.3, Moves(1)=0.0, Pins(0)=0.0, Dist=184.0, Win Bonus=0.0
[2026-05-22 10:07:51] SCORE Gruppe 67 (yellow): Final=283.0, Time=99.0, Moves(1)=0.0, Pins(0)=0.0, Dist=184.0, Win Bonus=0.0
[2026-05-22 10:07:51] ALL WRONG MOVES BY COLOUR: {'gray0': ['4 (turn timeout)']}
[2026-05-22 10:07:51] MOVE 6: Robert (lawn green) 22->16 [0.00ms]
[2026-05-22 10:07:51] SCORE Robert (lawn green): Final=295.5, Time=99.5, Moves(2)=0.0, Pins(0)=0.0, Dist=196.0, Win Bonus=0.0
[2026-05-22 10:07:51] SCORE Gruppe 1 (gray0): Final=0.0, Time=0.0, Moves(0)=0.0, Pins(0)=0.0, Dist=0.0, Win Bonus=0.0
[2026-05-22 10:07:51] SCORE StockWish (red): Final=282.9, Time=98.9, Moves(1)=0.0, Pins(0)=0.0, Dist=184.0, Win Bonus=0.0
[2026-05-22 10:07:51] SCORE Deepseekers (blue): Final=283.3, Time=99.3, Moves(1)=0.0, Pins(0)=0.0, Dist=184.0, Win Bonus=0.0
[2026-05-22 10:07:51] SCORE Gruppe 67 (yellow): Final=283.0, Time=99.0, Moves(1)=0.0, Pins(0)=0.0, Dist=184.0, Win Bonus=0.0
[2026-05-22 10:07:51] ALL WRONG MOVES BY COLOUR: {'gray0': ['4 (turn timeout)']}
[2026-05-22 10:07:53] SCORE Robert (lawn green): Final=295.5, Time=99.5, Moves(2)=0.0, Pins(0)=0.0, Dist=196.0, Win Bonus=0.0
[2026-05-22 10:07:53] SCORE Gruppe 1 (gray0): Final=0.0, Time=0.0, Moves(0)=0.0, Pins(0)=0.0, Dist=0.0, Win Bonus=0.0
[2026-05-22 10:07:53] SCORE StockWish (red): Final=282.9, Time=98.9, Moves(1)=0.0, Pins(0)=0.0, Dist=184.0, Win Bonus=0.0
[2026-05-22 10:07:53] SCORE Deepseekers (blue): Final=283.3, Time=99.3, Moves(1)=0.0, Pins(0)=0.0, Dist=184.0, Win Bonus=0.0
[2026-05-22 10:07:53] SCORE Gruppe 67 (yellow): Final=283.0, Time=99.0, Moves(1)=0.0, Pins(0)=0.0, Dist=184.0, Win Bonus=0.0
[2026-05-22 10:07:53] ALL WRONG MOVES BY COLOUR: {'gray0': ['4 (turn timeout)'], 'yellow': ['7 (turn timeout)']}
[2026-05-22 10:07:53] TURN TIMEOUT: Player with colour yellow exceeded 2s at move 7. Turn skipped.
[2026-05-22 10:07:54] MOVE 8: Deepseekers (blue) 3->14 [0.00ms]
[2026-05-22 10:07:54] SCORE Robert (lawn green): Final=295.5, Time=99.5, Moves(2)=0.0, Pins(0)=0.0, Dist=196.0, Win Bonus=0.0
[2026-05-22 10:07:54] SCORE Gruppe 1 (gray0): Final=0.0, Time=0.0, Moves(0)=0.0, Pins(0)=0.0, Dist=0.0, Win Bonus=0.0
[2026-05-22 10:07:54] SCORE StockWish (red): Final=282.9, Time=98.9, Moves(1)=0.0, Pins(0)=0.0, Dist=184.0, Win Bonus=0.0
[2026-05-22 10:07:54] SCORE Deepseekers (blue): Final=286.9, Time=98.9, Moves(2)=0.0, Pins(0)=0.0, Dist=188.0, Win Bonus=0.0
[2026-05-22 10:07:54] SCORE Gruppe 67 (yellow): Final=283.0, Time=99.0, Moves(1)=0.0, Pins(0)=0.0, Dist=184.0, Win Bonus=0.0
[2026-05-22 10:07:54] ALL WRONG MOVES BY COLOUR: {'gray0': ['4 (turn timeout)'], 'yellow': ['7 (turn timeout)']}
[2026-05-22 10:07:55] MOVE 9: Gruppe 1 (gray0) 75->35 [0.00ms]
[2026-05-22 10:07:55] SCORE Robert (lawn green): Final=295.5, Time=99.5, Moves(2)=0.0, Pins(0)=0.0, Dist=196.0, Win Bonus=0.0
[2026-05-22 10:07:55] SCORE Gruppe 1 (gray0): Final=283.3, Time=99.3, Moves(1)=0.0, Pins(0)=0.0, Dist=184.0, Win Bonus=0.0
[2026-05-22 10:07:55] SCORE StockWish (red): Final=282.9, Time=98.9, Moves(1)=0.0, Pins(0)=0.0, Dist=184.0, Win Bonus=0.0
[2026-05-22 10:07:55] SCORE Deepseekers (blue): Final=286.9, Time=98.9, Moves(2)=0.0, Pins(0)=0.0, Dist=188.0, Win Bonus=0.0
[2026-05-22 10:07:55] SCORE Gruppe 67 (yellow): Final=283.0, Time=99.0, Moves(1)=0.0, Pins(0)=0.0, Dist=184.0, Win Bonus=0.0
[2026-05-22 10:07:55] ALL WRONG MOVES BY COLOUR: {'gray0': ['4 (turn timeout)'], 'yellow': ['7 (turn timeout)']}
[2026-05-22 10:07:55] MOVE 10: StockWish (red) 112->92 [0.00ms]
[2026-05-22 10:07:55] SCORE Robert (lawn green): Final=295.5, Time=99.5, Moves(2)=0.0, Pins(0)=0.0, Dist=196.0, Win Bonus=0.0
[2026-05-22 10:07:55] SCORE Gruppe 1 (gray0): Final=283.3, Time=99.3, Moves(1)=0.0, Pins(0)=0.0, Dist=184.0, Win Bonus=0.0
[2026-05-22 10:07:55] SCORE StockWish (red): Final=286.8, Time=98.8, Moves(2)=0.0, Pins(0)=0.0, Dist=188.0, Win Bonus=0.0
[2026-05-22 10:07:55] SCORE Deepseekers (blue): Final=286.9, Time=98.9, Moves(2)=0.0, Pins(0)=0.0, Dist=188.0, Win Bonus=0.0
[2026-05-22 10:07:55] SCORE Gruppe 67 (yellow): Final=283.0, Time=99.0, Moves(1)=0.0, Pins(0)=0.0, Dist=184.0, Win Bonus=0.0
[2026-05-22 10:07:55] ALL WRONG MOVES BY COLOUR: {'gray0': ['4 (turn timeout)'], 'yellow': ['7 (turn timeout)']}
[2026-05-22 10:07:55] MOVE 11: Robert (lawn green) 16->28 [0.00ms]
[2026-05-22 10:07:55] SCORE Robert (lawn green): Final=297.3, Time=99.3, Moves(3)=0.0, Pins(0)=0.0, Dist=198.0, Win Bonus=0.0
[2026-05-22 10:07:55] SCORE Gruppe 1 (gray0): Final=283.3, Time=99.3, Moves(1)=0.0, Pins(0)=0.0, Dist=184.0, Win Bonus=0.0
[2026-05-22 10:07:55] SCORE StockWish (red): Final=286.8, Time=98.8, Moves(2)=0.0, Pins(0)=0.0, Dist=188.0, Win Bonus=0.0
[2026-05-22 10:07:55] SCORE Deepseekers (blue): Final=286.9, Time=98.9, Moves(2)=0.0, Pins(0)=0.0, Dist=188.0, Win Bonus=0.0
[2026-05-22 10:07:55] SCORE Gruppe 67 (yellow): Final=283.0, Time=99.0, Moves(1)=0.0, Pins(0)=0.0, Dist=184.0, Win Bonus=0.0
[2026-05-22 10:07:55] ALL WRONG MOVES BY COLOUR: {'gray0': ['4 (turn timeout)'], 'yellow': ['7 (turn timeout)']}
[2026-05-22 10:07:57] SCORE Robert (lawn green): Final=297.3, Time=99.3, Moves(3)=0.0, Pins(0)=0.0, Dist=198.0, Win Bonus=0.0
[2026-05-22 10:07:57] SCORE Gruppe 1 (gray0): Final=283.3, Time=99.3, Moves(1)=0.0, Pins(0)=0.0, Dist=184.0, Win Bonus=0.0
[2026-05-22 10:07:57] SCORE StockWish (red): Final=286.8, Time=98.8, Moves(2)=0.0, Pins(0)=0.0, Dist=188.0, Win Bonus=0.0
[2026-05-22 10:07:57] SCORE Deepseekers (blue): Final=286.9, Time=98.9, Moves(2)=0.0, Pins(0)=0.0, Dist=188.0, Win Bonus=0.0
[2026-05-22 10:07:57] SCORE Gruppe 67 (yellow): Final=283.0, Time=99.0, Moves(1)=0.0, Pins(0)=0.0, Dist=184.0, Win Bonus=0.0
[2026-05-22 10:07:57] ALL WRONG MOVES BY COLOUR: {'gray0': ['4 (turn timeout)'], 'yellow': ['7 (turn timeout)', '12 (turn timeout)']}
[2026-05-22 10:07:57] TURN TIMEOUT: Player with colour yellow exceeded 2s at move 12. Turn skipped.
[2026-05-22 10:07:57] MOVE 13: Deepseekers (blue) 0->39 [0.01ms]
[2026-05-22 10:07:57] SCORE Robert (lawn green): Final=297.3, Time=99.3, Moves(3)=0.0, Pins(0)=0.0, Dist=198.0, Win Bonus=0.0
[2026-05-22 10:07:57] SCORE Gruppe 1 (gray0): Final=283.3, Time=99.3, Moves(1)=0.0, Pins(0)=0.0, Dist=184.0, Win Bonus=0.0
[2026-05-22 10:07:57] SCORE StockWish (red): Final=286.8, Time=98.8, Moves(2)=0.0, Pins(0)=0.0, Dist=188.0, Win Bonus=0.0
[2026-05-22 10:07:57] SCORE Deepseekers (blue): Final=298.6, Time=98.6, Moves(3)=0.0, Pins(0)=0.0, Dist=200.0, Win Bonus=0.0
[2026-05-22 10:07:57] SCORE Gruppe 67 (yellow): Final=283.0, Time=99.0, Moves(1)=0.0, Pins(0)=0.0, Dist=184.0, Win Bonus=0.0
[2026-05-22 10:07:57] ALL WRONG MOVES BY COLOUR: {'gray0': ['4 (turn timeout)'], 'yellow': ['7 (turn timeout)', '12 (turn timeout)']}
[2026-05-22 10:07:58] MOVE 14: Gruppe 1 (gray0) 98->56 [0.00ms]
[2026-05-22 10:07:58] SCORE Robert (lawn green): Final=297.3, Time=99.3, Moves(3)=0.0, Pins(0)=0.0, Dist=198.0, Win Bonus=0.0
[2026-05-22 10:07:58] SCORE Gruppe 1 (gray0): Final=290.7, Time=98.7, Moves(2)=0.0, Pins(0)=0.0, Dist=192.0, Win Bonus=0.0
[2026-05-22 10:07:58] SCORE StockWish (red): Final=286.8, Time=98.8, Moves(2)=0.0, Pins(0)=0.0, Dist=188.0, Win Bonus=0.0
[2026-05-22 10:07:58] SCORE Deepseekers (blue): Final=298.6, Time=98.6, Moves(3)=0.0, Pins(0)=0.0, Dist=200.0, Win Bonus=0.0
[2026-05-22 10:07:58] SCORE Gruppe 67 (yellow): Final=283.0, Time=99.0, Moves(1)=0.0, Pins(0)=0.0, Dist=184.0, Win Bonus=0.0
[2026-05-22 10:07:58] ALL WRONG MOVES BY COLOUR: {'gray0': ['4 (turn timeout)'], 'yellow': ['7 (turn timeout)', '12 (turn timeout)']}
[2026-05-22 10:07:58] MOVE 15: StockWish (red) 116->80 [0.00ms]
[2026-05-22 10:07:58] SCORE Robert (lawn green): Final=297.3, Time=99.3, Moves(3)=0.0, Pins(0)=0.0, Dist=198.0, Win Bonus=0.0
[2026-05-22 10:07:58] SCORE Gruppe 1 (gray0): Final=290.7, Time=98.7, Moves(2)=0.0, Pins(0)=0.0, Dist=192.0, Win Bonus=0.0
[2026-05-22 10:07:58] SCORE StockWish (red): Final=294.7, Time=98.7, Moves(3)=0.0, Pins(0)=0.0, Dist=196.0, Win Bonus=0.0
[2026-05-22 10:07:58] SCORE Deepseekers (blue): Final=298.6, Time=98.6, Moves(3)=0.0, Pins(0)=0.0, Dist=200.0, Win Bonus=0.0
[2026-05-22 10:07:58] SCORE Gruppe 67 (yellow): Final=283.0, Time=99.0, Moves(1)=0.0, Pins(0)=0.0, Dist=184.0, Win Bonus=0.0
[2026-05-22 10:07:58] ALL WRONG MOVES BY COLOUR: {'gray0': ['4 (turn timeout)'], 'yellow': ['7 (turn timeout)', '12 (turn timeout)']}
[2026-05-22 10:07:58] MOVE 16: Robert (lawn green) 45->3 [0.00ms]
[2026-05-22 10:07:58] SCORE Robert (lawn green): Final=305.0, Time=99.0, Moves(4)=0.0, Pins(0)=0.0, Dist=206.0, Win Bonus=0.0
[2026-05-22 10:07:58] SCORE Gruppe 1 (gray0): Final=290.7, Time=98.7, Moves(2)=0.0, Pins(0)=0.0, Dist=192.0, Win Bonus=0.0
[2026-05-22 10:07:58] SCORE StockWish (red): Final=294.7, Time=98.7, Moves(3)=0.0, Pins(0)=0.0, Dist=196.0, Win Bonus=0.0
[2026-05-22 10:07:58] SCORE Deepseekers (blue): Final=298.6, Time=98.6, Moves(3)=0.0, Pins(0)=0.0, Dist=200.0, Win Bonus=0.0
[2026-05-22 10:07:58] SCORE Gruppe 67 (yellow): Final=283.0, Time=99.0, Moves(1)=0.0, Pins(0)=0.0, Dist=184.0, Win Bonus=0.0
[2026-05-22 10:07:58] ALL WRONG MOVES BY COLOUR: {'gray0': ['4 (turn timeout)'], 'yellow': ['7 (turn timeout)', '12 (turn timeout)']}
[2026-05-22 10:07:58] MOVE 17: Gruppe 67 (yellow) 13->40 [0.00ms]
[2026-05-22 10:07:58] SCORE Robert (lawn green): Final=305.0, Time=99.0, Moves(4)=0.0, Pins(0)=0.0, Dist=206.0, Win Bonus=0.0
[2026-05-22 10:07:58] SCORE Gruppe 1 (gray0): Final=290.7, Time=98.7, Moves(2)=0.0, Pins(0)=0.0, Dist=192.0, Win Bonus=0.0
[2026-05-22 10:07:58] SCORE StockWish (red): Final=294.7, Time=98.7, Moves(3)=0.0, Pins(0)=0.0, Dist=196.0, Win Bonus=0.0
[2026-05-22 10:07:58] SCORE Deepseekers (blue): Final=298.6, Time=98.6, Moves(3)=0.0, Pins(0)=0.0, Dist=200.0, Win Bonus=0.0
[2026-05-22 10:07:58] SCORE Gruppe 67 (yellow): Final=290.8, Time=98.8, Moves(2)=0.0, Pins(0)=0.0, Dist=192.0, Win Bonus=0.0
[2026-05-22 10:07:58] ALL WRONG MOVES BY COLOUR: {'gray0': ['4 (turn timeout)'], 'yellow': ['7 (turn timeout)', '12 (turn timeout)']}
[2026-05-22 10:07:59] MOVE 18: Deepseekers (blue) 5->64 [0.01ms]
[2026-05-22 10:07:59] SCORE Robert (lawn green): Final=305.0, Time=99.0, Moves(4)=0.0, Pins(0)=0.0, Dist=206.0, Win Bonus=0.0
[2026-05-22 10:07:59] SCORE Gruppe 1 (gray0): Final=290.7, Time=98.7, Moves(2)=0.0, Pins(0)=0.0, Dist=192.0, Win Bonus=0.0
[2026-05-22 10:07:59] SCORE StockWish (red): Final=294.7, Time=98.7, Moves(3)=0.0, Pins(0)=0.0, Dist=196.0, Win Bonus=0.0
[2026-05-22 10:07:59] SCORE Deepseekers (blue): Final=310.0, Time=98.0, Moves(4)=0.0, Pins(0)=0.0, Dist=212.0, Win Bonus=0.0
[2026-05-22 10:07:59] SCORE Gruppe 67 (yellow): Final=290.8, Time=98.8, Moves(2)=0.0, Pins(0)=0.0, Dist=192.0, Win Bonus=0.0
[2026-05-22 10:07:59] ALL WRONG MOVES BY COLOUR: {'gray0': ['4 (turn timeout)'], 'yellow': ['7 (turn timeout)', '12 (turn timeout)']}
[2026-05-22 10:07:59] MOVE 19: Gruppe 1 (gray0) 65->26 [0.02ms]
[2026-05-22 10:07:59] SCORE Robert (lawn green): Final=305.0, Time=99.0, Moves(4)=0.0, Pins(0)=0.0, Dist=206.0, Win Bonus=0.0
[2026-05-22 10:07:59] SCORE Gruppe 1 (gray0): Final=298.5, Time=98.5, Moves(3)=0.0, Pins(0)=0.0, Dist=200.0, Win Bonus=0.0
[2026-05-22 10:07:59] SCORE StockWish (red): Final=294.7, Time=98.7, Moves(3)=0.0, Pins(0)=0.0, Dist=196.0, Win Bonus=0.0
[2026-05-22 10:07:59] SCORE Deepseekers (blue): Final=310.0, Time=98.0, Moves(4)=0.0, Pins(0)=0.0, Dist=212.0, Win Bonus=0.0
[2026-05-22 10:07:59] SCORE Gruppe 67 (yellow): Final=290.8, Time=98.8, Moves(2)=0.0, Pins(0)=0.0, Dist=192.0, Win Bonus=0.0
[2026-05-22 10:07:59] ALL WRONG MOVES BY COLOUR: {'gray0': ['4 (turn timeout)'], 'yellow': ['7 (turn timeout)', '12 (turn timeout)']}
[2026-05-22 10:08:00] MOVE 20: StockWish (red) 113->70 [0.01ms]
[2026-05-22 10:08:00] SCORE Robert (lawn green): Final=305.0, Time=99.0, Moves(4)=0.0, Pins(0)=0.0, Dist=206.0, Win Bonus=0.0
[2026-05-22 10:08:00] SCORE Gruppe 1 (gray0): Final=298.5, Time=98.5, Moves(3)=0.0, Pins(0)=0.0, Dist=200.0, Win Bonus=0.0
[2026-05-22 10:08:00] SCORE StockWish (red): Final=302.2, Time=98.2, Moves(4)=0.0, Pins(0)=0.0, Dist=204.0, Win Bonus=0.0
[2026-05-22 10:08:00] SCORE Deepseekers (blue): Final=310.0, Time=98.0, Moves(4)=0.0, Pins(0)=0.0, Dist=212.0, Win Bonus=0.0
[2026-05-22 10:08:00] SCORE Gruppe 67 (yellow): Final=290.8, Time=98.8, Moves(2)=0.0, Pins(0)=0.0, Dist=192.0, Win Bonus=0.0
[2026-05-22 10:08:00] ALL WRONG MOVES BY COLOUR: {'gray0': ['4 (turn timeout)'], 'yellow': ['7 (turn timeout)', '12 (turn timeout)']}
[2026-05-22 10:08:00] MOVE 21: Robert (lawn green) 32->53 [0.00ms]
[2026-05-22 10:08:00] SCORE Robert (lawn green): Final=308.7, Time=98.7, Moves(5)=0.0, Pins(0)=0.0, Dist=210.0, Win Bonus=0.0
[2026-05-22 10:08:00] SCORE Gruppe 1 (gray0): Final=298.5, Time=98.5, Moves(3)=0.0, Pins(0)=0.0, Dist=200.0, Win Bonus=0.0
[2026-05-22 10:08:00] SCORE StockWish (red): Final=302.2, Time=98.2, Moves(4)=0.0, Pins(0)=0.0, Dist=204.0, Win Bonus=0.0
[2026-05-22 10:08:00] SCORE Deepseekers (blue): Final=310.0, Time=98.0, Moves(4)=0.0, Pins(0)=0.0, Dist=212.0, Win Bonus=0.0
[2026-05-22 10:08:00] SCORE Gruppe 67 (yellow): Final=290.8, Time=98.8, Moves(2)=0.0, Pins(0)=0.0, Dist=192.0, Win Bonus=0.0
[2026-05-22 10:08:00] ALL WRONG MOVES BY COLOUR: {'gray0': ['4 (turn timeout)'], 'yellow': ['7 (turn timeout)', '12 (turn timeout)']}
[2026-05-22 10:08:02] SCORE Robert (lawn green): Final=308.7, Time=98.7, Moves(5)=0.0, Pins(0)=0.0, Dist=210.0, Win Bonus=0.0
[2026-05-22 10:08:02] SCORE Gruppe 1 (gray0): Final=298.5, Time=98.5, Moves(3)=0.0, Pins(0)=0.0, Dist=200.0, Win Bonus=0.0
[2026-05-22 10:08:02] SCORE StockWish (red): Final=302.2, Time=98.2, Moves(4)=0.0, Pins(0)=0.0, Dist=204.0, Win Bonus=0.0
[2026-05-22 10:08:02] SCORE Deepseekers (blue): Final=310.0, Time=98.0, Moves(4)=0.0, Pins(0)=0.0, Dist=212.0, Win Bonus=0.0
[2026-05-22 10:08:02] SCORE Gruppe 67 (yellow): Final=290.8, Time=98.8, Moves(2)=0.0, Pins(0)=0.0, Dist=192.0, Win Bonus=0.0
[2026-05-22 10:08:02] ALL WRONG MOVES BY COLOUR: {'gray0': ['4 (turn timeout)'], 'yellow': ['7 (turn timeout)', '12 (turn timeout)', '22 (turn timeout)']}
[2026-05-22 10:08:02] TURN TIMEOUT: Player with colour yellow exceeded 2s at move 22. Turn skipped.
[2026-05-22 10:08:03] MOVE 23: Deepseekers (blue) 9->50 [0.01ms]
[2026-05-22 10:08:03] SCORE Robert (lawn green): Final=308.7, Time=98.7, Moves(5)=0.0, Pins(0)=0.0, Dist=210.0, Win Bonus=0.0
[2026-05-22 10:08:03] SCORE Gruppe 1 (gray0): Final=298.5, Time=98.5, Moves(3)=0.0, Pins(0)=0.0, Dist=200.0, Win Bonus=0.0
[2026-05-22 10:08:03] SCORE StockWish (red): Final=302.2, Time=98.2, Moves(4)=0.0, Pins(0)=0.0, Dist=204.0, Win Bonus=0.0
[2026-05-22 10:08:03] SCORE Deepseekers (blue): Final=317.5, Time=97.5, Moves(5)=0.0, Pins(0)=0.0, Dist=220.0, Win Bonus=0.0
[2026-05-22 10:08:03] SCORE Gruppe 67 (yellow): Final=290.8, Time=98.8, Moves(2)=0.0, Pins(0)=0.0, Dist=192.0, Win Bonus=0.0
[2026-05-22 10:08:03] ALL WRONG MOVES BY COLOUR: {'gray0': ['4 (turn timeout)'], 'yellow': ['7 (turn timeout)', '12 (turn timeout)', '22 (turn timeout)']}
[2026-05-22 10:08:03] MOVE 24: Gruppe 1 (gray0) 88->47 [0.00ms]
[2026-05-22 10:08:03] SCORE Robert (lawn green): Final=308.7, Time=98.7, Moves(5)=0.0, Pins(0)=0.0, Dist=210.0, Win Bonus=0.0
[2026-05-22 10:08:03] SCORE Gruppe 1 (gray0): Final=302.1, Time=98.1, Moves(4)=0.0, Pins(0)=0.0, Dist=204.0, Win Bonus=0.0
[2026-05-22 10:08:03] SCORE StockWish (red): Final=302.2, Time=98.2, Moves(4)=0.0, Pins(0)=0.0, Dist=204.0, Win Bonus=0.0
[2026-05-22 10:08:03] SCORE Deepseekers (blue): Final=317.5, Time=97.5, Moves(5)=0.0, Pins(0)=0.0, Dist=220.0, Win Bonus=0.0
[2026-05-22 10:08:03] SCORE Gruppe 67 (yellow): Final=290.8, Time=98.8, Moves(2)=0.0, Pins(0)=0.0, Dist=192.0, Win Bonus=0.0
[2026-05-22 10:08:03] ALL WRONG MOVES BY COLOUR: {'gray0': ['4 (turn timeout)'], 'yellow': ['7 (turn timeout)', '12 (turn timeout)', '22 (turn timeout)']}
[2026-05-22 10:08:03] MOVE 25: StockWish (red) 104->60 [0.00ms]
[2026-05-22 10:08:03] SCORE Robert (lawn green): Final=308.7, Time=98.7, Moves(5)=0.0, Pins(0)=0.0, Dist=210.0, Win Bonus=0.0
[2026-05-22 10:08:03] SCORE Gruppe 1 (gray0): Final=302.1, Time=98.1, Moves(4)=0.0, Pins(0)=0.0, Dist=204.0, Win Bonus=0.0
[2026-05-22 10:08:03] SCORE StockWish (red): Final=310.1, Time=98.1, Moves(5)=0.0, Pins(0)=0.0, Dist=212.0, Win Bonus=0.0
[2026-05-22 10:08:03] SCORE Deepseekers (blue): Final=317.5, Time=97.5, Moves(5)=0.0, Pins(0)=0.0, Dist=220.0, Win Bonus=0.0
[2026-05-22 10:08:03] SCORE Gruppe 67 (yellow): Final=290.8, Time=98.8, Moves(2)=0.0, Pins(0)=0.0, Dist=192.0, Win Bonus=0.0
[2026-05-22 10:08:03] ALL WRONG MOVES BY COLOUR: {'gray0': ['4 (turn timeout)'], 'yellow': ['7 (turn timeout)', '12 (turn timeout)', '22 (turn timeout)']}
[2026-05-22 10:08:03] MOVE 26: Robert (lawn green) 33->52 [0.00ms]
[2026-05-22 10:08:03] SCORE Robert (lawn green): Final=316.5, Time=98.5, Moves(6)=0.0, Pins(0)=0.0, Dist=218.0, Win Bonus=0.0
[2026-05-22 10:08:03] SCORE Gruppe 1 (gray0): Final=302.1, Time=98.1, Moves(4)=0.0, Pins(0)=0.0, Dist=204.0, Win Bonus=0.0
[2026-05-22 10:08:03] SCORE StockWish (red): Final=310.1, Time=98.1, Moves(5)=0.0, Pins(0)=0.0, Dist=212.0, Win Bonus=0.0
[2026-05-22 10:08:03] SCORE Deepseekers (blue): Final=317.5, Time=97.5, Moves(5)=0.0, Pins(0)=0.0, Dist=220.0, Win Bonus=0.0
[2026-05-22 10:08:03] SCORE Gruppe 67 (yellow): Final=290.8, Time=98.8, Moves(2)=0.0, Pins(0)=0.0, Dist=192.0, Win Bonus=0.0
[2026-05-22 10:08:03] ALL WRONG MOVES BY COLOUR: {'gray0': ['4 (turn timeout)'], 'yellow': ['7 (turn timeout)', '12 (turn timeout)', '22 (turn timeout)']}
[2026-05-22 10:08:04] MOVE 27: Gruppe 67 (yellow) 11->15 [0.00ms]
[2026-05-22 10:08:04] SCORE Robert (lawn green): Final=316.5, Time=98.5, Moves(6)=0.0, Pins(0)=0.0, Dist=218.0, Win Bonus=0.0
[2026-05-22 10:08:04] SCORE Gruppe 1 (gray0): Final=302.1, Time=98.1, Moves(4)=0.0, Pins(0)=0.0, Dist=204.0, Win Bonus=0.0
[2026-05-22 10:08:04] SCORE StockWish (red): Final=310.1, Time=98.1, Moves(5)=0.0, Pins(0)=0.0, Dist=212.0, Win Bonus=0.0
[2026-05-22 10:08:04] SCORE Deepseekers (blue): Final=317.5, Time=97.5, Moves(5)=0.0, Pins(0)=0.0, Dist=220.0, Win Bonus=0.0
[2026-05-22 10:08:04] SCORE Gruppe 67 (yellow): Final=298.0, Time=98.0, Moves(3)=0.0, Pins(0)=0.0, Dist=200.0, Win Bonus=0.0
[2026-05-22 10:08:04] ALL WRONG MOVES BY COLOUR: {'gray0': ['4 (turn timeout)'], 'yellow': ['7 (turn timeout)', '12 (turn timeout)', '22 (turn timeout)']}
[2026-05-22 10:08:05] MOVE 28: Deepseekers (blue) 7->27 [0.01ms]
[2026-05-22 10:08:05] SCORE Robert (lawn green): Final=316.5, Time=98.5, Moves(6)=0.0, Pins(0)=0.0, Dist=218.0, Win Bonus=0.0
[2026-05-22 10:08:05] SCORE Gruppe 1 (gray0): Final=302.1, Time=98.1, Moves(4)=0.0, Pins(0)=0.0, Dist=204.0, Win Bonus=0.0
[2026-05-22 10:08:05] SCORE StockWish (red): Final=310.1, Time=98.1, Moves(5)=0.0, Pins(0)=0.0, Dist=212.0, Win Bonus=0.0
[2026-05-22 10:08:05] SCORE Deepseekers (blue): Final=321.0, Time=97.0, Moves(6)=0.0, Pins(0)=0.0, Dist=224.0, Win Bonus=0.0
[2026-05-22 10:08:05] SCORE Gruppe 67 (yellow): Final=298.0, Time=98.0, Moves(3)=0.0, Pins(0)=0.0, Dist=200.0, Win Bonus=0.0
[2026-05-22 10:08:05] ALL WRONG MOVES BY COLOUR: {'gray0': ['4 (turn timeout)'], 'yellow': ['7 (turn timeout)', '12 (turn timeout)', '22 (turn timeout)']}
[2026-05-22 10:08:05] MOVE 29: Gruppe 1 (gray0) 87->66 [0.00ms]
[2026-05-22 10:08:05] SCORE Robert (lawn green): Final=316.5, Time=98.5, Moves(6)=0.0, Pins(0)=0.0, Dist=218.0, Win Bonus=0.0
[2026-05-22 10:08:05] SCORE Gruppe 1 (gray0): Final=305.9, Time=97.9, Moves(5)=0.0, Pins(0)=0.0, Dist=208.0, Win Bonus=0.0
[2026-05-22 10:08:05] SCORE StockWish (red): Final=310.1, Time=98.1, Moves(5)=0.0, Pins(0)=0.0, Dist=212.0, Win Bonus=0.0
[2026-05-22 10:08:05] SCORE Deepseekers (blue): Final=321.0, Time=97.0, Moves(6)=0.0, Pins(0)=0.0, Dist=224.0, Win Bonus=0.0
[2026-05-22 10:08:05] SCORE Gruppe 67 (yellow): Final=298.0, Time=98.0, Moves(3)=0.0, Pins(0)=0.0, Dist=200.0, Win Bonus=0.0
[2026-05-22 10:08:05] ALL WRONG MOVES BY COLOUR: {'gray0': ['4 (turn timeout)'], 'yellow': ['7 (turn timeout)', '12 (turn timeout)', '22 (turn timeout)']}
[2026-05-22 10:08:05] MOVE 30: StockWish (red) 92->51 [0.00ms]
[2026-05-22 10:08:05] SCORE Robert (lawn green): Final=316.5, Time=98.5, Moves(6)=0.0, Pins(0)=0.0, Dist=218.0, Win Bonus=0.0
[2026-05-22 10:08:05] SCORE Gruppe 1 (gray0): Final=305.9, Time=97.9, Moves(5)=0.0, Pins(0)=0.0, Dist=208.0, Win Bonus=0.0
[2026-05-22 10:08:05] SCORE StockWish (red): Final=318.0, Time=98.0, Moves(6)=0.0, Pins(0)=0.0, Dist=220.0, Win Bonus=0.0
[2026-05-22 10:08:05] SCORE Deepseekers (blue): Final=321.0, Time=97.0, Moves(6)=0.0, Pins(0)=0.0, Dist=224.0, Win Bonus=0.0
[2026-05-22 10:08:05] SCORE Gruppe 67 (yellow): Final=298.0, Time=98.0, Moves(3)=0.0, Pins(0)=0.0, Dist=200.0, Win Bonus=0.0
[2026-05-22 10:08:05] ALL WRONG MOVES BY COLOUR: {'gray0': ['4 (turn timeout)'], 'yellow': ['7 (turn timeout)', '12 (turn timeout)', '22 (turn timeout)']}
[2026-05-22 10:08:05] MOVE 31: Robert (lawn green) 44->59 [0.00ms]
[2026-05-22 10:08:05] SCORE Robert (lawn green): Final=328.2, Time=98.2, Moves(7)=0.0, Pins(0)=0.0, Dist=230.0, Win Bonus=0.0
[2026-05-22 10:08:05] SCORE Gruppe 1 (gray0): Final=305.9, Time=97.9, Moves(5)=0.0, Pins(0)=0.0, Dist=208.0, Win Bonus=0.0
[2026-05-22 10:08:05] SCORE StockWish (red): Final=318.0, Time=98.0, Moves(6)=0.0, Pins(0)=0.0, Dist=220.0, Win Bonus=0.0
[2026-05-22 10:08:05] SCORE Deepseekers (blue): Final=321.0, Time=97.0, Moves(6)=0.0, Pins(0)=0.0, Dist=224.0, Win Bonus=0.0
[2026-05-22 10:08:05] SCORE Gruppe 67 (yellow): Final=298.0, Time=98.0, Moves(3)=0.0, Pins(0)=0.0, Dist=200.0, Win Bonus=0.0
[2026-05-22 10:08:05] ALL WRONG MOVES BY COLOUR: {'gray0': ['4 (turn timeout)'], 'yellow': ['7 (turn timeout)', '12 (turn timeout)', '22 (turn timeout)']}
[2026-05-22 10:08:07] SCORE Robert (lawn green): Final=328.2, Time=98.2, Moves(7)=0.0, Pins(0)=0.0, Dist=230.0, Win Bonus=0.0
[2026-05-22 10:08:07] SCORE Gruppe 1 (gray0): Final=305.9, Time=97.9, Moves(5)=0.0, Pins(0)=0.0, Dist=208.0, Win Bonus=0.0
[2026-05-22 10:08:07] SCORE StockWish (red): Final=318.0, Time=98.0, Moves(6)=0.0, Pins(0)=0.0, Dist=220.0, Win Bonus=0.0
[2026-05-22 10:08:07] SCORE Deepseekers (blue): Final=321.0, Time=97.0, Moves(6)=0.0, Pins(0)=0.0, Dist=224.0, Win Bonus=0.0
[2026-05-22 10:08:07] SCORE Gruppe 67 (yellow): Final=298.0, Time=98.0, Moves(3)=0.0, Pins(0)=0.0, Dist=200.0, Win Bonus=0.0
[2026-05-22 10:08:07] ALL WRONG MOVES BY COLOUR: {'gray0': ['4 (turn timeout)'], 'yellow': ['7 (turn timeout)', '12 (turn timeout)', '22 (turn timeout)', '32 (turn timeout)']}
[2026-05-22 10:08:07] TURN TIMEOUT: Player with colour yellow exceeded 2s at move 32. Turn skipped.
[2026-05-22 10:08:08] MOVE 33: Deepseekers (blue) 8->30 [0.01ms]
[2026-05-22 10:08:08] SCORE Robert (lawn green): Final=328.2, Time=98.2, Moves(7)=0.0, Pins(0)=0.0, Dist=230.0, Win Bonus=0.0
[2026-05-22 10:08:08] SCORE Gruppe 1 (gray0): Final=305.9, Time=97.9, Moves(5)=0.0, Pins(0)=0.0, Dist=208.0, Win Bonus=0.0
[2026-05-22 10:08:08] SCORE StockWish (red): Final=318.0, Time=98.0, Moves(6)=0.0, Pins(0)=0.0, Dist=220.0, Win Bonus=0.0
[2026-05-22 10:08:08] SCORE Deepseekers (blue): Final=324.5, Time=96.5, Moves(7)=0.0, Pins(0)=0.0, Dist=228.0, Win Bonus=0.0
[2026-05-22 10:08:08] SCORE Gruppe 67 (yellow): Final=298.0, Time=98.0, Moves(3)=0.0, Pins(0)=0.0, Dist=200.0, Win Bonus=0.0
[2026-05-22 10:08:08] ALL WRONG MOVES BY COLOUR: {'gray0': ['4 (turn timeout)'], 'yellow': ['7 (turn timeout)', '12 (turn timeout)', '22 (turn timeout)', '32 (turn timeout)']}
[2026-05-22 10:08:08] MOVE 34: Gruppe 1 (gray0) 76->57 [0.00ms]
[2026-05-22 10:08:08] SCORE Robert (lawn green): Final=328.2, Time=98.2, Moves(7)=0.0, Pins(0)=0.0, Dist=230.0, Win Bonus=0.0
[2026-05-22 10:08:08] SCORE Gruppe 1 (gray0): Final=309.5, Time=97.5, Moves(6)=0.0, Pins(0)=0.0, Dist=212.0, Win Bonus=0.0
[2026-05-22 10:08:08] SCORE StockWish (red): Final=318.0, Time=98.0, Moves(6)=0.0, Pins(0)=0.0, Dist=220.0, Win Bonus=0.0
[2026-05-22 10:08:08] SCORE Deepseekers (blue): Final=324.5, Time=96.5, Moves(7)=0.0, Pins(0)=0.0, Dist=228.0, Win Bonus=0.0
[2026-05-22 10:08:08] SCORE Gruppe 67 (yellow): Final=298.0, Time=98.0, Moves(3)=0.0, Pins(0)=0.0, Dist=200.0, Win Bonus=0.0
[2026-05-22 10:08:08] ALL WRONG MOVES BY COLOUR: {'gray0': ['4 (turn timeout)'], 'yellow': ['7 (turn timeout)', '12 (turn timeout)', '22 (turn timeout)', '32 (turn timeout)']}
[2026-05-22 10:08:09] MOVE 35: StockWish (red) 119->116 [0.01ms]
[2026-05-22 10:08:09] SCORE Robert (lawn green): Final=328.2, Time=98.2, Moves(7)=0.0, Pins(0)=0.0, Dist=230.0, Win Bonus=0.0
[2026-05-22 10:08:09] SCORE Gruppe 1 (gray0): Final=309.5, Time=97.5, Moves(6)=0.0, Pins(0)=0.0, Dist=212.0, Win Bonus=0.0
[2026-05-22 10:08:09] SCORE StockWish (red): Final=319.5, Time=97.5, Moves(7)=0.0, Pins(0)=0.0, Dist=222.0, Win Bonus=0.0
[2026-05-22 10:08:09] SCORE Deepseekers (blue): Final=324.5, Time=96.5, Moves(7)=0.0, Pins(0)=0.0, Dist=228.0, Win Bonus=0.0
[2026-05-22 10:08:09] SCORE Gruppe 67 (yellow): Final=298.0, Time=98.0, Moves(3)=0.0, Pins(0)=0.0, Dist=200.0, Win Bonus=0.0
[2026-05-22 10:08:09] ALL WRONG MOVES BY COLOUR: {'gray0': ['4 (turn timeout)'], 'yellow': ['7 (turn timeout)', '12 (turn timeout)', '22 (turn timeout)', '32 (turn timeout)']}
[2026-05-22 10:08:09] MOVE 36: Robert (lawn green) 34->33 [0.00ms]
[2026-05-22 10:08:09] SCORE Robert (lawn green): Final=330.0, Time=98.0, Moves(8)=0.0, Pins(0)=0.0, Dist=232.0, Win Bonus=0.0
[2026-05-22 10:08:09] SCORE Gruppe 1 (gray0): Final=309.5, Time=97.5, Moves(6)=0.0, Pins(0)=0.0, Dist=212.0, Win Bonus=0.0
[2026-05-22 10:08:09] SCORE StockWish (red): Final=319.5, Time=97.5, Moves(7)=0.0, Pins(0)=0.0, Dist=222.0, Win Bonus=0.0
[2026-05-22 10:08:09] SCORE Deepseekers (blue): Final=324.5, Time=96.5, Moves(7)=0.0, Pins(0)=0.0, Dist=228.0, Win Bonus=0.0
[2026-05-22 10:08:09] SCORE Gruppe 67 (yellow): Final=298.0, Time=98.0, Moves(3)=0.0, Pins(0)=0.0, Dist=200.0, Win Bonus=0.0
[2026-05-22 10:08:09] ALL WRONG MOVES BY COLOUR: {'gray0': ['4 (turn timeout)'], 'yellow': ['7 (turn timeout)', '12 (turn timeout)', '22 (turn timeout)', '32 (turn timeout)']}
[2026-05-22 10:08:09] MOVE 37: Gruppe 67 (yellow) 40->63 [0.00ms]
[2026-05-22 10:08:09] SCORE Robert (lawn green): Final=330.0, Time=98.0, Moves(8)=0.0, Pins(0)=0.0, Dist=232.0, Win Bonus=0.0
[2026-05-22 10:08:09] SCORE Gruppe 1 (gray0): Final=309.5, Time=97.5, Moves(6)=0.0, Pins(0)=0.0, Dist=212.0, Win Bonus=0.0
[2026-05-22 10:08:09] SCORE StockWish (red): Final=319.5, Time=97.5, Moves(7)=0.0, Pins(0)=0.0, Dist=222.0, Win Bonus=0.0
[2026-05-22 10:08:09] SCORE Deepseekers (blue): Final=324.5, Time=96.5, Moves(7)=0.0, Pins(0)=0.0, Dist=228.0, Win Bonus=0.0
[2026-05-22 10:08:09] SCORE Gruppe 67 (yellow): Final=305.7, Time=97.7, Moves(4)=0.0, Pins(0)=0.0, Dist=208.0, Win Bonus=0.0
[2026-05-22 10:08:09] ALL WRONG MOVES BY COLOUR: {'gray0': ['4 (turn timeout)'], 'yellow': ['7 (turn timeout)', '12 (turn timeout)', '22 (turn timeout)', '32 (turn timeout)']}
[2026-05-22 10:08:10] MOVE 38: Deepseekers (blue) 17->61 [0.00ms]
[2026-05-22 10:08:10] SCORE Robert (lawn green): Final=330.0, Time=98.0, Moves(8)=0.0, Pins(0)=0.0, Dist=232.0, Win Bonus=0.0
[2026-05-22 10:08:10] SCORE Gruppe 1 (gray0): Final=309.5, Time=97.5, Moves(6)=0.0, Pins(0)=0.0, Dist=212.0, Win Bonus=0.0
[2026-05-22 10:08:10] SCORE StockWish (red): Final=319.5, Time=97.5, Moves(7)=0.0, Pins(0)=0.0, Dist=222.0, Win Bonus=0.0
[2026-05-22 10:08:10] SCORE Deepseekers (blue): Final=332.0, Time=96.0, Moves(8)=0.0, Pins(0)=0.0, Dist=236.0, Win Bonus=0.0
[2026-05-22 10:08:10] SCORE Gruppe 67 (yellow): Final=305.7, Time=97.7, Moves(4)=0.0, Pins(0)=0.0, Dist=208.0, Win Bonus=0.0
[2026-05-22 10:08:10] ALL WRONG MOVES BY COLOUR: {'gray0': ['4 (turn timeout)'], 'yellow': ['7 (turn timeout)', '12 (turn timeout)', '22 (turn timeout)', '32 (turn timeout)']}
[2026-05-22 10:08:10] MOVE 39: Gruppe 1 (gray0) 100->115 [0.00ms]
[2026-05-22 10:08:10] SCORE Robert (lawn green): Final=330.0, Time=98.0, Moves(8)=0.0, Pins(0)=0.0, Dist=232.0, Win Bonus=0.0
[2026-05-22 10:08:10] SCORE Gruppe 1 (gray0): Final=313.3, Time=97.3, Moves(7)=0.0, Pins(0)=0.0, Dist=216.0, Win Bonus=0.0
[2026-05-22 10:08:10] SCORE StockWish (red): Final=319.5, Time=97.5, Moves(7)=0.0, Pins(0)=0.0, Dist=222.0, Win Bonus=0.0
[2026-05-22 10:08:10] SCORE Deepseekers (blue): Final=332.0, Time=96.0, Moves(8)=0.0, Pins(0)=0.0, Dist=236.0, Win Bonus=0.0
[2026-05-22 10:08:10] SCORE Gruppe 67 (yellow): Final=305.7, Time=97.7, Moves(4)=0.0, Pins(0)=0.0, Dist=208.0, Win Bonus=0.0
[2026-05-22 10:08:10] ALL WRONG MOVES BY COLOUR: {'gray0': ['4 (turn timeout)'], 'yellow': ['7 (turn timeout)', '12 (turn timeout)', '22 (turn timeout)', '32 (turn timeout)']}
[2026-05-22 10:08:10] MOVE 40: StockWish (red) 118->113 [0.00ms]
[2026-05-22 10:08:10] SCORE Robert (lawn green): Final=330.0, Time=98.0, Moves(8)=0.0, Pins(0)=0.0, Dist=232.0, Win Bonus=0.0
[2026-05-22 10:08:10] SCORE Gruppe 1 (gray0): Final=313.3, Time=97.3, Moves(7)=0.0, Pins(0)=0.0, Dist=216.0, Win Bonus=0.0
[2026-05-22 10:08:10] SCORE StockWish (red): Final=323.4, Time=97.4, Moves(8)=0.0, Pins(0)=0.0, Dist=226.0, Win Bonus=0.0
[2026-05-22 10:08:10] SCORE Deepseekers (blue): Final=332.0, Time=96.0, Moves(8)=0.0, Pins(0)=0.0, Dist=236.0, Win Bonus=0.0
[2026-05-22 10:08:10] SCORE Gruppe 67 (yellow): Final=305.7, Time=97.7, Moves(4)=0.0, Pins(0)=0.0, Dist=208.0, Win Bonus=0.0
[2026-05-22 10:08:10] ALL WRONG MOVES BY COLOUR: {'gray0': ['4 (turn timeout)'], 'yellow': ['7 (turn timeout)', '12 (turn timeout)', '22 (turn timeout)', '32 (turn timeout)']}
[2026-05-22 10:08:10] MOVE 41: Robert (lawn green) 52->41 [0.00ms]
[2026-05-22 10:08:10] SCORE Robert (lawn green): Final=329.8, Time=97.8, Moves(9)=0.0, Pins(0)=0.0, Dist=232.0, Win Bonus=0.0
[2026-05-22 10:08:10] SCORE Gruppe 1 (gray0): Final=313.3, Time=97.3, Moves(7)=0.0, Pins(0)=0.0, Dist=216.0, Win Bonus=0.0
[2026-05-22 10:08:10] SCORE StockWish (red): Final=323.4, Time=97.4, Moves(8)=0.0, Pins(0)=0.0, Dist=226.0, Win Bonus=0.0
[2026-05-22 10:08:10] SCORE Deepseekers (blue): Final=332.0, Time=96.0, Moves(8)=0.0, Pins(0)=0.0, Dist=236.0, Win Bonus=0.0
[2026-05-22 10:08:10] SCORE Gruppe 67 (yellow): Final=305.7, Time=97.7, Moves(4)=0.0, Pins(0)=0.0, Dist=208.0, Win Bonus=0.0
[2026-05-22 10:08:10] ALL WRONG MOVES BY COLOUR: {'gray0': ['4 (turn timeout)'], 'yellow': ['7 (turn timeout)', '12 (turn timeout)', '22 (turn timeout)', '32 (turn timeout)']}
[2026-05-22 10:08:12] SCORE Robert (lawn green): Final=329.8, Time=97.8, Moves(9)=0.0, Pins(0)=0.0, Dist=232.0, Win Bonus=0.0
[2026-05-22 10:08:12] SCORE Gruppe 1 (gray0): Final=313.3, Time=97.3, Moves(7)=0.0, Pins(0)=0.0, Dist=216.0, Win Bonus=0.0
[2026-05-22 10:08:12] SCORE StockWish (red): Final=323.4, Time=97.4, Moves(8)=0.0, Pins(0)=0.0, Dist=226.0, Win Bonus=0.0
[2026-05-22 10:08:12] SCORE Deepseekers (blue): Final=332.0, Time=96.0, Moves(8)=0.0, Pins(0)=0.0, Dist=236.0, Win Bonus=0.0
[2026-05-22 10:08:12] SCORE Gruppe 67 (yellow): Final=305.7, Time=97.7, Moves(4)=0.0, Pins(0)=0.0, Dist=208.0, Win Bonus=0.0
[2026-05-22 10:08:12] ALL WRONG MOVES BY COLOUR: {'gray0': ['4 (turn timeout)'], 'yellow': ['7 (turn timeout)', '12 (turn timeout)', '22 (turn timeout)', '32 (turn timeout)', '42 (turn timeout)']}
[2026-05-22 10:08:12] TURN TIMEOUT: Player with colour yellow exceeded 2s at move 42. Turn skipped.
[2026-05-22 10:08:13] MOVE 43: Deepseekers (blue) 27->72 [0.00ms]
[2026-05-22 10:08:13] SCORE Robert (lawn green): Final=329.8, Time=97.8, Moves(9)=0.0, Pins(0)=0.0, Dist=232.0, Win Bonus=0.0
[2026-05-22 10:08:13] SCORE Gruppe 1 (gray0): Final=313.3, Time=97.3, Moves(7)=0.0, Pins(0)=0.0, Dist=216.0, Win Bonus=0.0
[2026-05-22 10:08:13] SCORE StockWish (red): Final=323.4, Time=97.4, Moves(8)=0.0, Pins(0)=0.0, Dist=226.0, Win Bonus=0.0
[2026-05-22 10:08:13] SCORE Deepseekers (blue): Final=339.6, Time=95.6, Moves(9)=0.0, Pins(0)=0.0, Dist=244.0, Win Bonus=0.0
[2026-05-22 10:08:13] SCORE Gruppe 67 (yellow): Final=305.7, Time=97.7, Moves(4)=0.0, Pins(0)=0.0, Dist=208.0, Win Bonus=0.0
[2026-05-22 10:08:13] ALL WRONG MOVES BY COLOUR: {'gray0': ['4 (turn timeout)'], 'yellow': ['7 (turn timeout)', '12 (turn timeout)', '22 (turn timeout)', '32 (turn timeout)', '42 (turn timeout)']}
[2026-05-22 10:08:13] MOVE 44: Gruppe 1 (gray0) 56->58 [0.00ms]
[2026-05-22 10:08:13] SCORE Robert (lawn green): Final=329.8, Time=97.8, Moves(9)=0.0, Pins(0)=0.0, Dist=232.0, Win Bonus=0.0
[2026-05-22 10:08:13] SCORE Gruppe 1 (gray0): Final=316.7, Time=96.7, Moves(8)=0.0, Pins(0)=0.0, Dist=220.0, Win Bonus=0.0
[2026-05-22 10:08:13] SCORE StockWish (red): Final=323.4, Time=97.4, Moves(8)=0.0, Pins(0)=0.0, Dist=226.0, Win Bonus=0.0
[2026-05-22 10:08:13] SCORE Deepseekers (blue): Final=339.6, Time=95.6, Moves(9)=0.0, Pins(0)=0.0, Dist=244.0, Win Bonus=0.0
[2026-05-22 10:08:13] SCORE Gruppe 67 (yellow): Final=305.7, Time=97.7, Moves(4)=0.0, Pins(0)=0.0, Dist=208.0, Win Bonus=0.0
[2026-05-22 10:08:13] ALL WRONG MOVES BY COLOUR: {'gray0': ['4 (turn timeout)'], 'yellow': ['7 (turn timeout)', '12 (turn timeout)', '22 (turn timeout)', '32 (turn timeout)', '42 (turn timeout)']}
[2026-05-22 10:08:14] MOVE 45: StockWish (red) 117->104 [0.00ms]
[2026-05-22 10:08:14] SCORE Robert (lawn green): Final=329.8, Time=97.8, Moves(9)=0.0, Pins(0)=0.0, Dist=232.0, Win Bonus=0.0
[2026-05-22 10:08:14] SCORE Gruppe 1 (gray0): Final=316.7, Time=96.7, Moves(8)=0.0, Pins(0)=0.0, Dist=220.0, Win Bonus=0.0
[2026-05-22 10:08:14] SCORE StockWish (red): Final=327.2, Time=97.2, Moves(9)=0.0, Pins(0)=0.0, Dist=230.0, Win Bonus=0.0
[2026-05-22 10:08:14] SCORE Deepseekers (blue): Final=339.6, Time=95.6, Moves(9)=0.0, Pins(0)=0.0, Dist=244.0, Win Bonus=0.0
[2026-05-22 10:08:14] SCORE Gruppe 67 (yellow): Final=305.7, Time=97.7, Moves(4)=0.0, Pins(0)=0.0, Dist=208.0, Win Bonus=0.0
[2026-05-22 10:08:14] ALL WRONG MOVES BY COLOUR: {'gray0': ['4 (turn timeout)'], 'yellow': ['7 (turn timeout)', '12 (turn timeout)', '22 (turn timeout)', '32 (turn timeout)', '42 (turn timeout)']}
[2026-05-22 10:08:14] MOVE 46: Robert (lawn green) 55->65 [0.00ms]
[2026-05-22 10:08:14] SCORE Robert (lawn green): Final=449.4, Time=97.4, Moves(10)=0.0, Pins(1)=100.0, Dist=252.0, Win Bonus=0.0
[2026-05-22 10:08:14] SCORE Gruppe 1 (gray0): Final=316.7, Time=96.7, Moves(8)=0.0, Pins(0)=0.0, Dist=220.0, Win Bonus=0.0
[2026-05-22 10:08:14] SCORE StockWish (red): Final=327.2, Time=97.2, Moves(9)=0.0, Pins(0)=0.0, Dist=230.0, Win Bonus=0.0
[2026-05-22 10:08:14] SCORE Deepseekers (blue): Final=339.6, Time=95.6, Moves(9)=0.0, Pins(0)=0.0, Dist=244.0, Win Bonus=0.0
[2026-05-22 10:08:14] SCORE Gruppe 67 (yellow): Final=305.7, Time=97.7, Moves(4)=0.0, Pins(0)=0.0, Dist=208.0, Win Bonus=0.0
[2026-05-22 10:08:14] ALL WRONG MOVES BY COLOUR: {'gray0': ['4 (turn timeout)'], 'yellow': ['7 (turn timeout)', '12 (turn timeout)', '22 (turn timeout)', '32 (turn timeout)', '42 (turn timeout)']}
[2026-05-22 10:08:14] MOVE 47: Gruppe 67 (yellow) 36->44 [0.01ms]
[2026-05-22 10:08:14] SCORE Robert (lawn green): Final=449.4, Time=97.4, Moves(10)=0.0, Pins(1)=100.0, Dist=252.0, Win Bonus=0.0
[2026-05-22 10:08:14] SCORE Gruppe 1 (gray0): Final=316.7, Time=96.7, Moves(8)=0.0, Pins(0)=0.0, Dist=220.0, Win Bonus=0.0
[2026-05-22 10:08:14] SCORE StockWish (red): Final=327.2, Time=97.2, Moves(9)=0.0, Pins(0)=0.0, Dist=230.0, Win Bonus=0.0
[2026-05-22 10:08:14] SCORE Deepseekers (blue): Final=339.6, Time=95.6, Moves(9)=0.0, Pins(0)=0.0, Dist=244.0, Win Bonus=0.0
[2026-05-22 10:08:14] SCORE Gruppe 67 (yellow): Final=319.4, Time=97.4, Moves(5)=0.0, Pins(0)=0.0, Dist=222.0, Win Bonus=0.0
[2026-05-22 10:08:14] ALL WRONG MOVES BY COLOUR: {'gray0': ['4 (turn timeout)'], 'yellow': ['7 (turn timeout)', '12 (turn timeout)', '22 (turn timeout)', '32 (turn timeout)', '42 (turn timeout)']}
[2026-05-22 10:08:15] MOVE 48: Deepseekers (blue) 64->83 [0.01ms]
[2026-05-22 10:08:15] SCORE Robert (lawn green): Final=449.4, Time=97.4, Moves(10)=0.0, Pins(1)=100.0, Dist=252.0, Win Bonus=0.0
[2026-05-22 10:08:15] SCORE Gruppe 1 (gray0): Final=316.7, Time=96.7, Moves(8)=0.0, Pins(0)=0.0, Dist=220.0, Win Bonus=0.0
[2026-05-22 10:08:15] SCORE StockWish (red): Final=327.2, Time=97.2, Moves(9)=0.0, Pins(0)=0.0, Dist=230.0, Win Bonus=0.0
[2026-05-22 10:08:15] SCORE Deepseekers (blue): Final=342.9, Time=94.9, Moves(10)=0.0, Pins(0)=0.0, Dist=248.0, Win Bonus=0.0
[2026-05-22 10:08:15] SCORE Gruppe 67 (yellow): Final=319.4, Time=97.4, Moves(5)=0.0, Pins(0)=0.0, Dist=222.0, Win Bonus=0.0
[2026-05-22 10:08:15] ALL WRONG MOVES BY COLOUR: {'gray0': ['4 (turn timeout)'], 'yellow': ['7 (turn timeout)', '12 (turn timeout)', '22 (turn timeout)', '32 (turn timeout)', '42 (turn timeout)']}
[2026-05-22 10:08:15] MOVE 49: Gruppe 1 (gray0) 47->73 [0.01ms]
[2026-05-22 10:08:15] SCORE Robert (lawn green): Final=449.4, Time=97.4, Moves(10)=0.0, Pins(1)=100.0, Dist=252.0, Win Bonus=0.0
[2026-05-22 10:08:15] SCORE Gruppe 1 (gray0): Final=328.4, Time=96.4, Moves(9)=0.0, Pins(0)=0.0, Dist=232.0, Win Bonus=0.0
[2026-05-22 10:08:15] SCORE StockWish (red): Final=327.2, Time=97.2, Moves(9)=0.0, Pins(0)=0.0, Dist=230.0, Win Bonus=0.0
[2026-05-22 10:08:15] SCORE Deepseekers (blue): Final=342.9, Time=94.9, Moves(10)=0.0, Pins(0)=0.0, Dist=248.0, Win Bonus=0.0
[2026-05-22 10:08:15] SCORE Gruppe 67 (yellow): Final=319.4, Time=97.4, Moves(5)=0.0, Pins(0)=0.0, Dist=222.0, Win Bonus=0.0
[2026-05-22 10:08:15] ALL WRONG MOVES BY COLOUR: {'gray0': ['4 (turn timeout)'], 'yellow': ['7 (turn timeout)', '12 (turn timeout)', '22 (turn timeout)', '32 (turn timeout)', '42 (turn timeout)']}
[2026-05-22 10:08:15] MOVE 50: StockWish (red) 70->29 [0.01ms]
[2026-05-22 10:08:15] SCORE Robert (lawn green): Final=449.4, Time=97.4, Moves(10)=0.0, Pins(1)=100.0, Dist=252.0, Win Bonus=0.0
[2026-05-22 10:08:15] SCORE Gruppe 1 (gray0): Final=328.4, Time=96.4, Moves(9)=0.0, Pins(0)=0.0, Dist=232.0, Win Bonus=0.0
[2026-05-22 10:08:15] SCORE StockWish (red): Final=335.0, Time=97.0, Moves(10)=0.0, Pins(0)=0.0, Dist=238.0, Win Bonus=0.0
[2026-05-22 10:08:15] SCORE Deepseekers (blue): Final=342.9, Time=94.9, Moves(10)=0.0, Pins(0)=0.0, Dist=248.0, Win Bonus=0.0
[2026-05-22 10:08:15] SCORE Gruppe 67 (yellow): Final=319.4, Time=97.4, Moves(5)=0.0, Pins(0)=0.0, Dist=222.0, Win Bonus=0.0
[2026-05-22 10:08:15] ALL WRONG MOVES BY COLOUR: {'gray0': ['4 (turn timeout)'], 'yellow': ['7 (turn timeout)', '12 (turn timeout)', '22 (turn timeout)', '32 (turn timeout)', '42 (turn timeout)']}
[2026-05-22 10:08:16] MOVE 51: Robert (lawn green) 33->91 [0.00ms]
[2026-05-22 10:08:16] SCORE Robert (lawn green): Final=465.0, Time=97.0, Moves(11)=0.0, Pins(1)=100.0, Dist=268.0, Win Bonus=0.0
[2026-05-22 10:08:16] SCORE Gruppe 1 (gray0): Final=328.4, Time=96.4, Moves(9)=0.0, Pins(0)=0.0, Dist=232.0, Win Bonus=0.0
[2026-05-22 10:08:16] SCORE StockWish (red): Final=335.0, Time=97.0, Moves(10)=0.0, Pins(0)=0.0, Dist=238.0, Win Bonus=0.0
[2026-05-22 10:08:16] SCORE Deepseekers (blue): Final=342.9, Time=94.9, Moves(10)=0.0, Pins(0)=0.0, Dist=248.0, Win Bonus=0.0
[2026-05-22 10:08:16] SCORE Gruppe 67 (yellow): Final=319.4, Time=97.4, Moves(5)=0.0, Pins(0)=0.0, Dist=222.0, Win Bonus=0.0
[2026-05-22 10:08:16] ALL WRONG MOVES BY COLOUR: {'gray0': ['4 (turn timeout)'], 'yellow': ['7 (turn timeout)', '12 (turn timeout)', '22 (turn timeout)', '32 (turn timeout)', '42 (turn timeout)']}
[2026-05-22 10:08:18] SCORE Robert (lawn green): Final=465.0, Time=97.0, Moves(11)=0.0, Pins(1)=100.0, Dist=268.0, Win Bonus=0.0
[2026-05-22 10:08:18] SCORE Gruppe 1 (gray0): Final=328.4, Time=96.4, Moves(9)=0.0, Pins(0)=0.0, Dist=232.0, Win Bonus=0.0
[2026-05-22 10:08:18] SCORE StockWish (red): Final=335.0, Time=97.0, Moves(10)=0.0, Pins(0)=0.0, Dist=238.0, Win Bonus=0.0
[2026-05-22 10:08:18] SCORE Deepseekers (blue): Final=342.9, Time=94.9, Moves(10)=0.0, Pins(0)=0.0, Dist=248.0, Win Bonus=0.0
[2026-05-22 10:08:18] SCORE Gruppe 67 (yellow): Final=319.4, Time=97.4, Moves(5)=0.0, Pins(0)=0.0, Dist=222.0, Win Bonus=0.0
[2026-05-22 10:08:18] ALL WRONG MOVES BY COLOUR: {'gray0': ['4 (turn timeout)'], 'yellow': ['7 (turn timeout)', '12 (turn timeout)', '22 (turn timeout)', '32 (turn timeout)', '42 (turn timeout)', '52 (turn timeout)']}
[2026-05-22 10:08:18] TURN TIMEOUT: Player with colour yellow exceeded 2s at move 52. Turn skipped.
[2026-05-22 10:08:18] MOVE 53: Deepseekers (blue) 50->70 [0.00ms]
[2026-05-22 10:08:18] SCORE Robert (lawn green): Final=465.0, Time=97.0, Moves(11)=0.0, Pins(1)=100.0, Dist=268.0, Win Bonus=0.0
[2026-05-22 10:08:18] SCORE Gruppe 1 (gray0): Final=328.4, Time=96.4, Moves(9)=0.0, Pins(0)=0.0, Dist=232.0, Win Bonus=0.0
[2026-05-22 10:08:18] SCORE StockWish (red): Final=335.0, Time=97.0, Moves(10)=0.0, Pins(0)=0.0, Dist=238.0, Win Bonus=0.0
[2026-05-22 10:08:18] SCORE Deepseekers (blue): Final=346.4, Time=94.4, Moves(11)=0.0, Pins(0)=0.0, Dist=252.0, Win Bonus=0.0
[2026-05-22 10:08:18] SCORE Gruppe 67 (yellow): Final=319.4, Time=97.4, Moves(5)=0.0, Pins(0)=0.0, Dist=222.0, Win Bonus=0.0
[2026-05-22 10:08:18] ALL WRONG MOVES BY COLOUR: {'gray0': ['4 (turn timeout)'], 'yellow': ['7 (turn timeout)', '12 (turn timeout)', '22 (turn timeout)', '32 (turn timeout)', '42 (turn timeout)', '52 (turn timeout)']}
[2026-05-22 10:08:19] MOVE 54: Gruppe 1 (gray0) 66->33 [0.00ms]
[2026-05-22 10:08:19] SCORE Robert (lawn green): Final=465.0, Time=97.0, Moves(11)=0.0, Pins(1)=100.0, Dist=268.0, Win Bonus=0.0
[2026-05-22 10:08:19] SCORE Gruppe 1 (gray0): Final=446.1, Time=96.1, Moves(10)=0.0, Pins(1)=100.0, Dist=250.0, Win Bonus=0.0
[2026-05-22 10:08:19] SCORE StockWish (red): Final=335.0, Time=97.0, Moves(10)=0.0, Pins(0)=0.0, Dist=238.0, Win Bonus=0.0
[2026-05-22 10:08:19] SCORE Deepseekers (blue): Final=346.4, Time=94.4, Moves(11)=0.0, Pins(0)=0.0, Dist=252.0, Win Bonus=0.0
[2026-05-22 10:08:19] SCORE Gruppe 67 (yellow): Final=319.4, Time=97.4, Moves(5)=0.0, Pins(0)=0.0, Dist=222.0, Win Bonus=0.0
[2026-05-22 10:08:19] ALL WRONG MOVES BY COLOUR: {'gray0': ['4 (turn timeout)'], 'yellow': ['7 (turn timeout)', '12 (turn timeout)', '22 (turn timeout)', '32 (turn timeout)', '42 (turn timeout)', '52 (turn timeout)']}
[2026-05-22 10:08:19] MOVE 55: StockWish (red) 114->92 [0.00ms]
[2026-05-22 10:08:19] SCORE Robert (lawn green): Final=465.0, Time=97.0, Moves(11)=0.0, Pins(1)=100.0, Dist=268.0, Win Bonus=0.0
[2026-05-22 10:08:19] SCORE Gruppe 1 (gray0): Final=446.1, Time=96.1, Moves(10)=0.0, Pins(1)=100.0, Dist=250.0, Win Bonus=0.0
[2026-05-22 10:08:19] SCORE StockWish (red): Final=338.9, Time=96.9, Moves(11)=0.0, Pins(0)=0.0, Dist=242.0, Win Bonus=0.0
[2026-05-22 10:08:19] SCORE Deepseekers (blue): Final=346.4, Time=94.4, Moves(11)=0.0, Pins(0)=0.0, Dist=252.0, Win Bonus=0.0
[2026-05-22 10:08:19] SCORE Gruppe 67 (yellow): Final=319.4, Time=97.4, Moves(5)=0.0, Pins(0)=0.0, Dist=222.0, Win Bonus=0.0
[2026-05-22 10:08:19] ALL WRONG MOVES BY COLOUR: {'gray0': ['4 (turn timeout)'], 'yellow': ['7 (turn timeout)', '12 (turn timeout)', '22 (turn timeout)', '32 (turn timeout)', '42 (turn timeout)', '52 (turn timeout)']}
[2026-05-22 10:08:19] MOVE 56: Robert (lawn green) 19->31 [0.00ms]
[2026-05-22 10:08:19] SCORE Robert (lawn green): Final=466.8, Time=96.8, Moves(12)=0.0, Pins(1)=100.0, Dist=270.0, Win Bonus=0.0
[2026-05-22 10:08:19] SCORE Gruppe 1 (gray0): Final=446.1, Time=96.1, Moves(10)=0.0, Pins(1)=100.0, Dist=250.0, Win Bonus=0.0
[2026-05-22 10:08:19] SCORE StockWish (red): Final=338.9, Time=96.9, Moves(11)=0.0, Pins(0)=0.0, Dist=242.0, Win Bonus=0.0
[2026-05-22 10:08:19] SCORE Deepseekers (blue): Final=346.4, Time=94.4, Moves(11)=0.0, Pins(0)=0.0, Dist=252.0, Win Bonus=0.0
[2026-05-22 10:08:19] SCORE Gruppe 67 (yellow): Final=319.4, Time=97.4, Moves(5)=0.0, Pins(0)=0.0, Dist=222.0, Win Bonus=0.0
[2026-05-22 10:08:19] ALL WRONG MOVES BY COLOUR: {'gray0': ['4 (turn timeout)'], 'yellow': ['7 (turn timeout)', '12 (turn timeout)', '22 (turn timeout)', '32 (turn timeout)', '42 (turn timeout)', '52 (turn timeout)']}
[2026-05-22 10:08:20] MOVE 57: Gruppe 67 (yellow) 25->54 [0.01ms]
[2026-05-22 10:08:20] SCORE Robert (lawn green): Final=466.8, Time=96.8, Moves(12)=0.0, Pins(1)=100.0, Dist=270.0, Win Bonus=0.0
[2026-05-22 10:08:20] SCORE Gruppe 1 (gray0): Final=446.1, Time=96.1, Moves(10)=0.0, Pins(1)=100.0, Dist=250.0, Win Bonus=0.0
[2026-05-22 10:08:20] SCORE StockWish (red): Final=338.9, Time=96.9, Moves(11)=0.0, Pins(0)=0.0, Dist=242.0, Win Bonus=0.0
[2026-05-22 10:08:20] SCORE Deepseekers (blue): Final=346.4, Time=94.4, Moves(11)=0.0, Pins(0)=0.0, Dist=252.0, Win Bonus=0.0
[2026-05-22 10:08:20] SCORE Gruppe 67 (yellow): Final=334.2, Time=96.2, Moves(6)=0.0, Pins(0)=0.0, Dist=238.0, Win Bonus=0.0
[2026-05-22 10:08:20] ALL WRONG MOVES BY COLOUR: {'gray0': ['4 (turn timeout)'], 'yellow': ['7 (turn timeout)', '12 (turn timeout)', '22 (turn timeout)', '32 (turn timeout)', '42 (turn timeout)', '52 (turn timeout)']}
[2026-05-22 10:08:21] MOVE 58: Deepseekers (blue) 39->50 [0.01ms]
[2026-05-22 10:08:21] SCORE Robert (lawn green): Final=466.8, Time=96.8, Moves(12)=0.0, Pins(1)=100.0, Dist=270.0, Win Bonus=0.0
[2026-05-22 10:08:21] SCORE Gruppe 1 (gray0): Final=446.1, Time=96.1, Moves(10)=0.0, Pins(1)=100.0, Dist=250.0, Win Bonus=0.0
[2026-05-22 10:08:21] SCORE StockWish (red): Final=338.9, Time=96.9, Moves(11)=0.0, Pins(0)=0.0, Dist=242.0, Win Bonus=0.0
[2026-05-22 10:08:21] SCORE Deepseekers (blue): Final=347.6, Time=93.6, Moves(12)=0.0, Pins(0)=0.0, Dist=254.0, Win Bonus=0.0
[2026-05-22 10:08:21] SCORE Gruppe 67 (yellow): Final=334.2, Time=96.2, Moves(6)=0.0, Pins(0)=0.0, Dist=238.0, Win Bonus=0.0
[2026-05-22 10:08:21] ALL WRONG MOVES BY COLOUR: {'gray0': ['4 (turn timeout)'], 'yellow': ['7 (turn timeout)', '12 (turn timeout)', '22 (turn timeout)', '32 (turn timeout)', '42 (turn timeout)', '52 (turn timeout)']}
[2026-05-22 10:08:21] MOVE 59: Gruppe 1 (gray0) 26->71 [0.00ms]
[2026-05-22 10:08:21] SCORE Robert (lawn green): Final=466.8, Time=96.8, Moves(12)=0.0, Pins(1)=100.0, Dist=270.0, Win Bonus=0.0
[2026-05-22 10:08:21] SCORE Gruppe 1 (gray0): Final=449.7, Time=95.7, Moves(11)=0.0, Pins(1)=100.0, Dist=254.0, Win Bonus=0.0
[2026-05-22 10:08:21] SCORE StockWish (red): Final=338.9, Time=96.9, Moves(11)=0.0, Pins(0)=0.0, Dist=242.0, Win Bonus=0.0
[2026-05-22 10:08:21] SCORE Deepseekers (blue): Final=347.6, Time=93.6, Moves(12)=0.0, Pins(0)=0.0, Dist=254.0, Win Bonus=0.0
[2026-05-22 10:08:21] SCORE Gruppe 67 (yellow): Final=334.2, Time=96.2, Moves(6)=0.0, Pins(0)=0.0, Dist=238.0, Win Bonus=0.0
[2026-05-22 10:08:21] ALL WRONG MOVES BY COLOUR: {'gray0': ['4 (turn timeout)'], 'yellow': ['7 (turn timeout)', '12 (turn timeout)', '22 (turn timeout)', '32 (turn timeout)', '42 (turn timeout)', '52 (turn timeout)']}
[2026-05-22 10:08:21] MOVE 60: StockWish (red) 60->16 [0.00ms]
[2026-05-22 10:08:21] SCORE Robert (lawn green): Final=466.8, Time=96.8, Moves(12)=0.0, Pins(1)=100.0, Dist=270.0, Win Bonus=0.0
[2026-05-22 10:08:21] SCORE Gruppe 1 (gray0): Final=449.7, Time=95.7, Moves(11)=0.0, Pins(1)=100.0, Dist=254.0, Win Bonus=0.0
[2026-05-22 10:08:21] SCORE StockWish (red): Final=346.8, Time=96.8, Moves(12)=0.0, Pins(0)=0.0, Dist=250.0, Win Bonus=0.0
[2026-05-22 10:08:21] SCORE Deepseekers (blue): Final=347.6, Time=93.6, Moves(12)=0.0, Pins(0)=0.0, Dist=254.0, Win Bonus=0.0
[2026-05-22 10:08:21] SCORE Gruppe 67 (yellow): Final=334.2, Time=96.2, Moves(6)=0.0, Pins(0)=0.0, Dist=238.0, Win Bonus=0.0
[2026-05-22 10:08:21] ALL WRONG MOVES BY COLOUR: {'gray0': ['4 (turn timeout)'], 'yellow': ['7 (turn timeout)', '12 (turn timeout)', '22 (turn timeout)', '32 (turn timeout)', '42 (turn timeout)', '52 (turn timeout)']}
[2026-05-22 10:08:22] MOVE 61: Robert (lawn green) 91->90 [0.00ms]
[2026-05-22 10:08:22] SCORE Robert (lawn green): Final=468.5, Time=96.5, Moves(13)=0.0, Pins(1)=100.0, Dist=272.0, Win Bonus=0.0
[2026-05-22 10:08:22] SCORE Gruppe 1 (gray0): Final=449.7, Time=95.7, Moves(11)=0.0, Pins(1)=100.0, Dist=254.0, Win Bonus=0.0
[2026-05-22 10:08:22] SCORE StockWish (red): Final=346.8, Time=96.8, Moves(12)=0.0, Pins(0)=0.0, Dist=250.0, Win Bonus=0.0
[2026-05-22 10:08:22] SCORE Deepseekers (blue): Final=347.6, Time=93.6, Moves(12)=0.0, Pins(0)=0.0, Dist=254.0, Win Bonus=0.0
[2026-05-22 10:08:22] SCORE Gruppe 67 (yellow): Final=334.2, Time=96.2, Moves(6)=0.0, Pins(0)=0.0, Dist=238.0, Win Bonus=0.0
[2026-05-22 10:08:22] ALL WRONG MOVES BY COLOUR: {'gray0': ['4 (turn timeout)'], 'yellow': ['7 (turn timeout)', '12 (turn timeout)', '22 (turn timeout)', '32 (turn timeout)', '42 (turn timeout)', '52 (turn timeout)']}
[2026-05-22 10:08:23] MOVE 62: Gruppe 67 (yellow) 23->68 [0.00ms]
[2026-05-22 10:08:23] SCORE Robert (lawn green): Final=468.5, Time=96.5, Moves(13)=0.0, Pins(1)=100.0, Dist=272.0, Win Bonus=0.0
[2026-05-22 10:08:23] SCORE Gruppe 1 (gray0): Final=449.7, Time=95.7, Moves(11)=0.0, Pins(1)=100.0, Dist=254.0, Win Bonus=0.0
[2026-05-22 10:08:23] SCORE StockWish (red): Final=346.8, Time=96.8, Moves(12)=0.0, Pins(0)=0.0, Dist=250.0, Win Bonus=0.0
[2026-05-22 10:08:23] SCORE Deepseekers (blue): Final=347.6, Time=93.6, Moves(12)=0.0, Pins(0)=0.0, Dist=254.0, Win Bonus=0.0
[2026-05-22 10:08:23] SCORE Gruppe 67 (yellow): Final=344.9, Time=94.9, Moves(7)=0.0, Pins(0)=0.0, Dist=250.0, Win Bonus=0.0
[2026-05-22 10:08:23] ALL WRONG MOVES BY COLOUR: {'gray0': ['4 (turn timeout)'], 'yellow': ['7 (turn timeout)', '12 (turn timeout)', '22 (turn timeout)', '32 (turn timeout)', '42 (turn timeout)', '52 (turn timeout)']}
[2026-05-22 10:08:24] MOVE 63: Deepseekers (blue) 6->67 [0.00ms]
[2026-05-22 10:08:24] SCORE Robert (lawn green): Final=468.5, Time=96.5, Moves(13)=0.0, Pins(1)=100.0, Dist=272.0, Win Bonus=0.0
[2026-05-22 10:08:24] SCORE Gruppe 1 (gray0): Final=449.7, Time=95.7, Moves(11)=0.0, Pins(1)=100.0, Dist=254.0, Win Bonus=0.0
[2026-05-22 10:08:24] SCORE StockWish (red): Final=346.8, Time=96.8, Moves(12)=0.0, Pins(0)=0.0, Dist=250.0, Win Bonus=0.0
[2026-05-22 10:08:24] SCORE Deepseekers (blue): Final=358.8, Time=92.8, Moves(13)=0.0, Pins(0)=0.0, Dist=266.0, Win Bonus=0.0
[2026-05-22 10:08:24] SCORE Gruppe 67 (yellow): Final=344.9, Time=94.9, Moves(7)=0.0, Pins(0)=0.0, Dist=250.0, Win Bonus=0.0
[2026-05-22 10:08:24] ALL WRONG MOVES BY COLOUR: {'gray0': ['4 (turn timeout)'], 'yellow': ['7 (turn timeout)', '12 (turn timeout)', '22 (turn timeout)', '32 (turn timeout)', '42 (turn timeout)', '52 (turn timeout)']}
[2026-05-22 10:08:24] MOVE 64: Gruppe 1 (gray0) 115->64 [0.00ms]
[2026-05-22 10:08:24] SCORE Robert (lawn green): Final=468.5, Time=96.5, Moves(13)=0.0, Pins(1)=100.0, Dist=272.0, Win Bonus=0.0
[2026-05-22 10:08:24] SCORE Gruppe 1 (gray0): Final=465.3, Time=95.3, Moves(12)=0.0, Pins(1)=100.0, Dist=270.0, Win Bonus=0.0
[2026-05-22 10:08:24] SCORE StockWish (red): Final=346.8, Time=96.8, Moves(12)=0.0, Pins(0)=0.0, Dist=250.0, Win Bonus=0.0
[2026-05-22 10:08:24] SCORE Deepseekers (blue): Final=358.8, Time=92.8, Moves(13)=0.0, Pins(0)=0.0, Dist=266.0, Win Bonus=0.0
[2026-05-22 10:08:24] SCORE Gruppe 67 (yellow): Final=344.9, Time=94.9, Moves(7)=0.0, Pins(0)=0.0, Dist=250.0, Win Bonus=0.0
[2026-05-22 10:08:24] ALL WRONG MOVES BY COLOUR: {'gray0': ['4 (turn timeout)'], 'yellow': ['7 (turn timeout)', '12 (turn timeout)', '22 (turn timeout)', '32 (turn timeout)', '42 (turn timeout)', '52 (turn timeout)']}
[2026-05-22 10:08:24] MOVE 65: StockWish (red) 16->17 [0.01ms]
[2026-05-22 10:08:24] SCORE Robert (lawn green): Final=468.5, Time=96.5, Moves(13)=0.0, Pins(1)=100.0, Dist=272.0, Win Bonus=0.0
[2026-05-22 10:08:24] SCORE Gruppe 1 (gray0): Final=465.3, Time=95.3, Moves(12)=0.0, Pins(1)=100.0, Dist=270.0, Win Bonus=0.0
[2026-05-22 10:08:24] SCORE StockWish (red): Final=346.7, Time=96.7, Moves(13)=0.0, Pins(0)=0.0, Dist=250.0, Win Bonus=0.0
[2026-05-22 10:08:24] SCORE Deepseekers (blue): Final=358.8, Time=92.8, Moves(13)=0.0, Pins(0)=0.0, Dist=266.0, Win Bonus=0.0
[2026-05-22 10:08:24] SCORE Gruppe 67 (yellow): Final=344.9, Time=94.9, Moves(7)=0.0, Pins(0)=0.0, Dist=250.0, Win Bonus=0.0
[2026-05-22 10:08:24] ALL WRONG MOVES BY COLOUR: {'gray0': ['4 (turn timeout)'], 'yellow': ['7 (turn timeout)', '12 (turn timeout)', '22 (turn timeout)', '32 (turn timeout)', '42 (turn timeout)', '52 (turn timeout)']}
[2026-05-22 10:08:25] MOVE 66: Robert (lawn green) 43->98 [0.00ms]
[2026-05-22 10:08:25] SCORE Robert (lawn green): Final=586.2, Time=96.2, Moves(14)=0.0, Pins(2)=200.0, Dist=290.0, Win Bonus=0.0
[2026-05-22 10:08:25] SCORE Gruppe 1 (gray0): Final=465.3, Time=95.3, Moves(12)=0.0, Pins(1)=100.0, Dist=270.0, Win Bonus=0.0
[2026-05-22 10:08:25] SCORE StockWish (red): Final=346.7, Time=96.7, Moves(13)=0.0, Pins(0)=0.0, Dist=250.0, Win Bonus=0.0
[2026-05-22 10:08:25] SCORE Deepseekers (blue): Final=358.8, Time=92.8, Moves(13)=0.0, Pins(0)=0.0, Dist=266.0, Win Bonus=0.0
[2026-05-22 10:08:25] SCORE Gruppe 67 (yellow): Final=344.9, Time=94.9, Moves(7)=0.0, Pins(0)=0.0, Dist=250.0, Win Bonus=0.0
[2026-05-22 10:08:25] ALL WRONG MOVES BY COLOUR: {'gray0': ['4 (turn timeout)'], 'yellow': ['7 (turn timeout)', '12 (turn timeout)', '22 (turn timeout)', '32 (turn timeout)', '42 (turn timeout)', '52 (turn timeout)']}
[2026-05-22 10:08:27] SCORE Robert (lawn green): Final=586.2, Time=96.2, Moves(14)=0.0, Pins(2)=200.0, Dist=290.0, Win Bonus=0.0
[2026-05-22 10:08:27] SCORE Gruppe 1 (gray0): Final=465.3, Time=95.3, Moves(12)=0.0, Pins(1)=100.0, Dist=270.0, Win Bonus=0.0
[2026-05-22 10:08:27] SCORE StockWish (red): Final=346.7, Time=96.7, Moves(13)=0.0, Pins(0)=0.0, Dist=250.0, Win Bonus=0.0
[2026-05-22 10:08:27] SCORE Deepseekers (blue): Final=358.8, Time=92.8, Moves(13)=0.0, Pins(0)=0.0, Dist=266.0, Win Bonus=0.0
[2026-05-22 10:08:27] SCORE Gruppe 67 (yellow): Final=344.9, Time=94.9, Moves(7)=0.0, Pins(0)=0.0, Dist=250.0, Win Bonus=0.0
[2026-05-22 10:08:27] ALL WRONG MOVES BY COLOUR: {'gray0': ['4 (turn timeout)'], 'yellow': ['7 (turn timeout)', '12 (turn timeout)', '22 (turn timeout)', '32 (turn timeout)', '42 (turn timeout)', '52 (turn timeout)', '67 (turn timeout)']}
[2026-05-22 10:08:27] TURN TIMEOUT: Player with colour yellow exceeded 2s at move 67. Turn skipped.
[2026-05-22 10:08:27] MOVE 68: Deepseekers (blue) 14->115 [0.00ms]
[2026-05-22 10:08:27] SCORE Robert (lawn green): Final=586.2, Time=96.2, Moves(14)=0.0, Pins(2)=200.0, Dist=290.0, Win Bonus=0.0
[2026-05-22 10:08:27] SCORE Gruppe 1 (gray0): Final=465.3, Time=95.3, Moves(12)=0.0, Pins(1)=100.0, Dist=270.0, Win Bonus=0.0
[2026-05-22 10:08:27] SCORE StockWish (red): Final=346.7, Time=96.7, Moves(13)=0.0, Pins(0)=0.0, Dist=250.0, Win Bonus=0.0
[2026-05-22 10:08:27] SCORE Deepseekers (blue): Final=476.1, Time=92.1, Moves(14)=0.0, Pins(1)=100.0, Dist=284.0, Win Bonus=0.0
[2026-05-22 10:08:28] SCORE Gruppe 67 (yellow): Final=344.9, Time=94.9, Moves(7)=0.0, Pins(0)=0.0, Dist=250.0, Win Bonus=0.0
[2026-05-22 10:08:28] ALL WRONG MOVES BY COLOUR: {'gray0': ['4 (turn timeout)'], 'yellow': ['7 (turn timeout)', '12 (turn timeout)', '22 (turn timeout)', '32 (turn timeout)', '42 (turn timeout)', '52 (turn timeout)', '67 (turn timeout)']}
[2026-05-22 10:08:28] MOVE 69: Gruppe 1 (gray0) 58->22 [0.00ms]
[2026-05-22 10:08:28] SCORE Robert (lawn green): Final=586.2, Time=96.2, Moves(14)=0.0, Pins(2)=200.0, Dist=290.0, Win Bonus=0.0
[2026-05-22 10:08:28] SCORE Gruppe 1 (gray0): Final=579.2, Time=95.2, Moves(13)=0.0, Pins(2)=200.0, Dist=284.0, Win Bonus=0.0
[2026-05-22 10:08:28] SCORE StockWish (red): Final=346.7, Time=96.7, Moves(13)=0.0, Pins(0)=0.0, Dist=250.0, Win Bonus=0.0
[2026-05-22 10:08:28] SCORE Deepseekers (blue): Final=476.1, Time=92.1, Moves(14)=0.0, Pins(1)=100.0, Dist=284.0, Win Bonus=0.0
[2026-05-22 10:08:28] SCORE Gruppe 67 (yellow): Final=344.9, Time=94.9, Moves(7)=0.0, Pins(0)=0.0, Dist=250.0, Win Bonus=0.0
[2026-05-22 10:08:28] ALL WRONG MOVES BY COLOUR: {'gray0': ['4 (turn timeout)'], 'yellow': ['7 (turn timeout)', '12 (turn timeout)', '22 (turn timeout)', '32 (turn timeout)', '42 (turn timeout)', '52 (turn timeout)', '67 (turn timeout)']}
[2026-05-22 10:08:28] MOVE 70: StockWish (red) 29->9 [0.01ms]
[2026-05-22 10:08:28] SCORE Robert (lawn green): Final=586.2, Time=96.2, Moves(14)=0.0, Pins(2)=200.0, Dist=290.0, Win Bonus=0.0
[2026-05-22 10:08:28] SCORE Gruppe 1 (gray0): Final=579.2, Time=95.2, Moves(13)=0.0, Pins(2)=200.0, Dist=284.0, Win Bonus=0.0
[2026-05-22 10:08:28] SCORE StockWish (red): Final=450.6, Time=96.6, Moves(14)=0.0, Pins(1)=100.0, Dist=254.0, Win Bonus=0.0
[2026-05-22 10:08:28] SCORE Deepseekers (blue): Final=476.1, Time=92.1, Moves(14)=0.0, Pins(1)=100.0, Dist=284.0, Win Bonus=0.0
[2026-05-22 10:08:28] SCORE Gruppe 67 (yellow): Final=344.9, Time=94.9, Moves(7)=0.0, Pins(0)=0.0, Dist=250.0, Win Bonus=0.0
[2026-05-22 10:08:28] ALL WRONG MOVES BY COLOUR: {'gray0': ['4 (turn timeout)'], 'yellow': ['7 (turn timeout)', '12 (turn timeout)', '22 (turn timeout)', '32 (turn timeout)', '42 (turn timeout)', '52 (turn timeout)', '67 (turn timeout)']}
[2026-05-22 10:08:28] MOVE 71: Robert (lawn green) 3->75 [0.00ms]
[2026-05-22 10:08:28] SCORE Robert (lawn green): Final=699.7, Time=95.7, Moves(15)=0.0, Pins(3)=300.0, Dist=304.0, Win Bonus=0.0
[2026-05-22 10:08:28] SCORE Gruppe 1 (gray0): Final=579.2, Time=95.2, Moves(13)=0.0, Pins(2)=200.0, Dist=284.0, Win Bonus=0.0
[2026-05-22 10:08:28] SCORE StockWish (red): Final=450.6, Time=96.6, Moves(14)=0.0, Pins(1)=100.0, Dist=254.0, Win Bonus=0.0
[2026-05-22 10:08:28] SCORE Deepseekers (blue): Final=476.1, Time=92.1, Moves(14)=0.0, Pins(1)=100.0, Dist=284.0, Win Bonus=0.0
[2026-05-22 10:08:28] SCORE Gruppe 67 (yellow): Final=344.9, Time=94.9, Moves(7)=0.0, Pins(0)=0.0, Dist=250.0, Win Bonus=0.0
[2026-05-22 10:08:28] ALL WRONG MOVES BY COLOUR: {'gray0': ['4 (turn timeout)'], 'yellow': ['7 (turn timeout)', '12 (turn timeout)', '22 (turn timeout)', '32 (turn timeout)', '42 (turn timeout)', '52 (turn timeout)', '67 (turn timeout)']}
[2026-05-22 10:08:29] MOVE 72: Gruppe 67 (yellow) 15->42 [0.01ms]
[2026-05-22 10:08:29] SCORE Robert (lawn green): Final=699.7, Time=95.7, Moves(15)=0.0, Pins(3)=300.0, Dist=304.0, Win Bonus=0.0
[2026-05-22 10:08:29] SCORE Gruppe 1 (gray0): Final=579.2, Time=95.2, Moves(13)=0.0, Pins(2)=200.0, Dist=284.0, Win Bonus=0.0
[2026-05-22 10:08:29] SCORE StockWish (red): Final=450.6, Time=96.6, Moves(14)=0.0, Pins(1)=100.0, Dist=254.0, Win Bonus=0.0
[2026-05-22 10:08:29] SCORE Deepseekers (blue): Final=476.1, Time=92.1, Moves(14)=0.0, Pins(1)=100.0, Dist=284.0, Win Bonus=0.0
[2026-05-22 10:08:29] SCORE Gruppe 67 (yellow): Final=351.5, Time=93.5, Moves(8)=0.0, Pins(0)=0.0, Dist=258.0, Win Bonus=0.0
[2026-05-22 10:08:29] ALL WRONG MOVES BY COLOUR: {'gray0': ['4 (turn timeout)'], 'yellow': ['7 (turn timeout)', '12 (turn timeout)', '22 (turn timeout)', '32 (turn timeout)', '42 (turn timeout)', '52 (turn timeout)', '67 (turn timeout)']}
[2026-05-22 10:08:30] MOVE 73: Deepseekers (blue) 83->102 [0.00ms]
[2026-05-22 10:08:30] SCORE Robert (lawn green): Final=699.7, Time=95.7, Moves(15)=0.0, Pins(3)=300.0, Dist=304.0, Win Bonus=0.0
[2026-05-22 10:08:30] SCORE Gruppe 1 (gray0): Final=579.2, Time=95.2, Moves(13)=0.0, Pins(2)=200.0, Dist=284.0, Win Bonus=0.0
[2026-05-22 10:08:30] SCORE StockWish (red): Final=450.6, Time=96.6, Moves(14)=0.0, Pins(1)=100.0, Dist=254.0, Win Bonus=0.0
[2026-05-22 10:08:30] SCORE Deepseekers (blue): Final=479.3, Time=91.3, Moves(15)=0.0, Pins(1)=100.0, Dist=288.0, Win Bonus=0.0
[2026-05-22 10:08:30] SCORE Gruppe 67 (yellow): Final=351.5, Time=93.5, Moves(8)=0.0, Pins(0)=0.0, Dist=258.0, Win Bonus=0.0
[2026-05-22 10:08:30] ALL WRONG MOVES BY COLOUR: {'gray0': ['4 (turn timeout)'], 'yellow': ['7 (turn timeout)', '12 (turn timeout)', '22 (turn timeout)', '32 (turn timeout)', '42 (turn timeout)', '52 (turn timeout)', '67 (turn timeout)']}
[2026-05-22 10:08:30] MOVE 74: Gruppe 1 (gray0) 35->45 [0.00ms]
[2026-05-22 10:08:30] SCORE Robert (lawn green): Final=699.7, Time=95.7, Moves(15)=0.0, Pins(3)=300.0, Dist=304.0, Win Bonus=0.0
[2026-05-22 10:08:30] SCORE Gruppe 1 (gray0): Final=697.0, Time=95.0, Moves(14)=0.0, Pins(3)=300.0, Dist=302.0, Win Bonus=0.0
[2026-05-22 10:08:30] SCORE StockWish (red): Final=450.6, Time=96.6, Moves(14)=0.0, Pins(1)=100.0, Dist=254.0, Win Bonus=0.0
[2026-05-22 10:08:30] SCORE Deepseekers (blue): Final=479.3, Time=91.3, Moves(15)=0.0, Pins(1)=100.0, Dist=288.0, Win Bonus=0.0
[2026-05-22 10:08:30] SCORE Gruppe 67 (yellow): Final=351.5, Time=93.5, Moves(8)=0.0, Pins(0)=0.0, Dist=258.0, Win Bonus=0.0
[2026-05-22 10:08:30] ALL WRONG MOVES BY COLOUR: {'gray0': ['4 (turn timeout)'], 'yellow': ['7 (turn timeout)', '12 (turn timeout)', '22 (turn timeout)', '32 (turn timeout)', '42 (turn timeout)', '52 (turn timeout)', '67 (turn timeout)']}
[2026-05-22 10:08:31] MOVE 75: StockWish (red) 104->3 [0.00ms]
[2026-05-22 10:08:31] SCORE Robert (lawn green): Final=699.7, Time=95.7, Moves(15)=0.0, Pins(3)=300.0, Dist=304.0, Win Bonus=0.0
[2026-05-22 10:08:31] SCORE Gruppe 1 (gray0): Final=697.0, Time=95.0, Moves(14)=0.0, Pins(3)=300.0, Dist=302.0, Win Bonus=0.0
[2026-05-22 10:08:31] SCORE StockWish (red): Final=568.5, Time=96.5, Moves(15)=0.0, Pins(2)=200.0, Dist=272.0, Win Bonus=0.0
[2026-05-22 10:08:31] SCORE Deepseekers (blue): Final=479.3, Time=91.3, Moves(15)=0.0, Pins(1)=100.0, Dist=288.0, Win Bonus=0.0
[2026-05-22 10:08:31] SCORE Gruppe 67 (yellow): Final=351.5, Time=93.5, Moves(8)=0.0, Pins(0)=0.0, Dist=258.0, Win Bonus=0.0
[2026-05-22 10:08:31] ALL WRONG MOVES BY COLOUR: {'gray0': ['4 (turn timeout)'], 'yellow': ['7 (turn timeout)', '12 (turn timeout)', '22 (turn timeout)', '32 (turn timeout)', '42 (turn timeout)', '52 (turn timeout)', '67 (turn timeout)']}
[2026-05-22 10:08:31] MOVE 76: Robert (lawn green) 41->77 [0.00ms]
[2026-05-22 10:08:31] SCORE Robert (lawn green): Final=711.4, Time=95.4, Moves(16)=0.0, Pins(3)=300.0, Dist=316.0, Win Bonus=0.0
[2026-05-22 10:08:31] SCORE Gruppe 1 (gray0): Final=697.0, Time=95.0, Moves(14)=0.0, Pins(3)=300.0, Dist=302.0, Win Bonus=0.0
[2026-05-22 10:08:31] SCORE StockWish (red): Final=568.5, Time=96.5, Moves(15)=0.0, Pins(2)=200.0, Dist=272.0, Win Bonus=0.0
[2026-05-22 10:08:31] SCORE Deepseekers (blue): Final=479.3, Time=91.3, Moves(15)=0.0, Pins(1)=100.0, Dist=288.0, Win Bonus=0.0
[2026-05-22 10:08:31] SCORE Gruppe 67 (yellow): Final=351.5, Time=93.5, Moves(8)=0.0, Pins(0)=0.0, Dist=258.0, Win Bonus=0.0
[2026-05-22 10:08:31] ALL WRONG MOVES BY COLOUR: {'gray0': ['4 (turn timeout)'], 'yellow': ['7 (turn timeout)', '12 (turn timeout)', '22 (turn timeout)', '32 (turn timeout)', '42 (turn timeout)', '52 (turn timeout)', '67 (turn timeout)']}
[2026-05-22 10:08:32] MOVE 77: Gruppe 67 (yellow) 12->83 [0.00ms]
[2026-05-22 10:08:32] SCORE Robert (lawn green): Final=711.4, Time=95.4, Moves(16)=0.0, Pins(3)=300.0, Dist=316.0, Win Bonus=0.0
[2026-05-22 10:08:32] SCORE Gruppe 1 (gray0): Final=697.0, Time=95.0, Moves(14)=0.0, Pins(3)=300.0, Dist=302.0, Win Bonus=0.0
[2026-05-22 10:08:32] SCORE StockWish (red): Final=568.5, Time=96.5, Moves(15)=0.0, Pins(2)=200.0, Dist=272.0, Win Bonus=0.0
[2026-05-22 10:08:32] SCORE Deepseekers (blue): Final=479.3, Time=91.3, Moves(15)=0.0, Pins(1)=100.0, Dist=288.0, Win Bonus=0.0
[2026-05-22 10:08:32] SCORE Gruppe 67 (yellow): Final=370.2, Time=92.2, Moves(9)=0.0, Pins(0)=0.0, Dist=278.0, Win Bonus=0.0
[2026-05-22 10:08:32] ALL WRONG MOVES BY COLOUR: {'gray0': ['4 (turn timeout)'], 'yellow': ['7 (turn timeout)', '12 (turn timeout)', '22 (turn timeout)', '32 (turn timeout)', '42 (turn timeout)', '52 (turn timeout)', '67 (turn timeout)']}
[2026-05-22 10:08:33] MOVE 78: Deepseekers (blue) 102->117 [0.00ms]
[2026-05-22 10:08:33] SCORE Robert (lawn green): Final=711.4, Time=95.4, Moves(16)=0.0, Pins(3)=300.0, Dist=316.0, Win Bonus=0.0
[2026-05-22 10:08:33] SCORE Gruppe 1 (gray0): Final=697.0, Time=95.0, Moves(14)=0.0, Pins(3)=300.0, Dist=302.0, Win Bonus=0.0
[2026-05-22 10:08:33] SCORE StockWish (red): Final=568.5, Time=96.5, Moves(15)=0.0, Pins(2)=200.0, Dist=272.0, Win Bonus=0.0
[2026-05-22 10:08:33] SCORE Deepseekers (blue): Final=580.6, Time=90.6, Moves(16)=0.0, Pins(2)=200.0, Dist=290.0, Win Bonus=0.0
[2026-05-22 10:08:33] SCORE Gruppe 67 (yellow): Final=370.2, Time=92.2, Moves(9)=0.0, Pins(0)=0.0, Dist=278.0, Win Bonus=0.0
[2026-05-22 10:08:33] ALL WRONG MOVES BY COLOUR: {'gray0': ['4 (turn timeout)'], 'yellow': ['7 (turn timeout)', '12 (turn timeout)', '22 (turn timeout)', '32 (turn timeout)', '42 (turn timeout)', '52 (turn timeout)', '67 (turn timeout)']}
[2026-05-22 10:08:33] MOVE 79: Gruppe 1 (gray0) 73->34 [0.01ms]
[2026-05-22 10:08:33] SCORE Robert (lawn green): Final=711.4, Time=95.4, Moves(16)=0.0, Pins(3)=300.0, Dist=316.0, Win Bonus=0.0
[2026-05-22 10:08:33] SCORE Gruppe 1 (gray0): Final=800.7, Time=94.7, Moves(15)=0.0, Pins(4)=400.0, Dist=306.0, Win Bonus=0.0
[2026-05-22 10:08:33] SCORE StockWish (red): Final=568.5, Time=96.5, Moves(15)=0.0, Pins(2)=200.0, Dist=272.0, Win Bonus=0.0
[2026-05-22 10:08:33] SCORE Deepseekers (blue): Final=580.6, Time=90.6, Moves(16)=0.0, Pins(2)=200.0, Dist=290.0, Win Bonus=0.0
[2026-05-22 10:08:33] SCORE Gruppe 67 (yellow): Final=370.2, Time=92.2, Moves(9)=0.0, Pins(0)=0.0, Dist=278.0, Win Bonus=0.0
[2026-05-22 10:08:33] ALL WRONG MOVES BY COLOUR: {'gray0': ['4 (turn timeout)'], 'yellow': ['7 (turn timeout)', '12 (turn timeout)', '22 (turn timeout)', '32 (turn timeout)', '42 (turn timeout)', '52 (turn timeout)', '67 (turn timeout)']}
[2026-05-22 10:08:33] MOVE 80: StockWish (red) 113->104 [0.00ms]
[2026-05-22 10:08:33] SCORE Robert (lawn green): Final=711.4, Time=95.4, Moves(16)=0.0, Pins(3)=300.0, Dist=316.0, Win Bonus=0.0
[2026-05-22 10:08:33] SCORE Gruppe 1 (gray0): Final=800.7, Time=94.7, Moves(15)=0.0, Pins(4)=400.0, Dist=306.0, Win Bonus=0.0
[2026-05-22 10:08:33] SCORE StockWish (red): Final=570.4, Time=96.4, Moves(16)=0.0, Pins(2)=200.0, Dist=274.0, Win Bonus=0.0
[2026-05-22 10:08:33] SCORE Deepseekers (blue): Final=580.6, Time=90.6, Moves(16)=0.0, Pins(2)=200.0, Dist=290.0, Win Bonus=0.0
[2026-05-22 10:08:33] SCORE Gruppe 67 (yellow): Final=370.2, Time=92.2, Moves(9)=0.0, Pins(0)=0.0, Dist=278.0, Win Bonus=0.0
[2026-05-22 10:08:33] ALL WRONG MOVES BY COLOUR: {'gray0': ['4 (turn timeout)'], 'yellow': ['7 (turn timeout)', '12 (turn timeout)', '22 (turn timeout)', '32 (turn timeout)', '42 (turn timeout)', '52 (turn timeout)', '67 (turn timeout)']}
[2026-05-22 10:08:34] MOVE 81: Robert (lawn green) 31->43 [0.02ms]
[2026-05-22 10:08:34] SCORE Robert (lawn green): Final=711.0, Time=95.0, Moves(17)=0.0, Pins(3)=300.0, Dist=316.0, Win Bonus=0.0
[2026-05-22 10:08:34] SCORE Gruppe 1 (gray0): Final=800.7, Time=94.7, Moves(15)=0.0, Pins(4)=400.0, Dist=306.0, Win Bonus=0.0
[2026-05-22 10:08:34] SCORE StockWish (red): Final=570.4, Time=96.4, Moves(16)=0.0, Pins(2)=200.0, Dist=274.0, Win Bonus=0.0
[2026-05-22 10:08:34] SCORE Deepseekers (blue): Final=580.6, Time=90.6, Moves(16)=0.0, Pins(2)=200.0, Dist=290.0, Win Bonus=0.0
[2026-05-22 10:08:34] SCORE Gruppe 67 (yellow): Final=370.2, Time=92.2, Moves(9)=0.0, Pins(0)=0.0, Dist=278.0, Win Bonus=0.0
[2026-05-22 10:08:34] ALL WRONG MOVES BY COLOUR: {'gray0': ['4 (turn timeout)'], 'yellow': ['7 (turn timeout)', '12 (turn timeout)', '22 (turn timeout)', '32 (turn timeout)', '42 (turn timeout)', '52 (turn timeout)', '67 (turn timeout)']}
[2026-05-22 10:08:36] SCORE Robert (lawn green): Final=711.0, Time=95.0, Moves(17)=0.0, Pins(3)=300.0, Dist=316.0, Win Bonus=0.0
[2026-05-22 10:08:36] SCORE Gruppe 1 (gray0): Final=800.7, Time=94.7, Moves(15)=0.0, Pins(4)=400.0, Dist=306.0, Win Bonus=0.0
[2026-05-22 10:08:36] SCORE StockWish (red): Final=570.4, Time=96.4, Moves(16)=0.0, Pins(2)=200.0, Dist=274.0, Win Bonus=0.0
[2026-05-22 10:08:36] SCORE Deepseekers (blue): Final=580.6, Time=90.6, Moves(16)=0.0, Pins(2)=200.0, Dist=290.0, Win Bonus=0.0
[2026-05-22 10:08:36] SCORE Gruppe 67 (yellow): Final=370.2, Time=92.2, Moves(9)=0.0, Pins(0)=0.0, Dist=278.0, Win Bonus=0.0
[2026-05-22 10:08:36] ALL WRONG MOVES BY COLOUR: {'gray0': ['4 (turn timeout)'], 'yellow': ['7 (turn timeout)', '12 (turn timeout)', '22 (turn timeout)', '32 (turn timeout)', '42 (turn timeout)', '52 (turn timeout)', '67 (turn timeout)', '82 (turn timeout)']}
[2026-05-22 10:08:36] TURN TIMEOUT: Player with colour yellow exceeded 2s at move 82. Turn skipped.
[2026-05-22 10:08:37] MOVE 83: Deepseekers (blue) 70->113 [0.01ms]
[2026-05-22 10:08:37] SCORE Robert (lawn green): Final=711.0, Time=95.0, Moves(17)=0.0, Pins(3)=300.0, Dist=316.0, Win Bonus=0.0
[2026-05-22 10:08:37] SCORE Gruppe 1 (gray0): Final=800.7, Time=94.7, Moves(15)=0.0, Pins(4)=400.0, Dist=306.0, Win Bonus=0.0
[2026-05-22 10:08:37] SCORE StockWish (red): Final=570.4, Time=96.4, Moves(16)=0.0, Pins(2)=200.0, Dist=274.0, Win Bonus=0.0
[2026-05-22 10:08:37] SCORE Deepseekers (blue): Final=687.8, Time=89.8, Moves(17)=0.0, Pins(3)=300.0, Dist=298.0, Win Bonus=0.0
[2026-05-22 10:08:37] SCORE Gruppe 67 (yellow): Final=370.2, Time=92.2, Moves(9)=0.0, Pins(0)=0.0, Dist=278.0, Win Bonus=0.0
[2026-05-22 10:08:37] ALL WRONG MOVES BY COLOUR: {'gray0': ['4 (turn timeout)'], 'yellow': ['7 (turn timeout)', '12 (turn timeout)', '22 (turn timeout)', '32 (turn timeout)', '42 (turn timeout)', '52 (turn timeout)', '67 (turn timeout)', '82 (turn timeout)']}
[2026-05-22 10:08:37] MOVE 84: Gruppe 1 (gray0) 71->32 [0.01ms]
[2026-05-22 10:08:37] SCORE Robert (lawn green): Final=711.0, Time=95.0, Moves(17)=0.0, Pins(3)=300.0, Dist=316.0, Win Bonus=0.0
[2026-05-22 10:08:37] SCORE Gruppe 1 (gray0): Final=908.5, Time=94.5, Moves(16)=0.0, Pins(5)=500.0, Dist=314.0, Win Bonus=0.0
[2026-05-22 10:08:37] SCORE StockWish (red): Final=570.4, Time=96.4, Moves(16)=0.0, Pins(2)=200.0, Dist=274.0, Win Bonus=0.0
[2026-05-22 10:08:37] SCORE Deepseekers (blue): Final=687.8, Time=89.8, Moves(17)=0.0, Pins(3)=300.0, Dist=298.0, Win Bonus=0.0
[2026-05-22 10:08:37] SCORE Gruppe 67 (yellow): Final=370.2, Time=92.2, Moves(9)=0.0, Pins(0)=0.0, Dist=278.0, Win Bonus=0.0
[2026-05-22 10:08:37] ALL WRONG MOVES BY COLOUR: {'gray0': ['4 (turn timeout)'], 'yellow': ['7 (turn timeout)', '12 (turn timeout)', '22 (turn timeout)', '32 (turn timeout)', '42 (turn timeout)', '52 (turn timeout)', '67 (turn timeout)', '82 (turn timeout)']}
[2026-05-22 10:08:37] MOVE 85: StockWish (red) 104->5 [0.00ms]
[2026-05-22 10:08:37] SCORE Robert (lawn green): Final=711.0, Time=95.0, Moves(17)=0.0, Pins(3)=300.0, Dist=316.0, Win Bonus=0.0
[2026-05-22 10:08:37] SCORE Gruppe 1 (gray0): Final=908.5, Time=94.5, Moves(16)=0.0, Pins(5)=500.0, Dist=314.0, Win Bonus=0.0
[2026-05-22 10:08:37] SCORE StockWish (red): Final=688.3, Time=96.3, Moves(17)=0.0, Pins(3)=300.0, Dist=292.0, Win Bonus=0.0
[2026-05-22 10:08:37] SCORE Deepseekers (blue): Final=687.8, Time=89.8, Moves(17)=0.0, Pins(3)=300.0, Dist=298.0, Win Bonus=0.0
[2026-05-22 10:08:37] SCORE Gruppe 67 (yellow): Final=370.2, Time=92.2, Moves(9)=0.0, Pins(0)=0.0, Dist=278.0, Win Bonus=0.0
[2026-05-22 10:08:37] ALL WRONG MOVES BY COLOUR: {'gray0': ['4 (turn timeout)'], 'yellow': ['7 (turn timeout)', '12 (turn timeout)', '22 (turn timeout)', '32 (turn timeout)', '42 (turn timeout)', '52 (turn timeout)', '67 (turn timeout)', '82 (turn timeout)']}
[2026-05-22 10:08:37] MOVE 86: Robert (lawn green) 43->100 [0.01ms]
[2026-05-22 10:08:37] SCORE Robert (lawn green): Final=828.6, Time=94.6, Moves(18)=0.0, Pins(4)=400.0, Dist=334.0, Win Bonus=0.0
[2026-05-22 10:08:37] SCORE Gruppe 1 (gray0): Final=908.5, Time=94.5, Moves(16)=0.0, Pins(5)=500.0, Dist=314.0, Win Bonus=0.0
[2026-05-22 10:08:37] SCORE StockWish (red): Final=688.3, Time=96.3, Moves(17)=0.0, Pins(3)=300.0, Dist=292.0, Win Bonus=0.0
[2026-05-22 10:08:37] SCORE Deepseekers (blue): Final=687.8, Time=89.8, Moves(17)=0.0, Pins(3)=300.0, Dist=298.0, Win Bonus=0.0
[2026-05-22 10:08:37] SCORE Gruppe 67 (yellow): Final=370.2, Time=92.2, Moves(9)=0.0, Pins(0)=0.0, Dist=278.0, Win Bonus=0.0
[2026-05-22 10:08:37] ALL WRONG MOVES BY COLOUR: {'gray0': ['4 (turn timeout)'], 'yellow': ['7 (turn timeout)', '12 (turn timeout)', '22 (turn timeout)', '32 (turn timeout)', '42 (turn timeout)', '52 (turn timeout)', '67 (turn timeout)', '82 (turn timeout)']}
[2026-05-22 10:08:38] MOVE 87: Gruppe 67 (yellow) 68->93 [0.01ms]
[2026-05-22 10:08:38] SCORE Robert (lawn green): Final=828.6, Time=94.6, Moves(18)=0.0, Pins(4)=400.0, Dist=334.0, Win Bonus=0.0
[2026-05-22 10:08:38] SCORE Gruppe 1 (gray0): Final=908.5, Time=94.5, Moves(16)=0.0, Pins(5)=500.0, Dist=314.0, Win Bonus=0.0
[2026-05-22 10:08:38] SCORE StockWish (red): Final=688.3, Time=96.3, Moves(17)=0.0, Pins(3)=300.0, Dist=292.0, Win Bonus=0.0
[2026-05-22 10:08:38] SCORE Deepseekers (blue): Final=687.8, Time=89.8, Moves(17)=0.0, Pins(3)=300.0, Dist=298.0, Win Bonus=0.0
[2026-05-22 10:08:38] SCORE Gruppe 67 (yellow): Final=377.1, Time=91.1, Moves(10)=0.0, Pins(0)=0.0, Dist=286.0, Win Bonus=0.0
[2026-05-22 10:08:38] ALL WRONG MOVES BY COLOUR: {'gray0': ['4 (turn timeout)'], 'yellow': ['7 (turn timeout)', '12 (turn timeout)', '22 (turn timeout)', '32 (turn timeout)', '42 (turn timeout)', '52 (turn timeout)', '67 (turn timeout)', '82 (turn timeout)']}
[2026-05-22 10:08:39] MOVE 88: Deepseekers (blue) 50->89 [0.01ms]
[2026-05-22 10:08:39] SCORE Robert (lawn green): Final=828.6, Time=94.6, Moves(18)=0.0, Pins(4)=400.0, Dist=334.0, Win Bonus=0.0
[2026-05-22 10:08:39] SCORE Gruppe 1 (gray0): Final=908.5, Time=94.5, Moves(16)=0.0, Pins(5)=500.0, Dist=314.0, Win Bonus=0.0
[2026-05-22 10:08:39] SCORE StockWish (red): Final=688.3, Time=96.3, Moves(17)=0.0, Pins(3)=300.0, Dist=292.0, Win Bonus=0.0
[2026-05-22 10:08:39] SCORE Deepseekers (blue): Final=694.9, Time=88.9, Moves(18)=0.0, Pins(3)=300.0, Dist=306.0, Win Bonus=0.0
[2026-05-22 10:08:39] SCORE Gruppe 67 (yellow): Final=377.1, Time=91.1, Moves(10)=0.0, Pins(0)=0.0, Dist=286.0, Win Bonus=0.0
[2026-05-22 10:08:39] ALL WRONG MOVES BY COLOUR: {'gray0': ['4 (turn timeout)'], 'yellow': ['7 (turn timeout)', '12 (turn timeout)', '22 (turn timeout)', '32 (turn timeout)', '42 (turn timeout)', '52 (turn timeout)', '67 (turn timeout)', '82 (turn timeout)']}
[2026-05-22 10:08:40] MOVE 89: Gruppe 1 (gray0) 101->78 [0.00ms]
[2026-05-22 10:08:40] SCORE Robert (lawn green): Final=828.6, Time=94.6, Moves(18)=0.0, Pins(4)=400.0, Dist=334.0, Win Bonus=0.0
[2026-05-22 10:08:40] SCORE Gruppe 1 (gray0): Final=912.1, Time=94.1, Moves(17)=0.0, Pins(5)=500.0, Dist=318.0, Win Bonus=0.0
[2026-05-22 10:08:40] SCORE StockWish (red): Final=688.3, Time=96.3, Moves(17)=0.0, Pins(3)=300.0, Dist=292.0, Win Bonus=0.0
[2026-05-22 10:08:40] SCORE Deepseekers (blue): Final=694.9, Time=88.9, Moves(18)=0.0, Pins(3)=300.0, Dist=306.0, Win Bonus=0.0
[2026-05-22 10:08:40] SCORE Gruppe 67 (yellow): Final=377.1, Time=91.1, Moves(10)=0.0, Pins(0)=0.0, Dist=286.0, Win Bonus=0.0
[2026-05-22 10:08:40] ALL WRONG MOVES BY COLOUR: {'gray0': ['4 (turn timeout)'], 'yellow': ['7 (turn timeout)', '12 (turn timeout)', '22 (turn timeout)', '32 (turn timeout)', '42 (turn timeout)', '52 (turn timeout)', '67 (turn timeout)', '82 (turn timeout)']}
[2026-05-22 10:08:40] MOVE 90: StockWish (red) 5->4 [0.01ms]
[2026-05-22 10:08:40] SCORE Robert (lawn green): Final=828.6, Time=94.6, Moves(18)=0.0, Pins(4)=400.0, Dist=334.0, Win Bonus=0.0
[2026-05-22 10:08:40] SCORE Gruppe 1 (gray0): Final=912.1, Time=94.1, Moves(17)=0.0, Pins(5)=500.0, Dist=318.0, Win Bonus=0.0
[2026-05-22 10:08:40] SCORE StockWish (red): Final=688.2, Time=96.2, Moves(18)=0.0, Pins(3)=300.0, Dist=292.0, Win Bonus=0.0
[2026-05-22 10:08:40] SCORE Deepseekers (blue): Final=694.9, Time=88.9, Moves(18)=0.0, Pins(3)=300.0, Dist=306.0, Win Bonus=0.0
[2026-05-22 10:08:40] SCORE Gruppe 67 (yellow): Final=377.1, Time=91.1, Moves(10)=0.0, Pins(0)=0.0, Dist=286.0, Win Bonus=0.0
[2026-05-22 10:08:40] ALL WRONG MOVES BY COLOUR: {'gray0': ['4 (turn timeout)'], 'yellow': ['7 (turn timeout)', '12 (turn timeout)', '22 (turn timeout)', '32 (turn timeout)', '42 (turn timeout)', '52 (turn timeout)', '67 (turn timeout)', '82 (turn timeout)']}
[2026-05-22 10:08:40] MOVE 91: Robert (lawn green) 21->20 [0.01ms]
[2026-05-22 10:08:40] SCORE Robert (lawn green): Final=830.3, Time=94.3, Moves(19)=0.0, Pins(4)=400.0, Dist=336.0, Win Bonus=0.0
[2026-05-22 10:08:40] SCORE Gruppe 1 (gray0): Final=912.1, Time=94.1, Moves(17)=0.0, Pins(5)=500.0, Dist=318.0, Win Bonus=0.0
[2026-05-22 10:08:40] SCORE StockWish (red): Final=688.2, Time=96.2, Moves(18)=0.0, Pins(3)=300.0, Dist=292.0, Win Bonus=0.0
[2026-05-22 10:08:40] SCORE Deepseekers (blue): Final=694.9, Time=88.9, Moves(18)=0.0, Pins(3)=300.0, Dist=306.0, Win Bonus=0.0
[2026-05-22 10:08:40] SCORE Gruppe 67 (yellow): Final=377.1, Time=91.1, Moves(10)=0.0, Pins(0)=0.0, Dist=286.0, Win Bonus=0.0
[2026-05-22 10:08:40] ALL WRONG MOVES BY COLOUR: {'gray0': ['4 (turn timeout)'], 'yellow': ['7 (turn timeout)', '12 (turn timeout)', '22 (turn timeout)', '32 (turn timeout)', '42 (turn timeout)', '52 (turn timeout)', '67 (turn timeout)', '82 (turn timeout)']}
[2026-05-22 10:08:42] SCORE Robert (lawn green): Final=830.3, Time=94.3, Moves(19)=0.0, Pins(4)=400.0, Dist=336.0, Win Bonus=0.0
[2026-05-22 10:08:42] SCORE Gruppe 1 (gray0): Final=912.1, Time=94.1, Moves(17)=0.0, Pins(5)=500.0, Dist=318.0, Win Bonus=0.0
[2026-05-22 10:08:42] SCORE StockWish (red): Final=688.2, Time=96.2, Moves(18)=0.0, Pins(3)=300.0, Dist=292.0, Win Bonus=0.0
[2026-05-22 10:08:42] SCORE Deepseekers (blue): Final=694.9, Time=88.9, Moves(18)=0.0, Pins(3)=300.0, Dist=306.0, Win Bonus=0.0
[2026-05-22 10:08:42] SCORE Gruppe 67 (yellow): Final=377.1, Time=91.1, Moves(10)=0.0, Pins(0)=0.0, Dist=286.0, Win Bonus=0.0
[2026-05-22 10:08:42] ALL WRONG MOVES BY COLOUR: {'gray0': ['4 (turn timeout)'], 'yellow': ['7 (turn timeout)', '12 (turn timeout)', '22 (turn timeout)', '32 (turn timeout)', '42 (turn timeout)', '52 (turn timeout)', '67 (turn timeout)', '82 (turn timeout)', '92 (turn timeout)']}
[2026-05-22 10:08:42] TURN TIMEOUT: Player with colour yellow exceeded 2s at move 92. Turn skipped.
[2026-05-22 10:08:43] MOVE 93: Deepseekers (blue) 1->8 [0.00ms]
[2026-05-22 10:08:43] SCORE Robert (lawn green): Final=830.3, Time=94.3, Moves(19)=0.0, Pins(4)=400.0, Dist=336.0, Win Bonus=0.0
[2026-05-22 10:08:43] SCORE Gruppe 1 (gray0): Final=912.1, Time=94.1, Moves(17)=0.0, Pins(5)=500.0, Dist=318.0, Win Bonus=0.0
[2026-05-22 10:08:43] SCORE StockWish (red): Final=688.2, Time=96.2, Moves(18)=0.0, Pins(3)=300.0, Dist=292.0, Win Bonus=0.0
[2026-05-22 10:08:43] SCORE Deepseekers (blue): Final=698.2, Time=88.2, Moves(19)=0.0, Pins(3)=300.0, Dist=310.0, Win Bonus=0.0
[2026-05-22 10:08:43] SCORE Gruppe 67 (yellow): Final=377.1, Time=91.1, Moves(10)=0.0, Pins(0)=0.0, Dist=286.0, Win Bonus=0.0
[2026-05-22 10:08:43] ALL WRONG MOVES BY COLOUR: {'gray0': ['4 (turn timeout)'], 'yellow': ['7 (turn timeout)', '12 (turn timeout)', '22 (turn timeout)', '32 (turn timeout)', '42 (turn timeout)', '52 (turn timeout)', '67 (turn timeout)', '82 (turn timeout)', '92 (turn timeout)']}
[2026-05-22 10:08:43] MOVE 94: Gruppe 1 (gray0) 99->101 [0.01ms]
[2026-05-22 10:08:43] SCORE Robert (lawn green): Final=830.3, Time=94.3, Moves(19)=0.0, Pins(4)=400.0, Dist=336.0, Win Bonus=0.0
[2026-05-22 10:08:43] SCORE Gruppe 1 (gray0): Final=915.9, Time=93.9, Moves(18)=0.0, Pins(5)=500.0, Dist=322.0, Win Bonus=0.0
[2026-05-22 10:08:43] SCORE StockWish (red): Final=688.2, Time=96.2, Moves(18)=0.0, Pins(3)=300.0, Dist=292.0, Win Bonus=0.0
[2026-05-22 10:08:43] SCORE Deepseekers (blue): Final=698.2, Time=88.2, Moves(19)=0.0, Pins(3)=300.0, Dist=310.0, Win Bonus=0.0
[2026-05-22 10:08:43] SCORE Gruppe 67 (yellow): Final=377.1, Time=91.1, Moves(10)=0.0, Pins(0)=0.0, Dist=286.0, Win Bonus=0.0
[2026-05-22 10:08:43] ALL WRONG MOVES BY COLOUR: {'gray0': ['4 (turn timeout)'], 'yellow': ['7 (turn timeout)', '12 (turn timeout)', '22 (turn timeout)', '32 (turn timeout)', '42 (turn timeout)', '52 (turn timeout)', '67 (turn timeout)', '82 (turn timeout)', '92 (turn timeout)']}
[2026-05-22 10:08:43] MOVE 95: StockWish (red) 120->118 [0.00ms]
[2026-05-22 10:08:43] SCORE Robert (lawn green): Final=830.3, Time=94.3, Moves(19)=0.0, Pins(4)=400.0, Dist=336.0, Win Bonus=0.0
[2026-05-22 10:08:43] SCORE Gruppe 1 (gray0): Final=915.9, Time=93.9, Moves(18)=0.0, Pins(5)=500.0, Dist=322.0, Win Bonus=0.0
[2026-05-22 10:08:43] SCORE StockWish (red): Final=690.1, Time=96.1, Moves(19)=0.0, Pins(3)=300.0, Dist=294.0, Win Bonus=0.0
[2026-05-22 10:08:43] SCORE Deepseekers (blue): Final=698.2, Time=88.2, Moves(19)=0.0, Pins(3)=300.0, Dist=310.0, Win Bonus=0.0
[2026-05-22 10:08:43] SCORE Gruppe 67 (yellow): Final=377.1, Time=91.1, Moves(10)=0.0, Pins(0)=0.0, Dist=286.0, Win Bonus=0.0
[2026-05-22 10:08:43] ALL WRONG MOVES BY COLOUR: {'gray0': ['4 (turn timeout)'], 'yellow': ['7 (turn timeout)', '12 (turn timeout)', '22 (turn timeout)', '32 (turn timeout)', '42 (turn timeout)', '52 (turn timeout)', '67 (turn timeout)', '82 (turn timeout)', '92 (turn timeout)']}
[2026-05-22 10:08:43] MOVE 96: Robert (lawn green) 20->56 [0.00ms]
[2026-05-22 10:08:43] SCORE Robert (lawn green): Final=850.1, Time=94.1, Moves(20)=0.0, Pins(4)=400.0, Dist=356.0, Win Bonus=0.0
[2026-05-22 10:08:43] SCORE Gruppe 1 (gray0): Final=915.9, Time=93.9, Moves(18)=0.0, Pins(5)=500.0, Dist=322.0, Win Bonus=0.0
[2026-05-22 10:08:43] SCORE StockWish (red): Final=690.1, Time=96.1, Moves(19)=0.0, Pins(3)=300.0, Dist=294.0, Win Bonus=0.0
[2026-05-22 10:08:43] SCORE Deepseekers (blue): Final=698.2, Time=88.2, Moves(19)=0.0, Pins(3)=300.0, Dist=310.0, Win Bonus=0.0
[2026-05-22 10:08:43] SCORE Gruppe 67 (yellow): Final=377.1, Time=91.1, Moves(10)=0.0, Pins(0)=0.0, Dist=286.0, Win Bonus=0.0
[2026-05-22 10:08:43] ALL WRONG MOVES BY COLOUR: {'gray0': ['4 (turn timeout)'], 'yellow': ['7 (turn timeout)', '12 (turn timeout)', '22 (turn timeout)', '32 (turn timeout)', '42 (turn timeout)', '52 (turn timeout)', '67 (turn timeout)', '82 (turn timeout)', '92 (turn timeout)']}
[2026-05-22 10:08:44] MOVE 97: Gruppe 67 (yellow) 54->74 [0.00ms]
[2026-05-22 10:08:44] SCORE Robert (lawn green): Final=850.1, Time=94.1, Moves(20)=0.0, Pins(4)=400.0, Dist=356.0, Win Bonus=0.0
[2026-05-22 10:08:44] SCORE Gruppe 1 (gray0): Final=915.9, Time=93.9, Moves(18)=0.0, Pins(5)=500.0, Dist=322.0, Win Bonus=0.0
[2026-05-22 10:08:44] SCORE StockWish (red): Final=690.1, Time=96.1, Moves(19)=0.0, Pins(3)=300.0, Dist=294.0, Win Bonus=0.0
[2026-05-22 10:08:44] SCORE Deepseekers (blue): Final=698.2, Time=88.2, Moves(19)=0.0, Pins(3)=300.0, Dist=310.0, Win Bonus=0.0
[2026-05-22 10:08:44] SCORE Gruppe 67 (yellow): Final=480.1, Time=90.1, Moves(11)=0.0, Pins(1)=100.0, Dist=290.0, Win Bonus=0.0
[2026-05-22 10:08:44] ALL WRONG MOVES BY COLOUR: {'gray0': ['4 (turn timeout)'], 'yellow': ['7 (turn timeout)', '12 (turn timeout)', '22 (turn timeout)', '32 (turn timeout)', '42 (turn timeout)', '52 (turn timeout)', '67 (turn timeout)', '82 (turn timeout)', '92 (turn timeout)']}
[2026-05-22 10:08:45] MOVE 98: Deepseekers (blue) 8->16 [0.00ms]
[2026-05-22 10:08:45] SCORE Robert (lawn green): Final=850.1, Time=94.1, Moves(20)=0.0, Pins(4)=400.0, Dist=356.0, Win Bonus=0.0
[2026-05-22 10:08:45] SCORE Gruppe 1 (gray0): Final=915.9, Time=93.9, Moves(18)=0.0, Pins(5)=500.0, Dist=322.0, Win Bonus=0.0
[2026-05-22 10:08:45] SCORE StockWish (red): Final=690.1, Time=96.1, Moves(19)=0.0, Pins(3)=300.0, Dist=294.0, Win Bonus=0.0
[2026-05-22 10:08:45] SCORE Deepseekers (blue): Final=699.4, Time=87.4, Moves(20)=0.0, Pins(3)=300.0, Dist=312.0, Win Bonus=0.0
[2026-05-22 10:08:45] SCORE Gruppe 67 (yellow): Final=480.1, Time=90.1, Moves(11)=0.0, Pins(1)=100.0, Dist=290.0, Win Bonus=0.0
[2026-05-22 10:08:45] ALL WRONG MOVES BY COLOUR: {'gray0': ['4 (turn timeout)'], 'yellow': ['7 (turn timeout)', '12 (turn timeout)', '22 (turn timeout)', '32 (turn timeout)', '42 (turn timeout)', '52 (turn timeout)', '67 (turn timeout)', '82 (turn timeout)', '92 (turn timeout)']}
[2026-05-22 10:08:46] MOVE 99: Gruppe 1 (gray0) 64->20 [0.01ms]
[2026-05-22 10:08:46] SCORE Robert (lawn green): Final=850.1, Time=94.1, Moves(20)=0.0, Pins(4)=400.0, Dist=356.0, Win Bonus=0.0
[2026-05-22 10:08:46] SCORE Gruppe 1 (gray0): Final=1017.3, Time=93.3, Moves(19)=0.0, Pins(6)=600.0, Dist=324.0, Win Bonus=0.0
[2026-05-22 10:08:46] SCORE StockWish (red): Final=690.1, Time=96.1, Moves(19)=0.0, Pins(3)=300.0, Dist=294.0, Win Bonus=0.0
[2026-05-22 10:08:46] SCORE Deepseekers (blue): Final=699.4, Time=87.4, Moves(20)=0.0, Pins(3)=300.0, Dist=312.0, Win Bonus=0.0
[2026-05-22 10:08:46] SCORE Gruppe 67 (yellow): Final=480.1, Time=90.1, Moves(11)=0.0, Pins(1)=100.0, Dist=290.0, Win Bonus=0.0
[2026-05-22 10:08:46] ALL WRONG MOVES BY COLOUR: {'gray0': ['4 (turn timeout)'], 'yellow': ['7 (turn timeout)', '12 (turn timeout)', '22 (turn timeout)', '32 (turn timeout)', '42 (turn timeout)', '52 (turn timeout)', '67 (turn timeout)', '82 (turn timeout)', '92 (turn timeout)']}
[2026-05-22 10:08:46] MOVE 100: StockWish (red) 116->112 [0.00ms]
[2026-05-22 10:08:46] SCORE Robert (lawn green): Final=850.1, Time=94.1, Moves(20)=0.0, Pins(4)=400.0, Dist=356.0, Win Bonus=0.0
[2026-05-22 10:08:46] SCORE Gruppe 1 (gray0): Final=1017.3, Time=93.3, Moves(19)=0.0, Pins(6)=600.0, Dist=324.0, Win Bonus=0.0
[2026-05-22 10:08:46] SCORE StockWish (red): Final=692.0, Time=96.0, Moves(20)=0.0, Pins(3)=300.0, Dist=296.0, Win Bonus=0.0
[2026-05-22 10:08:46] SCORE Deepseekers (blue): Final=699.4, Time=87.4, Moves(20)=0.0, Pins(3)=300.0, Dist=312.0, Win Bonus=0.0
[2026-05-22 10:08:46] SCORE Gruppe 67 (yellow): Final=480.1, Time=90.1, Moves(11)=0.0, Pins(1)=100.0, Dist=290.0, Win Bonus=0.0
[2026-05-22 10:08:46] ALL WRONG MOVES BY COLOUR: {'gray0': ['4 (turn timeout)'], 'yellow': ['7 (turn timeout)', '12 (turn timeout)', '22 (turn timeout)', '32 (turn timeout)', '42 (turn timeout)', '52 (turn timeout)', '67 (turn timeout)', '82 (turn timeout)', '92 (turn timeout)']}
[2026-05-22 10:08:46] MOVE 101: Robert (lawn green) 53->52 [0.00ms]
[2026-05-22 10:08:46] SCORE Robert (lawn green): Final=851.7, Time=93.7, Moves(21)=0.0, Pins(4)=400.0, Dist=358.0, Win Bonus=0.0
[2026-05-22 10:08:46] SCORE Gruppe 1 (gray0): Final=1017.3, Time=93.3, Moves(19)=0.0, Pins(6)=600.0, Dist=324.0, Win Bonus=0.0
[2026-05-22 10:08:46] SCORE StockWish (red): Final=692.0, Time=96.0, Moves(20)=0.0, Pins(3)=300.0, Dist=296.0, Win Bonus=0.0
[2026-05-22 10:08:46] SCORE Deepseekers (blue): Final=699.4, Time=87.4, Moves(20)=0.0, Pins(3)=300.0, Dist=312.0, Win Bonus=0.0
[2026-05-22 10:08:46] SCORE Gruppe 67 (yellow): Final=480.1, Time=90.1, Moves(11)=0.0, Pins(1)=100.0, Dist=290.0, Win Bonus=0.0
[2026-05-22 10:08:46] ALL WRONG MOVES BY COLOUR: {'gray0': ['4 (turn timeout)'], 'yellow': ['7 (turn timeout)', '12 (turn timeout)', '22 (turn timeout)', '32 (turn timeout)', '42 (turn timeout)', '52 (turn timeout)', '67 (turn timeout)', '82 (turn timeout)', '92 (turn timeout)']}
[2026-05-22 10:08:48] SCORE Robert (lawn green): Final=851.7, Time=93.7, Moves(21)=0.0, Pins(4)=400.0, Dist=358.0, Win Bonus=0.0
[2026-05-22 10:08:48] SCORE Gruppe 1 (gray0): Final=1017.3, Time=93.3, Moves(19)=0.0, Pins(6)=600.0, Dist=324.0, Win Bonus=0.0
[2026-05-22 10:08:48] SCORE StockWish (red): Final=692.0, Time=96.0, Moves(20)=0.0, Pins(3)=300.0, Dist=296.0, Win Bonus=0.0
[2026-05-22 10:08:48] SCORE Deepseekers (blue): Final=699.4, Time=87.4, Moves(20)=0.0, Pins(3)=300.0, Dist=312.0, Win Bonus=0.0
[2026-05-22 10:08:48] SCORE Gruppe 67 (yellow): Final=480.1, Time=90.1, Moves(11)=0.0, Pins(1)=100.0, Dist=290.0, Win Bonus=0.0
[2026-05-22 10:08:48] ALL WRONG MOVES BY COLOUR: {'gray0': ['4 (turn timeout)'], 'yellow': ['7 (turn timeout)', '12 (turn timeout)', '22 (turn timeout)', '32 (turn timeout)', '42 (turn timeout)', '52 (turn timeout)', '67 (turn timeout)', '82 (turn timeout)', '92 (turn timeout)', '102 (turn timeout)']}
[2026-05-22 10:08:48] TURN TIMEOUT: Player with colour yellow exceeded 2s at move 102. Turn skipped.
[2026-05-22 10:08:49] MOVE 103: Deepseekers (blue) 2->29 [0.01ms]
[2026-05-22 10:08:49] SCORE Robert (lawn green): Final=851.7, Time=93.7, Moves(21)=0.0, Pins(4)=400.0, Dist=358.0, Win Bonus=0.0
[2026-05-22 10:08:49] SCORE Gruppe 1 (gray0): Final=1017.3, Time=93.3, Moves(19)=0.0, Pins(6)=600.0, Dist=324.0, Win Bonus=0.0
[2026-05-22 10:08:49] SCORE StockWish (red): Final=692.0, Time=96.0, Moves(20)=0.0, Pins(3)=300.0, Dist=296.0, Win Bonus=0.0
[2026-05-22 10:08:49] SCORE Deepseekers (blue): Final=706.7, Time=86.7, Moves(21)=0.0, Pins(3)=300.0, Dist=320.0, Win Bonus=0.0
[2026-05-22 10:08:49] SCORE Gruppe 67 (yellow): Final=480.1, Time=90.1, Moves(11)=0.0, Pins(1)=100.0, Dist=290.0, Win Bonus=0.0
[2026-05-22 10:08:49] ALL WRONG MOVES BY COLOUR: {'gray0': ['4 (turn timeout)'], 'yellow': ['7 (turn timeout)', '12 (turn timeout)', '22 (turn timeout)', '32 (turn timeout)', '42 (turn timeout)', '52 (turn timeout)', '67 (turn timeout)', '82 (turn timeout)', '92 (turn timeout)', '102 (turn timeout)']}
[2026-05-22 10:08:49] MOVE 104: Gruppe 1 (gray0) 78->84 [0.01ms]
[2026-05-22 10:08:49] SCORE Robert (lawn green): Final=851.7, Time=93.7, Moves(21)=0.0, Pins(4)=400.0, Dist=358.0, Win Bonus=0.0
[2026-05-22 10:08:49] SCORE Gruppe 1 (gray0): Final=1027.1, Time=93.1, Moves(20)=0.0, Pins(6)=600.0, Dist=334.0, Win Bonus=0.0
[2026-05-22 10:08:49] SCORE StockWish (red): Final=692.0, Time=96.0, Moves(20)=0.0, Pins(3)=300.0, Dist=296.0, Win Bonus=0.0
[2026-05-22 10:08:49] SCORE Deepseekers (blue): Final=706.7, Time=86.7, Moves(21)=0.0, Pins(3)=300.0, Dist=320.0, Win Bonus=0.0
[2026-05-22 10:08:49] SCORE Gruppe 67 (yellow): Final=480.1, Time=90.1, Moves(11)=0.0, Pins(1)=100.0, Dist=290.0, Win Bonus=0.0
[2026-05-22 10:08:49] ALL WRONG MOVES BY COLOUR: {'gray0': ['4 (turn timeout)'], 'yellow': ['7 (turn timeout)', '12 (turn timeout)', '22 (turn timeout)', '32 (turn timeout)', '42 (turn timeout)', '52 (turn timeout)', '67 (turn timeout)', '82 (turn timeout)', '92 (turn timeout)', '102 (turn timeout)']}
[2026-05-22 10:08:49] MOVE 105: StockWish (red) 4->2 [0.00ms]
[2026-05-22 10:08:49] SCORE Robert (lawn green): Final=851.7, Time=93.7, Moves(21)=0.0, Pins(4)=400.0, Dist=358.0, Win Bonus=0.0
[2026-05-22 10:08:49] SCORE Gruppe 1 (gray0): Final=1027.1, Time=93.1, Moves(20)=0.0, Pins(6)=600.0, Dist=334.0, Win Bonus=0.0
[2026-05-22 10:08:49] SCORE StockWish (red): Final=691.9, Time=95.9, Moves(21)=0.0, Pins(3)=300.0, Dist=296.0, Win Bonus=0.0
[2026-05-22 10:08:49] SCORE Deepseekers (blue): Final=706.7, Time=86.7, Moves(21)=0.0, Pins(3)=300.0, Dist=320.0, Win Bonus=0.0
[2026-05-22 10:08:49] SCORE Gruppe 67 (yellow): Final=480.1, Time=90.1, Moves(11)=0.0, Pins(1)=100.0, Dist=290.0, Win Bonus=0.0
[2026-05-22 10:08:49] ALL WRONG MOVES BY COLOUR: {'gray0': ['4 (turn timeout)'], 'yellow': ['7 (turn timeout)', '12 (turn timeout)', '22 (turn timeout)', '32 (turn timeout)', '42 (turn timeout)', '52 (turn timeout)', '67 (turn timeout)', '82 (turn timeout)', '92 (turn timeout)', '102 (turn timeout)']}
[2026-05-22 10:08:50] MOVE 106: Robert (lawn green) 52->66 [0.01ms]
[2026-05-22 10:08:50] SCORE Robert (lawn green): Final=863.4, Time=93.4, Moves(22)=0.0, Pins(4)=400.0, Dist=370.0, Win Bonus=0.0
[2026-05-22 10:08:50] SCORE Gruppe 1 (gray0): Final=1027.1, Time=93.1, Moves(20)=0.0, Pins(6)=600.0, Dist=334.0, Win Bonus=0.0
[2026-05-22 10:08:50] SCORE StockWish (red): Final=691.9, Time=95.9, Moves(21)=0.0, Pins(3)=300.0, Dist=296.0, Win Bonus=0.0
[2026-05-22 10:08:50] SCORE Deepseekers (blue): Final=706.7, Time=86.7, Moves(21)=0.0, Pins(3)=300.0, Dist=320.0, Win Bonus=0.0
[2026-05-22 10:08:50] SCORE Gruppe 67 (yellow): Final=480.1, Time=90.1, Moves(11)=0.0, Pins(1)=100.0, Dist=290.0, Win Bonus=0.0
[2026-05-22 10:08:50] ALL WRONG MOVES BY COLOUR: {'gray0': ['4 (turn timeout)'], 'yellow': ['7 (turn timeout)', '12 (turn timeout)', '22 (turn timeout)', '32 (turn timeout)', '42 (turn timeout)', '52 (turn timeout)', '67 (turn timeout)', '82 (turn timeout)', '92 (turn timeout)', '102 (turn timeout)']}
[2026-05-22 10:08:52] SCORE Robert (lawn green): Final=863.4, Time=93.4, Moves(22)=0.0, Pins(4)=400.0, Dist=370.0, Win Bonus=0.0
[2026-05-22 10:08:52] SCORE Gruppe 1 (gray0): Final=1027.1, Time=93.1, Moves(20)=0.0, Pins(6)=600.0, Dist=334.0, Win Bonus=0.0
[2026-05-22 10:08:52] SCORE StockWish (red): Final=691.9, Time=95.9, Moves(21)=0.0, Pins(3)=300.0, Dist=296.0, Win Bonus=0.0
[2026-05-22 10:08:52] SCORE Deepseekers (blue): Final=706.7, Time=86.7, Moves(21)=0.0, Pins(3)=300.0, Dist=320.0, Win Bonus=0.0
[2026-05-22 10:08:52] SCORE Gruppe 67 (yellow): Final=480.1, Time=90.1, Moves(11)=0.0, Pins(1)=100.0, Dist=290.0, Win Bonus=0.0
[2026-05-22 10:08:52] ALL WRONG MOVES BY COLOUR: {'gray0': ['4 (turn timeout)'], 'yellow': ['7 (turn timeout)', '12 (turn timeout)', '22 (turn timeout)', '32 (turn timeout)', '42 (turn timeout)', '52 (turn timeout)', '67 (turn timeout)', '82 (turn timeout)', '92 (turn timeout)', '102 (turn timeout)', '107 (illegal move)', '108 (turn timeout)']}
[2026-05-22 10:08:52] TURN TIMEOUT: Player with colour yellow exceeded 2s at move 108. Turn skipped.
[2026-05-22 10:08:52] MOVE 109: Deepseekers (blue) 16->64 [0.00ms]
[2026-05-22 10:08:52] SCORE Robert (lawn green): Final=863.4, Time=93.4, Moves(22)=0.0, Pins(4)=400.0, Dist=370.0, Win Bonus=0.0
[2026-05-22 10:08:52] SCORE Gruppe 1 (gray0): Final=1027.1, Time=93.1, Moves(20)=0.0, Pins(6)=600.0, Dist=334.0, Win Bonus=0.0
[2026-05-22 10:08:52] SCORE StockWish (red): Final=691.9, Time=95.9, Moves(21)=0.0, Pins(3)=300.0, Dist=296.0, Win Bonus=0.0
[2026-05-22 10:08:52] SCORE Deepseekers (blue): Final=714.1, Time=86.1, Moves(22)=0.0, Pins(3)=300.0, Dist=328.0, Win Bonus=0.0
[2026-05-22 10:08:52] SCORE Gruppe 67 (yellow): Final=480.1, Time=90.1, Moves(11)=0.0, Pins(1)=100.0, Dist=290.0, Win Bonus=0.0
[2026-05-22 10:08:52] ALL WRONG MOVES BY COLOUR: {'gray0': ['4 (turn timeout)'], 'yellow': ['7 (turn timeout)', '12 (turn timeout)', '22 (turn timeout)', '32 (turn timeout)', '42 (turn timeout)', '52 (turn timeout)', '67 (turn timeout)', '82 (turn timeout)', '92 (turn timeout)', '102 (turn timeout)', '107 (illegal move)', '108 (turn timeout)']}
[2026-05-22 10:08:53] MOVE 110: Gruppe 1 (gray0) 101->82 [0.00ms]
[2026-05-22 10:08:53] SCORE Robert (lawn green): Final=863.4, Time=93.4, Moves(22)=0.0, Pins(4)=400.0, Dist=370.0, Win Bonus=0.0
[2026-05-22 10:08:53] SCORE Gruppe 1 (gray0): Final=1038.9, Time=92.9, Moves(21)=0.0, Pins(6)=600.0, Dist=346.0, Win Bonus=0.0
[2026-05-22 10:08:53] SCORE StockWish (red): Final=691.9, Time=95.9, Moves(21)=0.0, Pins(3)=300.0, Dist=296.0, Win Bonus=0.0
[2026-05-22 10:08:53] SCORE Deepseekers (blue): Final=714.1, Time=86.1, Moves(22)=0.0, Pins(3)=300.0, Dist=328.0, Win Bonus=0.0
[2026-05-22 10:08:53] SCORE Gruppe 67 (yellow): Final=480.1, Time=90.1, Moves(11)=0.0, Pins(1)=100.0, Dist=290.0, Win Bonus=0.0
[2026-05-22 10:08:53] ALL WRONG MOVES BY COLOUR: {'gray0': ['4 (turn timeout)'], 'yellow': ['7 (turn timeout)', '12 (turn timeout)', '22 (turn timeout)', '32 (turn timeout)', '42 (turn timeout)', '52 (turn timeout)', '67 (turn timeout)', '82 (turn timeout)', '92 (turn timeout)', '102 (turn timeout)', '107 (illegal move)', '108 (turn timeout)']}
[2026-05-22 10:08:53] MOVE 111: StockWish (red) 112->104 [0.00ms]
[2026-05-22 10:08:53] SCORE Robert (lawn green): Final=863.4, Time=93.4, Moves(22)=0.0, Pins(4)=400.0, Dist=370.0, Win Bonus=0.0
[2026-05-22 10:08:53] SCORE Gruppe 1 (gray0): Final=1038.9, Time=92.9, Moves(21)=0.0, Pins(6)=600.0, Dist=346.0, Win Bonus=0.0
[2026-05-22 10:08:53] SCORE StockWish (red): Final=693.8, Time=95.8, Moves(22)=0.0, Pins(3)=300.0, Dist=298.0, Win Bonus=0.0
[2026-05-22 10:08:53] SCORE Deepseekers (blue): Final=714.1, Time=86.1, Moves(22)=0.0, Pins(3)=300.0, Dist=328.0, Win Bonus=0.0
[2026-05-22 10:08:53] SCORE Gruppe 67 (yellow): Final=480.1, Time=90.1, Moves(11)=0.0, Pins(1)=100.0, Dist=290.0, Win Bonus=0.0
[2026-05-22 10:08:53] ALL WRONG MOVES BY COLOUR: {'gray0': ['4 (turn timeout)'], 'yellow': ['7 (turn timeout)', '12 (turn timeout)', '22 (turn timeout)', '32 (turn timeout)', '42 (turn timeout)', '52 (turn timeout)', '67 (turn timeout)', '82 (turn timeout)', '92 (turn timeout)', '102 (turn timeout)', '107 (illegal move)', '108 (turn timeout)']}
[2026-05-22 10:08:53] MOVE 112: Robert (lawn green) 90->88 [0.00ms]
[2026-05-22 10:08:53] SCORE Robert (lawn green): Final=967.2, Time=93.2, Moves(23)=0.0, Pins(5)=500.0, Dist=374.0, Win Bonus=0.0
[2026-05-22 10:08:53] SCORE Gruppe 1 (gray0): Final=1038.9, Time=92.9, Moves(21)=0.0, Pins(6)=600.0, Dist=346.0, Win Bonus=0.0
[2026-05-22 10:08:53] SCORE StockWish (red): Final=693.8, Time=95.8, Moves(22)=0.0, Pins(3)=300.0, Dist=298.0, Win Bonus=0.0
[2026-05-22 10:08:53] SCORE Deepseekers (blue): Final=714.1, Time=86.1, Moves(22)=0.0, Pins(3)=300.0, Dist=328.0, Win Bonus=0.0
[2026-05-22 10:08:53] SCORE Gruppe 67 (yellow): Final=480.1, Time=90.1, Moves(11)=0.0, Pins(1)=100.0, Dist=290.0, Win Bonus=0.0
[2026-05-22 10:08:53] ALL WRONG MOVES BY COLOUR: {'gray0': ['4 (turn timeout)'], 'yellow': ['7 (turn timeout)', '12 (turn timeout)', '22 (turn timeout)', '32 (turn timeout)', '42 (turn timeout)', '52 (turn timeout)', '67 (turn timeout)', '82 (turn timeout)', '92 (turn timeout)', '102 (turn timeout)', '107 (illegal move)', '108 (turn timeout)']}
[2026-05-22 10:08:54] MOVE 113: Gruppe 67 (yellow) 83->85 [0.00ms]
[2026-05-22 10:08:54] SCORE Robert (lawn green): Final=967.2, Time=93.2, Moves(23)=0.0, Pins(5)=500.0, Dist=374.0, Win Bonus=0.0
[2026-05-22 10:08:54] SCORE Gruppe 1 (gray0): Final=1038.9, Time=92.9, Moves(21)=0.0, Pins(6)=600.0, Dist=346.0, Win Bonus=0.0
[2026-05-22 10:08:54] SCORE StockWish (red): Final=693.8, Time=95.8, Moves(22)=0.0, Pins(3)=300.0, Dist=298.0, Win Bonus=0.0
[2026-05-22 10:08:54] SCORE Deepseekers (blue): Final=714.1, Time=86.1, Moves(22)=0.0, Pins(3)=300.0, Dist=328.0, Win Bonus=0.0
[2026-05-22 10:08:54] SCORE Gruppe 67 (yellow): Final=581.3, Time=89.3, Moves(12)=0.0, Pins(2)=200.0, Dist=292.0, Win Bonus=0.0
[2026-05-22 10:08:54] ALL WRONG MOVES BY COLOUR: {'gray0': ['4 (turn timeout)'], 'yellow': ['7 (turn timeout)', '12 (turn timeout)', '22 (turn timeout)', '32 (turn timeout)', '42 (turn timeout)', '52 (turn timeout)', '67 (turn timeout)', '82 (turn timeout)', '92 (turn timeout)', '102 (turn timeout)', '107 (illegal move)', '108 (turn timeout)']}
[2026-05-22 10:08:54] MOVE 114: Deepseekers (blue) 30->94 [0.00ms]
[2026-05-22 10:08:54] SCORE Robert (lawn green): Final=967.2, Time=93.2, Moves(23)=0.0, Pins(5)=500.0, Dist=374.0, Win Bonus=0.0
[2026-05-22 10:08:54] SCORE Gruppe 1 (gray0): Final=1038.9, Time=92.9, Moves(21)=0.0, Pins(6)=600.0, Dist=346.0, Win Bonus=0.0
[2026-05-22 10:08:54] SCORE StockWish (red): Final=693.8, Time=95.8, Moves(22)=0.0, Pins(3)=300.0, Dist=298.0, Win Bonus=0.0
[2026-05-22 10:08:54] SCORE Deepseekers (blue): Final=725.5, Time=85.5, Moves(23)=0.0, Pins(3)=300.0, Dist=340.0, Win Bonus=0.0
[2026-05-22 10:08:54] SCORE Gruppe 67 (yellow): Final=581.3, Time=89.3, Moves(12)=0.0, Pins(2)=200.0, Dist=292.0, Win Bonus=0.0
[2026-05-22 10:08:54] ALL WRONG MOVES BY COLOUR: {'gray0': ['4 (turn timeout)'], 'yellow': ['7 (turn timeout)', '12 (turn timeout)', '22 (turn timeout)', '32 (turn timeout)', '42 (turn timeout)', '52 (turn timeout)', '67 (turn timeout)', '82 (turn timeout)', '92 (turn timeout)', '102 (turn timeout)', '107 (illegal move)', '108 (turn timeout)']}
[2026-05-22 10:08:55] MOVE 115: Gruppe 1 (gray0) 86->87 [0.00ms]
[2026-05-22 10:08:55] SCORE Robert (lawn green): Final=967.2, Time=93.2, Moves(23)=0.0, Pins(5)=500.0, Dist=374.0, Win Bonus=0.0
[2026-05-22 10:08:55] SCORE Gruppe 1 (gray0): Final=1040.4, Time=92.4, Moves(22)=0.0, Pins(6)=600.0, Dist=348.0, Win Bonus=0.0
[2026-05-22 10:08:55] SCORE StockWish (red): Final=693.8, Time=95.8, Moves(22)=0.0, Pins(3)=300.0, Dist=298.0, Win Bonus=0.0
[2026-05-22 10:08:55] SCORE Deepseekers (blue): Final=725.5, Time=85.5, Moves(23)=0.0, Pins(3)=300.0, Dist=340.0, Win Bonus=0.0
[2026-05-22 10:08:55] SCORE Gruppe 67 (yellow): Final=581.3, Time=89.3, Moves(12)=0.0, Pins(2)=200.0, Dist=292.0, Win Bonus=0.0
[2026-05-22 10:08:55] ALL WRONG MOVES BY COLOUR: {'gray0': ['4 (turn timeout)'], 'yellow': ['7 (turn timeout)', '12 (turn timeout)', '22 (turn timeout)', '32 (turn timeout)', '42 (turn timeout)', '52 (turn timeout)', '67 (turn timeout)', '82 (turn timeout)', '92 (turn timeout)', '102 (turn timeout)', '107 (illegal move)', '108 (turn timeout)']}
[2026-05-22 10:08:55] MOVE 116: StockWish (red) 104->16 [0.00ms]
[2026-05-22 10:08:55] SCORE Robert (lawn green): Final=967.2, Time=93.2, Moves(23)=0.0, Pins(5)=500.0, Dist=374.0, Win Bonus=0.0
[2026-05-22 10:08:55] SCORE Gruppe 1 (gray0): Final=1040.4, Time=92.4, Moves(22)=0.0, Pins(6)=600.0, Dist=348.0, Win Bonus=0.0
[2026-05-22 10:08:55] SCORE StockWish (red): Final=709.7, Time=95.7, Moves(23)=0.0, Pins(3)=300.0, Dist=314.0, Win Bonus=0.0
[2026-05-22 10:08:55] SCORE Deepseekers (blue): Final=725.5, Time=85.5, Moves(23)=0.0, Pins(3)=300.0, Dist=340.0, Win Bonus=0.0
[2026-05-22 10:08:55] SCORE Gruppe 67 (yellow): Final=581.3, Time=89.3, Moves(12)=0.0, Pins(2)=200.0, Dist=292.0, Win Bonus=0.0
[2026-05-22 10:08:55] ALL WRONG MOVES BY COLOUR: {'gray0': ['4 (turn timeout)'], 'yellow': ['7 (turn timeout)', '12 (turn timeout)', '22 (turn timeout)', '32 (turn timeout)', '42 (turn timeout)', '52 (turn timeout)', '67 (turn timeout)', '82 (turn timeout)', '92 (turn timeout)', '102 (turn timeout)', '107 (illegal move)', '108 (turn timeout)']}
[2026-05-22 10:08:55] MOVE 117: Robert (lawn green) 66->76 [0.00ms]
[2026-05-22 10:08:55] SCORE Robert (lawn green): Final=1068.9, Time=92.9, Moves(24)=0.0, Pins(6)=600.0, Dist=376.0, Win Bonus=0.0
[2026-05-22 10:08:55] SCORE Gruppe 1 (gray0): Final=1040.4, Time=92.4, Moves(22)=0.0, Pins(6)=600.0, Dist=348.0, Win Bonus=0.0
[2026-05-22 10:08:55] SCORE StockWish (red): Final=709.7, Time=95.7, Moves(23)=0.0, Pins(3)=300.0, Dist=314.0, Win Bonus=0.0
[2026-05-22 10:08:55] SCORE Deepseekers (blue): Final=725.5, Time=85.5, Moves(23)=0.0, Pins(3)=300.0, Dist=340.0, Win Bonus=0.0
[2026-05-22 10:08:55] SCORE Gruppe 67 (yellow): Final=581.3, Time=89.3, Moves(12)=0.0, Pins(2)=200.0, Dist=292.0, Win Bonus=0.0
[2026-05-22 10:08:55] ALL WRONG MOVES BY COLOUR: {'gray0': ['4 (turn timeout)'], 'yellow': ['7 (turn timeout)', '12 (turn timeout)', '22 (turn timeout)', '32 (turn timeout)', '42 (turn timeout)', '52 (turn timeout)', '67 (turn timeout)', '82 (turn timeout)', '92 (turn timeout)', '102 (turn timeout)', '107 (illegal move)', '108 (turn timeout)']}
[2026-05-22 10:08:57] SCORE Robert (lawn green): Final=1068.9, Time=92.9, Moves(24)=0.0, Pins(6)=600.0, Dist=376.0, Win Bonus=0.0
[2026-05-22 10:08:57] SCORE Gruppe 1 (gray0): Final=1040.4, Time=92.4, Moves(22)=0.0, Pins(6)=600.0, Dist=348.0, Win Bonus=0.0
[2026-05-22 10:08:57] SCORE StockWish (red): Final=709.7, Time=95.7, Moves(23)=0.0, Pins(3)=300.0, Dist=314.0, Win Bonus=0.0
[2026-05-22 10:08:57] SCORE Deepseekers (blue): Final=725.5, Time=85.5, Moves(23)=0.0, Pins(3)=300.0, Dist=340.0, Win Bonus=0.0
[2026-05-22 10:08:57] SCORE Gruppe 67 (yellow): Final=581.3, Time=89.3, Moves(12)=0.0, Pins(2)=200.0, Dist=292.0, Win Bonus=0.0
[2026-05-22 10:08:57] ALL WRONG MOVES BY COLOUR: {'gray0': ['4 (turn timeout)'], 'yellow': ['7 (turn timeout)', '12 (turn timeout)', '22 (turn timeout)', '32 (turn timeout)', '42 (turn timeout)', '52 (turn timeout)', '67 (turn timeout)', '82 (turn timeout)', '92 (turn timeout)', '102 (turn timeout)', '107 (illegal move)', '108 (turn timeout)', '118 (turn timeout)']}
[2026-05-22 10:08:57] TURN TIMEOUT: Player with colour yellow exceeded 2s at move 118. Turn skipped.
[2026-05-22 10:08:58] MOVE 119: Deepseekers (blue) 64->104 [0.00ms]
[2026-05-22 10:08:58] SCORE Robert (lawn green): Final=1068.9, Time=92.9, Moves(24)=0.0, Pins(6)=600.0, Dist=376.0, Win Bonus=0.0
[2026-05-22 10:08:58] SCORE Gruppe 1 (gray0): Final=1040.4, Time=92.4, Moves(22)=0.0, Pins(6)=600.0, Dist=348.0, Win Bonus=0.0
[2026-05-22 10:08:58] SCORE StockWish (red): Final=709.7, Time=95.7, Moves(23)=0.0, Pins(3)=300.0, Dist=314.0, Win Bonus=0.0
[2026-05-22 10:08:58] SCORE Deepseekers (blue): Final=732.7, Time=84.7, Moves(24)=0.0, Pins(3)=300.0, Dist=348.0, Win Bonus=0.0
[2026-05-22 10:08:58] SCORE Gruppe 67 (yellow): Final=581.3, Time=89.3, Moves(12)=0.0, Pins(2)=200.0, Dist=292.0, Win Bonus=0.0
[2026-05-22 10:08:58] ALL WRONG MOVES BY COLOUR: {'gray0': ['4 (turn timeout)'], 'yellow': ['7 (turn timeout)', '12 (turn timeout)', '22 (turn timeout)', '32 (turn timeout)', '42 (turn timeout)', '52 (turn timeout)', '67 (turn timeout)', '82 (turn timeout)', '92 (turn timeout)', '102 (turn timeout)', '107 (illegal move)', '108 (turn timeout)', '118 (turn timeout)']}
[2026-05-22 10:08:59] MOVE 120: Gruppe 1 (gray0) 87->31 [0.00ms]
[2026-05-22 10:08:59] SCORE Robert (lawn green): Final=1068.9, Time=92.9, Moves(24)=0.0, Pins(6)=600.0, Dist=376.0, Win Bonus=0.0
[2026-05-22 10:08:59] SCORE Gruppe 1 (gray0): Final=1059.8, Time=91.8, Moves(23)=0.0, Pins(6)=600.0, Dist=368.0, Win Bonus=0.0
[2026-05-22 10:08:59] SCORE StockWish (red): Final=709.7, Time=95.7, Moves(23)=0.0, Pins(3)=300.0, Dist=314.0, Win Bonus=0.0
[2026-05-22 10:08:59] SCORE Deepseekers (blue): Final=732.7, Time=84.7, Moves(24)=0.0, Pins(3)=300.0, Dist=348.0, Win Bonus=0.0
[2026-05-22 10:08:59] SCORE Gruppe 67 (yellow): Final=581.3, Time=89.3, Moves(12)=0.0, Pins(2)=200.0, Dist=292.0, Win Bonus=0.0
[2026-05-22 10:08:59] ALL WRONG MOVES BY COLOUR: {'gray0': ['4 (turn timeout)'], 'yellow': ['7 (turn timeout)', '12 (turn timeout)', '22 (turn timeout)', '32 (turn timeout)', '42 (turn timeout)', '52 (turn timeout)', '67 (turn timeout)', '82 (turn timeout)', '92 (turn timeout)', '102 (turn timeout)', '107 (illegal move)', '108 (turn timeout)', '118 (turn timeout)']}
[2026-05-22 10:08:59] MOVE 121: StockWish (red) 16->8 [0.01ms]
[2026-05-22 10:08:59] SCORE Robert (lawn green): Final=1068.9, Time=92.9, Moves(24)=0.0, Pins(6)=600.0, Dist=376.0, Win Bonus=0.0
[2026-05-22 10:08:59] SCORE Gruppe 1 (gray0): Final=1059.8, Time=91.8, Moves(23)=0.0, Pins(6)=600.0, Dist=368.0, Win Bonus=0.0
[2026-05-22 10:08:59] SCORE StockWish (red): Final=811.5, Time=95.5, Moves(24)=0.0, Pins(4)=400.0, Dist=316.0, Win Bonus=0.0
[2026-05-22 10:08:59] SCORE Deepseekers (blue): Final=732.7, Time=84.7, Moves(24)=0.0, Pins(3)=300.0, Dist=348.0, Win Bonus=0.0
[2026-05-22 10:08:59] SCORE Gruppe 67 (yellow): Final=581.3, Time=89.3, Moves(12)=0.0, Pins(2)=200.0, Dist=292.0, Win Bonus=0.0
[2026-05-22 10:08:59] ALL WRONG MOVES BY COLOUR: {'gray0': ['4 (turn timeout)'], 'yellow': ['7 (turn timeout)', '12 (turn timeout)', '22 (turn timeout)', '32 (turn timeout)', '42 (turn timeout)', '52 (turn timeout)', '67 (turn timeout)', '82 (turn timeout)', '92 (turn timeout)', '102 (turn timeout)', '107 (illegal move)', '108 (turn timeout)', '118 (turn timeout)']}
[2026-05-22 10:08:59] MOVE 122: Robert (lawn green) 59->68 [0.00ms]
[2026-05-22 10:08:59] SCORE Robert (lawn green): Final=1070.5, Time=92.5, Moves(25)=0.0, Pins(6)=600.0, Dist=378.0, Win Bonus=0.0
[2026-05-22 10:08:59] SCORE Gruppe 1 (gray0): Final=1059.8, Time=91.8, Moves(23)=0.0, Pins(6)=600.0, Dist=368.0, Win Bonus=0.0
[2026-05-22 10:08:59] SCORE StockWish (red): Final=811.5, Time=95.5, Moves(24)=0.0, Pins(4)=400.0, Dist=316.0, Win Bonus=0.0
[2026-05-22 10:08:59] SCORE Deepseekers (blue): Final=732.7, Time=84.7, Moves(24)=0.0, Pins(3)=300.0, Dist=348.0, Win Bonus=0.0
[2026-05-22 10:08:59] SCORE Gruppe 67 (yellow): Final=581.3, Time=89.3, Moves(12)=0.0, Pins(2)=200.0, Dist=292.0, Win Bonus=0.0
[2026-05-22 10:08:59] ALL WRONG MOVES BY COLOUR: {'gray0': ['4 (turn timeout)'], 'yellow': ['7 (turn timeout)', '12 (turn timeout)', '22 (turn timeout)', '32 (turn timeout)', '42 (turn timeout)', '52 (turn timeout)', '67 (turn timeout)', '82 (turn timeout)', '92 (turn timeout)', '102 (turn timeout)', '107 (illegal move)', '108 (turn timeout)', '118 (turn timeout)']}
[2026-05-22 10:09:01] SCORE Robert (lawn green): Final=1070.5, Time=92.5, Moves(25)=0.0, Pins(6)=600.0, Dist=378.0, Win Bonus=0.0
[2026-05-22 10:09:01] SCORE Gruppe 1 (gray0): Final=1059.8, Time=91.8, Moves(23)=0.0, Pins(6)=600.0, Dist=368.0, Win Bonus=0.0
[2026-05-22 10:09:01] SCORE StockWish (red): Final=811.5, Time=95.5, Moves(24)=0.0, Pins(4)=400.0, Dist=316.0, Win Bonus=0.0
[2026-05-22 10:09:01] SCORE Deepseekers (blue): Final=732.7, Time=84.7, Moves(24)=0.0, Pins(3)=300.0, Dist=348.0, Win Bonus=0.0
[2026-05-22 10:09:01] SCORE Gruppe 67 (yellow): Final=581.3, Time=89.3, Moves(12)=0.0, Pins(2)=200.0, Dist=292.0, Win Bonus=0.0
[2026-05-22 10:09:01] ALL WRONG MOVES BY COLOUR: {'gray0': ['4 (turn timeout)'], 'yellow': ['7 (turn timeout)', '12 (turn timeout)', '22 (turn timeout)', '32 (turn timeout)', '42 (turn timeout)', '52 (turn timeout)', '67 (turn timeout)', '82 (turn timeout)', '92 (turn timeout)', '102 (turn timeout)', '107 (illegal move)', '108 (turn timeout)', '118 (turn timeout)', '123 (turn timeout)']}
[2026-05-22 10:09:01] TURN TIMEOUT: Player with colour yellow exceeded 2s at move 123. Turn skipped.
[2026-05-22 10:09:02] MOVE 124: Deepseekers (blue) 104->112 [0.00ms]
[2026-05-22 10:09:02] SCORE Robert (lawn green): Final=1070.5, Time=92.5, Moves(25)=0.0, Pins(6)=600.0, Dist=378.0, Win Bonus=0.0
[2026-05-22 10:09:02] SCORE Gruppe 1 (gray0): Final=1059.8, Time=91.8, Moves(23)=0.0, Pins(6)=600.0, Dist=368.0, Win Bonus=0.0
[2026-05-22 10:09:02] SCORE StockWish (red): Final=811.5, Time=95.5, Moves(24)=0.0, Pins(4)=400.0, Dist=316.0, Win Bonus=0.0
[2026-05-22 10:09:02] SCORE Deepseekers (blue): Final=834.1, Time=84.1, Moves(25)=0.0, Pins(4)=400.0, Dist=350.0, Win Bonus=0.0
[2026-05-22 10:09:02] SCORE Gruppe 67 (yellow): Final=581.3, Time=89.3, Moves(12)=0.0, Pins(2)=200.0, Dist=292.0, Win Bonus=0.0
[2026-05-22 10:09:02] ALL WRONG MOVES BY COLOUR: {'gray0': ['4 (turn timeout)'], 'yellow': ['7 (turn timeout)', '12 (turn timeout)', '22 (turn timeout)', '32 (turn timeout)', '42 (turn timeout)', '52 (turn timeout)', '67 (turn timeout)', '82 (turn timeout)', '92 (turn timeout)', '102 (turn timeout)', '107 (illegal move)', '108 (turn timeout)', '118 (turn timeout)', '123 (turn timeout)']}
[2026-05-22 10:09:02] MOVE 125: Gruppe 1 (gray0) 57->59 [0.00ms]
[2026-05-22 10:09:02] SCORE Robert (lawn green): Final=1070.5, Time=92.5, Moves(25)=0.0, Pins(6)=600.0, Dist=378.0, Win Bonus=0.0
[2026-05-22 10:09:02] SCORE Gruppe 1 (gray0): Final=1063.5, Time=91.5, Moves(24)=0.0, Pins(6)=600.0, Dist=372.0, Win Bonus=0.0
[2026-05-22 10:09:02] SCORE StockWish (red): Final=811.5, Time=95.5, Moves(24)=0.0, Pins(4)=400.0, Dist=316.0, Win Bonus=0.0
[2026-05-22 10:09:02] SCORE Deepseekers (blue): Final=834.1, Time=84.1, Moves(25)=0.0, Pins(4)=400.0, Dist=350.0, Win Bonus=0.0
[2026-05-22 10:09:02] SCORE Gruppe 67 (yellow): Final=581.3, Time=89.3, Moves(12)=0.0, Pins(2)=200.0, Dist=292.0, Win Bonus=0.0
[2026-05-22 10:09:02] ALL WRONG MOVES BY COLOUR: {'gray0': ['4 (turn timeout)'], 'yellow': ['7 (turn timeout)', '12 (turn timeout)', '22 (turn timeout)', '32 (turn timeout)', '42 (turn timeout)', '52 (turn timeout)', '67 (turn timeout)', '82 (turn timeout)', '92 (turn timeout)', '102 (turn timeout)', '107 (illegal move)', '108 (turn timeout)', '118 (turn timeout)', '123 (turn timeout)']}
[2026-05-22 10:09:02] MOVE 126: StockWish (red) 8->4 [0.00ms]
[2026-05-22 10:09:02] SCORE Robert (lawn green): Final=1070.5, Time=92.5, Moves(25)=0.0, Pins(6)=600.0, Dist=378.0, Win Bonus=0.0
[2026-05-22 10:09:02] SCORE Gruppe 1 (gray0): Final=1063.5, Time=91.5, Moves(24)=0.0, Pins(6)=600.0, Dist=372.0, Win Bonus=0.0
[2026-05-22 10:09:02] SCORE StockWish (red): Final=811.4, Time=95.4, Moves(25)=0.0, Pins(4)=400.0, Dist=316.0, Win Bonus=0.0
[2026-05-22 10:09:02] SCORE Deepseekers (blue): Final=834.1, Time=84.1, Moves(25)=0.0, Pins(4)=400.0, Dist=350.0, Win Bonus=0.0
[2026-05-22 10:09:02] SCORE Gruppe 67 (yellow): Final=581.3, Time=89.3, Moves(12)=0.0, Pins(2)=200.0, Dist=292.0, Win Bonus=0.0
[2026-05-22 10:09:02] ALL WRONG MOVES BY COLOUR: {'gray0': ['4 (turn timeout)'], 'yellow': ['7 (turn timeout)', '12 (turn timeout)', '22 (turn timeout)', '32 (turn timeout)', '42 (turn timeout)', '52 (turn timeout)', '67 (turn timeout)', '82 (turn timeout)', '92 (turn timeout)', '102 (turn timeout)', '107 (illegal move)', '108 (turn timeout)', '118 (turn timeout)', '123 (turn timeout)']}
[2026-05-22 10:09:02] MOVE 127: Robert (lawn green) 68->87 [0.00ms]
[2026-05-22 10:09:02] SCORE Robert (lawn green): Final=1176.3, Time=92.3, Moves(26)=0.0, Pins(7)=700.0, Dist=384.0, Win Bonus=0.0
[2026-05-22 10:09:02] SCORE Gruppe 1 (gray0): Final=1063.5, Time=91.5, Moves(24)=0.0, Pins(6)=600.0, Dist=372.0, Win Bonus=0.0
[2026-05-22 10:09:02] SCORE StockWish (red): Final=811.4, Time=95.4, Moves(25)=0.0, Pins(4)=400.0, Dist=316.0, Win Bonus=0.0
[2026-05-22 10:09:02] SCORE Deepseekers (blue): Final=834.1, Time=84.1, Moves(25)=0.0, Pins(4)=400.0, Dist=350.0, Win Bonus=0.0
[2026-05-22 10:09:02] SCORE Gruppe 67 (yellow): Final=581.3, Time=89.3, Moves(12)=0.0, Pins(2)=200.0, Dist=292.0, Win Bonus=0.0
[2026-05-22 10:09:02] ALL WRONG MOVES BY COLOUR: {'gray0': ['4 (turn timeout)'], 'yellow': ['7 (turn timeout)', '12 (turn timeout)', '22 (turn timeout)', '32 (turn timeout)', '42 (turn timeout)', '52 (turn timeout)', '67 (turn timeout)', '82 (turn timeout)', '92 (turn timeout)', '102 (turn timeout)', '107 (illegal move)', '108 (turn timeout)', '118 (turn timeout)', '123 (turn timeout)']}
[2026-05-22 10:09:03] MOVE 128: Gruppe 67 (yellow) 93->95 [0.00ms]
[2026-05-22 10:09:03] SCORE Robert (lawn green): Final=1176.3, Time=92.3, Moves(26)=0.0, Pins(7)=700.0, Dist=384.0, Win Bonus=0.0
[2026-05-22 10:09:03] SCORE Gruppe 1 (gray0): Final=1063.5, Time=91.5, Moves(24)=0.0, Pins(6)=600.0, Dist=372.0, Win Bonus=0.0
[2026-05-22 10:09:03] SCORE StockWish (red): Final=811.4, Time=95.4, Moves(25)=0.0, Pins(4)=400.0, Dist=316.0, Win Bonus=0.0
[2026-05-22 10:09:03] SCORE Deepseekers (blue): Final=834.1, Time=84.1, Moves(25)=0.0, Pins(4)=400.0, Dist=350.0, Win Bonus=0.0
[2026-05-22 10:09:03] SCORE Gruppe 67 (yellow): Final=684.7, Time=88.7, Moves(13)=0.0, Pins(3)=300.0, Dist=296.0, Win Bonus=0.0
[2026-05-22 10:09:03] ALL WRONG MOVES BY COLOUR: {'gray0': ['4 (turn timeout)'], 'yellow': ['7 (turn timeout)', '12 (turn timeout)', '22 (turn timeout)', '32 (turn timeout)', '42 (turn timeout)', '52 (turn timeout)', '67 (turn timeout)', '82 (turn timeout)', '92 (turn timeout)', '102 (turn timeout)', '107 (illegal move)', '108 (turn timeout)', '118 (turn timeout)', '123 (turn timeout)']}
[2026-05-22 10:09:04] MOVE 129: Deepseekers (blue) 61->70 [0.00ms]
[2026-05-22 10:09:04] SCORE Robert (lawn green): Final=1176.3, Time=92.3, Moves(26)=0.0, Pins(7)=700.0, Dist=384.0, Win Bonus=0.0
[2026-05-22 10:09:04] SCORE Gruppe 1 (gray0): Final=1063.5, Time=91.5, Moves(24)=0.0, Pins(6)=600.0, Dist=372.0, Win Bonus=0.0
[2026-05-22 10:09:04] SCORE StockWish (red): Final=811.4, Time=95.4, Moves(25)=0.0, Pins(4)=400.0, Dist=316.0, Win Bonus=0.0
[2026-05-22 10:09:04] SCORE Deepseekers (blue): Final=835.4, Time=83.4, Moves(26)=0.0, Pins(4)=400.0, Dist=352.0, Win Bonus=0.0
[2026-05-22 10:09:04] SCORE Gruppe 67 (yellow): Final=684.7, Time=88.7, Moves(13)=0.0, Pins(3)=300.0, Dist=296.0, Win Bonus=0.0
[2026-05-22 10:09:04] ALL WRONG MOVES BY COLOUR: {'gray0': ['4 (turn timeout)'], 'yellow': ['7 (turn timeout)', '12 (turn timeout)', '22 (turn timeout)', '32 (turn timeout)', '42 (turn timeout)', '52 (turn timeout)', '67 (turn timeout)', '82 (turn timeout)', '92 (turn timeout)', '102 (turn timeout)', '107 (illegal move)', '108 (turn timeout)', '118 (turn timeout)', '123 (turn timeout)']}
[2026-05-22 10:09:04] MOVE 130: Gruppe 1 (gray0) 31->19 [0.00ms]
[2026-05-22 10:09:04] SCORE Robert (lawn green): Final=1176.3, Time=92.3, Moves(26)=0.0, Pins(7)=700.0, Dist=384.0, Win Bonus=0.0
[2026-05-22 10:09:04] SCORE Gruppe 1 (gray0): Final=1165.4, Time=91.4, Moves(25)=0.0, Pins(7)=700.0, Dist=374.0, Win Bonus=0.0
[2026-05-22 10:09:04] SCORE StockWish (red): Final=811.4, Time=95.4, Moves(25)=0.0, Pins(4)=400.0, Dist=316.0, Win Bonus=0.0
[2026-05-22 10:09:04] SCORE Deepseekers (blue): Final=835.4, Time=83.4, Moves(26)=0.0, Pins(4)=400.0, Dist=352.0, Win Bonus=0.0
[2026-05-22 10:09:04] SCORE Gruppe 67 (yellow): Final=684.7, Time=88.7, Moves(13)=0.0, Pins(3)=300.0, Dist=296.0, Win Bonus=0.0
[2026-05-22 10:09:04] ALL WRONG MOVES BY COLOUR: {'gray0': ['4 (turn timeout)'], 'yellow': ['7 (turn timeout)', '12 (turn timeout)', '22 (turn timeout)', '32 (turn timeout)', '42 (turn timeout)', '52 (turn timeout)', '67 (turn timeout)', '82 (turn timeout)', '92 (turn timeout)', '102 (turn timeout)', '107 (illegal move)', '108 (turn timeout)', '118 (turn timeout)', '123 (turn timeout)']}
[2026-05-22 10:09:04] MOVE 131: StockWish (red) 92->8 [0.00ms]
[2026-05-22 10:09:04] SCORE Robert (lawn green): Final=1176.3, Time=92.3, Moves(26)=0.0, Pins(7)=700.0, Dist=384.0, Win Bonus=0.0
[2026-05-22 10:09:04] SCORE Gruppe 1 (gray0): Final=1165.4, Time=91.4, Moves(25)=0.0, Pins(7)=700.0, Dist=374.0, Win Bonus=0.0
[2026-05-22 10:09:04] SCORE StockWish (red): Final=927.3, Time=95.3, Moves(26)=0.0, Pins(5)=500.0, Dist=332.0, Win Bonus=0.0
[2026-05-22 10:09:04] SCORE Deepseekers (blue): Final=835.4, Time=83.4, Moves(26)=0.0, Pins(4)=400.0, Dist=352.0, Win Bonus=0.0
[2026-05-22 10:09:04] SCORE Gruppe 67 (yellow): Final=684.7, Time=88.7, Moves(13)=0.0, Pins(3)=300.0, Dist=296.0, Win Bonus=0.0
[2026-05-22 10:09:04] ALL WRONG MOVES BY COLOUR: {'gray0': ['4 (turn timeout)'], 'yellow': ['7 (turn timeout)', '12 (turn timeout)', '22 (turn timeout)', '32 (turn timeout)', '42 (turn timeout)', '52 (turn timeout)', '67 (turn timeout)', '82 (turn timeout)', '92 (turn timeout)', '102 (turn timeout)', '107 (illegal move)', '108 (turn timeout)', '118 (turn timeout)', '123 (turn timeout)']}
[2026-05-22 10:09:04] MOVE 132: Robert (lawn green) 28->69 [0.00ms]
[2026-05-22 10:09:04] SCORE Robert (lawn green): Final=1180.2, Time=92.2, Moves(27)=0.0, Pins(7)=700.0, Dist=388.0, Win Bonus=0.0
[2026-05-22 10:09:04] SCORE Gruppe 1 (gray0): Final=1165.4, Time=91.4, Moves(25)=0.0, Pins(7)=700.0, Dist=374.0, Win Bonus=0.0
[2026-05-22 10:09:04] SCORE StockWish (red): Final=927.3, Time=95.3, Moves(26)=0.0, Pins(5)=500.0, Dist=332.0, Win Bonus=0.0
[2026-05-22 10:09:04] SCORE Deepseekers (blue): Final=835.4, Time=83.4, Moves(26)=0.0, Pins(4)=400.0, Dist=352.0, Win Bonus=0.0
[2026-05-22 10:09:04] SCORE Gruppe 67 (yellow): Final=684.7, Time=88.7, Moves(13)=0.0, Pins(3)=300.0, Dist=296.0, Win Bonus=0.0
[2026-05-22 10:09:04] ALL WRONG MOVES BY COLOUR: {'gray0': ['4 (turn timeout)'], 'yellow': ['7 (turn timeout)', '12 (turn timeout)', '22 (turn timeout)', '32 (turn timeout)', '42 (turn timeout)', '52 (turn timeout)', '67 (turn timeout)', '82 (turn timeout)', '92 (turn timeout)', '102 (turn timeout)', '107 (illegal move)', '108 (turn timeout)', '118 (turn timeout)', '123 (turn timeout)']}
[2026-05-22 10:09:06] SCORE Robert (lawn green): Final=1180.2, Time=92.2, Moves(27)=0.0, Pins(7)=700.0, Dist=388.0, Win Bonus=0.0
[2026-05-22 10:09:06] SCORE Gruppe 1 (gray0): Final=1165.4, Time=91.4, Moves(25)=0.0, Pins(7)=700.0, Dist=374.0, Win Bonus=0.0
[2026-05-22 10:09:06] SCORE StockWish (red): Final=927.3, Time=95.3, Moves(26)=0.0, Pins(5)=500.0, Dist=332.0, Win Bonus=0.0
[2026-05-22 10:09:06] SCORE Deepseekers (blue): Final=835.4, Time=83.4, Moves(26)=0.0, Pins(4)=400.0, Dist=352.0, Win Bonus=0.0
[2026-05-22 10:09:06] SCORE Gruppe 67 (yellow): Final=684.7, Time=88.7, Moves(13)=0.0, Pins(3)=300.0, Dist=296.0, Win Bonus=0.0
[2026-05-22 10:09:06] ALL WRONG MOVES BY COLOUR: {'gray0': ['4 (turn timeout)'], 'yellow': ['7 (turn timeout)', '12 (turn timeout)', '22 (turn timeout)', '32 (turn timeout)', '42 (turn timeout)', '52 (turn timeout)', '67 (turn timeout)', '82 (turn timeout)', '92 (turn timeout)', '102 (turn timeout)', '107 (illegal move)', '108 (turn timeout)', '118 (turn timeout)', '123 (turn timeout)', '133 (turn timeout)']}
[2026-05-22 10:09:06] TURN TIMEOUT: Player with colour yellow exceeded 2s at move 133. Turn skipped.
[2026-05-22 10:09:07] MOVE 134: Deepseekers (blue) 72->93 [0.00ms]
[2026-05-22 10:09:07] SCORE Robert (lawn green): Final=1180.2, Time=92.2, Moves(27)=0.0, Pins(7)=700.0, Dist=388.0, Win Bonus=0.0
[2026-05-22 10:09:07] SCORE Gruppe 1 (gray0): Final=1165.4, Time=91.4, Moves(25)=0.0, Pins(7)=700.0, Dist=374.0, Win Bonus=0.0
[2026-05-22 10:09:07] SCORE StockWish (red): Final=927.3, Time=95.3, Moves(26)=0.0, Pins(5)=500.0, Dist=332.0, Win Bonus=0.0
[2026-05-22 10:09:07] SCORE Deepseekers (blue): Final=838.8, Time=82.8, Moves(27)=0.0, Pins(4)=400.0, Dist=356.0, Win Bonus=0.0
[2026-05-22 10:09:07] SCORE Gruppe 67 (yellow): Final=684.7, Time=88.7, Moves(13)=0.0, Pins(3)=300.0, Dist=296.0, Win Bonus=0.0
[2026-05-22 10:09:07] ALL WRONG MOVES BY COLOUR: {'gray0': ['4 (turn timeout)'], 'yellow': ['7 (turn timeout)', '12 (turn timeout)', '22 (turn timeout)', '32 (turn timeout)', '42 (turn timeout)', '52 (turn timeout)', '67 (turn timeout)', '82 (turn timeout)', '92 (turn timeout)', '102 (turn timeout)', '107 (illegal move)', '108 (turn timeout)', '118 (turn timeout)', '123 (turn timeout)', '133 (turn timeout)']}
[2026-05-22 10:09:07] MOVE 135: Gruppe 1 (gray0) 19->21 [0.01ms]
[2026-05-22 10:09:07] SCORE Robert (lawn green): Final=1180.2, Time=92.2, Moves(27)=0.0, Pins(7)=700.0, Dist=388.0, Win Bonus=0.0
[2026-05-22 10:09:07] SCORE Gruppe 1 (gray0): Final=1164.8, Time=90.8, Moves(26)=0.0, Pins(7)=700.0, Dist=374.0, Win Bonus=0.0
[2026-05-22 10:09:07] SCORE StockWish (red): Final=927.3, Time=95.3, Moves(26)=0.0, Pins(5)=500.0, Dist=332.0, Win Bonus=0.0
[2026-05-22 10:09:07] SCORE Deepseekers (blue): Final=838.8, Time=82.8, Moves(27)=0.0, Pins(4)=400.0, Dist=356.0, Win Bonus=0.0
[2026-05-22 10:09:07] SCORE Gruppe 67 (yellow): Final=684.7, Time=88.7, Moves(13)=0.0, Pins(3)=300.0, Dist=296.0, Win Bonus=0.0
[2026-05-22 10:09:07] ALL WRONG MOVES BY COLOUR: {'gray0': ['4 (turn timeout)'], 'yellow': ['7 (turn timeout)', '12 (turn timeout)', '22 (turn timeout)', '32 (turn timeout)', '42 (turn timeout)', '52 (turn timeout)', '67 (turn timeout)', '82 (turn timeout)', '92 (turn timeout)', '102 (turn timeout)', '107 (illegal move)', '108 (turn timeout)', '118 (turn timeout)', '123 (turn timeout)', '133 (turn timeout)']}
[2026-05-22 10:09:08] MOVE 136: StockWish (red) 111->103 [0.00ms]
[2026-05-22 10:09:08] SCORE Robert (lawn green): Final=1180.2, Time=92.2, Moves(27)=0.0, Pins(7)=700.0, Dist=388.0, Win Bonus=0.0
[2026-05-22 10:09:08] SCORE Gruppe 1 (gray0): Final=1164.8, Time=90.8, Moves(26)=0.0, Pins(7)=700.0, Dist=374.0, Win Bonus=0.0
[2026-05-22 10:09:08] SCORE StockWish (red): Final=928.8, Time=94.8, Moves(27)=0.0, Pins(5)=500.0, Dist=334.0, Win Bonus=0.0
[2026-05-22 10:09:08] SCORE Deepseekers (blue): Final=838.8, Time=82.8, Moves(27)=0.0, Pins(4)=400.0, Dist=356.0, Win Bonus=0.0
[2026-05-22 10:09:08] SCORE Gruppe 67 (yellow): Final=684.7, Time=88.7, Moves(13)=0.0, Pins(3)=300.0, Dist=296.0, Win Bonus=0.0
[2026-05-22 10:09:08] ALL WRONG MOVES BY COLOUR: {'gray0': ['4 (turn timeout)'], 'yellow': ['7 (turn timeout)', '12 (turn timeout)', '22 (turn timeout)', '32 (turn timeout)', '42 (turn timeout)', '52 (turn timeout)', '67 (turn timeout)', '82 (turn timeout)', '92 (turn timeout)', '102 (turn timeout)', '107 (illegal move)', '108 (turn timeout)', '118 (turn timeout)', '123 (turn timeout)', '133 (turn timeout)']}
[2026-05-22 10:09:08] MOVE 137: Robert (lawn green) 69->68 [0.01ms]
[2026-05-22 10:09:08] SCORE Robert (lawn green): Final=1182.1, Time=92.0, Moves(28)=0.0, Pins(7)=700.0, Dist=390.0, Win Bonus=0.0
[2026-05-22 10:09:08] SCORE Gruppe 1 (gray0): Final=1164.8, Time=90.8, Moves(26)=0.0, Pins(7)=700.0, Dist=374.0, Win Bonus=0.0
[2026-05-22 10:09:08] SCORE StockWish (red): Final=928.8, Time=94.8, Moves(27)=0.0, Pins(5)=500.0, Dist=334.0, Win Bonus=0.0
[2026-05-22 10:09:08] SCORE Deepseekers (blue): Final=838.8, Time=82.8, Moves(27)=0.0, Pins(4)=400.0, Dist=356.0, Win Bonus=0.0
[2026-05-22 10:09:08] SCORE Gruppe 67 (yellow): Final=684.7, Time=88.7, Moves(13)=0.0, Pins(3)=300.0, Dist=296.0, Win Bonus=0.0
[2026-05-22 10:09:08] ALL WRONG MOVES BY COLOUR: {'gray0': ['4 (turn timeout)'], 'yellow': ['7 (turn timeout)', '12 (turn timeout)', '22 (turn timeout)', '32 (turn timeout)', '42 (turn timeout)', '52 (turn timeout)', '67 (turn timeout)', '82 (turn timeout)', '92 (turn timeout)', '102 (turn timeout)', '107 (illegal move)', '108 (turn timeout)', '118 (turn timeout)', '123 (turn timeout)', '133 (turn timeout)']}
[2026-05-22 10:09:10] SCORE Robert (lawn green): Final=1182.1, Time=92.0, Moves(28)=0.0, Pins(7)=700.0, Dist=390.0, Win Bonus=0.0
[2026-05-22 10:09:10] SCORE Gruppe 1 (gray0): Final=1164.8, Time=90.8, Moves(26)=0.0, Pins(7)=700.0, Dist=374.0, Win Bonus=0.0
[2026-05-22 10:09:10] SCORE StockWish (red): Final=928.8, Time=94.8, Moves(27)=0.0, Pins(5)=500.0, Dist=334.0, Win Bonus=0.0
[2026-05-22 10:09:10] SCORE Deepseekers (blue): Final=838.8, Time=82.8, Moves(27)=0.0, Pins(4)=400.0, Dist=356.0, Win Bonus=0.0
[2026-05-22 10:09:10] SCORE Gruppe 67 (yellow): Final=684.7, Time=88.7, Moves(13)=0.0, Pins(3)=300.0, Dist=296.0, Win Bonus=0.0
[2026-05-22 10:09:10] ALL WRONG MOVES BY COLOUR: {'gray0': ['4 (turn timeout)'], 'yellow': ['7 (turn timeout)', '12 (turn timeout)', '22 (turn timeout)', '32 (turn timeout)', '42 (turn timeout)', '52 (turn timeout)', '67 (turn timeout)', '82 (turn timeout)', '92 (turn timeout)', '102 (turn timeout)', '107 (illegal move)', '108 (turn timeout)', '118 (turn timeout)', '123 (turn timeout)', '133 (turn timeout)', '138 (turn timeout)']}
[2026-05-22 10:09:10] TURN TIMEOUT: Player with colour yellow exceeded 2s at move 138. Turn skipped.
[2026-05-22 10:09:11] MOVE 139: Deepseekers (blue) 70->111 [0.00ms]
[2026-05-22 10:09:11] SCORE Robert (lawn green): Final=1182.1, Time=92.0, Moves(28)=0.0, Pins(7)=700.0, Dist=390.0, Win Bonus=0.0
[2026-05-22 10:09:11] SCORE Gruppe 1 (gray0): Final=1164.8, Time=90.8, Moves(26)=0.0, Pins(7)=700.0, Dist=374.0, Win Bonus=0.0
[2026-05-22 10:09:11] SCORE StockWish (red): Final=928.8, Time=94.8, Moves(27)=0.0, Pins(5)=500.0, Dist=334.0, Win Bonus=0.0
[2026-05-22 10:09:11] SCORE Deepseekers (blue): Final=946.3, Time=82.3, Moves(28)=0.0, Pins(5)=500.0, Dist=364.0, Win Bonus=0.0
[2026-05-22 10:09:11] SCORE Gruppe 67 (yellow): Final=684.7, Time=88.7, Moves(13)=0.0, Pins(3)=300.0, Dist=296.0, Win Bonus=0.0
[2026-05-22 10:09:11] ALL WRONG MOVES BY COLOUR: {'gray0': ['4 (turn timeout)'], 'yellow': ['7 (turn timeout)', '12 (turn timeout)', '22 (turn timeout)', '32 (turn timeout)', '42 (turn timeout)', '52 (turn timeout)', '67 (turn timeout)', '82 (turn timeout)', '92 (turn timeout)', '102 (turn timeout)', '107 (illegal move)', '108 (turn timeout)', '118 (turn timeout)', '123 (turn timeout)', '133 (turn timeout)', '138 (turn timeout)']}
[2026-05-22 10:09:11] MOVE 140: Gruppe 1 (gray0) 84->73 [0.00ms]
[2026-05-22 10:09:11] SCORE Robert (lawn green): Final=1182.1, Time=92.0, Moves(28)=0.0, Pins(7)=700.0, Dist=390.0, Win Bonus=0.0
[2026-05-22 10:09:11] SCORE Gruppe 1 (gray0): Final=1166.2, Time=90.2, Moves(27)=0.0, Pins(7)=700.0, Dist=376.0, Win Bonus=0.0
[2026-05-22 10:09:11] SCORE StockWish (red): Final=928.8, Time=94.8, Moves(27)=0.0, Pins(5)=500.0, Dist=334.0, Win Bonus=0.0
[2026-05-22 10:09:11] SCORE Deepseekers (blue): Final=946.3, Time=82.3, Moves(28)=0.0, Pins(5)=500.0, Dist=364.0, Win Bonus=0.0
[2026-05-22 10:09:11] SCORE Gruppe 67 (yellow): Final=684.7, Time=88.7, Moves(13)=0.0, Pins(3)=300.0, Dist=296.0, Win Bonus=0.0
[2026-05-22 10:09:11] ALL WRONG MOVES BY COLOUR: {'gray0': ['4 (turn timeout)'], 'yellow': ['7 (turn timeout)', '12 (turn timeout)', '22 (turn timeout)', '32 (turn timeout)', '42 (turn timeout)', '52 (turn timeout)', '67 (turn timeout)', '82 (turn timeout)', '92 (turn timeout)', '102 (turn timeout)', '107 (illegal move)', '108 (turn timeout)', '118 (turn timeout)', '123 (turn timeout)', '133 (turn timeout)', '138 (turn timeout)']}
[2026-05-22 10:09:11] MOVE 141: StockWish (red) 103->91 [0.00ms]
[2026-05-22 10:09:11] SCORE Robert (lawn green): Final=1182.1, Time=92.0, Moves(28)=0.0, Pins(7)=700.0, Dist=390.0, Win Bonus=0.0
[2026-05-22 10:09:11] SCORE Gruppe 1 (gray0): Final=1166.2, Time=90.2, Moves(27)=0.0, Pins(7)=700.0, Dist=376.0, Win Bonus=0.0
[2026-05-22 10:09:11] SCORE StockWish (red): Final=930.7, Time=94.7, Moves(28)=0.0, Pins(5)=500.0, Dist=336.0, Win Bonus=0.0
[2026-05-22 10:09:11] SCORE Deepseekers (blue): Final=946.3, Time=82.3, Moves(28)=0.0, Pins(5)=500.0, Dist=364.0, Win Bonus=0.0
[2026-05-22 10:09:11] SCORE Gruppe 67 (yellow): Final=684.7, Time=88.7, Moves(13)=0.0, Pins(3)=300.0, Dist=296.0, Win Bonus=0.0
[2026-05-22 10:09:11] ALL WRONG MOVES BY COLOUR: {'gray0': ['4 (turn timeout)'], 'yellow': ['7 (turn timeout)', '12 (turn timeout)', '22 (turn timeout)', '32 (turn timeout)', '42 (turn timeout)', '52 (turn timeout)', '67 (turn timeout)', '82 (turn timeout)', '92 (turn timeout)', '102 (turn timeout)', '107 (illegal move)', '108 (turn timeout)', '118 (turn timeout)', '123 (turn timeout)', '133 (turn timeout)', '138 (turn timeout)']}
[2026-05-22 10:09:12] MOVE 142: Robert (lawn green) 68->78 [0.00ms]
[2026-05-22 10:09:12] SCORE Robert (lawn green): Final=1183.8, Time=91.8, Moves(29)=0.0, Pins(7)=700.0, Dist=392.0, Win Bonus=0.0
[2026-05-22 10:09:12] SCORE Gruppe 1 (gray0): Final=1166.2, Time=90.2, Moves(27)=0.0, Pins(7)=700.0, Dist=376.0, Win Bonus=0.0
[2026-05-22 10:09:12] SCORE StockWish (red): Final=930.7, Time=94.7, Moves(28)=0.0, Pins(5)=500.0, Dist=336.0, Win Bonus=0.0
[2026-05-22 10:09:12] SCORE Deepseekers (blue): Final=946.3, Time=82.3, Moves(28)=0.0, Pins(5)=500.0, Dist=364.0, Win Bonus=0.0
[2026-05-22 10:09:12] SCORE Gruppe 67 (yellow): Final=684.7, Time=88.7, Moves(13)=0.0, Pins(3)=300.0, Dist=296.0, Win Bonus=0.0
[2026-05-22 10:09:12] ALL WRONG MOVES BY COLOUR: {'gray0': ['4 (turn timeout)'], 'yellow': ['7 (turn timeout)', '12 (turn timeout)', '22 (turn timeout)', '32 (turn timeout)', '42 (turn timeout)', '52 (turn timeout)', '67 (turn timeout)', '82 (turn timeout)', '92 (turn timeout)', '102 (turn timeout)', '107 (illegal move)', '108 (turn timeout)', '118 (turn timeout)', '123 (turn timeout)', '133 (turn timeout)', '138 (turn timeout)']}
[2026-05-22 10:09:12] MOVE 143: Gruppe 67 (yellow) 46->66 [0.00ms]
[2026-05-22 10:09:12] SCORE Robert (lawn green): Final=1183.8, Time=91.8, Moves(29)=0.0, Pins(7)=700.0, Dist=392.0, Win Bonus=0.0
[2026-05-22 10:09:12] SCORE Gruppe 1 (gray0): Final=1166.2, Time=90.2, Moves(27)=0.0, Pins(7)=700.0, Dist=376.0, Win Bonus=0.0
[2026-05-22 10:09:12] SCORE StockWish (red): Final=930.7, Time=94.7, Moves(28)=0.0, Pins(5)=500.0, Dist=336.0, Win Bonus=0.0
[2026-05-22 10:09:12] SCORE Deepseekers (blue): Final=946.3, Time=82.3, Moves(28)=0.0, Pins(5)=500.0, Dist=364.0, Win Bonus=0.0
[2026-05-22 10:09:12] SCORE Gruppe 67 (yellow): Final=688.6, Time=88.6, Moves(14)=0.0, Pins(3)=300.0, Dist=300.0, Win Bonus=0.0
[2026-05-22 10:09:12] ALL WRONG MOVES BY COLOUR: {'gray0': ['4 (turn timeout)'], 'yellow': ['7 (turn timeout)', '12 (turn timeout)', '22 (turn timeout)', '32 (turn timeout)', '42 (turn timeout)', '52 (turn timeout)', '67 (turn timeout)', '82 (turn timeout)', '92 (turn timeout)', '102 (turn timeout)', '107 (illegal move)', '108 (turn timeout)', '118 (turn timeout)', '123 (turn timeout)', '133 (turn timeout)', '138 (turn timeout)']}
[2026-05-22 10:09:12] MOVE 144: Deepseekers (blue) 94->106 [0.00ms]
[2026-05-22 10:09:12] SCORE Robert (lawn green): Final=1183.8, Time=91.8, Moves(29)=0.0, Pins(7)=700.0, Dist=392.0, Win Bonus=0.0
[2026-05-22 10:09:12] SCORE Gruppe 1 (gray0): Final=1166.2, Time=90.2, Moves(27)=0.0, Pins(7)=700.0, Dist=376.0, Win Bonus=0.0
[2026-05-22 10:09:12] SCORE StockWish (red): Final=930.7, Time=94.7, Moves(28)=0.0, Pins(5)=500.0, Dist=336.0, Win Bonus=0.0
[2026-05-22 10:09:12] SCORE Deepseekers (blue): Final=947.7, Time=81.6, Moves(29)=0.0, Pins(5)=500.0, Dist=366.0, Win Bonus=0.0
[2026-05-22 10:09:12] SCORE Gruppe 67 (yellow): Final=688.6, Time=88.6, Moves(14)=0.0, Pins(3)=300.0, Dist=300.0, Win Bonus=0.0
[2026-05-22 10:09:12] ALL WRONG MOVES BY COLOUR: {'gray0': ['4 (turn timeout)'], 'yellow': ['7 (turn timeout)', '12 (turn timeout)', '22 (turn timeout)', '32 (turn timeout)', '42 (turn timeout)', '52 (turn timeout)', '67 (turn timeout)', '82 (turn timeout)', '92 (turn timeout)', '102 (turn timeout)', '107 (illegal move)', '108 (turn timeout)', '118 (turn timeout)', '123 (turn timeout)', '133 (turn timeout)', '138 (turn timeout)']}
[2026-05-22 10:09:12] MOVE 145: Gruppe 1 (gray0) 73->30 [0.00ms]
[2026-05-22 10:09:12] SCORE Robert (lawn green): Final=1183.8, Time=91.8, Moves(29)=0.0, Pins(7)=700.0, Dist=392.0, Win Bonus=0.0
[2026-05-22 10:09:12] SCORE Gruppe 1 (gray0): Final=1166.0, Time=90.0, Moves(28)=0.0, Pins(7)=700.0, Dist=376.0, Win Bonus=0.0
[2026-05-22 10:09:12] SCORE StockWish (red): Final=930.7, Time=94.7, Moves(28)=0.0, Pins(5)=500.0, Dist=336.0, Win Bonus=0.0
[2026-05-22 10:09:12] SCORE Deepseekers (blue): Final=947.7, Time=81.6, Moves(29)=0.0, Pins(5)=500.0, Dist=366.0, Win Bonus=0.0
[2026-05-22 10:09:12] SCORE Gruppe 67 (yellow): Final=688.6, Time=88.6, Moves(14)=0.0, Pins(3)=300.0, Dist=300.0, Win Bonus=0.0
[2026-05-22 10:09:12] ALL WRONG MOVES BY COLOUR: {'gray0': ['4 (turn timeout)'], 'yellow': ['7 (turn timeout)', '12 (turn timeout)', '22 (turn timeout)', '32 (turn timeout)', '42 (turn timeout)', '52 (turn timeout)', '67 (turn timeout)', '82 (turn timeout)', '92 (turn timeout)', '102 (turn timeout)', '107 (illegal move)', '108 (turn timeout)', '118 (turn timeout)', '123 (turn timeout)', '133 (turn timeout)', '138 (turn timeout)']}
[2026-05-22 10:09:13] MOVE 146: StockWish (red) 91->70 [0.00ms]
[2026-05-22 10:09:13] SCORE Robert (lawn green): Final=1183.8, Time=91.8, Moves(29)=0.0, Pins(7)=700.0, Dist=392.0, Win Bonus=0.0
[2026-05-22 10:09:13] SCORE Gruppe 1 (gray0): Final=1166.0, Time=90.0, Moves(28)=0.0, Pins(7)=700.0, Dist=376.0, Win Bonus=0.0
[2026-05-22 10:09:13] SCORE StockWish (red): Final=934.6, Time=94.6, Moves(29)=0.0, Pins(5)=500.0, Dist=340.0, Win Bonus=0.0
[2026-05-22 10:09:13] SCORE Deepseekers (blue): Final=947.7, Time=81.6, Moves(29)=0.0, Pins(5)=500.0, Dist=366.0, Win Bonus=0.0
[2026-05-22 10:09:13] SCORE Gruppe 67 (yellow): Final=688.6, Time=88.6, Moves(14)=0.0, Pins(3)=300.0, Dist=300.0, Win Bonus=0.0
[2026-05-22 10:09:13] ALL WRONG MOVES BY COLOUR: {'gray0': ['4 (turn timeout)'], 'yellow': ['7 (turn timeout)', '12 (turn timeout)', '22 (turn timeout)', '32 (turn timeout)', '42 (turn timeout)', '52 (turn timeout)', '67 (turn timeout)', '82 (turn timeout)', '92 (turn timeout)', '102 (turn timeout)', '107 (illegal move)', '108 (turn timeout)', '118 (turn timeout)', '123 (turn timeout)', '133 (turn timeout)', '138 (turn timeout)']}
[2026-05-22 10:09:13] MOVE 147: Robert (lawn green) 78->99 [0.00ms]
[2026-05-22 10:09:13] SCORE Robert (lawn green): Final=1287.7, Time=91.6, Moves(30)=0.1, Pins(8)=800.0, Dist=396.0, Win Bonus=0.0
[2026-05-22 10:09:13] SCORE Gruppe 1 (gray0): Final=1166.0, Time=90.0, Moves(28)=0.0, Pins(7)=700.0, Dist=376.0, Win Bonus=0.0
[2026-05-22 10:09:13] SCORE StockWish (red): Final=934.6, Time=94.6, Moves(29)=0.0, Pins(5)=500.0, Dist=340.0, Win Bonus=0.0
[2026-05-22 10:09:13] SCORE Deepseekers (blue): Final=947.7, Time=81.6, Moves(29)=0.0, Pins(5)=500.0, Dist=366.0, Win Bonus=0.0
[2026-05-22 10:09:13] SCORE Gruppe 67 (yellow): Final=688.6, Time=88.6, Moves(14)=0.0, Pins(3)=300.0, Dist=300.0, Win Bonus=0.0
[2026-05-22 10:09:13] ALL WRONG MOVES BY COLOUR: {'gray0': ['4 (turn timeout)'], 'yellow': ['7 (turn timeout)', '12 (turn timeout)', '22 (turn timeout)', '32 (turn timeout)', '42 (turn timeout)', '52 (turn timeout)', '67 (turn timeout)', '82 (turn timeout)', '92 (turn timeout)', '102 (turn timeout)', '107 (illegal move)', '108 (turn timeout)', '118 (turn timeout)', '123 (turn timeout)', '133 (turn timeout)', '138 (turn timeout)']}
[2026-05-22 10:09:15] SCORE Robert (lawn green): Final=1287.7, Time=91.6, Moves(30)=0.1, Pins(8)=800.0, Dist=396.0, Win Bonus=0.0
[2026-05-22 10:09:15] SCORE Gruppe 1 (gray0): Final=1166.0, Time=90.0, Moves(28)=0.0, Pins(7)=700.0, Dist=376.0, Win Bonus=0.0
[2026-05-22 10:09:15] SCORE StockWish (red): Final=934.6, Time=94.6, Moves(29)=0.0, Pins(5)=500.0, Dist=340.0, Win Bonus=0.0
[2026-05-22 10:09:15] SCORE Deepseekers (blue): Final=947.7, Time=81.6, Moves(29)=0.0, Pins(5)=500.0, Dist=366.0, Win Bonus=0.0
[2026-05-22 10:09:15] SCORE Gruppe 67 (yellow): Final=688.6, Time=88.6, Moves(14)=0.0, Pins(3)=300.0, Dist=300.0, Win Bonus=0.0
[2026-05-22 10:09:15] ALL WRONG MOVES BY COLOUR: {'gray0': ['4 (turn timeout)'], 'yellow': ['7 (turn timeout)', '12 (turn timeout)', '22 (turn timeout)', '32 (turn timeout)', '42 (turn timeout)', '52 (turn timeout)', '67 (turn timeout)', '82 (turn timeout)', '92 (turn timeout)', '102 (turn timeout)', '107 (illegal move)', '108 (turn timeout)', '118 (turn timeout)', '123 (turn timeout)', '133 (turn timeout)', '138 (turn timeout)', '148 (turn timeout)']}
[2026-05-22 10:09:15] TURN TIMEOUT: Player with colour yellow exceeded 2s at move 148. Turn skipped.
[2026-05-22 10:09:15] MOVE 149: Deepseekers (blue) 106->114 [0.01ms]
[2026-05-22 10:09:15] SCORE Robert (lawn green): Final=1287.7, Time=91.6, Moves(30)=0.1, Pins(8)=800.0, Dist=396.0, Win Bonus=0.0
[2026-05-22 10:09:15] SCORE Gruppe 1 (gray0): Final=1166.0, Time=90.0, Moves(28)=0.0, Pins(7)=700.0, Dist=376.0, Win Bonus=0.0
[2026-05-22 10:09:15] SCORE StockWish (red): Final=934.6, Time=94.6, Moves(29)=0.0, Pins(5)=500.0, Dist=340.0, Win Bonus=0.0
[2026-05-22 10:09:15] SCORE Deepseekers (blue): Final=1049.1, Time=81.0, Moves(30)=0.1, Pins(6)=600.0, Dist=368.0, Win Bonus=0.0
[2026-05-22 10:09:15] SCORE Gruppe 67 (yellow): Final=688.6, Time=88.6, Moves(14)=0.0, Pins(3)=300.0, Dist=300.0, Win Bonus=0.0
[2026-05-22 10:09:16] ALL WRONG MOVES BY COLOUR: {'gray0': ['4 (turn timeout)'], 'yellow': ['7 (turn timeout)', '12 (turn timeout)', '22 (turn timeout)', '32 (turn timeout)', '42 (turn timeout)', '52 (turn timeout)', '67 (turn timeout)', '82 (turn timeout)', '92 (turn timeout)', '102 (turn timeout)', '107 (illegal move)', '108 (turn timeout)', '118 (turn timeout)', '123 (turn timeout)', '133 (turn timeout)', '138 (turn timeout)', '148 (turn timeout)']}
[2026-05-22 10:09:16] MOVE 150: Gruppe 1 (gray0) 30->31 [0.00ms]
[2026-05-22 10:09:16] SCORE Robert (lawn green): Final=1287.7, Time=91.6, Moves(30)=0.1, Pins(8)=800.0, Dist=396.0, Win Bonus=0.0
[2026-05-22 10:09:16] SCORE Gruppe 1 (gray0): Final=1167.6, Time=89.6, Moves(29)=0.0, Pins(7)=700.0, Dist=378.0, Win Bonus=0.0
[2026-05-22 10:09:16] SCORE StockWish (red): Final=934.6, Time=94.6, Moves(29)=0.0, Pins(5)=500.0, Dist=340.0, Win Bonus=0.0
[2026-05-22 10:09:16] SCORE Deepseekers (blue): Final=1049.1, Time=81.0, Moves(30)=0.1, Pins(6)=600.0, Dist=368.0, Win Bonus=0.0
[2026-05-22 10:09:16] SCORE Gruppe 67 (yellow): Final=688.6, Time=88.6, Moves(14)=0.0, Pins(3)=300.0, Dist=300.0, Win Bonus=0.0
[2026-05-22 10:09:16] ALL WRONG MOVES BY COLOUR: {'gray0': ['4 (turn timeout)'], 'yellow': ['7 (turn timeout)', '12 (turn timeout)', '22 (turn timeout)', '32 (turn timeout)', '42 (turn timeout)', '52 (turn timeout)', '67 (turn timeout)', '82 (turn timeout)', '92 (turn timeout)', '102 (turn timeout)', '107 (illegal move)', '108 (turn timeout)', '118 (turn timeout)', '123 (turn timeout)', '133 (turn timeout)', '138 (turn timeout)', '148 (turn timeout)']}
[2026-05-22 10:09:16] MOVE 151: StockWish (red) 70->60 [0.00ms]
[2026-05-22 10:09:16] SCORE Robert (lawn green): Final=1287.7, Time=91.6, Moves(30)=0.1, Pins(8)=800.0, Dist=396.0, Win Bonus=0.0
[2026-05-22 10:09:16] SCORE Gruppe 1 (gray0): Final=1167.6, Time=89.6, Moves(29)=0.0, Pins(7)=700.0, Dist=378.0, Win Bonus=0.0
[2026-05-22 10:09:16] SCORE StockWish (red): Final=936.6, Time=94.5, Moves(30)=0.1, Pins(5)=500.0, Dist=342.0, Win Bonus=0.0
[2026-05-22 10:09:16] SCORE Deepseekers (blue): Final=1049.1, Time=81.0, Moves(30)=0.1, Pins(6)=600.0, Dist=368.0, Win Bonus=0.0
[2026-05-22 10:09:16] SCORE Gruppe 67 (yellow): Final=688.6, Time=88.6, Moves(14)=0.0, Pins(3)=300.0, Dist=300.0, Win Bonus=0.0
[2026-05-22 10:09:16] ALL WRONG MOVES BY COLOUR: {'gray0': ['4 (turn timeout)'], 'yellow': ['7 (turn timeout)', '12 (turn timeout)', '22 (turn timeout)', '32 (turn timeout)', '42 (turn timeout)', '52 (turn timeout)', '67 (turn timeout)', '82 (turn timeout)', '92 (turn timeout)', '102 (turn timeout)', '107 (illegal move)', '108 (turn timeout)', '118 (turn timeout)', '123 (turn timeout)', '133 (turn timeout)', '138 (turn timeout)', '148 (turn timeout)']}
[2026-05-22 10:09:16] MOVE 152: Robert (lawn green) 65->86 [0.00ms]
[2026-05-22 10:09:16] SCORE Robert (lawn green): Final=1287.6, Time=91.4, Moves(31)=0.2, Pins(8)=800.0, Dist=396.0, Win Bonus=0.0
[2026-05-22 10:09:16] SCORE Gruppe 1 (gray0): Final=1167.6, Time=89.6, Moves(29)=0.0, Pins(7)=700.0, Dist=378.0, Win Bonus=0.0
[2026-05-22 10:09:16] SCORE StockWish (red): Final=936.6, Time=94.5, Moves(30)=0.1, Pins(5)=500.0, Dist=342.0, Win Bonus=0.0
[2026-05-22 10:09:16] SCORE Deepseekers (blue): Final=1049.1, Time=81.0, Moves(30)=0.1, Pins(6)=600.0, Dist=368.0, Win Bonus=0.0
[2026-05-22 10:09:16] SCORE Gruppe 67 (yellow): Final=688.6, Time=88.6, Moves(14)=0.0, Pins(3)=300.0, Dist=300.0, Win Bonus=0.0
[2026-05-22 10:09:16] ALL WRONG MOVES BY COLOUR: {'gray0': ['4 (turn timeout)'], 'yellow': ['7 (turn timeout)', '12 (turn timeout)', '22 (turn timeout)', '32 (turn timeout)', '42 (turn timeout)', '52 (turn timeout)', '67 (turn timeout)', '82 (turn timeout)', '92 (turn timeout)', '102 (turn timeout)', '107 (illegal move)', '108 (turn timeout)', '118 (turn timeout)', '123 (turn timeout)', '133 (turn timeout)', '138 (turn timeout)', '148 (turn timeout)']}
[2026-05-22 10:09:16] MOVE 153: Gruppe 67 (yellow) 66->52 [0.01ms]
[2026-05-22 10:09:16] SCORE Robert (lawn green): Final=1287.6, Time=91.4, Moves(31)=0.2, Pins(8)=800.0, Dist=396.0, Win Bonus=0.0
[2026-05-22 10:09:16] SCORE Gruppe 1 (gray0): Final=1167.6, Time=89.6, Moves(29)=0.0, Pins(7)=700.0, Dist=378.0, Win Bonus=0.0
[2026-05-22 10:09:16] SCORE StockWish (red): Final=936.6, Time=94.5, Moves(30)=0.1, Pins(5)=500.0, Dist=342.0, Win Bonus=0.0
[2026-05-22 10:09:16] SCORE Deepseekers (blue): Final=1049.1, Time=81.0, Moves(30)=0.1, Pins(6)=600.0, Dist=368.0, Win Bonus=0.0
[2026-05-22 10:09:16] SCORE Gruppe 67 (yellow): Final=696.5, Time=88.5, Moves(15)=0.0, Pins(3)=300.0, Dist=308.0, Win Bonus=0.0
[2026-05-22 10:09:16] ALL WRONG MOVES BY COLOUR: {'gray0': ['4 (turn timeout)'], 'yellow': ['7 (turn timeout)', '12 (turn timeout)', '22 (turn timeout)', '32 (turn timeout)', '42 (turn timeout)', '52 (turn timeout)', '67 (turn timeout)', '82 (turn timeout)', '92 (turn timeout)', '102 (turn timeout)', '107 (illegal move)', '108 (turn timeout)', '118 (turn timeout)', '123 (turn timeout)', '133 (turn timeout)', '138 (turn timeout)', '148 (turn timeout)']}
[2026-05-22 10:09:17] MOVE 154: Deepseekers (blue) 93->105 [0.01ms]
[2026-05-22 10:09:17] SCORE Robert (lawn green): Final=1287.6, Time=91.4, Moves(31)=0.2, Pins(8)=800.0, Dist=396.0, Win Bonus=0.0
[2026-05-22 10:09:17] SCORE Gruppe 1 (gray0): Final=1167.6, Time=89.6, Moves(29)=0.0, Pins(7)=700.0, Dist=378.0, Win Bonus=0.0
[2026-05-22 10:09:17] SCORE StockWish (red): Final=936.6, Time=94.5, Moves(30)=0.1, Pins(5)=500.0, Dist=342.0, Win Bonus=0.0
[2026-05-22 10:09:17] SCORE Deepseekers (blue): Final=1050.7, Time=80.5, Moves(31)=0.2, Pins(6)=600.0, Dist=370.0, Win Bonus=0.0
[2026-05-22 10:09:17] SCORE Gruppe 67 (yellow): Final=696.5, Time=88.5, Moves(15)=0.0, Pins(3)=300.0, Dist=308.0, Win Bonus=0.0
[2026-05-22 10:09:17] ALL WRONG MOVES BY COLOUR: {'gray0': ['4 (turn timeout)'], 'yellow': ['7 (turn timeout)', '12 (turn timeout)', '22 (turn timeout)', '32 (turn timeout)', '42 (turn timeout)', '52 (turn timeout)', '67 (turn timeout)', '82 (turn timeout)', '92 (turn timeout)', '102 (turn timeout)', '107 (illegal move)', '108 (turn timeout)', '118 (turn timeout)', '123 (turn timeout)', '133 (turn timeout)', '138 (turn timeout)', '148 (turn timeout)']}
[2026-05-22 10:09:17] MOVE 155: Gruppe 1 (gray0) 59->40 [0.01ms]
[2026-05-22 10:09:17] SCORE Robert (lawn green): Final=1287.6, Time=91.4, Moves(31)=0.2, Pins(8)=800.0, Dist=396.0, Win Bonus=0.0
[2026-05-22 10:09:17] SCORE Gruppe 1 (gray0): Final=1171.4, Time=89.3, Moves(30)=0.1, Pins(7)=700.0, Dist=382.0, Win Bonus=0.0
[2026-05-22 10:09:17] SCORE StockWish (red): Final=936.6, Time=94.5, Moves(30)=0.1, Pins(5)=500.0, Dist=342.0, Win Bonus=0.0
[2026-05-22 10:09:17] SCORE Deepseekers (blue): Final=1050.7, Time=80.5, Moves(31)=0.2, Pins(6)=600.0, Dist=370.0, Win Bonus=0.0
[2026-05-22 10:09:17] SCORE Gruppe 67 (yellow): Final=696.5, Time=88.5, Moves(15)=0.0, Pins(3)=300.0, Dist=308.0, Win Bonus=0.0
[2026-05-22 10:09:17] ALL WRONG MOVES BY COLOUR: {'gray0': ['4 (turn timeout)'], 'yellow': ['7 (turn timeout)', '12 (turn timeout)', '22 (turn timeout)', '32 (turn timeout)', '42 (turn timeout)', '52 (turn timeout)', '67 (turn timeout)', '82 (turn timeout)', '92 (turn timeout)', '102 (turn timeout)', '107 (illegal move)', '108 (turn timeout)', '118 (turn timeout)', '123 (turn timeout)', '133 (turn timeout)', '138 (turn timeout)', '148 (turn timeout)']}
[2026-05-22 10:09:17] MOVE 156: StockWish (red) 60->50 [0.01ms]
[2026-05-22 10:09:17] SCORE Robert (lawn green): Final=1287.6, Time=91.4, Moves(31)=0.2, Pins(8)=800.0, Dist=396.0, Win Bonus=0.0
[2026-05-22 10:09:17] SCORE Gruppe 1 (gray0): Final=1171.4, Time=89.3, Moves(30)=0.1, Pins(7)=700.0, Dist=382.0, Win Bonus=0.0
[2026-05-22 10:09:17] SCORE StockWish (red): Final=938.4, Time=94.2, Moves(31)=0.2, Pins(5)=500.0, Dist=344.0, Win Bonus=0.0
[2026-05-22 10:09:17] SCORE Deepseekers (blue): Final=1050.7, Time=80.5, Moves(31)=0.2, Pins(6)=600.0, Dist=370.0, Win Bonus=0.0
[2026-05-22 10:09:17] SCORE Gruppe 67 (yellow): Final=696.5, Time=88.5, Moves(15)=0.0, Pins(3)=300.0, Dist=308.0, Win Bonus=0.0
[2026-05-22 10:09:17] ALL WRONG MOVES BY COLOUR: {'gray0': ['4 (turn timeout)'], 'yellow': ['7 (turn timeout)', '12 (turn timeout)', '22 (turn timeout)', '32 (turn timeout)', '42 (turn timeout)', '52 (turn timeout)', '67 (turn timeout)', '82 (turn timeout)', '92 (turn timeout)', '102 (turn timeout)', '107 (illegal move)', '108 (turn timeout)', '118 (turn timeout)', '123 (turn timeout)', '133 (turn timeout)', '138 (turn timeout)', '148 (turn timeout)']}
[2026-05-22 10:09:17] MOVE 157: Robert (lawn green) 56->66 [0.00ms]
[2026-05-22 10:09:17] SCORE Robert (lawn green): Final=1287.8, Time=91.3, Moves(32)=0.5, Pins(8)=800.0, Dist=396.0, Win Bonus=0.0
[2026-05-22 10:09:17] SCORE Gruppe 1 (gray0): Final=1171.4, Time=89.3, Moves(30)=0.1, Pins(7)=700.0, Dist=382.0, Win Bonus=0.0
[2026-05-22 10:09:17] SCORE StockWish (red): Final=938.4, Time=94.2, Moves(31)=0.2, Pins(5)=500.0, Dist=344.0, Win Bonus=0.0
[2026-05-22 10:09:17] SCORE Deepseekers (blue): Final=1050.7, Time=80.5, Moves(31)=0.2, Pins(6)=600.0, Dist=370.0, Win Bonus=0.0
[2026-05-22 10:09:17] SCORE Gruppe 67 (yellow): Final=696.5, Time=88.5, Moves(15)=0.0, Pins(3)=300.0, Dist=308.0, Win Bonus=0.0
[2026-05-22 10:09:17] ALL WRONG MOVES BY COLOUR: {'gray0': ['4 (turn timeout)'], 'yellow': ['7 (turn timeout)', '12 (turn timeout)', '22 (turn timeout)', '32 (turn timeout)', '42 (turn timeout)', '52 (turn timeout)', '67 (turn timeout)', '82 (turn timeout)', '92 (turn timeout)', '102 (turn timeout)', '107 (illegal move)', '108 (turn timeout)', '118 (turn timeout)', '123 (turn timeout)', '133 (turn timeout)', '138 (turn timeout)', '148 (turn timeout)']}
[2026-05-22 10:09:19] SCORE Robert (lawn green): Final=1287.8, Time=91.3, Moves(32)=0.5, Pins(8)=800.0, Dist=396.0, Win Bonus=0.0
[2026-05-22 10:09:19] SCORE Gruppe 1 (gray0): Final=1171.4, Time=89.3, Moves(30)=0.1, Pins(7)=700.0, Dist=382.0, Win Bonus=0.0
[2026-05-22 10:09:19] SCORE StockWish (red): Final=938.4, Time=94.2, Moves(31)=0.2, Pins(5)=500.0, Dist=344.0, Win Bonus=0.0
[2026-05-22 10:09:19] SCORE Deepseekers (blue): Final=1050.7, Time=80.5, Moves(31)=0.2, Pins(6)=600.0, Dist=370.0, Win Bonus=0.0
[2026-05-22 10:09:19] SCORE Gruppe 67 (yellow): Final=696.5, Time=88.5, Moves(15)=0.0, Pins(3)=300.0, Dist=308.0, Win Bonus=0.0
[2026-05-22 10:09:19] ALL WRONG MOVES BY COLOUR: {'gray0': ['4 (turn timeout)'], 'yellow': ['7 (turn timeout)', '12 (turn timeout)', '22 (turn timeout)', '32 (turn timeout)', '42 (turn timeout)', '52 (turn timeout)', '67 (turn timeout)', '82 (turn timeout)', '92 (turn timeout)', '102 (turn timeout)', '107 (illegal move)', '108 (turn timeout)', '118 (turn timeout)', '123 (turn timeout)', '133 (turn timeout)', '138 (turn timeout)', '148 (turn timeout)', '158 (turn timeout)']}
[2026-05-22 10:09:19] TURN TIMEOUT: Player with colour yellow exceeded 2s at move 158. Turn skipped.
[2026-05-22 10:09:20] MOVE 159: Deepseekers (blue) 105->116 [0.01ms]
[2026-05-22 10:09:20] SCORE Robert (lawn green): Final=1287.8, Time=91.3, Moves(32)=0.5, Pins(8)=800.0, Dist=396.0, Win Bonus=0.0
[2026-05-22 10:09:20] SCORE Gruppe 1 (gray0): Final=1171.4, Time=89.3, Moves(30)=0.1, Pins(7)=700.0, Dist=382.0, Win Bonus=0.0
[2026-05-22 10:09:20] SCORE StockWish (red): Final=938.4, Time=94.2, Moves(31)=0.2, Pins(5)=500.0, Dist=344.0, Win Bonus=0.0
[2026-05-22 10:09:20] SCORE Deepseekers (blue): Final=1152.5, Time=80.0, Moves(32)=0.5, Pins(7)=700.0, Dist=372.0, Win Bonus=0.0
[2026-05-22 10:09:20] SCORE Gruppe 67 (yellow): Final=696.5, Time=88.5, Moves(15)=0.0, Pins(3)=300.0, Dist=308.0, Win Bonus=0.0
[2026-05-22 10:09:20] ALL WRONG MOVES BY COLOUR: {'gray0': ['4 (turn timeout)'], 'yellow': ['7 (turn timeout)', '12 (turn timeout)', '22 (turn timeout)', '32 (turn timeout)', '42 (turn timeout)', '52 (turn timeout)', '67 (turn timeout)', '82 (turn timeout)', '92 (turn timeout)', '102 (turn timeout)', '107 (illegal move)', '108 (turn timeout)', '118 (turn timeout)', '123 (turn timeout)', '133 (turn timeout)', '138 (turn timeout)', '148 (turn timeout)', '158 (turn timeout)']}
[2026-05-22 10:09:20] MOVE 160: Gruppe 1 (gray0) 31->19 [0.01ms]
[2026-05-22 10:09:20] SCORE Robert (lawn green): Final=1287.8, Time=91.3, Moves(32)=0.5, Pins(8)=800.0, Dist=396.0, Win Bonus=0.0
[2026-05-22 10:09:20] SCORE Gruppe 1 (gray0): Final=1273.1, Time=88.9, Moves(31)=0.2, Pins(8)=800.0, Dist=384.0, Win Bonus=0.0
[2026-05-22 10:09:20] SCORE StockWish (red): Final=938.4, Time=94.2, Moves(31)=0.2, Pins(5)=500.0, Dist=344.0, Win Bonus=0.0
[2026-05-22 10:09:20] SCORE Deepseekers (blue): Final=1152.5, Time=80.0, Moves(32)=0.5, Pins(7)=700.0, Dist=372.0, Win Bonus=0.0
[2026-05-22 10:09:20] SCORE Gruppe 67 (yellow): Final=696.5, Time=88.5, Moves(15)=0.0, Pins(3)=300.0, Dist=308.0, Win Bonus=0.0
[2026-05-22 10:09:20] ALL WRONG MOVES BY COLOUR: {'gray0': ['4 (turn timeout)'], 'yellow': ['7 (turn timeout)', '12 (turn timeout)', '22 (turn timeout)', '32 (turn timeout)', '42 (turn timeout)', '52 (turn timeout)', '67 (turn timeout)', '82 (turn timeout)', '92 (turn timeout)', '102 (turn timeout)', '107 (illegal move)', '108 (turn timeout)', '118 (turn timeout)', '123 (turn timeout)', '133 (turn timeout)', '138 (turn timeout)', '148 (turn timeout)', '158 (turn timeout)']}
[2026-05-22 10:09:20] MOVE 161: StockWish (red) 8->1 [0.01ms]
[2026-05-22 10:09:20] SCORE Robert (lawn green): Final=1287.8, Time=91.3, Moves(32)=0.5, Pins(8)=800.0, Dist=396.0, Win Bonus=0.0
[2026-05-22 10:09:20] SCORE Gruppe 1 (gray0): Final=1273.1, Time=88.9, Moves(31)=0.2, Pins(8)=800.0, Dist=384.0, Win Bonus=0.0
[2026-05-22 10:09:20] SCORE StockWish (red): Final=938.7, Time=94.2, Moves(32)=0.5, Pins(5)=500.0, Dist=344.0, Win Bonus=0.0
[2026-05-22 10:09:20] SCORE Deepseekers (blue): Final=1152.5, Time=80.0, Moves(32)=0.5, Pins(7)=700.0, Dist=372.0, Win Bonus=0.0
[2026-05-22 10:09:20] SCORE Gruppe 67 (yellow): Final=696.5, Time=88.5, Moves(15)=0.0, Pins(3)=300.0, Dist=308.0, Win Bonus=0.0
[2026-05-22 10:09:20] ALL WRONG MOVES BY COLOUR: {'gray0': ['4 (turn timeout)'], 'yellow': ['7 (turn timeout)', '12 (turn timeout)', '22 (turn timeout)', '32 (turn timeout)', '42 (turn timeout)', '52 (turn timeout)', '67 (turn timeout)', '82 (turn timeout)', '92 (turn timeout)', '102 (turn timeout)', '107 (illegal move)', '108 (turn timeout)', '118 (turn timeout)', '123 (turn timeout)', '133 (turn timeout)', '138 (turn timeout)', '148 (turn timeout)', '158 (turn timeout)']}
[2026-05-22 10:09:21] MOVE 162: Robert (lawn green) 66->65 [0.00ms]
[2026-05-22 10:09:21] SCORE Robert (lawn green): Final=1390.2, Time=91.1, Moves(33)=1.1, Pins(9)=900.0, Dist=398.0, Win Bonus=0.0
[2026-05-22 10:09:21] SCORE Gruppe 1 (gray0): Final=1273.1, Time=88.9, Moves(31)=0.2, Pins(8)=800.0, Dist=384.0, Win Bonus=0.0
[2026-05-22 10:09:21] SCORE StockWish (red): Final=938.7, Time=94.2, Moves(32)=0.5, Pins(5)=500.0, Dist=344.0, Win Bonus=0.0
[2026-05-22 10:09:21] SCORE Deepseekers (blue): Final=1152.5, Time=80.0, Moves(32)=0.5, Pins(7)=700.0, Dist=372.0, Win Bonus=0.0
[2026-05-22 10:09:21] SCORE Gruppe 67 (yellow): Final=696.5, Time=88.5, Moves(15)=0.0, Pins(3)=300.0, Dist=308.0, Win Bonus=0.0
[2026-05-22 10:09:21] ALL WRONG MOVES BY COLOUR: {'gray0': ['4 (turn timeout)'], 'yellow': ['7 (turn timeout)', '12 (turn timeout)', '22 (turn timeout)', '32 (turn timeout)', '42 (turn timeout)', '52 (turn timeout)', '67 (turn timeout)', '82 (turn timeout)', '92 (turn timeout)', '102 (turn timeout)', '107 (illegal move)', '108 (turn timeout)', '118 (turn timeout)', '123 (turn timeout)', '133 (turn timeout)', '138 (turn timeout)', '148 (turn timeout)', '158 (turn timeout)']}
[2026-05-22 10:09:21] MOVE 163: Gruppe 67 (yellow) 10->23 [0.01ms]
[2026-05-22 10:09:21] SCORE Robert (lawn green): Final=1390.2, Time=91.1, Moves(33)=1.1, Pins(9)=900.0, Dist=398.0, Win Bonus=0.0
[2026-05-22 10:09:21] SCORE Gruppe 1 (gray0): Final=1273.1, Time=88.9, Moves(31)=0.2, Pins(8)=800.0, Dist=384.0, Win Bonus=0.0
[2026-05-22 10:09:21] SCORE StockWish (red): Final=938.7, Time=94.2, Moves(32)=0.5, Pins(5)=500.0, Dist=344.0, Win Bonus=0.0
[2026-05-22 10:09:21] SCORE Deepseekers (blue): Final=1152.5, Time=80.0, Moves(32)=0.5, Pins(7)=700.0, Dist=372.0, Win Bonus=0.0
[2026-05-22 10:09:21] SCORE Gruppe 67 (yellow): Final=698.5, Time=88.5, Moves(16)=0.0, Pins(3)=300.0, Dist=310.0, Win Bonus=0.0
[2026-05-22 10:09:21] ALL WRONG MOVES BY COLOUR: {'gray0': ['4 (turn timeout)'], 'yellow': ['7 (turn timeout)', '12 (turn timeout)', '22 (turn timeout)', '32 (turn timeout)', '42 (turn timeout)', '52 (turn timeout)', '67 (turn timeout)', '82 (turn timeout)', '92 (turn timeout)', '102 (turn timeout)', '107 (illegal move)', '108 (turn timeout)', '118 (turn timeout)', '123 (turn timeout)', '133 (turn timeout)', '138 (turn timeout)', '148 (turn timeout)', '158 (turn timeout)']}
[2026-05-22 10:09:21] MOVE 164: Deepseekers (blue) 67->78 [0.00ms]
[2026-05-22 10:09:21] SCORE Robert (lawn green): Final=1390.2, Time=91.1, Moves(33)=1.1, Pins(9)=900.0, Dist=398.0, Win Bonus=0.0
[2026-05-22 10:09:21] SCORE Gruppe 1 (gray0): Final=1273.1, Time=88.9, Moves(31)=0.2, Pins(8)=800.0, Dist=384.0, Win Bonus=0.0
[2026-05-22 10:09:21] SCORE StockWish (red): Final=938.7, Time=94.2, Moves(32)=0.5, Pins(5)=500.0, Dist=344.0, Win Bonus=0.0
[2026-05-22 10:09:21] SCORE Deepseekers (blue): Final=1154.6, Time=79.5, Moves(33)=1.1, Pins(7)=700.0, Dist=374.0, Win Bonus=0.0
[2026-05-22 10:09:21] SCORE Gruppe 67 (yellow): Final=698.5, Time=88.5, Moves(16)=0.0, Pins(3)=300.0, Dist=310.0, Win Bonus=0.0
[2026-05-22 10:09:21] ALL WRONG MOVES BY COLOUR: {'gray0': ['4 (turn timeout)'], 'yellow': ['7 (turn timeout)', '12 (turn timeout)', '22 (turn timeout)', '32 (turn timeout)', '42 (turn timeout)', '52 (turn timeout)', '67 (turn timeout)', '82 (turn timeout)', '92 (turn timeout)', '102 (turn timeout)', '107 (illegal move)', '108 (turn timeout)', '118 (turn timeout)', '123 (turn timeout)', '133 (turn timeout)', '138 (turn timeout)', '148 (turn timeout)', '158 (turn timeout)']}
[2026-05-22 10:09:22] MOVE 165: Gruppe 1 (gray0) 40->41 [0.00ms]
[2026-05-22 10:09:22] SCORE Robert (lawn green): Final=1390.2, Time=91.1, Moves(33)=1.1, Pins(9)=900.0, Dist=398.0, Win Bonus=0.0
[2026-05-22 10:09:22] SCORE Gruppe 1 (gray0): Final=1275.1, Time=88.6, Moves(32)=0.5, Pins(8)=800.0, Dist=386.0, Win Bonus=0.0
[2026-05-22 10:09:22] SCORE StockWish (red): Final=938.7, Time=94.2, Moves(32)=0.5, Pins(5)=500.0, Dist=344.0, Win Bonus=0.0
[2026-05-22 10:09:22] SCORE Deepseekers (blue): Final=1154.6, Time=79.5, Moves(33)=1.1, Pins(7)=700.0, Dist=374.0, Win Bonus=0.0
[2026-05-22 10:09:22] SCORE Gruppe 67 (yellow): Final=698.5, Time=88.5, Moves(16)=0.0, Pins(3)=300.0, Dist=310.0, Win Bonus=0.0
[2026-05-22 10:09:22] ALL WRONG MOVES BY COLOUR: {'gray0': ['4 (turn timeout)'], 'yellow': ['7 (turn timeout)', '12 (turn timeout)', '22 (turn timeout)', '32 (turn timeout)', '42 (turn timeout)', '52 (turn timeout)', '67 (turn timeout)', '82 (turn timeout)', '92 (turn timeout)', '102 (turn timeout)', '107 (illegal move)', '108 (turn timeout)', '118 (turn timeout)', '123 (turn timeout)', '133 (turn timeout)', '138 (turn timeout)', '148 (turn timeout)', '158 (turn timeout)']}
[2026-05-22 10:09:22] MOVE 166: StockWish (red) 50->40 [0.00ms]
[2026-05-22 10:09:22] SCORE Robert (lawn green): Final=1390.2, Time=91.1, Moves(33)=1.1, Pins(9)=900.0, Dist=398.0, Win Bonus=0.0
[2026-05-22 10:09:22] SCORE Gruppe 1 (gray0): Final=1275.1, Time=88.6, Moves(32)=0.5, Pins(8)=800.0, Dist=386.0, Win Bonus=0.0
[2026-05-22 10:09:22] SCORE StockWish (red): Final=941.2, Time=94.1, Moves(33)=1.1, Pins(5)=500.0, Dist=346.0, Win Bonus=0.0
[2026-05-22 10:09:22] SCORE Deepseekers (blue): Final=1154.6, Time=79.5, Moves(33)=1.1, Pins(7)=700.0, Dist=374.0, Win Bonus=0.0
[2026-05-22 10:09:22] SCORE Gruppe 67 (yellow): Final=698.5, Time=88.5, Moves(16)=0.0, Pins(3)=300.0, Dist=310.0, Win Bonus=0.0
[2026-05-22 10:09:22] ALL WRONG MOVES BY COLOUR: {'gray0': ['4 (turn timeout)'], 'yellow': ['7 (turn timeout)', '12 (turn timeout)', '22 (turn timeout)', '32 (turn timeout)', '42 (turn timeout)', '52 (turn timeout)', '67 (turn timeout)', '82 (turn timeout)', '92 (turn timeout)', '102 (turn timeout)', '107 (illegal move)', '108 (turn timeout)', '118 (turn timeout)', '123 (turn timeout)', '133 (turn timeout)', '138 (turn timeout)', '148 (turn timeout)', '158 (turn timeout)']}
[2026-05-22 10:09:22] MOVE 167: Robert (lawn green) 100->101 [0.00ms]
[2026-05-22 10:09:22] SCORE Robert (lawn green): Final=1391.1, Time=90.9, Moves(34)=2.3, Pins(9)=900.0, Dist=398.0, Win Bonus=0.0
[2026-05-22 10:09:22] SCORE Gruppe 1 (gray0): Final=1275.1, Time=88.6, Moves(32)=0.5, Pins(8)=800.0, Dist=386.0, Win Bonus=0.0
[2026-05-22 10:09:22] SCORE StockWish (red): Final=941.2, Time=94.1, Moves(33)=1.1, Pins(5)=500.0, Dist=346.0, Win Bonus=0.0
[2026-05-22 10:09:22] SCORE Deepseekers (blue): Final=1154.6, Time=79.5, Moves(33)=1.1, Pins(7)=700.0, Dist=374.0, Win Bonus=0.0
[2026-05-22 10:09:22] SCORE Gruppe 67 (yellow): Final=698.5, Time=88.5, Moves(16)=0.0, Pins(3)=300.0, Dist=310.0, Win Bonus=0.0
[2026-05-22 10:09:22] ALL WRONG MOVES BY COLOUR: {'gray0': ['4 (turn timeout)'], 'yellow': ['7 (turn timeout)', '12 (turn timeout)', '22 (turn timeout)', '32 (turn timeout)', '42 (turn timeout)', '52 (turn timeout)', '67 (turn timeout)', '82 (turn timeout)', '92 (turn timeout)', '102 (turn timeout)', '107 (illegal move)', '108 (turn timeout)', '118 (turn timeout)', '123 (turn timeout)', '133 (turn timeout)', '138 (turn timeout)', '148 (turn timeout)', '158 (turn timeout)']}
[2026-05-22 10:09:23] MOVE 168: Gruppe 67 (yellow) 23->48 [0.00ms]
[2026-05-22 10:09:23] SCORE Robert (lawn green): Final=1391.1, Time=90.9, Moves(34)=2.3, Pins(9)=900.0, Dist=398.0, Win Bonus=0.0
[2026-05-22 10:09:23] SCORE Gruppe 1 (gray0): Final=1275.1, Time=88.6, Moves(32)=0.5, Pins(8)=800.0, Dist=386.0, Win Bonus=0.0
[2026-05-22 10:09:23] SCORE StockWish (red): Final=941.2, Time=94.1, Moves(33)=1.1, Pins(5)=500.0, Dist=346.0, Win Bonus=0.0
[2026-05-22 10:09:23] SCORE Deepseekers (blue): Final=1154.6, Time=79.5, Moves(33)=1.1, Pins(7)=700.0, Dist=374.0, Win Bonus=0.0
[2026-05-22 10:09:23] SCORE Gruppe 67 (yellow): Final=705.4, Time=87.4, Moves(17)=0.0, Pins(3)=300.0, Dist=318.0, Win Bonus=0.0
[2026-05-22 10:09:23] ALL WRONG MOVES BY COLOUR: {'gray0': ['4 (turn timeout)'], 'yellow': ['7 (turn timeout)', '12 (turn timeout)', '22 (turn timeout)', '32 (turn timeout)', '42 (turn timeout)', '52 (turn timeout)', '67 (turn timeout)', '82 (turn timeout)', '92 (turn timeout)', '102 (turn timeout)', '107 (illegal move)', '108 (turn timeout)', '118 (turn timeout)', '123 (turn timeout)', '133 (turn timeout)', '138 (turn timeout)', '148 (turn timeout)', '158 (turn timeout)']}
[2026-05-22 10:09:23] MOVE 169: Deepseekers (blue) 78->90 [0.00ms]
[2026-05-22 10:09:23] SCORE Robert (lawn green): Final=1391.1, Time=90.9, Moves(34)=2.3, Pins(9)=900.0, Dist=398.0, Win Bonus=0.0
[2026-05-22 10:09:23] SCORE Gruppe 1 (gray0): Final=1275.1, Time=88.6, Moves(32)=0.5, Pins(8)=800.0, Dist=386.0, Win Bonus=0.0
[2026-05-22 10:09:23] SCORE StockWish (red): Final=941.2, Time=94.1, Moves(33)=1.1, Pins(5)=500.0, Dist=346.0, Win Bonus=0.0
[2026-05-22 10:09:23] SCORE Deepseekers (blue): Final=1157.3, Time=79.1, Moves(34)=2.3, Pins(7)=700.0, Dist=376.0, Win Bonus=0.0
[2026-05-22 10:09:23] SCORE Gruppe 67 (yellow): Final=705.4, Time=87.4, Moves(17)=0.0, Pins(3)=300.0, Dist=318.0, Win Bonus=0.0
[2026-05-22 10:09:23] ALL WRONG MOVES BY COLOUR: {'gray0': ['4 (turn timeout)'], 'yellow': ['7 (turn timeout)', '12 (turn timeout)', '22 (turn timeout)', '32 (turn timeout)', '42 (turn timeout)', '52 (turn timeout)', '67 (turn timeout)', '82 (turn timeout)', '92 (turn timeout)', '102 (turn timeout)', '107 (illegal move)', '108 (turn timeout)', '118 (turn timeout)', '123 (turn timeout)', '133 (turn timeout)', '138 (turn timeout)', '148 (turn timeout)', '158 (turn timeout)']}
[2026-05-22 10:09:24] MOVE 170: Gruppe 1 (gray0) 41->64 [0.00ms]
[2026-05-22 10:09:24] SCORE Robert (lawn green): Final=1391.1, Time=90.9, Moves(34)=2.3, Pins(9)=900.0, Dist=398.0, Win Bonus=0.0
[2026-05-22 10:09:24] SCORE Gruppe 1 (gray0): Final=1279.3, Time=88.2, Moves(33)=1.1, Pins(8)=800.0, Dist=390.0, Win Bonus=0.0
[2026-05-22 10:09:24] SCORE StockWish (red): Final=941.2, Time=94.1, Moves(33)=1.1, Pins(5)=500.0, Dist=346.0, Win Bonus=0.0
[2026-05-22 10:09:24] SCORE Deepseekers (blue): Final=1157.3, Time=79.1, Moves(34)=2.3, Pins(7)=700.0, Dist=376.0, Win Bonus=0.0
[2026-05-22 10:09:24] SCORE Gruppe 67 (yellow): Final=705.4, Time=87.4, Moves(17)=0.0, Pins(3)=300.0, Dist=318.0, Win Bonus=0.0
[2026-05-22 10:09:24] ALL WRONG MOVES BY COLOUR: {'gray0': ['4 (turn timeout)'], 'yellow': ['7 (turn timeout)', '12 (turn timeout)', '22 (turn timeout)', '32 (turn timeout)', '42 (turn timeout)', '52 (turn timeout)', '67 (turn timeout)', '82 (turn timeout)', '92 (turn timeout)', '102 (turn timeout)', '107 (illegal move)', '108 (turn timeout)', '118 (turn timeout)', '123 (turn timeout)', '133 (turn timeout)', '138 (turn timeout)', '148 (turn timeout)', '158 (turn timeout)']}
[2026-05-22 10:09:24] MOVE 171: StockWish (red) 17->30 [0.00ms]
[2026-05-22 10:09:24] SCORE Robert (lawn green): Final=1391.1, Time=90.9, Moves(34)=2.3, Pins(9)=900.0, Dist=398.0, Win Bonus=0.0
[2026-05-22 10:09:24] SCORE Gruppe 1 (gray0): Final=1279.3, Time=88.2, Moves(33)=1.1, Pins(8)=800.0, Dist=390.0, Win Bonus=0.0
[2026-05-22 10:09:24] SCORE StockWish (red): Final=940.3, Time=94.0, Moves(34)=2.3, Pins(5)=500.0, Dist=344.0, Win Bonus=0.0
[2026-05-22 10:09:24] SCORE Deepseekers (blue): Final=1157.3, Time=79.1, Moves(34)=2.3, Pins(7)=700.0, Dist=376.0, Win Bonus=0.0
[2026-05-22 10:09:24] SCORE Gruppe 67 (yellow): Final=705.4, Time=87.4, Moves(17)=0.0, Pins(3)=300.0, Dist=318.0, Win Bonus=0.0
[2026-05-22 10:09:24] ALL WRONG MOVES BY COLOUR: {'gray0': ['4 (turn timeout)'], 'yellow': ['7 (turn timeout)', '12 (turn timeout)', '22 (turn timeout)', '32 (turn timeout)', '42 (turn timeout)', '52 (turn timeout)', '67 (turn timeout)', '82 (turn timeout)', '92 (turn timeout)', '102 (turn timeout)', '107 (illegal move)', '108 (turn timeout)', '118 (turn timeout)', '123 (turn timeout)', '133 (turn timeout)', '138 (turn timeout)', '148 (turn timeout)', '158 (turn timeout)']}
[2026-05-22 10:09:24] MOVE 172: Robert (lawn green) 77->102 [0.01ms]
[2026-05-22 10:09:24] SCORE Robert (lawn green): Final=1392.9, Time=90.5, Moves(35)=4.4, Pins(9)=900.0, Dist=398.0, Win Bonus=0.0
[2026-05-22 10:09:24] SCORE Gruppe 1 (gray0): Final=1279.3, Time=88.2, Moves(33)=1.1, Pins(8)=800.0, Dist=390.0, Win Bonus=0.0
[2026-05-22 10:09:24] SCORE StockWish (red): Final=940.3, Time=94.0, Moves(34)=2.3, Pins(5)=500.0, Dist=344.0, Win Bonus=0.0
[2026-05-22 10:09:24] SCORE Deepseekers (blue): Final=1157.3, Time=79.1, Moves(34)=2.3, Pins(7)=700.0, Dist=376.0, Win Bonus=0.0
[2026-05-22 10:09:24] SCORE Gruppe 67 (yellow): Final=705.4, Time=87.4, Moves(17)=0.0, Pins(3)=300.0, Dist=318.0, Win Bonus=0.0
[2026-05-22 10:09:24] ALL WRONG MOVES BY COLOUR: {'gray0': ['4 (turn timeout)'], 'yellow': ['7 (turn timeout)', '12 (turn timeout)', '22 (turn timeout)', '32 (turn timeout)', '42 (turn timeout)', '52 (turn timeout)', '67 (turn timeout)', '82 (turn timeout)', '92 (turn timeout)', '102 (turn timeout)', '107 (illegal move)', '108 (turn timeout)', '118 (turn timeout)', '123 (turn timeout)', '133 (turn timeout)', '138 (turn timeout)', '148 (turn timeout)', '158 (turn timeout)']}
[2026-05-22 10:09:25] MOVE 173: Gruppe 67 (yellow) 37->58 [0.00ms]
[2026-05-22 10:09:25] SCORE Robert (lawn green): Final=1392.9, Time=90.5, Moves(35)=4.4, Pins(9)=900.0, Dist=398.0, Win Bonus=0.0
[2026-05-22 10:09:25] SCORE Gruppe 1 (gray0): Final=1279.3, Time=88.2, Moves(33)=1.1, Pins(8)=800.0, Dist=390.0, Win Bonus=0.0
[2026-05-22 10:09:25] SCORE StockWish (red): Final=940.3, Time=94.0, Moves(34)=2.3, Pins(5)=500.0, Dist=344.0, Win Bonus=0.0
[2026-05-22 10:09:25] SCORE Deepseekers (blue): Final=1157.3, Time=79.1, Moves(34)=2.3, Pins(7)=700.0, Dist=376.0, Win Bonus=0.0
[2026-05-22 10:09:25] SCORE Gruppe 67 (yellow): Final=708.2, Time=86.2, Moves(18)=0.0, Pins(3)=300.0, Dist=322.0, Win Bonus=0.0
[2026-05-22 10:09:25] ALL WRONG MOVES BY COLOUR: {'gray0': ['4 (turn timeout)'], 'yellow': ['7 (turn timeout)', '12 (turn timeout)', '22 (turn timeout)', '32 (turn timeout)', '42 (turn timeout)', '52 (turn timeout)', '67 (turn timeout)', '82 (turn timeout)', '92 (turn timeout)', '102 (turn timeout)', '107 (illegal move)', '108 (turn timeout)', '118 (turn timeout)', '123 (turn timeout)', '133 (turn timeout)', '138 (turn timeout)', '148 (turn timeout)', '158 (turn timeout)']}
[2026-05-22 10:09:26] MOVE 174: Deepseekers (blue) 29->50 [0.00ms]
[2026-05-22 10:09:26] SCORE Robert (lawn green): Final=1392.9, Time=90.5, Moves(35)=4.4, Pins(9)=900.0, Dist=398.0, Win Bonus=0.0
[2026-05-22 10:09:26] SCORE Gruppe 1 (gray0): Final=1279.3, Time=88.2, Moves(33)=1.1, Pins(8)=800.0, Dist=390.0, Win Bonus=0.0
[2026-05-22 10:09:26] SCORE StockWish (red): Final=940.3, Time=94.0, Moves(34)=2.3, Pins(5)=500.0, Dist=344.0, Win Bonus=0.0
[2026-05-22 10:09:26] SCORE Deepseekers (blue): Final=1162.7, Time=78.3, Moves(35)=4.4, Pins(7)=700.0, Dist=380.0, Win Bonus=0.0
[2026-05-22 10:09:26] SCORE Gruppe 67 (yellow): Final=708.2, Time=86.2, Moves(18)=0.0, Pins(3)=300.0, Dist=322.0, Win Bonus=0.0
[2026-05-22 10:09:26] ALL WRONG MOVES BY COLOUR: {'gray0': ['4 (turn timeout)'], 'yellow': ['7 (turn timeout)', '12 (turn timeout)', '22 (turn timeout)', '32 (turn timeout)', '42 (turn timeout)', '52 (turn timeout)', '67 (turn timeout)', '82 (turn timeout)', '92 (turn timeout)', '102 (turn timeout)', '107 (illegal move)', '108 (turn timeout)', '118 (turn timeout)', '123 (turn timeout)', '133 (turn timeout)', '138 (turn timeout)', '148 (turn timeout)', '158 (turn timeout)']}
[2026-05-22 10:09:27] MOVE 175: Gruppe 1 (gray0) 64->55 [0.01ms]
[2026-05-22 10:09:27] SCORE Robert (lawn green): Final=1392.9, Time=90.5, Moves(35)=4.4, Pins(9)=900.0, Dist=398.0, Win Bonus=0.0
[2026-05-22 10:09:27] SCORE Gruppe 1 (gray0): Final=1382.0, Time=87.7, Moves(34)=2.3, Pins(9)=900.0, Dist=392.0, Win Bonus=0.0
[2026-05-22 10:09:27] SCORE StockWish (red): Final=940.3, Time=94.0, Moves(34)=2.3, Pins(5)=500.0, Dist=344.0, Win Bonus=0.0
[2026-05-22 10:09:27] SCORE Deepseekers (blue): Final=1162.7, Time=78.3, Moves(35)=4.4, Pins(7)=700.0, Dist=380.0, Win Bonus=0.0
[2026-05-22 10:09:27] SCORE Gruppe 67 (yellow): Final=708.2, Time=86.2, Moves(18)=0.0, Pins(3)=300.0, Dist=322.0, Win Bonus=0.0
[2026-05-22 10:09:27] ALL WRONG MOVES BY COLOUR: {'gray0': ['4 (turn timeout)'], 'yellow': ['7 (turn timeout)', '12 (turn timeout)', '22 (turn timeout)', '32 (turn timeout)', '42 (turn timeout)', '52 (turn timeout)', '67 (turn timeout)', '82 (turn timeout)', '92 (turn timeout)', '102 (turn timeout)', '107 (illegal move)', '108 (turn timeout)', '118 (turn timeout)', '123 (turn timeout)', '133 (turn timeout)', '138 (turn timeout)', '148 (turn timeout)', '158 (turn timeout)']}
[2026-05-22 10:09:27] MOVE 176: StockWish (red) 40->29 [0.00ms]
[2026-05-22 10:09:27] SCORE Robert (lawn green): Final=1392.9, Time=90.5, Moves(35)=4.4, Pins(9)=900.0, Dist=398.0, Win Bonus=0.0
[2026-05-22 10:09:27] SCORE Gruppe 1 (gray0): Final=1382.0, Time=87.7, Moves(34)=2.3, Pins(9)=900.0, Dist=392.0, Win Bonus=0.0
[2026-05-22 10:09:27] SCORE StockWish (red): Final=943.7, Time=93.3, Moves(35)=4.4, Pins(5)=500.0, Dist=346.0, Win Bonus=0.0
[2026-05-22 10:09:27] SCORE Deepseekers (blue): Final=1162.7, Time=78.3, Moves(35)=4.4, Pins(7)=700.0, Dist=380.0, Win Bonus=0.0
[2026-05-22 10:09:27] SCORE Gruppe 67 (yellow): Final=708.2, Time=86.2, Moves(18)=0.0, Pins(3)=300.0, Dist=322.0, Win Bonus=0.0
[2026-05-22 10:09:27] ALL WRONG MOVES BY COLOUR: {'gray0': ['4 (turn timeout)'], 'yellow': ['7 (turn timeout)', '12 (turn timeout)', '22 (turn timeout)', '32 (turn timeout)', '42 (turn timeout)', '52 (turn timeout)', '67 (turn timeout)', '82 (turn timeout)', '92 (turn timeout)', '102 (turn timeout)', '107 (illegal move)', '108 (turn timeout)', '118 (turn timeout)', '123 (turn timeout)', '133 (turn timeout)', '138 (turn timeout)', '148 (turn timeout)', '158 (turn timeout)']}
[2026-05-22 10:09:28] MOVE 177: Robert (lawn green) 102->100 [0.01ms]
[2026-05-22 10:09:28] SCORE Robert (lawn green): Final=2498.3, Time=90.3, Moves(36)=8.0, Pins(10)=1000.0, Dist=400.0, Win Bonus=1000.0
[2026-05-22 10:09:28] SCORE Gruppe 1 (gray0): Final=1382.0, Time=87.7, Moves(34)=2.3, Pins(9)=900.0, Dist=392.0, Win Bonus=0.0
[2026-05-22 10:09:28] SCORE StockWish (red): Final=943.7, Time=93.3, Moves(35)=4.4, Pins(5)=500.0, Dist=346.0, Win Bonus=0.0
[2026-05-22 10:09:28] SCORE Deepseekers (blue): Final=1162.7, Time=78.3, Moves(35)=4.4, Pins(7)=700.0, Dist=380.0, Win Bonus=0.0
[2026-05-22 10:09:28] SCORE Gruppe 67 (yellow): Final=708.2, Time=86.2, Moves(18)=0.0, Pins(3)=300.0, Dist=322.0, Win Bonus=0.0
[2026-05-22 10:09:28] ALL WRONG MOVES BY COLOUR: {'gray0': ['4 (turn timeout)'], 'yellow': ['7 (turn timeout)', '12 (turn timeout)', '22 (turn timeout)', '32 (turn timeout)', '42 (turn timeout)', '52 (turn timeout)', '67 (turn timeout)', '82 (turn timeout)', '92 (turn timeout)', '102 (turn timeout)', '107 (illegal move)', '108 (turn timeout)', '118 (turn timeout)', '123 (turn timeout)', '133 (turn timeout)', '138 (turn timeout)', '148 (turn timeout)', '158 (turn timeout)']}
[2026-05-22 10:14:44] SCORE Robert (lawn green): Final=2498.3, Time=90.3, Moves(36)=8.0, Pins(10)=1000.0, Dist=400.0, Win Bonus=1000.0
[2026-05-22 10:14:44] SCORE Gruppe 1 (gray0): Final=1382.0, Time=87.7, Moves(34)=2.3, Pins(9)=900.0, Dist=392.0, Win Bonus=0.0
[2026-05-22 10:14:44] SCORE StockWish (red): Final=943.7, Time=93.3, Moves(35)=4.4, Pins(5)=500.0, Dist=346.0, Win Bonus=0.0
[2026-05-22 10:14:44] SCORE Deepseekers (blue): Final=1162.7, Time=78.3, Moves(35)=4.4, Pins(7)=700.0, Dist=380.0, Win Bonus=0.0
[2026-05-22 10:14:44] SCORE Gruppe 67 (yellow): Final=708.2, Time=86.2, Moves(18)=0.0, Pins(3)=300.0, Dist=322.0, Win Bonus=0.0
[2026-05-22 10:14:44] ALL WRONG MOVES BY COLOUR: {'gray0': ['4 (turn timeout)'], 'yellow': ['7 (turn timeout)', '12 (turn timeout)', '22 (turn timeout)', '32 (turn timeout)', '42 (turn timeout)', '52 (turn timeout)', '67 (turn timeout)', '82 (turn timeout)', '92 (turn timeout)', '102 (turn timeout)', '107 (illegal move)', '108 (turn timeout)', '118 (turn timeout)', '123 (turn timeout)', '133 (turn timeout)', '138 (turn timeout)', '148 (turn timeout)', '158 (turn timeout)']}
[2026-05-22 10:14:44] GAME TIME LIMIT REACHED.
[2026-05-22 10:14:44] SCORE Robert (lawn green): Final=2498.3, Time=90.3, Moves(36)=8.0, Pins(10)=1000.0, Dist=400.0, Win Bonus=1000.0
[2026-05-22 10:14:44] SCORE Gruppe 1 (gray0): Final=1382.0, Time=87.7, Moves(34)=2.3, Pins(9)=900.0, Dist=392.0, Win Bonus=0.0
[2026-05-22 10:14:44] SCORE StockWish (red): Final=943.7, Time=93.3, Moves(35)=4.4, Pins(5)=500.0, Dist=346.0, Win Bonus=0.0
[2026-05-22 10:14:44] SCORE Deepseekers (blue): Final=1162.7, Time=78.3, Moves(35)=4.4, Pins(7)=700.0, Dist=380.0, Win Bonus=0.0
[2026-05-22 10:14:44] SCORE Gruppe 67 (yellow): Final=708.2, Time=86.2, Moves(18)=0.0, Pins(3)=300.0, Dist=322.0, Win Bonus=0.0
[2026-05-22 10:14:44] ALL WRONG MOVES BY COLOUR: {'gray0': ['4 (turn timeout)'], 'yellow': ['7 (turn timeout)', '12 (turn timeout)', '22 (turn timeout)', '32 (turn timeout)', '42 (turn timeout)', '52 (turn timeout)', '67 (turn timeout)', '82 (turn timeout)', '92 (turn timeout)', '102 (turn timeout)', '107 (illegal move)', '108 (turn timeout)', '118 (turn timeout)', '123 (turn timeout)', '133 (turn timeout)', '138 (turn timeout)', '148 (turn timeout)', '158 (turn timeout)']}
[2026-05-22 10:14:44] GAME TIME LIMIT REACHED.
[2026-05-22 10:14:45] SCORE Robert (lawn green): Final=2498.3, Time=90.3, Moves(36)=8.0, Pins(10)=1000.0, Dist=400.0, Win Bonus=1000.0
[2026-05-22 10:14:45] SCORE Gruppe 1 (gray0): Final=1382.0, Time=87.7, Moves(34)=2.3, Pins(9)=900.0, Dist=392.0, Win Bonus=0.0
[2026-05-22 10:14:45] SCORE StockWish (red): Final=943.7, Time=93.3, Moves(35)=4.4, Pins(5)=500.0, Dist=346.0, Win Bonus=0.0
[2026-05-22 10:14:45] SCORE Deepseekers (blue): Final=1162.7, Time=78.3, Moves(35)=4.4, Pins(7)=700.0, Dist=380.0, Win Bonus=0.0
[2026-05-22 10:14:45] SCORE Gruppe 67 (yellow): Final=708.2, Time=86.2, Moves(18)=0.0, Pins(3)=300.0, Dist=322.0, Win Bonus=0.0
[2026-05-22 10:14:45] ALL WRONG MOVES BY COLOUR: {'gray0': ['4 (turn timeout)'], 'yellow': ['7 (turn timeout)', '12 (turn timeout)', '22 (turn timeout)', '32 (turn timeout)', '42 (turn timeout)', '52 (turn timeout)', '67 (turn timeout)', '82 (turn timeout)', '92 (turn timeout)', '102 (turn timeout)', '107 (illegal move)', '108 (turn timeout)', '118 (turn timeout)', '123 (turn timeout)', '133 (turn timeout)', '138 (turn timeout)', '148 (turn timeout)', '158 (turn timeout)']}
[2026-05-22 10:14:45] GAME TIME LIMIT REACHED.
[2026-05-22 10:14:45] SCORE Robert (lawn green): Final=2498.3, Time=90.3, Moves(36)=8.0, Pins(10)=1000.0, Dist=400.0, Win Bonus=1000.0
[2026-05-22 10:14:45] SCORE Gruppe 1 (gray0): Final=1382.0, Time=87.7, Moves(34)=2.3, Pins(9)=900.0, Dist=392.0, Win Bonus=0.0
[2026-05-22 10:14:45] SCORE StockWish (red): Final=943.7, Time=93.3, Moves(35)=4.4, Pins(5)=500.0, Dist=346.0, Win Bonus=0.0
[2026-05-22 10:14:45] SCORE Deepseekers (blue): Final=1162.7, Time=78.3, Moves(35)=4.4, Pins(7)=700.0, Dist=380.0, Win Bonus=0.0
[2026-05-22 10:14:45] SCORE Gruppe 67 (yellow): Final=708.2, Time=86.2, Moves(18)=0.0, Pins(3)=300.0, Dist=322.0, Win Bonus=0.0
[2026-05-22 10:14:45] ALL WRONG MOVES BY COLOUR: {'gray0': ['4 (turn timeout)'], 'yellow': ['7 (turn timeout)', '12 (turn timeout)', '22 (turn timeout)', '32 (turn timeout)', '42 (turn timeout)', '52 (turn timeout)', '67 (turn timeout)', '82 (turn timeout)', '92 (turn timeout)', '102 (turn timeout)', '107 (illegal move)', '108 (turn timeout)', '118 (turn timeout)', '123 (turn timeout)', '133 (turn timeout)', '138 (turn timeout)', '148 (turn timeout)', '158 (turn timeout)']}
[2026-05-22 10:14:45] GAME TIME LIMIT REACHED.
[2026-05-22 10:14:45] SCORE Robert (lawn green): Final=2498.3, Time=90.3, Moves(36)=8.0, Pins(10)=1000.0, Dist=400.0, Win Bonus=1000.0
[2026-05-22 10:14:45] SCORE Gruppe 1 (gray0): Final=1382.0, Time=87.7, Moves(34)=2.3, Pins(9)=900.0, Dist=392.0, Win Bonus=0.0
[2026-05-22 10:14:45] SCORE StockWish (red): Final=943.7, Time=93.3, Moves(35)=4.4, Pins(5)=500.0, Dist=346.0, Win Bonus=0.0
[2026-05-22 10:14:45] SCORE Deepseekers (blue): Final=1162.7, Time=78.3, Moves(35)=4.4, Pins(7)=700.0, Dist=380.0, Win Bonus=0.0
[2026-05-22 10:14:45] SCORE Gruppe 67 (yellow): Final=708.2, Time=86.2, Moves(18)=0.0, Pins(3)=300.0, Dist=322.0, Win Bonus=0.0
[2026-05-22 10:14:45] ALL WRONG MOVES BY COLOUR: {'gray0': ['4 (turn timeout)'], 'yellow': ['7 (turn timeout)', '12 (turn timeout)', '22 (turn timeout)', '32 (turn timeout)', '42 (turn timeout)', '52 (turn timeout)', '67 (turn timeout)', '82 (turn timeout)', '92 (turn timeout)', '102 (turn timeout)', '107 (illegal move)', '108 (turn timeout)', '118 (turn timeout)', '123 (turn timeout)', '133 (turn timeout)', '138 (turn timeout)', '148 (turn timeout)', '158 (turn timeout)']}
[2026-05-22 10:14:45] GAME TIME LIMIT REACHED.
[2026-05-22 10:14:45] SCORE Robert (lawn green): Final=2498.3, Time=90.3, Moves(36)=8.0, Pins(10)=1000.0, Dist=400.0, Win Bonus=1000.0
[2026-05-22 10:14:45] SCORE Gruppe 1 (gray0): Final=1382.0, Time=87.7, Moves(34)=2.3, Pins(9)=900.0, Dist=392.0, Win Bonus=0.0
[2026-05-22 10:14:45] SCORE StockWish (red): Final=943.7, Time=93.3, Moves(35)=4.4, Pins(5)=500.0, Dist=346.0, Win Bonus=0.0
[2026-05-22 10:14:45] SCORE Deepseekers (blue): Final=1162.7, Time=78.3, Moves(35)=4.4, Pins(7)=700.0, Dist=380.0, Win Bonus=0.0
[2026-05-22 10:14:45] SCORE Gruppe 67 (yellow): Final=708.2, Time=86.2, Moves(18)=0.0, Pins(3)=300.0, Dist=322.0, Win Bonus=0.0
[2026-05-22 10:14:45] ALL WRONG MOVES BY COLOUR: {'gray0': ['4 (turn timeout)'], 'yellow': ['7 (turn timeout)', '12 (turn timeout)', '22 (turn timeout)', '32 (turn timeout)', '42 (turn timeout)', '52 (turn timeout)', '67 (turn timeout)', '82 (turn timeout)', '92 (turn timeout)', '102 (turn timeout)', '107 (illegal move)', '108 (turn timeout)', '118 (turn timeout)', '123 (turn timeout)', '133 (turn timeout)', '138 (turn timeout)', '148 (turn timeout)', '158 (turn timeout)']}
[2026-05-22 10:14:45] GAME TIME LIMIT REACHED.
[2026-05-22 10:14:46] SCORE Robert (lawn green): Final=2498.3, Time=90.3, Moves(36)=8.0, Pins(10)=1000.0, Dist=400.0, Win Bonus=1000.0
[2026-05-22 10:14:46] SCORE Gruppe 1 (gray0): Final=1382.0, Time=87.7, Moves(34)=2.3, Pins(9)=900.0, Dist=392.0, Win Bonus=0.0
[2026-05-22 10:14:46] SCORE StockWish (red): Final=943.7, Time=93.3, Moves(35)=4.4, Pins(5)=500.0, Dist=346.0, Win Bonus=0.0
[2026-05-22 10:14:46] SCORE Deepseekers (blue): Final=1162.7, Time=78.3, Moves(35)=4.4, Pins(7)=700.0, Dist=380.0, Win Bonus=0.0
[2026-05-22 10:14:46] SCORE Gruppe 67 (yellow): Final=708.2, Time=86.2, Moves(18)=0.0, Pins(3)=300.0, Dist=322.0, Win Bonus=0.0
[2026-05-22 10:14:46] ALL WRONG MOVES BY COLOUR: {'gray0': ['4 (turn timeout)'], 'yellow': ['7 (turn timeout)', '12 (turn timeout)', '22 (turn timeout)', '32 (turn timeout)', '42 (turn timeout)', '52 (turn timeout)', '67 (turn timeout)', '82 (turn timeout)', '92 (turn timeout)', '102 (turn timeout)', '107 (illegal move)', '108 (turn timeout)', '118 (turn timeout)', '123 (turn timeout)', '133 (turn timeout)', '138 (turn timeout)', '148 (turn timeout)', '158 (turn timeout)']}
[2026-05-22 10:14:46] GAME TIME LIMIT REACHED.
[2026-05-22 10:14:46] SCORE Robert (lawn green): Final=2498.3, Time=90.3, Moves(36)=8.0, Pins(10)=1000.0, Dist=400.0, Win Bonus=1000.0
[2026-05-22 10:14:46] SCORE Gruppe 1 (gray0): Final=1382.0, Time=87.7, Moves(34)=2.3, Pins(9)=900.0, Dist=392.0, Win Bonus=0.0
[2026-05-22 10:14:46] SCORE StockWish (red): Final=943.7, Time=93.3, Moves(35)=4.4, Pins(5)=500.0, Dist=346.0, Win Bonus=0.0
[2026-05-22 10:14:46] SCORE Deepseekers (blue): Final=1162.7, Time=78.3, Moves(35)=4.4, Pins(7)=700.0, Dist=380.0, Win Bonus=0.0
[2026-05-22 10:14:46] SCORE Gruppe 67 (yellow): Final=708.2, Time=86.2, Moves(18)=0.0, Pins(3)=300.0, Dist=322.0, Win Bonus=0.0
[2026-05-22 10:14:46] ALL WRONG MOVES BY COLOUR: {'gray0': ['4 (turn timeout)'], 'yellow': ['7 (turn timeout)', '12 (turn timeout)', '22 (turn timeout)', '32 (turn timeout)', '42 (turn timeout)', '52 (turn timeout)', '67 (turn timeout)', '82 (turn timeout)', '92 (turn timeout)', '102 (turn timeout)', '107 (illegal move)', '108 (turn timeout)', '118 (turn timeout)', '123 (turn timeout)', '133 (turn timeout)', '138 (turn timeout)', '148 (turn timeout)', '158 (turn timeout)']}
[2026-05-22 10:14:46] GAME TIME LIMIT REACHED.
[2026-05-22 10:14:46] SCORE Robert (lawn green): Final=2498.3, Time=90.3, Moves(36)=8.0, Pins(10)=1000.0, Dist=400.0, Win Bonus=1000.0
[2026-05-22 10:14:46] SCORE Gruppe 1 (gray0): Final=1382.0, Time=87.7, Moves(34)=2.3, Pins(9)=900.0, Dist=392.0, Win Bonus=0.0
[2026-05-22 10:14:46] SCORE StockWish (red): Final=943.7, Time=93.3, Moves(35)=4.4, Pins(5)=500.0, Dist=346.0, Win Bonus=0.0
[2026-05-22 10:14:46] SCORE Deepseekers (blue): Final=1162.7, Time=78.3, Moves(35)=4.4, Pins(7)=700.0, Dist=380.0, Win Bonus=0.0
[2026-05-22 10:14:46] SCORE Gruppe 67 (yellow): Final=708.2, Time=86.2, Moves(18)=0.0, Pins(3)=300.0, Dist=322.0, Win Bonus=0.0
[2026-05-22 10:14:46] ALL WRONG MOVES BY COLOUR: {'gray0': ['4 (turn timeout)'], 'yellow': ['7 (turn timeout)', '12 (turn timeout)', '22 (turn timeout)', '32 (turn timeout)', '42 (turn timeout)', '52 (turn timeout)', '67 (turn timeout)', '82 (turn timeout)', '92 (turn timeout)', '102 (turn timeout)', '107 (illegal move)', '108 (turn timeout)', '118 (turn timeout)', '123 (turn timeout)', '133 (turn timeout)', '138 (turn timeout)', '148 (turn timeout)', '158 (turn timeout)']}
[2026-05-22 10:14:46] GAME TIME LIMIT REACHED.
[2026-05-22 10:19:11] SCORE Robert (lawn green): Final=2498.3, Time=90.3, Moves(36)=8.0, Pins(10)=1000.0, Dist=400.0, Win Bonus=1000.0
[2026-05-22 10:19:11] SCORE Gruppe 1 (gray0): Final=1382.0, Time=87.7, Moves(34)=2.3, Pins(9)=900.0, Dist=392.0, Win Bonus=0.0
[2026-05-22 10:19:11] SCORE StockWish (red): Final=943.7, Time=93.3, Moves(35)=4.4, Pins(5)=500.0, Dist=346.0, Win Bonus=0.0
[2026-05-22 10:19:11] SCORE Deepseekers (blue): Final=1162.7, Time=78.3, Moves(35)=4.4, Pins(7)=700.0, Dist=380.0, Win Bonus=0.0
[2026-05-22 10:19:11] SCORE Gruppe 67 (yellow): Final=708.2, Time=86.2, Moves(18)=0.0, Pins(3)=300.0, Dist=322.0, Win Bonus=0.0
[2026-05-22 10:19:11] ALL WRONG MOVES BY COLOUR: {'gray0': ['4 (turn timeout)'], 'yellow': ['7 (turn timeout)', '12 (turn timeout)', '22 (turn timeout)', '32 (turn timeout)', '42 (turn timeout)', '52 (turn timeout)', '67 (turn timeout)', '82 (turn timeout)', '92 (turn timeout)', '102 (turn timeout)', '107 (illegal move)', '108 (turn timeout)', '118 (turn timeout)', '123 (turn timeout)', '133 (turn timeout)', '138 (turn timeout)', '148 (turn timeout)', '158 (turn timeout)']}
[2026-05-22 10:19:11] GAME TIME LIMIT REACHED.
[2026-05-22 10:19:11] SCORE Robert (lawn green): Final=2498.3, Time=90.3, Moves(36)=8.0, Pins(10)=1000.0, Dist=400.0, Win Bonus=1000.0
[2026-05-22 10:19:11] SCORE Gruppe 1 (gray0): Final=1382.0, Time=87.7, Moves(34)=2.3, Pins(9)=900.0, Dist=392.0, Win Bonus=0.0
[2026-05-22 10:19:11] SCORE StockWish (red): Final=943.7, Time=93.3, Moves(35)=4.4, Pins(5)=500.0, Dist=346.0, Win Bonus=0.0
[2026-05-22 10:19:11] SCORE Deepseekers (blue): Final=1162.7, Time=78.3, Moves(35)=4.4, Pins(7)=700.0, Dist=380.0, Win Bonus=0.0
[2026-05-22 10:19:11] SCORE Gruppe 67 (yellow): Final=708.2, Time=86.2, Moves(18)=0.0, Pins(3)=300.0, Dist=322.0, Win Bonus=0.0
[2026-05-22 10:19:11] ALL WRONG MOVES BY COLOUR: {'gray0': ['4 (turn timeout)'], 'yellow': ['7 (turn timeout)', '12 (turn timeout)', '22 (turn timeout)', '32 (turn timeout)', '42 (turn timeout)', '52 (turn timeout)', '67 (turn timeout)', '82 (turn timeout)', '92 (turn timeout)', '102 (turn timeout)', '107 (illegal move)', '108 (turn timeout)', '118 (turn timeout)', '123 (turn timeout)', '133 (turn timeout)', '138 (turn timeout)', '148 (turn timeout)', '158 (turn timeout)']}
[2026-05-22 10:19:11] GAME TIME LIMIT REACHED.
[2026-05-22 10:19:11] SCORE Robert (lawn green): Final=2498.3, Time=90.3, Moves(36)=8.0, Pins(10)=1000.0, Dist=400.0, Win Bonus=1000.0
[2026-05-22 10:19:11] SCORE Gruppe 1 (gray0): Final=1382.0, Time=87.7, Moves(34)=2.3, Pins(9)=900.0, Dist=392.0, Win Bonus=0.0
[2026-05-22 10:19:11] SCORE StockWish (red): Final=943.7, Time=93.3, Moves(35)=4.4, Pins(5)=500.0, Dist=346.0, Win Bonus=0.0
[2026-05-22 10:19:11] SCORE Deepseekers (blue): Final=1162.7, Time=78.3, Moves(35)=4.4, Pins(7)=700.0, Dist=380.0, Win Bonus=0.0
[2026-05-22 10:19:11] SCORE Gruppe 67 (yellow): Final=708.2, Time=86.2, Moves(18)=0.0, Pins(3)=300.0, Dist=322.0, Win Bonus=0.0
[2026-05-22 10:19:11] ALL WRONG MOVES BY COLOUR: {'gray0': ['4 (turn timeout)'], 'yellow': ['7 (turn timeout)', '12 (turn timeout)', '22 (turn timeout)', '32 (turn timeout)', '42 (turn timeout)', '52 (turn timeout)', '67 (turn timeout)', '82 (turn timeout)', '92 (turn timeout)', '102 (turn timeout)', '107 (illegal move)', '108 (turn timeout)', '118 (turn timeout)', '123 (turn timeout)', '133 (turn timeout)', '138 (turn timeout)', '148 (turn timeout)', '158 (turn timeout)']}
[2026-05-22 10:19:11] GAME TIME LIMIT REACHED.
[2026-05-22 10:19:12] SCORE Robert (lawn green): Final=2498.3, Time=90.3, Moves(36)=8.0, Pins(10)=1000.0, Dist=400.0, Win Bonus=1000.0
[2026-05-22 10:19:12] SCORE Gruppe 1 (gray0): Final=1382.0, Time=87.7, Moves(34)=2.3, Pins(9)=900.0, Dist=392.0, Win Bonus=0.0
[2026-05-22 10:19:12] SCORE StockWish (red): Final=943.7, Time=93.3, Moves(35)=4.4, Pins(5)=500.0, Dist=346.0, Win Bonus=0.0
[2026-05-22 10:19:12] SCORE Deepseekers (blue): Final=1162.7, Time=78.3, Moves(35)=4.4, Pins(7)=700.0, Dist=380.0, Win Bonus=0.0
[2026-05-22 10:19:12] SCORE Gruppe 67 (yellow): Final=708.2, Time=86.2, Moves(18)=0.0, Pins(3)=300.0, Dist=322.0, Win Bonus=0.0
[2026-05-22 10:19:12] ALL WRONG MOVES BY COLOUR: {'gray0': ['4 (turn timeout)'], 'yellow': ['7 (turn timeout)', '12 (turn timeout)', '22 (turn timeout)', '32 (turn timeout)', '42 (turn timeout)', '52 (turn timeout)', '67 (turn timeout)', '82 (turn timeout)', '92 (turn timeout)', '102 (turn timeout)', '107 (illegal move)', '108 (turn timeout)', '118 (turn timeout)', '123 (turn timeout)', '133 (turn timeout)', '138 (turn timeout)', '148 (turn timeout)', '158 (turn timeout)']}
[2026-05-22 10:19:12] GAME TIME LIMIT REACHED.
[2026-05-22 10:19:12] SCORE Robert (lawn green): Final=2498.3, Time=90.3, Moves(36)=8.0, Pins(10)=1000.0, Dist=400.0, Win Bonus=1000.0
[2026-05-22 10:19:12] SCORE Gruppe 1 (gray0): Final=1382.0, Time=87.7, Moves(34)=2.3, Pins(9)=900.0, Dist=392.0, Win Bonus=0.0
[2026-05-22 10:19:12] SCORE StockWish (red): Final=943.7, Time=93.3, Moves(35)=4.4, Pins(5)=500.0, Dist=346.0, Win Bonus=0.0
[2026-05-22 10:19:12] SCORE Deepseekers (blue): Final=1162.7, Time=78.3, Moves(35)=4.4, Pins(7)=700.0, Dist=380.0, Win Bonus=0.0
[2026-05-22 10:19:12] SCORE Gruppe 67 (yellow): Final=708.2, Time=86.2, Moves(18)=0.0, Pins(3)=300.0, Dist=322.0, Win Bonus=0.0
[2026-05-22 10:19:12] ALL WRONG MOVES BY COLOUR: {'gray0': ['4 (turn timeout)'], 'yellow': ['7 (turn timeout)', '12 (turn timeout)', '22 (turn timeout)', '32 (turn timeout)', '42 (turn timeout)', '52 (turn timeout)', '67 (turn timeout)', '82 (turn timeout)', '92 (turn timeout)', '102 (turn timeout)', '107 (illegal move)', '108 (turn timeout)', '118 (turn timeout)', '123 (turn timeout)', '133 (turn timeout)', '138 (turn timeout)', '148 (turn timeout)', '158 (turn timeout)']}
[2026-05-22 10:19:12] GAME TIME LIMIT REACHED.
[2026-05-22 10:19:12] SCORE Robert (lawn green): Final=2498.3, Time=90.3, Moves(36)=8.0, Pins(10)=1000.0, Dist=400.0, Win Bonus=1000.0
[2026-05-22 10:19:12] SCORE Gruppe 1 (gray0): Final=1382.0, Time=87.7, Moves(34)=2.3, Pins(9)=900.0, Dist=392.0, Win Bonus=0.0
[2026-05-22 10:19:12] SCORE StockWish (red): Final=943.7, Time=93.3, Moves(35)=4.4, Pins(5)=500.0, Dist=346.0, Win Bonus=0.0
[2026-05-22 10:19:12] SCORE Deepseekers (blue): Final=1162.7, Time=78.3, Moves(35)=4.4, Pins(7)=700.0, Dist=380.0, Win Bonus=0.0
[2026-05-22 10:19:12] SCORE Gruppe 67 (yellow): Final=708.2, Time=86.2, Moves(18)=0.0, Pins(3)=300.0, Dist=322.0, Win Bonus=0.0
[2026-05-22 10:19:12] ALL WRONG MOVES BY COLOUR: {'gray0': ['4 (turn timeout)'], 'yellow': ['7 (turn timeout)', '12 (turn timeout)', '22 (turn timeout)', '32 (turn timeout)', '42 (turn timeout)', '52 (turn timeout)', '67 (turn timeout)', '82 (turn timeout)', '92 (turn timeout)', '102 (turn timeout)', '107 (illegal move)', '108 (turn timeout)', '118 (turn timeout)', '123 (turn timeout)', '133 (turn timeout)', '138 (turn timeout)', '148 (turn timeout)', '158 (turn timeout)']}
[2026-05-22 10:19:12] GAME TIME LIMIT REACHED.
[2026-05-22 10:19:13] SCORE Robert (lawn green): Final=2498.3, Time=90.3, Moves(36)=8.0, Pins(10)=1000.0, Dist=400.0, Win Bonus=1000.0
[2026-05-22 10:19:13] SCORE Gruppe 1 (gray0): Final=1382.0, Time=87.7, Moves(34)=2.3, Pins(9)=900.0, Dist=392.0, Win Bonus=0.0
[2026-05-22 10:19:13] SCORE StockWish (red): Final=943.7, Time=93.3, Moves(35)=4.4, Pins(5)=500.0, Dist=346.0, Win Bonus=0.0
[2026-05-22 10:19:13] SCORE Deepseekers (blue): Final=1162.7, Time=78.3, Moves(35)=4.4, Pins(7)=700.0, Dist=380.0, Win Bonus=0.0
[2026-05-22 10:19:13] SCORE Gruppe 67 (yellow): Final=708.2, Time=86.2, Moves(18)=0.0, Pins(3)=300.0, Dist=322.0, Win Bonus=0.0
[2026-05-22 10:19:13] ALL WRONG MOVES BY COLOUR: {'gray0': ['4 (turn timeout)'], 'yellow': ['7 (turn timeout)', '12 (turn timeout)', '22 (turn timeout)', '32 (turn timeout)', '42 (turn timeout)', '52 (turn timeout)', '67 (turn timeout)', '82 (turn timeout)', '92 (turn timeout)', '102 (turn timeout)', '107 (illegal move)', '108 (turn timeout)', '118 (turn timeout)', '123 (turn timeout)', '133 (turn timeout)', '138 (turn timeout)', '148 (turn timeout)', '158 (turn timeout)']}
[2026-05-22 10:19:13] GAME TIME LIMIT REACHED.
[2026-05-22 10:19:13] SCORE Robert (lawn green): Final=2498.3, Time=90.3, Moves(36)=8.0, Pins(10)=1000.0, Dist=400.0, Win Bonus=1000.0
[2026-05-22 10:19:13] SCORE Gruppe 1 (gray0): Final=1382.0, Time=87.7, Moves(34)=2.3, Pins(9)=900.0, Dist=392.0, Win Bonus=0.0
[2026-05-22 10:19:13] SCORE StockWish (red): Final=943.7, Time=93.3, Moves(35)=4.4, Pins(5)=500.0, Dist=346.0, Win Bonus=0.0
[2026-05-22 10:19:13] SCORE Deepseekers (blue): Final=1162.7, Time=78.3, Moves(35)=4.4, Pins(7)=700.0, Dist=380.0, Win Bonus=0.0
[2026-05-22 10:19:13] SCORE Gruppe 67 (yellow): Final=708.2, Time=86.2, Moves(18)=0.0, Pins(3)=300.0, Dist=322.0, Win Bonus=0.0
[2026-05-22 10:19:13] ALL WRONG MOVES BY COLOUR: {'gray0': ['4 (turn timeout)'], 'yellow': ['7 (turn timeout)', '12 (turn timeout)', '22 (turn timeout)', '32 (turn timeout)', '42 (turn timeout)', '52 (turn timeout)', '67 (turn timeout)', '82 (turn timeout)', '92 (turn timeout)', '102 (turn timeout)', '107 (illegal move)', '108 (turn timeout)', '118 (turn timeout)', '123 (turn timeout)', '133 (turn timeout)', '138 (turn timeout)', '148 (turn timeout)', '158 (turn timeout)']}
[2026-05-22 10:19:13] GAME TIME LIMIT REACHED.
[2026-05-22 10:19:13] SCORE Robert (lawn green): Final=2498.3, Time=90.3, Moves(36)=8.0, Pins(10)=1000.0, Dist=400.0, Win Bonus=1000.0
[2026-05-22 10:19:13] SCORE Gruppe 1 (gray0): Final=1382.0, Time=87.7, Moves(34)=2.3, Pins(9)=900.0, Dist=392.0, Win Bonus=0.0
[2026-05-22 10:19:13] SCORE StockWish (red): Final=943.7, Time=93.3, Moves(35)=4.4, Pins(5)=500.0, Dist=346.0, Win Bonus=0.0
[2026-05-22 10:19:13] SCORE Deepseekers (blue): Final=1162.7, Time=78.3, Moves(35)=4.4, Pins(7)=700.0, Dist=380.0, Win Bonus=0.0
[2026-05-22 10:19:13] SCORE Gruppe 67 (yellow): Final=708.2, Time=86.2, Moves(18)=0.0, Pins(3)=300.0, Dist=322.0, Win Bonus=0.0
[2026-05-22 10:19:13] ALL WRONG MOVES BY COLOUR: {'gray0': ['4 (turn timeout)'], 'yellow': ['7 (turn timeout)', '12 (turn timeout)', '22 (turn timeout)', '32 (turn timeout)', '42 (turn timeout)', '52 (turn timeout)', '67 (turn timeout)', '82 (turn timeout)', '92 (turn timeout)', '102 (turn timeout)', '107 (illegal move)', '108 (turn timeout)', '118 (turn timeout)', '123 (turn timeout)', '133 (turn timeout)', '138 (turn timeout)', '148 (turn timeout)', '158 (turn timeout)']}
[2026-05-22 10:19:13] GAME TIME LIMIT REACHED.
[2026-05-22 10:19:14] SCORE Robert (lawn green): Final=2498.3, Time=90.3, Moves(36)=8.0, Pins(10)=1000.0, Dist=400.0, Win Bonus=1000.0
[2026-05-22 10:19:14] SCORE Gruppe 1 (gray0): Final=1382.0, Time=87.7, Moves(34)=2.3, Pins(9)=900.0, Dist=392.0, Win Bonus=0.0
[2026-05-22 10:19:14] SCORE StockWish (red): Final=943.7, Time=93.3, Moves(35)=4.4, Pins(5)=500.0, Dist=346.0, Win Bonus=0.0
[2026-05-22 10:19:14] SCORE Deepseekers (blue): Final=1162.7, Time=78.3, Moves(35)=4.4, Pins(7)=700.0, Dist=380.0, Win Bonus=0.0
[2026-05-22 10:19:14] SCORE Gruppe 67 (yellow): Final=708.2, Time=86.2, Moves(18)=0.0, Pins(3)=300.0, Dist=322.0, Win Bonus=0.0
[2026-05-22 10:19:14] ALL WRONG MOVES BY COLOUR: {'gray0': ['4 (turn timeout)'], 'yellow': ['7 (turn timeout)', '12 (turn timeout)', '22 (turn timeout)', '32 (turn timeout)', '42 (turn timeout)', '52 (turn timeout)', '67 (turn timeout)', '82 (turn timeout)', '92 (turn timeout)', '102 (turn timeout)', '107 (illegal move)', '108 (turn timeout)', '118 (turn timeout)', '123 (turn timeout)', '133 (turn timeout)', '138 (turn timeout)', '148 (turn timeout)', '158 (turn timeout)']}
[2026-05-22 10:19:14] GAME TIME LIMIT REACHED.
[2026-05-22 10:19:14] SCORE Robert (lawn green): Final=2498.3, Time=90.3, Moves(36)=8.0, Pins(10)=1000.0, Dist=400.0, Win Bonus=1000.0
[2026-05-22 10:19:14] SCORE Gruppe 1 (gray0): Final=1382.0, Time=87.7, Moves(34)=2.3, Pins(9)=900.0, Dist=392.0, Win Bonus=0.0
[2026-05-22 10:19:14] SCORE StockWish (red): Final=943.7, Time=93.3, Moves(35)=4.4, Pins(5)=500.0, Dist=346.0, Win Bonus=0.0
[2026-05-22 10:19:14] SCORE Deepseekers (blue): Final=1162.7, Time=78.3, Moves(35)=4.4, Pins(7)=700.0, Dist=380.0, Win Bonus=0.0
[2026-05-22 10:19:14] SCORE Gruppe 67 (yellow): Final=708.2, Time=86.2, Moves(18)=0.0, Pins(3)=300.0, Dist=322.0, Win Bonus=0.0
[2026-05-22 10:19:14] ALL WRONG MOVES BY COLOUR: {'gray0': ['4 (turn timeout)'], 'yellow': ['7 (turn timeout)', '12 (turn timeout)', '22 (turn timeout)', '32 (turn timeout)', '42 (turn timeout)', '52 (turn timeout)', '67 (turn timeout)', '82 (turn timeout)', '92 (turn timeout)', '102 (turn timeout)', '107 (illegal move)', '108 (turn timeout)', '118 (turn timeout)', '123 (turn timeout)', '133 (turn timeout)', '138 (turn timeout)', '148 (turn timeout)', '158 (turn timeout)']}
[2026-05-22 10:19:14] GAME TIME LIMIT REACHED.
[2026-05-22 10:19:14] SCORE Robert (lawn green): Final=2498.3, Time=90.3, Moves(36)=8.0, Pins(10)=1000.0, Dist=400.0, Win Bonus=1000.0
[2026-05-22 10:19:14] SCORE Gruppe 1 (gray0): Final=1382.0, Time=87.7, Moves(34)=2.3, Pins(9)=900.0, Dist=392.0, Win Bonus=0.0
[2026-05-22 10:19:14] SCORE StockWish (red): Final=943.7, Time=93.3, Moves(35)=4.4, Pins(5)=500.0, Dist=346.0, Win Bonus=0.0
[2026-05-22 10:19:14] SCORE Deepseekers (blue): Final=1162.7, Time=78.3, Moves(35)=4.4, Pins(7)=700.0, Dist=380.0, Win Bonus=0.0
[2026-05-22 10:19:14] SCORE Gruppe 67 (yellow): Final=708.2, Time=86.2, Moves(18)=0.0, Pins(3)=300.0, Dist=322.0, Win Bonus=0.0
[2026-05-22 10:19:14] ALL WRONG MOVES BY COLOUR: {'gray0': ['4 (turn timeout)'], 'yellow': ['7 (turn timeout)', '12 (turn timeout)', '22 (turn timeout)', '32 (turn timeout)', '42 (turn timeout)', '52 (turn timeout)', '67 (turn timeout)', '82 (turn timeout)', '92 (turn timeout)', '102 (turn timeout)', '107 (illegal move)', '108 (turn timeout)', '118 (turn timeout)', '123 (turn timeout)', '133 (turn timeout)', '138 (turn timeout)', '148 (turn timeout)', '158 (turn timeout)']}
[2026-05-22 10:19:14] GAME TIME LIMIT REACHED.
[2026-05-22 10:19:14] SCORE Robert (lawn green): Final=2498.3, Time=90.3, Moves(36)=8.0, Pins(10)=1000.0, Dist=400.0, Win Bonus=1000.0
[2026-05-22 10:19:14] SCORE Gruppe 1 (gray0): Final=1382.0, Time=87.7, Moves(34)=2.3, Pins(9)=900.0, Dist=392.0, Win Bonus=0.0
[2026-05-22 10:19:14] SCORE StockWish (red): Final=943.7, Time=93.3, Moves(35)=4.4, Pins(5)=500.0, Dist=346.0, Win Bonus=0.0
[2026-05-22 10:19:14] SCORE Deepseekers (blue): Final=1162.7, Time=78.3, Moves(35)=4.4, Pins(7)=700.0, Dist=380.0, Win Bonus=0.0
[2026-05-22 10:19:14] SCORE Gruppe 67 (yellow): Final=708.2, Time=86.2, Moves(18)=0.0, Pins(3)=300.0, Dist=322.0, Win Bonus=0.0
[2026-05-22 10:19:14] ALL WRONG MOVES BY COLOUR: {'gray0': ['4 (turn timeout)'], 'yellow': ['7 (turn timeout)', '12 (turn timeout)', '22 (turn timeout)', '32 (turn timeout)', '42 (turn timeout)', '52 (turn timeout)', '67 (turn timeout)', '82 (turn timeout)', '92 (turn timeout)', '102 (turn timeout)', '107 (illegal move)', '108 (turn timeout)', '118 (turn timeout)', '123 (turn timeout)', '133 (turn timeout)', '138 (turn timeout)', '148 (turn timeout)', '158 (turn timeout)']}
[2026-05-22 10:19:14] GAME TIME LIMIT REACHED.
[2026-05-22 10:19:15] SCORE Robert (lawn green): Final=2498.3, Time=90.3, Moves(36)=8.0, Pins(10)=1000.0, Dist=400.0, Win Bonus=1000.0
[2026-05-22 10:19:15] SCORE Gruppe 1 (gray0): Final=1382.0, Time=87.7, Moves(34)=2.3, Pins(9)=900.0, Dist=392.0, Win Bonus=0.0
[2026-05-22 10:19:15] SCORE StockWish (red): Final=943.7, Time=93.3, Moves(35)=4.4, Pins(5)=500.0, Dist=346.0, Win Bonus=0.0
[2026-05-22 10:19:15] SCORE Deepseekers (blue): Final=1162.7, Time=78.3, Moves(35)=4.4, Pins(7)=700.0, Dist=380.0, Win Bonus=0.0
[2026-05-22 10:19:15] SCORE Gruppe 67 (yellow): Final=708.2, Time=86.2, Moves(18)=0.0, Pins(3)=300.0, Dist=322.0, Win Bonus=0.0
[2026-05-22 10:19:15] ALL WRONG MOVES BY COLOUR: {'gray0': ['4 (turn timeout)'], 'yellow': ['7 (turn timeout)', '12 (turn timeout)', '22 (turn timeout)', '32 (turn timeout)', '42 (turn timeout)', '52 (turn timeout)', '67 (turn timeout)', '82 (turn timeout)', '92 (turn timeout)', '102 (turn timeout)', '107 (illegal move)', '108 (turn timeout)', '118 (turn timeout)', '123 (turn timeout)', '133 (turn timeout)', '138 (turn timeout)', '148 (turn timeout)', '158 (turn timeout)']}
[2026-05-22 10:19:15] GAME TIME LIMIT REACHED.
[2026-05-22 10:19:15] SCORE Robert (lawn green): Final=2498.3, Time=90.3, Moves(36)=8.0, Pins(10)=1000.0, Dist=400.0, Win Bonus=1000.0
[2026-05-22 10:19:15] SCORE Gruppe 1 (gray0): Final=1382.0, Time=87.7, Moves(34)=2.3, Pins(9)=900.0, Dist=392.0, Win Bonus=0.0
[2026-05-22 10:19:15] SCORE StockWish (red): Final=943.7, Time=93.3, Moves(35)=4.4, Pins(5)=500.0, Dist=346.0, Win Bonus=0.0
[2026-05-22 10:19:15] SCORE Deepseekers (blue): Final=1162.7, Time=78.3, Moves(35)=4.4, Pins(7)=700.0, Dist=380.0, Win Bonus=0.0
[2026-05-22 10:19:15] SCORE Gruppe 67 (yellow): Final=708.2, Time=86.2, Moves(18)=0.0, Pins(3)=300.0, Dist=322.0, Win Bonus=0.0
[2026-05-22 10:19:15] ALL WRONG MOVES BY COLOUR: {'gray0': ['4 (turn timeout)'], 'yellow': ['7 (turn timeout)', '12 (turn timeout)', '22 (turn timeout)', '32 (turn timeout)', '42 (turn timeout)', '52 (turn timeout)', '67 (turn timeout)', '82 (turn timeout)', '92 (turn timeout)', '102 (turn timeout)', '107 (illegal move)', '108 (turn timeout)', '118 (turn timeout)', '123 (turn timeout)', '133 (turn timeout)', '138 (turn timeout)', '148 (turn timeout)', '158 (turn timeout)']}
[2026-05-22 10:19:15] GAME TIME LIMIT REACHED.
[2026-05-22 10:19:15] SCORE Robert (lawn green): Final=2498.3, Time=90.3, Moves(36)=8.0, Pins(10)=1000.0, Dist=400.0, Win Bonus=1000.0
[2026-05-22 10:19:15] SCORE Gruppe 1 (gray0): Final=1382.0, Time=87.7, Moves(34)=2.3, Pins(9)=900.0, Dist=392.0, Win Bonus=0.0
[2026-05-22 10:19:15] SCORE StockWish (red): Final=943.7, Time=93.3, Moves(35)=4.4, Pins(5)=500.0, Dist=346.0, Win Bonus=0.0
[2026-05-22 10:19:15] SCORE Deepseekers (blue): Final=1162.7, Time=78.3, Moves(35)=4.4, Pins(7)=700.0, Dist=380.0, Win Bonus=0.0
[2026-05-22 10:19:15] SCORE Gruppe 67 (yellow): Final=708.2, Time=86.2, Moves(18)=0.0, Pins(3)=300.0, Dist=322.0, Win Bonus=0.0
[2026-05-22 10:19:15] ALL WRONG MOVES BY COLOUR: {'gray0': ['4 (turn timeout)'], 'yellow': ['7 (turn timeout)', '12 (turn timeout)', '22 (turn timeout)', '32 (turn timeout)', '42 (turn timeout)', '52 (turn timeout)', '67 (turn timeout)', '82 (turn timeout)', '92 (turn timeout)', '102 (turn timeout)', '107 (illegal move)', '108 (turn timeout)', '118 (turn timeout)', '123 (turn timeout)', '133 (turn timeout)', '138 (turn timeout)', '148 (turn timeout)', '158 (turn timeout)']}
[2026-05-22 10:19:15] GAME TIME LIMIT REACHED.
[2026-05-22 10:19:15] SCORE Robert (lawn green): Final=2498.3, Time=90.3, Moves(36)=8.0, Pins(10)=1000.0, Dist=400.0, Win Bonus=1000.0
[2026-05-22 10:19:15] SCORE Gruppe 1 (gray0): Final=1382.0, Time=87.7, Moves(34)=2.3, Pins(9)=900.0, Dist=392.0, Win Bonus=0.0
[2026-05-22 10:19:15] SCORE StockWish (red): Final=943.7, Time=93.3, Moves(35)=4.4, Pins(5)=500.0, Dist=346.0, Win Bonus=0.0
[2026-05-22 10:19:15] SCORE Deepseekers (blue): Final=1162.7, Time=78.3, Moves(35)=4.4, Pins(7)=700.0, Dist=380.0, Win Bonus=0.0
[2026-05-22 10:19:15] SCORE Gruppe 67 (yellow): Final=708.2, Time=86.2, Moves(18)=0.0, Pins(3)=300.0, Dist=322.0, Win Bonus=0.0
[2026-05-22 10:19:15] ALL WRONG MOVES BY COLOUR: {'gray0': ['4 (turn timeout)'], 'yellow': ['7 (turn timeout)', '12 (turn timeout)', '22 (turn timeout)', '32 (turn timeout)', '42 (turn timeout)', '52 (turn timeout)', '67 (turn timeout)', '82 (turn timeout)', '92 (turn timeout)', '102 (turn timeout)', '107 (illegal move)', '108 (turn timeout)', '118 (turn timeout)', '123 (turn timeout)', '133 (turn timeout)', '138 (turn timeout)', '148 (turn timeout)', '158 (turn timeout)']}
[2026-05-22 10:19:15] GAME TIME LIMIT REACHED.
[2026-05-22 10:19:16] SCORE Robert (lawn green): Final=2498.3, Time=90.3, Moves(36)=8.0, Pins(10)=1000.0, Dist=400.0, Win Bonus=1000.0
[2026-05-22 10:19:16] SCORE Gruppe 1 (gray0): Final=1382.0, Time=87.7, Moves(34)=2.3, Pins(9)=900.0, Dist=392.0, Win Bonus=0.0
[2026-05-22 10:19:16] SCORE StockWish (red): Final=943.7, Time=93.3, Moves(35)=4.4, Pins(5)=500.0, Dist=346.0, Win Bonus=0.0
[2026-05-22 10:19:16] SCORE Deepseekers (blue): Final=1162.7, Time=78.3, Moves(35)=4.4, Pins(7)=700.0, Dist=380.0, Win Bonus=0.0
[2026-05-22 10:19:16] SCORE Gruppe 67 (yellow): Final=708.2, Time=86.2, Moves(18)=0.0, Pins(3)=300.0, Dist=322.0, Win Bonus=0.0
[2026-05-22 10:19:16] ALL WRONG MOVES BY COLOUR: {'gray0': ['4 (turn timeout)'], 'yellow': ['7 (turn timeout)', '12 (turn timeout)', '22 (turn timeout)', '32 (turn timeout)', '42 (turn timeout)', '52 (turn timeout)', '67 (turn timeout)', '82 (turn timeout)', '92 (turn timeout)', '102 (turn timeout)', '107 (illegal move)', '108 (turn timeout)', '118 (turn timeout)', '123 (turn timeout)', '133 (turn timeout)', '138 (turn timeout)', '148 (turn timeout)', '158 (turn timeout)']}
[2026-05-22 10:19:16] GAME TIME LIMIT REACHED.
[2026-05-22 10:19:16] SCORE Robert (lawn green): Final=2498.3, Time=90.3, Moves(36)=8.0, Pins(10)=1000.0, Dist=400.0, Win Bonus=1000.0
[2026-05-22 10:19:16] SCORE Gruppe 1 (gray0): Final=1382.0, Time=87.7, Moves(34)=2.3, Pins(9)=900.0, Dist=392.0, Win Bonus=0.0
[2026-05-22 10:19:16] SCORE StockWish (red): Final=943.7, Time=93.3, Moves(35)=4.4, Pins(5)=500.0, Dist=346.0, Win Bonus=0.0
[2026-05-22 10:19:16] SCORE Deepseekers (blue): Final=1162.7, Time=78.3, Moves(35)=4.4, Pins(7)=700.0, Dist=380.0, Win Bonus=0.0
[2026-05-22 10:19:16] SCORE Gruppe 67 (yellow): Final=708.2, Time=86.2, Moves(18)=0.0, Pins(3)=300.0, Dist=322.0, Win Bonus=0.0
[2026-05-22 10:19:16] ALL WRONG MOVES BY COLOUR: {'gray0': ['4 (turn timeout)'], 'yellow': ['7 (turn timeout)', '12 (turn timeout)', '22 (turn timeout)', '32 (turn timeout)', '42 (turn timeout)', '52 (turn timeout)', '67 (turn timeout)', '82 (turn timeout)', '92 (turn timeout)', '102 (turn timeout)', '107 (illegal move)', '108 (turn timeout)', '118 (turn timeout)', '123 (turn timeout)', '133 (turn timeout)', '138 (turn timeout)', '148 (turn timeout)', '158 (turn timeout)']}
[2026-05-22 10:19:16] GAME TIME LIMIT REACHED.
[2026-05-22 10:19:16] SCORE Robert (lawn green): Final=2498.3, Time=90.3, Moves(36)=8.0, Pins(10)=1000.0, Dist=400.0, Win Bonus=1000.0
[2026-05-22 10:19:16] SCORE Gruppe 1 (gray0): Final=1382.0, Time=87.7, Moves(34)=2.3, Pins(9)=900.0, Dist=392.0, Win Bonus=0.0
[2026-05-22 10:19:16] SCORE StockWish (red): Final=943.7, Time=93.3, Moves(35)=4.4, Pins(5)=500.0, Dist=346.0, Win Bonus=0.0
[2026-05-22 10:19:16] SCORE Deepseekers (blue): Final=1162.7, Time=78.3, Moves(35)=4.4, Pins(7)=700.0, Dist=380.0, Win Bonus=0.0
[2026-05-22 10:19:16] SCORE Gruppe 67 (yellow): Final=708.2, Time=86.2, Moves(18)=0.0, Pins(3)=300.0, Dist=322.0, Win Bonus=0.0
[2026-05-22 10:19:16] ALL WRONG MOVES BY COLOUR: {'gray0': ['4 (turn timeout)'], 'yellow': ['7 (turn timeout)', '12 (turn timeout)', '22 (turn timeout)', '32 (turn timeout)', '42 (turn timeout)', '52 (turn timeout)', '67 (turn timeout)', '82 (turn timeout)', '92 (turn timeout)', '102 (turn timeout)', '107 (illegal move)', '108 (turn timeout)', '118 (turn timeout)', '123 (turn timeout)', '133 (turn timeout)', '138 (turn timeout)', '148 (turn timeout)', '158 (turn timeout)']}
[2026-05-22 10:19:16] GAME TIME LIMIT REACHED.
[2026-05-22 10:19:16] SCORE Robert (lawn green): Final=2498.3, Time=90.3, Moves(36)=8.0, Pins(10)=1000.0, Dist=400.0, Win Bonus=1000.0
[2026-05-22 10:19:16] SCORE Gruppe 1 (gray0): Final=1382.0, Time=87.7, Moves(34)=2.3, Pins(9)=900.0, Dist=392.0, Win Bonus=0.0
[2026-05-22 10:19:16] SCORE StockWish (red): Final=943.7, Time=93.3, Moves(35)=4.4, Pins(5)=500.0, Dist=346.0, Win Bonus=0.0
[2026-05-22 10:19:16] SCORE Deepseekers (blue): Final=1162.7, Time=78.3, Moves(35)=4.4, Pins(7)=700.0, Dist=380.0, Win Bonus=0.0
[2026-05-22 10:19:16] SCORE Gruppe 67 (yellow): Final=708.2, Time=86.2, Moves(18)=0.0, Pins(3)=300.0, Dist=322.0, Win Bonus=0.0
[2026-05-22 10:19:16] ALL WRONG MOVES BY COLOUR: {'gray0': ['4 (turn timeout)'], 'yellow': ['7 (turn timeout)', '12 (turn timeout)', '22 (turn timeout)', '32 (turn timeout)', '42 (turn timeout)', '52 (turn timeout)', '67 (turn timeout)', '82 (turn timeout)', '92 (turn timeout)', '102 (turn timeout)', '107 (illegal move)', '108 (turn timeout)', '118 (turn timeout)', '123 (turn timeout)', '133 (turn timeout)', '138 (turn timeout)', '148 (turn timeout)', '158 (turn timeout)']}
[2026-05-22 10:19:16] GAME TIME LIMIT REACHED.
[2026-05-22 10:19:17] SCORE Robert (lawn green): Final=2498.3, Time=90.3, Moves(36)=8.0, Pins(10)=1000.0, Dist=400.0, Win Bonus=1000.0
[2026-05-22 10:19:17] SCORE Gruppe 1 (gray0): Final=1382.0, Time=87.7, Moves(34)=2.3, Pins(9)=900.0, Dist=392.0, Win Bonus=0.0
[2026-05-22 10:19:17] SCORE StockWish (red): Final=943.7, Time=93.3, Moves(35)=4.4, Pins(5)=500.0, Dist=346.0, Win Bonus=0.0
[2026-05-22 10:19:17] SCORE Deepseekers (blue): Final=1162.7, Time=78.3, Moves(35)=4.4, Pins(7)=700.0, Dist=380.0, Win Bonus=0.0
[2026-05-22 10:19:17] SCORE Gruppe 67 (yellow): Final=708.2, Time=86.2, Moves(18)=0.0, Pins(3)=300.0, Dist=322.0, Win Bonus=0.0
[2026-05-22 10:19:17] ALL WRONG MOVES BY COLOUR: {'gray0': ['4 (turn timeout)'], 'yellow': ['7 (turn timeout)', '12 (turn timeout)', '22 (turn timeout)', '32 (turn timeout)', '42 (turn timeout)', '52 (turn timeout)', '67 (turn timeout)', '82 (turn timeout)', '92 (turn timeout)', '102 (turn timeout)', '107 (illegal move)', '108 (turn timeout)', '118 (turn timeout)', '123 (turn timeout)', '133 (turn timeout)', '138 (turn timeout)', '148 (turn timeout)', '158 (turn timeout)']}
[2026-05-22 10:19:17] GAME TIME LIMIT REACHED.
[2026-05-22 10:19:17] SCORE Robert (lawn green): Final=2498.3, Time=90.3, Moves(36)=8.0, Pins(10)=1000.0, Dist=400.0, Win Bonus=1000.0
[2026-05-22 10:19:17] SCORE Gruppe 1 (gray0): Final=1382.0, Time=87.7, Moves(34)=2.3, Pins(9)=900.0, Dist=392.0, Win Bonus=0.0
[2026-05-22 10:19:17] SCORE StockWish (red): Final=943.7, Time=93.3, Moves(35)=4.4, Pins(5)=500.0, Dist=346.0, Win Bonus=0.0
[2026-05-22 10:19:17] SCORE Deepseekers (blue): Final=1162.7, Time=78.3, Moves(35)=4.4, Pins(7)=700.0, Dist=380.0, Win Bonus=0.0
[2026-05-22 10:19:17] SCORE Gruppe 67 (yellow): Final=708.2, Time=86.2, Moves(18)=0.0, Pins(3)=300.0, Dist=322.0, Win Bonus=0.0
[2026-05-22 10:19:17] ALL WRONG MOVES BY COLOUR: {'gray0': ['4 (turn timeout)'], 'yellow': ['7 (turn timeout)', '12 (turn timeout)', '22 (turn timeout)', '32 (turn timeout)', '42 (turn timeout)', '52 (turn timeout)', '67 (turn timeout)', '82 (turn timeout)', '92 (turn timeout)', '102 (turn timeout)', '107 (illegal move)', '108 (turn timeout)', '118 (turn timeout)', '123 (turn timeout)', '133 (turn timeout)', '138 (turn timeout)', '148 (turn timeout)', '158 (turn timeout)']}
[2026-05-22 10:19:17] GAME TIME LIMIT REACHED.
[2026-05-22 10:19:17] SCORE Robert (lawn green): Final=2498.3, Time=90.3, Moves(36)=8.0, Pins(10)=1000.0, Dist=400.0, Win Bonus=1000.0
[2026-05-22 10:19:17] SCORE Gruppe 1 (gray0): Final=1382.0, Time=87.7, Moves(34)=2.3, Pins(9)=900.0, Dist=392.0, Win Bonus=0.0
[2026-05-22 10:19:17] SCORE StockWish (red): Final=943.7, Time=93.3, Moves(35)=4.4, Pins(5)=500.0, Dist=346.0, Win Bonus=0.0
[2026-05-22 10:19:17] SCORE Deepseekers (blue): Final=1162.7, Time=78.3, Moves(35)=4.4, Pins(7)=700.0, Dist=380.0, Win Bonus=0.0
[2026-05-22 10:19:17] SCORE Gruppe 67 (yellow): Final=708.2, Time=86.2, Moves(18)=0.0, Pins(3)=300.0, Dist=322.0, Win Bonus=0.0
[2026-05-22 10:19:17] ALL WRONG MOVES BY COLOUR: {'gray0': ['4 (turn timeout)'], 'yellow': ['7 (turn timeout)', '12 (turn timeout)', '22 (turn timeout)', '32 (turn timeout)', '42 (turn timeout)', '52 (turn timeout)', '67 (turn timeout)', '82 (turn timeout)', '92 (turn timeout)', '102 (turn timeout)', '107 (illegal move)', '108 (turn timeout)', '118 (turn timeout)', '123 (turn timeout)', '133 (turn timeout)', '138 (turn timeout)', '148 (turn timeout)', '158 (turn timeout)']}
[2026-05-22 10:19:17] GAME TIME LIMIT REACHED.
[2026-05-22 10:19:17] SCORE Robert (lawn green): Final=2498.3, Time=90.3, Moves(36)=8.0, Pins(10)=1000.0, Dist=400.0, Win Bonus=1000.0
[2026-05-22 10:19:17] SCORE Gruppe 1 (gray0): Final=1382.0, Time=87.7, Moves(34)=2.3, Pins(9)=900.0, Dist=392.0, Win Bonus=0.0
[2026-05-22 10:19:17] SCORE StockWish (red): Final=943.7, Time=93.3, Moves(35)=4.4, Pins(5)=500.0, Dist=346.0, Win Bonus=0.0
[2026-05-22 10:19:17] SCORE Deepseekers (blue): Final=1162.7, Time=78.3, Moves(35)=4.4, Pins(7)=700.0, Dist=380.0, Win Bonus=0.0
[2026-05-22 10:19:17] SCORE Gruppe 67 (yellow): Final=708.2, Time=86.2, Moves(18)=0.0, Pins(3)=300.0, Dist=322.0, Win Bonus=0.0
[2026-05-22 10:19:17] ALL WRONG MOVES BY COLOUR: {'gray0': ['4 (turn timeout)'], 'yellow': ['7 (turn timeout)', '12 (turn timeout)', '22 (turn timeout)', '32 (turn timeout)', '42 (turn timeout)', '52 (turn timeout)', '67 (turn timeout)', '82 (turn timeout)', '92 (turn timeout)', '102 (turn timeout)', '107 (illegal move)', '108 (turn timeout)', '118 (turn timeout)', '123 (turn timeout)', '133 (turn timeout)', '138 (turn timeout)', '148 (turn timeout)', '158 (turn timeout)']}
[2026-05-22 10:19:17] GAME TIME LIMIT REACHED.
[2026-05-22 10:19:18] SCORE Robert (lawn green): Final=2498.3, Time=90.3, Moves(36)=8.0, Pins(10)=1000.0, Dist=400.0, Win Bonus=1000.0
[2026-05-22 10:19:18] SCORE Gruppe 1 (gray0): Final=1382.0, Time=87.7, Moves(34)=2.3, Pins(9)=900.0, Dist=392.0, Win Bonus=0.0
[2026-05-22 10:19:18] SCORE StockWish (red): Final=943.7, Time=93.3, Moves(35)=4.4, Pins(5)=500.0, Dist=346.0, Win Bonus=0.0
[2026-05-22 10:19:18] SCORE Deepseekers (blue): Final=1162.7, Time=78.3, Moves(35)=4.4, Pins(7)=700.0, Dist=380.0, Win Bonus=0.0
[2026-05-22 10:19:18] SCORE Gruppe 67 (yellow): Final=708.2, Time=86.2, Moves(18)=0.0, Pins(3)=300.0, Dist=322.0, Win Bonus=0.0
[2026-05-22 10:19:18] ALL WRONG MOVES BY COLOUR: {'gray0': ['4 (turn timeout)'], 'yellow': ['7 (turn timeout)', '12 (turn timeout)', '22 (turn timeout)', '32 (turn timeout)', '42 (turn timeout)', '52 (turn timeout)', '67 (turn timeout)', '82 (turn timeout)', '92 (turn timeout)', '102 (turn timeout)', '107 (illegal move)', '108 (turn timeout)', '118 (turn timeout)', '123 (turn timeout)', '133 (turn timeout)', '138 (turn timeout)', '148 (turn timeout)', '158 (turn timeout)']}
[2026-05-22 10:19:18] GAME TIME LIMIT REACHED.
[2026-05-22 10:19:18] SCORE Robert (lawn green): Final=2498.3, Time=90.3, Moves(36)=8.0, Pins(10)=1000.0, Dist=400.0, Win Bonus=1000.0
[2026-05-22 10:19:18] SCORE Gruppe 1 (gray0): Final=1382.0, Time=87.7, Moves(34)=2.3, Pins(9)=900.0, Dist=392.0, Win Bonus=0.0
[2026-05-22 10:19:18] SCORE StockWish (red): Final=943.7, Time=93.3, Moves(35)=4.4, Pins(5)=500.0, Dist=346.0, Win Bonus=0.0
[2026-05-22 10:19:18] SCORE Deepseekers (blue): Final=1162.7, Time=78.3, Moves(35)=4.4, Pins(7)=700.0, Dist=380.0, Win Bonus=0.0
[2026-05-22 10:19:18] SCORE Gruppe 67 (yellow): Final=708.2, Time=86.2, Moves(18)=0.0, Pins(3)=300.0, Dist=322.0, Win Bonus=0.0
[2026-05-22 10:19:18] ALL WRONG MOVES BY COLOUR: {'gray0': ['4 (turn timeout)'], 'yellow': ['7 (turn timeout)', '12 (turn timeout)', '22 (turn timeout)', '32 (turn timeout)', '42 (turn timeout)', '52 (turn timeout)', '67 (turn timeout)', '82 (turn timeout)', '92 (turn timeout)', '102 (turn timeout)', '107 (illegal move)', '108 (turn timeout)', '118 (turn timeout)', '123 (turn timeout)', '133 (turn timeout)', '138 (turn timeout)', '148 (turn timeout)', '158 (turn timeout)']}
[2026-05-22 10:19:18] GAME TIME LIMIT REACHED.
[2026-05-22 10:19:18] SCORE Robert (lawn green): Final=2498.3, Time=90.3, Moves(36)=8.0, Pins(10)=1000.0, Dist=400.0, Win Bonus=1000.0
[2026-05-22 10:19:18] SCORE Gruppe 1 (gray0): Final=1382.0, Time=87.7, Moves(34)=2.3, Pins(9)=900.0, Dist=392.0, Win Bonus=0.0
[2026-05-22 10:19:18] SCORE StockWish (red): Final=943.7, Time=93.3, Moves(35)=4.4, Pins(5)=500.0, Dist=346.0, Win Bonus=0.0
[2026-05-22 10:19:18] SCORE Deepseekers (blue): Final=1162.7, Time=78.3, Moves(35)=4.4, Pins(7)=700.0, Dist=380.0, Win Bonus=0.0
[2026-05-22 10:19:18] SCORE Gruppe 67 (yellow): Final=708.2, Time=86.2, Moves(18)=0.0, Pins(3)=300.0, Dist=322.0, Win Bonus=0.0
[2026-05-22 10:19:18] ALL WRONG MOVES BY COLOUR: {'gray0': ['4 (turn timeout)'], 'yellow': ['7 (turn timeout)', '12 (turn timeout)', '22 (turn timeout)', '32 (turn timeout)', '42 (turn timeout)', '52 (turn timeout)', '67 (turn timeout)', '82 (turn timeout)', '92 (turn timeout)', '102 (turn timeout)', '107 (illegal move)', '108 (turn timeout)', '118 (turn timeout)', '123 (turn timeout)', '133 (turn timeout)', '138 (turn timeout)', '148 (turn timeout)', '158 (turn timeout)']}
[2026-05-22 10:19:18] GAME TIME LIMIT REACHED.
[2026-05-22 10:19:18] SCORE Robert (lawn green): Final=2498.3, Time=90.3, Moves(36)=8.0, Pins(10)=1000.0, Dist=400.0, Win Bonus=1000.0
[2026-05-22 10:19:18] SCORE Gruppe 1 (gray0): Final=1382.0, Time=87.7, Moves(34)=2.3, Pins(9)=900.0, Dist=392.0, Win Bonus=0.0
[2026-05-22 10:19:18] SCORE StockWish (red): Final=943.7, Time=93.3, Moves(35)=4.4, Pins(5)=500.0, Dist=346.0, Win Bonus=0.0
[2026-05-22 10:19:18] SCORE Deepseekers (blue): Final=1162.7, Time=78.3, Moves(35)=4.4, Pins(7)=700.0, Dist=380.0, Win Bonus=0.0
[2026-05-22 10:19:18] SCORE Gruppe 67 (yellow): Final=708.2, Time=86.2, Moves(18)=0.0, Pins(3)=300.0, Dist=322.0, Win Bonus=0.0
[2026-05-22 10:19:18] ALL WRONG MOVES BY COLOUR: {'gray0': ['4 (turn timeout)'], 'yellow': ['7 (turn timeout)', '12 (turn timeout)', '22 (turn timeout)', '32 (turn timeout)', '42 (turn timeout)', '52 (turn timeout)', '67 (turn timeout)', '82 (turn timeout)', '92 (turn timeout)', '102 (turn timeout)', '107 (illegal move)', '108 (turn timeout)', '118 (turn timeout)', '123 (turn timeout)', '133 (turn timeout)', '138 (turn timeout)', '148 (turn timeout)', '158 (turn timeout)']}
[2026-05-22 10:19:18] GAME TIME LIMIT REACHED.
[2026-05-22 10:19:19] SCORE Robert (lawn green): Final=2498.3, Time=90.3, Moves(36)=8.0, Pins(10)=1000.0, Dist=400.0, Win Bonus=1000.0
[2026-05-22 10:19:19] SCORE Gruppe 1 (gray0): Final=1382.0, Time=87.7, Moves(34)=2.3, Pins(9)=900.0, Dist=392.0, Win Bonus=0.0
[2026-05-22 10:19:19] SCORE StockWish (red): Final=943.7, Time=93.3, Moves(35)=4.4, Pins(5)=500.0, Dist=346.0, Win Bonus=0.0
[2026-05-22 10:19:19] SCORE Deepseekers (blue): Final=1162.7, Time=78.3, Moves(35)=4.4, Pins(7)=700.0, Dist=380.0, Win Bonus=0.0
[2026-05-22 10:19:19] SCORE Gruppe 67 (yellow): Final=708.2, Time=86.2, Moves(18)=0.0, Pins(3)=300.0, Dist=322.0, Win Bonus=0.0
[2026-05-22 10:19:19] ALL WRONG MOVES BY COLOUR: {'gray0': ['4 (turn timeout)'], 'yellow': ['7 (turn timeout)', '12 (turn timeout)', '22 (turn timeout)', '32 (turn timeout)', '42 (turn timeout)', '52 (turn timeout)', '67 (turn timeout)', '82 (turn timeout)', '92 (turn timeout)', '102 (turn timeout)', '107 (illegal move)', '108 (turn timeout)', '118 (turn timeout)', '123 (turn timeout)', '133 (turn timeout)', '138 (turn timeout)', '148 (turn timeout)', '158 (turn timeout)']}
[2026-05-22 10:19:19] GAME TIME LIMIT REACHED.
[2026-05-22 10:19:19] SCORE Robert (lawn green): Final=2498.3, Time=90.3, Moves(36)=8.0, Pins(10)=1000.0, Dist=400.0, Win Bonus=1000.0
[2026-05-22 10:19:19] SCORE Gruppe 1 (gray0): Final=1382.0, Time=87.7, Moves(34)=2.3, Pins(9)=900.0, Dist=392.0, Win Bonus=0.0
[2026-05-22 10:19:19] SCORE StockWish (red): Final=943.7, Time=93.3, Moves(35)=4.4, Pins(5)=500.0, Dist=346.0, Win Bonus=0.0
[2026-05-22 10:19:19] SCORE Deepseekers (blue): Final=1162.7, Time=78.3, Moves(35)=4.4, Pins(7)=700.0, Dist=380.0, Win Bonus=0.0
[2026-05-22 10:19:19] SCORE Gruppe 67 (yellow): Final=708.2, Time=86.2, Moves(18)=0.0, Pins(3)=300.0, Dist=322.0, Win Bonus=0.0
[2026-05-22 10:19:19] ALL WRONG MOVES BY COLOUR: {'gray0': ['4 (turn timeout)'], 'yellow': ['7 (turn timeout)', '12 (turn timeout)', '22 (turn timeout)', '32 (turn timeout)', '42 (turn timeout)', '52 (turn timeout)', '67 (turn timeout)', '82 (turn timeout)', '92 (turn timeout)', '102 (turn timeout)', '107 (illegal move)', '108 (turn timeout)', '118 (turn timeout)', '123 (turn timeout)', '133 (turn timeout)', '138 (turn timeout)', '148 (turn timeout)', '158 (turn timeout)']}
[2026-05-22 10:19:19] GAME TIME LIMIT REACHED.
[2026-05-22 10:19:19] SCORE Robert (lawn green): Final=2498.3, Time=90.3, Moves(36)=8.0, Pins(10)=1000.0, Dist=400.0, Win Bonus=1000.0
[2026-05-22 10:19:19] SCORE Gruppe 1 (gray0): Final=1382.0, Time=87.7, Moves(34)=2.3, Pins(9)=900.0, Dist=392.0, Win Bonus=0.0
[2026-05-22 10:19:19] SCORE StockWish (red): Final=943.7, Time=93.3, Moves(35)=4.4, Pins(5)=500.0, Dist=346.0, Win Bonus=0.0
[2026-05-22 10:19:19] SCORE Deepseekers (blue): Final=1162.7, Time=78.3, Moves(35)=4.4, Pins(7)=700.0, Dist=380.0, Win Bonus=0.0
[2026-05-22 10:19:19] SCORE Gruppe 67 (yellow): Final=708.2, Time=86.2, Moves(18)=0.0, Pins(3)=300.0, Dist=322.0, Win Bonus=0.0
[2026-05-22 10:19:19] ALL WRONG MOVES BY COLOUR: {'gray0': ['4 (turn timeout)'], 'yellow': ['7 (turn timeout)', '12 (turn timeout)', '22 (turn timeout)', '32 (turn timeout)', '42 (turn timeout)', '52 (turn timeout)', '67 (turn timeout)', '82 (turn timeout)', '92 (turn timeout)', '102 (turn timeout)', '107 (illegal move)', '108 (turn timeout)', '118 (turn timeout)', '123 (turn timeout)', '133 (turn timeout)', '138 (turn timeout)', '148 (turn timeout)', '158 (turn timeout)']}
[2026-05-22 10:19:19] GAME TIME LIMIT REACHED.
[2026-05-22 10:19:19] SCORE Robert (lawn green): Final=2498.3, Time=90.3, Moves(36)=8.0, Pins(10)=1000.0, Dist=400.0, Win Bonus=1000.0
[2026-05-22 10:19:19] SCORE Gruppe 1 (gray0): Final=1382.0, Time=87.7, Moves(34)=2.3, Pins(9)=900.0, Dist=392.0, Win Bonus=0.0
[2026-05-22 10:19:19] SCORE StockWish (red): Final=943.7, Time=93.3, Moves(35)=4.4, Pins(5)=500.0, Dist=346.0, Win Bonus=0.0
[2026-05-22 10:19:19] SCORE Deepseekers (blue): Final=1162.7, Time=78.3, Moves(35)=4.4, Pins(7)=700.0, Dist=380.0, Win Bonus=0.0
[2026-05-22 10:19:19] SCORE Gruppe 67 (yellow): Final=708.2, Time=86.2, Moves(18)=0.0, Pins(3)=300.0, Dist=322.0, Win Bonus=0.0
[2026-05-22 10:19:19] ALL WRONG MOVES BY COLOUR: {'gray0': ['4 (turn timeout)'], 'yellow': ['7 (turn timeout)', '12 (turn timeout)', '22 (turn timeout)', '32 (turn timeout)', '42 (turn timeout)', '52 (turn timeout)', '67 (turn timeout)', '82 (turn timeout)', '92 (turn timeout)', '102 (turn timeout)', '107 (illegal move)', '108 (turn timeout)', '118 (turn timeout)', '123 (turn timeout)', '133 (turn timeout)', '138 (turn timeout)', '148 (turn timeout)', '158 (turn timeout)']}
[2026-05-22 10:19:19] GAME TIME LIMIT REACHED.
[2026-05-22 10:19:20] SCORE Robert (lawn green): Final=2498.3, Time=90.3, Moves(36)=8.0, Pins(10)=1000.0, Dist=400.0, Win Bonus=1000.0
[2026-05-22 10:19:20] SCORE Gruppe 1 (gray0): Final=1382.0, Time=87.7, Moves(34)=2.3, Pins(9)=900.0, Dist=392.0, Win Bonus=0.0
[2026-05-22 10:19:20] SCORE StockWish (red): Final=943.7, Time=93.3, Moves(35)=4.4, Pins(5)=500.0, Dist=346.0, Win Bonus=0.0
[2026-05-22 10:19:20] SCORE Deepseekers (blue): Final=1162.7, Time=78.3, Moves(35)=4.4, Pins(7)=700.0, Dist=380.0, Win Bonus=0.0
[2026-05-22 10:19:20] SCORE Gruppe 67 (yellow): Final=708.2, Time=86.2, Moves(18)=0.0, Pins(3)=300.0, Dist=322.0, Win Bonus=0.0
[2026-05-22 10:19:20] ALL WRONG MOVES BY COLOUR: {'gray0': ['4 (turn timeout)'], 'yellow': ['7 (turn timeout)', '12 (turn timeout)', '22 (turn timeout)', '32 (turn timeout)', '42 (turn timeout)', '52 (turn timeout)', '67 (turn timeout)', '82 (turn timeout)', '92 (turn timeout)', '102 (turn timeout)', '107 (illegal move)', '108 (turn timeout)', '118 (turn timeout)', '123 (turn timeout)', '133 (turn timeout)', '138 (turn timeout)', '148 (turn timeout)', '158 (turn timeout)']}
[2026-05-22 10:19:20] GAME TIME LIMIT REACHED.
[2026-05-22 10:19:20] SCORE Robert (lawn green): Final=2498.3, Time=90.3, Moves(36)=8.0, Pins(10)=1000.0, Dist=400.0, Win Bonus=1000.0
[2026-05-22 10:19:20] SCORE Gruppe 1 (gray0): Final=1382.0, Time=87.7, Moves(34)=2.3, Pins(9)=900.0, Dist=392.0, Win Bonus=0.0
[2026-05-22 10:19:20] SCORE StockWish (red): Final=943.7, Time=93.3, Moves(35)=4.4, Pins(5)=500.0, Dist=346.0, Win Bonus=0.0
[2026-05-22 10:19:20] SCORE Deepseekers (blue): Final=1162.7, Time=78.3, Moves(35)=4.4, Pins(7)=700.0, Dist=380.0, Win Bonus=0.0
[2026-05-22 10:19:20] SCORE Gruppe 67 (yellow): Final=708.2, Time=86.2, Moves(18)=0.0, Pins(3)=300.0, Dist=322.0, Win Bonus=0.0
[2026-05-22 10:19:20] ALL WRONG MOVES BY COLOUR: {'gray0': ['4 (turn timeout)'], 'yellow': ['7 (turn timeout)', '12 (turn timeout)', '22 (turn timeout)', '32 (turn timeout)', '42 (turn timeout)', '52 (turn timeout)', '67 (turn timeout)', '82 (turn timeout)', '92 (turn timeout)', '102 (turn timeout)', '107 (illegal move)', '108 (turn timeout)', '118 (turn timeout)', '123 (turn timeout)', '133 (turn timeout)', '138 (turn timeout)', '148 (turn timeout)', '158 (turn timeout)']}
[2026-05-22 10:19:20] GAME TIME LIMIT REACHED.
[2026-05-22 10:19:20] SCORE Robert (lawn green): Final=2498.3, Time=90.3, Moves(36)=8.0, Pins(10)=1000.0, Dist=400.0, Win Bonus=1000.0
[2026-05-22 10:19:20] SCORE Gruppe 1 (gray0): Final=1382.0, Time=87.7, Moves(34)=2.3, Pins(9)=900.0, Dist=392.0, Win Bonus=0.0
[2026-05-22 10:19:20] SCORE StockWish (red): Final=943.7, Time=93.3, Moves(35)=4.4, Pins(5)=500.0, Dist=346.0, Win Bonus=0.0
[2026-05-22 10:19:20] SCORE Deepseekers (blue): Final=1162.7, Time=78.3, Moves(35)=4.4, Pins(7)=700.0, Dist=380.0, Win Bonus=0.0
[2026-05-22 10:19:20] SCORE Gruppe 67 (yellow): Final=708.2, Time=86.2, Moves(18)=0.0, Pins(3)=300.0, Dist=322.0, Win Bonus=0.0
[2026-05-22 10:19:20] ALL WRONG MOVES BY COLOUR: {'gray0': ['4 (turn timeout)'], 'yellow': ['7 (turn timeout)', '12 (turn timeout)', '22 (turn timeout)', '32 (turn timeout)', '42 (turn timeout)', '52 (turn timeout)', '67 (turn timeout)', '82 (turn timeout)', '92 (turn timeout)', '102 (turn timeout)', '107 (illegal move)', '108 (turn timeout)', '118 (turn timeout)', '123 (turn timeout)', '133 (turn timeout)', '138 (turn timeout)', '148 (turn timeout)', '158 (turn timeout)']}
[2026-05-22 10:19:20] GAME TIME LIMIT REACHED.
[2026-05-22 10:19:20] SCORE Robert (lawn green): Final=2498.3, Time=90.3, Moves(36)=8.0, Pins(10)=1000.0, Dist=400.0, Win Bonus=1000.0
[2026-05-22 10:19:20] SCORE Gruppe 1 (gray0): Final=1382.0, Time=87.7, Moves(34)=2.3, Pins(9)=900.0, Dist=392.0, Win Bonus=0.0
[2026-05-22 10:19:20] SCORE StockWish (red): Final=943.7, Time=93.3, Moves(35)=4.4, Pins(5)=500.0, Dist=346.0, Win Bonus=0.0
[2026-05-22 10:19:20] SCORE Deepseekers (blue): Final=1162.7, Time=78.3, Moves(35)=4.4, Pins(7)=700.0, Dist=380.0, Win Bonus=0.0
[2026-05-22 10:19:20] SCORE Gruppe 67 (yellow): Final=708.2, Time=86.2, Moves(18)=0.0, Pins(3)=300.0, Dist=322.0, Win Bonus=0.0
[2026-05-22 10:19:20] ALL WRONG MOVES BY COLOUR: {'gray0': ['4 (turn timeout)'], 'yellow': ['7 (turn timeout)', '12 (turn timeout)', '22 (turn timeout)', '32 (turn timeout)', '42 (turn timeout)', '52 (turn timeout)', '67 (turn timeout)', '82 (turn timeout)', '92 (turn timeout)', '102 (turn timeout)', '107 (illegal move)', '108 (turn timeout)', '118 (turn timeout)', '123 (turn timeout)', '133 (turn timeout)', '138 (turn timeout)', '148 (turn timeout)', '158 (turn timeout)']}
[2026-05-22 10:19:20] GAME TIME LIMIT REACHED.
