[2026-05-22 10:41:57] GAME CREATED
[2026-05-22 10:42:25] PLAYER JOINED: PCS as yellow
[2026-05-22 10:42:35] PLAYER JOINED: Gruppe 10 as purple
[2026-05-22 10:44:15] PLAYER JOINED: Group 16 as lawn green
[2026-05-22 10:44:15] PLAYER START: PCS (yellow)
[2026-05-22 10:44:15] PLAYER START: Gruppe 10 (purple)
[2026-05-22 10:44:15] PLAYER START: Group 16 (lawn green)
[2026-05-22 10:44:15] GAME START — turn order ['yellow', 'purple', 'lawn green']
[2026-05-22 10:44:15] PLAYER START: PCS (yellow)
[2026-05-22 10:44:15] PLAYER START: Gruppe 10 (purple)
[2026-05-22 10:44:15] PLAYER START: Group 16 (lawn green)
[2026-05-22 10:44:15] MOVE 1: PCS (yellow) 36->37 [0.02ms]
[2026-05-22 10:44:15] SCORE PCS (yellow): Final=281.7, Time=99.7, Moves(1)=0.0, Pins(0)=0.0, Dist=182.0, Win Bonus=0.0
[2026-05-22 10:44:15] SCORE Gruppe 10 (purple): Final=0.0, Time=0.0, Moves(0)=0.0, Pins(0)=0.0, Dist=0.0, Win Bonus=0.0
[2026-05-22 10:44:15] SCORE Group 16 (lawn green): Final=0.0, Time=0.0, Moves(0)=0.0, Pins(0)=0.0, Dist=0.0, Win Bonus=0.0
[2026-05-22 10:44:15] ALL WRONG MOVES BY COLOUR: {}
[2026-05-22 10:44:16] PLAYER START: PCS (yellow)
[2026-05-22 10:44:16] PLAYER START: Gruppe 10 (purple)
[2026-05-22 10:44:16] PLAYER START: Group 16 (lawn green)
[2026-05-22 10:44:16] MOVE 2: Gruppe 10 (purple) 107->94 [0.01ms]
[2026-05-22 10:44:16] SCORE PCS (yellow): Final=281.7, Time=99.7, Moves(1)=0.0, Pins(0)=0.0, Dist=182.0, Win Bonus=0.0
[2026-05-22 10:44:16] SCORE Gruppe 10 (purple): Final=281.1, Time=99.1, Moves(1)=0.0, Pins(0)=0.0, Dist=182.0, Win Bonus=0.0
[2026-05-22 10:44:16] SCORE Group 16 (lawn green): Final=0.0, Time=0.0, Moves(0)=0.0, Pins(0)=0.0, Dist=0.0, Win Bonus=0.0
[2026-05-22 10:44:16] ALL WRONG MOVES BY COLOUR: {}
[2026-05-22 10:44:16] MOVE 3: Group 16 (lawn green) 33->31 [0.00ms]
[2026-05-22 10:44:16] SCORE PCS (yellow): Final=281.7, Time=99.7, Moves(1)=0.0, Pins(0)=0.0, Dist=182.0, Win Bonus=0.0
[2026-05-22 10:44:16] SCORE Gruppe 10 (purple): Final=281.1, Time=99.1, Moves(1)=0.0, Pins(0)=0.0, Dist=182.0, Win Bonus=0.0
[2026-05-22 10:44:16] SCORE Group 16 (lawn green): Final=283.9, Time=99.9, Moves(1)=0.0, Pins(0)=0.0, Dist=184.0, Win Bonus=0.0
[2026-05-22 10:44:16] ALL WRONG MOVES BY COLOUR: {}
[2026-05-22 10:44:17] MOVE 4: PCS (yellow) 11->38 [0.00ms]
[2026-05-22 10:44:17] SCORE PCS (yellow): Final=289.7, Time=99.7, Moves(2)=0.0, Pins(0)=0.0, Dist=190.0, Win Bonus=0.0
[2026-05-22 10:44:17] SCORE Gruppe 10 (purple): Final=281.1, Time=99.1, Moves(1)=0.0, Pins(0)=0.0, Dist=182.0, Win Bonus=0.0
[2026-05-22 10:44:17] SCORE Group 16 (lawn green): Final=283.9, Time=99.9, Moves(1)=0.0, Pins(0)=0.0, Dist=184.0, Win Bonus=0.0
[2026-05-22 10:44:17] ALL WRONG MOVES BY COLOUR: {}
[2026-05-22 10:44:17] MOVE 5: Gruppe 10 (purple) 109->82 [0.00ms]
[2026-05-22 10:44:17] SCORE PCS (yellow): Final=289.7, Time=99.7, Moves(2)=0.0, Pins(0)=0.0, Dist=190.0, Win Bonus=0.0
[2026-05-22 10:44:17] SCORE Gruppe 10 (purple): Final=288.9, Time=98.9, Moves(2)=0.0, Pins(0)=0.0, Dist=190.0, Win Bonus=0.0
[2026-05-22 10:44:17] SCORE Group 16 (lawn green): Final=283.9, Time=99.9, Moves(1)=0.0, Pins(0)=0.0, Dist=184.0, Win Bonus=0.0
[2026-05-22 10:44:17] ALL WRONG MOVES BY COLOUR: {}
[2026-05-22 10:44:17] MOVE 6: Group 16 (lawn green) 45->33 [0.00ms]
[2026-05-22 10:44:17] SCORE PCS (yellow): Final=289.7, Time=99.7, Moves(2)=0.0, Pins(0)=0.0, Dist=190.0, Win Bonus=0.0
[2026-05-22 10:44:17] SCORE Gruppe 10 (purple): Final=288.9, Time=98.9, Moves(2)=0.0, Pins(0)=0.0, Dist=190.0, Win Bonus=0.0
[2026-05-22 10:44:17] SCORE Group 16 (lawn green): Final=283.8, Time=99.8, Moves(2)=0.0, Pins(0)=0.0, Dist=184.0, Win Bonus=0.0
[2026-05-22 10:44:17] ALL WRONG MOVES BY COLOUR: {}
[2026-05-22 10:44:17] MOVE 7: PCS (yellow) 24->49 [0.01ms]
[2026-05-22 10:44:17] SCORE PCS (yellow): Final=297.3, Time=99.3, Moves(3)=0.0, Pins(0)=0.0, Dist=198.0, Win Bonus=0.0
[2026-05-22 10:44:17] SCORE Gruppe 10 (purple): Final=288.9, Time=98.9, Moves(2)=0.0, Pins(0)=0.0, Dist=190.0, Win Bonus=0.0
[2026-05-22 10:44:17] SCORE Group 16 (lawn green): Final=283.8, Time=99.8, Moves(2)=0.0, Pins(0)=0.0, Dist=184.0, Win Bonus=0.0
[2026-05-22 10:44:17] ALL WRONG MOVES BY COLOUR: {}
[2026-05-22 10:44:17] MOVE 8: Gruppe 10 (purple) 108->81 [0.00ms]
[2026-05-22 10:44:17] SCORE PCS (yellow): Final=297.3, Time=99.3, Moves(3)=0.0, Pins(0)=0.0, Dist=198.0, Win Bonus=0.0
[2026-05-22 10:44:17] SCORE Gruppe 10 (purple): Final=296.8, Time=98.8, Moves(3)=0.0, Pins(0)=0.0, Dist=198.0, Win Bonus=0.0
[2026-05-22 10:44:17] SCORE Group 16 (lawn green): Final=283.8, Time=99.8, Moves(2)=0.0, Pins(0)=0.0, Dist=184.0, Win Bonus=0.0
[2026-05-22 10:44:17] ALL WRONG MOVES BY COLOUR: {}
[2026-05-22 10:44:17] MOVE 9: Group 16 (lawn green) 44->54 [0.00ms]
[2026-05-22 10:44:17] SCORE PCS (yellow): Final=297.3, Time=99.3, Moves(3)=0.0, Pins(0)=0.0, Dist=198.0, Win Bonus=0.0
[2026-05-22 10:44:17] SCORE Gruppe 10 (purple): Final=296.8, Time=98.8, Moves(3)=0.0, Pins(0)=0.0, Dist=198.0, Win Bonus=0.0
[2026-05-22 10:44:17] SCORE Group 16 (lawn green): Final=285.7, Time=99.7, Moves(3)=0.0, Pins(0)=0.0, Dist=186.0, Win Bonus=0.0
[2026-05-22 10:44:17] ALL WRONG MOVES BY COLOUR: {}
[2026-05-22 10:44:18] MOVE 10: PCS (yellow) 25->50 [0.00ms]
[2026-05-22 10:44:18] SCORE PCS (yellow): Final=304.8, Time=98.8, Moves(4)=0.0, Pins(0)=0.0, Dist=206.0, Win Bonus=0.0
[2026-05-22 10:44:18] SCORE Gruppe 10 (purple): Final=296.8, Time=98.8, Moves(3)=0.0, Pins(0)=0.0, Dist=198.0, Win Bonus=0.0
[2026-05-22 10:44:18] SCORE Group 16 (lawn green): Final=285.7, Time=99.7, Moves(3)=0.0, Pins(0)=0.0, Dist=186.0, Win Bonus=0.0
[2026-05-22 10:44:18] ALL WRONG MOVES BY COLOUR: {}
[2026-05-22 10:44:18] MOVE 11: Gruppe 10 (purple) 95->72 [0.01ms]
[2026-05-22 10:44:18] SCORE PCS (yellow): Final=304.8, Time=98.8, Moves(4)=0.0, Pins(0)=0.0, Dist=206.0, Win Bonus=0.0
[2026-05-22 10:44:18] SCORE Gruppe 10 (purple): Final=300.6, Time=98.6, Moves(4)=0.0, Pins(0)=0.0, Dist=202.0, Win Bonus=0.0
[2026-05-22 10:44:18] SCORE Group 16 (lawn green): Final=285.7, Time=99.7, Moves(3)=0.0, Pins(0)=0.0, Dist=186.0, Win Bonus=0.0
[2026-05-22 10:44:18] ALL WRONG MOVES BY COLOUR: {}
[2026-05-22 10:44:18] MOVE 12: Group 16 (lawn green) 55->44 [0.01ms]
[2026-05-22 10:44:18] SCORE PCS (yellow): Final=304.8, Time=98.8, Moves(4)=0.0, Pins(0)=0.0, Dist=206.0, Win Bonus=0.0
[2026-05-22 10:44:18] SCORE Gruppe 10 (purple): Final=300.6, Time=98.6, Moves(4)=0.0, Pins(0)=0.0, Dist=202.0, Win Bonus=0.0
[2026-05-22 10:44:18] SCORE Group 16 (lawn green): Final=285.6, Time=99.6, Moves(4)=0.0, Pins(0)=0.0, Dist=186.0, Win Bonus=0.0
[2026-05-22 10:44:18] ALL WRONG MOVES BY COLOUR: {}
[2026-05-22 10:44:18] MOVE 13: PCS (yellow) 37->60 [0.00ms]
[2026-05-22 10:44:18] SCORE PCS (yellow): Final=312.5, Time=98.5, Moves(5)=0.0, Pins(0)=0.0, Dist=214.0, Win Bonus=0.0
[2026-05-22 10:44:18] SCORE Gruppe 10 (purple): Final=300.6, Time=98.6, Moves(4)=0.0, Pins(0)=0.0, Dist=202.0, Win Bonus=0.0
[2026-05-22 10:44:18] SCORE Group 16 (lawn green): Final=285.6, Time=99.6, Moves(4)=0.0, Pins(0)=0.0, Dist=186.0, Win Bonus=0.0
[2026-05-22 10:44:18] ALL WRONG MOVES BY COLOUR: {}
[2026-05-22 10:44:19] MOVE 14: Gruppe 10 (purple) 97->70 [0.01ms]
[2026-05-22 10:44:19] SCORE PCS (yellow): Final=312.5, Time=98.5, Moves(5)=0.0, Pins(0)=0.0, Dist=214.0, Win Bonus=0.0
[2026-05-22 10:44:19] SCORE Gruppe 10 (purple): Final=312.5, Time=98.5, Moves(5)=0.0, Pins(0)=0.0, Dist=214.0, Win Bonus=0.0
[2026-05-22 10:44:19] SCORE Group 16 (lawn green): Final=285.6, Time=99.6, Moves(4)=0.0, Pins(0)=0.0, Dist=186.0, Win Bonus=0.0
[2026-05-22 10:44:19] ALL WRONG MOVES BY COLOUR: {}
[2026-05-22 10:44:19] MOVE 15: Group 16 (lawn green) 32->53 [0.00ms]
[2026-05-22 10:44:19] SCORE PCS (yellow): Final=312.5, Time=98.5, Moves(5)=0.0, Pins(0)=0.0, Dist=214.0, Win Bonus=0.0
[2026-05-22 10:44:19] SCORE Gruppe 10 (purple): Final=312.5, Time=98.5, Moves(5)=0.0, Pins(0)=0.0, Dist=214.0, Win Bonus=0.0
[2026-05-22 10:44:19] SCORE Group 16 (lawn green): Final=289.6, Time=99.6, Moves(5)=0.0, Pins(0)=0.0, Dist=190.0, Win Bonus=0.0
[2026-05-22 10:44:19] ALL WRONG MOVES BY COLOUR: {}
[2026-05-22 10:44:19] MOVE 16: PCS (yellow) 38->61 [0.01ms]
[2026-05-22 10:44:19] SCORE PCS (yellow): Final=320.0, Time=98.0, Moves(6)=0.0, Pins(0)=0.0, Dist=222.0, Win Bonus=0.0
[2026-05-22 10:44:19] SCORE Gruppe 10 (purple): Final=312.5, Time=98.5, Moves(5)=0.0, Pins(0)=0.0, Dist=214.0, Win Bonus=0.0
[2026-05-22 10:44:19] SCORE Group 16 (lawn green): Final=289.6, Time=99.6, Moves(5)=0.0, Pins(0)=0.0, Dist=190.0, Win Bonus=0.0
[2026-05-22 10:44:19] ALL WRONG MOVES BY COLOUR: {}
[2026-05-22 10:44:19] MOVE 17: Gruppe 10 (purple) 72->62 [0.00ms]
[2026-05-22 10:44:19] SCORE PCS (yellow): Final=320.0, Time=98.0, Moves(6)=0.0, Pins(0)=0.0, Dist=222.0, Win Bonus=0.0
[2026-05-22 10:44:19] SCORE Gruppe 10 (purple): Final=314.2, Time=98.2, Moves(6)=0.0, Pins(0)=0.0, Dist=216.0, Win Bonus=0.0
[2026-05-22 10:44:19] SCORE Group 16 (lawn green): Final=289.6, Time=99.6, Moves(5)=0.0, Pins(0)=0.0, Dist=190.0, Win Bonus=0.0
[2026-05-22 10:44:19] ALL WRONG MOVES BY COLOUR: {}
[2026-05-22 10:44:19] MOVE 18: Group 16 (lawn green) 19->32 [0.00ms]
[2026-05-22 10:44:19] SCORE PCS (yellow): Final=320.0, Time=98.0, Moves(6)=0.0, Pins(0)=0.0, Dist=222.0, Win Bonus=0.0
[2026-05-22 10:44:19] SCORE Gruppe 10 (purple): Final=314.2, Time=98.2, Moves(6)=0.0, Pins(0)=0.0, Dist=216.0, Win Bonus=0.0
[2026-05-22 10:44:19] SCORE Group 16 (lawn green): Final=289.5, Time=99.5, Moves(6)=0.0, Pins(0)=0.0, Dist=190.0, Win Bonus=0.0
[2026-05-22 10:44:19] ALL WRONG MOVES BY COLOUR: {}
[2026-05-22 10:44:20] MOVE 19: PCS (yellow) 49->71 [0.00ms]
[2026-05-22 10:44:20] SCORE PCS (yellow): Final=327.7, Time=97.7, Moves(7)=0.0, Pins(0)=0.0, Dist=230.0, Win Bonus=0.0
[2026-05-22 10:44:20] SCORE Gruppe 10 (purple): Final=314.2, Time=98.2, Moves(6)=0.0, Pins(0)=0.0, Dist=216.0, Win Bonus=0.0
[2026-05-22 10:44:20] SCORE Group 16 (lawn green): Final=289.5, Time=99.5, Moves(6)=0.0, Pins(0)=0.0, Dist=190.0, Win Bonus=0.0
[2026-05-22 10:44:20] ALL WRONG MOVES BY COLOUR: {}
[2026-05-22 10:44:20] MOVE 20: Gruppe 10 (purple) 81->80 [0.01ms]
[2026-05-22 10:44:20] SCORE PCS (yellow): Final=327.7, Time=97.7, Moves(7)=0.0, Pins(0)=0.0, Dist=230.0, Win Bonus=0.0
[2026-05-22 10:44:20] SCORE Gruppe 10 (purple): Final=315.9, Time=97.9, Moves(7)=0.0, Pins(0)=0.0, Dist=218.0, Win Bonus=0.0
[2026-05-22 10:44:20] SCORE Group 16 (lawn green): Final=289.5, Time=99.5, Moves(6)=0.0, Pins(0)=0.0, Dist=190.0, Win Bonus=0.0
[2026-05-22 10:44:20] ALL WRONG MOVES BY COLOUR: {}
[2026-05-22 10:44:20] MOVE 21: Group 16 (lawn green) 44->19 [0.00ms]
[2026-05-22 10:44:20] SCORE PCS (yellow): Final=327.7, Time=97.7, Moves(7)=0.0, Pins(0)=0.0, Dist=230.0, Win Bonus=0.0
[2026-05-22 10:44:20] SCORE Gruppe 10 (purple): Final=315.9, Time=97.9, Moves(7)=0.0, Pins(0)=0.0, Dist=218.0, Win Bonus=0.0
[2026-05-22 10:44:20] SCORE Group 16 (lawn green): Final=289.3, Time=99.3, Moves(7)=0.0, Pins(0)=0.0, Dist=190.0, Win Bonus=0.0
[2026-05-22 10:44:20] ALL WRONG MOVES BY COLOUR: {}
[2026-05-22 10:44:20] MOVE 22: PCS (yellow) 12->14 [0.00ms]
[2026-05-22 10:44:20] SCORE PCS (yellow): Final=331.6, Time=97.6, Moves(8)=0.0, Pins(0)=0.0, Dist=234.0, Win Bonus=0.0
[2026-05-22 10:44:20] SCORE Gruppe 10 (purple): Final=315.9, Time=97.9, Moves(7)=0.0, Pins(0)=0.0, Dist=218.0, Win Bonus=0.0
[2026-05-22 10:44:20] SCORE Group 16 (lawn green): Final=289.3, Time=99.3, Moves(7)=0.0, Pins(0)=0.0, Dist=190.0, Win Bonus=0.0
[2026-05-22 10:44:20] ALL WRONG MOVES BY COLOUR: {}
[2026-05-22 10:44:21] MOVE 23: Gruppe 10 (purple) 85->81 [0.01ms]
[2026-05-22 10:44:21] SCORE PCS (yellow): Final=331.6, Time=97.6, Moves(8)=0.0, Pins(0)=0.0, Dist=234.0, Win Bonus=0.0
[2026-05-22 10:44:21] SCORE Gruppe 10 (purple): Final=323.7, Time=97.7, Moves(8)=0.0, Pins(0)=0.0, Dist=226.0, Win Bonus=0.0
[2026-05-22 10:44:21] SCORE Group 16 (lawn green): Final=289.3, Time=99.3, Moves(7)=0.0, Pins(0)=0.0, Dist=190.0, Win Bonus=0.0
[2026-05-22 10:44:21] ALL WRONG MOVES BY COLOUR: {}
[2026-05-22 10:44:21] MOVE 24: Group 16 (lawn green) 32->30 [0.01ms]
[2026-05-22 10:44:21] SCORE PCS (yellow): Final=331.6, Time=97.6, Moves(8)=0.0, Pins(0)=0.0, Dist=234.0, Win Bonus=0.0
[2026-05-22 10:44:21] SCORE Gruppe 10 (purple): Final=323.7, Time=97.7, Moves(8)=0.0, Pins(0)=0.0, Dist=226.0, Win Bonus=0.0
[2026-05-22 10:44:21] SCORE Group 16 (lawn green): Final=293.1, Time=99.1, Moves(8)=0.0, Pins(0)=0.0, Dist=194.0, Win Bonus=0.0
[2026-05-22 10:44:21] ALL WRONG MOVES BY COLOUR: {}
[2026-05-22 10:44:21] MOVE 25: PCS (yellow) 61->63 [0.00ms]
[2026-05-22 10:44:21] SCORE PCS (yellow): Final=335.3, Time=97.3, Moves(9)=0.0, Pins(0)=0.0, Dist=238.0, Win Bonus=0.0
[2026-05-22 10:44:21] SCORE Gruppe 10 (purple): Final=323.7, Time=97.7, Moves(8)=0.0, Pins(0)=0.0, Dist=226.0, Win Bonus=0.0
[2026-05-22 10:44:21] SCORE Group 16 (lawn green): Final=293.1, Time=99.1, Moves(8)=0.0, Pins(0)=0.0, Dist=194.0, Win Bonus=0.0
[2026-05-22 10:44:21] ALL WRONG MOVES BY COLOUR: {}
[2026-05-22 10:44:21] MOVE 26: Gruppe 10 (purple) 82->61 [0.01ms]
[2026-05-22 10:44:21] SCORE PCS (yellow): Final=335.3, Time=97.3, Moves(9)=0.0, Pins(0)=0.0, Dist=238.0, Win Bonus=0.0
[2026-05-22 10:44:21] SCORE Gruppe 10 (purple): Final=327.4, Time=97.4, Moves(9)=0.0, Pins(0)=0.0, Dist=230.0, Win Bonus=0.0
[2026-05-22 10:44:21] SCORE Group 16 (lawn green): Final=293.1, Time=99.1, Moves(8)=0.0, Pins(0)=0.0, Dist=194.0, Win Bonus=0.0
[2026-05-22 10:44:21] ALL WRONG MOVES BY COLOUR: {}
[2026-05-22 10:44:21] MOVE 27: Group 16 (lawn green) 19->18 [0.01ms]
[2026-05-22 10:44:21] SCORE PCS (yellow): Final=335.3, Time=97.3, Moves(9)=0.0, Pins(0)=0.0, Dist=238.0, Win Bonus=0.0
[2026-05-22 10:44:21] SCORE Gruppe 10 (purple): Final=327.4, Time=97.4, Moves(9)=0.0, Pins(0)=0.0, Dist=230.0, Win Bonus=0.0
[2026-05-22 10:44:21] SCORE Group 16 (lawn green): Final=295.0, Time=99.0, Moves(9)=0.0, Pins(0)=0.0, Dist=196.0, Win Bonus=0.0
[2026-05-22 10:44:21] ALL WRONG MOVES BY COLOUR: {}
[2026-05-22 10:44:22] MOVE 28: PCS (yellow) 13->15 [0.00ms]
[2026-05-22 10:44:22] SCORE PCS (yellow): Final=339.0, Time=97.0, Moves(10)=0.0, Pins(0)=0.0, Dist=242.0, Win Bonus=0.0
[2026-05-22 10:44:22] SCORE Gruppe 10 (purple): Final=327.4, Time=97.4, Moves(9)=0.0, Pins(0)=0.0, Dist=230.0, Win Bonus=0.0
[2026-05-22 10:44:22] SCORE Group 16 (lawn green): Final=295.0, Time=99.0, Moves(9)=0.0, Pins(0)=0.0, Dist=196.0, Win Bonus=0.0
[2026-05-22 10:44:22] ALL WRONG MOVES BY COLOUR: {}
[2026-05-22 10:44:22] MOVE 29: Gruppe 10 (purple) 84->73 [0.00ms]
[2026-05-22 10:44:22] SCORE PCS (yellow): Final=339.0, Time=97.0, Moves(10)=0.0, Pins(0)=0.0, Dist=242.0, Win Bonus=0.0
[2026-05-22 10:44:22] SCORE Gruppe 10 (purple): Final=329.2, Time=97.2, Moves(10)=0.0, Pins(0)=0.0, Dist=232.0, Win Bonus=0.0
[2026-05-22 10:44:22] SCORE Group 16 (lawn green): Final=295.0, Time=99.0, Moves(9)=0.0, Pins(0)=0.0, Dist=196.0, Win Bonus=0.0
[2026-05-22 10:44:22] ALL WRONG MOVES BY COLOUR: {}
[2026-05-22 10:44:22] MOVE 30: Group 16 (lawn green) 20->19 [0.00ms]
[2026-05-22 10:44:22] SCORE PCS (yellow): Final=339.0, Time=97.0, Moves(10)=0.0, Pins(0)=0.0, Dist=242.0, Win Bonus=0.0
[2026-05-22 10:44:22] SCORE Gruppe 10 (purple): Final=329.2, Time=97.2, Moves(10)=0.0, Pins(0)=0.0, Dist=232.0, Win Bonus=0.0
[2026-05-22 10:44:22] SCORE Group 16 (lawn green): Final=296.9, Time=98.9, Moves(10)=0.0, Pins(0)=0.0, Dist=198.0, Win Bonus=0.0
[2026-05-22 10:44:22] ALL WRONG MOVES BY COLOUR: {}
[2026-05-22 10:44:22] MOVE 31: PCS (yellow) 15->16 [0.00ms]
[2026-05-22 10:44:22] SCORE PCS (yellow): Final=340.7, Time=96.7, Moves(11)=0.0, Pins(0)=0.0, Dist=244.0, Win Bonus=0.0
[2026-05-22 10:44:22] SCORE Gruppe 10 (purple): Final=329.2, Time=97.2, Moves(10)=0.0, Pins(0)=0.0, Dist=232.0, Win Bonus=0.0
[2026-05-22 10:44:22] SCORE Group 16 (lawn green): Final=296.9, Time=98.9, Moves(10)=0.0, Pins(0)=0.0, Dist=198.0, Win Bonus=0.0
[2026-05-22 10:44:22] ALL WRONG MOVES BY COLOUR: {}
[2026-05-22 10:44:23] MOVE 32: Gruppe 10 (purple) 110->97 [0.00ms]
[2026-05-22 10:44:23] SCORE PCS (yellow): Final=340.7, Time=96.7, Moves(11)=0.0, Pins(0)=0.0, Dist=244.0, Win Bonus=0.0
[2026-05-22 10:44:23] SCORE Gruppe 10 (purple): Final=331.1, Time=97.1, Moves(11)=0.0, Pins(0)=0.0, Dist=234.0, Win Bonus=0.0
[2026-05-22 10:44:23] SCORE Group 16 (lawn green): Final=296.9, Time=98.9, Moves(10)=0.0, Pins(0)=0.0, Dist=198.0, Win Bonus=0.0
[2026-05-22 10:44:23] ALL WRONG MOVES BY COLOUR: {}
[2026-05-22 10:44:23] MOVE 33: Group 16 (lawn green) 33->20 [0.00ms]
[2026-05-22 10:44:23] SCORE PCS (yellow): Final=340.7, Time=96.7, Moves(11)=0.0, Pins(0)=0.0, Dist=244.0, Win Bonus=0.0
[2026-05-22 10:44:23] SCORE Gruppe 10 (purple): Final=331.1, Time=97.1, Moves(11)=0.0, Pins(0)=0.0, Dist=234.0, Win Bonus=0.0
[2026-05-22 10:44:23] SCORE Group 16 (lawn green): Final=296.8, Time=98.8, Moves(11)=0.0, Pins(0)=0.0, Dist=198.0, Win Bonus=0.0
[2026-05-22 10:44:23] ALL WRONG MOVES BY COLOUR: {}
[2026-05-22 10:44:23] MOVE 34: PCS (yellow) 35->56 [0.00ms]
[2026-05-22 10:44:23] SCORE PCS (yellow): Final=344.3, Time=96.3, Moves(12)=0.0, Pins(0)=0.0, Dist=248.0, Win Bonus=0.0
[2026-05-22 10:44:23] SCORE Gruppe 10 (purple): Final=331.1, Time=97.1, Moves(11)=0.0, Pins(0)=0.0, Dist=234.0, Win Bonus=0.0
[2026-05-22 10:44:23] SCORE Group 16 (lawn green): Final=296.8, Time=98.8, Moves(11)=0.0, Pins(0)=0.0, Dist=198.0, Win Bonus=0.0
[2026-05-22 10:44:23] ALL WRONG MOVES BY COLOUR: {}
[2026-05-22 10:44:23] MOVE 35: Gruppe 10 (purple) 74->64 [0.00ms]
[2026-05-22 10:44:23] SCORE PCS (yellow): Final=344.3, Time=96.3, Moves(12)=0.0, Pins(0)=0.0, Dist=248.0, Win Bonus=0.0
[2026-05-22 10:44:23] SCORE Gruppe 10 (purple): Final=333.0, Time=97.0, Moves(12)=0.0, Pins(0)=0.0, Dist=236.0, Win Bonus=0.0
[2026-05-22 10:44:23] SCORE Group 16 (lawn green): Final=296.8, Time=98.8, Moves(11)=0.0, Pins(0)=0.0, Dist=198.0, Win Bonus=0.0
[2026-05-22 10:44:23] ALL WRONG MOVES BY COLOUR: {}
[2026-05-22 10:44:23] MOVE 36: Group 16 (lawn green) 34->33 [0.01ms]
[2026-05-22 10:44:23] SCORE PCS (yellow): Final=344.3, Time=96.3, Moves(12)=0.0, Pins(0)=0.0, Dist=248.0, Win Bonus=0.0
[2026-05-22 10:44:23] SCORE Gruppe 10 (purple): Final=333.0, Time=97.0, Moves(12)=0.0, Pins(0)=0.0, Dist=236.0, Win Bonus=0.0
[2026-05-22 10:44:23] SCORE Group 16 (lawn green): Final=298.7, Time=98.7, Moves(12)=0.0, Pins(0)=0.0, Dist=200.0, Win Bonus=0.0
[2026-05-22 10:44:23] ALL WRONG MOVES BY COLOUR: {}
[2026-05-22 10:44:24] MOVE 37: PCS (yellow) 10->35 [0.00ms]
[2026-05-22 10:44:24] SCORE PCS (yellow): Final=347.9, Time=95.9, Moves(13)=0.0, Pins(0)=0.0, Dist=252.0, Win Bonus=0.0
[2026-05-22 10:44:24] SCORE Gruppe 10 (purple): Final=333.0, Time=97.0, Moves(12)=0.0, Pins(0)=0.0, Dist=236.0, Win Bonus=0.0
[2026-05-22 10:44:24] SCORE Group 16 (lawn green): Final=298.7, Time=98.7, Moves(12)=0.0, Pins(0)=0.0, Dist=200.0, Win Bonus=0.0
[2026-05-22 10:44:24] ALL WRONG MOVES BY COLOUR: {}
[2026-05-22 10:44:24] MOVE 38: Gruppe 10 (purple) 64->83 [0.01ms]
[2026-05-22 10:44:24] SCORE PCS (yellow): Final=347.9, Time=95.9, Moves(13)=0.0, Pins(0)=0.0, Dist=252.0, Win Bonus=0.0
[2026-05-22 10:44:24] SCORE Gruppe 10 (purple): Final=332.8, Time=96.8, Moves(13)=0.0, Pins(0)=0.0, Dist=236.0, Win Bonus=0.0
[2026-05-22 10:44:24] SCORE Group 16 (lawn green): Final=298.7, Time=98.7, Moves(12)=0.0, Pins(0)=0.0, Dist=200.0, Win Bonus=0.0
[2026-05-22 10:44:24] ALL WRONG MOVES BY COLOUR: {}
[2026-05-22 10:44:24] MOVE 39: Group 16 (lawn green) 19->42 [0.01ms]
[2026-05-22 10:44:24] SCORE PCS (yellow): Final=347.9, Time=95.9, Moves(13)=0.0, Pins(0)=0.0, Dist=252.0, Win Bonus=0.0
[2026-05-22 10:44:24] SCORE Gruppe 10 (purple): Final=332.8, Time=96.8, Moves(13)=0.0, Pins(0)=0.0, Dist=236.0, Win Bonus=0.0
[2026-05-22 10:44:24] SCORE Group 16 (lawn green): Final=302.6, Time=98.6, Moves(13)=0.0, Pins(0)=0.0, Dist=204.0, Win Bonus=0.0
[2026-05-22 10:44:24] ALL WRONG MOVES BY COLOUR: {}
[2026-05-22 10:44:24] MOVE 40: PCS (yellow) 46->66 [0.01ms]
[2026-05-22 10:44:24] SCORE PCS (yellow): Final=351.5, Time=95.5, Moves(14)=0.0, Pins(0)=0.0, Dist=256.0, Win Bonus=0.0
[2026-05-22 10:44:24] SCORE Gruppe 10 (purple): Final=332.8, Time=96.8, Moves(13)=0.0, Pins(0)=0.0, Dist=236.0, Win Bonus=0.0
[2026-05-22 10:44:24] SCORE Group 16 (lawn green): Final=302.6, Time=98.6, Moves(13)=0.0, Pins(0)=0.0, Dist=204.0, Win Bonus=0.0
[2026-05-22 10:44:24] ALL WRONG MOVES BY COLOUR: {}
[2026-05-22 10:44:24] MOVE 41: Gruppe 10 (purple) 97->72 [0.00ms]
[2026-05-22 10:44:24] SCORE PCS (yellow): Final=351.5, Time=95.5, Moves(14)=0.0, Pins(0)=0.0, Dist=256.0, Win Bonus=0.0
[2026-05-22 10:44:24] SCORE Gruppe 10 (purple): Final=340.7, Time=96.7, Moves(14)=0.0, Pins(0)=0.0, Dist=244.0, Win Bonus=0.0
[2026-05-22 10:44:24] SCORE Group 16 (lawn green): Final=302.6, Time=98.6, Moves(13)=0.0, Pins(0)=0.0, Dist=204.0, Win Bonus=0.0
[2026-05-22 10:44:24] ALL WRONG MOVES BY COLOUR: {}
[2026-05-22 10:44:25] MOVE 42: Group 16 (lawn green) 20->32 [0.00ms]
[2026-05-22 10:44:25] SCORE PCS (yellow): Final=351.5, Time=95.5, Moves(14)=0.0, Pins(0)=0.0, Dist=256.0, Win Bonus=0.0
[2026-05-22 10:44:25] SCORE Gruppe 10 (purple): Final=340.7, Time=96.7, Moves(14)=0.0, Pins(0)=0.0, Dist=244.0, Win Bonus=0.0
[2026-05-22 10:44:25] SCORE Group 16 (lawn green): Final=304.5, Time=98.5, Moves(14)=0.0, Pins(0)=0.0, Dist=206.0, Win Bonus=0.0
[2026-05-22 10:44:25] ALL WRONG MOVES BY COLOUR: {}
[2026-05-22 10:44:25] MOVE 43: PCS (yellow) 23->46 [0.00ms]
[2026-05-22 10:44:25] SCORE PCS (yellow): Final=355.2, Time=95.2, Moves(15)=0.0, Pins(0)=0.0, Dist=260.0, Win Bonus=0.0
[2026-05-22 10:44:25] SCORE Gruppe 10 (purple): Final=340.7, Time=96.7, Moves(14)=0.0, Pins(0)=0.0, Dist=244.0, Win Bonus=0.0
[2026-05-22 10:44:25] SCORE Group 16 (lawn green): Final=304.5, Time=98.5, Moves(14)=0.0, Pins(0)=0.0, Dist=206.0, Win Bonus=0.0
[2026-05-22 10:44:25] ALL WRONG MOVES BY COLOUR: {}
[2026-05-22 10:44:25] MOVE 44: Gruppe 10 (purple) 72->52 [0.00ms]
[2026-05-22 10:44:25] SCORE PCS (yellow): Final=355.2, Time=95.2, Moves(15)=0.0, Pins(0)=0.0, Dist=260.0, Win Bonus=0.0
[2026-05-22 10:44:25] SCORE Gruppe 10 (purple): Final=344.5, Time=96.5, Moves(15)=0.0, Pins(0)=0.0, Dist=248.0, Win Bonus=0.0
[2026-05-22 10:44:25] SCORE Group 16 (lawn green): Final=304.5, Time=98.5, Moves(14)=0.0, Pins(0)=0.0, Dist=206.0, Win Bonus=0.0
[2026-05-22 10:44:25] ALL WRONG MOVES BY COLOUR: {}
[2026-05-22 10:44:25] MOVE 45: Group 16 (lawn green) 22->41 [0.00ms]
[2026-05-22 10:44:25] SCORE PCS (yellow): Final=355.2, Time=95.2, Moves(15)=0.0, Pins(0)=0.0, Dist=260.0, Win Bonus=0.0
[2026-05-22 10:44:25] SCORE Gruppe 10 (purple): Final=344.5, Time=96.5, Moves(15)=0.0, Pins(0)=0.0, Dist=248.0, Win Bonus=0.0
[2026-05-22 10:44:25] SCORE Group 16 (lawn green): Final=316.5, Time=98.5, Moves(15)=0.0, Pins(0)=0.0, Dist=218.0, Win Bonus=0.0
[2026-05-22 10:44:25] ALL WRONG MOVES BY COLOUR: {}
[2026-05-22 10:44:25] MOVE 46: PCS (yellow) 66->77 [0.00ms]
[2026-05-22 10:44:25] SCORE PCS (yellow): Final=356.7, Time=94.7, Moves(16)=0.0, Pins(0)=0.0, Dist=262.0, Win Bonus=0.0
[2026-05-22 10:44:25] SCORE Gruppe 10 (purple): Final=344.5, Time=96.5, Moves(15)=0.0, Pins(0)=0.0, Dist=248.0, Win Bonus=0.0
[2026-05-22 10:44:25] SCORE Group 16 (lawn green): Final=316.5, Time=98.5, Moves(15)=0.0, Pins(0)=0.0, Dist=218.0, Win Bonus=0.0
[2026-05-22 10:44:25] ALL WRONG MOVES BY COLOUR: {}
[2026-05-22 10:44:26] MOVE 47: Gruppe 10 (purple) 83->43 [0.00ms]
[2026-05-22 10:44:26] SCORE PCS (yellow): Final=356.7, Time=94.7, Moves(16)=0.0, Pins(0)=0.0, Dist=262.0, Win Bonus=0.0
[2026-05-22 10:44:26] SCORE Gruppe 10 (purple): Final=348.3, Time=96.3, Moves(16)=0.0, Pins(0)=0.0, Dist=252.0, Win Bonus=0.0
[2026-05-22 10:44:26] SCORE Group 16 (lawn green): Final=316.5, Time=98.5, Moves(15)=0.0, Pins(0)=0.0, Dist=218.0, Win Bonus=0.0
[2026-05-22 10:44:26] ALL WRONG MOVES BY COLOUR: {}
[2026-05-22 10:44:26] MOVE 48: Group 16 (lawn green) 21->13 [0.00ms]
[2026-05-22 10:44:26] SCORE PCS (yellow): Final=356.7, Time=94.7, Moves(16)=0.0, Pins(0)=0.0, Dist=262.0, Win Bonus=0.0
[2026-05-22 10:44:26] SCORE Gruppe 10 (purple): Final=348.3, Time=96.3, Moves(16)=0.0, Pins(0)=0.0, Dist=252.0, Win Bonus=0.0
[2026-05-22 10:44:26] SCORE Group 16 (lawn green): Final=330.4, Time=98.4, Moves(16)=0.0, Pins(0)=0.0, Dist=232.0, Win Bonus=0.0
[2026-05-22 10:44:26] ALL WRONG MOVES BY COLOUR: {}
[2026-05-22 10:44:26] MOVE 49: PCS (yellow) 46->66 [0.01ms]
[2026-05-22 10:44:26] SCORE PCS (yellow): Final=360.4, Time=94.4, Moves(17)=0.0, Pins(0)=0.0, Dist=266.0, Win Bonus=0.0
[2026-05-22 10:44:26] SCORE Gruppe 10 (purple): Final=348.3, Time=96.3, Moves(16)=0.0, Pins(0)=0.0, Dist=252.0, Win Bonus=0.0
[2026-05-22 10:44:26] SCORE Group 16 (lawn green): Final=330.4, Time=98.4, Moves(16)=0.0, Pins(0)=0.0, Dist=232.0, Win Bonus=0.0
[2026-05-22 10:44:26] ALL WRONG MOVES BY COLOUR: {}
[2026-05-22 10:44:26] MOVE 50: Gruppe 10 (purple) 96->95 [0.00ms]
[2026-05-22 10:44:26] SCORE PCS (yellow): Final=360.4, Time=94.4, Moves(17)=0.0, Pins(0)=0.0, Dist=266.0, Win Bonus=0.0
[2026-05-22 10:44:26] SCORE Gruppe 10 (purple): Final=350.2, Time=96.2, Moves(17)=0.0, Pins(0)=0.0, Dist=254.0, Win Bonus=0.0
[2026-05-22 10:44:26] SCORE Group 16 (lawn green): Final=330.4, Time=98.4, Moves(16)=0.0, Pins(0)=0.0, Dist=232.0, Win Bonus=0.0
[2026-05-22 10:44:26] ALL WRONG MOVES BY COLOUR: {}
[2026-05-22 10:44:26] MOVE 51: Group 16 (lawn green) 32->44 [0.01ms]
[2026-05-22 10:44:26] SCORE PCS (yellow): Final=360.4, Time=94.4, Moves(17)=0.0, Pins(0)=0.0, Dist=266.0, Win Bonus=0.0
[2026-05-22 10:44:26] SCORE Gruppe 10 (purple): Final=350.2, Time=96.2, Moves(17)=0.0, Pins(0)=0.0, Dist=254.0, Win Bonus=0.0
[2026-05-22 10:44:26] SCORE Group 16 (lawn green): Final=330.3, Time=98.3, Moves(17)=0.0, Pins(0)=0.0, Dist=232.0, Win Bonus=0.0
[2026-05-22 10:44:26] ALL WRONG MOVES BY COLOUR: {}
[2026-05-22 10:44:27] MOVE 52: PCS (yellow) 66->46 [0.00ms]
[2026-05-22 10:44:27] SCORE PCS (yellow): Final=356.0, Time=94.0, Moves(18)=0.0, Pins(0)=0.0, Dist=262.0, Win Bonus=0.0
[2026-05-22 10:44:27] SCORE Gruppe 10 (purple): Final=350.2, Time=96.2, Moves(17)=0.0, Pins(0)=0.0, Dist=254.0, Win Bonus=0.0
[2026-05-22 10:44:27] SCORE Group 16 (lawn green): Final=330.3, Time=98.3, Moves(17)=0.0, Pins(0)=0.0, Dist=232.0, Win Bonus=0.0
[2026-05-22 10:44:27] ALL WRONG MOVES BY COLOUR: {}
[2026-05-22 10:44:27] MOVE 53: Gruppe 10 (purple) 61->51 [0.00ms]
[2026-05-22 10:44:27] SCORE PCS (yellow): Final=356.0, Time=94.0, Moves(18)=0.0, Pins(0)=0.0, Dist=262.0, Win Bonus=0.0
[2026-05-22 10:44:27] SCORE Gruppe 10 (purple): Final=352.1, Time=96.1, Moves(18)=0.0, Pins(0)=0.0, Dist=256.0, Win Bonus=0.0
[2026-05-22 10:44:27] SCORE Group 16 (lawn green): Final=330.3, Time=98.3, Moves(17)=0.0, Pins(0)=0.0, Dist=232.0, Win Bonus=0.0
[2026-05-22 10:44:27] ALL WRONG MOVES BY COLOUR: {}
[2026-05-22 10:44:27] MOVE 54: Group 16 (lawn green) 33->32 [0.01ms]
[2026-05-22 10:44:27] SCORE PCS (yellow): Final=356.0, Time=94.0, Moves(18)=0.0, Pins(0)=0.0, Dist=262.0, Win Bonus=0.0
[2026-05-22 10:44:27] SCORE Gruppe 10 (purple): Final=352.1, Time=96.1, Moves(18)=0.0, Pins(0)=0.0, Dist=256.0, Win Bonus=0.0
[2026-05-22 10:44:27] SCORE Group 16 (lawn green): Final=332.2, Time=98.2, Moves(18)=0.0, Pins(0)=0.0, Dist=234.0, Win Bonus=0.0
[2026-05-22 10:44:27] ALL WRONG MOVES BY COLOUR: {}
[2026-05-22 10:44:27] MOVE 55: PCS (yellow) 46->66 [0.00ms]
[2026-05-22 10:44:27] SCORE PCS (yellow): Final=359.6, Time=93.6, Moves(19)=0.0, Pins(0)=0.0, Dist=266.0, Win Bonus=0.0
[2026-05-22 10:44:27] SCORE Gruppe 10 (purple): Final=352.1, Time=96.1, Moves(18)=0.0, Pins(0)=0.0, Dist=256.0, Win Bonus=0.0
[2026-05-22 10:44:27] SCORE Group 16 (lawn green): Final=332.2, Time=98.2, Moves(18)=0.0, Pins(0)=0.0, Dist=234.0, Win Bonus=0.0
[2026-05-22 10:44:27] ALL WRONG MOVES BY COLOUR: {}
[2026-05-22 10:44:27] MOVE 56: Gruppe 10 (purple) 62->61 [0.00ms]
[2026-05-22 10:44:27] SCORE PCS (yellow): Final=359.6, Time=93.6, Moves(19)=0.0, Pins(0)=0.0, Dist=266.0, Win Bonus=0.0
[2026-05-22 10:44:27] SCORE Gruppe 10 (purple): Final=353.9, Time=95.9, Moves(19)=0.0, Pins(0)=0.0, Dist=258.0, Win Bonus=0.0
[2026-05-22 10:44:27] SCORE Group 16 (lawn green): Final=332.2, Time=98.2, Moves(18)=0.0, Pins(0)=0.0, Dist=234.0, Win Bonus=0.0
[2026-05-22 10:44:27] ALL WRONG MOVES BY COLOUR: {}
[2026-05-22 10:44:28] MOVE 57: Group 16 (lawn green) 44->15 [0.00ms]
[2026-05-22 10:44:28] SCORE PCS (yellow): Final=359.6, Time=93.6, Moves(19)=0.0, Pins(0)=0.0, Dist=266.0, Win Bonus=0.0
[2026-05-22 10:44:28] SCORE Gruppe 10 (purple): Final=353.9, Time=95.9, Moves(19)=0.0, Pins(0)=0.0, Dist=258.0, Win Bonus=0.0
[2026-05-22 10:44:28] SCORE Group 16 (lawn green): Final=340.2, Time=98.2, Moves(19)=0.0, Pins(0)=0.0, Dist=242.0, Win Bonus=0.0
[2026-05-22 10:44:28] ALL WRONG MOVES BY COLOUR: {}
[2026-05-22 10:44:28] MOVE 58: PCS (yellow) 66->46 [0.00ms]
[2026-05-22 10:44:28] SCORE PCS (yellow): Final=355.2, Time=93.2, Moves(20)=0.0, Pins(0)=0.0, Dist=262.0, Win Bonus=0.0
[2026-05-22 10:44:28] SCORE Gruppe 10 (purple): Final=353.9, Time=95.9, Moves(19)=0.0, Pins(0)=0.0, Dist=258.0, Win Bonus=0.0
[2026-05-22 10:44:28] SCORE Group 16 (lawn green): Final=340.2, Time=98.2, Moves(19)=0.0, Pins(0)=0.0, Dist=242.0, Win Bonus=0.0
[2026-05-22 10:44:28] ALL WRONG MOVES BY COLOUR: {}
[2026-05-22 10:44:28] MOVE 59: Gruppe 10 (purple) 61->59 [0.00ms]
[2026-05-22 10:44:28] SCORE PCS (yellow): Final=355.2, Time=93.2, Moves(20)=0.0, Pins(0)=0.0, Dist=262.0, Win Bonus=0.0
[2026-05-22 10:44:28] SCORE Gruppe 10 (purple): Final=357.7, Time=95.7, Moves(20)=0.0, Pins(0)=0.0, Dist=262.0, Win Bonus=0.0
[2026-05-22 10:44:28] SCORE Group 16 (lawn green): Final=340.2, Time=98.2, Moves(19)=0.0, Pins(0)=0.0, Dist=242.0, Win Bonus=0.0
[2026-05-22 10:44:28] ALL WRONG MOVES BY COLOUR: {}
[2026-05-22 10:44:28] MOVE 60: Group 16 (lawn green) 32->19 [0.00ms]
[2026-05-22 10:44:28] SCORE PCS (yellow): Final=355.2, Time=93.2, Moves(20)=0.0, Pins(0)=0.0, Dist=262.0, Win Bonus=0.0
[2026-05-22 10:44:28] SCORE Gruppe 10 (purple): Final=357.7, Time=95.7, Moves(20)=0.0, Pins(0)=0.0, Dist=262.0, Win Bonus=0.0
[2026-05-22 10:44:28] SCORE Group 16 (lawn green): Final=340.0, Time=98.0, Moves(20)=0.0, Pins(0)=0.0, Dist=242.0, Win Bonus=0.0
[2026-05-22 10:44:28] ALL WRONG MOVES BY COLOUR: {}
[2026-05-22 10:44:29] MOVE 61: PCS (yellow) 46->66 [0.00ms]
[2026-05-22 10:44:29] SCORE PCS (yellow): Final=358.8, Time=92.8, Moves(21)=0.0, Pins(0)=0.0, Dist=266.0, Win Bonus=0.0
[2026-05-22 10:44:29] SCORE Gruppe 10 (purple): Final=357.7, Time=95.7, Moves(20)=0.0, Pins(0)=0.0, Dist=262.0, Win Bonus=0.0
[2026-05-22 10:44:29] SCORE Group 16 (lawn green): Final=340.0, Time=98.0, Moves(20)=0.0, Pins(0)=0.0, Dist=242.0, Win Bonus=0.0
[2026-05-22 10:44:29] ALL WRONG MOVES BY COLOUR: {}
[2026-05-22 10:44:29] MOVE 62: Gruppe 10 (purple) 59->58 [0.00ms]
[2026-05-22 10:44:29] SCORE PCS (yellow): Final=358.8, Time=92.8, Moves(21)=0.0, Pins(0)=0.0, Dist=266.0, Win Bonus=0.0
[2026-05-22 10:44:29] SCORE Gruppe 10 (purple): Final=359.6, Time=95.6, Moves(21)=0.0, Pins(0)=0.0, Dist=264.0, Win Bonus=0.0
[2026-05-22 10:44:29] SCORE Group 16 (lawn green): Final=340.0, Time=98.0, Moves(20)=0.0, Pins(0)=0.0, Dist=242.0, Win Bonus=0.0
[2026-05-22 10:44:29] ALL WRONG MOVES BY COLOUR: {}
[2026-05-22 10:44:29] MOVE 63: Group 16 (lawn green) 19->17 [0.00ms]
[2026-05-22 10:44:29] SCORE PCS (yellow): Final=358.8, Time=92.8, Moves(21)=0.0, Pins(0)=0.0, Dist=266.0, Win Bonus=0.0
[2026-05-22 10:44:29] SCORE Gruppe 10 (purple): Final=359.6, Time=95.6, Moves(21)=0.0, Pins(0)=0.0, Dist=264.0, Win Bonus=0.0
[2026-05-22 10:44:29] SCORE Group 16 (lawn green): Final=344.0, Time=98.0, Moves(21)=0.0, Pins(0)=0.0, Dist=246.0, Win Bonus=0.0
[2026-05-22 10:44:29] ALL WRONG MOVES BY COLOUR: {}
[2026-05-22 10:44:29] MOVE 64: PCS (yellow) 66->46 [0.00ms]
[2026-05-22 10:44:29] SCORE PCS (yellow): Final=354.3, Time=92.3, Moves(22)=0.0, Pins(0)=0.0, Dist=262.0, Win Bonus=0.0
[2026-05-22 10:44:29] SCORE Gruppe 10 (purple): Final=359.6, Time=95.6, Moves(21)=0.0, Pins(0)=0.0, Dist=264.0, Win Bonus=0.0
[2026-05-22 10:44:29] SCORE Group 16 (lawn green): Final=344.0, Time=98.0, Moves(21)=0.0, Pins(0)=0.0, Dist=246.0, Win Bonus=0.0
[2026-05-22 10:44:29] ALL WRONG MOVES BY COLOUR: {}
[2026-05-22 10:44:29] MOVE 65: Gruppe 10 (purple) 73->64 [0.00ms]
[2026-05-22 10:44:29] SCORE PCS (yellow): Final=354.3, Time=92.3, Moves(22)=0.0, Pins(0)=0.0, Dist=262.0, Win Bonus=0.0
[2026-05-22 10:44:29] SCORE Gruppe 10 (purple): Final=359.4, Time=95.4, Moves(22)=0.0, Pins(0)=0.0, Dist=264.0, Win Bonus=0.0
[2026-05-22 10:44:29] SCORE Group 16 (lawn green): Final=344.0, Time=98.0, Moves(21)=0.0, Pins(0)=0.0, Dist=246.0, Win Bonus=0.0
[2026-05-22 10:44:29] ALL WRONG MOVES BY COLOUR: {}
[2026-05-22 10:44:30] MOVE 66: Group 16 (lawn green) 41->40 [0.00ms]
[2026-05-22 10:44:30] SCORE PCS (yellow): Final=354.3, Time=92.3, Moves(22)=0.0, Pins(0)=0.0, Dist=262.0, Win Bonus=0.0
[2026-05-22 10:44:30] SCORE Gruppe 10 (purple): Final=359.4, Time=95.4, Moves(22)=0.0, Pins(0)=0.0, Dist=264.0, Win Bonus=0.0
[2026-05-22 10:44:30] SCORE Group 16 (lawn green): Final=345.9, Time=97.9, Moves(22)=0.0, Pins(0)=0.0, Dist=248.0, Win Bonus=0.0
[2026-05-22 10:44:30] ALL WRONG MOVES BY COLOUR: {}
[2026-05-22 10:44:30] MOVE 67: PCS (yellow) 46->66 [0.00ms]
[2026-05-22 10:44:30] SCORE PCS (yellow): Final=358.0, Time=92.0, Moves(23)=0.0, Pins(0)=0.0, Dist=266.0, Win Bonus=0.0
[2026-05-22 10:44:30] SCORE Gruppe 10 (purple): Final=359.4, Time=95.4, Moves(22)=0.0, Pins(0)=0.0, Dist=264.0, Win Bonus=0.0
[2026-05-22 10:44:30] SCORE Group 16 (lawn green): Final=345.9, Time=97.9, Moves(22)=0.0, Pins(0)=0.0, Dist=248.0, Win Bonus=0.0
[2026-05-22 10:44:30] ALL WRONG MOVES BY COLOUR: {}
[2026-05-22 10:44:30] MOVE 68: Gruppe 10 (purple) 51->26 [0.00ms]
[2026-05-22 10:44:30] SCORE PCS (yellow): Final=358.0, Time=92.0, Moves(23)=0.0, Pins(0)=0.0, Dist=266.0, Win Bonus=0.0
[2026-05-22 10:44:30] SCORE Gruppe 10 (purple): Final=367.3, Time=95.3, Moves(23)=0.0, Pins(0)=0.0, Dist=272.0, Win Bonus=0.0
[2026-05-22 10:44:30] SCORE Group 16 (lawn green): Final=345.9, Time=97.9, Moves(22)=0.0, Pins(0)=0.0, Dist=248.0, Win Bonus=0.0
[2026-05-22 10:44:30] ALL WRONG MOVES BY COLOUR: {}
[2026-05-22 10:44:30] MOVE 69: Group 16 (lawn green) 40->59 [0.00ms]
[2026-05-22 10:44:30] SCORE PCS (yellow): Final=358.0, Time=92.0, Moves(23)=0.0, Pins(0)=0.0, Dist=266.0, Win Bonus=0.0
[2026-05-22 10:44:30] SCORE Gruppe 10 (purple): Final=367.3, Time=95.3, Moves(23)=0.0, Pins(0)=0.0, Dist=272.0, Win Bonus=0.0
[2026-05-22 10:44:30] SCORE Group 16 (lawn green): Final=349.8, Time=97.8, Moves(23)=0.0, Pins(0)=0.0, Dist=252.0, Win Bonus=0.0
[2026-05-22 10:44:30] ALL WRONG MOVES BY COLOUR: {}
[2026-05-22 10:44:31] MOVE 70: PCS (yellow) 66->46 [0.00ms]
[2026-05-22 10:44:31] SCORE PCS (yellow): Final=353.6, Time=91.6, Moves(24)=0.0, Pins(0)=0.0, Dist=262.0, Win Bonus=0.0
[2026-05-22 10:44:31] SCORE Gruppe 10 (purple): Final=367.3, Time=95.3, Moves(23)=0.0, Pins(0)=0.0, Dist=272.0, Win Bonus=0.0
[2026-05-22 10:44:31] SCORE Group 16 (lawn green): Final=349.8, Time=97.8, Moves(23)=0.0, Pins(0)=0.0, Dist=252.0, Win Bonus=0.0
[2026-05-22 10:44:31] ALL WRONG MOVES BY COLOUR: {}
[2026-05-22 10:44:31] MOVE 71: Gruppe 10 (purple) 80->61 [0.00ms]
[2026-05-22 10:44:31] SCORE PCS (yellow): Final=353.6, Time=91.6, Moves(24)=0.0, Pins(0)=0.0, Dist=262.0, Win Bonus=0.0
[2026-05-22 10:44:31] SCORE Gruppe 10 (purple): Final=367.1, Time=95.1, Moves(24)=0.0, Pins(0)=0.0, Dist=272.0, Win Bonus=0.0
[2026-05-22 10:44:31] SCORE Group 16 (lawn green): Final=349.8, Time=97.8, Moves(23)=0.0, Pins(0)=0.0, Dist=252.0, Win Bonus=0.0
[2026-05-22 10:44:31] ALL WRONG MOVES BY COLOUR: {}
[2026-05-22 10:44:31] MOVE 72: Group 16 (lawn green) 59->68 [0.00ms]
[2026-05-22 10:44:31] SCORE PCS (yellow): Final=353.6, Time=91.6, Moves(24)=0.0, Pins(0)=0.0, Dist=262.0, Win Bonus=0.0
[2026-05-22 10:44:31] SCORE Gruppe 10 (purple): Final=367.1, Time=95.1, Moves(24)=0.0, Pins(0)=0.0, Dist=272.0, Win Bonus=0.0
[2026-05-22 10:44:31] SCORE Group 16 (lawn green): Final=351.7, Time=97.7, Moves(24)=0.0, Pins(0)=0.0, Dist=254.0, Win Bonus=0.0
[2026-05-22 10:44:31] ALL WRONG MOVES BY COLOUR: {}
[2026-05-22 10:44:31] MOVE 73: PCS (yellow) 46->66 [0.00ms]
[2026-05-22 10:44:31] SCORE PCS (yellow): Final=357.3, Time=91.3, Moves(25)=0.0, Pins(0)=0.0, Dist=266.0, Win Bonus=0.0
[2026-05-22 10:44:31] SCORE Gruppe 10 (purple): Final=367.1, Time=95.1, Moves(24)=0.0, Pins(0)=0.0, Dist=272.0, Win Bonus=0.0
[2026-05-22 10:44:31] SCORE Group 16 (lawn green): Final=351.7, Time=97.7, Moves(24)=0.0, Pins(0)=0.0, Dist=254.0, Win Bonus=0.0
[2026-05-22 10:44:31] ALL WRONG MOVES BY COLOUR: {}
[2026-05-22 10:44:31] MOVE 74: Gruppe 10 (purple) 61->51 [0.00ms]
[2026-05-22 10:44:31] SCORE PCS (yellow): Final=357.3, Time=91.3, Moves(25)=0.0, Pins(0)=0.0, Dist=266.0, Win Bonus=0.0
[2026-05-22 10:44:31] SCORE Gruppe 10 (purple): Final=368.9, Time=94.9, Moves(25)=0.0, Pins(0)=0.0, Dist=274.0, Win Bonus=0.0
[2026-05-22 10:44:31] SCORE Group 16 (lawn green): Final=351.7, Time=97.7, Moves(24)=0.0, Pins(0)=0.0, Dist=254.0, Win Bonus=0.0
[2026-05-22 10:44:31] ALL WRONG MOVES BY COLOUR: {}
[2026-05-22 10:44:32] MOVE 75: Group 16 (lawn green) 42->76 [0.00ms]
[2026-05-22 10:44:32] SCORE PCS (yellow): Final=357.3, Time=91.3, Moves(25)=0.0, Pins(0)=0.0, Dist=266.0, Win Bonus=0.0
[2026-05-22 10:44:32] SCORE Gruppe 10 (purple): Final=368.9, Time=94.9, Moves(25)=0.0, Pins(0)=0.0, Dist=274.0, Win Bonus=0.0
[2026-05-22 10:44:32] SCORE Group 16 (lawn green): Final=467.5, Time=97.5, Moves(25)=0.0, Pins(1)=100.0, Dist=270.0, Win Bonus=0.0
[2026-05-22 10:44:32] ALL WRONG MOVES BY COLOUR: {}
[2026-05-22 10:44:32] MOVE 76: PCS (yellow) 66->46 [0.00ms]
[2026-05-22 10:44:32] SCORE PCS (yellow): Final=352.9, Time=90.9, Moves(26)=0.0, Pins(0)=0.0, Dist=262.0, Win Bonus=0.0
[2026-05-22 10:44:32] SCORE Gruppe 10 (purple): Final=368.9, Time=94.9, Moves(25)=0.0, Pins(0)=0.0, Dist=274.0, Win Bonus=0.0
[2026-05-22 10:44:32] SCORE Group 16 (lawn green): Final=467.5, Time=97.5, Moves(25)=0.0, Pins(1)=100.0, Dist=270.0, Win Bonus=0.0
[2026-05-22 10:44:32] ALL WRONG MOVES BY COLOUR: {}
[2026-05-22 10:44:32] MOVE 77: Gruppe 10 (purple) 43->41 [0.00ms]
[2026-05-22 10:44:32] SCORE PCS (yellow): Final=352.9, Time=90.9, Moves(26)=0.0, Pins(0)=0.0, Dist=262.0, Win Bonus=0.0
[2026-05-22 10:44:32] SCORE Gruppe 10 (purple): Final=372.8, Time=94.8, Moves(26)=0.0, Pins(0)=0.0, Dist=278.0, Win Bonus=0.0
[2026-05-22 10:44:32] SCORE Group 16 (lawn green): Final=467.5, Time=97.5, Moves(25)=0.0, Pins(1)=100.0, Dist=270.0, Win Bonus=0.0
[2026-05-22 10:44:32] ALL WRONG MOVES BY COLOUR: {}
[2026-05-22 10:44:32] MOVE 78: Group 16 (lawn green) 76->87 [0.01ms]
[2026-05-22 10:44:32] SCORE PCS (yellow): Final=352.9, Time=90.9, Moves(26)=0.0, Pins(0)=0.0, Dist=262.0, Win Bonus=0.0
[2026-05-22 10:44:32] SCORE Gruppe 10 (purple): Final=372.8, Time=94.8, Moves(26)=0.0, Pins(0)=0.0, Dist=278.0, Win Bonus=0.0
[2026-05-22 10:44:32] SCORE Group 16 (lawn green): Final=467.4, Time=97.4, Moves(26)=0.0, Pins(1)=100.0, Dist=270.0, Win Bonus=0.0
[2026-05-22 10:44:32] ALL WRONG MOVES BY COLOUR: {}
[2026-05-22 10:44:33] MOVE 79: PCS (yellow) 46->66 [0.00ms]
[2026-05-22 10:44:33] SCORE PCS (yellow): Final=356.5, Time=90.5, Moves(27)=0.0, Pins(0)=0.0, Dist=266.0, Win Bonus=0.0
[2026-05-22 10:44:33] SCORE Gruppe 10 (purple): Final=372.8, Time=94.8, Moves(26)=0.0, Pins(0)=0.0, Dist=278.0, Win Bonus=0.0
[2026-05-22 10:44:33] SCORE Group 16 (lawn green): Final=467.4, Time=97.4, Moves(26)=0.0, Pins(1)=100.0, Dist=270.0, Win Bonus=0.0
[2026-05-22 10:44:33] ALL WRONG MOVES BY COLOUR: {}
[2026-05-22 10:44:33] MOVE 80: Gruppe 10 (purple) 52->25 [0.00ms]
[2026-05-22 10:44:33] SCORE PCS (yellow): Final=356.5, Time=90.5, Moves(27)=0.0, Pins(0)=0.0, Dist=266.0, Win Bonus=0.0
[2026-05-22 10:44:33] SCORE Gruppe 10 (purple): Final=484.7, Time=94.7, Moves(27)=0.0, Pins(1)=100.0, Dist=290.0, Win Bonus=0.0
[2026-05-22 10:44:33] SCORE Group 16 (lawn green): Final=467.4, Time=97.4, Moves(26)=0.0, Pins(1)=100.0, Dist=270.0, Win Bonus=0.0
[2026-05-22 10:44:33] ALL WRONG MOVES BY COLOUR: {}
[2026-05-22 10:44:33] MOVE 81: Group 16 (lawn green) 87->99 [0.01ms]
[2026-05-22 10:44:33] SCORE PCS (yellow): Final=356.5, Time=90.5, Moves(27)=0.0, Pins(0)=0.0, Dist=266.0, Win Bonus=0.0
[2026-05-22 10:44:33] SCORE Gruppe 10 (purple): Final=484.7, Time=94.7, Moves(27)=0.0, Pins(1)=100.0, Dist=290.0, Win Bonus=0.0
[2026-05-22 10:44:33] SCORE Group 16 (lawn green): Final=467.4, Time=97.4, Moves(27)=0.0, Pins(1)=100.0, Dist=270.0, Win Bonus=0.0
[2026-05-22 10:44:33] ALL WRONG MOVES BY COLOUR: {}
[2026-05-22 10:44:33] MOVE 82: PCS (yellow) 66->46 [0.00ms]
[2026-05-22 10:44:33] SCORE PCS (yellow): Final=352.1, Time=90.1, Moves(28)=0.0, Pins(0)=0.0, Dist=262.0, Win Bonus=0.0
[2026-05-22 10:44:33] SCORE Gruppe 10 (purple): Final=484.7, Time=94.7, Moves(27)=0.0, Pins(1)=100.0, Dist=290.0, Win Bonus=0.0
[2026-05-22 10:44:33] SCORE Group 16 (lawn green): Final=467.4, Time=97.4, Moves(27)=0.0, Pins(1)=100.0, Dist=270.0, Win Bonus=0.0
[2026-05-22 10:44:33] ALL WRONG MOVES BY COLOUR: {}
[2026-05-22 10:44:33] MOVE 83: Gruppe 10 (purple) 25->12 [0.00ms]
[2026-05-22 10:44:33] SCORE PCS (yellow): Final=352.1, Time=90.1, Moves(28)=0.0, Pins(0)=0.0, Dist=262.0, Win Bonus=0.0
[2026-05-22 10:44:33] SCORE Gruppe 10 (purple): Final=484.5, Time=94.5, Moves(28)=0.0, Pins(1)=100.0, Dist=290.0, Win Bonus=0.0
[2026-05-22 10:44:33] SCORE Group 16 (lawn green): Final=467.4, Time=97.4, Moves(27)=0.0, Pins(1)=100.0, Dist=270.0, Win Bonus=0.0
[2026-05-22 10:44:33] ALL WRONG MOVES BY COLOUR: {}
[2026-05-22 10:44:33] MOVE 84: Group 16 (lawn green) 99->98 [0.00ms]
[2026-05-22 10:44:33] SCORE PCS (yellow): Final=352.1, Time=90.1, Moves(28)=0.0, Pins(0)=0.0, Dist=262.0, Win Bonus=0.0
[2026-05-22 10:44:33] SCORE Gruppe 10 (purple): Final=484.5, Time=94.5, Moves(28)=0.0, Pins(1)=100.0, Dist=290.0, Win Bonus=0.0
[2026-05-22 10:44:33] SCORE Group 16 (lawn green): Final=467.3, Time=97.3, Moves(28)=0.0, Pins(1)=100.0, Dist=270.0, Win Bonus=0.0
[2026-05-22 10:44:33] ALL WRONG MOVES BY COLOUR: {}
[2026-05-22 10:44:34] MOVE 85: PCS (yellow) 77->66 [0.00ms]
[2026-05-22 10:44:34] SCORE PCS (yellow): Final=349.7, Time=89.7, Moves(29)=0.0, Pins(0)=0.0, Dist=260.0, Win Bonus=0.0
[2026-05-22 10:44:34] SCORE Gruppe 10 (purple): Final=484.5, Time=94.5, Moves(28)=0.0, Pins(1)=100.0, Dist=290.0, Win Bonus=0.0
[2026-05-22 10:44:34] SCORE Group 16 (lawn green): Final=467.3, Time=97.3, Moves(28)=0.0, Pins(1)=100.0, Dist=270.0, Win Bonus=0.0
[2026-05-22 10:44:34] ALL WRONG MOVES BY COLOUR: {}
[2026-05-22 10:44:34] MOVE 86: Gruppe 10 (purple) 12->11 [0.00ms]
[2026-05-22 10:44:34] SCORE PCS (yellow): Final=349.7, Time=89.7, Moves(29)=0.0, Pins(0)=0.0, Dist=260.0, Win Bonus=0.0
[2026-05-22 10:44:34] SCORE Gruppe 10 (purple): Final=484.3, Time=94.3, Moves(29)=0.0, Pins(1)=100.0, Dist=290.0, Win Bonus=0.0
[2026-05-22 10:44:34] SCORE Group 16 (lawn green): Final=467.3, Time=97.3, Moves(28)=0.0, Pins(1)=100.0, Dist=270.0, Win Bonus=0.0
[2026-05-22 10:44:34] ALL WRONG MOVES BY COLOUR: {}
[2026-05-22 10:44:34] MOVE 87: Group 16 (lawn green) 31->42 [0.01ms]
[2026-05-22 10:44:34] SCORE PCS (yellow): Final=349.7, Time=89.7, Moves(29)=0.0, Pins(0)=0.0, Dist=260.0, Win Bonus=0.0
[2026-05-22 10:44:34] SCORE Gruppe 10 (purple): Final=484.3, Time=94.3, Moves(29)=0.0, Pins(1)=100.0, Dist=290.0, Win Bonus=0.0
[2026-05-22 10:44:34] SCORE Group 16 (lawn green): Final=469.2, Time=97.2, Moves(29)=0.0, Pins(1)=100.0, Dist=272.0, Win Bonus=0.0
[2026-05-22 10:44:34] ALL WRONG MOVES BY COLOUR: {}
[2026-05-22 10:44:34] MOVE 88: PCS (yellow) 56->77 [0.01ms]
[2026-05-22 10:44:34] SCORE PCS (yellow): Final=353.4, Time=89.3, Moves(30)=0.1, Pins(0)=0.0, Dist=264.0, Win Bonus=0.0
[2026-05-22 10:44:34] SCORE Gruppe 10 (purple): Final=484.3, Time=94.3, Moves(29)=0.0, Pins(1)=100.0, Dist=290.0, Win Bonus=0.0
[2026-05-22 10:44:34] SCORE Group 16 (lawn green): Final=469.2, Time=97.2, Moves(29)=0.0, Pins(1)=100.0, Dist=272.0, Win Bonus=0.0
[2026-05-22 10:44:34] ALL WRONG MOVES BY COLOUR: {}
[2026-05-22 10:44:35] MOVE 89: Gruppe 10 (purple) 51->65 [0.01ms]
[2026-05-22 10:44:35] SCORE PCS (yellow): Final=353.4, Time=89.3, Moves(30)=0.1, Pins(0)=0.0, Dist=264.0, Win Bonus=0.0
[2026-05-22 10:44:35] SCORE Gruppe 10 (purple): Final=490.1, Time=94.0, Moves(30)=0.1, Pins(1)=100.0, Dist=296.0, Win Bonus=0.0
[2026-05-22 10:44:35] SCORE Group 16 (lawn green): Final=469.2, Time=97.2, Moves(29)=0.0, Pins(1)=100.0, Dist=272.0, Win Bonus=0.0
[2026-05-22 10:44:35] ALL WRONG MOVES BY COLOUR: {}
[2026-05-22 10:44:35] MOVE 90: Group 16 (lawn green) 42->76 [0.00ms]
[2026-05-22 10:44:35] SCORE PCS (yellow): Final=353.4, Time=89.3, Moves(30)=0.1, Pins(0)=0.0, Dist=264.0, Win Bonus=0.0
[2026-05-22 10:44:35] SCORE Gruppe 10 (purple): Final=490.1, Time=94.0, Moves(30)=0.1, Pins(1)=100.0, Dist=296.0, Win Bonus=0.0
[2026-05-22 10:44:35] SCORE Group 16 (lawn green): Final=585.1, Time=97.0, Moves(30)=0.1, Pins(2)=200.0, Dist=288.0, Win Bonus=0.0
[2026-05-22 10:44:35] ALL WRONG MOVES BY COLOUR: {}
[2026-05-22 10:44:35] MOVE 91: PCS (yellow) 46->56 [0.01ms]
[2026-05-22 10:44:35] SCORE PCS (yellow): Final=355.3, Time=89.1, Moves(31)=0.2, Pins(0)=0.0, Dist=266.0, Win Bonus=0.0
[2026-05-22 10:44:35] SCORE Gruppe 10 (purple): Final=490.1, Time=94.0, Moves(30)=0.1, Pins(1)=100.0, Dist=296.0, Win Bonus=0.0
[2026-05-22 10:44:35] SCORE Group 16 (lawn green): Final=585.1, Time=97.0, Moves(30)=0.1, Pins(2)=200.0, Dist=288.0, Win Bonus=0.0
[2026-05-22 10:44:35] ALL WRONG MOVES BY COLOUR: {}
[2026-05-22 10:44:35] MOVE 92: Gruppe 10 (purple) 11->23 [0.00ms]
[2026-05-22 10:44:35] SCORE PCS (yellow): Final=355.3, Time=89.1, Moves(31)=0.2, Pins(0)=0.0, Dist=266.0, Win Bonus=0.0
[2026-05-22 10:44:35] SCORE Gruppe 10 (purple): Final=490.0, Time=93.8, Moves(31)=0.2, Pins(1)=100.0, Dist=296.0, Win Bonus=0.0
[2026-05-22 10:44:35] SCORE Group 16 (lawn green): Final=585.1, Time=97.0, Moves(30)=0.1, Pins(2)=200.0, Dist=288.0, Win Bonus=0.0
[2026-05-22 10:44:35] ALL WRONG MOVES BY COLOUR: {}
[2026-05-22 10:44:35] MOVE 93: Group 16 (lawn green) 76->87 [0.00ms]
[2026-05-22 10:44:35] SCORE PCS (yellow): Final=355.3, Time=89.1, Moves(31)=0.2, Pins(0)=0.0, Dist=266.0, Win Bonus=0.0
[2026-05-22 10:44:35] SCORE Gruppe 10 (purple): Final=490.0, Time=93.8, Moves(31)=0.2, Pins(1)=100.0, Dist=296.0, Win Bonus=0.0
[2026-05-22 10:44:35] SCORE Group 16 (lawn green): Final=585.2, Time=97.0, Moves(31)=0.2, Pins(2)=200.0, Dist=288.0, Win Bonus=0.0
[2026-05-22 10:44:35] ALL WRONG MOVES BY COLOUR: {}
[2026-05-22 10:44:36] MOVE 94: PCS (yellow) 56->46 [0.01ms]
[2026-05-22 10:44:36] SCORE PCS (yellow): Final=353.2, Time=88.7, Moves(32)=0.5, Pins(0)=0.0, Dist=264.0, Win Bonus=0.0
[2026-05-22 10:44:36] SCORE Gruppe 10 (purple): Final=490.0, Time=93.8, Moves(31)=0.2, Pins(1)=100.0, Dist=296.0, Win Bonus=0.0
[2026-05-22 10:44:36] SCORE Group 16 (lawn green): Final=585.2, Time=97.0, Moves(31)=0.2, Pins(2)=200.0, Dist=288.0, Win Bonus=0.0
[2026-05-22 10:44:36] ALL WRONG MOVES BY COLOUR: {}
[2026-05-22 10:44:36] MOVE 95: Gruppe 10 (purple) 23->10 [0.00ms]
[2026-05-22 10:44:36] SCORE PCS (yellow): Final=353.2, Time=88.7, Moves(32)=0.5, Pins(0)=0.0, Dist=264.0, Win Bonus=0.0
[2026-05-22 10:44:36] SCORE Gruppe 10 (purple): Final=490.2, Time=93.7, Moves(32)=0.5, Pins(1)=100.0, Dist=296.0, Win Bonus=0.0
[2026-05-22 10:44:36] SCORE Group 16 (lawn green): Final=585.2, Time=97.0, Moves(31)=0.2, Pins(2)=200.0, Dist=288.0, Win Bonus=0.0
[2026-05-22 10:44:36] ALL WRONG MOVES BY COLOUR: {}
[2026-05-22 10:44:36] MOVE 96: Group 16 (lawn green) 98->86 [0.00ms]
[2026-05-22 10:44:36] SCORE PCS (yellow): Final=353.2, Time=88.7, Moves(32)=0.5, Pins(0)=0.0, Dist=264.0, Win Bonus=0.0
[2026-05-22 10:44:36] SCORE Gruppe 10 (purple): Final=490.2, Time=93.7, Moves(32)=0.5, Pins(1)=100.0, Dist=296.0, Win Bonus=0.0
[2026-05-22 10:44:36] SCORE Group 16 (lawn green): Final=585.4, Time=96.9, Moves(32)=0.5, Pins(2)=200.0, Dist=288.0, Win Bonus=0.0
[2026-05-22 10:44:36] ALL WRONG MOVES BY COLOUR: {}
[2026-05-22 10:44:36] MOVE 97: PCS (yellow) 46->56 [0.00ms]
[2026-05-22 10:44:36] SCORE PCS (yellow): Final=355.5, Time=88.3, Moves(33)=1.1, Pins(0)=0.0, Dist=266.0, Win Bonus=0.0
[2026-05-22 10:44:36] SCORE Gruppe 10 (purple): Final=490.2, Time=93.7, Moves(32)=0.5, Pins(1)=100.0, Dist=296.0, Win Bonus=0.0
[2026-05-22 10:44:36] SCORE Group 16 (lawn green): Final=585.4, Time=96.9, Moves(32)=0.5, Pins(2)=200.0, Dist=288.0, Win Bonus=0.0
[2026-05-22 10:44:36] ALL WRONG MOVES BY COLOUR: {}
[2026-05-22 10:44:37] MOVE 98: Gruppe 10 (purple) 58->79 [0.00ms]
[2026-05-22 10:44:37] SCORE PCS (yellow): Final=355.5, Time=88.3, Moves(33)=1.1, Pins(0)=0.0, Dist=266.0, Win Bonus=0.0
[2026-05-22 10:44:37] SCORE Gruppe 10 (purple): Final=486.7, Time=93.5, Moves(33)=1.1, Pins(1)=100.0, Dist=292.0, Win Bonus=0.0
[2026-05-22 10:44:37] SCORE Group 16 (lawn green): Final=585.4, Time=96.9, Moves(32)=0.5, Pins(2)=200.0, Dist=288.0, Win Bonus=0.0
[2026-05-22 10:44:37] ALL WRONG MOVES BY COLOUR: {}
[2026-05-22 10:44:37] MOVE 99: Group 16 (lawn green) 87->99 [0.01ms]
[2026-05-22 10:44:37] SCORE PCS (yellow): Final=355.5, Time=88.3, Moves(33)=1.1, Pins(0)=0.0, Dist=266.0, Win Bonus=0.0
[2026-05-22 10:44:37] SCORE Gruppe 10 (purple): Final=486.7, Time=93.5, Moves(33)=1.1, Pins(1)=100.0, Dist=292.0, Win Bonus=0.0
[2026-05-22 10:44:37] SCORE Group 16 (lawn green): Final=585.9, Time=96.7, Moves(33)=1.1, Pins(2)=200.0, Dist=288.0, Win Bonus=0.0
[2026-05-22 10:44:37] ALL WRONG MOVES BY COLOUR: {}
[2026-05-22 10:44:37] MOVE 100: PCS (yellow) 56->46 [0.00ms]
[2026-05-22 10:44:37] SCORE PCS (yellow): Final=354.2, Time=87.9, Moves(34)=2.3, Pins(0)=0.0, Dist=264.0, Win Bonus=0.0
[2026-05-22 10:44:37] SCORE Gruppe 10 (purple): Final=486.7, Time=93.5, Moves(33)=1.1, Pins(1)=100.0, Dist=292.0, Win Bonus=0.0
[2026-05-22 10:44:37] SCORE Group 16 (lawn green): Final=585.9, Time=96.7, Moves(33)=1.1, Pins(2)=200.0, Dist=288.0, Win Bonus=0.0
[2026-05-22 10:44:37] ALL WRONG MOVES BY COLOUR: {}
[2026-05-22 10:44:37] MOVE 101: Gruppe 10 (purple) 79->80 [0.00ms]
[2026-05-22 10:44:37] SCORE PCS (yellow): Final=354.2, Time=87.9, Moves(34)=2.3, Pins(0)=0.0, Dist=264.0, Win Bonus=0.0
[2026-05-22 10:44:37] SCORE Gruppe 10 (purple): Final=485.6, Time=93.3, Moves(34)=2.3, Pins(1)=100.0, Dist=290.0, Win Bonus=0.0
[2026-05-22 10:44:37] SCORE Group 16 (lawn green): Final=585.9, Time=96.7, Moves(33)=1.1, Pins(2)=200.0, Dist=288.0, Win Bonus=0.0
[2026-05-22 10:44:37] ALL WRONG MOVES BY COLOUR: {}
[2026-05-22 10:44:37] MOVE 102: Group 16 (lawn green) 30->51 [0.00ms]
[2026-05-22 10:44:37] SCORE PCS (yellow): Final=354.2, Time=87.9, Moves(34)=2.3, Pins(0)=0.0, Dist=264.0, Win Bonus=0.0
[2026-05-22 10:44:37] SCORE Gruppe 10 (purple): Final=485.6, Time=93.3, Moves(34)=2.3, Pins(1)=100.0, Dist=290.0, Win Bonus=0.0
[2026-05-22 10:44:37] SCORE Group 16 (lawn green): Final=590.9, Time=96.6, Moves(34)=2.3, Pins(2)=200.0, Dist=292.0, Win Bonus=0.0
[2026-05-22 10:44:37] ALL WRONG MOVES BY COLOUR: {}
[2026-05-22 10:44:38] MOVE 103: PCS (yellow) 46->56 [0.00ms]
[2026-05-22 10:44:38] SCORE PCS (yellow): Final=358.0, Time=87.6, Moves(35)=4.4, Pins(0)=0.0, Dist=266.0, Win Bonus=0.0
[2026-05-22 10:44:38] SCORE Gruppe 10 (purple): Final=485.6, Time=93.3, Moves(34)=2.3, Pins(1)=100.0, Dist=290.0, Win Bonus=0.0
[2026-05-22 10:44:38] SCORE Group 16 (lawn green): Final=590.9, Time=96.6, Moves(34)=2.3, Pins(2)=200.0, Dist=292.0, Win Bonus=0.0
[2026-05-22 10:44:38] ALL WRONG MOVES BY COLOUR: {}
[2026-05-22 10:44:38] MOVE 104: Gruppe 10 (purple) 64->62 [0.00ms]
[2026-05-22 10:44:38] SCORE PCS (yellow): Final=358.0, Time=87.6, Moves(35)=4.4, Pins(0)=0.0, Dist=266.0, Win Bonus=0.0
[2026-05-22 10:44:38] SCORE Gruppe 10 (purple): Final=491.6, Time=93.2, Moves(35)=4.4, Pins(1)=100.0, Dist=294.0, Win Bonus=0.0
[2026-05-22 10:44:38] SCORE Group 16 (lawn green): Final=590.9, Time=96.6, Moves(34)=2.3, Pins(2)=200.0, Dist=292.0, Win Bonus=0.0
[2026-05-22 10:44:38] ALL WRONG MOVES BY COLOUR: {}
[2026-05-22 10:44:38] MOVE 105: Group 16 (lawn green) 68->67 [0.00ms]
[2026-05-22 10:44:38] SCORE PCS (yellow): Final=358.0, Time=87.6, Moves(35)=4.4, Pins(0)=0.0, Dist=266.0, Win Bonus=0.0
[2026-05-22 10:44:38] SCORE Gruppe 10 (purple): Final=491.6, Time=93.2, Moves(35)=4.4, Pins(1)=100.0, Dist=294.0, Win Bonus=0.0
[2026-05-22 10:44:38] SCORE Group 16 (lawn green): Final=594.9, Time=96.5, Moves(35)=4.4, Pins(2)=200.0, Dist=294.0, Win Bonus=0.0
[2026-05-22 10:44:38] ALL WRONG MOVES BY COLOUR: {}
[2026-05-22 10:44:38] MOVE 106: PCS (yellow) 56->46 [0.00ms]
[2026-05-22 10:44:38] SCORE PCS (yellow): Final=359.2, Time=87.2, Moves(36)=8.0, Pins(0)=0.0, Dist=264.0, Win Bonus=0.0
[2026-05-22 10:44:38] SCORE Gruppe 10 (purple): Final=491.6, Time=93.2, Moves(35)=4.4, Pins(1)=100.0, Dist=294.0, Win Bonus=0.0
[2026-05-22 10:44:38] SCORE Group 16 (lawn green): Final=594.9, Time=96.5, Moves(35)=4.4, Pins(2)=200.0, Dist=294.0, Win Bonus=0.0
[2026-05-22 10:44:38] ALL WRONG MOVES BY COLOUR: {}
[2026-05-22 10:44:39] MOVE 107: Gruppe 10 (purple) 70->25 [0.00ms]
[2026-05-22 10:44:39] SCORE PCS (yellow): Final=359.2, Time=87.2, Moves(36)=8.0, Pins(0)=0.0, Dist=264.0, Win Bonus=0.0
[2026-05-22 10:44:39] SCORE Gruppe 10 (purple): Final=607.0, Time=93.0, Moves(36)=8.0, Pins(2)=200.0, Dist=306.0, Win Bonus=0.0
[2026-05-22 10:44:39] SCORE Group 16 (lawn green): Final=594.9, Time=96.5, Moves(35)=4.4, Pins(2)=200.0, Dist=294.0, Win Bonus=0.0
[2026-05-22 10:44:39] ALL WRONG MOVES BY COLOUR: {}
[2026-05-22 10:44:39] MOVE 108: Group 16 (lawn green) 99->100 [0.00ms]
[2026-05-22 10:44:39] SCORE PCS (yellow): Final=359.2, Time=87.2, Moves(36)=8.0, Pins(0)=0.0, Dist=264.0, Win Bonus=0.0
[2026-05-22 10:44:39] SCORE Gruppe 10 (purple): Final=607.0, Time=93.0, Moves(36)=8.0, Pins(2)=200.0, Dist=306.0, Win Bonus=0.0
[2026-05-22 10:44:39] SCORE Group 16 (lawn green): Final=598.4, Time=96.4, Moves(36)=8.0, Pins(2)=200.0, Dist=294.0, Win Bonus=0.0
[2026-05-22 10:44:39] ALL WRONG MOVES BY COLOUR: {}
[2026-05-22 10:44:39] MOVE 109: PCS (yellow) 46->56 [0.00ms]
[2026-05-22 10:44:39] SCORE PCS (yellow): Final=366.5, Time=86.9, Moves(37)=13.5, Pins(0)=0.0, Dist=266.0, Win Bonus=0.0
[2026-05-22 10:44:39] SCORE Gruppe 10 (purple): Final=607.0, Time=93.0, Moves(36)=8.0, Pins(2)=200.0, Dist=306.0, Win Bonus=0.0
[2026-05-22 10:44:39] SCORE Group 16 (lawn green): Final=598.4, Time=96.4, Moves(36)=8.0, Pins(2)=200.0, Dist=294.0, Win Bonus=0.0
[2026-05-22 10:44:39] ALL WRONG MOVES BY COLOUR: {}
[2026-05-22 10:44:39] MOVE 110: Gruppe 10 (purple) 25->24 [0.00ms]
[2026-05-22 10:44:39] SCORE PCS (yellow): Final=366.5, Time=86.9, Moves(37)=13.5, Pins(0)=0.0, Dist=266.0, Win Bonus=0.0
[2026-05-22 10:44:39] SCORE Gruppe 10 (purple): Final=612.4, Time=92.9, Moves(37)=13.5, Pins(2)=200.0, Dist=306.0, Win Bonus=0.0
[2026-05-22 10:44:39] SCORE Group 16 (lawn green): Final=598.4, Time=96.4, Moves(36)=8.0, Pins(2)=200.0, Dist=294.0, Win Bonus=0.0
[2026-05-22 10:44:39] ALL WRONG MOVES BY COLOUR: {}
[2026-05-22 10:44:39] MOVE 111: Group 16 (lawn green) 100->101 [0.00ms]
[2026-05-22 10:44:39] SCORE PCS (yellow): Final=366.5, Time=86.9, Moves(37)=13.5, Pins(0)=0.0, Dist=266.0, Win Bonus=0.0
[2026-05-22 10:44:39] SCORE Gruppe 10 (purple): Final=612.4, Time=92.9, Moves(37)=13.5, Pins(2)=200.0, Dist=306.0, Win Bonus=0.0
[2026-05-22 10:44:39] SCORE Group 16 (lawn green): Final=603.9, Time=96.4, Moves(37)=13.5, Pins(2)=200.0, Dist=294.0, Win Bonus=0.0
[2026-05-22 10:44:39] ALL WRONG MOVES BY COLOUR: {}
[2026-05-22 10:44:40] MOVE 112: PCS (yellow) 56->46 [0.00ms]
[2026-05-22 10:44:40] SCORE PCS (yellow): Final=372.2, Time=86.5, Moves(38)=21.6, Pins(0)=0.0, Dist=264.0, Win Bonus=0.0
[2026-05-22 10:44:40] SCORE Gruppe 10 (purple): Final=612.4, Time=92.9, Moves(37)=13.5, Pins(2)=200.0, Dist=306.0, Win Bonus=0.0
[2026-05-22 10:44:40] SCORE Group 16 (lawn green): Final=603.9, Time=96.4, Moves(37)=13.5, Pins(2)=200.0, Dist=294.0, Win Bonus=0.0
[2026-05-22 10:44:40] ALL WRONG MOVES BY COLOUR: {}
[2026-05-22 10:44:40] MOVE 113: Gruppe 10 (purple) 24->11 [0.00ms]
[2026-05-22 10:44:40] SCORE PCS (yellow): Final=372.2, Time=86.5, Moves(38)=21.6, Pins(0)=0.0, Dist=264.0, Win Bonus=0.0
[2026-05-22 10:44:40] SCORE Gruppe 10 (purple): Final=620.4, Time=92.8, Moves(38)=21.6, Pins(2)=200.0, Dist=306.0, Win Bonus=0.0
[2026-05-22 10:44:40] SCORE Group 16 (lawn green): Final=603.9, Time=96.4, Moves(37)=13.5, Pins(2)=200.0, Dist=294.0, Win Bonus=0.0
[2026-05-22 10:44:40] ALL WRONG MOVES BY COLOUR: {}
[2026-05-22 10:44:40] MOVE 114: Group 16 (lawn green) 67->88 [0.00ms]
[2026-05-22 10:44:40] SCORE PCS (yellow): Final=372.2, Time=86.5, Moves(38)=21.6, Pins(0)=0.0, Dist=264.0, Win Bonus=0.0
[2026-05-22 10:44:40] SCORE Gruppe 10 (purple): Final=620.4, Time=92.8, Moves(38)=21.6, Pins(2)=200.0, Dist=306.0, Win Bonus=0.0
[2026-05-22 10:44:40] SCORE Group 16 (lawn green): Final=715.9, Time=96.3, Moves(38)=21.6, Pins(3)=300.0, Dist=298.0, Win Bonus=0.0
[2026-05-22 10:44:40] ALL WRONG MOVES BY COLOUR: {}
[2026-05-22 10:44:40] MOVE 115: PCS (yellow) 46->56 [0.00ms]
[2026-05-22 10:44:40] SCORE PCS (yellow): Final=384.5, Time=86.1, Moves(39)=32.5, Pins(0)=0.0, Dist=266.0, Win Bonus=0.0
[2026-05-22 10:44:40] SCORE Gruppe 10 (purple): Final=620.4, Time=92.8, Moves(38)=21.6, Pins(2)=200.0, Dist=306.0, Win Bonus=0.0
[2026-05-22 10:44:40] SCORE Group 16 (lawn green): Final=715.9, Time=96.3, Moves(38)=21.6, Pins(3)=300.0, Dist=298.0, Win Bonus=0.0
[2026-05-22 10:44:40] ALL WRONG MOVES BY COLOUR: {}
[2026-05-22 10:44:40] MOVE 116: Gruppe 10 (purple) 95->70 [0.00ms]
[2026-05-22 10:44:40] SCORE PCS (yellow): Final=384.5, Time=86.1, Moves(39)=32.5, Pins(0)=0.0, Dist=266.0, Win Bonus=0.0
[2026-05-22 10:44:40] SCORE Gruppe 10 (purple): Final=639.1, Time=92.6, Moves(39)=32.5, Pins(2)=200.0, Dist=314.0, Win Bonus=0.0
[2026-05-22 10:44:40] SCORE Group 16 (lawn green): Final=715.9, Time=96.3, Moves(38)=21.6, Pins(3)=300.0, Dist=298.0, Win Bonus=0.0
[2026-05-22 10:44:40] ALL WRONG MOVES BY COLOUR: {}
[2026-05-22 10:44:40] MOVE 117: Group 16 (lawn green) 51->69 [0.00ms]
[2026-05-22 10:44:40] SCORE PCS (yellow): Final=384.5, Time=86.1, Moves(39)=32.5, Pins(0)=0.0, Dist=266.0, Win Bonus=0.0
[2026-05-22 10:44:40] SCORE Gruppe 10 (purple): Final=639.1, Time=92.6, Moves(39)=32.5, Pins(2)=200.0, Dist=314.0, Win Bonus=0.0
[2026-05-22 10:44:40] SCORE Group 16 (lawn green): Final=730.6, Time=96.2, Moves(39)=32.5, Pins(3)=300.0, Dist=302.0, Win Bonus=0.0
[2026-05-22 10:44:40] ALL WRONG MOVES BY COLOUR: {}
[2026-05-22 10:44:41] MOVE 118: PCS (yellow) 56->46 [0.00ms]
[2026-05-22 10:44:41] SCORE PCS (yellow): Final=395.5, Time=85.8, Moves(40)=45.8, Pins(0)=0.0, Dist=264.0, Win Bonus=0.0
[2026-05-22 10:44:41] SCORE Gruppe 10 (purple): Final=639.1, Time=92.6, Moves(39)=32.5, Pins(2)=200.0, Dist=314.0, Win Bonus=0.0
[2026-05-22 10:44:41] SCORE Group 16 (lawn green): Final=730.6, Time=96.2, Moves(39)=32.5, Pins(3)=300.0, Dist=302.0, Win Bonus=0.0
[2026-05-22 10:44:41] ALL WRONG MOVES BY COLOUR: {}
[2026-05-22 10:44:41] MOVE 119: Gruppe 10 (purple) 26->37 [0.01ms]
[2026-05-22 10:44:41] SCORE PCS (yellow): Final=395.5, Time=85.8, Moves(40)=45.8, Pins(0)=0.0, Dist=264.0, Win Bonus=0.0
[2026-05-22 10:44:41] SCORE Gruppe 10 (purple): Final=652.3, Time=92.5, Moves(40)=45.8, Pins(2)=200.0, Dist=314.0, Win Bonus=0.0
[2026-05-22 10:44:41] SCORE Group 16 (lawn green): Final=730.6, Time=96.2, Moves(39)=32.5, Pins(3)=300.0, Dist=302.0, Win Bonus=0.0
[2026-05-22 10:44:41] ALL WRONG MOVES BY COLOUR: {}
[2026-05-22 10:44:41] MOVE 120: Group 16 (lawn green) 69->68 [0.00ms]
[2026-05-22 10:44:41] SCORE PCS (yellow): Final=395.5, Time=85.8, Moves(40)=45.8, Pins(0)=0.0, Dist=264.0, Win Bonus=0.0
[2026-05-22 10:44:41] SCORE Gruppe 10 (purple): Final=652.3, Time=92.5, Moves(40)=45.8, Pins(2)=200.0, Dist=314.0, Win Bonus=0.0
[2026-05-22 10:44:41] SCORE Group 16 (lawn green): Final=745.8, Time=96.1, Moves(40)=45.8, Pins(3)=300.0, Dist=304.0, Win Bonus=0.0
[2026-05-22 10:44:41] ALL WRONG MOVES BY COLOUR: {}
[2026-05-22 10:44:41] MOVE 121: PCS (yellow) 46->56 [0.01ms]
[2026-05-22 10:44:41] SCORE PCS (yellow): Final=412.0, Time=85.4, Moves(41)=60.7, Pins(0)=0.0, Dist=266.0, Win Bonus=0.0
[2026-05-22 10:44:41] SCORE Gruppe 10 (purple): Final=652.3, Time=92.5, Moves(40)=45.8, Pins(2)=200.0, Dist=314.0, Win Bonus=0.0
[2026-05-22 10:44:41] SCORE Group 16 (lawn green): Final=745.8, Time=96.1, Moves(40)=45.8, Pins(3)=300.0, Dist=304.0, Win Bonus=0.0
[2026-05-22 10:44:41] ALL WRONG MOVES BY COLOUR: {}
[2026-05-22 10:44:41] MOVE 122: Gruppe 10 (purple) 37->36 [0.01ms]
[2026-05-22 10:44:41] SCORE PCS (yellow): Final=412.0, Time=85.4, Moves(41)=60.7, Pins(0)=0.0, Dist=266.0, Win Bonus=0.0
[2026-05-22 10:44:41] SCORE Gruppe 10 (purple): Final=769.1, Time=92.4, Moves(41)=60.7, Pins(3)=300.0, Dist=316.0, Win Bonus=0.0
[2026-05-22 10:44:41] SCORE Group 16 (lawn green): Final=745.8, Time=96.1, Moves(40)=45.8, Pins(3)=300.0, Dist=304.0, Win Bonus=0.0
[2026-05-22 10:44:41] ALL WRONG MOVES BY COLOUR: {}
[2026-05-22 10:44:42] MOVE 123: Group 16 (lawn green) 68->78 [0.00ms]
[2026-05-22 10:44:42] SCORE PCS (yellow): Final=412.0, Time=85.4, Moves(41)=60.7, Pins(0)=0.0, Dist=266.0, Win Bonus=0.0
[2026-05-22 10:44:42] SCORE Gruppe 10 (purple): Final=769.1, Time=92.4, Moves(41)=60.7, Pins(3)=300.0, Dist=316.0, Win Bonus=0.0
[2026-05-22 10:44:42] SCORE Group 16 (lawn green): Final=762.6, Time=95.9, Moves(41)=60.7, Pins(3)=300.0, Dist=306.0, Win Bonus=0.0
[2026-05-22 10:44:42] ALL WRONG MOVES BY COLOUR: {}
[2026-05-22 10:44:42] MOVE 124: PCS (yellow) 56->46 [0.00ms]
[2026-05-22 10:44:42] SCORE PCS (yellow): Final=424.5, Time=85.0, Moves(42)=75.5, Pins(0)=0.0, Dist=264.0, Win Bonus=0.0
[2026-05-22 10:44:42] SCORE Gruppe 10 (purple): Final=769.1, Time=92.4, Moves(41)=60.7, Pins(3)=300.0, Dist=316.0, Win Bonus=0.0
[2026-05-22 10:44:42] SCORE Group 16 (lawn green): Final=762.6, Time=95.9, Moves(41)=60.7, Pins(3)=300.0, Dist=306.0, Win Bonus=0.0
[2026-05-22 10:44:42] ALL WRONG MOVES BY COLOUR: {}
[2026-05-22 10:44:42] MOVE 125: Gruppe 10 (purple) 65->90 [0.01ms]
[2026-05-22 10:44:42] SCORE PCS (yellow): Final=424.5, Time=85.0, Moves(42)=75.5, Pins(0)=0.0, Dist=264.0, Win Bonus=0.0
[2026-05-22 10:44:42] SCORE Gruppe 10 (purple): Final=777.7, Time=92.2, Moves(42)=75.5, Pins(3)=300.0, Dist=310.0, Win Bonus=0.0
[2026-05-22 10:44:42] SCORE Group 16 (lawn green): Final=762.6, Time=95.9, Moves(41)=60.7, Pins(3)=300.0, Dist=306.0, Win Bonus=0.0
[2026-05-22 10:44:42] ALL WRONG MOVES BY COLOUR: {}
[2026-05-22 10:44:42] MOVE 126: Group 16 (lawn green) 78->76 [0.01ms]
[2026-05-22 10:44:42] SCORE PCS (yellow): Final=424.5, Time=85.0, Moves(42)=75.5, Pins(0)=0.0, Dist=264.0, Win Bonus=0.0
[2026-05-22 10:44:42] SCORE Gruppe 10 (purple): Final=777.7, Time=92.2, Moves(42)=75.5, Pins(3)=300.0, Dist=310.0, Win Bonus=0.0
[2026-05-22 10:44:42] SCORE Group 16 (lawn green): Final=881.3, Time=95.8, Moves(42)=75.5, Pins(4)=400.0, Dist=310.0, Win Bonus=0.0
[2026-05-22 10:44:42] ALL WRONG MOVES BY COLOUR: {}
[2026-05-22 10:44:43] MOVE 127: PCS (yellow) 46->56 [0.00ms]
[2026-05-22 10:44:43] SCORE PCS (yellow): Final=439.0, Time=84.7, Moves(43)=88.2, Pins(0)=0.0, Dist=266.0, Win Bonus=0.0
[2026-05-22 10:44:43] SCORE Gruppe 10 (purple): Final=777.7, Time=92.2, Moves(42)=75.5, Pins(3)=300.0, Dist=310.0, Win Bonus=0.0
[2026-05-22 10:44:43] SCORE Group 16 (lawn green): Final=881.3, Time=95.8, Moves(42)=75.5, Pins(4)=400.0, Dist=310.0, Win Bonus=0.0
[2026-05-22 10:44:43] ALL WRONG MOVES BY COLOUR: {}
[2026-05-22 10:44:43] MOVE 128: Gruppe 10 (purple) 90->103 [0.00ms]
[2026-05-22 10:44:43] SCORE PCS (yellow): Final=439.0, Time=84.7, Moves(43)=88.2, Pins(0)=0.0, Dist=266.0, Win Bonus=0.0
[2026-05-22 10:44:43] SCORE Gruppe 10 (purple): Final=788.3, Time=92.0, Moves(43)=88.2, Pins(3)=300.0, Dist=308.0, Win Bonus=0.0
[2026-05-22 10:44:43] SCORE Group 16 (lawn green): Final=881.3, Time=95.8, Moves(42)=75.5, Pins(4)=400.0, Dist=310.0, Win Bonus=0.0
[2026-05-22 10:44:43] ALL WRONG MOVES BY COLOUR: {}
[2026-05-22 10:44:43] MOVE 129: Group 16 (lawn green) 86->75 [0.00ms]
[2026-05-22 10:44:43] SCORE PCS (yellow): Final=439.0, Time=84.7, Moves(43)=88.2, Pins(0)=0.0, Dist=266.0, Win Bonus=0.0
[2026-05-22 10:44:43] SCORE Gruppe 10 (purple): Final=788.3, Time=92.0, Moves(43)=88.2, Pins(3)=300.0, Dist=308.0, Win Bonus=0.0
[2026-05-22 10:44:43] SCORE Group 16 (lawn green): Final=894.0, Time=95.7, Moves(43)=88.2, Pins(4)=400.0, Dist=310.0, Win Bonus=0.0
[2026-05-22 10:44:43] ALL WRONG MOVES BY COLOUR: {}
[2026-05-22 10:44:43] MOVE 130: PCS (yellow) 56->46 [0.00ms]
[2026-05-22 10:44:43] SCORE PCS (yellow): Final=445.3, Time=84.4, Moves(44)=96.9, Pins(0)=0.0, Dist=264.0, Win Bonus=0.0
[2026-05-22 10:44:43] SCORE Gruppe 10 (purple): Final=788.3, Time=92.0, Moves(43)=88.2, Pins(3)=300.0, Dist=308.0, Win Bonus=0.0
[2026-05-22 10:44:43] SCORE Group 16 (lawn green): Final=894.0, Time=95.7, Moves(43)=88.2, Pins(4)=400.0, Dist=310.0, Win Bonus=0.0
[2026-05-22 10:44:43] ALL WRONG MOVES BY COLOUR: {}
[2026-05-22 10:44:43] MOVE 131: Gruppe 10 (purple) 41->42 [0.00ms]
[2026-05-22 10:44:43] SCORE PCS (yellow): Final=445.3, Time=84.4, Moves(44)=96.9, Pins(0)=0.0, Dist=264.0, Win Bonus=0.0
[2026-05-22 10:44:43] SCORE Gruppe 10 (purple): Final=794.8, Time=91.9, Moves(44)=96.9, Pins(3)=300.0, Dist=306.0, Win Bonus=0.0
[2026-05-22 10:44:43] SCORE Group 16 (lawn green): Final=894.0, Time=95.7, Moves(43)=88.2, Pins(4)=400.0, Dist=310.0, Win Bonus=0.0
[2026-05-22 10:44:43] ALL WRONG MOVES BY COLOUR: {}
[2026-05-22 10:44:43] MOVE 132: Group 16 (lawn green) 54->52 [0.00ms]
[2026-05-22 10:44:43] SCORE PCS (yellow): Final=445.3, Time=84.4, Moves(44)=96.9, Pins(0)=0.0, Dist=264.0, Win Bonus=0.0
[2026-05-22 10:44:43] SCORE Gruppe 10 (purple): Final=794.8, Time=91.9, Moves(44)=96.9, Pins(3)=300.0, Dist=306.0, Win Bonus=0.0
[2026-05-22 10:44:44] SCORE Group 16 (lawn green): Final=906.5, Time=95.6, Moves(44)=96.9, Pins(4)=400.0, Dist=314.0, Win Bonus=0.0
[2026-05-22 10:44:44] ALL WRONG MOVES BY COLOUR: {}
[2026-05-22 10:44:44] MOVE 133: PCS (yellow) 46->56 [0.00ms]
[2026-05-22 10:44:44] SCORE PCS (yellow): Final=450.1, Time=84.1, Moves(45)=100.0, Pins(0)=0.0, Dist=266.0, Win Bonus=0.0
[2026-05-22 10:44:44] SCORE Gruppe 10 (purple): Final=794.8, Time=91.9, Moves(44)=96.9, Pins(3)=300.0, Dist=306.0, Win Bonus=0.0
[2026-05-22 10:44:44] SCORE Group 16 (lawn green): Final=906.5, Time=95.6, Moves(44)=96.9, Pins(4)=400.0, Dist=314.0, Win Bonus=0.0
[2026-05-22 10:44:44] ALL WRONG MOVES BY COLOUR: {}
[2026-05-22 10:44:44] MOVE 134: Gruppe 10 (purple) 70->54 [0.00ms]
[2026-05-22 10:44:44] SCORE PCS (yellow): Final=450.1, Time=84.1, Moves(45)=100.0, Pins(0)=0.0, Dist=266.0, Win Bonus=0.0
[2026-05-22 10:44:44] SCORE Gruppe 10 (purple): Final=793.7, Time=91.7, Moves(45)=100.0, Pins(3)=300.0, Dist=302.0, Win Bonus=0.0
[2026-05-22 10:44:44] SCORE Group 16 (lawn green): Final=906.5, Time=95.6, Moves(44)=96.9, Pins(4)=400.0, Dist=314.0, Win Bonus=0.0
[2026-05-22 10:44:44] ALL WRONG MOVES BY COLOUR: {}
[2026-05-22 10:44:44] MOVE 135: Group 16 (lawn green) 52->41 [0.00ms]
[2026-05-22 10:44:44] SCORE PCS (yellow): Final=450.1, Time=84.1, Moves(45)=100.0, Pins(0)=0.0, Dist=266.0, Win Bonus=0.0
[2026-05-22 10:44:44] SCORE Gruppe 10 (purple): Final=793.7, Time=91.7, Moves(45)=100.0, Pins(3)=300.0, Dist=302.0, Win Bonus=0.0
[2026-05-22 10:44:44] SCORE Group 16 (lawn green): Final=909.5, Time=95.5, Moves(45)=100.0, Pins(4)=400.0, Dist=314.0, Win Bonus=0.0
[2026-05-22 10:44:44] ALL WRONG MOVES BY COLOUR: {}
[2026-05-22 10:44:44] MOVE 136: PCS (yellow) 56->46 [0.00ms]
[2026-05-22 10:44:44] SCORE PCS (yellow): Final=447.5, Time=83.7, Moves(46)=99.8, Pins(0)=0.0, Dist=264.0, Win Bonus=0.0
[2026-05-22 10:44:44] SCORE Gruppe 10 (purple): Final=793.7, Time=91.7, Moves(45)=100.0, Pins(3)=300.0, Dist=302.0, Win Bonus=0.0
[2026-05-22 10:44:44] SCORE Group 16 (lawn green): Final=909.5, Time=95.5, Moves(45)=100.0, Pins(4)=400.0, Dist=314.0, Win Bonus=0.0
[2026-05-22 10:44:44] ALL WRONG MOVES BY COLOUR: {}
[2026-05-22 10:44:45] MOVE 137: Gruppe 10 (purple) 54->43 [0.00ms]
[2026-05-22 10:44:45] SCORE PCS (yellow): Final=447.5, Time=83.7, Moves(46)=99.8, Pins(0)=0.0, Dist=264.0, Win Bonus=0.0
[2026-05-22 10:44:45] SCORE Gruppe 10 (purple): Final=795.4, Time=91.6, Moves(46)=99.8, Pins(3)=300.0, Dist=304.0, Win Bonus=0.0
[2026-05-22 10:44:45] SCORE Group 16 (lawn green): Final=909.5, Time=95.5, Moves(45)=100.0, Pins(4)=400.0, Dist=314.0, Win Bonus=0.0
[2026-05-22 10:44:45] ALL WRONG MOVES BY COLOUR: {}
[2026-05-22 10:44:45] MOVE 138: Group 16 (lawn green) 76->87 [0.00ms]
[2026-05-22 10:44:45] SCORE PCS (yellow): Final=447.5, Time=83.7, Moves(46)=99.8, Pins(0)=0.0, Dist=264.0, Win Bonus=0.0
[2026-05-22 10:44:45] SCORE Gruppe 10 (purple): Final=795.4, Time=91.6, Moves(46)=99.8, Pins(3)=300.0, Dist=304.0, Win Bonus=0.0
[2026-05-22 10:44:45] SCORE Group 16 (lawn green): Final=909.2, Time=95.4, Moves(46)=99.8, Pins(4)=400.0, Dist=314.0, Win Bonus=0.0
[2026-05-22 10:44:45] ALL WRONG MOVES BY COLOUR: {}
[2026-05-22 10:44:45] MOVE 139: PCS (yellow) 35->56 [0.00ms]
[2026-05-22 10:44:45] SCORE PCS (yellow): Final=450.8, Time=83.4, Moves(47)=99.4, Pins(0)=0.0, Dist=268.0, Win Bonus=0.0
[2026-05-22 10:44:45] SCORE Gruppe 10 (purple): Final=795.4, Time=91.6, Moves(46)=99.8, Pins(3)=300.0, Dist=304.0, Win Bonus=0.0
[2026-05-22 10:44:45] SCORE Group 16 (lawn green): Final=909.2, Time=95.4, Moves(46)=99.8, Pins(4)=400.0, Dist=314.0, Win Bonus=0.0
[2026-05-22 10:44:45] ALL WRONG MOVES BY COLOUR: {}
[2026-05-22 10:44:45] MOVE 140: Gruppe 10 (purple) 36->35 [0.00ms]
[2026-05-22 10:44:45] SCORE PCS (yellow): Final=450.8, Time=83.4, Moves(47)=99.4, Pins(0)=0.0, Dist=268.0, Win Bonus=0.0
[2026-05-22 10:44:45] SCORE Gruppe 10 (purple): Final=794.8, Time=91.4, Moves(47)=99.4, Pins(3)=300.0, Dist=304.0, Win Bonus=0.0
[2026-05-22 10:44:45] SCORE Group 16 (lawn green): Final=909.2, Time=95.4, Moves(46)=99.8, Pins(4)=400.0, Dist=314.0, Win Bonus=0.0
[2026-05-22 10:44:45] ALL WRONG MOVES BY COLOUR: {}
[2026-05-22 10:44:45] MOVE 141: Group 16 (lawn green) 75->100 [0.00ms]
[2026-05-22 10:44:45] SCORE PCS (yellow): Final=450.8, Time=83.4, Moves(47)=99.4, Pins(0)=0.0, Dist=268.0, Win Bonus=0.0
[2026-05-22 10:44:45] SCORE Gruppe 10 (purple): Final=794.8, Time=91.4, Moves(47)=99.4, Pins(3)=300.0, Dist=304.0, Win Bonus=0.0
[2026-05-22 10:44:45] SCORE Group 16 (lawn green): Final=908.6, Time=95.2, Moves(47)=99.4, Pins(4)=400.0, Dist=314.0, Win Bonus=0.0
[2026-05-22 10:44:45] ALL WRONG MOVES BY COLOUR: {}
[2026-05-22 10:44:46] MOVE 142: PCS (yellow) 50->54 [0.01ms]
[2026-05-22 10:44:46] SCORE PCS (yellow): Final=457.7, Time=83.1, Moves(48)=98.6, Pins(0)=0.0, Dist=276.0, Win Bonus=0.0
[2026-05-22 10:44:46] SCORE Gruppe 10 (purple): Final=794.8, Time=91.4, Moves(47)=99.4, Pins(3)=300.0, Dist=304.0, Win Bonus=0.0
[2026-05-22 10:44:46] SCORE Group 16 (lawn green): Final=908.6, Time=95.2, Moves(47)=99.4, Pins(4)=400.0, Dist=314.0, Win Bonus=0.0
[2026-05-22 10:44:46] ALL WRONG MOVES BY COLOUR: {}
[2026-05-22 10:44:46] MOVE 143: Gruppe 10 (purple) 35->23 [0.01ms]
[2026-05-22 10:44:46] SCORE PCS (yellow): Final=457.7, Time=83.1, Moves(48)=98.6, Pins(0)=0.0, Dist=276.0, Win Bonus=0.0
[2026-05-22 10:44:46] SCORE Gruppe 10 (purple): Final=793.8, Time=91.1, Moves(48)=98.6, Pins(3)=300.0, Dist=304.0, Win Bonus=0.0
[2026-05-22 10:44:46] SCORE Group 16 (lawn green): Final=908.6, Time=95.2, Moves(47)=99.4, Pins(4)=400.0, Dist=314.0, Win Bonus=0.0
[2026-05-22 10:44:46] ALL WRONG MOVES BY COLOUR: {}
[2026-05-22 10:44:46] MOVE 144: Group 16 (lawn green) 41->51 [0.00ms]
[2026-05-22 10:44:46] SCORE PCS (yellow): Final=457.7, Time=83.1, Moves(48)=98.6, Pins(0)=0.0, Dist=276.0, Win Bonus=0.0
[2026-05-22 10:44:46] SCORE Gruppe 10 (purple): Final=793.8, Time=91.1, Moves(48)=98.6, Pins(3)=300.0, Dist=304.0, Win Bonus=0.0
[2026-05-22 10:44:46] SCORE Group 16 (lawn green): Final=909.7, Time=95.1, Moves(48)=98.6, Pins(4)=400.0, Dist=316.0, Win Bonus=0.0
[2026-05-22 10:44:46] ALL WRONG MOVES BY COLOUR: {}
[2026-05-22 10:44:46] MOVE 145: PCS (yellow) 66->89 [0.00ms]
[2026-05-22 10:44:46] SCORE PCS (yellow): Final=460.4, Time=82.9, Moves(49)=97.6, Pins(0)=0.0, Dist=280.0, Win Bonus=0.0
[2026-05-22 10:44:46] SCORE Gruppe 10 (purple): Final=793.8, Time=91.1, Moves(48)=98.6, Pins(3)=300.0, Dist=304.0, Win Bonus=0.0
[2026-05-22 10:44:46] SCORE Group 16 (lawn green): Final=909.7, Time=95.1, Moves(48)=98.6, Pins(4)=400.0, Dist=316.0, Win Bonus=0.0
[2026-05-22 10:44:46] ALL WRONG MOVES BY COLOUR: {}
[2026-05-22 10:44:46] MOVE 146: Gruppe 10 (purple) 43->41 [0.00ms]
[2026-05-22 10:44:46] SCORE PCS (yellow): Final=460.4, Time=82.9, Moves(49)=97.6, Pins(0)=0.0, Dist=280.0, Win Bonus=0.0
[2026-05-22 10:44:46] SCORE Gruppe 10 (purple): Final=796.5, Time=90.9, Moves(49)=97.6, Pins(3)=300.0, Dist=308.0, Win Bonus=0.0
[2026-05-22 10:44:46] SCORE Group 16 (lawn green): Final=909.7, Time=95.1, Moves(48)=98.6, Pins(4)=400.0, Dist=316.0, Win Bonus=0.0
[2026-05-22 10:44:46] ALL WRONG MOVES BY COLOUR: {}
[2026-05-22 10:44:47] MOVE 147: Group 16 (lawn green) 51->69 [0.00ms]
[2026-05-22 10:44:47] SCORE PCS (yellow): Final=460.4, Time=82.9, Moves(49)=97.6, Pins(0)=0.0, Dist=280.0, Win Bonus=0.0
[2026-05-22 10:44:47] SCORE Gruppe 10 (purple): Final=796.5, Time=90.9, Moves(49)=97.6, Pins(3)=300.0, Dist=308.0, Win Bonus=0.0
[2026-05-22 10:44:47] SCORE Group 16 (lawn green): Final=912.6, Time=95.0, Moves(49)=97.6, Pins(4)=400.0, Dist=320.0, Win Bonus=0.0
[2026-05-22 10:44:47] ALL WRONG MOVES BY COLOUR: {}
[2026-05-22 10:44:47] MOVE 148: PCS (yellow) 46->66 [0.00ms]
[2026-05-22 10:44:47] SCORE PCS (yellow): Final=462.8, Time=82.6, Moves(50)=96.2, Pins(0)=0.0, Dist=284.0, Win Bonus=0.0
[2026-05-22 10:44:47] SCORE Gruppe 10 (purple): Final=796.5, Time=90.9, Moves(49)=97.6, Pins(3)=300.0, Dist=308.0, Win Bonus=0.0
[2026-05-22 10:44:47] SCORE Group 16 (lawn green): Final=912.6, Time=95.0, Moves(49)=97.6, Pins(4)=400.0, Dist=320.0, Win Bonus=0.0
[2026-05-22 10:44:47] ALL WRONG MOVES BY COLOUR: {}
[2026-05-22 10:44:47] MOVE 149: Gruppe 10 (purple) 10->35 [0.01ms]
[2026-05-22 10:44:47] SCORE PCS (yellow): Final=462.8, Time=82.6, Moves(50)=96.2, Pins(0)=0.0, Dist=284.0, Win Bonus=0.0
[2026-05-22 10:44:47] SCORE Gruppe 10 (purple): Final=795.0, Time=90.7, Moves(50)=96.2, Pins(3)=300.0, Dist=308.0, Win Bonus=0.0
[2026-05-22 10:44:47] SCORE Group 16 (lawn green): Final=912.6, Time=95.0, Moves(49)=97.6, Pins(4)=400.0, Dist=320.0, Win Bonus=0.0
[2026-05-22 10:44:47] ALL WRONG MOVES BY COLOUR: {}
[2026-05-22 10:44:47] MOVE 150: Group 16 (lawn green) 87->75 [0.01ms]
[2026-05-22 10:44:47] SCORE PCS (yellow): Final=462.8, Time=82.6, Moves(50)=96.2, Pins(0)=0.0, Dist=284.0, Win Bonus=0.0
[2026-05-22 10:44:47] SCORE Gruppe 10 (purple): Final=795.0, Time=90.7, Moves(50)=96.2, Pins(3)=300.0, Dist=308.0, Win Bonus=0.0
[2026-05-22 10:44:47] SCORE Group 16 (lawn green): Final=911.1, Time=94.9, Moves(50)=96.2, Pins(4)=400.0, Dist=320.0, Win Bonus=0.0
[2026-05-22 10:44:47] ALL WRONG MOVES BY COLOUR: {}
[2026-05-22 10:44:47] MOVE 151: PCS (yellow) 77->102 [0.00ms]
[2026-05-22 10:44:47] SCORE PCS (yellow): Final=464.8, Time=82.2, Moves(51)=94.6, Pins(0)=0.0, Dist=288.0, Win Bonus=0.0
[2026-05-22 10:44:47] SCORE Gruppe 10 (purple): Final=795.0, Time=90.7, Moves(50)=96.2, Pins(3)=300.0, Dist=308.0, Win Bonus=0.0
[2026-05-22 10:44:47] SCORE Group 16 (lawn green): Final=911.1, Time=94.9, Moves(50)=96.2, Pins(4)=400.0, Dist=320.0, Win Bonus=0.0
[2026-05-22 10:44:47] ALL WRONG MOVES BY COLOUR: {}
[2026-05-22 10:44:48] MOVE 152: Gruppe 10 (purple) 11->10 [0.00ms]
[2026-05-22 10:44:48] SCORE PCS (yellow): Final=464.8, Time=82.2, Moves(51)=94.6, Pins(0)=0.0, Dist=288.0, Win Bonus=0.0
[2026-05-22 10:44:48] SCORE Gruppe 10 (purple): Final=793.2, Time=90.6, Moves(51)=94.6, Pins(3)=300.0, Dist=308.0, Win Bonus=0.0
[2026-05-22 10:44:48] SCORE Group 16 (lawn green): Final=911.1, Time=94.9, Moves(50)=96.2, Pins(4)=400.0, Dist=320.0, Win Bonus=0.0
[2026-05-22 10:44:48] ALL WRONG MOVES BY COLOUR: {}
[2026-05-22 10:44:48] MOVE 153: Group 16 (lawn green) 69->59 [0.00ms]
[2026-05-22 10:44:48] SCORE PCS (yellow): Final=464.8, Time=82.2, Moves(51)=94.6, Pins(0)=0.0, Dist=288.0, Win Bonus=0.0
[2026-05-22 10:44:48] SCORE Gruppe 10 (purple): Final=793.2, Time=90.6, Moves(51)=94.6, Pins(3)=300.0, Dist=308.0, Win Bonus=0.0
[2026-05-22 10:44:48] SCORE Group 16 (lawn green): Final=909.4, Time=94.8, Moves(51)=94.6, Pins(4)=400.0, Dist=320.0, Win Bonus=0.0
[2026-05-22 10:44:48] ALL WRONG MOVES BY COLOUR: {}
[2026-05-22 10:44:48] MOVE 154: PCS (yellow) 89->72 [0.00ms]
[2026-05-22 10:44:48] SCORE PCS (yellow): Final=470.6, Time=81.9, Moves(52)=92.7, Pins(0)=0.0, Dist=296.0, Win Bonus=0.0
[2026-05-22 10:44:48] SCORE Gruppe 10 (purple): Final=793.2, Time=90.6, Moves(51)=94.6, Pins(3)=300.0, Dist=308.0, Win Bonus=0.0
[2026-05-22 10:44:48] SCORE Group 16 (lawn green): Final=909.4, Time=94.8, Moves(51)=94.6, Pins(4)=400.0, Dist=320.0, Win Bonus=0.0
[2026-05-22 10:44:48] ALL WRONG MOVES BY COLOUR: {}
[2026-05-22 10:44:48] MOVE 155: Gruppe 10 (purple) 35->36 [0.00ms]
[2026-05-22 10:44:48] SCORE PCS (yellow): Final=470.6, Time=81.9, Moves(52)=92.7, Pins(0)=0.0, Dist=296.0, Win Bonus=0.0
[2026-05-22 10:44:48] SCORE Gruppe 10 (purple): Final=791.1, Time=90.4, Moves(52)=92.7, Pins(3)=300.0, Dist=308.0, Win Bonus=0.0
[2026-05-22 10:44:48] SCORE Group 16 (lawn green): Final=909.4, Time=94.8, Moves(51)=94.6, Pins(4)=400.0, Dist=320.0, Win Bonus=0.0
[2026-05-22 10:44:48] ALL WRONG MOVES BY COLOUR: {}
[2026-05-22 10:44:48] MOVE 156: Group 16 (lawn green) 75->65 [0.00ms]
[2026-05-22 10:44:48] SCORE PCS (yellow): Final=470.6, Time=81.9, Moves(52)=92.7, Pins(0)=0.0, Dist=296.0, Win Bonus=0.0
[2026-05-22 10:44:48] SCORE Gruppe 10 (purple): Final=791.1, Time=90.4, Moves(52)=92.7, Pins(3)=300.0, Dist=308.0, Win Bonus=0.0
[2026-05-22 10:44:48] SCORE Group 16 (lawn green): Final=907.4, Time=94.7, Moves(52)=92.7, Pins(4)=400.0, Dist=320.0, Win Bonus=0.0
[2026-05-22 10:44:48] ALL WRONG MOVES BY COLOUR: {}
[2026-05-22 10:44:49] MOVE 157: PCS (yellow) 102->104 [0.00ms]
[2026-05-22 10:44:49] SCORE PCS (yellow): Final=472.2, Time=81.6, Moves(53)=90.6, Pins(0)=0.0, Dist=300.0, Win Bonus=0.0
[2026-05-22 10:44:49] SCORE Gruppe 10 (purple): Final=791.1, Time=90.4, Moves(52)=92.7, Pins(3)=300.0, Dist=308.0, Win Bonus=0.0
[2026-05-22 10:44:49] SCORE Group 16 (lawn green): Final=907.4, Time=94.7, Moves(52)=92.7, Pins(4)=400.0, Dist=320.0, Win Bonus=0.0
[2026-05-22 10:44:49] ALL WRONG MOVES BY COLOUR: {}
[2026-05-22 10:44:49] MOVE 158: Gruppe 10 (purple) 10->35 [0.00ms]
[2026-05-22 10:44:49] SCORE PCS (yellow): Final=472.2, Time=81.6, Moves(53)=90.6, Pins(0)=0.0, Dist=300.0, Win Bonus=0.0
[2026-05-22 10:44:49] SCORE Gruppe 10 (purple): Final=788.9, Time=90.3, Moves(53)=90.6, Pins(3)=300.0, Dist=308.0, Win Bonus=0.0
[2026-05-22 10:44:49] SCORE Group 16 (lawn green): Final=907.4, Time=94.7, Moves(52)=92.7, Pins(4)=400.0, Dist=320.0, Win Bonus=0.0
[2026-05-22 10:44:49] ALL WRONG MOVES BY COLOUR: {}
[2026-05-22 10:44:49] MOVE 159: Group 16 (lawn green) 59->68 [0.00ms]
[2026-05-22 10:44:49] SCORE PCS (yellow): Final=472.2, Time=81.6, Moves(53)=90.6, Pins(0)=0.0, Dist=300.0, Win Bonus=0.0
[2026-05-22 10:44:49] SCORE Gruppe 10 (purple): Final=788.9, Time=90.3, Moves(53)=90.6, Pins(3)=300.0, Dist=308.0, Win Bonus=0.0
[2026-05-22 10:44:49] SCORE Group 16 (lawn green): Final=907.2, Time=94.6, Moves(53)=90.6, Pins(4)=400.0, Dist=322.0, Win Bonus=0.0
[2026-05-22 10:44:49] ALL WRONG MOVES BY COLOUR: {}
[2026-05-22 10:44:49] MOVE 160: PCS (yellow) 71->73 [0.00ms]
[2026-05-22 10:44:49] SCORE PCS (yellow): Final=473.4, Time=81.2, Moves(54)=88.2, Pins(0)=0.0, Dist=304.0, Win Bonus=0.0
[2026-05-22 10:44:49] SCORE Gruppe 10 (purple): Final=788.9, Time=90.3, Moves(53)=90.6, Pins(3)=300.0, Dist=308.0, Win Bonus=0.0
[2026-05-22 10:44:49] SCORE Group 16 (lawn green): Final=907.2, Time=94.6, Moves(53)=90.6, Pins(4)=400.0, Dist=322.0, Win Bonus=0.0
[2026-05-22 10:44:49] ALL WRONG MOVES BY COLOUR: {}
[2026-05-22 10:44:49] MOVE 161: Gruppe 10 (purple) 35->46 [0.00ms]
[2026-05-22 10:44:49] SCORE PCS (yellow): Final=473.4, Time=81.2, Moves(54)=88.2, Pins(0)=0.0, Dist=304.0, Win Bonus=0.0
[2026-05-22 10:44:49] SCORE Gruppe 10 (purple): Final=786.4, Time=90.2, Moves(54)=88.2, Pins(3)=300.0, Dist=308.0, Win Bonus=0.0
[2026-05-22 10:44:49] SCORE Group 16 (lawn green): Final=907.2, Time=94.6, Moves(53)=90.6, Pins(4)=400.0, Dist=322.0, Win Bonus=0.0
[2026-05-22 10:44:49] ALL WRONG MOVES BY COLOUR: {}
[2026-05-22 10:44:50] MOVE 162: Group 16 (lawn green) 53->67 [0.00ms]
[2026-05-22 10:44:50] SCORE PCS (yellow): Final=473.4, Time=81.2, Moves(54)=88.2, Pins(0)=0.0, Dist=304.0, Win Bonus=0.0
[2026-05-22 10:44:50] SCORE Gruppe 10 (purple): Final=786.4, Time=90.2, Moves(54)=88.2, Pins(3)=300.0, Dist=308.0, Win Bonus=0.0
[2026-05-22 10:44:50] SCORE Group 16 (lawn green): Final=916.8, Time=94.6, Moves(54)=88.2, Pins(4)=400.0, Dist=334.0, Win Bonus=0.0
[2026-05-22 10:44:50] ALL WRONG MOVES BY COLOUR: {}
[2026-05-22 10:44:50] MOVE 163: PCS (yellow) 56->77 [0.01ms]
[2026-05-22 10:44:50] SCORE PCS (yellow): Final=474.5, Time=80.8, Moves(55)=85.7, Pins(0)=0.0, Dist=308.0, Win Bonus=0.0
[2026-05-22 10:44:50] SCORE Gruppe 10 (purple): Final=786.4, Time=90.2, Moves(54)=88.2, Pins(3)=300.0, Dist=308.0, Win Bonus=0.0
[2026-05-22 10:44:50] SCORE Group 16 (lawn green): Final=916.8, Time=94.6, Moves(54)=88.2, Pins(4)=400.0, Dist=334.0, Win Bonus=0.0
[2026-05-22 10:44:50] ALL WRONG MOVES BY COLOUR: {}
[2026-05-22 10:44:50] MOVE 164: Gruppe 10 (purple) 46->25 [0.00ms]
[2026-05-22 10:44:50] SCORE PCS (yellow): Final=474.5, Time=80.8, Moves(55)=85.7, Pins(0)=0.0, Dist=308.0, Win Bonus=0.0
[2026-05-22 10:44:50] SCORE Gruppe 10 (purple): Final=783.8, Time=90.1, Moves(55)=85.7, Pins(3)=300.0, Dist=308.0, Win Bonus=0.0
[2026-05-22 10:44:50] SCORE Group 16 (lawn green): Final=916.8, Time=94.6, Moves(54)=88.2, Pins(4)=400.0, Dist=334.0, Win Bonus=0.0
[2026-05-22 10:44:50] ALL WRONG MOVES BY COLOUR: {}
[2026-05-22 10:44:50] MOVE 165: Group 16 (lawn green) 67->57 [0.00ms]
[2026-05-22 10:44:50] SCORE PCS (yellow): Final=474.5, Time=80.8, Moves(55)=85.7, Pins(0)=0.0, Dist=308.0, Win Bonus=0.0
[2026-05-22 10:44:50] SCORE Gruppe 10 (purple): Final=783.8, Time=90.1, Moves(55)=85.7, Pins(3)=300.0, Dist=308.0, Win Bonus=0.0
[2026-05-22 10:44:50] SCORE Group 16 (lawn green): Final=914.2, Time=94.5, Moves(55)=85.7, Pins(4)=400.0, Dist=334.0, Win Bonus=0.0
[2026-05-22 10:44:50] ALL WRONG MOVES BY COLOUR: {}
[2026-05-22 10:44:51] MOVE 166: PCS (yellow) 63->64 [0.00ms]
[2026-05-22 10:44:51] SCORE PCS (yellow): Final=473.3, Time=80.3, Moves(56)=83.0, Pins(0)=0.0, Dist=310.0, Win Bonus=0.0
[2026-05-22 10:44:51] SCORE Gruppe 10 (purple): Final=783.8, Time=90.1, Moves(55)=85.7, Pins(3)=300.0, Dist=308.0, Win Bonus=0.0
[2026-05-22 10:44:51] SCORE Group 16 (lawn green): Final=914.2, Time=94.5, Moves(55)=85.7, Pins(4)=400.0, Dist=334.0, Win Bonus=0.0
[2026-05-22 10:44:51] ALL WRONG MOVES BY COLOUR: {}
[2026-05-22 10:44:51] MOVE 167: Gruppe 10 (purple) 81->56 [0.00ms]
[2026-05-22 10:44:51] SCORE PCS (yellow): Final=473.3, Time=80.3, Moves(56)=83.0, Pins(0)=0.0, Dist=310.0, Win Bonus=0.0
[2026-05-22 10:44:51] SCORE Gruppe 10 (purple): Final=792.9, Time=90.0, Moves(56)=83.0, Pins(3)=300.0, Dist=320.0, Win Bonus=0.0
[2026-05-22 10:44:51] SCORE Group 16 (lawn green): Final=914.2, Time=94.5, Moves(55)=85.7, Pins(4)=400.0, Dist=334.0, Win Bonus=0.0
[2026-05-22 10:44:51] ALL WRONG MOVES BY COLOUR: {}
[2026-05-22 10:44:51] MOVE 168: Group 16 (lawn green) 57->76 [0.00ms]
[2026-05-22 10:44:51] SCORE PCS (yellow): Final=473.3, Time=80.3, Moves(56)=83.0, Pins(0)=0.0, Dist=310.0, Win Bonus=0.0
[2026-05-22 10:44:51] SCORE Gruppe 10 (purple): Final=792.9, Time=90.0, Moves(56)=83.0, Pins(3)=300.0, Dist=320.0, Win Bonus=0.0
[2026-05-22 10:44:51] SCORE Group 16 (lawn green): Final=1015.4, Time=94.4, Moves(56)=83.0, Pins(5)=500.0, Dist=338.0, Win Bonus=0.0
[2026-05-22 10:44:51] ALL WRONG MOVES BY COLOUR: {}
[2026-05-22 10:44:51] MOVE 169: PCS (yellow) 104->113 [0.00ms]
[2026-05-22 10:44:51] SCORE PCS (yellow): Final=470.0, Time=79.9, Moves(57)=80.1, Pins(0)=0.0, Dist=310.0, Win Bonus=0.0
[2026-05-22 10:44:51] SCORE Gruppe 10 (purple): Final=792.9, Time=90.0, Moves(56)=83.0, Pins(3)=300.0, Dist=320.0, Win Bonus=0.0
[2026-05-22 10:44:51] SCORE Group 16 (lawn green): Final=1015.4, Time=94.4, Moves(56)=83.0, Pins(5)=500.0, Dist=338.0, Win Bonus=0.0
[2026-05-22 10:44:51] ALL WRONG MOVES BY COLOUR: {}
[2026-05-22 10:44:51] MOVE 170: Gruppe 10 (purple) 25->24 [0.01ms]
[2026-05-22 10:44:51] SCORE PCS (yellow): Final=470.0, Time=79.9, Moves(57)=80.1, Pins(0)=0.0, Dist=310.0, Win Bonus=0.0
[2026-05-22 10:44:51] SCORE Gruppe 10 (purple): Final=789.9, Time=89.8, Moves(57)=80.1, Pins(3)=300.0, Dist=320.0, Win Bonus=0.0
[2026-05-22 10:44:51] SCORE Group 16 (lawn green): Final=1015.4, Time=94.4, Moves(56)=83.0, Pins(5)=500.0, Dist=338.0, Win Bonus=0.0
[2026-05-22 10:44:51] ALL WRONG MOVES BY COLOUR: {}
[2026-05-22 10:44:51] MOVE 171: Group 16 (lawn green) 68->67 [0.00ms]
[2026-05-22 10:44:51] SCORE PCS (yellow): Final=470.0, Time=79.9, Moves(57)=80.1, Pins(0)=0.0, Dist=310.0, Win Bonus=0.0
[2026-05-22 10:44:51] SCORE Gruppe 10 (purple): Final=789.9, Time=89.8, Moves(57)=80.1, Pins(3)=300.0, Dist=320.0, Win Bonus=0.0
[2026-05-22 10:44:51] SCORE Group 16 (lawn green): Final=1014.3, Time=94.3, Moves(57)=80.1, Pins(5)=500.0, Dist=340.0, Win Bonus=0.0
[2026-05-22 10:44:51] ALL WRONG MOVES BY COLOUR: {}
[2026-05-22 10:44:52] MOVE 172: PCS (yellow) 113->104 [0.00ms]
[2026-05-22 10:44:52] SCORE PCS (yellow): Final=466.6, Time=79.6, Moves(58)=77.0, Pins(0)=0.0, Dist=310.0, Win Bonus=0.0
[2026-05-22 10:44:52] SCORE Gruppe 10 (purple): Final=789.9, Time=89.8, Moves(57)=80.1, Pins(3)=300.0, Dist=320.0, Win Bonus=0.0
[2026-05-22 10:44:52] SCORE Group 16 (lawn green): Final=1014.3, Time=94.3, Moves(57)=80.1, Pins(5)=500.0, Dist=340.0, Win Bonus=0.0
[2026-05-22 10:44:52] ALL WRONG MOVES BY COLOUR: {}
[2026-05-22 10:44:52] MOVE 173: Gruppe 10 (purple) 23->11 [0.00ms]
[2026-05-22 10:44:52] SCORE PCS (yellow): Final=466.6, Time=79.6, Moves(58)=77.0, Pins(0)=0.0, Dist=310.0, Win Bonus=0.0
[2026-05-22 10:44:52] SCORE Gruppe 10 (purple): Final=786.8, Time=89.7, Moves(58)=77.0, Pins(3)=300.0, Dist=320.0, Win Bonus=0.0
[2026-05-22 10:44:52] SCORE Group 16 (lawn green): Final=1014.3, Time=94.3, Moves(57)=80.1, Pins(5)=500.0, Dist=340.0, Win Bonus=0.0
[2026-05-22 10:44:52] ALL WRONG MOVES BY COLOUR: {}
[2026-05-22 10:44:52] MOVE 174: Group 16 (lawn green) 67->58 [0.00ms]
[2026-05-22 10:44:52] SCORE PCS (yellow): Final=466.6, Time=79.6, Moves(58)=77.0, Pins(0)=0.0, Dist=310.0, Win Bonus=0.0
[2026-05-22 10:44:52] SCORE Gruppe 10 (purple): Final=786.8, Time=89.7, Moves(58)=77.0, Pins(3)=300.0, Dist=320.0, Win Bonus=0.0
[2026-05-22 10:44:52] SCORE Group 16 (lawn green): Final=1009.3, Time=94.2, Moves(58)=77.0, Pins(5)=500.0, Dist=338.0, Win Bonus=0.0
[2026-05-22 10:44:52] ALL WRONG MOVES BY COLOUR: {}
[2026-05-22 10:44:52] MOVE 175: PCS (yellow) 104->91 [0.00ms]
[2026-05-22 10:44:52] SCORE PCS (yellow): Final=461.0, Time=79.1, Moves(59)=73.9, Pins(0)=0.0, Dist=308.0, Win Bonus=0.0
[2026-05-22 10:44:52] SCORE Gruppe 10 (purple): Final=786.8, Time=89.7, Moves(58)=77.0, Pins(3)=300.0, Dist=320.0, Win Bonus=0.0
[2026-05-22 10:44:52] SCORE Group 16 (lawn green): Final=1009.3, Time=94.2, Moves(58)=77.0, Pins(5)=500.0, Dist=338.0, Win Bonus=0.0
[2026-05-22 10:44:52] ALL WRONG MOVES BY COLOUR: {}
[2026-05-22 10:44:52] MOVE 176: Gruppe 10 (purple) 11->12 [0.00ms]
[2026-05-22 10:44:52] SCORE PCS (yellow): Final=461.0, Time=79.1, Moves(59)=73.9, Pins(0)=0.0, Dist=308.0, Win Bonus=0.0
[2026-05-22 10:44:52] SCORE Gruppe 10 (purple): Final=783.4, Time=89.5, Moves(59)=73.9, Pins(3)=300.0, Dist=320.0, Win Bonus=0.0
[2026-05-22 10:44:52] SCORE Group 16 (lawn green): Final=1009.3, Time=94.2, Moves(58)=77.0, Pins(5)=500.0, Dist=338.0, Win Bonus=0.0
[2026-05-22 10:44:52] ALL WRONG MOVES BY COLOUR: {}
[2026-05-22 10:44:53] MOVE 177: Group 16 (lawn green) 58->57 [0.00ms]
[2026-05-22 10:44:53] SCORE PCS (yellow): Final=461.0, Time=79.1, Moves(59)=73.9, Pins(0)=0.0, Dist=308.0, Win Bonus=0.0
[2026-05-22 10:44:53] SCORE Gruppe 10 (purple): Final=783.4, Time=89.5, Moves(59)=73.9, Pins(3)=300.0, Dist=320.0, Win Bonus=0.0
[2026-05-22 10:44:53] SCORE Group 16 (lawn green): Final=1008.0, Time=94.1, Moves(59)=73.9, Pins(5)=500.0, Dist=340.0, Win Bonus=0.0
[2026-05-22 10:44:53] ALL WRONG MOVES BY COLOUR: {}
[2026-05-22 10:44:53] MOVE 178: PCS (yellow) 91->104 [0.00ms]
[2026-05-22 10:44:53] SCORE PCS (yellow): Final=459.5, Time=78.8, Moves(60)=70.7, Pins(0)=0.0, Dist=310.0, Win Bonus=0.0
[2026-05-22 10:44:53] SCORE Gruppe 10 (purple): Final=783.4, Time=89.5, Moves(59)=73.9, Pins(3)=300.0, Dist=320.0, Win Bonus=0.0
[2026-05-22 10:44:53] SCORE Group 16 (lawn green): Final=1008.0, Time=94.1, Moves(59)=73.9, Pins(5)=500.0, Dist=340.0, Win Bonus=0.0
[2026-05-22 10:44:53] ALL WRONG MOVES BY COLOUR: {}
[2026-05-22 10:44:53] MOVE 179: Gruppe 10 (purple) 36->25 [0.01ms]
[2026-05-22 10:44:53] SCORE PCS (yellow): Final=459.5, Time=78.8, Moves(60)=70.7, Pins(0)=0.0, Dist=310.0, Win Bonus=0.0
[2026-05-22 10:44:53] SCORE Gruppe 10 (purple): Final=780.0, Time=89.4, Moves(60)=70.7, Pins(3)=300.0, Dist=320.0, Win Bonus=0.0
[2026-05-22 10:44:53] SCORE Group 16 (lawn green): Final=1008.0, Time=94.1, Moves(59)=73.9, Pins(5)=500.0, Dist=340.0, Win Bonus=0.0
[2026-05-22 10:44:53] ALL WRONG MOVES BY COLOUR: {}
[2026-05-22 10:44:53] MOVE 180: Group 16 (lawn green) 57->48 [0.00ms]
[2026-05-22 10:44:53] SCORE PCS (yellow): Final=459.5, Time=78.8, Moves(60)=70.7, Pins(0)=0.0, Dist=310.0, Win Bonus=0.0
[2026-05-22 10:44:53] SCORE Gruppe 10 (purple): Final=780.0, Time=89.4, Moves(60)=70.7, Pins(3)=300.0, Dist=320.0, Win Bonus=0.0
[2026-05-22 10:44:53] SCORE Group 16 (lawn green): Final=1002.7, Time=94.0, Moves(60)=70.7, Pins(5)=500.0, Dist=338.0, Win Bonus=0.0
[2026-05-22 10:44:53] ALL WRONG MOVES BY COLOUR: {}
[2026-05-22 10:44:54] MOVE 181: PCS (yellow) 60->61 [0.00ms]
[2026-05-22 10:44:54] SCORE PCS (yellow): Final=457.9, Time=78.5, Moves(61)=67.4, Pins(0)=0.0, Dist=312.0, Win Bonus=0.0
[2026-05-22 10:44:54] SCORE Gruppe 10 (purple): Final=780.0, Time=89.4, Moves(60)=70.7, Pins(3)=300.0, Dist=320.0, Win Bonus=0.0
[2026-05-22 10:44:54] SCORE Group 16 (lawn green): Final=1002.7, Time=94.0, Moves(60)=70.7, Pins(5)=500.0, Dist=338.0, Win Bonus=0.0
[2026-05-22 10:44:54] ALL WRONG MOVES BY COLOUR: {}
[2026-05-22 10:44:54] MOVE 182: Gruppe 10 (purple) 25->23 [0.01ms]
[2026-05-22 10:44:54] SCORE PCS (yellow): Final=457.9, Time=78.5, Moves(61)=67.4, Pins(0)=0.0, Dist=312.0, Win Bonus=0.0
[2026-05-22 10:44:54] SCORE Gruppe 10 (purple): Final=776.6, Time=89.2, Moves(61)=67.4, Pins(3)=300.0, Dist=320.0, Win Bonus=0.0
[2026-05-22 10:44:54] SCORE Group 16 (lawn green): Final=1002.7, Time=94.0, Moves(60)=70.7, Pins(5)=500.0, Dist=338.0, Win Bonus=0.0
[2026-05-22 10:44:54] ALL WRONG MOVES BY COLOUR: {}
[2026-05-22 10:44:54] MOVE 183: Group 16 (lawn green) 15->7 [0.00ms]
[2026-05-22 10:44:54] SCORE PCS (yellow): Final=457.9, Time=78.5, Moves(61)=67.4, Pins(0)=0.0, Dist=312.0, Win Bonus=0.0
[2026-05-22 10:44:54] SCORE Gruppe 10 (purple): Final=776.6, Time=89.2, Moves(61)=67.4, Pins(3)=300.0, Dist=320.0, Win Bonus=0.0
[2026-05-22 10:44:54] SCORE Group 16 (lawn green): Final=997.2, Time=93.9, Moves(61)=67.4, Pins(5)=500.0, Dist=336.0, Win Bonus=0.0
[2026-05-22 10:44:54] ALL WRONG MOVES BY COLOUR: {}
[2026-05-22 10:44:54] MOVE 184: PCS (yellow) 72->111 [0.00ms]
[2026-05-22 10:44:54] SCORE PCS (yellow): Final=448.2, Time=78.2, Moves(62)=64.0, Pins(0)=0.0, Dist=306.0, Win Bonus=0.0
[2026-05-22 10:44:54] SCORE Gruppe 10 (purple): Final=776.6, Time=89.2, Moves(61)=67.4, Pins(3)=300.0, Dist=320.0, Win Bonus=0.0
[2026-05-22 10:44:54] SCORE Group 16 (lawn green): Final=997.2, Time=93.9, Moves(61)=67.4, Pins(5)=500.0, Dist=336.0, Win Bonus=0.0
[2026-05-22 10:44:54] ALL WRONG MOVES BY COLOUR: {}
[2026-05-22 10:44:54] MOVE 185: Gruppe 10 (purple) 23->10 [0.01ms]
[2026-05-22 10:44:54] SCORE PCS (yellow): Final=448.2, Time=78.2, Moves(62)=64.0, Pins(0)=0.0, Dist=306.0, Win Bonus=0.0
[2026-05-22 10:44:54] SCORE Gruppe 10 (purple): Final=773.1, Time=89.1, Moves(62)=64.0, Pins(3)=300.0, Dist=320.0, Win Bonus=0.0
[2026-05-22 10:44:54] SCORE Group 16 (lawn green): Final=997.2, Time=93.9, Moves(61)=67.4, Pins(5)=500.0, Dist=336.0, Win Bonus=0.0
[2026-05-22 10:44:54] ALL WRONG MOVES BY COLOUR: {}
[2026-05-22 10:44:54] MOVE 186: Group 16 (lawn green) 7->52 [0.01ms]
[2026-05-22 10:44:54] SCORE PCS (yellow): Final=448.2, Time=78.2, Moves(62)=64.0, Pins(0)=0.0, Dist=306.0, Win Bonus=0.0
[2026-05-22 10:44:54] SCORE Gruppe 10 (purple): Final=773.1, Time=89.1, Moves(62)=64.0, Pins(3)=300.0, Dist=320.0, Win Bonus=0.0
[2026-05-22 10:44:54] SCORE Group 16 (lawn green): Final=993.8, Time=93.8, Moves(62)=64.0, Pins(5)=500.0, Dist=336.0, Win Bonus=0.0
[2026-05-22 10:44:54] ALL WRONG MOVES BY COLOUR: {}
[2026-05-22 10:44:55] MOVE 187: PCS (yellow) 66->89 [0.01ms]
[2026-05-22 10:44:55] SCORE PCS (yellow): Final=448.5, Time=77.9, Moves(63)=60.7, Pins(0)=0.0, Dist=310.0, Win Bonus=0.0
[2026-05-22 10:44:55] SCORE Gruppe 10 (purple): Final=773.1, Time=89.1, Moves(62)=64.0, Pins(3)=300.0, Dist=320.0, Win Bonus=0.0
[2026-05-22 10:44:55] SCORE Group 16 (lawn green): Final=993.8, Time=93.8, Moves(62)=64.0, Pins(5)=500.0, Dist=336.0, Win Bonus=0.0
[2026-05-22 10:44:55] ALL WRONG MOVES BY COLOUR: {}
[2026-05-22 10:44:55] MOVE 188: Gruppe 10 (purple) 24->36 [0.00ms]
[2026-05-22 10:44:55] SCORE PCS (yellow): Final=448.5, Time=77.9, Moves(63)=60.7, Pins(0)=0.0, Dist=310.0, Win Bonus=0.0
[2026-05-22 10:44:55] SCORE Gruppe 10 (purple): Final=769.6, Time=88.9, Moves(63)=60.7, Pins(3)=300.0, Dist=320.0, Win Bonus=0.0
[2026-05-22 10:44:55] SCORE Group 16 (lawn green): Final=993.8, Time=93.8, Moves(62)=64.0, Pins(5)=500.0, Dist=336.0, Win Bonus=0.0
[2026-05-22 10:44:55] ALL WRONG MOVES BY COLOUR: {}
[2026-05-22 10:44:55] MOVE 189: Group 16 (lawn green) 52->51 [0.00ms]
[2026-05-22 10:44:55] SCORE PCS (yellow): Final=448.5, Time=77.9, Moves(63)=60.7, Pins(0)=0.0, Dist=310.0, Win Bonus=0.0
[2026-05-22 10:44:55] SCORE Gruppe 10 (purple): Final=769.6, Time=88.9, Moves(63)=60.7, Pins(3)=300.0, Dist=320.0, Win Bonus=0.0
[2026-05-22 10:44:55] SCORE Group 16 (lawn green): Final=992.3, Time=93.6, Moves(63)=60.7, Pins(5)=500.0, Dist=338.0, Win Bonus=0.0
[2026-05-22 10:44:55] ALL WRONG MOVES BY COLOUR: {}
[2026-05-22 10:44:55] MOVE 190: PCS (yellow) 104->102 [0.00ms]
[2026-05-22 10:44:55] SCORE PCS (yellow): Final=440.8, Time=77.5, Moves(64)=57.3, Pins(0)=0.0, Dist=306.0, Win Bonus=0.0
[2026-05-22 10:44:55] SCORE Gruppe 10 (purple): Final=769.6, Time=88.9, Moves(63)=60.7, Pins(3)=300.0, Dist=320.0, Win Bonus=0.0
[2026-05-22 10:44:55] SCORE Group 16 (lawn green): Final=992.3, Time=93.6, Moves(63)=60.7, Pins(5)=500.0, Dist=338.0, Win Bonus=0.0
[2026-05-22 10:44:55] ALL WRONG MOVES BY COLOUR: {}
[2026-05-22 10:44:56] MOVE 191: Gruppe 10 (purple) 36->35 [0.01ms]
[2026-05-22 10:44:56] SCORE PCS (yellow): Final=440.8, Time=77.5, Moves(64)=57.3, Pins(0)=0.0, Dist=306.0, Win Bonus=0.0
[2026-05-22 10:44:56] SCORE Gruppe 10 (purple): Final=766.0, Time=88.7, Moves(64)=57.3, Pins(3)=300.0, Dist=320.0, Win Bonus=0.0
[2026-05-22 10:44:56] SCORE Group 16 (lawn green): Final=992.3, Time=93.6, Moves(63)=60.7, Pins(5)=500.0, Dist=338.0, Win Bonus=0.0
[2026-05-22 10:44:56] ALL WRONG MOVES BY COLOUR: {}
[2026-05-22 10:44:56] MOVE 192: Group 16 (lawn green) 51->60 [0.00ms]
[2026-05-22 10:44:56] SCORE PCS (yellow): Final=440.8, Time=77.5, Moves(64)=57.3, Pins(0)=0.0, Dist=306.0, Win Bonus=0.0
[2026-05-22 10:44:56] SCORE Gruppe 10 (purple): Final=766.0, Time=88.7, Moves(64)=57.3, Pins(3)=300.0, Dist=320.0, Win Bonus=0.0
[2026-05-22 10:44:56] SCORE Group 16 (lawn green): Final=990.8, Time=93.5, Moves(64)=57.3, Pins(5)=500.0, Dist=340.0, Win Bonus=0.0
[2026-05-22 10:44:56] ALL WRONG MOVES BY COLOUR: {}
[2026-05-22 10:44:56] MOVE 193: PCS (yellow) 102->104 [0.00ms]
[2026-05-22 10:44:56] SCORE PCS (yellow): Final=441.1, Time=77.2, Moves(65)=53.9, Pins(0)=0.0, Dist=310.0, Win Bonus=0.0
[2026-05-22 10:44:56] SCORE Gruppe 10 (purple): Final=766.0, Time=88.7, Moves(64)=57.3, Pins(3)=300.0, Dist=320.0, Win Bonus=0.0
[2026-05-22 10:44:56] SCORE Group 16 (lawn green): Final=990.8, Time=93.5, Moves(64)=57.3, Pins(5)=500.0, Dist=340.0, Win Bonus=0.0
[2026-05-22 10:44:56] ALL WRONG MOVES BY COLOUR: {}
[2026-05-22 10:44:56] MOVE 194: Gruppe 10 (purple) 35->46 [0.00ms]
[2026-05-22 10:44:56] SCORE PCS (yellow): Final=441.1, Time=77.2, Moves(65)=53.9, Pins(0)=0.0, Dist=310.0, Win Bonus=0.0
[2026-05-22 10:44:56] SCORE Gruppe 10 (purple): Final=762.5, Time=88.6, Moves(65)=53.9, Pins(3)=300.0, Dist=320.0, Win Bonus=0.0
[2026-05-22 10:44:56] SCORE Group 16 (lawn green): Final=990.8, Time=93.5, Moves(64)=57.3, Pins(5)=500.0, Dist=340.0, Win Bonus=0.0
[2026-05-22 10:44:56] ALL WRONG MOVES BY COLOUR: {}
[2026-05-22 10:44:56] MOVE 195: Group 16 (lawn green) 18->9 [0.01ms]
[2026-05-22 10:44:56] SCORE PCS (yellow): Final=441.1, Time=77.2, Moves(65)=53.9, Pins(0)=0.0, Dist=310.0, Win Bonus=0.0
[2026-05-22 10:44:56] SCORE Gruppe 10 (purple): Final=762.5, Time=88.6, Moves(65)=53.9, Pins(3)=300.0, Dist=320.0, Win Bonus=0.0
[2026-05-22 10:44:56] SCORE Group 16 (lawn green): Final=987.2, Time=93.2, Moves(65)=53.9, Pins(5)=500.0, Dist=340.0, Win Bonus=0.0
[2026-05-22 10:44:56] ALL WRONG MOVES BY COLOUR: {}
[2026-05-22 10:44:57] MOVE 196: PCS (yellow) 104->102 [0.00ms]
[2026-05-22 10:44:57] SCORE PCS (yellow): Final=433.6, Time=77.0, Moves(66)=50.6, Pins(0)=0.0, Dist=306.0, Win Bonus=0.0
[2026-05-22 10:44:57] SCORE Gruppe 10 (purple): Final=762.5, Time=88.6, Moves(65)=53.9, Pins(3)=300.0, Dist=320.0, Win Bonus=0.0
[2026-05-22 10:44:57] SCORE Group 16 (lawn green): Final=987.2, Time=93.2, Moves(65)=53.9, Pins(5)=500.0, Dist=340.0, Win Bonus=0.0
[2026-05-22 10:44:57] ALL WRONG MOVES BY COLOUR: {}
[2026-05-22 10:44:57] MOVE 197: Gruppe 10 (purple) 56->35 [0.00ms]
[2026-05-22 10:44:57] SCORE PCS (yellow): Final=433.6, Time=77.0, Moves(66)=50.6, Pins(0)=0.0, Dist=306.0, Win Bonus=0.0
[2026-05-22 10:44:57] SCORE Gruppe 10 (purple): Final=861.1, Time=88.5, Moves(66)=50.6, Pins(4)=400.0, Dist=322.0, Win Bonus=0.0
[2026-05-22 10:44:57] SCORE Group 16 (lawn green): Final=987.2, Time=93.2, Moves(65)=53.9, Pins(5)=500.0, Dist=340.0, Win Bonus=0.0
[2026-05-22 10:44:57] ALL WRONG MOVES BY COLOUR: {}
[2026-05-22 10:44:57] MOVE 198: Group 16 (lawn green) 9->52 [0.00ms]
[2026-05-22 10:44:57] SCORE PCS (yellow): Final=433.6, Time=77.0, Moves(66)=50.6, Pins(0)=0.0, Dist=306.0, Win Bonus=0.0
[2026-05-22 10:44:57] SCORE Gruppe 10 (purple): Final=861.1, Time=88.5, Moves(66)=50.6, Pins(4)=400.0, Dist=322.0, Win Bonus=0.0
[2026-05-22 10:44:57] SCORE Group 16 (lawn green): Final=987.8, Time=93.1, Moves(66)=50.6, Pins(5)=500.0, Dist=344.0, Win Bonus=0.0
[2026-05-22 10:44:57] ALL WRONG MOVES BY COLOUR: {}
[2026-05-22 10:44:57] MOVE 199: PCS (yellow) 102->104 [0.00ms]
[2026-05-22 10:44:57] SCORE PCS (yellow): Final=433.9, Time=76.6, Moves(67)=47.4, Pins(0)=0.0, Dist=310.0, Win Bonus=0.0
[2026-05-22 10:44:57] SCORE Gruppe 10 (purple): Final=861.1, Time=88.5, Moves(66)=50.6, Pins(4)=400.0, Dist=322.0, Win Bonus=0.0
[2026-05-22 10:44:57] SCORE Group 16 (lawn green): Final=987.8, Time=93.1, Moves(66)=50.6, Pins(5)=500.0, Dist=344.0, Win Bonus=0.0
[2026-05-22 10:44:57] ALL WRONG MOVES BY COLOUR: {}
[2026-05-22 10:44:57] MOVE 200: Gruppe 10 (purple) 35->23 [0.01ms]
[2026-05-22 10:44:57] SCORE PCS (yellow): Final=433.9, Time=76.6, Moves(67)=47.4, Pins(0)=0.0, Dist=310.0, Win Bonus=0.0
[2026-05-22 10:44:57] SCORE Gruppe 10 (purple): Final=857.7, Time=88.3, Moves(67)=47.4, Pins(4)=400.0, Dist=322.0, Win Bonus=0.0
[2026-05-22 10:44:57] SCORE Group 16 (lawn green): Final=987.8, Time=93.1, Moves(66)=50.6, Pins(5)=500.0, Dist=344.0, Win Bonus=0.0
[2026-05-22 10:44:57] ALL WRONG MOVES BY COLOUR: {}
[2026-05-22 10:44:58] MOVE 201: Group 16 (lawn green) 52->51 [0.01ms]
[2026-05-22 10:44:58] SCORE PCS (yellow): Final=433.9, Time=76.6, Moves(67)=47.4, Pins(0)=0.0, Dist=310.0, Win Bonus=0.0
[2026-05-22 10:44:58] SCORE Gruppe 10 (purple): Final=857.7, Time=88.3, Moves(67)=47.4, Pins(4)=400.0, Dist=322.0, Win Bonus=0.0
[2026-05-22 10:44:58] SCORE Group 16 (lawn green): Final=986.4, Time=93.0, Moves(67)=47.4, Pins(5)=500.0, Dist=346.0, Win Bonus=0.0
[2026-05-22 10:44:58] ALL WRONG MOVES BY COLOUR: {}
[2026-05-22 10:44:58] MOVE 202: PCS (yellow) 104->102 [0.01ms]
[2026-05-22 10:44:58] SCORE PCS (yellow): Final=426.5, Time=76.3, Moves(68)=44.2, Pins(0)=0.0, Dist=306.0, Win Bonus=0.0
[2026-05-22 10:44:58] SCORE Gruppe 10 (purple): Final=857.7, Time=88.3, Moves(67)=47.4, Pins(4)=400.0, Dist=322.0, Win Bonus=0.0
[2026-05-22 10:44:58] SCORE Group 16 (lawn green): Final=986.4, Time=93.0, Moves(67)=47.4, Pins(5)=500.0, Dist=346.0, Win Bonus=0.0
[2026-05-22 10:44:58] ALL WRONG MOVES BY COLOUR: {}
[2026-05-22 10:44:58] MOVE 203: Gruppe 10 (purple) 23->11 [0.00ms]
[2026-05-22 10:44:58] SCORE PCS (yellow): Final=426.5, Time=76.3, Moves(68)=44.2, Pins(0)=0.0, Dist=306.0, Win Bonus=0.0
[2026-05-22 10:44:58] SCORE Gruppe 10 (purple): Final=854.3, Time=88.1, Moves(68)=44.2, Pins(4)=400.0, Dist=322.0, Win Bonus=0.0
[2026-05-22 10:44:58] SCORE Group 16 (lawn green): Final=986.4, Time=93.0, Moves(67)=47.4, Pins(5)=500.0, Dist=346.0, Win Bonus=0.0
[2026-05-22 10:44:58] ALL WRONG MOVES BY COLOUR: {}
[2026-05-22 10:44:58] MOVE 204: Group 16 (lawn green) 60->59 [0.00ms]
[2026-05-22 10:44:58] SCORE PCS (yellow): Final=426.5, Time=76.3, Moves(68)=44.2, Pins(0)=0.0, Dist=306.0, Win Bonus=0.0
[2026-05-22 10:44:58] SCORE Gruppe 10 (purple): Final=854.3, Time=88.1, Moves(68)=44.2, Pins(4)=400.0, Dist=322.0, Win Bonus=0.0
[2026-05-22 10:44:58] SCORE Group 16 (lawn green): Final=985.1, Time=92.9, Moves(68)=44.2, Pins(5)=500.0, Dist=348.0, Win Bonus=0.0
[2026-05-22 10:44:58] ALL WRONG MOVES BY COLOUR: {}
[2026-05-22 10:44:58] MOVE 205: PCS (yellow) 102->104 [0.00ms]
[2026-05-22 10:44:58] SCORE PCS (yellow): Final=427.1, Time=76.0, Moves(69)=41.1, Pins(0)=0.0, Dist=310.0, Win Bonus=0.0
[2026-05-22 10:44:58] SCORE Gruppe 10 (purple): Final=854.3, Time=88.1, Moves(68)=44.2, Pins(4)=400.0, Dist=322.0, Win Bonus=0.0
[2026-05-22 10:44:58] SCORE Group 16 (lawn green): Final=985.1, Time=92.9, Moves(68)=44.2, Pins(5)=500.0, Dist=348.0, Win Bonus=0.0
[2026-05-22 10:44:58] ALL WRONG MOVES BY COLOUR: {}
[2026-05-22 10:44:59] MOVE 206: Gruppe 10 (purple) 41->37 [0.00ms]
[2026-05-22 10:44:59] SCORE PCS (yellow): Final=427.1, Time=76.0, Moves(69)=41.1, Pins(0)=0.0, Dist=310.0, Win Bonus=0.0
[2026-05-22 10:44:59] SCORE Gruppe 10 (purple): Final=859.1, Time=88.0, Moves(69)=41.1, Pins(4)=400.0, Dist=330.0, Win Bonus=0.0
[2026-05-22 10:44:59] SCORE Group 16 (lawn green): Final=985.1, Time=92.9, Moves(68)=44.2, Pins(5)=500.0, Dist=348.0, Win Bonus=0.0
[2026-05-22 10:44:59] ALL WRONG MOVES BY COLOUR: {}
[2026-05-22 10:44:59] MOVE 207: Group 16 (lawn green) 59->68 [0.00ms]
[2026-05-22 10:44:59] SCORE PCS (yellow): Final=427.1, Time=76.0, Moves(69)=41.1, Pins(0)=0.0, Dist=310.0, Win Bonus=0.0
[2026-05-22 10:44:59] SCORE Gruppe 10 (purple): Final=859.1, Time=88.0, Moves(69)=41.1, Pins(4)=400.0, Dist=330.0, Win Bonus=0.0
[2026-05-22 10:44:59] SCORE Group 16 (lawn green): Final=983.9, Time=92.8, Moves(69)=41.1, Pins(5)=500.0, Dist=350.0, Win Bonus=0.0
[2026-05-22 10:44:59] ALL WRONG MOVES BY COLOUR: {}
[2026-05-22 10:44:59] MOVE 208: PCS (yellow) 104->102 [0.00ms]
[2026-05-22 10:44:59] SCORE PCS (yellow): Final=419.7, Time=75.6, Moves(70)=38.1, Pins(0)=0.0, Dist=306.0, Win Bonus=0.0
[2026-05-22 10:44:59] SCORE Gruppe 10 (purple): Final=859.1, Time=88.0, Moves(69)=41.1, Pins(4)=400.0, Dist=330.0, Win Bonus=0.0
[2026-05-22 10:44:59] SCORE Group 16 (lawn green): Final=983.9, Time=92.8, Moves(69)=41.1, Pins(5)=500.0, Dist=350.0, Win Bonus=0.0
[2026-05-22 10:44:59] ALL WRONG MOVES BY COLOUR: {}
[2026-05-22 10:44:59] MOVE 209: Gruppe 10 (purple) 37->25 [0.00ms]
[2026-05-22 10:44:59] SCORE PCS (yellow): Final=419.7, Time=75.6, Moves(70)=38.1, Pins(0)=0.0, Dist=306.0, Win Bonus=0.0
[2026-05-22 10:44:59] SCORE Gruppe 10 (purple): Final=958.0, Time=87.9, Moves(70)=38.1, Pins(5)=500.0, Dist=332.0, Win Bonus=0.0
[2026-05-22 10:44:59] SCORE Group 16 (lawn green): Final=983.9, Time=92.8, Moves(69)=41.1, Pins(5)=500.0, Dist=350.0, Win Bonus=0.0
[2026-05-22 10:44:59] ALL WRONG MOVES BY COLOUR: {}
[2026-05-22 10:44:59] MOVE 210: Group 16 (lawn green) 68->67 [0.00ms]
[2026-05-22 10:44:59] SCORE PCS (yellow): Final=419.7, Time=75.6, Moves(70)=38.1, Pins(0)=0.0, Dist=306.0, Win Bonus=0.0
[2026-05-22 10:44:59] SCORE Gruppe 10 (purple): Final=958.0, Time=87.9, Moves(70)=38.1, Pins(5)=500.0, Dist=332.0, Win Bonus=0.0
[2026-05-22 10:44:59] SCORE Group 16 (lawn green): Final=982.8, Time=92.7, Moves(70)=38.1, Pins(5)=500.0, Dist=352.0, Win Bonus=0.0
[2026-05-22 10:44:59] ALL WRONG MOVES BY COLOUR: {}
[2026-05-22 10:45:00] MOVE 211: PCS (yellow) 102->104 [0.00ms]
[2026-05-22 10:45:00] SCORE PCS (yellow): Final=420.4, Time=75.2, Moves(71)=35.2, Pins(0)=0.0, Dist=310.0, Win Bonus=0.0
[2026-05-22 10:45:00] SCORE Gruppe 10 (purple): Final=958.0, Time=87.9, Moves(70)=38.1, Pins(5)=500.0, Dist=332.0, Win Bonus=0.0
[2026-05-22 10:45:00] SCORE Group 16 (lawn green): Final=982.8, Time=92.7, Moves(70)=38.1, Pins(5)=500.0, Dist=352.0, Win Bonus=0.0
[2026-05-22 10:45:00] ALL WRONG MOVES BY COLOUR: {}
[2026-05-22 10:45:00] MOVE 212: Gruppe 10 (purple) 80->92 [0.00ms]
[2026-05-22 10:45:00] SCORE PCS (yellow): Final=420.4, Time=75.2, Moves(71)=35.2, Pins(0)=0.0, Dist=310.0, Win Bonus=0.0
[2026-05-22 10:45:00] SCORE Gruppe 10 (purple): Final=953.0, Time=87.7, Moves(71)=35.2, Pins(5)=500.0, Dist=330.0, Win Bonus=0.0
[2026-05-22 10:45:00] SCORE Group 16 (lawn green): Final=982.8, Time=92.7, Moves(70)=38.1, Pins(5)=500.0, Dist=352.0, Win Bonus=0.0
[2026-05-22 10:45:00] ALL WRONG MOVES BY COLOUR: {}
[2026-05-22 10:45:00] MOVE 213: Group 16 (lawn green) 67->66 [0.00ms]
[2026-05-22 10:45:00] SCORE PCS (yellow): Final=420.4, Time=75.2, Moves(71)=35.2, Pins(0)=0.0, Dist=310.0, Win Bonus=0.0
[2026-05-22 10:45:00] SCORE Gruppe 10 (purple): Final=953.0, Time=87.7, Moves(71)=35.2, Pins(5)=500.0, Dist=330.0, Win Bonus=0.0
[2026-05-22 10:45:00] SCORE Group 16 (lawn green): Final=981.8, Time=92.6, Moves(71)=35.2, Pins(5)=500.0, Dist=354.0, Win Bonus=0.0
[2026-05-22 10:45:00] ALL WRONG MOVES BY COLOUR: {}
[2026-05-22 10:45:00] MOVE 214: PCS (yellow) 104->102 [0.00ms]
[2026-05-22 10:45:00] SCORE PCS (yellow): Final=413.3, Time=74.9, Moves(72)=32.5, Pins(0)=0.0, Dist=306.0, Win Bonus=0.0
[2026-05-22 10:45:00] SCORE Gruppe 10 (purple): Final=953.0, Time=87.7, Moves(71)=35.2, Pins(5)=500.0, Dist=330.0, Win Bonus=0.0
[2026-05-22 10:45:00] SCORE Group 16 (lawn green): Final=981.8, Time=92.6, Moves(71)=35.2, Pins(5)=500.0, Dist=354.0, Win Bonus=0.0
[2026-05-22 10:45:00] ALL WRONG MOVES BY COLOUR: {}
[2026-05-22 10:45:00] MOVE 215: Gruppe 10 (purple) 92->91 [0.00ms]
[2026-05-22 10:45:00] SCORE PCS (yellow): Final=413.3, Time=74.9, Moves(72)=32.5, Pins(0)=0.0, Dist=306.0, Win Bonus=0.0
[2026-05-22 10:45:00] SCORE Gruppe 10 (purple): Final=952.1, Time=87.6, Moves(72)=32.5, Pins(5)=500.0, Dist=332.0, Win Bonus=0.0
[2026-05-22 10:45:00] SCORE Group 16 (lawn green): Final=981.8, Time=92.6, Moves(71)=35.2, Pins(5)=500.0, Dist=354.0, Win Bonus=0.0
[2026-05-22 10:45:00] ALL WRONG MOVES BY COLOUR: {}
[2026-05-22 10:45:00] MOVE 216: Group 16 (lawn green) 51->60 [0.00ms]
[2026-05-22 10:45:00] SCORE PCS (yellow): Final=413.3, Time=74.9, Moves(72)=32.5, Pins(0)=0.0, Dist=306.0, Win Bonus=0.0
[2026-05-22 10:45:00] SCORE Gruppe 10 (purple): Final=952.1, Time=87.6, Moves(72)=32.5, Pins(5)=500.0, Dist=332.0, Win Bonus=0.0
[2026-05-22 10:45:00] SCORE Group 16 (lawn green): Final=981.0, Time=92.5, Moves(72)=32.5, Pins(5)=500.0, Dist=356.0, Win Bonus=0.0
[2026-05-22 10:45:00] ALL WRONG MOVES BY COLOUR: {}
[2026-05-22 10:45:01] MOVE 217: PCS (yellow) 102->104 [0.00ms]
[2026-05-22 10:45:01] SCORE PCS (yellow): Final=414.2, Time=74.4, Moves(73)=29.8, Pins(0)=0.0, Dist=310.0, Win Bonus=0.0
[2026-05-22 10:45:01] SCORE Gruppe 10 (purple): Final=952.1, Time=87.6, Moves(72)=32.5, Pins(5)=500.0, Dist=332.0, Win Bonus=0.0
[2026-05-22 10:45:01] SCORE Group 16 (lawn green): Final=981.0, Time=92.5, Moves(72)=32.5, Pins(5)=500.0, Dist=356.0, Win Bonus=0.0
[2026-05-22 10:45:01] ALL WRONG MOVES BY COLOUR: {}
[2026-05-22 10:45:01] MOVE 218: Gruppe 10 (purple) 25->36 [0.00ms]
[2026-05-22 10:45:01] SCORE PCS (yellow): Final=414.2, Time=74.4, Moves(73)=29.8, Pins(0)=0.0, Dist=310.0, Win Bonus=0.0
[2026-05-22 10:45:01] SCORE Gruppe 10 (purple): Final=949.3, Time=87.5, Moves(73)=29.8, Pins(5)=500.0, Dist=332.0, Win Bonus=0.0
[2026-05-22 10:45:01] SCORE Group 16 (lawn green): Final=981.0, Time=92.5, Moves(72)=32.5, Pins(5)=500.0, Dist=356.0, Win Bonus=0.0
[2026-05-22 10:45:01] ALL WRONG MOVES BY COLOUR: {}
[2026-05-22 10:45:01] MOVE 219: Group 16 (lawn green) 60->59 [0.00ms]
[2026-05-22 10:45:01] SCORE PCS (yellow): Final=414.2, Time=74.4, Moves(73)=29.8, Pins(0)=0.0, Dist=310.0, Win Bonus=0.0
[2026-05-22 10:45:01] SCORE Gruppe 10 (purple): Final=949.3, Time=87.5, Moves(73)=29.8, Pins(5)=500.0, Dist=332.0, Win Bonus=0.0
[2026-05-22 10:45:01] SCORE Group 16 (lawn green): Final=980.2, Time=92.4, Moves(73)=29.8, Pins(5)=500.0, Dist=358.0, Win Bonus=0.0
[2026-05-22 10:45:01] ALL WRONG MOVES BY COLOUR: {}
[2026-05-22 10:45:02] MOVE 220: PCS (yellow) 104->102 [0.00ms]
[2026-05-22 10:45:02] SCORE PCS (yellow): Final=407.4, Time=74.1, Moves(74)=27.3, Pins(0)=0.0, Dist=306.0, Win Bonus=0.0
[2026-05-22 10:45:02] SCORE Gruppe 10 (purple): Final=949.3, Time=87.5, Moves(73)=29.8, Pins(5)=500.0, Dist=332.0, Win Bonus=0.0
[2026-05-22 10:45:02] SCORE Group 16 (lawn green): Final=980.2, Time=92.4, Moves(73)=29.8, Pins(5)=500.0, Dist=358.0, Win Bonus=0.0
[2026-05-22 10:45:02] ALL WRONG MOVES BY COLOUR: {}
[2026-05-22 10:45:02] MOVE 221: Gruppe 10 (purple) 46->25 [0.00ms]
[2026-05-22 10:45:02] SCORE PCS (yellow): Final=407.4, Time=74.1, Moves(74)=27.3, Pins(0)=0.0, Dist=306.0, Win Bonus=0.0
[2026-05-22 10:45:02] SCORE Gruppe 10 (purple): Final=946.7, Time=87.4, Moves(74)=27.3, Pins(5)=500.0, Dist=332.0, Win Bonus=0.0
[2026-05-22 10:45:02] SCORE Group 16 (lawn green): Final=980.2, Time=92.4, Moves(73)=29.8, Pins(5)=500.0, Dist=358.0, Win Bonus=0.0
[2026-05-22 10:45:02] ALL WRONG MOVES BY COLOUR: {}
[2026-05-22 10:45:02] MOVE 222: Group 16 (lawn green) 59->68 [0.00ms]
[2026-05-22 10:45:02] SCORE PCS (yellow): Final=407.4, Time=74.1, Moves(74)=27.3, Pins(0)=0.0, Dist=306.0, Win Bonus=0.0
[2026-05-22 10:45:02] SCORE Gruppe 10 (purple): Final=946.7, Time=87.4, Moves(74)=27.3, Pins(5)=500.0, Dist=332.0, Win Bonus=0.0
[2026-05-22 10:45:02] SCORE Group 16 (lawn green): Final=979.6, Time=92.3, Moves(74)=27.3, Pins(5)=500.0, Dist=360.0, Win Bonus=0.0
[2026-05-22 10:45:02] ALL WRONG MOVES BY COLOUR: {}
[2026-05-22 10:45:02] MOVE 223: PCS (yellow) 102->104 [0.00ms]
[2026-05-22 10:45:02] SCORE PCS (yellow): Final=408.6, Time=73.7, Moves(75)=24.9, Pins(0)=0.0, Dist=310.0, Win Bonus=0.0
[2026-05-22 10:45:02] SCORE Gruppe 10 (purple): Final=946.7, Time=87.4, Moves(74)=27.3, Pins(5)=500.0, Dist=332.0, Win Bonus=0.0
[2026-05-22 10:45:02] SCORE Group 16 (lawn green): Final=979.6, Time=92.3, Moves(74)=27.3, Pins(5)=500.0, Dist=360.0, Win Bonus=0.0
[2026-05-22 10:45:02] ALL WRONG MOVES BY COLOUR: {}
[2026-05-22 10:45:02] MOVE 224: Gruppe 10 (purple) 25->24 [0.00ms]
[2026-05-22 10:45:02] SCORE PCS (yellow): Final=408.6, Time=73.7, Moves(75)=24.9, Pins(0)=0.0, Dist=310.0, Win Bonus=0.0
[2026-05-22 10:45:02] SCORE Gruppe 10 (purple): Final=944.1, Time=87.2, Moves(75)=24.9, Pins(5)=500.0, Dist=332.0, Win Bonus=0.0
[2026-05-22 10:45:02] SCORE Group 16 (lawn green): Final=979.6, Time=92.3, Moves(74)=27.3, Pins(5)=500.0, Dist=360.0, Win Bonus=0.0
[2026-05-22 10:45:02] ALL WRONG MOVES BY COLOUR: {}
[2026-05-22 10:45:02] MOVE 225: Group 16 (lawn green) 66->87 [0.01ms]
[2026-05-22 10:45:02] SCORE PCS (yellow): Final=408.6, Time=73.7, Moves(75)=24.9, Pins(0)=0.0, Dist=310.0, Win Bonus=0.0
[2026-05-22 10:45:02] SCORE Gruppe 10 (purple): Final=944.1, Time=87.2, Moves(75)=24.9, Pins(5)=500.0, Dist=332.0, Win Bonus=0.0
[2026-05-22 10:45:02] SCORE Group 16 (lawn green): Final=1079.1, Time=92.2, Moves(75)=24.9, Pins(6)=600.0, Dist=362.0, Win Bonus=0.0
[2026-05-22 10:45:02] ALL WRONG MOVES BY COLOUR: {}
[2026-05-22 10:45:03] MOVE 226: PCS (yellow) 104->102 [0.01ms]
[2026-05-22 10:45:03] SCORE PCS (yellow): Final=401.8, Time=73.1, Moves(76)=22.7, Pins(0)=0.0, Dist=306.0, Win Bonus=0.0
[2026-05-22 10:45:03] SCORE Gruppe 10 (purple): Final=944.1, Time=87.2, Moves(75)=24.9, Pins(5)=500.0, Dist=332.0, Win Bonus=0.0
[2026-05-22 10:45:03] SCORE Group 16 (lawn green): Final=1079.1, Time=92.2, Moves(75)=24.9, Pins(6)=600.0, Dist=362.0, Win Bonus=0.0
[2026-05-22 10:45:03] ALL WRONG MOVES BY COLOUR: {}
[2026-05-22 10:45:03] MOVE 227: Gruppe 10 (purple) 36->46 [0.00ms]
[2026-05-22 10:45:03] SCORE PCS (yellow): Final=401.8, Time=73.1, Moves(76)=22.7, Pins(0)=0.0, Dist=306.0, Win Bonus=0.0
[2026-05-22 10:45:03] SCORE Gruppe 10 (purple): Final=941.8, Time=87.1, Moves(76)=22.7, Pins(5)=500.0, Dist=332.0, Win Bonus=0.0
[2026-05-22 10:45:03] SCORE Group 16 (lawn green): Final=1079.1, Time=92.2, Moves(75)=24.9, Pins(6)=600.0, Dist=362.0, Win Bonus=0.0
[2026-05-22 10:45:03] ALL WRONG MOVES BY COLOUR: {}
[2026-05-22 10:45:03] MOVE 228: Group 16 (lawn green) 68->67 [0.00ms]
[2026-05-22 10:45:03] SCORE PCS (yellow): Final=401.8, Time=73.1, Moves(76)=22.7, Pins(0)=0.0, Dist=306.0, Win Bonus=0.0
[2026-05-22 10:45:03] SCORE Gruppe 10 (purple): Final=941.8, Time=87.1, Moves(76)=22.7, Pins(5)=500.0, Dist=332.0, Win Bonus=0.0
[2026-05-22 10:45:03] SCORE Group 16 (lawn green): Final=1078.7, Time=92.0, Moves(76)=22.7, Pins(6)=600.0, Dist=364.0, Win Bonus=0.0
[2026-05-22 10:45:03] ALL WRONG MOVES BY COLOUR: {}
[2026-05-22 10:45:04] MOVE 229: PCS (yellow) 102->104 [0.00ms]
[2026-05-22 10:45:04] SCORE PCS (yellow): Final=403.4, Time=72.8, Moves(77)=20.6, Pins(0)=0.0, Dist=310.0, Win Bonus=0.0
[2026-05-22 10:45:04] SCORE Gruppe 10 (purple): Final=941.8, Time=87.1, Moves(76)=22.7, Pins(5)=500.0, Dist=332.0, Win Bonus=0.0
[2026-05-22 10:45:04] SCORE Group 16 (lawn green): Final=1078.7, Time=92.0, Moves(76)=22.7, Pins(6)=600.0, Dist=364.0, Win Bonus=0.0
[2026-05-22 10:45:04] ALL WRONG MOVES BY COLOUR: {}
[2026-05-22 10:45:04] MOVE 230: Gruppe 10 (purple) 24->36 [0.00ms]
[2026-05-22 10:45:04] SCORE PCS (yellow): Final=403.4, Time=72.8, Moves(77)=20.6, Pins(0)=0.0, Dist=310.0, Win Bonus=0.0
[2026-05-22 10:45:04] SCORE Gruppe 10 (purple): Final=939.5, Time=87.0, Moves(77)=20.6, Pins(5)=500.0, Dist=332.0, Win Bonus=0.0
[2026-05-22 10:45:04] SCORE Group 16 (lawn green): Final=1078.7, Time=92.0, Moves(76)=22.7, Pins(6)=600.0, Dist=364.0, Win Bonus=0.0
[2026-05-22 10:45:04] ALL WRONG MOVES BY COLOUR: {}
[2026-05-22 10:45:04] MOVE 231: Group 16 (lawn green) 17->8 [0.00ms]
[2026-05-22 10:45:04] SCORE PCS (yellow): Final=403.4, Time=72.8, Moves(77)=20.6, Pins(0)=0.0, Dist=310.0, Win Bonus=0.0
[2026-05-22 10:45:04] SCORE Gruppe 10 (purple): Final=939.5, Time=87.0, Moves(77)=20.6, Pins(5)=500.0, Dist=332.0, Win Bonus=0.0
[2026-05-22 10:45:04] SCORE Group 16 (lawn green): Final=1076.6, Time=92.0, Moves(77)=20.6, Pins(6)=600.0, Dist=364.0, Win Bonus=0.0
[2026-05-22 10:45:04] ALL WRONG MOVES BY COLOUR: {}
[2026-05-22 10:45:04] MOVE 232: PCS (yellow) 104->102 [0.00ms]
[2026-05-22 10:45:04] SCORE PCS (yellow): Final=397.0, Time=72.4, Moves(78)=18.6, Pins(0)=0.0, Dist=306.0, Win Bonus=0.0
[2026-05-22 10:45:04] SCORE Gruppe 10 (purple): Final=939.5, Time=87.0, Moves(77)=20.6, Pins(5)=500.0, Dist=332.0, Win Bonus=0.0
[2026-05-22 10:45:04] SCORE Group 16 (lawn green): Final=1076.6, Time=92.0, Moves(77)=20.6, Pins(6)=600.0, Dist=364.0, Win Bonus=0.0
[2026-05-22 10:45:04] ALL WRONG MOVES BY COLOUR: {}
[2026-05-22 10:45:04] MOVE 233: Gruppe 10 (purple) 36->35 [0.00ms]
[2026-05-22 10:45:04] SCORE PCS (yellow): Final=397.0, Time=72.4, Moves(78)=18.6, Pins(0)=0.0, Dist=306.0, Win Bonus=0.0
[2026-05-22 10:45:04] SCORE Gruppe 10 (purple): Final=937.5, Time=86.9, Moves(78)=18.6, Pins(5)=500.0, Dist=332.0, Win Bonus=0.0
[2026-05-22 10:45:04] SCORE Group 16 (lawn green): Final=1076.6, Time=92.0, Moves(77)=20.6, Pins(6)=600.0, Dist=364.0, Win Bonus=0.0
[2026-05-22 10:45:04] ALL WRONG MOVES BY COLOUR: {}
[2026-05-22 10:45:04] MOVE 234: Group 16 (lawn green) 8->5 [0.00ms]
[2026-05-22 10:45:04] SCORE PCS (yellow): Final=397.0, Time=72.4, Moves(78)=18.6, Pins(0)=0.0, Dist=306.0, Win Bonus=0.0
[2026-05-22 10:45:04] SCORE Gruppe 10 (purple): Final=937.5, Time=86.9, Moves(78)=18.6, Pins(5)=500.0, Dist=332.0, Win Bonus=0.0
[2026-05-22 10:45:04] SCORE Group 16 (lawn green): Final=1072.5, Time=91.9, Moves(78)=18.6, Pins(6)=600.0, Dist=362.0, Win Bonus=0.0
[2026-05-22 10:45:04] ALL WRONG MOVES BY COLOUR: {}
[2026-05-22 10:45:05] MOVE 235: PCS (yellow) 102->104 [0.00ms]
[2026-05-22 10:45:05] SCORE PCS (yellow): Final=398.7, Time=71.9, Moves(79)=16.8, Pins(0)=0.0, Dist=310.0, Win Bonus=0.0
[2026-05-22 10:45:05] SCORE Gruppe 10 (purple): Final=937.5, Time=86.9, Moves(78)=18.6, Pins(5)=500.0, Dist=332.0, Win Bonus=0.0
[2026-05-22 10:45:05] SCORE Group 16 (lawn green): Final=1072.5, Time=91.9, Moves(78)=18.6, Pins(6)=600.0, Dist=362.0, Win Bonus=0.0
[2026-05-22 10:45:05] ALL WRONG MOVES BY COLOUR: {}
[2026-05-22 10:45:05] MOVE 236: Gruppe 10 (purple) 46->23 [0.00ms]
[2026-05-22 10:45:05] SCORE PCS (yellow): Final=398.7, Time=71.9, Moves(79)=16.8, Pins(0)=0.0, Dist=310.0, Win Bonus=0.0
[2026-05-22 10:45:05] SCORE Gruppe 10 (purple): Final=935.5, Time=86.7, Moves(79)=16.8, Pins(5)=500.0, Dist=332.0, Win Bonus=0.0
[2026-05-22 10:45:05] SCORE Group 16 (lawn green): Final=1072.5, Time=91.9, Moves(78)=18.6, Pins(6)=600.0, Dist=362.0, Win Bonus=0.0
[2026-05-22 10:45:05] ALL WRONG MOVES BY COLOUR: {}
[2026-05-22 10:45:05] MOVE 237: Group 16 (lawn green) 67->66 [0.00ms]
[2026-05-22 10:45:05] SCORE PCS (yellow): Final=398.7, Time=71.9, Moves(79)=16.8, Pins(0)=0.0, Dist=310.0, Win Bonus=0.0
[2026-05-22 10:45:05] SCORE Gruppe 10 (purple): Final=935.5, Time=86.7, Moves(79)=16.8, Pins(5)=500.0, Dist=332.0, Win Bonus=0.0
[2026-05-22 10:45:05] SCORE Group 16 (lawn green): Final=1072.6, Time=91.8, Moves(79)=16.8, Pins(6)=600.0, Dist=364.0, Win Bonus=0.0
[2026-05-22 10:45:05] ALL WRONG MOVES BY COLOUR: {}
[2026-05-22 10:45:05] MOVE 238: PCS (yellow) 104->102 [0.01ms]
[2026-05-22 10:45:05] SCORE PCS (yellow): Final=392.7, Time=71.6, Moves(80)=15.1, Pins(0)=0.0, Dist=306.0, Win Bonus=0.0
[2026-05-22 10:45:05] SCORE Gruppe 10 (purple): Final=935.5, Time=86.7, Moves(79)=16.8, Pins(5)=500.0, Dist=332.0, Win Bonus=0.0
[2026-05-22 10:45:05] SCORE Group 16 (lawn green): Final=1072.6, Time=91.8, Moves(79)=16.8, Pins(6)=600.0, Dist=364.0, Win Bonus=0.0
[2026-05-22 10:45:05] ALL WRONG MOVES BY COLOUR: {}
[2026-05-22 10:45:06] MOVE 239: Gruppe 10 (purple) 35->46 [0.00ms]
[2026-05-22 10:45:06] SCORE PCS (yellow): Final=392.7, Time=71.6, Moves(80)=15.1, Pins(0)=0.0, Dist=306.0, Win Bonus=0.0
[2026-05-22 10:45:06] SCORE Gruppe 10 (purple): Final=933.7, Time=86.6, Moves(80)=15.1, Pins(5)=500.0, Dist=332.0, Win Bonus=0.0
[2026-05-22 10:45:06] SCORE Group 16 (lawn green): Final=1072.6, Time=91.8, Moves(79)=16.8, Pins(6)=600.0, Dist=364.0, Win Bonus=0.0
[2026-05-22 10:45:06] ALL WRONG MOVES BY COLOUR: {}
[2026-05-22 10:45:06] MOVE 240: Group 16 (lawn green) 66->56 [0.00ms]
[2026-05-22 10:45:06] SCORE PCS (yellow): Final=392.7, Time=71.6, Moves(80)=15.1, Pins(0)=0.0, Dist=306.0, Win Bonus=0.0
[2026-05-22 10:45:06] SCORE Gruppe 10 (purple): Final=933.7, Time=86.6, Moves(80)=15.1, Pins(5)=500.0, Dist=332.0, Win Bonus=0.0
[2026-05-22 10:45:06] SCORE Group 16 (lawn green): Final=1070.8, Time=91.7, Moves(80)=15.1, Pins(6)=600.0, Dist=364.0, Win Bonus=0.0
[2026-05-22 10:45:06] ALL WRONG MOVES BY COLOUR: {}
[2026-05-22 10:45:06] MOVE 241: PCS (yellow) 102->104 [0.00ms]
[2026-05-22 10:45:06] SCORE PCS (yellow): Final=394.7, Time=71.1, Moves(81)=13.5, Pins(0)=0.0, Dist=310.0, Win Bonus=0.0
[2026-05-22 10:45:06] SCORE Gruppe 10 (purple): Final=933.7, Time=86.6, Moves(80)=15.1, Pins(5)=500.0, Dist=332.0, Win Bonus=0.0
[2026-05-22 10:45:06] SCORE Group 16 (lawn green): Final=1070.8, Time=91.7, Moves(80)=15.1, Pins(6)=600.0, Dist=364.0, Win Bonus=0.0
[2026-05-22 10:45:06] ALL WRONG MOVES BY COLOUR: {}
[2026-05-22 10:45:06] MOVE 242: Gruppe 10 (purple) 10->35 [0.00ms]
[2026-05-22 10:45:06] SCORE PCS (yellow): Final=394.7, Time=71.1, Moves(81)=13.5, Pins(0)=0.0, Dist=310.0, Win Bonus=0.0
[2026-05-22 10:45:06] SCORE Gruppe 10 (purple): Final=932.1, Time=86.5, Moves(81)=13.5, Pins(5)=500.0, Dist=332.0, Win Bonus=0.0
[2026-05-22 10:45:06] SCORE Group 16 (lawn green): Final=1070.8, Time=91.7, Moves(80)=15.1, Pins(6)=600.0, Dist=364.0, Win Bonus=0.0
[2026-05-22 10:45:06] ALL WRONG MOVES BY COLOUR: {}
[2026-05-22 10:45:06] MOVE 243: Group 16 (lawn green) 56->75 [0.00ms]
[2026-05-22 10:45:06] SCORE PCS (yellow): Final=394.7, Time=71.1, Moves(81)=13.5, Pins(0)=0.0, Dist=310.0, Win Bonus=0.0
[2026-05-22 10:45:06] SCORE Gruppe 10 (purple): Final=932.1, Time=86.5, Moves(81)=13.5, Pins(5)=500.0, Dist=332.0, Win Bonus=0.0
[2026-05-22 10:45:06] SCORE Group 16 (lawn green): Final=1171.2, Time=91.6, Moves(81)=13.5, Pins(7)=700.0, Dist=366.0, Win Bonus=0.0
[2026-05-22 10:45:06] ALL WRONG MOVES BY COLOUR: {}
[2026-05-22 10:45:07] MOVE 244: PCS (yellow) 104->102 [0.00ms]
[2026-05-22 10:45:07] SCORE PCS (yellow): Final=388.8, Time=70.7, Moves(82)=12.1, Pins(0)=0.0, Dist=306.0, Win Bonus=0.0
[2026-05-22 10:45:07] SCORE Gruppe 10 (purple): Final=932.1, Time=86.5, Moves(81)=13.5, Pins(5)=500.0, Dist=332.0, Win Bonus=0.0
[2026-05-22 10:45:07] SCORE Group 16 (lawn green): Final=1171.2, Time=91.6, Moves(81)=13.5, Pins(7)=700.0, Dist=366.0, Win Bonus=0.0
[2026-05-22 10:45:07] ALL WRONG MOVES BY COLOUR: {}
[2026-05-22 10:45:07] MOVE 245: Gruppe 10 (purple) 35->36 [0.00ms]
[2026-05-22 10:45:07] SCORE PCS (yellow): Final=388.8, Time=70.7, Moves(82)=12.1, Pins(0)=0.0, Dist=306.0, Win Bonus=0.0
[2026-05-22 10:45:07] SCORE Gruppe 10 (purple): Final=930.5, Time=86.4, Moves(82)=12.1, Pins(5)=500.0, Dist=332.0, Win Bonus=0.0
[2026-05-22 10:45:07] SCORE Group 16 (lawn green): Final=1171.2, Time=91.6, Moves(81)=13.5, Pins(7)=700.0, Dist=366.0, Win Bonus=0.0
[2026-05-22 10:45:07] ALL WRONG MOVES BY COLOUR: {}
[2026-05-22 10:45:07] MOVE 246: Group 16 (lawn green) 5->2 [0.00ms]
[2026-05-22 10:45:07] SCORE PCS (yellow): Final=388.8, Time=70.7, Moves(82)=12.1, Pins(0)=0.0, Dist=306.0, Win Bonus=0.0
[2026-05-22 10:45:07] SCORE Gruppe 10 (purple): Final=930.5, Time=86.4, Moves(82)=12.1, Pins(5)=500.0, Dist=332.0, Win Bonus=0.0
[2026-05-22 10:45:07] SCORE Group 16 (lawn green): Final=1169.6, Time=91.5, Moves(82)=12.1, Pins(7)=700.0, Dist=366.0, Win Bonus=0.0
[2026-05-22 10:45:07] ALL WRONG MOVES BY COLOUR: {}
[2026-05-22 10:45:07] MOVE 247: PCS (yellow) 102->104 [0.00ms]
[2026-05-22 10:45:07] SCORE PCS (yellow): Final=391.2, Time=70.4, Moves(83)=10.8, Pins(0)=0.0, Dist=310.0, Win Bonus=0.0
[2026-05-22 10:45:07] SCORE Gruppe 10 (purple): Final=930.5, Time=86.4, Moves(82)=12.1, Pins(5)=500.0, Dist=332.0, Win Bonus=0.0
[2026-05-22 10:45:07] SCORE Group 16 (lawn green): Final=1169.6, Time=91.5, Moves(82)=12.1, Pins(7)=700.0, Dist=366.0, Win Bonus=0.0
[2026-05-22 10:45:07] ALL WRONG MOVES BY COLOUR: {}
[2026-05-22 10:45:07] MOVE 248: Gruppe 10 (purple) 46->25 [0.00ms]
[2026-05-22 10:45:07] SCORE PCS (yellow): Final=391.2, Time=70.4, Moves(83)=10.8, Pins(0)=0.0, Dist=310.0, Win Bonus=0.0
[2026-05-22 10:45:07] SCORE Gruppe 10 (purple): Final=929.1, Time=86.3, Moves(83)=10.8, Pins(5)=500.0, Dist=332.0, Win Bonus=0.0
[2026-05-22 10:45:07] SCORE Group 16 (lawn green): Final=1169.6, Time=91.5, Moves(82)=12.1, Pins(7)=700.0, Dist=366.0, Win Bonus=0.0
[2026-05-22 10:45:07] ALL WRONG MOVES BY COLOUR: {}
[2026-05-22 10:45:07] MOVE 249: Group 16 (lawn green) 75->86 [0.00ms]
[2026-05-22 10:45:07] SCORE PCS (yellow): Final=391.2, Time=70.4, Moves(83)=10.8, Pins(0)=0.0, Dist=310.0, Win Bonus=0.0
[2026-05-22 10:45:07] SCORE Gruppe 10 (purple): Final=929.1, Time=86.3, Moves(83)=10.8, Pins(5)=500.0, Dist=332.0, Win Bonus=0.0
[2026-05-22 10:45:07] SCORE Group 16 (lawn green): Final=1168.2, Time=91.5, Moves(83)=10.8, Pins(7)=700.0, Dist=366.0, Win Bonus=0.0
[2026-05-22 10:45:07] ALL WRONG MOVES BY COLOUR: {}
[2026-05-22 10:45:08] MOVE 250: PCS (yellow) 104->102 [0.00ms]
[2026-05-22 10:45:08] SCORE PCS (yellow): Final=385.4, Time=69.9, Moves(84)=9.6, Pins(0)=0.0, Dist=306.0, Win Bonus=0.0
[2026-05-22 10:45:08] SCORE Gruppe 10 (purple): Final=929.1, Time=86.3, Moves(83)=10.8, Pins(5)=500.0, Dist=332.0, Win Bonus=0.0
[2026-05-22 10:45:08] SCORE Group 16 (lawn green): Final=1168.2, Time=91.5, Moves(83)=10.8, Pins(7)=700.0, Dist=366.0, Win Bonus=0.0
[2026-05-22 10:45:08] ALL WRONG MOVES BY COLOUR: {}
[2026-05-22 10:45:08] MOVE 251: Gruppe 10 (purple) 25->24 [0.00ms]
[2026-05-22 10:45:08] SCORE PCS (yellow): Final=385.4, Time=69.9, Moves(84)=9.6, Pins(0)=0.0, Dist=306.0, Win Bonus=0.0
[2026-05-22 10:45:08] SCORE Gruppe 10 (purple): Final=927.7, Time=86.2, Moves(84)=9.6, Pins(5)=500.0, Dist=332.0, Win Bonus=0.0
[2026-05-22 10:45:08] SCORE Group 16 (lawn green): Final=1168.2, Time=91.5, Moves(83)=10.8, Pins(7)=700.0, Dist=366.0, Win Bonus=0.0
[2026-05-22 10:45:08] ALL WRONG MOVES BY COLOUR: {}
[2026-05-22 10:45:08] MOVE 252: Group 16 (lawn green) 2->4 [0.01ms]
[2026-05-22 10:45:08] SCORE PCS (yellow): Final=385.4, Time=69.9, Moves(84)=9.6, Pins(0)=0.0, Dist=306.0, Win Bonus=0.0
[2026-05-22 10:45:08] SCORE Gruppe 10 (purple): Final=927.7, Time=86.2, Moves(84)=9.6, Pins(5)=500.0, Dist=332.0, Win Bonus=0.0
[2026-05-22 10:45:08] SCORE Group 16 (lawn green): Final=1168.9, Time=91.3, Moves(84)=9.6, Pins(7)=700.0, Dist=368.0, Win Bonus=0.0
[2026-05-22 10:45:08] ALL WRONG MOVES BY COLOUR: {}
[2026-05-22 10:45:09] MOVE 253: PCS (yellow) 102->104 [0.00ms]
[2026-05-22 10:45:09] SCORE PCS (yellow): Final=388.0, Time=69.5, Moves(85)=8.5, Pins(0)=0.0, Dist=310.0, Win Bonus=0.0
[2026-05-22 10:45:09] SCORE Gruppe 10 (purple): Final=927.7, Time=86.2, Moves(84)=9.6, Pins(5)=500.0, Dist=332.0, Win Bonus=0.0
[2026-05-22 10:45:09] SCORE Group 16 (lawn green): Final=1168.9, Time=91.3, Moves(84)=9.6, Pins(7)=700.0, Dist=368.0, Win Bonus=0.0
[2026-05-22 10:45:09] ALL WRONG MOVES BY COLOUR: {}
[2026-05-22 10:45:09] MOVE 254: Gruppe 10 (purple) 23->10 [0.01ms]
[2026-05-22 10:45:09] SCORE PCS (yellow): Final=388.0, Time=69.5, Moves(85)=8.5, Pins(0)=0.0, Dist=310.0, Win Bonus=0.0
[2026-05-22 10:45:09] SCORE Gruppe 10 (purple): Final=926.4, Time=85.9, Moves(85)=8.5, Pins(5)=500.0, Dist=332.0, Win Bonus=0.0
[2026-05-22 10:45:09] SCORE Group 16 (lawn green): Final=1168.9, Time=91.3, Moves(84)=9.6, Pins(7)=700.0, Dist=368.0, Win Bonus=0.0
[2026-05-22 10:45:09] ALL WRONG MOVES BY COLOUR: {}
[2026-05-22 10:45:09] MOVE 255: Group 16 (lawn green) 4->1 [0.00ms]
[2026-05-22 10:45:09] SCORE PCS (yellow): Final=388.0, Time=69.5, Moves(85)=8.5, Pins(0)=0.0, Dist=310.0, Win Bonus=0.0
[2026-05-22 10:45:09] SCORE Gruppe 10 (purple): Final=926.4, Time=85.9, Moves(85)=8.5, Pins(5)=500.0, Dist=332.0, Win Bonus=0.0
[2026-05-22 10:45:09] SCORE Group 16 (lawn green): Final=1167.7, Time=91.2, Moves(85)=8.5, Pins(7)=700.0, Dist=368.0, Win Bonus=0.0
[2026-05-22 10:45:09] ALL WRONG MOVES BY COLOUR: {}
[2026-05-22 10:45:09] MOVE 256: PCS (yellow) 104->102 [0.00ms]
[2026-05-22 10:45:09] SCORE PCS (yellow): Final=382.8, Time=69.3, Moves(86)=7.5, Pins(0)=0.0, Dist=306.0, Win Bonus=0.0
[2026-05-22 10:45:09] SCORE Gruppe 10 (purple): Final=926.4, Time=85.9, Moves(85)=8.5, Pins(5)=500.0, Dist=332.0, Win Bonus=0.0
[2026-05-22 10:45:09] SCORE Group 16 (lawn green): Final=1167.7, Time=91.2, Moves(85)=8.5, Pins(7)=700.0, Dist=368.0, Win Bonus=0.0
[2026-05-22 10:45:09] ALL WRONG MOVES BY COLOUR: {}
[2026-05-22 10:45:09] MOVE 257: Gruppe 10 (purple) 91->104 [0.01ms]
[2026-05-22 10:45:09] SCORE PCS (yellow): Final=382.8, Time=69.3, Moves(86)=7.5, Pins(0)=0.0, Dist=306.0, Win Bonus=0.0
[2026-05-22 10:45:09] SCORE Gruppe 10 (purple): Final=923.3, Time=85.8, Moves(86)=7.5, Pins(5)=500.0, Dist=330.0, Win Bonus=0.0
[2026-05-22 10:45:09] SCORE Group 16 (lawn green): Final=1167.7, Time=91.2, Moves(85)=8.5, Pins(7)=700.0, Dist=368.0, Win Bonus=0.0
[2026-05-22 10:45:09] ALL WRONG MOVES BY COLOUR: {}
[2026-05-22 10:45:09] MOVE 258: Group 16 (lawn green) 86->99 [0.00ms]
[2026-05-22 10:45:09] SCORE PCS (yellow): Final=382.8, Time=69.3, Moves(86)=7.5, Pins(0)=0.0, Dist=306.0, Win Bonus=0.0
[2026-05-22 10:45:09] SCORE Gruppe 10 (purple): Final=923.3, Time=85.8, Moves(86)=7.5, Pins(5)=500.0, Dist=330.0, Win Bonus=0.0
[2026-05-22 10:45:09] SCORE Group 16 (lawn green): Final=1166.6, Time=91.1, Moves(86)=7.5, Pins(7)=700.0, Dist=368.0, Win Bonus=0.0
[2026-05-22 10:45:09] ALL WRONG MOVES BY COLOUR: {}
[2026-05-22 10:45:10] MOVE 259: PCS (yellow) 64->41 [0.00ms]
[2026-05-22 10:45:10] SCORE PCS (yellow): Final=373.4, Time=68.8, Moves(87)=6.6, Pins(0)=0.0, Dist=298.0, Win Bonus=0.0
[2026-05-22 10:45:10] SCORE Gruppe 10 (purple): Final=923.3, Time=85.8, Moves(86)=7.5, Pins(5)=500.0, Dist=330.0, Win Bonus=0.0
[2026-05-22 10:45:10] SCORE Group 16 (lawn green): Final=1166.6, Time=91.1, Moves(86)=7.5, Pins(7)=700.0, Dist=368.0, Win Bonus=0.0
[2026-05-22 10:45:10] ALL WRONG MOVES BY COLOUR: {}
[2026-05-22 10:45:10] MOVE 260: Gruppe 10 (purple) 12->25 [0.00ms]
[2026-05-22 10:45:10] SCORE PCS (yellow): Final=373.4, Time=68.8, Moves(87)=6.6, Pins(0)=0.0, Dist=298.0, Win Bonus=0.0
[2026-05-22 10:45:10] SCORE Gruppe 10 (purple): Final=922.2, Time=85.6, Moves(87)=6.6, Pins(5)=500.0, Dist=330.0, Win Bonus=0.0
[2026-05-22 10:45:10] SCORE Group 16 (lawn green): Final=1166.6, Time=91.1, Moves(86)=7.5, Pins(7)=700.0, Dist=368.0, Win Bonus=0.0
[2026-05-22 10:45:10] ALL WRONG MOVES BY COLOUR: {}
[2026-05-22 10:45:10] MOVE 261: Group 16 (lawn green) 1->0 [0.00ms]
[2026-05-22 10:45:10] SCORE PCS (yellow): Final=373.4, Time=68.8, Moves(87)=6.6, Pins(0)=0.0, Dist=298.0, Win Bonus=0.0
[2026-05-22 10:45:10] SCORE Gruppe 10 (purple): Final=922.2, Time=85.6, Moves(87)=6.6, Pins(5)=500.0, Dist=330.0, Win Bonus=0.0
[2026-05-22 10:45:10] SCORE Group 16 (lawn green): Final=1163.6, Time=91.0, Moves(87)=6.6, Pins(7)=700.0, Dist=366.0, Win Bonus=0.0
[2026-05-22 10:45:10] ALL WRONG MOVES BY COLOUR: {}
[2026-05-22 10:45:10] MOVE 262: PCS (yellow) 14->58 [0.00ms]
[2026-05-22 10:45:10] SCORE PCS (yellow): Final=376.3, Time=68.5, Moves(88)=5.8, Pins(0)=0.0, Dist=302.0, Win Bonus=0.0
[2026-05-22 10:45:10] SCORE Gruppe 10 (purple): Final=922.2, Time=85.6, Moves(87)=6.6, Pins(5)=500.0, Dist=330.0, Win Bonus=0.0
[2026-05-22 10:45:10] SCORE Group 16 (lawn green): Final=1163.6, Time=91.0, Moves(87)=6.6, Pins(7)=700.0, Dist=366.0, Win Bonus=0.0
[2026-05-22 10:45:10] ALL WRONG MOVES BY COLOUR: {}
[2026-05-22 10:45:11] MOVE 263: Gruppe 10 (purple) 104->105 [0.00ms]
[2026-05-22 10:45:11] SCORE PCS (yellow): Final=376.3, Time=68.5, Moves(88)=5.8, Pins(0)=0.0, Dist=302.0, Win Bonus=0.0
[2026-05-22 10:45:11] SCORE Gruppe 10 (purple): Final=919.2, Time=85.5, Moves(88)=5.8, Pins(5)=500.0, Dist=328.0, Win Bonus=0.0
[2026-05-22 10:45:11] SCORE Group 16 (lawn green): Final=1163.6, Time=91.0, Moves(87)=6.6, Pins(7)=700.0, Dist=366.0, Win Bonus=0.0
[2026-05-22 10:45:11] ALL WRONG MOVES BY COLOUR: {}
[2026-05-22 10:45:11] MOVE 264: Group 16 (lawn green) 13->12 [0.00ms]
[2026-05-22 10:45:11] SCORE PCS (yellow): Final=376.3, Time=68.5, Moves(88)=5.8, Pins(0)=0.0, Dist=302.0, Win Bonus=0.0
[2026-05-22 10:45:11] SCORE Gruppe 10 (purple): Final=919.2, Time=85.5, Moves(88)=5.8, Pins(5)=500.0, Dist=328.0, Win Bonus=0.0
[2026-05-22 10:45:11] SCORE Group 16 (lawn green): Final=1162.7, Time=90.9, Moves(88)=5.8, Pins(7)=700.0, Dist=366.0, Win Bonus=0.0
[2026-05-22 10:45:11] ALL WRONG MOVES BY COLOUR: {}
[2026-05-22 10:45:11] MOVE 265: PCS (yellow) 102->104 [0.00ms]
[2026-05-22 10:45:11] SCORE PCS (yellow): Final=379.2, Time=68.2, Moves(89)=5.0, Pins(0)=0.0, Dist=306.0, Win Bonus=0.0
[2026-05-22 10:45:11] SCORE Gruppe 10 (purple): Final=919.2, Time=85.5, Moves(88)=5.8, Pins(5)=500.0, Dist=328.0, Win Bonus=0.0
[2026-05-22 10:45:11] SCORE Group 16 (lawn green): Final=1162.7, Time=90.9, Moves(88)=5.8, Pins(7)=700.0, Dist=366.0, Win Bonus=0.0
[2026-05-22 10:45:11] ALL WRONG MOVES BY COLOUR: {}
[2026-05-22 10:45:11] MOVE 266: Gruppe 10 (purple) 42->40 [0.00ms]
[2026-05-22 10:45:11] SCORE PCS (yellow): Final=379.2, Time=68.2, Moves(89)=5.0, Pins(0)=0.0, Dist=306.0, Win Bonus=0.0
[2026-05-22 10:45:11] SCORE Gruppe 10 (purple): Final=922.4, Time=85.4, Moves(89)=5.0, Pins(5)=500.0, Dist=332.0, Win Bonus=0.0
[2026-05-22 10:45:11] SCORE Group 16 (lawn green): Final=1162.7, Time=90.9, Moves(88)=5.8, Pins(7)=700.0, Dist=366.0, Win Bonus=0.0
[2026-05-22 10:45:11] ALL WRONG MOVES BY COLOUR: {}
[2026-05-22 10:45:11] MOVE 267: Group 16 (lawn green) 12->35 [0.01ms]
[2026-05-22 10:45:11] SCORE PCS (yellow): Final=379.2, Time=68.2, Moves(89)=5.0, Pins(0)=0.0, Dist=306.0, Win Bonus=0.0
[2026-05-22 10:45:11] SCORE Gruppe 10 (purple): Final=922.4, Time=85.4, Moves(89)=5.0, Pins(5)=500.0, Dist=332.0, Win Bonus=0.0
[2026-05-22 10:45:11] SCORE Group 16 (lawn green): Final=1165.7, Time=90.7, Moves(89)=5.0, Pins(7)=700.0, Dist=370.0, Win Bonus=0.0
[2026-05-22 10:45:11] ALL WRONG MOVES BY COLOUR: {}
[2026-05-22 10:45:12] MOVE 268: PCS (yellow) 104->102 [0.00ms]
[2026-05-22 10:45:12] SCORE PCS (yellow): Final=374.3, Time=67.9, Moves(90)=4.4, Pins(0)=0.0, Dist=302.0, Win Bonus=0.0
[2026-05-22 10:45:12] SCORE Gruppe 10 (purple): Final=922.4, Time=85.4, Moves(89)=5.0, Pins(5)=500.0, Dist=332.0, Win Bonus=0.0
[2026-05-22 10:45:12] SCORE Group 16 (lawn green): Final=1165.7, Time=90.7, Moves(89)=5.0, Pins(7)=700.0, Dist=370.0, Win Bonus=0.0
[2026-05-22 10:45:12] ALL WRONG MOVES BY COLOUR: {}
[2026-05-22 10:45:12] MOVE 269: Gruppe 10 (purple) 10->12 [0.00ms]
[2026-05-22 10:45:12] SCORE PCS (yellow): Final=374.3, Time=67.9, Moves(90)=4.4, Pins(0)=0.0, Dist=302.0, Win Bonus=0.0
[2026-05-22 10:45:12] SCORE Gruppe 10 (purple): Final=921.6, Time=85.2, Moves(90)=4.4, Pins(5)=500.0, Dist=332.0, Win Bonus=0.0
[2026-05-22 10:45:12] SCORE Group 16 (lawn green): Final=1165.7, Time=90.7, Moves(89)=5.0, Pins(7)=700.0, Dist=370.0, Win Bonus=0.0
[2026-05-22 10:45:12] ALL WRONG MOVES BY COLOUR: {}
[2026-05-22 10:45:12] MOVE 270: Group 16 (lawn green) 35->46 [0.00ms]
[2026-05-22 10:45:12] SCORE PCS (yellow): Final=374.3, Time=67.9, Moves(90)=4.4, Pins(0)=0.0, Dist=302.0, Win Bonus=0.0
[2026-05-22 10:45:12] SCORE Gruppe 10 (purple): Final=921.6, Time=85.2, Moves(90)=4.4, Pins(5)=500.0, Dist=332.0, Win Bonus=0.0
[2026-05-22 10:45:12] SCORE Group 16 (lawn green): Final=1167.0, Time=90.6, Moves(90)=4.4, Pins(7)=700.0, Dist=372.0, Win Bonus=0.0
[2026-05-22 10:45:12] ALL WRONG MOVES BY COLOUR: {}
[2026-05-22 10:45:12] MOVE 271: PCS (yellow) 89->90 [0.00ms]
[2026-05-22 10:45:12] SCORE PCS (yellow): Final=375.4, Time=67.6, Moves(91)=3.8, Pins(0)=0.0, Dist=304.0, Win Bonus=0.0
[2026-05-22 10:45:12] SCORE Gruppe 10 (purple): Final=921.6, Time=85.2, Moves(90)=4.4, Pins(5)=500.0, Dist=332.0, Win Bonus=0.0
[2026-05-22 10:45:12] SCORE Group 16 (lawn green): Final=1167.0, Time=90.6, Moves(90)=4.4, Pins(7)=700.0, Dist=372.0, Win Bonus=0.0
[2026-05-22 10:45:12] ALL WRONG MOVES BY COLOUR: {}
[2026-05-22 10:45:12] MOVE 272: Gruppe 10 (purple) 11->10 [0.00ms]
[2026-05-22 10:45:12] SCORE PCS (yellow): Final=375.4, Time=67.6, Moves(91)=3.8, Pins(0)=0.0, Dist=304.0, Win Bonus=0.0
[2026-05-22 10:45:12] SCORE Gruppe 10 (purple): Final=920.9, Time=85.1, Moves(91)=3.8, Pins(5)=500.0, Dist=332.0, Win Bonus=0.0
[2026-05-22 10:45:12] SCORE Group 16 (lawn green): Final=1167.0, Time=90.6, Moves(90)=4.4, Pins(7)=700.0, Dist=372.0, Win Bonus=0.0
[2026-05-22 10:45:12] ALL WRONG MOVES BY COLOUR: {}
[2026-05-22 10:45:12] MOVE 273: Group 16 (lawn green) 46->56 [0.00ms]
[2026-05-22 10:45:12] SCORE PCS (yellow): Final=375.4, Time=67.6, Moves(91)=3.8, Pins(0)=0.0, Dist=304.0, Win Bonus=0.0
[2026-05-22 10:45:12] SCORE Gruppe 10 (purple): Final=920.9, Time=85.1, Moves(91)=3.8, Pins(5)=500.0, Dist=332.0, Win Bonus=0.0
[2026-05-22 10:45:12] SCORE Group 16 (lawn green): Final=1168.3, Time=90.5, Moves(91)=3.8, Pins(7)=700.0, Dist=374.0, Win Bonus=0.0
[2026-05-22 10:45:12] ALL WRONG MOVES BY COLOUR: {}
[2026-05-22 10:45:13] MOVE 274: PCS (yellow) 111->91 [0.00ms]
[2026-05-22 10:45:13] SCORE PCS (yellow): Final=376.5, Time=67.2, Moves(92)=3.3, Pins(0)=0.0, Dist=306.0, Win Bonus=0.0
[2026-05-22 10:45:13] SCORE Gruppe 10 (purple): Final=920.9, Time=85.1, Moves(91)=3.8, Pins(5)=500.0, Dist=332.0, Win Bonus=0.0
[2026-05-22 10:45:13] SCORE Group 16 (lawn green): Final=1168.3, Time=90.5, Moves(91)=3.8, Pins(7)=700.0, Dist=374.0, Win Bonus=0.0
[2026-05-22 10:45:13] ALL WRONG MOVES BY COLOUR: {}
[2026-05-22 10:45:13] MOVE 275: Gruppe 10 (purple) 12->11 [0.00ms]
[2026-05-22 10:45:13] SCORE PCS (yellow): Final=376.5, Time=67.2, Moves(92)=3.3, Pins(0)=0.0, Dist=306.0, Win Bonus=0.0
[2026-05-22 10:45:13] SCORE Gruppe 10 (purple): Final=920.2, Time=84.9, Moves(92)=3.3, Pins(5)=500.0, Dist=332.0, Win Bonus=0.0
[2026-05-22 10:45:13] SCORE Group 16 (lawn green): Final=1168.3, Time=90.5, Moves(91)=3.8, Pins(7)=700.0, Dist=374.0, Win Bonus=0.0
[2026-05-22 10:45:13] ALL WRONG MOVES BY COLOUR: {}
[2026-05-22 10:45:13] MOVE 276: Group 16 (lawn green) 48->49 [0.01ms]
[2026-05-22 10:45:13] SCORE PCS (yellow): Final=376.5, Time=67.2, Moves(92)=3.3, Pins(0)=0.0, Dist=306.0, Win Bonus=0.0
[2026-05-22 10:45:13] SCORE Gruppe 10 (purple): Final=920.2, Time=84.9, Moves(92)=3.3, Pins(5)=500.0, Dist=332.0, Win Bonus=0.0
[2026-05-22 10:45:13] SCORE Group 16 (lawn green): Final=1165.7, Time=90.4, Moves(92)=3.3, Pins(7)=700.0, Dist=372.0, Win Bonus=0.0
[2026-05-22 10:45:13] ALL WRONG MOVES BY COLOUR: {}
[2026-05-22 10:45:13] MOVE 277: PCS (yellow) 102->104 [0.00ms]
[2026-05-22 10:45:13] SCORE PCS (yellow): Final=379.7, Time=66.9, Moves(93)=2.9, Pins(0)=0.0, Dist=310.0, Win Bonus=0.0
[2026-05-22 10:45:13] SCORE Gruppe 10 (purple): Final=920.2, Time=84.9, Moves(92)=3.3, Pins(5)=500.0, Dist=332.0, Win Bonus=0.0
[2026-05-22 10:45:13] SCORE Group 16 (lawn green): Final=1165.7, Time=90.4, Moves(92)=3.3, Pins(7)=700.0, Dist=372.0, Win Bonus=0.0
[2026-05-22 10:45:13] ALL WRONG MOVES BY COLOUR: {}
[2026-05-22 10:45:14] MOVE 278: Gruppe 10 (purple) 40->50 [0.01ms]
[2026-05-22 10:45:14] SCORE PCS (yellow): Final=379.7, Time=66.9, Moves(93)=2.9, Pins(0)=0.0, Dist=310.0, Win Bonus=0.0
[2026-05-22 10:45:14] SCORE Gruppe 10 (purple): Final=919.5, Time=84.7, Moves(93)=2.9, Pins(5)=500.0, Dist=332.0, Win Bonus=0.0
[2026-05-22 10:45:14] SCORE Group 16 (lawn green): Final=1165.7, Time=90.4, Moves(92)=3.3, Pins(7)=700.0, Dist=372.0, Win Bonus=0.0
[2026-05-22 10:45:14] ALL WRONG MOVES BY COLOUR: {}
[2026-05-22 10:45:14] MOVE 279: Group 16 (lawn green) 49->51 [0.01ms]
[2026-05-22 10:45:14] SCORE PCS (yellow): Final=379.7, Time=66.9, Moves(93)=2.9, Pins(0)=0.0, Dist=310.0, Win Bonus=0.0
[2026-05-22 10:45:14] SCORE Gruppe 10 (purple): Final=919.5, Time=84.7, Moves(93)=2.9, Pins(5)=500.0, Dist=332.0, Win Bonus=0.0
[2026-05-22 10:45:14] SCORE Group 16 (lawn green): Final=1161.1, Time=90.2, Moves(93)=2.9, Pins(7)=700.0, Dist=368.0, Win Bonus=0.0
[2026-05-22 10:45:14] ALL WRONG MOVES BY COLOUR: {}
[2026-05-22 10:45:14] MOVE 280: PCS (yellow) 90->89 [0.01ms]
[2026-05-22 10:45:14] SCORE PCS (yellow): Final=377.0, Time=66.6, Moves(94)=2.5, Pins(0)=0.0, Dist=308.0, Win Bonus=0.0
[2026-05-22 10:45:14] SCORE Gruppe 10 (purple): Final=919.5, Time=84.7, Moves(93)=2.9, Pins(5)=500.0, Dist=332.0, Win Bonus=0.0
[2026-05-22 10:45:14] SCORE Group 16 (lawn green): Final=1161.1, Time=90.2, Moves(93)=2.9, Pins(7)=700.0, Dist=368.0, Win Bonus=0.0
[2026-05-22 10:45:14] ALL WRONG MOVES BY COLOUR: {}
[2026-05-22 10:45:14] MOVE 281: Gruppe 10 (purple) 50->70 [0.01ms]
[2026-05-22 10:45:14] SCORE PCS (yellow): Final=377.0, Time=66.6, Moves(94)=2.5, Pins(0)=0.0, Dist=308.0, Win Bonus=0.0
[2026-05-22 10:45:14] SCORE Gruppe 10 (purple): Final=915.0, Time=84.6, Moves(94)=2.5, Pins(5)=500.0, Dist=328.0, Win Bonus=0.0
[2026-05-22 10:45:14] SCORE Group 16 (lawn green): Final=1161.1, Time=90.2, Moves(93)=2.9, Pins(7)=700.0, Dist=368.0, Win Bonus=0.0
[2026-05-22 10:45:14] ALL WRONG MOVES BY COLOUR: {}
[2026-05-22 10:45:14] MOVE 282: Group 16 (lawn green) 51->60 [0.00ms]
[2026-05-22 10:45:14] SCORE PCS (yellow): Final=377.0, Time=66.6, Moves(94)=2.5, Pins(0)=0.0, Dist=308.0, Win Bonus=0.0
[2026-05-22 10:45:14] SCORE Gruppe 10 (purple): Final=915.0, Time=84.6, Moves(94)=2.5, Pins(5)=500.0, Dist=328.0, Win Bonus=0.0
[2026-05-22 10:45:14] SCORE Group 16 (lawn green): Final=1162.6, Time=90.1, Moves(94)=2.5, Pins(7)=700.0, Dist=370.0, Win Bonus=0.0
[2026-05-22 10:45:14] ALL WRONG MOVES BY COLOUR: {}
[2026-05-22 10:45:15] MOVE 283: PCS (yellow) 104->102 [0.00ms]
[2026-05-22 10:45:15] SCORE PCS (yellow): Final=372.3, Time=66.2, Moves(95)=2.1, Pins(0)=0.0, Dist=304.0, Win Bonus=0.0
[2026-05-22 10:45:15] SCORE Gruppe 10 (purple): Final=915.0, Time=84.6, Moves(94)=2.5, Pins(5)=500.0, Dist=328.0, Win Bonus=0.0
[2026-05-22 10:45:15] SCORE Group 16 (lawn green): Final=1162.6, Time=90.1, Moves(94)=2.5, Pins(7)=700.0, Dist=370.0, Win Bonus=0.0
[2026-05-22 10:45:15] ALL WRONG MOVES BY COLOUR: {}
[2026-05-22 10:45:15] MOVE 284: Gruppe 10 (purple) 70->72 [0.00ms]
[2026-05-22 10:45:15] SCORE PCS (yellow): Final=372.3, Time=66.2, Moves(95)=2.1, Pins(0)=0.0, Dist=304.0, Win Bonus=0.0
[2026-05-22 10:45:15] SCORE Gruppe 10 (purple): Final=910.5, Time=84.4, Moves(95)=2.1, Pins(5)=500.0, Dist=324.0, Win Bonus=0.0
[2026-05-22 10:45:15] SCORE Group 16 (lawn green): Final=1162.6, Time=90.1, Moves(94)=2.5, Pins(7)=700.0, Dist=370.0, Win Bonus=0.0
[2026-05-22 10:45:15] ALL WRONG MOVES BY COLOUR: {}
[2026-05-22 10:45:15] MOVE 285: Group 16 (lawn green) 56->75 [0.00ms]
[2026-05-22 10:45:15] SCORE PCS (yellow): Final=372.3, Time=66.2, Moves(95)=2.1, Pins(0)=0.0, Dist=304.0, Win Bonus=0.0
[2026-05-22 10:45:15] SCORE Gruppe 10 (purple): Final=910.5, Time=84.4, Moves(95)=2.1, Pins(5)=500.0, Dist=324.0, Win Bonus=0.0
[2026-05-22 10:45:15] SCORE Group 16 (lawn green): Final=1264.1, Time=90.0, Moves(95)=2.1, Pins(8)=800.0, Dist=372.0, Win Bonus=0.0
[2026-05-22 10:45:15] ALL WRONG MOVES BY COLOUR: {}
[2026-05-22 10:45:15] MOVE 286: PCS (yellow) 102->104 [0.01ms]
[2026-05-22 10:45:15] SCORE PCS (yellow): Final=375.6, Time=65.8, Moves(96)=1.8, Pins(0)=0.0, Dist=308.0, Win Bonus=0.0
[2026-05-22 10:45:15] SCORE Gruppe 10 (purple): Final=910.5, Time=84.4, Moves(95)=2.1, Pins(5)=500.0, Dist=324.0, Win Bonus=0.0
[2026-05-22 10:45:15] SCORE Group 16 (lawn green): Final=1264.1, Time=90.0, Moves(95)=2.1, Pins(8)=800.0, Dist=372.0, Win Bonus=0.0
[2026-05-22 10:45:15] ALL WRONG MOVES BY COLOUR: {}
[2026-05-22 10:45:16] MOVE 287: Gruppe 10 (purple) 72->7 [0.00ms]
[2026-05-22 10:45:16] SCORE PCS (yellow): Final=375.6, Time=65.8, Moves(96)=1.8, Pins(0)=0.0, Dist=308.0, Win Bonus=0.0
[2026-05-22 10:45:16] SCORE Gruppe 10 (purple): Final=920.0, Time=84.2, Moves(96)=1.8, Pins(5)=500.0, Dist=334.0, Win Bonus=0.0
[2026-05-22 10:45:16] SCORE Group 16 (lawn green): Final=1264.1, Time=90.0, Moves(95)=2.1, Pins(8)=800.0, Dist=372.0, Win Bonus=0.0
[2026-05-22 10:45:16] ALL WRONG MOVES BY COLOUR: {}
[2026-05-22 10:45:16] MOVE 288: Group 16 (lawn green) 60->59 [0.00ms]
[2026-05-22 10:45:16] SCORE PCS (yellow): Final=375.6, Time=65.8, Moves(96)=1.8, Pins(0)=0.0, Dist=308.0, Win Bonus=0.0
[2026-05-22 10:45:16] SCORE Gruppe 10 (purple): Final=920.0, Time=84.2, Moves(96)=1.8, Pins(5)=500.0, Dist=334.0, Win Bonus=0.0
[2026-05-22 10:45:16] SCORE Group 16 (lawn green): Final=1265.8, Time=89.9, Moves(96)=1.8, Pins(8)=800.0, Dist=374.0, Win Bonus=0.0
[2026-05-22 10:45:16] ALL WRONG MOVES BY COLOUR: {}
[2026-05-22 10:45:16] MOVE 289: PCS (yellow) 104->102 [0.00ms]
[2026-05-22 10:45:16] SCORE PCS (yellow): Final=371.0, Time=65.5, Moves(97)=1.5, Pins(0)=0.0, Dist=304.0, Win Bonus=0.0
[2026-05-22 10:45:16] SCORE Gruppe 10 (purple): Final=920.0, Time=84.2, Moves(96)=1.8, Pins(5)=500.0, Dist=334.0, Win Bonus=0.0
[2026-05-22 10:45:16] SCORE Group 16 (lawn green): Final=1265.8, Time=89.9, Moves(96)=1.8, Pins(8)=800.0, Dist=374.0, Win Bonus=0.0
[2026-05-22 10:45:16] ALL WRONG MOVES BY COLOUR: {}
[2026-05-22 10:45:16] MOVE 290: Gruppe 10 (purple) 103->104 [0.00ms]
[2026-05-22 10:45:16] SCORE PCS (yellow): Final=371.0, Time=65.5, Moves(97)=1.5, Pins(0)=0.0, Dist=304.0, Win Bonus=0.0
[2026-05-22 10:45:16] SCORE Gruppe 10 (purple): Final=917.6, Time=84.1, Moves(97)=1.5, Pins(5)=500.0, Dist=332.0, Win Bonus=0.0
[2026-05-22 10:45:16] SCORE Group 16 (lawn green): Final=1265.8, Time=89.9, Moves(96)=1.8, Pins(8)=800.0, Dist=374.0, Win Bonus=0.0
[2026-05-22 10:45:16] ALL WRONG MOVES BY COLOUR: {}
[2026-05-22 10:45:16] MOVE 291: Group 16 (lawn green) 59->68 [0.01ms]
[2026-05-22 10:45:16] SCORE PCS (yellow): Final=371.0, Time=65.5, Moves(97)=1.5, Pins(0)=0.0, Dist=304.0, Win Bonus=0.0
[2026-05-22 10:45:16] SCORE Gruppe 10 (purple): Final=917.6, Time=84.1, Moves(97)=1.5, Pins(5)=500.0, Dist=332.0, Win Bonus=0.0
[2026-05-22 10:45:16] SCORE Group 16 (lawn green): Final=1267.3, Time=89.8, Moves(97)=1.5, Pins(8)=800.0, Dist=376.0, Win Bonus=0.0
[2026-05-22 10:45:16] ALL WRONG MOVES BY COLOUR: {}
[2026-05-22 10:45:17] MOVE 292: PCS (yellow) 58->79 [0.01ms]
[2026-05-22 10:45:17] SCORE PCS (yellow): Final=374.5, Time=65.2, Moves(98)=1.3, Pins(0)=0.0, Dist=308.0, Win Bonus=0.0
[2026-05-22 10:45:17] SCORE Gruppe 10 (purple): Final=917.6, Time=84.1, Moves(97)=1.5, Pins(5)=500.0, Dist=332.0, Win Bonus=0.0
[2026-05-22 10:45:17] SCORE Group 16 (lawn green): Final=1267.3, Time=89.8, Moves(97)=1.5, Pins(8)=800.0, Dist=376.0, Win Bonus=0.0
[2026-05-22 10:45:17] ALL WRONG MOVES BY COLOUR: {}
[2026-05-22 10:45:17] MOVE 293: Gruppe 10 (purple) 105->59 [0.00ms]
[2026-05-22 10:45:17] SCORE PCS (yellow): Final=374.5, Time=65.2, Moves(98)=1.3, Pins(0)=0.0, Dist=308.0, Win Bonus=0.0
[2026-05-22 10:45:17] SCORE Gruppe 10 (purple): Final=925.2, Time=83.9, Moves(98)=1.3, Pins(5)=500.0, Dist=340.0, Win Bonus=0.0
[2026-05-22 10:45:17] SCORE Group 16 (lawn green): Final=1267.3, Time=89.8, Moves(97)=1.5, Pins(8)=800.0, Dist=376.0, Win Bonus=0.0
[2026-05-22 10:45:17] ALL WRONG MOVES BY COLOUR: {}
[2026-05-22 10:45:17] MOVE 294: Group 16 (lawn green) 68->67 [0.00ms]
[2026-05-22 10:45:17] SCORE PCS (yellow): Final=374.5, Time=65.2, Moves(98)=1.3, Pins(0)=0.0, Dist=308.0, Win Bonus=0.0
[2026-05-22 10:45:17] SCORE Gruppe 10 (purple): Final=925.2, Time=83.9, Moves(98)=1.3, Pins(5)=500.0, Dist=340.0, Win Bonus=0.0
[2026-05-22 10:45:17] SCORE Group 16 (lawn green): Final=1269.0, Time=89.7, Moves(98)=1.3, Pins(8)=800.0, Dist=378.0, Win Bonus=0.0
[2026-05-22 10:45:17] ALL WRONG MOVES BY COLOUR: {}
[2026-05-22 10:45:17] MOVE 295: PCS (yellow) 61->84 [0.00ms]
[2026-05-22 10:45:17] SCORE PCS (yellow): Final=481.9, Time=64.8, Moves(99)=1.1, Pins(1)=100.0, Dist=316.0, Win Bonus=0.0
[2026-05-22 10:45:17] SCORE Gruppe 10 (purple): Final=925.2, Time=83.9, Moves(98)=1.3, Pins(5)=500.0, Dist=340.0, Win Bonus=0.0
[2026-05-22 10:45:17] SCORE Group 16 (lawn green): Final=1269.0, Time=89.7, Moves(98)=1.3, Pins(8)=800.0, Dist=378.0, Win Bonus=0.0
[2026-05-22 10:45:17] ALL WRONG MOVES BY COLOUR: {}
[2026-05-22 10:45:17] MOVE 296: Gruppe 10 (purple) 59->58 [0.00ms]
[2026-05-22 10:45:17] SCORE PCS (yellow): Final=481.9, Time=64.8, Moves(99)=1.1, Pins(1)=100.0, Dist=316.0, Win Bonus=0.0
[2026-05-22 10:45:17] SCORE Gruppe 10 (purple): Final=926.9, Time=83.8, Moves(99)=1.1, Pins(5)=500.0, Dist=342.0, Win Bonus=0.0
[2026-05-22 10:45:17] SCORE Group 16 (lawn green): Final=1269.0, Time=89.7, Moves(98)=1.3, Pins(8)=800.0, Dist=378.0, Win Bonus=0.0
[2026-05-22 10:45:17] ALL WRONG MOVES BY COLOUR: {}
[2026-05-22 10:45:17] MOVE 297: Group 16 (lawn green) 67->66 [0.00ms]
[2026-05-22 10:45:17] SCORE PCS (yellow): Final=481.9, Time=64.8, Moves(99)=1.1, Pins(1)=100.0, Dist=316.0, Win Bonus=0.0
[2026-05-22 10:45:17] SCORE Gruppe 10 (purple): Final=926.9, Time=83.8, Moves(99)=1.1, Pins(5)=500.0, Dist=342.0, Win Bonus=0.0
[2026-05-22 10:45:17] SCORE Group 16 (lawn green): Final=1270.8, Time=89.6, Moves(99)=1.1, Pins(8)=800.0, Dist=380.0, Win Bonus=0.0
[2026-05-22 10:45:17] ALL WRONG MOVES BY COLOUR: {}
[2026-05-22 10:45:18] MOVE 298: PCS (yellow) 16->17 [0.00ms]
[2026-05-22 10:45:18] SCORE PCS (yellow): Final=483.4, Time=64.4, Moves(100)=0.9, Pins(1)=100.0, Dist=318.0, Win Bonus=0.0
[2026-05-22 10:45:18] SCORE Gruppe 10 (purple): Final=926.9, Time=83.8, Moves(99)=1.1, Pins(5)=500.0, Dist=342.0, Win Bonus=0.0
[2026-05-22 10:45:18] SCORE Group 16 (lawn green): Final=1270.8, Time=89.6, Moves(99)=1.1, Pins(8)=800.0, Dist=380.0, Win Bonus=0.0
[2026-05-22 10:45:18] ALL WRONG MOVES BY COLOUR: {}
[2026-05-22 10:45:18] MOVE 299: Gruppe 10 (purple) 104->92 [0.01ms]
[2026-05-22 10:45:18] SCORE PCS (yellow): Final=483.4, Time=64.4, Moves(100)=0.9, Pins(1)=100.0, Dist=318.0, Win Bonus=0.0
[2026-05-22 10:45:18] SCORE Gruppe 10 (purple): Final=926.6, Time=83.6, Moves(100)=0.9, Pins(5)=500.0, Dist=342.0, Win Bonus=0.0
[2026-05-22 10:45:18] SCORE Group 16 (lawn green): Final=1270.8, Time=89.6, Moves(99)=1.1, Pins(8)=800.0, Dist=380.0, Win Bonus=0.0
[2026-05-22 10:45:18] ALL WRONG MOVES BY COLOUR: {}
[2026-05-22 10:45:18] MOVE 300: Group 16 (lawn green) 66->56 [0.01ms]
[2026-05-22 10:45:18] SCORE PCS (yellow): Final=483.4, Time=64.4, Moves(100)=0.9, Pins(1)=100.0, Dist=318.0, Win Bonus=0.0
[2026-05-22 10:45:18] SCORE Gruppe 10 (purple): Final=926.6, Time=83.6, Moves(100)=0.9, Pins(5)=500.0, Dist=342.0, Win Bonus=0.0
[2026-05-22 10:45:18] SCORE Group 16 (lawn green): Final=1270.5, Time=89.6, Moves(100)=0.9, Pins(8)=800.0, Dist=380.0, Win Bonus=0.0
[2026-05-22 10:45:18] ALL WRONG MOVES BY COLOUR: {}
[2026-05-22 10:45:18] MOVE 301: PCS (yellow) 79->104 [0.01ms]
[2026-05-22 10:45:18] SCORE PCS (yellow): Final=486.9, Time=64.1, Moves(101)=0.8, Pins(1)=100.0, Dist=322.0, Win Bonus=0.0
[2026-05-22 10:45:18] SCORE Gruppe 10 (purple): Final=926.6, Time=83.6, Moves(100)=0.9, Pins(5)=500.0, Dist=342.0, Win Bonus=0.0
[2026-05-22 10:45:18] SCORE Group 16 (lawn green): Final=1270.5, Time=89.6, Moves(100)=0.9, Pins(8)=800.0, Dist=380.0, Win Bonus=0.0
[2026-05-22 10:45:18] ALL WRONG MOVES BY COLOUR: {}
[2026-05-22 10:45:19] MOVE 302: Gruppe 10 (purple) 92->81 [0.01ms]
[2026-05-22 10:45:19] SCORE PCS (yellow): Final=486.9, Time=64.1, Moves(101)=0.8, Pins(1)=100.0, Dist=322.0, Win Bonus=0.0
[2026-05-22 10:45:19] SCORE Gruppe 10 (purple): Final=926.2, Time=83.4, Moves(101)=0.8, Pins(5)=500.0, Dist=342.0, Win Bonus=0.0
[2026-05-22 10:45:19] SCORE Group 16 (lawn green): Final=1270.5, Time=89.6, Moves(100)=0.9, Pins(8)=800.0, Dist=380.0, Win Bonus=0.0
[2026-05-22 10:45:19] ALL WRONG MOVES BY COLOUR: {}
[2026-05-22 10:45:19] MOVE 303: Group 16 (lawn green) 56->46 [0.00ms]
[2026-05-22 10:45:19] SCORE PCS (yellow): Final=486.9, Time=64.1, Moves(101)=0.8, Pins(1)=100.0, Dist=322.0, Win Bonus=0.0
[2026-05-22 10:45:19] SCORE Gruppe 10 (purple): Final=926.2, Time=83.4, Moves(101)=0.8, Pins(5)=500.0, Dist=342.0, Win Bonus=0.0
[2026-05-22 10:45:19] SCORE Group 16 (lawn green): Final=1268.2, Time=89.4, Moves(101)=0.8, Pins(8)=800.0, Dist=378.0, Win Bonus=0.0
[2026-05-22 10:45:19] ALL WRONG MOVES BY COLOUR: {}
[2026-05-22 10:45:19] MOVE 304: PCS (yellow) 91->113 [0.01ms]
[2026-05-22 10:45:19] SCORE PCS (yellow): Final=488.5, Time=63.8, Moves(102)=0.7, Pins(1)=100.0, Dist=324.0, Win Bonus=0.0
[2026-05-22 10:45:19] SCORE Gruppe 10 (purple): Final=926.2, Time=83.4, Moves(101)=0.8, Pins(5)=500.0, Dist=342.0, Win Bonus=0.0
[2026-05-22 10:45:19] SCORE Group 16 (lawn green): Final=1268.2, Time=89.4, Moves(101)=0.8, Pins(8)=800.0, Dist=378.0, Win Bonus=0.0
[2026-05-22 10:45:19] ALL WRONG MOVES BY COLOUR: {}
[2026-05-22 10:45:19] MOVE 305: Gruppe 10 (purple) 58->68 [0.00ms]
[2026-05-22 10:45:19] SCORE PCS (yellow): Final=488.5, Time=63.8, Moves(102)=0.7, Pins(1)=100.0, Dist=324.0, Win Bonus=0.0
[2026-05-22 10:45:19] SCORE Gruppe 10 (purple): Final=923.9, Time=83.3, Moves(102)=0.7, Pins(5)=500.0, Dist=340.0, Win Bonus=0.0
[2026-05-22 10:45:19] SCORE Group 16 (lawn green): Final=1268.2, Time=89.4, Moves(101)=0.8, Pins(8)=800.0, Dist=378.0, Win Bonus=0.0
[2026-05-22 10:45:19] ALL WRONG MOVES BY COLOUR: {}
[2026-05-22 10:45:19] MOVE 306: Group 16 (lawn green) 46->47 [0.00ms]
[2026-05-22 10:45:19] SCORE PCS (yellow): Final=488.5, Time=63.8, Moves(102)=0.7, Pins(1)=100.0, Dist=324.0, Win Bonus=0.0
[2026-05-22 10:45:19] SCORE Gruppe 10 (purple): Final=923.9, Time=83.3, Moves(102)=0.7, Pins(5)=500.0, Dist=340.0, Win Bonus=0.0
[2026-05-22 10:45:19] SCORE Group 16 (lawn green): Final=1268.0, Time=89.4, Moves(102)=0.7, Pins(8)=800.0, Dist=378.0, Win Bonus=0.0
[2026-05-22 10:45:19] ALL WRONG MOVES BY COLOUR: {}
[2026-05-22 10:45:20] MOVE 307: PCS (yellow) 17->30 [0.00ms]
[2026-05-22 10:45:20] SCORE PCS (yellow): Final=490.0, Time=63.4, Moves(103)=0.6, Pins(1)=100.0, Dist=326.0, Win Bonus=0.0
[2026-05-22 10:45:20] SCORE Gruppe 10 (purple): Final=923.9, Time=83.3, Moves(102)=0.7, Pins(5)=500.0, Dist=340.0, Win Bonus=0.0
[2026-05-22 10:45:20] SCORE Group 16 (lawn green): Final=1268.0, Time=89.4, Moves(102)=0.7, Pins(8)=800.0, Dist=378.0, Win Bonus=0.0
[2026-05-22 10:45:20] ALL WRONG MOVES BY COLOUR: {}
[2026-05-22 10:45:20] MOVE 308: Gruppe 10 (purple) 81->70 [0.00ms]
[2026-05-22 10:45:20] SCORE PCS (yellow): Final=490.0, Time=63.4, Moves(103)=0.6, Pins(1)=100.0, Dist=326.0, Win Bonus=0.0
[2026-05-22 10:45:20] SCORE Gruppe 10 (purple): Final=925.7, Time=83.2, Moves(103)=0.6, Pins(5)=500.0, Dist=342.0, Win Bonus=0.0
[2026-05-22 10:45:20] SCORE Group 16 (lawn green): Final=1268.0, Time=89.4, Moves(102)=0.7, Pins(8)=800.0, Dist=378.0, Win Bonus=0.0
[2026-05-22 10:45:20] ALL WRONG MOVES BY COLOUR: {}
[2026-05-22 10:45:20] MOVE 309: Group 16 (lawn green) 47->57 [0.00ms]
[2026-05-22 10:45:20] SCORE PCS (yellow): Final=490.0, Time=63.4, Moves(103)=0.6, Pins(1)=100.0, Dist=326.0, Win Bonus=0.0
[2026-05-22 10:45:20] SCORE Gruppe 10 (purple): Final=925.7, Time=83.2, Moves(103)=0.6, Pins(5)=500.0, Dist=342.0, Win Bonus=0.0
[2026-05-22 10:45:20] SCORE Group 16 (lawn green): Final=1267.8, Time=89.3, Moves(103)=0.6, Pins(8)=800.0, Dist=378.0, Win Bonus=0.0
[2026-05-22 10:45:20] ALL WRONG MOVES BY COLOUR: {}
[2026-05-22 10:45:20] MOVE 310: PCS (yellow) 89->90 [0.00ms]
[2026-05-22 10:45:20] SCORE PCS (yellow): Final=491.4, Time=63.0, Moves(104)=0.5, Pins(1)=100.0, Dist=328.0, Win Bonus=0.0
[2026-05-22 10:45:20] SCORE Gruppe 10 (purple): Final=925.7, Time=83.2, Moves(103)=0.6, Pins(5)=500.0, Dist=342.0, Win Bonus=0.0
[2026-05-22 10:45:20] SCORE Group 16 (lawn green): Final=1267.8, Time=89.3, Moves(103)=0.6, Pins(8)=800.0, Dist=378.0, Win Bonus=0.0
[2026-05-22 10:45:20] ALL WRONG MOVES BY COLOUR: {}
[2026-05-22 10:45:20] MOVE 311: Gruppe 10 (purple) 68->79 [0.00ms]
[2026-05-22 10:45:20] SCORE PCS (yellow): Final=491.4, Time=63.0, Moves(104)=0.5, Pins(1)=100.0, Dist=328.0, Win Bonus=0.0
[2026-05-22 10:45:20] SCORE Gruppe 10 (purple): Final=923.5, Time=83.1, Moves(104)=0.5, Pins(5)=500.0, Dist=340.0, Win Bonus=0.0
[2026-05-22 10:45:20] SCORE Group 16 (lawn green): Final=1267.8, Time=89.3, Moves(103)=0.6, Pins(8)=800.0, Dist=378.0, Win Bonus=0.0
[2026-05-22 10:45:20] ALL WRONG MOVES BY COLOUR: {}
[2026-05-22 10:45:20] MOVE 312: Group 16 (lawn green) 57->48 [0.01ms]
[2026-05-22 10:45:20] SCORE PCS (yellow): Final=491.4, Time=63.0, Moves(104)=0.5, Pins(1)=100.0, Dist=328.0, Win Bonus=0.0
[2026-05-22 10:45:20] SCORE Gruppe 10 (purple): Final=923.5, Time=83.1, Moves(104)=0.5, Pins(5)=500.0, Dist=340.0, Win Bonus=0.0
[2026-05-22 10:45:20] SCORE Group 16 (lawn green): Final=1265.6, Time=89.2, Moves(104)=0.5, Pins(8)=800.0, Dist=376.0, Win Bonus=0.0
[2026-05-22 10:45:20] ALL WRONG MOVES BY COLOUR: {}
[2026-05-22 10:45:21] MOVE 313: PCS (yellow) 113->91 [0.00ms]
[2026-05-22 10:45:21] SCORE PCS (yellow): Final=489.0, Time=62.6, Moves(105)=0.4, Pins(1)=100.0, Dist=326.0, Win Bonus=0.0
[2026-05-22 10:45:21] SCORE Gruppe 10 (purple): Final=923.5, Time=83.1, Moves(104)=0.5, Pins(5)=500.0, Dist=340.0, Win Bonus=0.0
[2026-05-22 10:45:21] SCORE Group 16 (lawn green): Final=1265.6, Time=89.2, Moves(104)=0.5, Pins(8)=800.0, Dist=376.0, Win Bonus=0.0
[2026-05-22 10:45:21] ALL WRONG MOVES BY COLOUR: {}
[2026-05-22 10:45:21] MOVE 314: Gruppe 10 (purple) 70->71 [0.00ms]
[2026-05-22 10:45:21] SCORE PCS (yellow): Final=489.0, Time=62.6, Moves(105)=0.4, Pins(1)=100.0, Dist=326.0, Win Bonus=0.0
[2026-05-22 10:45:21] SCORE Gruppe 10 (purple): Final=921.3, Time=82.9, Moves(105)=0.4, Pins(5)=500.0, Dist=338.0, Win Bonus=0.0
[2026-05-22 10:45:21] SCORE Group 16 (lawn green): Final=1265.6, Time=89.2, Moves(104)=0.5, Pins(8)=800.0, Dist=376.0, Win Bonus=0.0
[2026-05-22 10:45:21] ALL WRONG MOVES BY COLOUR: {}
[2026-05-22 10:45:21] MOVE 315: Group 16 (lawn green) 48->37 [0.01ms]
[2026-05-22 10:45:21] SCORE PCS (yellow): Final=489.0, Time=62.6, Moves(105)=0.4, Pins(1)=100.0, Dist=326.0, Win Bonus=0.0
[2026-05-22 10:45:21] SCORE Gruppe 10 (purple): Final=921.3, Time=82.9, Moves(105)=0.4, Pins(5)=500.0, Dist=338.0, Win Bonus=0.0
[2026-05-22 10:45:21] SCORE Group 16 (lawn green): Final=1265.4, Time=89.0, Moves(105)=0.4, Pins(8)=800.0, Dist=376.0, Win Bonus=0.0
[2026-05-22 10:45:21] ALL WRONG MOVES BY COLOUR: {}
[2026-05-22 10:45:21] MOVE 316: PCS (yellow) 90->89 [0.01ms]
[2026-05-22 10:45:21] SCORE PCS (yellow): Final=486.6, Time=62.3, Moves(106)=0.3, Pins(1)=100.0, Dist=324.0, Win Bonus=0.0
[2026-05-22 10:45:21] SCORE Gruppe 10 (purple): Final=921.3, Time=82.9, Moves(105)=0.4, Pins(5)=500.0, Dist=338.0, Win Bonus=0.0
[2026-05-22 10:45:21] SCORE Group 16 (lawn green): Final=1265.4, Time=89.0, Moves(105)=0.4, Pins(8)=800.0, Dist=376.0, Win Bonus=0.0
[2026-05-22 10:45:21] ALL WRONG MOVES BY COLOUR: {}
[2026-05-22 10:45:22] MOVE 317: Gruppe 10 (purple) 62->53 [0.00ms]
[2026-05-22 10:45:22] SCORE PCS (yellow): Final=486.6, Time=62.3, Moves(106)=0.3, Pins(1)=100.0, Dist=324.0, Win Bonus=0.0
[2026-05-22 10:45:22] SCORE Gruppe 10 (purple): Final=921.1, Time=82.8, Moves(106)=0.3, Pins(5)=500.0, Dist=338.0, Win Bonus=0.0
[2026-05-22 10:45:22] SCORE Group 16 (lawn green): Final=1265.4, Time=89.0, Moves(105)=0.4, Pins(8)=800.0, Dist=376.0, Win Bonus=0.0
[2026-05-22 10:45:22] ALL WRONG MOVES BY COLOUR: {}
[2026-05-22 10:45:22] MOVE 318: Group 16 (lawn green) 37->35 [0.01ms]
[2026-05-22 10:45:22] SCORE PCS (yellow): Final=486.6, Time=62.3, Moves(106)=0.3, Pins(1)=100.0, Dist=324.0, Win Bonus=0.0
[2026-05-22 10:45:22] SCORE Gruppe 10 (purple): Final=921.1, Time=82.8, Moves(106)=0.3, Pins(5)=500.0, Dist=338.0, Win Bonus=0.0
[2026-05-22 10:45:22] SCORE Group 16 (lawn green): Final=1265.2, Time=88.9, Moves(106)=0.3, Pins(8)=800.0, Dist=376.0, Win Bonus=0.0
[2026-05-22 10:45:22] ALL WRONG MOVES BY COLOUR: {}
[2026-05-22 10:45:22] MOVE 319: PCS (yellow) 91->90 [0.00ms]
[2026-05-22 10:45:22] SCORE PCS (yellow): Final=484.2, Time=62.0, Moves(107)=0.3, Pins(1)=100.0, Dist=322.0, Win Bonus=0.0
[2026-05-22 10:45:22] SCORE Gruppe 10 (purple): Final=921.1, Time=82.8, Moves(106)=0.3, Pins(5)=500.0, Dist=338.0, Win Bonus=0.0
[2026-05-22 10:45:22] SCORE Group 16 (lawn green): Final=1265.2, Time=88.9, Moves(106)=0.3, Pins(8)=800.0, Dist=376.0, Win Bonus=0.0
[2026-05-22 10:45:22] ALL WRONG MOVES BY COLOUR: {}
[2026-05-22 10:45:22] MOVE 320: Gruppe 10 (purple) 79->91 [0.00ms]
[2026-05-22 10:45:22] SCORE PCS (yellow): Final=484.2, Time=62.0, Moves(107)=0.3, Pins(1)=100.0, Dist=322.0, Win Bonus=0.0
[2026-05-22 10:45:22] SCORE Gruppe 10 (purple): Final=918.9, Time=82.7, Moves(107)=0.3, Pins(5)=500.0, Dist=336.0, Win Bonus=0.0
[2026-05-22 10:45:22] SCORE Group 16 (lawn green): Final=1265.2, Time=88.9, Moves(106)=0.3, Pins(8)=800.0, Dist=376.0, Win Bonus=0.0
[2026-05-22 10:45:22] ALL WRONG MOVES BY COLOUR: {}
[2026-05-22 10:45:22] MOVE 321: Group 16 (lawn green) 35->23 [0.00ms]
[2026-05-22 10:45:22] SCORE PCS (yellow): Final=484.2, Time=62.0, Moves(107)=0.3, Pins(1)=100.0, Dist=322.0, Win Bonus=0.0
[2026-05-22 10:45:22] SCORE Gruppe 10 (purple): Final=918.9, Time=82.7, Moves(107)=0.3, Pins(5)=500.0, Dist=336.0, Win Bonus=0.0
[2026-05-22 10:45:22] SCORE Group 16 (lawn green): Final=1263.1, Time=88.8, Moves(107)=0.3, Pins(8)=800.0, Dist=374.0, Win Bonus=0.0
[2026-05-22 10:45:22] ALL WRONG MOVES BY COLOUR: {}
[2026-05-22 10:45:23] MOVE 322: PCS (yellow) 30->29 [0.01ms]
[2026-05-22 10:45:23] SCORE PCS (yellow): Final=481.7, Time=61.5, Moves(108)=0.2, Pins(1)=100.0, Dist=320.0, Win Bonus=0.0
[2026-05-22 10:45:23] SCORE Gruppe 10 (purple): Final=918.9, Time=82.7, Moves(107)=0.3, Pins(5)=500.0, Dist=336.0, Win Bonus=0.0
[2026-05-22 10:45:23] SCORE Group 16 (lawn green): Final=1263.1, Time=88.8, Moves(107)=0.3, Pins(8)=800.0, Dist=374.0, Win Bonus=0.0
[2026-05-22 10:45:23] ALL WRONG MOVES BY COLOUR: {}
[2026-05-22 10:45:23] MOVE 323: Gruppe 10 (purple) 91->92 [0.00ms]
[2026-05-22 10:45:23] SCORE PCS (yellow): Final=481.7, Time=61.5, Moves(108)=0.2, Pins(1)=100.0, Dist=320.0, Win Bonus=0.0
[2026-05-22 10:45:23] SCORE Gruppe 10 (purple): Final=916.7, Time=82.5, Moves(108)=0.2, Pins(5)=500.0, Dist=334.0, Win Bonus=0.0
[2026-05-22 10:45:23] SCORE Group 16 (lawn green): Final=1263.1, Time=88.8, Moves(107)=0.3, Pins(8)=800.0, Dist=374.0, Win Bonus=0.0
[2026-05-22 10:45:23] ALL WRONG MOVES BY COLOUR: {}
[2026-05-22 10:45:23] MOVE 324: Group 16 (lawn green) 0->1 [0.00ms]
[2026-05-22 10:45:23] SCORE PCS (yellow): Final=481.7, Time=61.5, Moves(108)=0.2, Pins(1)=100.0, Dist=320.0, Win Bonus=0.0
[2026-05-22 10:45:23] SCORE Gruppe 10 (purple): Final=916.7, Time=82.5, Moves(108)=0.2, Pins(5)=500.0, Dist=334.0, Win Bonus=0.0
[2026-05-22 10:45:23] SCORE Group 16 (lawn green): Final=1264.9, Time=88.7, Moves(108)=0.2, Pins(8)=800.0, Dist=376.0, Win Bonus=0.0
[2026-05-22 10:45:23] ALL WRONG MOVES BY COLOUR: {}
[2026-05-22 10:45:23] MOVE 325: PCS (yellow) 104->106 [0.00ms]
[2026-05-22 10:45:23] SCORE PCS (yellow): Final=485.4, Time=61.2, Moves(109)=0.2, Pins(1)=100.0, Dist=324.0, Win Bonus=0.0
[2026-05-22 10:45:23] SCORE Gruppe 10 (purple): Final=916.7, Time=82.5, Moves(108)=0.2, Pins(5)=500.0, Dist=334.0, Win Bonus=0.0
[2026-05-22 10:45:23] SCORE Group 16 (lawn green): Final=1264.9, Time=88.7, Moves(108)=0.2, Pins(8)=800.0, Dist=376.0, Win Bonus=0.0
[2026-05-22 10:45:23] ALL WRONG MOVES BY COLOUR: {}
[2026-05-22 10:45:23] MOVE 326: Gruppe 10 (purple) 92->105 [0.00ms]
[2026-05-22 10:45:23] SCORE PCS (yellow): Final=485.4, Time=61.2, Moves(109)=0.2, Pins(1)=100.0, Dist=324.0, Win Bonus=0.0
[2026-05-22 10:45:23] SCORE Gruppe 10 (purple): Final=914.5, Time=82.4, Moves(109)=0.2, Pins(5)=500.0, Dist=332.0, Win Bonus=0.0
[2026-05-22 10:45:23] SCORE Group 16 (lawn green): Final=1264.9, Time=88.7, Moves(108)=0.2, Pins(8)=800.0, Dist=376.0, Win Bonus=0.0
[2026-05-22 10:45:23] ALL WRONG MOVES BY COLOUR: {}
[2026-05-22 10:45:23] MOVE 327: Group 16 (lawn green) 1->3 [0.00ms]
[2026-05-22 10:45:23] SCORE PCS (yellow): Final=485.4, Time=61.2, Moves(109)=0.2, Pins(1)=100.0, Dist=324.0, Win Bonus=0.0
[2026-05-22 10:45:23] SCORE Gruppe 10 (purple): Final=914.5, Time=82.4, Moves(109)=0.2, Pins(5)=500.0, Dist=332.0, Win Bonus=0.0
[2026-05-22 10:45:23] SCORE Group 16 (lawn green): Final=1266.9, Time=88.7, Moves(109)=0.2, Pins(8)=800.0, Dist=378.0, Win Bonus=0.0
[2026-05-22 10:45:23] ALL WRONG MOVES BY COLOUR: {}
[2026-05-22 10:45:24] MOVE 328: PCS (yellow) 102->79 [0.00ms]
[2026-05-22 10:45:24] SCORE PCS (yellow): Final=484.9, Time=60.8, Moves(110)=0.1, Pins(1)=100.0, Dist=324.0, Win Bonus=0.0
[2026-05-22 10:45:24] SCORE Gruppe 10 (purple): Final=914.5, Time=82.4, Moves(109)=0.2, Pins(5)=500.0, Dist=332.0, Win Bonus=0.0
[2026-05-22 10:45:24] SCORE Group 16 (lawn green): Final=1266.9, Time=88.7, Moves(109)=0.2, Pins(8)=800.0, Dist=378.0, Win Bonus=0.0
[2026-05-22 10:45:24] ALL WRONG MOVES BY COLOUR: {}
[2026-05-22 10:45:24] MOVE 329: Gruppe 10 (purple) 71->62 [0.00ms]
[2026-05-22 10:45:24] SCORE PCS (yellow): Final=484.9, Time=60.8, Moves(110)=0.1, Pins(1)=100.0, Dist=324.0, Win Bonus=0.0
[2026-05-22 10:45:24] SCORE Gruppe 10 (purple): Final=914.3, Time=82.2, Moves(110)=0.1, Pins(5)=500.0, Dist=332.0, Win Bonus=0.0
[2026-05-22 10:45:24] SCORE Group 16 (lawn green): Final=1266.9, Time=88.7, Moves(109)=0.2, Pins(8)=800.0, Dist=378.0, Win Bonus=0.0
[2026-05-22 10:45:24] ALL WRONG MOVES BY COLOUR: {}
[2026-05-22 10:45:24] MOVE 330: Group 16 (lawn green) 3->6 [0.00ms]
[2026-05-22 10:45:24] SCORE PCS (yellow): Final=484.9, Time=60.8, Moves(110)=0.1, Pins(1)=100.0, Dist=324.0, Win Bonus=0.0
[2026-05-22 10:45:24] SCORE Gruppe 10 (purple): Final=914.3, Time=82.2, Moves(110)=0.1, Pins(5)=500.0, Dist=332.0, Win Bonus=0.0
[2026-05-22 10:45:24] SCORE Group 16 (lawn green): Final=1268.7, Time=88.5, Moves(110)=0.1, Pins(8)=800.0, Dist=380.0, Win Bonus=0.0
[2026-05-22 10:45:24] ALL WRONG MOVES BY COLOUR: {}
[2026-05-22 10:45:24] MOVE 331: PCS (yellow) 79->102 [0.00ms]
[2026-05-22 10:45:24] SCORE PCS (yellow): Final=484.6, Time=60.5, Moves(111)=0.1, Pins(1)=100.0, Dist=324.0, Win Bonus=0.0
[2026-05-22 10:45:24] SCORE Gruppe 10 (purple): Final=914.3, Time=82.2, Moves(110)=0.1, Pins(5)=500.0, Dist=332.0, Win Bonus=0.0
[2026-05-22 10:45:24] SCORE Group 16 (lawn green): Final=1268.7, Time=88.5, Moves(110)=0.1, Pins(8)=800.0, Dist=380.0, Win Bonus=0.0
[2026-05-22 10:45:24] ALL WRONG MOVES BY COLOUR: {}
[2026-05-22 10:45:25] MOVE 332: Gruppe 10 (purple) 105->82 [0.00ms]
[2026-05-22 10:45:25] SCORE PCS (yellow): Final=484.6, Time=60.5, Moves(111)=0.1, Pins(1)=100.0, Dist=324.0, Win Bonus=0.0
[2026-05-22 10:45:25] SCORE Gruppe 10 (purple): Final=914.2, Time=82.1, Moves(111)=0.1, Pins(5)=500.0, Dist=332.0, Win Bonus=0.0
[2026-05-22 10:45:25] SCORE Group 16 (lawn green): Final=1268.7, Time=88.5, Moves(110)=0.1, Pins(8)=800.0, Dist=380.0, Win Bonus=0.0
[2026-05-22 10:45:25] ALL WRONG MOVES BY COLOUR: {}
[2026-05-22 10:45:25] MOVE 333: Group 16 (lawn green) 6->14 [0.00ms]
[2026-05-22 10:45:25] SCORE PCS (yellow): Final=484.6, Time=60.5, Moves(111)=0.1, Pins(1)=100.0, Dist=324.0, Win Bonus=0.0
[2026-05-22 10:45:25] SCORE Gruppe 10 (purple): Final=914.2, Time=82.1, Moves(111)=0.1, Pins(5)=500.0, Dist=332.0, Win Bonus=0.0
[2026-05-22 10:45:25] SCORE Group 16 (lawn green): Final=1270.5, Time=88.4, Moves(111)=0.1, Pins(8)=800.0, Dist=382.0, Win Bonus=0.0
[2026-05-22 10:45:25] ALL WRONG MOVES BY COLOUR: {}
[2026-05-22 10:45:25] MOVE 334: PCS (yellow) 77->78 [0.00ms]
[2026-05-22 10:45:25] SCORE PCS (yellow): Final=486.2, Time=60.1, Moves(112)=0.1, Pins(1)=100.0, Dist=326.0, Win Bonus=0.0
[2026-05-22 10:45:25] SCORE Gruppe 10 (purple): Final=914.2, Time=82.1, Moves(111)=0.1, Pins(5)=500.0, Dist=332.0, Win Bonus=0.0
[2026-05-22 10:45:25] SCORE Group 16 (lawn green): Final=1270.5, Time=88.4, Moves(111)=0.1, Pins(8)=800.0, Dist=382.0, Win Bonus=0.0
[2026-05-22 10:45:25] ALL WRONG MOVES BY COLOUR: {}
[2026-05-22 10:45:25] MOVE 335: Gruppe 10 (purple) 53->71 [0.00ms]
[2026-05-22 10:45:25] SCORE PCS (yellow): Final=486.2, Time=60.1, Moves(112)=0.1, Pins(1)=100.0, Dist=326.0, Win Bonus=0.0
[2026-05-22 10:45:25] SCORE Gruppe 10 (purple): Final=914.0, Time=81.9, Moves(112)=0.1, Pins(5)=500.0, Dist=332.0, Win Bonus=0.0
[2026-05-22 10:45:25] SCORE Group 16 (lawn green): Final=1270.5, Time=88.4, Moves(111)=0.1, Pins(8)=800.0, Dist=382.0, Win Bonus=0.0
[2026-05-22 10:45:25] ALL WRONG MOVES BY COLOUR: {}
[2026-05-22 10:45:25] MOVE 336: Group 16 (lawn green) 14->26 [0.00ms]
[2026-05-22 10:45:25] SCORE PCS (yellow): Final=486.2, Time=60.1, Moves(112)=0.1, Pins(1)=100.0, Dist=326.0, Win Bonus=0.0
[2026-05-22 10:45:25] SCORE Gruppe 10 (purple): Final=914.0, Time=81.9, Moves(112)=0.1, Pins(5)=500.0, Dist=332.0, Win Bonus=0.0
[2026-05-22 10:45:25] SCORE Group 16 (lawn green): Final=1272.4, Time=88.3, Moves(112)=0.1, Pins(8)=800.0, Dist=384.0, Win Bonus=0.0
[2026-05-22 10:45:25] ALL WRONG MOVES BY COLOUR: {}
[2026-05-22 10:45:26] MOVE 337: PCS (yellow) 78->79 [0.01ms]
[2026-05-22 10:45:26] SCORE PCS (yellow): Final=487.8, Time=59.7, Moves(113)=0.1, Pins(1)=100.0, Dist=328.0, Win Bonus=0.0
[2026-05-22 10:45:26] SCORE Gruppe 10 (purple): Final=914.0, Time=81.9, Moves(112)=0.1, Pins(5)=500.0, Dist=332.0, Win Bonus=0.0
[2026-05-22 10:45:26] SCORE Group 16 (lawn green): Final=1272.4, Time=88.3, Moves(112)=0.1, Pins(8)=800.0, Dist=384.0, Win Bonus=0.0
[2026-05-22 10:45:26] ALL WRONG MOVES BY COLOUR: {}
[2026-05-22 10:45:26] MOVE 338: Gruppe 10 (purple) 82->61 [0.01ms]
[2026-05-22 10:45:26] SCORE PCS (yellow): Final=487.8, Time=59.7, Moves(113)=0.1, Pins(1)=100.0, Dist=328.0, Win Bonus=0.0
[2026-05-22 10:45:26] SCORE Gruppe 10 (purple): Final=917.7, Time=81.6, Moves(113)=0.1, Pins(5)=500.0, Dist=336.0, Win Bonus=0.0
[2026-05-22 10:45:26] SCORE Group 16 (lawn green): Final=1272.4, Time=88.3, Moves(112)=0.1, Pins(8)=800.0, Dist=384.0, Win Bonus=0.0
[2026-05-22 10:45:26] ALL WRONG MOVES BY COLOUR: {}
[2026-05-22 10:45:26] MOVE 339: Group 16 (lawn green) 26->37 [0.01ms]
[2026-05-22 10:45:26] SCORE PCS (yellow): Final=487.8, Time=59.7, Moves(113)=0.1, Pins(1)=100.0, Dist=328.0, Win Bonus=0.0
[2026-05-22 10:45:26] SCORE Gruppe 10 (purple): Final=917.7, Time=81.6, Moves(113)=0.1, Pins(5)=500.0, Dist=336.0, Win Bonus=0.0
[2026-05-22 10:45:26] SCORE Group 16 (lawn green): Final=1274.3, Time=88.2, Moves(113)=0.1, Pins(8)=800.0, Dist=386.0, Win Bonus=0.0
[2026-05-22 10:45:26] ALL WRONG MOVES BY COLOUR: {}
[2026-05-22 10:45:27] MOVE 340: PCS (yellow) 90->91 [0.00ms]
[2026-05-22 10:45:27] SCORE PCS (yellow): Final=489.4, Time=59.4, Moves(114)=0.1, Pins(1)=100.0, Dist=330.0, Win Bonus=0.0
[2026-05-22 10:45:27] SCORE Gruppe 10 (purple): Final=917.7, Time=81.6, Moves(113)=0.1, Pins(5)=500.0, Dist=336.0, Win Bonus=0.0
[2026-05-22 10:45:27] SCORE Group 16 (lawn green): Final=1274.3, Time=88.2, Moves(113)=0.1, Pins(8)=800.0, Dist=386.0, Win Bonus=0.0
[2026-05-22 10:45:27] ALL WRONG MOVES BY COLOUR: {}
[2026-05-22 10:45:27] MOVE 341: Gruppe 10 (purple) 71->51 [0.01ms]
[2026-05-22 10:45:27] SCORE PCS (yellow): Final=489.4, Time=59.4, Moves(114)=0.1, Pins(1)=100.0, Dist=330.0, Win Bonus=0.0
[2026-05-22 10:45:27] SCORE Gruppe 10 (purple): Final=921.5, Time=81.5, Moves(114)=0.1, Pins(5)=500.0, Dist=340.0, Win Bonus=0.0
[2026-05-22 10:45:27] SCORE Group 16 (lawn green): Final=1274.3, Time=88.2, Moves(113)=0.1, Pins(8)=800.0, Dist=386.0, Win Bonus=0.0
[2026-05-22 10:45:27] ALL WRONG MOVES BY COLOUR: {}
[2026-05-22 10:45:27] MOVE 342: Group 16 (lawn green) 37->47 [0.00ms]
[2026-05-22 10:45:27] SCORE PCS (yellow): Final=489.4, Time=59.4, Moves(114)=0.1, Pins(1)=100.0, Dist=330.0, Win Bonus=0.0
[2026-05-22 10:45:27] SCORE Gruppe 10 (purple): Final=921.5, Time=81.5, Moves(114)=0.1, Pins(5)=500.0, Dist=340.0, Win Bonus=0.0
[2026-05-22 10:45:27] SCORE Group 16 (lawn green): Final=1276.0, Time=88.0, Moves(114)=0.1, Pins(8)=800.0, Dist=388.0, Win Bonus=0.0
[2026-05-22 10:45:27] ALL WRONG MOVES BY COLOUR: {}
[2026-05-22 10:45:27] MOVE 343: PCS (yellow) 79->104 [0.02ms]
[2026-05-22 10:45:27] SCORE PCS (yellow): Final=493.1, Time=59.0, Moves(115)=0.1, Pins(1)=100.0, Dist=334.0, Win Bonus=0.0
[2026-05-22 10:45:27] SCORE Gruppe 10 (purple): Final=921.5, Time=81.5, Moves(114)=0.1, Pins(5)=500.0, Dist=340.0, Win Bonus=0.0
[2026-05-22 10:45:27] SCORE Group 16 (lawn green): Final=1276.0, Time=88.0, Moves(114)=0.1, Pins(8)=800.0, Dist=388.0, Win Bonus=0.0
[2026-05-22 10:45:27] ALL WRONG MOVES BY COLOUR: {}
[2026-05-22 10:45:27] MOVE 344: Gruppe 10 (purple) 51->60 [0.01ms]
[2026-05-22 10:45:27] SCORE PCS (yellow): Final=493.1, Time=59.0, Moves(115)=0.1, Pins(1)=100.0, Dist=334.0, Win Bonus=0.0
[2026-05-22 10:45:27] SCORE Gruppe 10 (purple): Final=921.3, Time=81.2, Moves(115)=0.1, Pins(5)=500.0, Dist=340.0, Win Bonus=0.0
[2026-05-22 10:45:27] SCORE Group 16 (lawn green): Final=1276.0, Time=88.0, Moves(114)=0.1, Pins(8)=800.0, Dist=388.0, Win Bonus=0.0
[2026-05-22 10:45:27] ALL WRONG MOVES BY COLOUR: {}
[2026-05-22 10:45:28] MOVE 345: Group 16 (lawn green) 47->56 [0.01ms]
[2026-05-22 10:45:28] SCORE PCS (yellow): Final=493.1, Time=59.0, Moves(115)=0.1, Pins(1)=100.0, Dist=334.0, Win Bonus=0.0
[2026-05-22 10:45:28] SCORE Gruppe 10 (purple): Final=921.3, Time=81.2, Moves(115)=0.1, Pins(5)=500.0, Dist=340.0, Win Bonus=0.0
[2026-05-22 10:45:28] SCORE Group 16 (lawn green): Final=1277.8, Time=87.8, Moves(115)=0.1, Pins(8)=800.0, Dist=390.0, Win Bonus=0.0
[2026-05-22 10:45:28] ALL WRONG MOVES BY COLOUR: {}
[2026-05-22 10:45:28] MOVE 346: PCS (yellow) 91->113 [0.01ms]
[2026-05-22 10:45:28] SCORE PCS (yellow): Final=494.7, Time=58.7, Moves(116)=0.0, Pins(1)=100.0, Dist=336.0, Win Bonus=0.0
[2026-05-22 10:45:28] SCORE Gruppe 10 (purple): Final=921.3, Time=81.2, Moves(115)=0.1, Pins(5)=500.0, Dist=340.0, Win Bonus=0.0
[2026-05-22 10:45:28] SCORE Group 16 (lawn green): Final=1277.8, Time=87.8, Moves(115)=0.1, Pins(8)=800.0, Dist=390.0, Win Bonus=0.0
[2026-05-22 10:45:28] ALL WRONG MOVES BY COLOUR: {}
[2026-05-22 10:45:28] MOVE 347: Gruppe 10 (purple) 60->69 [0.00ms]
[2026-05-22 10:45:28] SCORE PCS (yellow): Final=494.7, Time=58.7, Moves(116)=0.0, Pins(1)=100.0, Dist=336.0, Win Bonus=0.0
[2026-05-22 10:45:28] SCORE Gruppe 10 (purple): Final=921.2, Time=81.1, Moves(116)=0.0, Pins(5)=500.0, Dist=340.0, Win Bonus=0.0
[2026-05-22 10:45:28] SCORE Group 16 (lawn green): Final=1277.8, Time=87.8, Moves(115)=0.1, Pins(8)=800.0, Dist=390.0, Win Bonus=0.0
[2026-05-22 10:45:28] ALL WRONG MOVES BY COLOUR: {}
[2026-05-22 10:45:28] MOVE 348: Group 16 (lawn green) 56->66 [0.00ms]
[2026-05-22 10:45:28] SCORE PCS (yellow): Final=494.7, Time=58.7, Moves(116)=0.0, Pins(1)=100.0, Dist=336.0, Win Bonus=0.0
[2026-05-22 10:45:28] SCORE Gruppe 10 (purple): Final=921.2, Time=81.1, Moves(116)=0.0, Pins(5)=500.0, Dist=340.0, Win Bonus=0.0
[2026-05-22 10:45:28] SCORE Group 16 (lawn green): Final=1277.7, Time=87.7, Moves(116)=0.0, Pins(8)=800.0, Dist=390.0, Win Bonus=0.0
[2026-05-22 10:45:28] ALL WRONG MOVES BY COLOUR: {}
[2026-05-22 10:45:29] MOVE 349: PCS (yellow) 41->52 [0.00ms]
[2026-05-22 10:45:29] SCORE PCS (yellow): Final=496.3, Time=58.3, Moves(117)=0.0, Pins(1)=100.0, Dist=338.0, Win Bonus=0.0
[2026-05-22 10:45:29] SCORE Gruppe 10 (purple): Final=921.2, Time=81.1, Moves(116)=0.0, Pins(5)=500.0, Dist=340.0, Win Bonus=0.0
[2026-05-22 10:45:29] SCORE Group 16 (lawn green): Final=1277.7, Time=87.7, Moves(116)=0.0, Pins(8)=800.0, Dist=390.0, Win Bonus=0.0
[2026-05-22 10:45:29] ALL WRONG MOVES BY COLOUR: {}
[2026-05-22 10:45:29] MOVE 350: Gruppe 10 (purple) 61->42 [0.01ms]
[2026-05-22 10:45:29] SCORE PCS (yellow): Final=496.3, Time=58.3, Moves(117)=0.0, Pins(1)=100.0, Dist=338.0, Win Bonus=0.0
[2026-05-22 10:45:29] SCORE Gruppe 10 (purple): Final=920.9, Time=80.8, Moves(117)=0.0, Pins(5)=500.0, Dist=340.0, Win Bonus=0.0
[2026-05-22 10:45:29] SCORE Group 16 (lawn green): Final=1277.7, Time=87.7, Moves(116)=0.0, Pins(8)=800.0, Dist=390.0, Win Bonus=0.0
[2026-05-22 10:45:29] ALL WRONG MOVES BY COLOUR: {}
[2026-05-22 10:45:29] MOVE 351: Group 16 (lawn green) 66->77 [0.00ms]
[2026-05-22 10:45:29] SCORE PCS (yellow): Final=496.3, Time=58.3, Moves(117)=0.0, Pins(1)=100.0, Dist=338.0, Win Bonus=0.0
[2026-05-22 10:45:29] SCORE Gruppe 10 (purple): Final=920.9, Time=80.8, Moves(117)=0.0, Pins(5)=500.0, Dist=340.0, Win Bonus=0.0
[2026-05-22 10:45:29] SCORE Group 16 (lawn green): Final=1277.7, Time=87.6, Moves(117)=0.0, Pins(8)=800.0, Dist=390.0, Win Bonus=0.0
[2026-05-22 10:45:29] ALL WRONG MOVES BY COLOUR: {}
[2026-05-22 10:45:29] MOVE 352: PCS (yellow) 106->64 [0.00ms]
[2026-05-22 10:45:29] SCORE PCS (yellow): Final=496.0, Time=58.0, Moves(118)=0.0, Pins(1)=100.0, Dist=338.0, Win Bonus=0.0
[2026-05-22 10:45:29] SCORE Gruppe 10 (purple): Final=920.9, Time=80.8, Moves(117)=0.0, Pins(5)=500.0, Dist=340.0, Win Bonus=0.0
[2026-05-22 10:45:29] SCORE Group 16 (lawn green): Final=1277.7, Time=87.6, Moves(117)=0.0, Pins(8)=800.0, Dist=390.0, Win Bonus=0.0
[2026-05-22 10:45:29] ALL WRONG MOVES BY COLOUR: {}
[2026-05-22 10:45:29] MOVE 353: Gruppe 10 (purple) 42->31 [0.00ms]
[2026-05-22 10:45:29] SCORE PCS (yellow): Final=496.0, Time=58.0, Moves(118)=0.0, Pins(1)=100.0, Dist=338.0, Win Bonus=0.0
[2026-05-22 10:45:29] SCORE Gruppe 10 (purple): Final=920.7, Time=80.6, Moves(118)=0.0, Pins(5)=500.0, Dist=340.0, Win Bonus=0.0
[2026-05-22 10:45:29] SCORE Group 16 (lawn green): Final=1277.7, Time=87.6, Moves(117)=0.0, Pins(8)=800.0, Dist=390.0, Win Bonus=0.0
[2026-05-22 10:45:29] ALL WRONG MOVES BY COLOUR: {}
[2026-05-22 10:45:30] MOVE 354: Group 16 (lawn green) 77->67 [0.00ms]
[2026-05-22 10:45:30] SCORE PCS (yellow): Final=496.0, Time=58.0, Moves(118)=0.0, Pins(1)=100.0, Dist=338.0, Win Bonus=0.0
[2026-05-22 10:45:30] SCORE Gruppe 10 (purple): Final=920.7, Time=80.6, Moves(118)=0.0, Pins(5)=500.0, Dist=340.0, Win Bonus=0.0
[2026-05-22 10:45:30] SCORE Group 16 (lawn green): Final=1275.6, Time=87.6, Moves(118)=0.0, Pins(8)=800.0, Dist=388.0, Win Bonus=0.0
[2026-05-22 10:45:30] ALL WRONG MOVES BY COLOUR: {}
[2026-05-22 10:45:30] MOVE 355: PCS (yellow) 54->95 [0.01ms]
[2026-05-22 10:45:30] SCORE PCS (yellow): Final=599.7, Time=57.6, Moves(119)=0.0, Pins(2)=200.0, Dist=342.0, Win Bonus=0.0
[2026-05-22 10:45:30] SCORE Gruppe 10 (purple): Final=920.7, Time=80.6, Moves(118)=0.0, Pins(5)=500.0, Dist=340.0, Win Bonus=0.0
[2026-05-22 10:45:30] SCORE Group 16 (lawn green): Final=1275.6, Time=87.6, Moves(118)=0.0, Pins(8)=800.0, Dist=388.0, Win Bonus=0.0
[2026-05-22 10:45:30] ALL WRONG MOVES BY COLOUR: {}
[2026-05-22 10:45:30] MOVE 356: Gruppe 10 (purple) 31->18 [0.00ms]
[2026-05-22 10:45:30] SCORE PCS (yellow): Final=599.7, Time=57.6, Moves(119)=0.0, Pins(2)=200.0, Dist=342.0, Win Bonus=0.0
[2026-05-22 10:45:30] SCORE Gruppe 10 (purple): Final=922.5, Time=80.5, Moves(119)=0.0, Pins(5)=500.0, Dist=342.0, Win Bonus=0.0
[2026-05-22 10:45:30] SCORE Group 16 (lawn green): Final=1275.6, Time=87.6, Moves(118)=0.0, Pins(8)=800.0, Dist=388.0, Win Bonus=0.0
[2026-05-22 10:45:30] ALL WRONG MOVES BY COLOUR: {}
[2026-05-22 10:45:30] MOVE 357: Group 16 (lawn green) 67->57 [0.00ms]
[2026-05-22 10:45:30] SCORE PCS (yellow): Final=599.7, Time=57.6, Moves(119)=0.0, Pins(2)=200.0, Dist=342.0, Win Bonus=0.0
[2026-05-22 10:45:30] SCORE Gruppe 10 (purple): Final=922.5, Time=80.5, Moves(119)=0.0, Pins(5)=500.0, Dist=342.0, Win Bonus=0.0
[2026-05-22 10:45:30] SCORE Group 16 (lawn green): Final=1275.5, Time=87.5, Moves(119)=0.0, Pins(8)=800.0, Dist=388.0, Win Bonus=0.0
[2026-05-22 10:45:30] ALL WRONG MOVES BY COLOUR: {}
[2026-05-22 10:45:31] MOVE 358: PCS (yellow) 52->74 [0.01ms]
[2026-05-22 10:45:31] SCORE PCS (yellow): Final=707.3, Time=57.2, Moves(120)=0.0, Pins(3)=300.0, Dist=350.0, Win Bonus=0.0
[2026-05-22 10:45:31] SCORE Gruppe 10 (purple): Final=922.5, Time=80.5, Moves(119)=0.0, Pins(5)=500.0, Dist=342.0, Win Bonus=0.0
[2026-05-22 10:45:31] SCORE Group 16 (lawn green): Final=1275.5, Time=87.5, Moves(119)=0.0, Pins(8)=800.0, Dist=388.0, Win Bonus=0.0
[2026-05-22 10:45:31] ALL WRONG MOVES BY COLOUR: {}
[2026-05-22 10:45:31] MOVE 359: Gruppe 10 (purple) 10->12 [0.00ms]
[2026-05-22 10:45:31] SCORE PCS (yellow): Final=707.3, Time=57.2, Moves(120)=0.0, Pins(3)=300.0, Dist=350.0, Win Bonus=0.0
[2026-05-22 10:45:31] SCORE Gruppe 10 (purple): Final=922.3, Time=80.3, Moves(120)=0.0, Pins(5)=500.0, Dist=342.0, Win Bonus=0.0
[2026-05-22 10:45:31] SCORE Group 16 (lawn green): Final=1275.5, Time=87.5, Moves(119)=0.0, Pins(8)=800.0, Dist=388.0, Win Bonus=0.0
[2026-05-22 10:45:31] ALL WRONG MOVES BY COLOUR: {}
[2026-05-22 10:45:31] MOVE 360: Group 16 (lawn green) 23->10 [0.01ms]
[2026-05-22 10:45:31] SCORE PCS (yellow): Final=707.3, Time=57.2, Moves(120)=0.0, Pins(3)=300.0, Dist=350.0, Win Bonus=0.0
[2026-05-22 10:45:31] SCORE Gruppe 10 (purple): Final=922.3, Time=80.3, Moves(120)=0.0, Pins(5)=500.0, Dist=342.0, Win Bonus=0.0
[2026-05-22 10:45:31] SCORE Group 16 (lawn green): Final=1273.4, Time=87.3, Moves(120)=0.0, Pins(8)=800.0, Dist=386.0, Win Bonus=0.0
[2026-05-22 10:45:31] ALL WRONG MOVES BY COLOUR: {}
[2026-05-22 10:45:31] MOVE 361: PCS (yellow) 74->72 [0.01ms]
[2026-05-22 10:45:31] SCORE PCS (yellow): Final=603.0, Time=57.0, Moves(121)=0.0, Pins(2)=200.0, Dist=346.0, Win Bonus=0.0
[2026-05-22 10:45:31] SCORE Gruppe 10 (purple): Final=922.3, Time=80.3, Moves(120)=0.0, Pins(5)=500.0, Dist=342.0, Win Bonus=0.0
[2026-05-22 10:45:31] SCORE Group 16 (lawn green): Final=1273.4, Time=87.3, Moves(120)=0.0, Pins(8)=800.0, Dist=386.0, Win Bonus=0.0
[2026-05-22 10:45:31] ALL WRONG MOVES BY COLOUR: {}
[2026-05-22 10:45:31] MOVE 362: Gruppe 10 (purple) 12->35 [0.00ms]
[2026-05-22 10:45:31] SCORE PCS (yellow): Final=603.0, Time=57.0, Moves(121)=0.0, Pins(2)=200.0, Dist=346.0, Win Bonus=0.0
[2026-05-22 10:45:31] SCORE Gruppe 10 (purple): Final=922.1, Time=80.1, Moves(121)=0.0, Pins(5)=500.0, Dist=342.0, Win Bonus=0.0
[2026-05-22 10:45:31] SCORE Group 16 (lawn green): Final=1273.4, Time=87.3, Moves(120)=0.0, Pins(8)=800.0, Dist=386.0, Win Bonus=0.0
[2026-05-22 10:45:31] ALL WRONG MOVES BY COLOUR: {}
[2026-05-22 10:45:31] MOVE 363: Group 16 (lawn green) 10->12 [0.01ms]
[2026-05-22 10:45:31] SCORE PCS (yellow): Final=603.0, Time=57.0, Moves(121)=0.0, Pins(2)=200.0, Dist=346.0, Win Bonus=0.0
[2026-05-22 10:45:31] SCORE Gruppe 10 (purple): Final=922.1, Time=80.1, Moves(121)=0.0, Pins(5)=500.0, Dist=342.0, Win Bonus=0.0
[2026-05-22 10:45:31] SCORE Group 16 (lawn green): Final=1273.2, Time=87.2, Moves(121)=0.0, Pins(8)=800.0, Dist=386.0, Win Bonus=0.0
[2026-05-22 10:45:31] ALL WRONG MOVES BY COLOUR: {}
[2026-05-22 10:45:32] MOVE 364: PCS (yellow) 64->74 [0.00ms]
[2026-05-22 10:45:32] SCORE PCS (yellow): Final=704.7, Time=56.7, Moves(122)=0.0, Pins(3)=300.0, Dist=348.0, Win Bonus=0.0
[2026-05-22 10:45:32] SCORE Gruppe 10 (purple): Final=922.1, Time=80.1, Moves(121)=0.0, Pins(5)=500.0, Dist=342.0, Win Bonus=0.0
[2026-05-22 10:45:32] SCORE Group 16 (lawn green): Final=1273.2, Time=87.2, Moves(121)=0.0, Pins(8)=800.0, Dist=386.0, Win Bonus=0.0
[2026-05-22 10:45:32] ALL WRONG MOVES BY COLOUR: {}
[2026-05-22 10:45:32] MOVE 365: Gruppe 10 (purple) 35->23 [0.00ms]
[2026-05-22 10:45:32] SCORE PCS (yellow): Final=704.7, Time=56.7, Moves(122)=0.0, Pins(3)=300.0, Dist=348.0, Win Bonus=0.0
[2026-05-22 10:45:32] SCORE Gruppe 10 (purple): Final=921.9, Time=79.9, Moves(122)=0.0, Pins(5)=500.0, Dist=342.0, Win Bonus=0.0
[2026-05-22 10:45:32] SCORE Group 16 (lawn green): Final=1273.2, Time=87.2, Moves(121)=0.0, Pins(8)=800.0, Dist=386.0, Win Bonus=0.0
[2026-05-22 10:45:32] ALL WRONG MOVES BY COLOUR: {}
[2026-05-22 10:45:32] MOVE 366: Group 16 (lawn green) 12->13 [0.01ms]
[2026-05-22 10:45:32] SCORE PCS (yellow): Final=704.7, Time=56.7, Moves(122)=0.0, Pins(3)=300.0, Dist=348.0, Win Bonus=0.0
[2026-05-22 10:45:32] SCORE Gruppe 10 (purple): Final=921.9, Time=79.9, Moves(122)=0.0, Pins(5)=500.0, Dist=342.0, Win Bonus=0.0
[2026-05-22 10:45:32] SCORE Group 16 (lawn green): Final=1273.2, Time=87.2, Moves(122)=0.0, Pins(8)=800.0, Dist=386.0, Win Bonus=0.0
[2026-05-22 10:45:32] ALL WRONG MOVES BY COLOUR: {}
[2026-05-22 10:45:32] MOVE 367: PCS (yellow) 84->107 [0.00ms]
[2026-05-22 10:45:32] SCORE PCS (yellow): Final=704.3, Time=56.3, Moves(123)=0.0, Pins(3)=300.0, Dist=348.0, Win Bonus=0.0
[2026-05-22 10:45:32] SCORE Gruppe 10 (purple): Final=921.9, Time=79.9, Moves(122)=0.0, Pins(5)=500.0, Dist=342.0, Win Bonus=0.0
[2026-05-22 10:45:32] SCORE Group 16 (lawn green): Final=1273.2, Time=87.2, Moves(122)=0.0, Pins(8)=800.0, Dist=386.0, Win Bonus=0.0
[2026-05-22 10:45:32] ALL WRONG MOVES BY COLOUR: {}
[2026-05-22 10:45:32] MOVE 368: Gruppe 10 (purple) 18->30 [0.00ms]
[2026-05-22 10:45:32] SCORE PCS (yellow): Final=704.3, Time=56.3, Moves(123)=0.0, Pins(3)=300.0, Dist=348.0, Win Bonus=0.0
[2026-05-22 10:45:32] SCORE Gruppe 10 (purple): Final=921.8, Time=79.8, Moves(123)=0.0, Pins(5)=500.0, Dist=342.0, Win Bonus=0.0
[2026-05-22 10:45:32] SCORE Group 16 (lawn green): Final=1273.2, Time=87.2, Moves(122)=0.0, Pins(8)=800.0, Dist=386.0, Win Bonus=0.0
[2026-05-22 10:45:32] ALL WRONG MOVES BY COLOUR: {}
[2026-05-22 10:45:33] MOVE 369: Group 16 (lawn green) 13->26 [0.01ms]
[2026-05-22 10:45:33] SCORE PCS (yellow): Final=704.3, Time=56.3, Moves(123)=0.0, Pins(3)=300.0, Dist=348.0, Win Bonus=0.0
[2026-05-22 10:45:33] SCORE Gruppe 10 (purple): Final=921.8, Time=79.8, Moves(123)=0.0, Pins(5)=500.0, Dist=342.0, Win Bonus=0.0
[2026-05-22 10:45:33] SCORE Group 16 (lawn green): Final=1275.1, Time=87.1, Moves(123)=0.0, Pins(8)=800.0, Dist=388.0, Win Bonus=0.0
[2026-05-22 10:45:33] ALL WRONG MOVES BY COLOUR: {}
[2026-05-22 10:45:33] MOVE 370: PCS (yellow) 107->63 [0.00ms]
[2026-05-22 10:45:33] SCORE PCS (yellow): Final=599.9, Time=55.9, Moves(124)=0.0, Pins(2)=200.0, Dist=344.0, Win Bonus=0.0
[2026-05-22 10:45:33] SCORE Gruppe 10 (purple): Final=921.8, Time=79.8, Moves(123)=0.0, Pins(5)=500.0, Dist=342.0, Win Bonus=0.0
[2026-05-22 10:45:33] SCORE Group 16 (lawn green): Final=1275.1, Time=87.1, Moves(123)=0.0, Pins(8)=800.0, Dist=388.0, Win Bonus=0.0
[2026-05-22 10:45:33] ALL WRONG MOVES BY COLOUR: {}
[2026-05-22 10:45:33] MOVE 371: Gruppe 10 (purple) 30->41 [0.01ms]
[2026-05-22 10:45:33] SCORE PCS (yellow): Final=599.9, Time=55.9, Moves(124)=0.0, Pins(2)=200.0, Dist=344.0, Win Bonus=0.0
[2026-05-22 10:45:33] SCORE Gruppe 10 (purple): Final=921.6, Time=79.6, Moves(124)=0.0, Pins(5)=500.0, Dist=342.0, Win Bonus=0.0
[2026-05-22 10:45:33] SCORE Group 16 (lawn green): Final=1275.1, Time=87.1, Moves(123)=0.0, Pins(8)=800.0, Dist=388.0, Win Bonus=0.0
[2026-05-22 10:45:33] ALL WRONG MOVES BY COLOUR: {}
[2026-05-22 10:45:33] MOVE 372: Group 16 (lawn green) 57->48 [0.01ms]
[2026-05-22 10:45:33] SCORE PCS (yellow): Final=599.9, Time=55.9, Moves(124)=0.0, Pins(2)=200.0, Dist=344.0, Win Bonus=0.0
[2026-05-22 10:45:33] SCORE Gruppe 10 (purple): Final=921.6, Time=79.6, Moves(124)=0.0, Pins(5)=500.0, Dist=342.0, Win Bonus=0.0
[2026-05-22 10:45:33] SCORE Group 16 (lawn green): Final=1272.9, Time=86.9, Moves(124)=0.0, Pins(8)=800.0, Dist=386.0, Win Bonus=0.0
[2026-05-22 10:45:33] ALL WRONG MOVES BY COLOUR: {}
[2026-05-22 10:45:34] MOVE 373: PCS (yellow) 63->107 [0.00ms]
[2026-05-22 10:45:34] SCORE PCS (yellow): Final=703.6, Time=55.6, Moves(125)=0.0, Pins(3)=300.0, Dist=348.0, Win Bonus=0.0
[2026-05-22 10:45:34] SCORE Gruppe 10 (purple): Final=921.6, Time=79.6, Moves(124)=0.0, Pins(5)=500.0, Dist=342.0, Win Bonus=0.0
[2026-05-22 10:45:34] SCORE Group 16 (lawn green): Final=1272.9, Time=86.9, Moves(124)=0.0, Pins(8)=800.0, Dist=386.0, Win Bonus=0.0
[2026-05-22 10:45:34] ALL WRONG MOVES BY COLOUR: {}
[2026-05-22 10:45:34] MOVE 374: Gruppe 10 (purple) 41->42 [0.01ms]
[2026-05-22 10:45:34] SCORE PCS (yellow): Final=703.6, Time=55.6, Moves(125)=0.0, Pins(3)=300.0, Dist=348.0, Win Bonus=0.0
[2026-05-22 10:45:34] SCORE Gruppe 10 (purple): Final=919.4, Time=79.4, Moves(125)=0.0, Pins(5)=500.0, Dist=340.0, Win Bonus=0.0
[2026-05-22 10:45:34] SCORE Group 16 (lawn green): Final=1272.9, Time=86.9, Moves(124)=0.0, Pins(8)=800.0, Dist=386.0, Win Bonus=0.0
[2026-05-22 10:45:34] ALL WRONG MOVES BY COLOUR: {}
[2026-05-22 10:45:34] MOVE 375: Group 16 (lawn green) 48->58 [0.01ms]
[2026-05-22 10:45:34] SCORE PCS (yellow): Final=703.6, Time=55.6, Moves(125)=0.0, Pins(3)=300.0, Dist=348.0, Win Bonus=0.0
[2026-05-22 10:45:34] SCORE Gruppe 10 (purple): Final=919.4, Time=79.4, Moves(125)=0.0, Pins(5)=500.0, Dist=340.0, Win Bonus=0.0
[2026-05-22 10:45:34] SCORE Group 16 (lawn green): Final=1272.9, Time=86.9, Moves(125)=0.0, Pins(8)=800.0, Dist=386.0, Win Bonus=0.0
[2026-05-22 10:45:34] ALL WRONG MOVES BY COLOUR: {}
[2026-05-22 10:45:34] MOVE 376: PCS (yellow) 29->30 [0.01ms]
[2026-05-22 10:45:34] SCORE PCS (yellow): Final=705.2, Time=55.2, Moves(126)=0.0, Pins(3)=300.0, Dist=350.0, Win Bonus=0.0
[2026-05-22 10:45:34] SCORE Gruppe 10 (purple): Final=919.4, Time=79.4, Moves(125)=0.0, Pins(5)=500.0, Dist=340.0, Win Bonus=0.0
[2026-05-22 10:45:34] SCORE Group 16 (lawn green): Final=1272.9, Time=86.9, Moves(125)=0.0, Pins(8)=800.0, Dist=386.0, Win Bonus=0.0
[2026-05-22 10:45:34] ALL WRONG MOVES BY COLOUR: {}
[2026-05-22 10:45:34] MOVE 377: Gruppe 10 (purple) 24->12 [0.00ms]
[2026-05-22 10:45:34] SCORE PCS (yellow): Final=705.2, Time=55.2, Moves(126)=0.0, Pins(3)=300.0, Dist=350.0, Win Bonus=0.0
[2026-05-22 10:45:34] SCORE Gruppe 10 (purple): Final=919.3, Time=79.3, Moves(126)=0.0, Pins(5)=500.0, Dist=340.0, Win Bonus=0.0
[2026-05-22 10:45:34] SCORE Group 16 (lawn green): Final=1272.9, Time=86.9, Moves(125)=0.0, Pins(8)=800.0, Dist=386.0, Win Bonus=0.0
[2026-05-22 10:45:34] ALL WRONG MOVES BY COLOUR: {}
[2026-05-22 10:45:34] MOVE 378: Group 16 (lawn green) 58->68 [0.01ms]
[2026-05-22 10:45:34] SCORE PCS (yellow): Final=705.2, Time=55.2, Moves(126)=0.0, Pins(3)=300.0, Dist=350.0, Win Bonus=0.0
[2026-05-22 10:45:34] SCORE Gruppe 10 (purple): Final=919.3, Time=79.3, Moves(126)=0.0, Pins(5)=500.0, Dist=340.0, Win Bonus=0.0
[2026-05-22 10:45:34] SCORE Group 16 (lawn green): Final=1272.7, Time=86.7, Moves(126)=0.0, Pins(8)=800.0, Dist=386.0, Win Bonus=0.0
[2026-05-22 10:45:34] ALL WRONG MOVES BY COLOUR: {}
[2026-05-22 10:45:35] MOVE 379: PCS (yellow) 107->84 [0.00ms]
[2026-05-22 10:45:35] SCORE PCS (yellow): Final=704.8, Time=54.8, Moves(127)=0.0, Pins(3)=300.0, Dist=350.0, Win Bonus=0.0
[2026-05-22 10:45:35] SCORE Gruppe 10 (purple): Final=919.3, Time=79.3, Moves(126)=0.0, Pins(5)=500.0, Dist=340.0, Win Bonus=0.0
[2026-05-22 10:45:35] SCORE Group 16 (lawn green): Final=1272.7, Time=86.7, Moves(126)=0.0, Pins(8)=800.0, Dist=386.0, Win Bonus=0.0
[2026-05-22 10:45:35] ALL WRONG MOVES BY COLOUR: {}
[2026-05-22 10:45:35] MOVE 380: Gruppe 10 (purple) 12->10 [0.01ms]
[2026-05-22 10:45:35] SCORE PCS (yellow): Final=704.8, Time=54.8, Moves(127)=0.0, Pins(3)=300.0, Dist=350.0, Win Bonus=0.0
[2026-05-22 10:45:35] SCORE Gruppe 10 (purple): Final=919.2, Time=79.2, Moves(127)=0.0, Pins(5)=500.0, Dist=340.0, Win Bonus=0.0
[2026-05-22 10:45:35] SCORE Group 16 (lawn green): Final=1272.7, Time=86.7, Moves(126)=0.0, Pins(8)=800.0, Dist=386.0, Win Bonus=0.0
[2026-05-22 10:45:35] ALL WRONG MOVES BY COLOUR: {}
[2026-05-22 10:45:35] MOVE 381: Group 16 (lawn green) 26->47 [0.01ms]
[2026-05-22 10:45:35] SCORE PCS (yellow): Final=704.8, Time=54.8, Moves(127)=0.0, Pins(3)=300.0, Dist=350.0, Win Bonus=0.0
[2026-05-22 10:45:35] SCORE Gruppe 10 (purple): Final=919.2, Time=79.2, Moves(127)=0.0, Pins(5)=500.0, Dist=340.0, Win Bonus=0.0
[2026-05-22 10:45:35] SCORE Group 16 (lawn green): Final=1276.7, Time=86.6, Moves(127)=0.0, Pins(8)=800.0, Dist=390.0, Win Bonus=0.0
[2026-05-22 10:45:35] ALL WRONG MOVES BY COLOUR: {}
[2026-05-22 10:45:35] MOVE 382: PCS (yellow) 84->107 [0.00ms]
[2026-05-22 10:45:35] SCORE PCS (yellow): Final=704.5, Time=54.5, Moves(128)=0.0, Pins(3)=300.0, Dist=350.0, Win Bonus=0.0
[2026-05-22 10:45:35] SCORE Gruppe 10 (purple): Final=919.2, Time=79.2, Moves(127)=0.0, Pins(5)=500.0, Dist=340.0, Win Bonus=0.0
[2026-05-22 10:45:35] SCORE Group 16 (lawn green): Final=1276.7, Time=86.6, Moves(127)=0.0, Pins(8)=800.0, Dist=390.0, Win Bonus=0.0
[2026-05-22 10:45:35] ALL WRONG MOVES BY COLOUR: {}
[2026-05-22 10:45:36] MOVE 383: Gruppe 10 (purple) 42->31 [0.01ms]
[2026-05-22 10:45:36] SCORE PCS (yellow): Final=704.5, Time=54.5, Moves(128)=0.0, Pins(3)=300.0, Dist=350.0, Win Bonus=0.0
[2026-05-22 10:45:36] SCORE Gruppe 10 (purple): Final=919.1, Time=79.1, Moves(128)=0.0, Pins(5)=500.0, Dist=340.0, Win Bonus=0.0
[2026-05-22 10:45:36] SCORE Group 16 (lawn green): Final=1276.7, Time=86.6, Moves(127)=0.0, Pins(8)=800.0, Dist=390.0, Win Bonus=0.0
[2026-05-22 10:45:36] ALL WRONG MOVES BY COLOUR: {}
[2026-05-22 10:45:36] MOVE 384: Group 16 (lawn green) 47->56 [0.00ms]
[2026-05-22 10:45:36] SCORE PCS (yellow): Final=704.5, Time=54.5, Moves(128)=0.0, Pins(3)=300.0, Dist=350.0, Win Bonus=0.0
[2026-05-22 10:45:36] SCORE Gruppe 10 (purple): Final=919.1, Time=79.1, Moves(128)=0.0, Pins(5)=500.0, Dist=340.0, Win Bonus=0.0
[2026-05-22 10:45:36] SCORE Group 16 (lawn green): Final=1278.6, Time=86.6, Moves(128)=0.0, Pins(8)=800.0, Dist=392.0, Win Bonus=0.0
[2026-05-22 10:45:36] ALL WRONG MOVES BY COLOUR: {}
[2026-05-22 10:45:36] MOVE 385: PCS (yellow) 107->108 [0.00ms]
[2026-05-22 10:45:36] SCORE PCS (yellow): Final=704.1, Time=54.1, Moves(129)=0.0, Pins(3)=300.0, Dist=350.0, Win Bonus=0.0
[2026-05-22 10:45:36] SCORE Gruppe 10 (purple): Final=919.1, Time=79.1, Moves(128)=0.0, Pins(5)=500.0, Dist=340.0, Win Bonus=0.0
[2026-05-22 10:45:36] SCORE Group 16 (lawn green): Final=1278.6, Time=86.6, Moves(128)=0.0, Pins(8)=800.0, Dist=392.0, Win Bonus=0.0
[2026-05-22 10:45:36] ALL WRONG MOVES BY COLOUR: {}
[2026-05-22 10:45:36] MOVE 386: Gruppe 10 (purple) 31->29 [0.00ms]
[2026-05-22 10:45:36] SCORE PCS (yellow): Final=704.1, Time=54.1, Moves(129)=0.0, Pins(3)=300.0, Dist=350.0, Win Bonus=0.0
[2026-05-22 10:45:36] SCORE Gruppe 10 (purple): Final=922.9, Time=78.9, Moves(129)=0.0, Pins(5)=500.0, Dist=344.0, Win Bonus=0.0
[2026-05-22 10:45:36] SCORE Group 16 (lawn green): Final=1278.6, Time=86.6, Moves(128)=0.0, Pins(8)=800.0, Dist=392.0, Win Bonus=0.0
[2026-05-22 10:45:36] ALL WRONG MOVES BY COLOUR: {}
[2026-05-22 10:45:36] MOVE 387: Group 16 (lawn green) 68->78 [0.00ms]
[2026-05-22 10:45:36] SCORE PCS (yellow): Final=704.1, Time=54.1, Moves(129)=0.0, Pins(3)=300.0, Dist=350.0, Win Bonus=0.0
[2026-05-22 10:45:36] SCORE Gruppe 10 (purple): Final=922.9, Time=78.9, Moves(129)=0.0, Pins(5)=500.0, Dist=344.0, Win Bonus=0.0
[2026-05-22 10:45:36] SCORE Group 16 (lawn green): Final=1280.5, Time=86.5, Moves(129)=0.0, Pins(8)=800.0, Dist=394.0, Win Bonus=0.0
[2026-05-22 10:45:36] ALL WRONG MOVES BY COLOUR: {}
[2026-05-22 10:45:37] MOVE 388: PCS (yellow) 113->91 [0.00ms]
[2026-05-22 10:45:37] SCORE PCS (yellow): Final=701.7, Time=53.7, Moves(130)=0.0, Pins(3)=300.0, Dist=348.0, Win Bonus=0.0
[2026-05-22 10:45:37] SCORE Gruppe 10 (purple): Final=922.9, Time=78.9, Moves(129)=0.0, Pins(5)=500.0, Dist=344.0, Win Bonus=0.0
[2026-05-22 10:45:37] SCORE Group 16 (lawn green): Final=1280.5, Time=86.5, Moves(129)=0.0, Pins(8)=800.0, Dist=394.0, Win Bonus=0.0
[2026-05-22 10:45:37] ALL WRONG MOVES BY COLOUR: {}
[2026-05-22 10:45:37] MOVE 389: Gruppe 10 (purple) 10->35 [0.00ms]
[2026-05-22 10:45:37] SCORE PCS (yellow): Final=701.7, Time=53.7, Moves(130)=0.0, Pins(3)=300.0, Dist=348.0, Win Bonus=0.0
[2026-05-22 10:45:37] SCORE Gruppe 10 (purple): Final=922.8, Time=78.8, Moves(130)=0.0, Pins(5)=500.0, Dist=344.0, Win Bonus=0.0
[2026-05-22 10:45:37] SCORE Group 16 (lawn green): Final=1280.5, Time=86.5, Moves(129)=0.0, Pins(8)=800.0, Dist=394.0, Win Bonus=0.0
[2026-05-22 10:45:37] ALL WRONG MOVES BY COLOUR: {}
[2026-05-22 10:45:37] MOVE 390: Group 16 (lawn green) 56->66 [0.00ms]
[2026-05-22 10:45:37] SCORE PCS (yellow): Final=701.7, Time=53.7, Moves(130)=0.0, Pins(3)=300.0, Dist=348.0, Win Bonus=0.0
[2026-05-22 10:45:37] SCORE Gruppe 10 (purple): Final=922.8, Time=78.8, Moves(130)=0.0, Pins(5)=500.0, Dist=344.0, Win Bonus=0.0
[2026-05-22 10:45:37] SCORE Group 16 (lawn green): Final=1280.4, Time=86.4, Moves(130)=0.0, Pins(8)=800.0, Dist=394.0, Win Bonus=0.0
[2026-05-22 10:45:37] ALL WRONG MOVES BY COLOUR: {}
[2026-05-22 10:45:37] MOVE 391: PCS (yellow) 104->79 [0.00ms]
[2026-05-22 10:45:37] SCORE PCS (yellow): Final=697.3, Time=53.3, Moves(131)=0.0, Pins(3)=300.0, Dist=344.0, Win Bonus=0.0
[2026-05-22 10:45:37] SCORE Gruppe 10 (purple): Final=922.8, Time=78.8, Moves(130)=0.0, Pins(5)=500.0, Dist=344.0, Win Bonus=0.0
[2026-05-22 10:45:37] SCORE Group 16 (lawn green): Final=1280.4, Time=86.4, Moves(130)=0.0, Pins(8)=800.0, Dist=394.0, Win Bonus=0.0
[2026-05-22 10:45:37] ALL WRONG MOVES BY COLOUR: {}
[2026-05-22 10:45:37] MOVE 392: Gruppe 10 (purple) 69->92 [0.00ms]
[2026-05-22 10:45:37] SCORE PCS (yellow): Final=697.3, Time=53.3, Moves(131)=0.0, Pins(3)=300.0, Dist=344.0, Win Bonus=0.0
[2026-05-22 10:45:37] SCORE Gruppe 10 (purple): Final=918.7, Time=78.7, Moves(131)=0.0, Pins(5)=500.0, Dist=340.0, Win Bonus=0.0
[2026-05-22 10:45:37] SCORE Group 16 (lawn green): Final=1280.4, Time=86.4, Moves(130)=0.0, Pins(8)=800.0, Dist=394.0, Win Bonus=0.0
[2026-05-22 10:45:37] ALL WRONG MOVES BY COLOUR: {}
[2026-05-22 10:45:37] MOVE 393: Group 16 (lawn green) 66->77 [0.00ms]
[2026-05-22 10:45:37] SCORE PCS (yellow): Final=697.3, Time=53.3, Moves(131)=0.0, Pins(3)=300.0, Dist=344.0, Win Bonus=0.0
[2026-05-22 10:45:37] SCORE Gruppe 10 (purple): Final=918.7, Time=78.7, Moves(131)=0.0, Pins(5)=500.0, Dist=340.0, Win Bonus=0.0
[2026-05-22 10:45:37] SCORE Group 16 (lawn green): Final=1280.3, Time=86.3, Moves(131)=0.0, Pins(8)=800.0, Dist=394.0, Win Bonus=0.0
[2026-05-22 10:45:37] ALL WRONG MOVES BY COLOUR: {}
[2026-05-22 10:45:38] MOVE 394: PCS (yellow) 79->104 [0.00ms]
[2026-05-22 10:45:38] SCORE PCS (yellow): Final=700.9, Time=52.9, Moves(132)=0.0, Pins(3)=300.0, Dist=348.0, Win Bonus=0.0
[2026-05-22 10:45:38] SCORE Gruppe 10 (purple): Final=918.7, Time=78.7, Moves(131)=0.0, Pins(5)=500.0, Dist=340.0, Win Bonus=0.0
[2026-05-22 10:45:38] SCORE Group 16 (lawn green): Final=1280.3, Time=86.3, Moves(131)=0.0, Pins(8)=800.0, Dist=394.0, Win Bonus=0.0
[2026-05-22 10:45:38] ALL WRONG MOVES BY COLOUR: {}
[2026-05-22 10:45:38] MOVE 395: Gruppe 10 (purple) 35->46 [0.00ms]
[2026-05-22 10:45:38] SCORE PCS (yellow): Final=700.9, Time=52.9, Moves(132)=0.0, Pins(3)=300.0, Dist=348.0, Win Bonus=0.0
[2026-05-22 10:45:38] SCORE Gruppe 10 (purple): Final=918.5, Time=78.5, Moves(132)=0.0, Pins(5)=500.0, Dist=340.0, Win Bonus=0.0
[2026-05-22 10:45:38] SCORE Group 16 (lawn green): Final=1280.3, Time=86.3, Moves(131)=0.0, Pins(8)=800.0, Dist=394.0, Win Bonus=0.0
[2026-05-22 10:45:38] ALL WRONG MOVES BY COLOUR: {}
[2026-05-22 10:45:38] MOVE 396: Group 16 (lawn green) 78->90 [0.00ms]
[2026-05-22 10:45:38] SCORE PCS (yellow): Final=700.9, Time=52.9, Moves(132)=0.0, Pins(3)=300.0, Dist=348.0, Win Bonus=0.0
[2026-05-22 10:45:38] SCORE Gruppe 10 (purple): Final=918.5, Time=78.5, Moves(132)=0.0, Pins(5)=500.0, Dist=340.0, Win Bonus=0.0
[2026-05-22 10:45:38] SCORE Group 16 (lawn green): Final=1280.2, Time=86.2, Moves(132)=0.0, Pins(8)=800.0, Dist=394.0, Win Bonus=0.0
[2026-05-22 10:45:38] ALL WRONG MOVES BY COLOUR: {}
[2026-05-22 10:45:38] MOVE 397: PCS (yellow) 91->93 [0.00ms]
[2026-05-22 10:45:38] SCORE PCS (yellow): Final=704.6, Time=52.6, Moves(133)=0.0, Pins(3)=300.0, Dist=352.0, Win Bonus=0.0
[2026-05-22 10:45:38] SCORE Gruppe 10 (purple): Final=918.5, Time=78.5, Moves(132)=0.0, Pins(5)=500.0, Dist=340.0, Win Bonus=0.0
[2026-05-22 10:45:38] SCORE Group 16 (lawn green): Final=1280.2, Time=86.2, Moves(132)=0.0, Pins(8)=800.0, Dist=394.0, Win Bonus=0.0
[2026-05-22 10:45:38] ALL WRONG MOVES BY COLOUR: {}
[2026-05-22 10:45:39] MOVE 398: Gruppe 10 (purple) 92->105 [0.01ms]
[2026-05-22 10:45:39] SCORE PCS (yellow): Final=704.6, Time=52.6, Moves(133)=0.0, Pins(3)=300.0, Dist=352.0, Win Bonus=0.0
[2026-05-22 10:45:39] SCORE Gruppe 10 (purple): Final=916.4, Time=78.4, Moves(133)=0.0, Pins(5)=500.0, Dist=338.0, Win Bonus=0.0
[2026-05-22 10:45:39] SCORE Group 16 (lawn green): Final=1280.2, Time=86.2, Moves(132)=0.0, Pins(8)=800.0, Dist=394.0, Win Bonus=0.0
[2026-05-22 10:45:39] ALL WRONG MOVES BY COLOUR: {}
[2026-05-22 10:45:39] MOVE 399: Group 16 (lawn green) 90->79 [0.00ms]
[2026-05-22 10:45:39] SCORE PCS (yellow): Final=704.6, Time=52.6, Moves(133)=0.0, Pins(3)=300.0, Dist=352.0, Win Bonus=0.0
[2026-05-22 10:45:39] SCORE Gruppe 10 (purple): Final=916.4, Time=78.4, Moves(133)=0.0, Pins(5)=500.0, Dist=338.0, Win Bonus=0.0
[2026-05-22 10:45:39] SCORE Group 16 (lawn green): Final=1278.1, Time=86.1, Moves(133)=0.0, Pins(8)=800.0, Dist=392.0, Win Bonus=0.0
[2026-05-22 10:45:39] ALL WRONG MOVES BY COLOUR: {}
[2026-05-22 10:45:39] MOVE 400: PCS (yellow) 104->106 [0.00ms]
[2026-05-22 10:45:39] SCORE PCS (yellow): Final=708.2, Time=52.2, Moves(134)=0.0, Pins(3)=300.0, Dist=356.0, Win Bonus=0.0
[2026-05-22 10:45:39] SCORE Gruppe 10 (purple): Final=916.4, Time=78.4, Moves(133)=0.0, Pins(5)=500.0, Dist=338.0, Win Bonus=0.0
[2026-05-22 10:45:39] SCORE Group 16 (lawn green): Final=1278.1, Time=86.1, Moves(133)=0.0, Pins(8)=800.0, Dist=392.0, Win Bonus=0.0
[2026-05-22 10:45:39] ALL WRONG MOVES BY COLOUR: {}
[2026-05-22 10:45:39] MOVE 401: Gruppe 10 (purple) 105->104 [0.00ms]
[2026-05-22 10:45:39] SCORE PCS (yellow): Final=708.2, Time=52.2, Moves(134)=0.0, Pins(3)=300.0, Dist=356.0, Win Bonus=0.0
[2026-05-22 10:45:39] SCORE Gruppe 10 (purple): Final=918.2, Time=78.2, Moves(134)=0.0, Pins(5)=500.0, Dist=340.0, Win Bonus=0.0
[2026-05-22 10:45:39] SCORE Group 16 (lawn green): Final=1278.1, Time=86.1, Moves(133)=0.0, Pins(8)=800.0, Dist=392.0, Win Bonus=0.0
[2026-05-22 10:45:39] ALL WRONG MOVES BY COLOUR: {}
[2026-05-22 10:45:39] MOVE 402: Group 16 (lawn green) 77->67 [0.00ms]
[2026-05-22 10:45:39] SCORE PCS (yellow): Final=708.2, Time=52.2, Moves(134)=0.0, Pins(3)=300.0, Dist=356.0, Win Bonus=0.0
[2026-05-22 10:45:39] SCORE Gruppe 10 (purple): Final=918.2, Time=78.2, Moves(134)=0.0, Pins(5)=500.0, Dist=340.0, Win Bonus=0.0
[2026-05-22 10:45:39] SCORE Group 16 (lawn green): Final=1276.1, Time=86.1, Moves(134)=0.0, Pins(8)=800.0, Dist=390.0, Win Bonus=0.0
[2026-05-22 10:45:39] ALL WRONG MOVES BY COLOUR: {}
[2026-05-22 10:45:40] MOVE 403: PCS (yellow) 74->85 [0.00ms]
[2026-05-22 10:45:40] SCORE PCS (yellow): Final=707.9, Time=51.9, Moves(135)=0.0, Pins(3)=300.0, Dist=356.0, Win Bonus=0.0
[2026-05-22 10:45:40] SCORE Gruppe 10 (purple): Final=918.2, Time=78.2, Moves(134)=0.0, Pins(5)=500.0, Dist=340.0, Win Bonus=0.0
[2026-05-22 10:45:40] SCORE Group 16 (lawn green): Final=1276.1, Time=86.1, Moves(134)=0.0, Pins(8)=800.0, Dist=390.0, Win Bonus=0.0
[2026-05-22 10:45:40] ALL WRONG MOVES BY COLOUR: {}
[2026-05-22 10:45:40] MOVE 404: Gruppe 10 (purple) 94->83 [0.00ms]
[2026-05-22 10:45:40] SCORE PCS (yellow): Final=707.9, Time=51.9, Moves(135)=0.0, Pins(3)=300.0, Dist=356.0, Win Bonus=0.0
[2026-05-22 10:45:40] SCORE Gruppe 10 (purple): Final=918.0, Time=78.0, Moves(135)=0.0, Pins(5)=500.0, Dist=340.0, Win Bonus=0.0
[2026-05-22 10:45:40] SCORE Group 16 (lawn green): Final=1276.1, Time=86.1, Moves(134)=0.0, Pins(8)=800.0, Dist=390.0, Win Bonus=0.0
[2026-05-22 10:45:40] ALL WRONG MOVES BY COLOUR: {}
[2026-05-22 10:45:40] MOVE 405: Group 16 (lawn green) 67->57 [0.01ms]
[2026-05-22 10:45:40] SCORE PCS (yellow): Final=707.9, Time=51.9, Moves(135)=0.0, Pins(3)=300.0, Dist=356.0, Win Bonus=0.0
[2026-05-22 10:45:40] SCORE Gruppe 10 (purple): Final=918.0, Time=78.0, Moves(135)=0.0, Pins(5)=500.0, Dist=340.0, Win Bonus=0.0
[2026-05-22 10:45:40] SCORE Group 16 (lawn green): Final=1275.8, Time=85.8, Moves(135)=0.0, Pins(8)=800.0, Dist=390.0, Win Bonus=0.0
[2026-05-22 10:45:40] ALL WRONG MOVES BY COLOUR: {}
[2026-05-22 10:45:40] MOVE 406: PCS (yellow) 73->94 [0.00ms]
[2026-05-22 10:45:40] SCORE PCS (yellow): Final=707.7, Time=51.7, Moves(136)=0.0, Pins(3)=300.0, Dist=356.0, Win Bonus=0.0
[2026-05-22 10:45:40] SCORE Gruppe 10 (purple): Final=918.0, Time=78.0, Moves(135)=0.0, Pins(5)=500.0, Dist=340.0, Win Bonus=0.0
[2026-05-22 10:45:40] SCORE Group 16 (lawn green): Final=1275.8, Time=85.8, Moves(135)=0.0, Pins(8)=800.0, Dist=390.0, Win Bonus=0.0
[2026-05-22 10:45:40] ALL WRONG MOVES BY COLOUR: {}
[2026-05-22 10:45:40] MOVE 407: Gruppe 10 (purple) 83->73 [0.01ms]
[2026-05-22 10:45:40] SCORE PCS (yellow): Final=707.7, Time=51.7, Moves(136)=0.0, Pins(3)=300.0, Dist=356.0, Win Bonus=0.0
[2026-05-22 10:45:40] SCORE Gruppe 10 (purple): Final=917.9, Time=77.9, Moves(136)=0.0, Pins(5)=500.0, Dist=340.0, Win Bonus=0.0
[2026-05-22 10:45:40] SCORE Group 16 (lawn green): Final=1275.8, Time=85.8, Moves(135)=0.0, Pins(8)=800.0, Dist=390.0, Win Bonus=0.0
[2026-05-22 10:45:40] ALL WRONG MOVES BY COLOUR: {}
[2026-05-22 10:45:40] MOVE 408: Group 16 (lawn green) 79->91 [0.01ms]
[2026-05-22 10:45:40] SCORE PCS (yellow): Final=707.7, Time=51.7, Moves(136)=0.0, Pins(3)=300.0, Dist=356.0, Win Bonus=0.0
[2026-05-22 10:45:40] SCORE Gruppe 10 (purple): Final=917.9, Time=77.9, Moves(136)=0.0, Pins(5)=500.0, Dist=340.0, Win Bonus=0.0
[2026-05-22 10:45:40] SCORE Group 16 (lawn green): Final=1275.8, Time=85.8, Moves(136)=0.0, Pins(8)=800.0, Dist=390.0, Win Bonus=0.0
[2026-05-22 10:45:40] ALL WRONG MOVES BY COLOUR: {}
[2026-05-22 10:45:41] MOVE 409: PCS (yellow) 89->90 [0.01ms]
[2026-05-22 10:45:41] SCORE PCS (yellow): Final=709.2, Time=51.2, Moves(137)=0.0, Pins(3)=300.0, Dist=358.0, Win Bonus=0.0
[2026-05-22 10:45:41] SCORE Gruppe 10 (purple): Final=917.9, Time=77.9, Moves(136)=0.0, Pins(5)=500.0, Dist=340.0, Win Bonus=0.0
[2026-05-22 10:45:41] SCORE Group 16 (lawn green): Final=1275.8, Time=85.8, Moves(136)=0.0, Pins(8)=800.0, Dist=390.0, Win Bonus=0.0
[2026-05-22 10:45:41] ALL WRONG MOVES BY COLOUR: {}
[2026-05-22 10:45:41] MOVE 410: Gruppe 10 (purple) 23->24 [0.00ms]
[2026-05-22 10:45:41] SCORE PCS (yellow): Final=709.2, Time=51.2, Moves(137)=0.0, Pins(3)=300.0, Dist=358.0, Win Bonus=0.0
[2026-05-22 10:45:41] SCORE Gruppe 10 (purple): Final=917.8, Time=77.8, Moves(137)=0.0, Pins(5)=500.0, Dist=340.0, Win Bonus=0.0
[2026-05-22 10:45:41] SCORE Group 16 (lawn green): Final=1275.8, Time=85.8, Moves(136)=0.0, Pins(8)=800.0, Dist=390.0, Win Bonus=0.0
[2026-05-22 10:45:41] ALL WRONG MOVES BY COLOUR: {}
[2026-05-22 10:45:41] MOVE 411: Group 16 (lawn green) 91->89 [0.01ms]
[2026-05-22 10:45:41] SCORE PCS (yellow): Final=709.2, Time=51.2, Moves(137)=0.0, Pins(3)=300.0, Dist=358.0, Win Bonus=0.0
[2026-05-22 10:45:41] SCORE Gruppe 10 (purple): Final=917.8, Time=77.8, Moves(137)=0.0, Pins(5)=500.0, Dist=340.0, Win Bonus=0.0
[2026-05-22 10:45:41] SCORE Group 16 (lawn green): Final=1279.7, Time=85.7, Moves(137)=0.0, Pins(8)=800.0, Dist=394.0, Win Bonus=0.0
[2026-05-22 10:45:41] ALL WRONG MOVES BY COLOUR: {}
[2026-05-22 10:45:42] MOVE 412: PCS (yellow) 90->103 [0.00ms]
[2026-05-22 10:45:42] SCORE PCS (yellow): Final=710.8, Time=50.8, Moves(138)=0.0, Pins(3)=300.0, Dist=360.0, Win Bonus=0.0
[2026-05-22 10:45:42] SCORE Gruppe 10 (purple): Final=917.8, Time=77.8, Moves(137)=0.0, Pins(5)=500.0, Dist=340.0, Win Bonus=0.0
[2026-05-22 10:45:42] SCORE Group 16 (lawn green): Final=1279.7, Time=85.7, Moves(137)=0.0, Pins(8)=800.0, Dist=394.0, Win Bonus=0.0
[2026-05-22 10:45:42] ALL WRONG MOVES BY COLOUR: {}
[2026-05-22 10:45:42] MOVE 413: Gruppe 10 (purple) 62->52 [0.00ms]
[2026-05-22 10:45:42] SCORE PCS (yellow): Final=710.8, Time=50.8, Moves(138)=0.0, Pins(3)=300.0, Dist=360.0, Win Bonus=0.0
[2026-05-22 10:45:42] SCORE Gruppe 10 (purple): Final=919.7, Time=77.7, Moves(138)=0.0, Pins(5)=500.0, Dist=342.0, Win Bonus=0.0
[2026-05-22 10:45:42] SCORE Group 16 (lawn green): Final=1279.7, Time=85.7, Moves(137)=0.0, Pins(8)=800.0, Dist=394.0, Win Bonus=0.0
[2026-05-22 10:45:42] ALL WRONG MOVES BY COLOUR: {}
[2026-05-22 10:45:42] MOVE 414: Group 16 (lawn green) 57->48 [0.00ms]
[2026-05-22 10:45:42] SCORE PCS (yellow): Final=710.8, Time=50.8, Moves(138)=0.0, Pins(3)=300.0, Dist=360.0, Win Bonus=0.0
[2026-05-22 10:45:42] SCORE Gruppe 10 (purple): Final=919.7, Time=77.7, Moves(138)=0.0, Pins(5)=500.0, Dist=342.0, Win Bonus=0.0
[2026-05-22 10:45:42] SCORE Group 16 (lawn green): Final=1277.6, Time=85.6, Moves(138)=0.0, Pins(8)=800.0, Dist=392.0, Win Bonus=0.0
[2026-05-22 10:45:42] ALL WRONG MOVES BY COLOUR: {}
[2026-05-22 10:45:42] MOVE 415: PCS (yellow) 72->83 [0.01ms]
[2026-05-22 10:45:42] SCORE PCS (yellow): Final=712.3, Time=50.3, Moves(139)=0.0, Pins(3)=300.0, Dist=362.0, Win Bonus=0.0
[2026-05-22 10:45:42] SCORE Gruppe 10 (purple): Final=919.7, Time=77.7, Moves(138)=0.0, Pins(5)=500.0, Dist=342.0, Win Bonus=0.0
[2026-05-22 10:45:42] SCORE Group 16 (lawn green): Final=1277.6, Time=85.6, Moves(138)=0.0, Pins(8)=800.0, Dist=392.0, Win Bonus=0.0
[2026-05-22 10:45:42] ALL WRONG MOVES BY COLOUR: {}
[2026-05-22 10:45:42] MOVE 416: Gruppe 10 (purple) 52->51 [0.00ms]
[2026-05-22 10:45:42] SCORE PCS (yellow): Final=712.3, Time=50.3, Moves(139)=0.0, Pins(3)=300.0, Dist=362.0, Win Bonus=0.0
[2026-05-22 10:45:42] SCORE Gruppe 10 (purple): Final=921.5, Time=77.5, Moves(139)=0.0, Pins(5)=500.0, Dist=344.0, Win Bonus=0.0
[2026-05-22 10:45:42] SCORE Group 16 (lawn green): Final=1277.6, Time=85.6, Moves(138)=0.0, Pins(8)=800.0, Dist=392.0, Win Bonus=0.0
[2026-05-22 10:45:42] ALL WRONG MOVES BY COLOUR: {}
[2026-05-22 10:45:42] MOVE 417: Group 16 (lawn green) 89->77 [0.00ms]
[2026-05-22 10:45:42] SCORE PCS (yellow): Final=712.3, Time=50.3, Moves(139)=0.0, Pins(3)=300.0, Dist=362.0, Win Bonus=0.0
[2026-05-22 10:45:42] SCORE Gruppe 10 (purple): Final=921.5, Time=77.5, Moves(139)=0.0, Pins(5)=500.0, Dist=344.0, Win Bonus=0.0
[2026-05-22 10:45:42] SCORE Group 16 (lawn green): Final=1277.5, Time=85.5, Moves(139)=0.0, Pins(8)=800.0, Dist=392.0, Win Bonus=0.0
[2026-05-22 10:45:42] ALL WRONG MOVES BY COLOUR: {}
[2026-05-22 10:45:43] MOVE 418: PCS (yellow) 106->81 [0.00ms]
[2026-05-22 10:45:43] SCORE PCS (yellow): Final=708.0, Time=50.0, Moves(140)=0.0, Pins(3)=300.0, Dist=358.0, Win Bonus=0.0
[2026-05-22 10:45:43] SCORE Gruppe 10 (purple): Final=921.5, Time=77.5, Moves(139)=0.0, Pins(5)=500.0, Dist=344.0, Win Bonus=0.0
[2026-05-22 10:45:43] SCORE Group 16 (lawn green): Final=1277.5, Time=85.5, Moves(139)=0.0, Pins(8)=800.0, Dist=392.0, Win Bonus=0.0
[2026-05-22 10:45:43] ALL WRONG MOVES BY COLOUR: {}
[2026-05-22 10:45:43] MOVE 419: Gruppe 10 (purple) 51->50 [0.00ms]
[2026-05-22 10:45:43] SCORE PCS (yellow): Final=708.0, Time=50.0, Moves(140)=0.0, Pins(3)=300.0, Dist=358.0, Win Bonus=0.0
[2026-05-22 10:45:43] SCORE Gruppe 10 (purple): Final=923.4, Time=77.4, Moves(140)=0.0, Pins(5)=500.0, Dist=346.0, Win Bonus=0.0
[2026-05-22 10:45:43] SCORE Group 16 (lawn green): Final=1277.5, Time=85.5, Moves(139)=0.0, Pins(8)=800.0, Dist=392.0, Win Bonus=0.0
[2026-05-22 10:45:43] ALL WRONG MOVES BY COLOUR: {}
[2026-05-22 10:45:43] MOVE 420: Group 16 (lawn green) 77->66 [0.00ms]
[2026-05-22 10:45:43] SCORE PCS (yellow): Final=708.0, Time=50.0, Moves(140)=0.0, Pins(3)=300.0, Dist=358.0, Win Bonus=0.0
[2026-05-22 10:45:43] SCORE Gruppe 10 (purple): Final=923.4, Time=77.4, Moves(140)=0.0, Pins(5)=500.0, Dist=346.0, Win Bonus=0.0
[2026-05-22 10:45:43] SCORE Group 16 (lawn green): Final=1277.4, Time=85.4, Moves(140)=0.0, Pins(8)=800.0, Dist=392.0, Win Bonus=0.0
[2026-05-22 10:45:43] ALL WRONG MOVES BY COLOUR: {}
[2026-05-22 10:45:43] MOVE 421: PCS (yellow) 81->106 [0.01ms]
[2026-05-22 10:45:43] SCORE PCS (yellow): Final=711.6, Time=49.6, Moves(141)=0.0, Pins(3)=300.0, Dist=362.0, Win Bonus=0.0
[2026-05-22 10:45:43] SCORE Gruppe 10 (purple): Final=923.4, Time=77.4, Moves(140)=0.0, Pins(5)=500.0, Dist=346.0, Win Bonus=0.0
[2026-05-22 10:45:43] SCORE Group 16 (lawn green): Final=1277.4, Time=85.4, Moves(140)=0.0, Pins(8)=800.0, Dist=392.0, Win Bonus=0.0
[2026-05-22 10:45:43] ALL WRONG MOVES BY COLOUR: {}
[2026-05-22 10:45:44] MOVE 422: Gruppe 10 (purple) 36->13 [0.01ms]
[2026-05-22 10:45:44] SCORE PCS (yellow): Final=711.6, Time=49.6, Moves(141)=0.0, Pins(3)=300.0, Dist=362.0, Win Bonus=0.0
[2026-05-22 10:45:44] SCORE Gruppe 10 (purple): Final=923.2, Time=77.2, Moves(141)=0.0, Pins(5)=500.0, Dist=346.0, Win Bonus=0.0
[2026-05-22 10:45:44] SCORE Group 16 (lawn green): Final=1277.4, Time=85.4, Moves(140)=0.0, Pins(8)=800.0, Dist=392.0, Win Bonus=0.0
[2026-05-22 10:45:44] ALL WRONG MOVES BY COLOUR: {}
[2026-05-22 10:45:44] MOVE 423: Group 16 (lawn green) 48->37 [0.01ms]
[2026-05-22 10:45:44] SCORE PCS (yellow): Final=711.6, Time=49.6, Moves(141)=0.0, Pins(3)=300.0, Dist=362.0, Win Bonus=0.0
[2026-05-22 10:45:44] SCORE Gruppe 10 (purple): Final=923.2, Time=77.2, Moves(141)=0.0, Pins(5)=500.0, Dist=346.0, Win Bonus=0.0
[2026-05-22 10:45:44] SCORE Group 16 (lawn green): Final=1277.3, Time=85.3, Moves(141)=0.0, Pins(8)=800.0, Dist=392.0, Win Bonus=0.0
[2026-05-22 10:45:44] ALL WRONG MOVES BY COLOUR: {}
[2026-05-22 10:45:44] MOVE 424: PCS (yellow) 106->81 [0.01ms]
[2026-05-22 10:45:44] SCORE PCS (yellow): Final=707.3, Time=49.3, Moves(142)=0.0, Pins(3)=300.0, Dist=358.0, Win Bonus=0.0
[2026-05-22 10:45:44] SCORE Gruppe 10 (purple): Final=923.2, Time=77.2, Moves(141)=0.0, Pins(5)=500.0, Dist=346.0, Win Bonus=0.0
[2026-05-22 10:45:44] SCORE Group 16 (lawn green): Final=1277.3, Time=85.3, Moves(141)=0.0, Pins(8)=800.0, Dist=392.0, Win Bonus=0.0
[2026-05-22 10:45:44] ALL WRONG MOVES BY COLOUR: {}
[2026-05-22 10:45:44] MOVE 425: Gruppe 10 (purple) 13->12 [0.01ms]
[2026-05-22 10:45:44] SCORE PCS (yellow): Final=707.3, Time=49.3, Moves(142)=0.0, Pins(3)=300.0, Dist=358.0, Win Bonus=0.0
[2026-05-22 10:45:44] SCORE Gruppe 10 (purple): Final=923.1, Time=77.1, Moves(142)=0.0, Pins(5)=500.0, Dist=346.0, Win Bonus=0.0
[2026-05-22 10:45:44] SCORE Group 16 (lawn green): Final=1277.3, Time=85.3, Moves(141)=0.0, Pins(8)=800.0, Dist=392.0, Win Bonus=0.0
[2026-05-22 10:45:44] ALL WRONG MOVES BY COLOUR: {}
[2026-05-22 10:45:44] MOVE 426: Group 16 (lawn green) 37->36 [0.01ms]
[2026-05-22 10:45:44] SCORE PCS (yellow): Final=707.3, Time=49.3, Moves(142)=0.0, Pins(3)=300.0, Dist=358.0, Win Bonus=0.0
[2026-05-22 10:45:44] SCORE Gruppe 10 (purple): Final=923.1, Time=77.1, Moves(142)=0.0, Pins(5)=500.0, Dist=346.0, Win Bonus=0.0
[2026-05-22 10:45:44] SCORE Group 16 (lawn green): Final=1277.2, Time=85.2, Moves(142)=0.0, Pins(8)=800.0, Dist=392.0, Win Bonus=0.0
[2026-05-22 10:45:44] ALL WRONG MOVES BY COLOUR: {}
[2026-05-22 10:45:45] MOVE 427: PCS (yellow) 81->106 [0.01ms]
[2026-05-22 10:45:45] SCORE PCS (yellow): Final=711.0, Time=49.0, Moves(143)=0.0, Pins(3)=300.0, Dist=362.0, Win Bonus=0.0
[2026-05-22 10:45:45] SCORE Gruppe 10 (purple): Final=923.1, Time=77.1, Moves(142)=0.0, Pins(5)=500.0, Dist=346.0, Win Bonus=0.0
[2026-05-22 10:45:45] SCORE Group 16 (lawn green): Final=1277.2, Time=85.2, Moves(142)=0.0, Pins(8)=800.0, Dist=392.0, Win Bonus=0.0
[2026-05-22 10:45:45] ALL WRONG MOVES BY COLOUR: {}
[2026-05-22 10:45:45] MOVE 428: Gruppe 10 (purple) 12->10 [0.01ms]
[2026-05-22 10:45:45] SCORE PCS (yellow): Final=711.0, Time=49.0, Moves(143)=0.0, Pins(3)=300.0, Dist=362.0, Win Bonus=0.0
[2026-05-22 10:45:45] SCORE Gruppe 10 (purple): Final=922.9, Time=76.9, Moves(143)=0.0, Pins(5)=500.0, Dist=346.0, Win Bonus=0.0
[2026-05-22 10:45:45] SCORE Group 16 (lawn green): Final=1277.2, Time=85.2, Moves(142)=0.0, Pins(8)=800.0, Dist=392.0, Win Bonus=0.0
[2026-05-22 10:45:45] ALL WRONG MOVES BY COLOUR: {}
[2026-05-22 10:45:45] MOVE 429: Group 16 (lawn green) 36->47 [0.00ms]
[2026-05-22 10:45:45] SCORE PCS (yellow): Final=711.0, Time=49.0, Moves(143)=0.0, Pins(3)=300.0, Dist=362.0, Win Bonus=0.0
[2026-05-22 10:45:45] SCORE Gruppe 10 (purple): Final=922.9, Time=76.9, Moves(143)=0.0, Pins(5)=500.0, Dist=346.0, Win Bonus=0.0
[2026-05-22 10:45:45] SCORE Group 16 (lawn green): Final=1279.1, Time=85.1, Moves(143)=0.0, Pins(8)=800.0, Dist=394.0, Win Bonus=0.0
[2026-05-22 10:45:45] ALL WRONG MOVES BY COLOUR: {}
[2026-05-22 10:45:45] MOVE 430: PCS (yellow) 106->81 [0.00ms]
[2026-05-22 10:45:45] SCORE PCS (yellow): Final=706.6, Time=48.6, Moves(144)=0.0, Pins(3)=300.0, Dist=358.0, Win Bonus=0.0
[2026-05-22 10:45:45] SCORE Gruppe 10 (purple): Final=922.9, Time=76.9, Moves(143)=0.0, Pins(5)=500.0, Dist=346.0, Win Bonus=0.0
[2026-05-22 10:45:45] SCORE Group 16 (lawn green): Final=1279.1, Time=85.1, Moves(143)=0.0, Pins(8)=800.0, Dist=394.0, Win Bonus=0.0
[2026-05-22 10:45:45] ALL WRONG MOVES BY COLOUR: {}
[2026-05-22 10:45:45] MOVE 431: Gruppe 10 (purple) 10->23 [0.01ms]
[2026-05-22 10:45:45] SCORE PCS (yellow): Final=706.6, Time=48.6, Moves(144)=0.0, Pins(3)=300.0, Dist=358.0, Win Bonus=0.0
[2026-05-22 10:45:45] SCORE Gruppe 10 (purple): Final=922.7, Time=76.7, Moves(144)=0.0, Pins(5)=500.0, Dist=346.0, Win Bonus=0.0
[2026-05-22 10:45:45] SCORE Group 16 (lawn green): Final=1279.1, Time=85.1, Moves(143)=0.0, Pins(8)=800.0, Dist=394.0, Win Bonus=0.0
[2026-05-22 10:45:45] ALL WRONG MOVES BY COLOUR: {}
[2026-05-22 10:45:46] MOVE 432: Group 16 (lawn green) 66->56 [0.00ms]
[2026-05-22 10:45:46] SCORE PCS (yellow): Final=706.6, Time=48.6, Moves(144)=0.0, Pins(3)=300.0, Dist=358.0, Win Bonus=0.0
[2026-05-22 10:45:46] SCORE Gruppe 10 (purple): Final=922.7, Time=76.7, Moves(144)=0.0, Pins(5)=500.0, Dist=346.0, Win Bonus=0.0
[2026-05-22 10:45:46] SCORE Group 16 (lawn green): Final=1279.0, Time=85.0, Moves(144)=0.0, Pins(8)=800.0, Dist=394.0, Win Bonus=0.0
[2026-05-22 10:45:46] ALL WRONG MOVES BY COLOUR: {}
[2026-05-22 10:45:46] MOVE 433: PCS (yellow) 81->106 [0.01ms]
[2026-05-22 10:45:46] SCORE PCS (yellow): Final=710.3, Time=48.3, Moves(145)=0.0, Pins(3)=300.0, Dist=362.0, Win Bonus=0.0
[2026-05-22 10:45:46] SCORE Gruppe 10 (purple): Final=922.7, Time=76.7, Moves(144)=0.0, Pins(5)=500.0, Dist=346.0, Win Bonus=0.0
[2026-05-22 10:45:46] SCORE Group 16 (lawn green): Final=1279.0, Time=85.0, Moves(144)=0.0, Pins(8)=800.0, Dist=394.0, Win Bonus=0.0
[2026-05-22 10:45:46] ALL WRONG MOVES BY COLOUR: {}
[2026-05-22 10:45:46] MOVE 434: Gruppe 10 (purple) 11->36 [0.00ms]
[2026-05-22 10:45:46] SCORE PCS (yellow): Final=710.3, Time=48.3, Moves(145)=0.0, Pins(3)=300.0, Dist=362.0, Win Bonus=0.0
[2026-05-22 10:45:46] SCORE Gruppe 10 (purple): Final=922.6, Time=76.6, Moves(145)=0.0, Pins(5)=500.0, Dist=346.0, Win Bonus=0.0
[2026-05-22 10:45:46] SCORE Group 16 (lawn green): Final=1279.0, Time=85.0, Moves(144)=0.0, Pins(8)=800.0, Dist=394.0, Win Bonus=0.0
[2026-05-22 10:45:46] ALL WRONG MOVES BY COLOUR: {}
[2026-05-22 10:45:46] MOVE 435: Group 16 (lawn green) 56->57 [0.00ms]
[2026-05-22 10:45:46] SCORE PCS (yellow): Final=710.3, Time=48.3, Moves(145)=0.0, Pins(3)=300.0, Dist=362.0, Win Bonus=0.0
[2026-05-22 10:45:46] SCORE Gruppe 10 (purple): Final=922.6, Time=76.6, Moves(145)=0.0, Pins(5)=500.0, Dist=346.0, Win Bonus=0.0
[2026-05-22 10:45:46] SCORE Group 16 (lawn green): Final=1276.9, Time=84.9, Moves(145)=0.0, Pins(8)=800.0, Dist=392.0, Win Bonus=0.0
[2026-05-22 10:45:46] ALL WRONG MOVES BY COLOUR: {}
[2026-05-22 10:45:46] MOVE 436: PCS (yellow) 106->81 [0.00ms]
[2026-05-22 10:45:46] SCORE PCS (yellow): Final=706.0, Time=48.0, Moves(146)=0.0, Pins(3)=300.0, Dist=358.0, Win Bonus=0.0
[2026-05-22 10:45:46] SCORE Gruppe 10 (purple): Final=922.6, Time=76.6, Moves(145)=0.0, Pins(5)=500.0, Dist=346.0, Win Bonus=0.0
[2026-05-22 10:45:46] SCORE Group 16 (lawn green): Final=1276.9, Time=84.9, Moves(145)=0.0, Pins(8)=800.0, Dist=392.0, Win Bonus=0.0
[2026-05-22 10:45:46] ALL WRONG MOVES BY COLOUR: {}
[2026-05-22 10:45:47] MOVE 437: Gruppe 10 (purple) 24->11 [0.00ms]
[2026-05-22 10:45:47] SCORE PCS (yellow): Final=706.0, Time=48.0, Moves(146)=0.0, Pins(3)=300.0, Dist=358.0, Win Bonus=0.0
[2026-05-22 10:45:47] SCORE Gruppe 10 (purple): Final=922.5, Time=76.5, Moves(146)=0.0, Pins(5)=500.0, Dist=346.0, Win Bonus=0.0
[2026-05-22 10:45:47] SCORE Group 16 (lawn green): Final=1276.9, Time=84.9, Moves(145)=0.0, Pins(8)=800.0, Dist=392.0, Win Bonus=0.0
[2026-05-22 10:45:47] ALL WRONG MOVES BY COLOUR: {}
[2026-05-22 10:45:47] MOVE 438: Group 16 (lawn green) 47->56 [0.00ms]
[2026-05-22 10:45:47] SCORE PCS (yellow): Final=706.0, Time=48.0, Moves(146)=0.0, Pins(3)=300.0, Dist=358.0, Win Bonus=0.0
[2026-05-22 10:45:47] SCORE Gruppe 10 (purple): Final=922.5, Time=76.5, Moves(146)=0.0, Pins(5)=500.0, Dist=346.0, Win Bonus=0.0
[2026-05-22 10:45:47] SCORE Group 16 (lawn green): Final=1278.8, Time=84.8, Moves(146)=0.0, Pins(8)=800.0, Dist=394.0, Win Bonus=0.0
[2026-05-22 10:45:47] ALL WRONG MOVES BY COLOUR: {}
[2026-05-22 10:45:47] MOVE 439: PCS (yellow) 81->106 [0.01ms]
[2026-05-22 10:45:47] SCORE PCS (yellow): Final=709.5, Time=47.5, Moves(147)=0.0, Pins(3)=300.0, Dist=362.0, Win Bonus=0.0
[2026-05-22 10:45:47] SCORE Gruppe 10 (purple): Final=922.5, Time=76.5, Moves(146)=0.0, Pins(5)=500.0, Dist=346.0, Win Bonus=0.0
[2026-05-22 10:45:47] SCORE Group 16 (lawn green): Final=1278.8, Time=84.8, Moves(146)=0.0, Pins(8)=800.0, Dist=394.0, Win Bonus=0.0
[2026-05-22 10:45:47] ALL WRONG MOVES BY COLOUR: {}
[2026-05-22 10:45:47] MOVE 440: Gruppe 10 (purple) 23->35 [0.00ms]
[2026-05-22 10:45:47] SCORE PCS (yellow): Final=709.5, Time=47.5, Moves(147)=0.0, Pins(3)=300.0, Dist=362.0, Win Bonus=0.0
[2026-05-22 10:45:47] SCORE Gruppe 10 (purple): Final=922.3, Time=76.3, Moves(147)=0.0, Pins(5)=500.0, Dist=346.0, Win Bonus=0.0
[2026-05-22 10:45:47] SCORE Group 16 (lawn green): Final=1278.8, Time=84.8, Moves(146)=0.0, Pins(8)=800.0, Dist=394.0, Win Bonus=0.0
[2026-05-22 10:45:47] ALL WRONG MOVES BY COLOUR: {}
[2026-05-22 10:45:47] MOVE 441: Group 16 (lawn green) 57->47 [0.00ms]
[2026-05-22 10:45:47] SCORE PCS (yellow): Final=709.5, Time=47.5, Moves(147)=0.0, Pins(3)=300.0, Dist=362.0, Win Bonus=0.0
[2026-05-22 10:45:47] SCORE Gruppe 10 (purple): Final=922.3, Time=76.3, Moves(147)=0.0, Pins(5)=500.0, Dist=346.0, Win Bonus=0.0
[2026-05-22 10:45:47] SCORE Group 16 (lawn green): Final=1278.7, Time=84.7, Moves(147)=0.0, Pins(8)=800.0, Dist=394.0, Win Bonus=0.0
[2026-05-22 10:45:47] ALL WRONG MOVES BY COLOUR: {}
[2026-05-22 10:45:48] MOVE 442: PCS (yellow) 30->42 [0.01ms]
[2026-05-22 10:45:48] SCORE PCS (yellow): Final=711.1, Time=47.1, Moves(148)=0.0, Pins(3)=300.0, Dist=364.0, Win Bonus=0.0
[2026-05-22 10:45:48] SCORE Gruppe 10 (purple): Final=922.3, Time=76.3, Moves(147)=0.0, Pins(5)=500.0, Dist=346.0, Win Bonus=0.0
[2026-05-22 10:45:48] SCORE Group 16 (lawn green): Final=1278.7, Time=84.7, Moves(147)=0.0, Pins(8)=800.0, Dist=394.0, Win Bonus=0.0
[2026-05-22 10:45:48] ALL WRONG MOVES BY COLOUR: {}
[2026-05-22 10:45:48] MOVE 443: Gruppe 10 (purple) 11->10 [0.00ms]
[2026-05-22 10:45:48] SCORE PCS (yellow): Final=711.1, Time=47.1, Moves(148)=0.0, Pins(3)=300.0, Dist=364.0, Win Bonus=0.0
[2026-05-22 10:45:48] SCORE Gruppe 10 (purple): Final=922.1, Time=76.1, Moves(148)=0.0, Pins(5)=500.0, Dist=346.0, Win Bonus=0.0
[2026-05-22 10:45:48] SCORE Group 16 (lawn green): Final=1278.7, Time=84.7, Moves(147)=0.0, Pins(8)=800.0, Dist=394.0, Win Bonus=0.0
[2026-05-22 10:45:48] ALL WRONG MOVES BY COLOUR: {}
[2026-05-22 10:45:48] MOVE 444: Group 16 (lawn green) 56->66 [0.00ms]
[2026-05-22 10:45:48] SCORE PCS (yellow): Final=711.1, Time=47.1, Moves(148)=0.0, Pins(3)=300.0, Dist=364.0, Win Bonus=0.0
[2026-05-22 10:45:48] SCORE Gruppe 10 (purple): Final=922.1, Time=76.1, Moves(148)=0.0, Pins(5)=500.0, Dist=346.0, Win Bonus=0.0
[2026-05-22 10:45:48] SCORE Group 16 (lawn green): Final=1278.5, Time=84.5, Moves(148)=0.0, Pins(8)=800.0, Dist=394.0, Win Bonus=0.0
[2026-05-22 10:45:48] ALL WRONG MOVES BY COLOUR: {}
[2026-05-22 10:45:48] MOVE 445: PCS (yellow) 42->53 [0.00ms]
[2026-05-22 10:45:48] SCORE PCS (yellow): Final=712.8, Time=46.8, Moves(149)=0.0, Pins(3)=300.0, Dist=366.0, Win Bonus=0.0
[2026-05-22 10:45:48] SCORE Gruppe 10 (purple): Final=922.1, Time=76.1, Moves(148)=0.0, Pins(5)=500.0, Dist=346.0, Win Bonus=0.0
[2026-05-22 10:45:48] SCORE Group 16 (lawn green): Final=1278.5, Time=84.5, Moves(148)=0.0, Pins(8)=800.0, Dist=394.0, Win Bonus=0.0
[2026-05-22 10:45:48] ALL WRONG MOVES BY COLOUR: {}
[2026-05-22 10:45:49] MOVE 446: Gruppe 10 (purple) 35->24 [0.01ms]
[2026-05-22 10:45:49] SCORE PCS (yellow): Final=712.8, Time=46.8, Moves(149)=0.0, Pins(3)=300.0, Dist=366.0, Win Bonus=0.0
[2026-05-22 10:45:49] SCORE Gruppe 10 (purple): Final=921.8, Time=75.8, Moves(149)=0.0, Pins(5)=500.0, Dist=346.0, Win Bonus=0.0
[2026-05-22 10:45:49] SCORE Group 16 (lawn green): Final=1278.5, Time=84.5, Moves(148)=0.0, Pins(8)=800.0, Dist=394.0, Win Bonus=0.0
[2026-05-22 10:45:49] ALL WRONG MOVES BY COLOUR: {}
[2026-05-22 10:45:49] MOVE 447: Group 16 (lawn green) 66->77 [0.00ms]
[2026-05-22 10:45:49] SCORE PCS (yellow): Final=712.8, Time=46.8, Moves(149)=0.0, Pins(3)=300.0, Dist=366.0, Win Bonus=0.0
[2026-05-22 10:45:49] SCORE Gruppe 10 (purple): Final=921.8, Time=75.8, Moves(149)=0.0, Pins(5)=500.0, Dist=346.0, Win Bonus=0.0
[2026-05-22 10:45:49] SCORE Group 16 (lawn green): Final=1278.4, Time=84.4, Moves(149)=0.0, Pins(8)=800.0, Dist=394.0, Win Bonus=0.0
[2026-05-22 10:45:49] ALL WRONG MOVES BY COLOUR: {}
[2026-05-22 10:45:49] MOVE 448: PCS (yellow) 93->81 [0.00ms]
[2026-05-22 10:45:49] SCORE PCS (yellow): Final=710.4, Time=46.4, Moves(150)=0.0, Pins(3)=300.0, Dist=364.0, Win Bonus=0.0
[2026-05-22 10:45:49] SCORE Gruppe 10 (purple): Final=921.8, Time=75.8, Moves(149)=0.0, Pins(5)=500.0, Dist=346.0, Win Bonus=0.0
[2026-05-22 10:45:49] SCORE Group 16 (lawn green): Final=1278.4, Time=84.4, Moves(149)=0.0, Pins(8)=800.0, Dist=394.0, Win Bonus=0.0
[2026-05-22 10:45:49] ALL WRONG MOVES BY COLOUR: {}
[2026-05-22 10:45:49] MOVE 449: Gruppe 10 (purple) 24->12 [0.01ms]
[2026-05-22 10:45:49] SCORE PCS (yellow): Final=710.4, Time=46.4, Moves(150)=0.0, Pins(3)=300.0, Dist=364.0, Win Bonus=0.0
[2026-05-22 10:45:49] SCORE Gruppe 10 (purple): Final=921.6, Time=75.6, Moves(150)=0.0, Pins(5)=500.0, Dist=346.0, Win Bonus=0.0
[2026-05-22 10:45:49] SCORE Group 16 (lawn green): Final=1278.4, Time=84.4, Moves(149)=0.0, Pins(8)=800.0, Dist=394.0, Win Bonus=0.0
[2026-05-22 10:45:49] ALL WRONG MOVES BY COLOUR: {}
[2026-05-22 10:45:50] MOVE 450: Group 16 (lawn green) 77->89 [0.00ms]
[2026-05-22 10:45:50] SCORE PCS (yellow): Final=710.4, Time=46.4, Moves(150)=0.0, Pins(3)=300.0, Dist=364.0, Win Bonus=0.0
[2026-05-22 10:45:50] SCORE Gruppe 10 (purple): Final=921.6, Time=75.6, Moves(150)=0.0, Pins(5)=500.0, Dist=346.0, Win Bonus=0.0
[2026-05-22 10:45:50] SCORE Group 16 (lawn green): Final=1278.2, Time=84.2, Moves(150)=0.0, Pins(8)=800.0, Dist=394.0, Win Bonus=0.0
[2026-05-22 10:45:50] ALL WRONG MOVES BY COLOUR: {}
[2026-05-22 10:45:50] MOVE 451: PCS (yellow) 83->84 [0.00ms]
[2026-05-22 10:45:50] SCORE PCS (yellow): Final=812.1, Time=46.1, Moves(151)=0.0, Pins(4)=400.0, Dist=366.0, Win Bonus=0.0
[2026-05-22 10:45:50] SCORE Gruppe 10 (purple): Final=921.6, Time=75.6, Moves(150)=0.0, Pins(5)=500.0, Dist=346.0, Win Bonus=0.0
[2026-05-22 10:45:50] SCORE Group 16 (lawn green): Final=1278.2, Time=84.2, Moves(150)=0.0, Pins(8)=800.0, Dist=394.0, Win Bonus=0.0
[2026-05-22 10:45:50] ALL WRONG MOVES BY COLOUR: {}
[2026-05-22 10:45:50] MOVE 452: Gruppe 10 (purple) 12->11 [0.00ms]
[2026-05-22 10:45:50] SCORE PCS (yellow): Final=812.1, Time=46.1, Moves(151)=0.0, Pins(4)=400.0, Dist=366.0, Win Bonus=0.0
[2026-05-22 10:45:50] SCORE Gruppe 10 (purple): Final=921.5, Time=75.5, Moves(151)=0.0, Pins(5)=500.0, Dist=346.0, Win Bonus=0.0
[2026-05-22 10:45:50] SCORE Group 16 (lawn green): Final=1278.2, Time=84.2, Moves(150)=0.0, Pins(8)=800.0, Dist=394.0, Win Bonus=0.0
[2026-05-22 10:45:50] ALL WRONG MOVES BY COLOUR: {}
[2026-05-22 10:45:50] MOVE 453: Group 16 (lawn green) 47->37 [0.00ms]
[2026-05-22 10:45:50] SCORE PCS (yellow): Final=812.1, Time=46.1, Moves(151)=0.0, Pins(4)=400.0, Dist=366.0, Win Bonus=0.0
[2026-05-22 10:45:50] SCORE Gruppe 10 (purple): Final=921.5, Time=75.5, Moves(151)=0.0, Pins(5)=500.0, Dist=346.0, Win Bonus=0.0
[2026-05-22 10:45:50] SCORE Group 16 (lawn green): Final=1276.0, Time=84.0, Moves(151)=0.0, Pins(8)=800.0, Dist=392.0, Win Bonus=0.0
[2026-05-22 10:45:50] ALL WRONG MOVES BY COLOUR: {}
[2026-05-22 10:45:51] MOVE 454: PCS (yellow) 94->107 [0.00ms]
[2026-05-22 10:45:51] SCORE PCS (yellow): Final=913.8, Time=45.8, Moves(152)=0.0, Pins(5)=500.0, Dist=368.0, Win Bonus=0.0
[2026-05-22 10:45:51] SCORE Gruppe 10 (purple): Final=921.5, Time=75.5, Moves(151)=0.0, Pins(5)=500.0, Dist=346.0, Win Bonus=0.0
[2026-05-22 10:45:51] SCORE Group 16 (lawn green): Final=1276.0, Time=84.0, Moves(151)=0.0, Pins(8)=800.0, Dist=392.0, Win Bonus=0.0
[2026-05-22 10:45:51] ALL WRONG MOVES BY COLOUR: {}
[2026-05-22 10:45:51] MOVE 455: Gruppe 10 (purple) 10->12 [0.01ms]
[2026-05-22 10:45:51] SCORE PCS (yellow): Final=913.8, Time=45.8, Moves(152)=0.0, Pins(5)=500.0, Dist=368.0, Win Bonus=0.0
[2026-05-22 10:45:51] SCORE Gruppe 10 (purple): Final=921.3, Time=75.3, Moves(152)=0.0, Pins(5)=500.0, Dist=346.0, Win Bonus=0.0
[2026-05-22 10:45:51] SCORE Group 16 (lawn green): Final=1276.0, Time=84.0, Moves(151)=0.0, Pins(8)=800.0, Dist=392.0, Win Bonus=0.0
[2026-05-22 10:45:51] ALL WRONG MOVES BY COLOUR: {}
[2026-05-22 10:45:51] MOVE 456: Group 16 (lawn green) 37->35 [0.01ms]
[2026-05-22 10:45:51] SCORE PCS (yellow): Final=913.8, Time=45.8, Moves(152)=0.0, Pins(5)=500.0, Dist=368.0, Win Bonus=0.0
[2026-05-22 10:45:51] SCORE Gruppe 10 (purple): Final=921.3, Time=75.3, Moves(152)=0.0, Pins(5)=500.0, Dist=346.0, Win Bonus=0.0
[2026-05-22 10:45:51] SCORE Group 16 (lawn green): Final=1275.9, Time=83.9, Moves(152)=0.0, Pins(8)=800.0, Dist=392.0, Win Bonus=0.0
[2026-05-22 10:45:51] ALL WRONG MOVES BY COLOUR: {}
[2026-05-22 10:45:51] MOVE 457: PCS (yellow) 106->105 [0.01ms]
[2026-05-22 10:45:51] SCORE PCS (yellow): Final=911.5, Time=45.5, Moves(153)=0.0, Pins(5)=500.0, Dist=366.0, Win Bonus=0.0
[2026-05-22 10:45:51] SCORE Gruppe 10 (purple): Final=921.3, Time=75.3, Moves(152)=0.0, Pins(5)=500.0, Dist=346.0, Win Bonus=0.0
[2026-05-22 10:45:51] SCORE Group 16 (lawn green): Final=1275.9, Time=83.9, Moves(152)=0.0, Pins(8)=800.0, Dist=392.0, Win Bonus=0.0
[2026-05-22 10:45:51] ALL WRONG MOVES BY COLOUR: {}
[2026-05-22 10:45:51] MOVE 458: Gruppe 10 (purple) 11->23 [0.00ms]
[2026-05-22 10:45:51] SCORE PCS (yellow): Final=911.5, Time=45.5, Moves(153)=0.0, Pins(5)=500.0, Dist=366.0, Win Bonus=0.0
[2026-05-22 10:45:51] SCORE Gruppe 10 (purple): Final=921.1, Time=75.1, Moves(153)=0.0, Pins(5)=500.0, Dist=346.0, Win Bonus=0.0
[2026-05-22 10:45:51] SCORE Group 16 (lawn green): Final=1275.9, Time=83.9, Moves(152)=0.0, Pins(8)=800.0, Dist=392.0, Win Bonus=0.0
[2026-05-22 10:45:51] ALL WRONG MOVES BY COLOUR: {}
[2026-05-22 10:45:51] MOVE 459: Group 16 (lawn green) 89->78 [0.00ms]
[2026-05-22 10:45:51] SCORE PCS (yellow): Final=911.5, Time=45.5, Moves(153)=0.0, Pins(5)=500.0, Dist=366.0, Win Bonus=0.0
[2026-05-22 10:45:51] SCORE Gruppe 10 (purple): Final=921.1, Time=75.1, Moves(153)=0.0, Pins(5)=500.0, Dist=346.0, Win Bonus=0.0
[2026-05-22 10:45:51] SCORE Group 16 (lawn green): Final=1273.8, Time=83.8, Moves(153)=0.0, Pins(8)=800.0, Dist=390.0, Win Bonus=0.0
[2026-05-22 10:45:52] ALL WRONG MOVES BY COLOUR: {}
[2026-05-22 10:45:52] MOVE 460: PCS (yellow) 108->106 [0.00ms]
[2026-05-22 10:45:52] SCORE PCS (yellow): Final=809.1, Time=45.1, Moves(154)=0.0, Pins(4)=400.0, Dist=364.0, Win Bonus=0.0
[2026-05-22 10:45:52] SCORE Gruppe 10 (purple): Final=921.1, Time=75.1, Moves(153)=0.0, Pins(5)=500.0, Dist=346.0, Win Bonus=0.0
[2026-05-22 10:45:52] SCORE Group 16 (lawn green): Final=1273.8, Time=83.8, Moves(153)=0.0, Pins(8)=800.0, Dist=390.0, Win Bonus=0.0
[2026-05-22 10:45:52] ALL WRONG MOVES BY COLOUR: {}
[2026-05-22 10:45:52] MOVE 461: Gruppe 10 (purple) 23->10 [0.01ms]
[2026-05-22 10:45:52] SCORE PCS (yellow): Final=809.1, Time=45.1, Moves(154)=0.0, Pins(4)=400.0, Dist=364.0, Win Bonus=0.0
[2026-05-22 10:45:52] SCORE Gruppe 10 (purple): Final=920.8, Time=74.8, Moves(154)=0.0, Pins(5)=500.0, Dist=346.0, Win Bonus=0.0
[2026-05-22 10:45:52] SCORE Group 16 (lawn green): Final=1273.8, Time=83.8, Moves(153)=0.0, Pins(8)=800.0, Dist=390.0, Win Bonus=0.0
[2026-05-22 10:45:52] ALL WRONG MOVES BY COLOUR: {}
[2026-05-22 10:45:52] MOVE 462: Group 16 (lawn green) 35->23 [0.01ms]
[2026-05-22 10:45:52] SCORE PCS (yellow): Final=809.1, Time=45.1, Moves(154)=0.0, Pins(4)=400.0, Dist=364.0, Win Bonus=0.0
[2026-05-22 10:45:52] SCORE Gruppe 10 (purple): Final=920.8, Time=74.8, Moves(154)=0.0, Pins(5)=500.0, Dist=346.0, Win Bonus=0.0
[2026-05-22 10:45:52] SCORE Group 16 (lawn green): Final=1271.5, Time=83.5, Moves(154)=0.0, Pins(8)=800.0, Dist=388.0, Win Bonus=0.0
[2026-05-22 10:45:52] ALL WRONG MOVES BY COLOUR: {}
[2026-05-22 10:45:53] MOVE 463: PCS (yellow) 106->108 [0.01ms]
[2026-05-22 10:45:53] SCORE PCS (yellow): Final=911.0, Time=45.0, Moves(155)=0.0, Pins(5)=500.0, Dist=366.0, Win Bonus=0.0
[2026-05-22 10:45:53] SCORE Gruppe 10 (purple): Final=920.8, Time=74.8, Moves(154)=0.0, Pins(5)=500.0, Dist=346.0, Win Bonus=0.0
[2026-05-22 10:45:53] SCORE Group 16 (lawn green): Final=1271.5, Time=83.5, Moves(154)=0.0, Pins(8)=800.0, Dist=388.0, Win Bonus=0.0
[2026-05-22 10:45:53] ALL WRONG MOVES BY COLOUR: {}
[2026-05-22 10:45:53] MOVE 464: Gruppe 10 (purple) 12->35 [0.05ms]
[2026-05-22 10:45:53] SCORE PCS (yellow): Final=911.0, Time=45.0, Moves(155)=0.0, Pins(5)=500.0, Dist=366.0, Win Bonus=0.0
[2026-05-22 10:45:53] SCORE Gruppe 10 (purple): Final=920.6, Time=74.6, Moves(155)=0.0, Pins(5)=500.0, Dist=346.0, Win Bonus=0.0
[2026-05-22 10:45:53] SCORE Group 16 (lawn green): Final=1271.5, Time=83.5, Moves(154)=0.0, Pins(8)=800.0, Dist=388.0, Win Bonus=0.0
[2026-05-22 10:45:53] ALL WRONG MOVES BY COLOUR: {}
[2026-05-22 10:45:53] MOVE 465: Group 16 (lawn green) 78->67 [0.00ms]
[2026-05-22 10:45:53] SCORE PCS (yellow): Final=911.0, Time=45.0, Moves(155)=0.0, Pins(5)=500.0, Dist=366.0, Win Bonus=0.0
[2026-05-22 10:45:53] SCORE Gruppe 10 (purple): Final=920.6, Time=74.6, Moves(155)=0.0, Pins(5)=500.0, Dist=346.0, Win Bonus=0.0
[2026-05-22 10:45:53] SCORE Group 16 (lawn green): Final=1271.4, Time=83.4, Moves(155)=0.0, Pins(8)=800.0, Dist=388.0, Win Bonus=0.0
[2026-05-22 10:45:53] ALL WRONG MOVES BY COLOUR: {}
[2026-05-22 10:45:53] MOVE 466: PCS (yellow) 105->106 [0.00ms]
[2026-05-22 10:45:53] SCORE PCS (yellow): Final=912.5, Time=44.5, Moves(156)=0.0, Pins(5)=500.0, Dist=368.0, Win Bonus=0.0
[2026-05-22 10:45:53] SCORE Gruppe 10 (purple): Final=920.6, Time=74.6, Moves(155)=0.0, Pins(5)=500.0, Dist=346.0, Win Bonus=0.0
[2026-05-22 10:45:53] SCORE Group 16 (lawn green): Final=1271.4, Time=83.4, Moves(155)=0.0, Pins(8)=800.0, Dist=388.0, Win Bonus=0.0
[2026-05-22 10:45:53] ALL WRONG MOVES BY COLOUR: {}
[2026-05-22 10:45:54] MOVE 467: Gruppe 10 (purple) 29->30 [0.01ms]
[2026-05-22 10:45:54] SCORE PCS (yellow): Final=912.5, Time=44.5, Moves(156)=0.0, Pins(5)=500.0, Dist=368.0, Win Bonus=0.0
[2026-05-22 10:45:54] SCORE Gruppe 10 (purple): Final=918.4, Time=74.4, Moves(156)=0.0, Pins(5)=500.0, Dist=344.0, Win Bonus=0.0
[2026-05-22 10:45:54] SCORE Group 16 (lawn green): Final=1271.4, Time=83.4, Moves(155)=0.0, Pins(8)=800.0, Dist=388.0, Win Bonus=0.0
[2026-05-22 10:45:54] ALL WRONG MOVES BY COLOUR: {}
[2026-05-22 10:45:54] MOVE 468: Group 16 (lawn green) 67->57 [0.01ms]
[2026-05-22 10:45:54] SCORE PCS (yellow): Final=912.5, Time=44.5, Moves(156)=0.0, Pins(5)=500.0, Dist=368.0, Win Bonus=0.0
[2026-05-22 10:45:54] SCORE Gruppe 10 (purple): Final=918.4, Time=74.4, Moves(156)=0.0, Pins(5)=500.0, Dist=344.0, Win Bonus=0.0
[2026-05-22 10:45:54] SCORE Group 16 (lawn green): Final=1271.3, Time=83.3, Moves(156)=0.0, Pins(8)=800.0, Dist=388.0, Win Bonus=0.0
[2026-05-22 10:45:54] ALL WRONG MOVES BY COLOUR: {}
[2026-05-22 10:45:54] MOVE 469: PCS (yellow) 108->109 [0.00ms]
[2026-05-22 10:45:54] SCORE PCS (yellow): Final=912.2, Time=44.2, Moves(157)=0.0, Pins(5)=500.0, Dist=368.0, Win Bonus=0.0
[2026-05-22 10:45:54] SCORE Gruppe 10 (purple): Final=918.4, Time=74.4, Moves(156)=0.0, Pins(5)=500.0, Dist=344.0, Win Bonus=0.0
[2026-05-22 10:45:54] SCORE Group 16 (lawn green): Final=1271.3, Time=83.3, Moves(156)=0.0, Pins(8)=800.0, Dist=388.0, Win Bonus=0.0
[2026-05-22 10:45:54] ALL WRONG MOVES BY COLOUR: {}
[2026-05-22 10:45:54] MOVE 470: Gruppe 10 (purple) 50->39 [0.01ms]
[2026-05-22 10:45:54] SCORE PCS (yellow): Final=912.2, Time=44.2, Moves(157)=0.0, Pins(5)=500.0, Dist=368.0, Win Bonus=0.0
[2026-05-22 10:45:54] SCORE Gruppe 10 (purple): Final=920.2, Time=74.2, Moves(157)=0.0, Pins(5)=500.0, Dist=346.0, Win Bonus=0.0
[2026-05-22 10:45:54] SCORE Group 16 (lawn green): Final=1271.3, Time=83.3, Moves(156)=0.0, Pins(8)=800.0, Dist=388.0, Win Bonus=0.0
[2026-05-22 10:45:54] ALL WRONG MOVES BY COLOUR: {}
[2026-05-22 10:45:54] MOVE 471: Group 16 (lawn green) 57->48 [0.00ms]
[2026-05-22 10:45:54] SCORE PCS (yellow): Final=912.2, Time=44.2, Moves(157)=0.0, Pins(5)=500.0, Dist=368.0, Win Bonus=0.0
[2026-05-22 10:45:54] SCORE Gruppe 10 (purple): Final=920.2, Time=74.2, Moves(157)=0.0, Pins(5)=500.0, Dist=346.0, Win Bonus=0.0
[2026-05-22 10:45:54] SCORE Group 16 (lawn green): Final=1269.2, Time=83.2, Moves(157)=0.0, Pins(8)=800.0, Dist=386.0, Win Bonus=0.0
[2026-05-22 10:45:54] ALL WRONG MOVES BY COLOUR: {}
[2026-05-22 10:45:55] MOVE 472: PCS (yellow) 85->110 [0.00ms]
[2026-05-22 10:45:55] SCORE PCS (yellow): Final=911.9, Time=43.9, Moves(158)=0.0, Pins(5)=500.0, Dist=368.0, Win Bonus=0.0
[2026-05-22 10:45:55] SCORE Gruppe 10 (purple): Final=920.2, Time=74.2, Moves(157)=0.0, Pins(5)=500.0, Dist=346.0, Win Bonus=0.0
[2026-05-22 10:45:55] SCORE Group 16 (lawn green): Final=1269.2, Time=83.2, Moves(157)=0.0, Pins(8)=800.0, Dist=386.0, Win Bonus=0.0
[2026-05-22 10:45:55] ALL WRONG MOVES BY COLOUR: {}
[2026-05-22 10:45:55] MOVE 473: Gruppe 10 (purple) 30->18 [0.01ms]
[2026-05-22 10:45:55] SCORE PCS (yellow): Final=911.9, Time=43.9, Moves(158)=0.0, Pins(5)=500.0, Dist=368.0, Win Bonus=0.0
[2026-05-22 10:45:55] SCORE Gruppe 10 (purple): Final=920.0, Time=74.0, Moves(158)=0.0, Pins(5)=500.0, Dist=346.0, Win Bonus=0.0
[2026-05-22 10:45:55] SCORE Group 16 (lawn green): Final=1269.2, Time=83.2, Moves(157)=0.0, Pins(8)=800.0, Dist=386.0, Win Bonus=0.0
[2026-05-22 10:45:55] ALL WRONG MOVES BY COLOUR: {}
[2026-05-22 10:45:55] MOVE 474: Group 16 (lawn green) 23->24 [0.00ms]
[2026-05-22 10:45:55] SCORE PCS (yellow): Final=911.9, Time=43.9, Moves(158)=0.0, Pins(5)=500.0, Dist=368.0, Win Bonus=0.0
[2026-05-22 10:45:55] SCORE Gruppe 10 (purple): Final=920.0, Time=74.0, Moves(158)=0.0, Pins(5)=500.0, Dist=346.0, Win Bonus=0.0
[2026-05-22 10:45:55] SCORE Group 16 (lawn green): Final=1269.1, Time=83.1, Moves(158)=0.0, Pins(8)=800.0, Dist=386.0, Win Bonus=0.0
[2026-05-22 10:45:55] ALL WRONG MOVES BY COLOUR: {}
[2026-05-22 10:45:55] MOVE 475: PCS (yellow) 106->105 [0.01ms]
[2026-05-22 10:45:55] SCORE PCS (yellow): Final=909.6, Time=43.6, Moves(159)=0.0, Pins(5)=500.0, Dist=366.0, Win Bonus=0.0
[2026-05-22 10:45:55] SCORE Gruppe 10 (purple): Final=920.0, Time=74.0, Moves(158)=0.0, Pins(5)=500.0, Dist=346.0, Win Bonus=0.0
[2026-05-22 10:45:55] SCORE Group 16 (lawn green): Final=1269.1, Time=83.1, Moves(158)=0.0, Pins(8)=800.0, Dist=386.0, Win Bonus=0.0
[2026-05-22 10:45:55] ALL WRONG MOVES BY COLOUR: {}
[2026-05-22 10:45:55] MOVE 476: Gruppe 10 (purple) 39->38 [0.01ms]
[2026-05-22 10:45:55] SCORE PCS (yellow): Final=909.6, Time=43.6, Moves(159)=0.0, Pins(5)=500.0, Dist=366.0, Win Bonus=0.0
[2026-05-22 10:45:55] SCORE Gruppe 10 (purple): Final=921.9, Time=73.9, Moves(159)=0.0, Pins(5)=500.0, Dist=348.0, Win Bonus=0.0
[2026-05-22 10:45:55] SCORE Group 16 (lawn green): Final=1269.1, Time=83.1, Moves(158)=0.0, Pins(8)=800.0, Dist=386.0, Win Bonus=0.0
[2026-05-22 10:45:55] ALL WRONG MOVES BY COLOUR: {}
[2026-05-22 10:45:55] MOVE 477: Group 16 (lawn green) 24->26 [0.00ms]
[2026-05-22 10:45:55] SCORE PCS (yellow): Final=909.6, Time=43.6, Moves(159)=0.0, Pins(5)=500.0, Dist=366.0, Win Bonus=0.0
[2026-05-22 10:45:55] SCORE Gruppe 10 (purple): Final=921.9, Time=73.9, Moves(159)=0.0, Pins(5)=500.0, Dist=348.0, Win Bonus=0.0
[2026-05-22 10:45:55] SCORE Group 16 (lawn green): Final=1269.0, Time=83.0, Moves(159)=0.0, Pins(8)=800.0, Dist=386.0, Win Bonus=0.0
[2026-05-22 10:45:55] ALL WRONG MOVES BY COLOUR: {}
[2026-05-22 10:45:56] MOVE 478: PCS (yellow) 103->112 [0.01ms]
[2026-05-22 10:45:56] SCORE PCS (yellow): Final=909.2, Time=43.2, Moves(160)=0.0, Pins(5)=500.0, Dist=366.0, Win Bonus=0.0
[2026-05-22 10:45:56] SCORE Gruppe 10 (purple): Final=921.9, Time=73.9, Moves(159)=0.0, Pins(5)=500.0, Dist=348.0, Win Bonus=0.0
[2026-05-22 10:45:56] SCORE Group 16 (lawn green): Final=1269.0, Time=83.0, Moves(159)=0.0, Pins(8)=800.0, Dist=386.0, Win Bonus=0.0
[2026-05-22 10:45:56] ALL WRONG MOVES BY COLOUR: {}
[2026-05-22 10:45:56] MOVE 479: Gruppe 10 (purple) 104->64 [0.00ms]
[2026-05-22 10:45:56] SCORE PCS (yellow): Final=909.2, Time=43.2, Moves(160)=0.0, Pins(5)=500.0, Dist=366.0, Win Bonus=0.0
[2026-05-22 10:45:56] SCORE Gruppe 10 (purple): Final=917.7, Time=73.7, Moves(160)=0.0, Pins(5)=500.0, Dist=344.0, Win Bonus=0.0
[2026-05-22 10:45:56] SCORE Group 16 (lawn green): Final=1269.0, Time=83.0, Moves(159)=0.0, Pins(8)=800.0, Dist=386.0, Win Bonus=0.0
[2026-05-22 10:45:56] ALL WRONG MOVES BY COLOUR: {}
[2026-05-22 10:45:56] MOVE 480: Group 16 (lawn green) 48->47 [0.00ms]
[2026-05-22 10:45:56] SCORE PCS (yellow): Final=909.2, Time=43.2, Moves(160)=0.0, Pins(5)=500.0, Dist=366.0, Win Bonus=0.0
[2026-05-22 10:45:56] SCORE Gruppe 10 (purple): Final=917.7, Time=73.7, Moves(160)=0.0, Pins(5)=500.0, Dist=344.0, Win Bonus=0.0
[2026-05-22 10:45:56] SCORE Group 16 (lawn green): Final=1270.9, Time=82.9, Moves(160)=0.0, Pins(8)=800.0, Dist=388.0, Win Bonus=0.0
[2026-05-22 10:45:56] ALL WRONG MOVES BY COLOUR: {}
[2026-05-22 10:45:56] MOVE 481: PCS (yellow) 112->103 [0.00ms]
[2026-05-22 10:45:56] SCORE PCS (yellow): Final=908.9, Time=42.9, Moves(161)=0.0, Pins(5)=500.0, Dist=366.0, Win Bonus=0.0
[2026-05-22 10:45:56] SCORE Gruppe 10 (purple): Final=917.7, Time=73.7, Moves(160)=0.0, Pins(5)=500.0, Dist=344.0, Win Bonus=0.0
[2026-05-22 10:45:56] SCORE Group 16 (lawn green): Final=1270.9, Time=82.9, Moves(160)=0.0, Pins(8)=800.0, Dist=388.0, Win Bonus=0.0
[2026-05-22 10:45:56] ALL WRONG MOVES BY COLOUR: {}
[2026-05-22 10:45:57] MOVE 482: Gruppe 10 (purple) 38->49 [0.00ms]
[2026-05-22 10:45:57] SCORE PCS (yellow): Final=908.9, Time=42.9, Moves(161)=0.0, Pins(5)=500.0, Dist=366.0, Win Bonus=0.0
[2026-05-22 10:45:57] SCORE Gruppe 10 (purple): Final=915.5, Time=73.5, Moves(161)=0.0, Pins(5)=500.0, Dist=342.0, Win Bonus=0.0
[2026-05-22 10:45:57] SCORE Group 16 (lawn green): Final=1270.9, Time=82.9, Moves(160)=0.0, Pins(8)=800.0, Dist=388.0, Win Bonus=0.0
[2026-05-22 10:45:57] ALL WRONG MOVES BY COLOUR: {}
[2026-05-22 10:45:57] MOVE 483: Group 16 (lawn green) 26->38 [0.00ms]
[2026-05-22 10:45:57] SCORE PCS (yellow): Final=908.9, Time=42.9, Moves(161)=0.0, Pins(5)=500.0, Dist=366.0, Win Bonus=0.0
[2026-05-22 10:45:57] SCORE Gruppe 10 (purple): Final=915.5, Time=73.5, Moves(161)=0.0, Pins(5)=500.0, Dist=342.0, Win Bonus=0.0
[2026-05-22 10:45:57] SCORE Group 16 (lawn green): Final=1270.9, Time=82.9, Moves(161)=0.0, Pins(8)=800.0, Dist=388.0, Win Bonus=0.0
[2026-05-22 10:45:57] ALL WRONG MOVES BY COLOUR: {}
[2026-05-22 10:45:57] MOVE 484: PCS (yellow) 102->104 [0.00ms]
[2026-05-22 10:45:57] SCORE PCS (yellow): Final=912.5, Time=42.5, Moves(162)=0.0, Pins(5)=500.0, Dist=370.0, Win Bonus=0.0
[2026-05-22 10:45:57] SCORE Gruppe 10 (purple): Final=915.5, Time=73.5, Moves(161)=0.0, Pins(5)=500.0, Dist=342.0, Win Bonus=0.0
[2026-05-22 10:45:57] SCORE Group 16 (lawn green): Final=1270.9, Time=82.9, Moves(161)=0.0, Pins(8)=800.0, Dist=388.0, Win Bonus=0.0
[2026-05-22 10:45:57] ALL WRONG MOVES BY COLOUR: {}
[2026-05-22 10:45:57] MOVE 485: Gruppe 10 (purple) 49->58 [0.01ms]
[2026-05-22 10:45:57] SCORE PCS (yellow): Final=912.5, Time=42.5, Moves(162)=0.0, Pins(5)=500.0, Dist=370.0, Win Bonus=0.0
[2026-05-22 10:45:57] SCORE Gruppe 10 (purple): Final=915.3, Time=73.3, Moves(162)=0.0, Pins(5)=500.0, Dist=342.0, Win Bonus=0.0
[2026-05-22 10:45:57] SCORE Group 16 (lawn green): Final=1270.9, Time=82.9, Moves(161)=0.0, Pins(8)=800.0, Dist=388.0, Win Bonus=0.0
[2026-05-22 10:45:57] ALL WRONG MOVES BY COLOUR: {}
[2026-05-22 10:45:57] MOVE 486: Group 16 (lawn green) 47->56 [0.01ms]
[2026-05-22 10:45:57] SCORE PCS (yellow): Final=912.5, Time=42.5, Moves(162)=0.0, Pins(5)=500.0, Dist=370.0, Win Bonus=0.0
[2026-05-22 10:45:57] SCORE Gruppe 10 (purple): Final=915.3, Time=73.3, Moves(162)=0.0, Pins(5)=500.0, Dist=342.0, Win Bonus=0.0
[2026-05-22 10:45:57] SCORE Group 16 (lawn green): Final=1272.8, Time=82.8, Moves(162)=0.0, Pins(8)=800.0, Dist=390.0, Win Bonus=0.0
[2026-05-22 10:45:57] ALL WRONG MOVES BY COLOUR: {}
[2026-05-22 10:45:58] MOVE 487: PCS (yellow) 104->108 [0.00ms]
[2026-05-22 10:45:58] SCORE PCS (yellow): Final=1018.2, Time=42.2, Moves(163)=0.0, Pins(6)=600.0, Dist=376.0, Win Bonus=0.0
[2026-05-22 10:45:58] SCORE Gruppe 10 (purple): Final=915.3, Time=73.3, Moves(162)=0.0, Pins(5)=500.0, Dist=342.0, Win Bonus=0.0
[2026-05-22 10:45:58] SCORE Group 16 (lawn green): Final=1272.8, Time=82.8, Moves(162)=0.0, Pins(8)=800.0, Dist=390.0, Win Bonus=0.0
[2026-05-22 10:45:58] ALL WRONG MOVES BY COLOUR: {}
[2026-05-22 10:45:58] MOVE 488: Gruppe 10 (purple) 73->63 [0.01ms]
[2026-05-22 10:45:58] SCORE PCS (yellow): Final=1018.2, Time=42.2, Moves(163)=0.0, Pins(6)=600.0, Dist=376.0, Win Bonus=0.0
[2026-05-22 10:45:58] SCORE Gruppe 10 (purple): Final=917.2, Time=73.2, Moves(163)=0.0, Pins(5)=500.0, Dist=344.0, Win Bonus=0.0
[2026-05-22 10:45:58] SCORE Group 16 (lawn green): Final=1272.8, Time=82.8, Moves(162)=0.0, Pins(8)=800.0, Dist=390.0, Win Bonus=0.0
[2026-05-22 10:45:58] ALL WRONG MOVES BY COLOUR: {}
[2026-05-22 10:45:58] MOVE 489: Group 16 (lawn green) 38->48 [0.01ms]
[2026-05-22 10:45:58] SCORE PCS (yellow): Final=1018.2, Time=42.2, Moves(163)=0.0, Pins(6)=600.0, Dist=376.0, Win Bonus=0.0
[2026-05-22 10:45:58] SCORE Gruppe 10 (purple): Final=917.2, Time=73.2, Moves(163)=0.0, Pins(5)=500.0, Dist=344.0, Win Bonus=0.0
[2026-05-22 10:45:58] SCORE Group 16 (lawn green): Final=1274.6, Time=82.6, Moves(163)=0.0, Pins(8)=800.0, Dist=392.0, Win Bonus=0.0
[2026-05-22 10:45:58] ALL WRONG MOVES BY COLOUR: {}
[2026-05-22 10:45:58] MOVE 490: PCS (yellow) 81->70 [0.01ms]
[2026-05-22 10:45:58] SCORE PCS (yellow): Final=1015.9, Time=41.9, Moves(164)=0.0, Pins(6)=600.0, Dist=374.0, Win Bonus=0.0
[2026-05-22 10:45:58] SCORE Gruppe 10 (purple): Final=917.2, Time=73.2, Moves(163)=0.0, Pins(5)=500.0, Dist=344.0, Win Bonus=0.0
[2026-05-22 10:45:58] SCORE Group 16 (lawn green): Final=1274.6, Time=82.6, Moves(163)=0.0, Pins(8)=800.0, Dist=392.0, Win Bonus=0.0
[2026-05-22 10:45:58] ALL WRONG MOVES BY COLOUR: {}
[2026-05-22 10:45:58] MOVE 491: Gruppe 10 (purple) 64->73 [0.01ms]
[2026-05-22 10:45:58] SCORE PCS (yellow): Final=1015.9, Time=41.9, Moves(164)=0.0, Pins(6)=600.0, Dist=374.0, Win Bonus=0.0
[2026-05-22 10:45:58] SCORE Gruppe 10 (purple): Final=917.1, Time=73.1, Moves(164)=0.0, Pins(5)=500.0, Dist=344.0, Win Bonus=0.0
[2026-05-22 10:45:58] SCORE Group 16 (lawn green): Final=1274.6, Time=82.6, Moves(163)=0.0, Pins(8)=800.0, Dist=392.0, Win Bonus=0.0
[2026-05-22 10:45:58] ALL WRONG MOVES BY COLOUR: {}
[2026-05-22 10:45:59] MOVE 492: Group 16 (lawn green) 56->66 [0.00ms]
[2026-05-22 10:45:59] SCORE PCS (yellow): Final=1015.9, Time=41.9, Moves(164)=0.0, Pins(6)=600.0, Dist=374.0, Win Bonus=0.0
[2026-05-22 10:45:59] SCORE Gruppe 10 (purple): Final=917.1, Time=73.1, Moves(164)=0.0, Pins(5)=500.0, Dist=344.0, Win Bonus=0.0
[2026-05-22 10:45:59] SCORE Group 16 (lawn green): Final=1274.6, Time=82.6, Moves(164)=0.0, Pins(8)=800.0, Dist=392.0, Win Bonus=0.0
[2026-05-22 10:45:59] ALL WRONG MOVES BY COLOUR: {}
[2026-05-22 10:45:59] MOVE 493: PCS (yellow) 70->71 [0.01ms]
[2026-05-22 10:45:59] SCORE PCS (yellow): Final=1017.4, Time=41.4, Moves(165)=0.0, Pins(6)=600.0, Dist=376.0, Win Bonus=0.0
[2026-05-22 10:45:59] SCORE Gruppe 10 (purple): Final=917.1, Time=73.1, Moves(164)=0.0, Pins(5)=500.0, Dist=344.0, Win Bonus=0.0
[2026-05-22 10:45:59] SCORE Group 16 (lawn green): Final=1274.6, Time=82.6, Moves(164)=0.0, Pins(8)=800.0, Dist=392.0, Win Bonus=0.0
[2026-05-22 10:45:59] ALL WRONG MOVES BY COLOUR: {}
[2026-05-22 10:45:59] MOVE 494: Gruppe 10 (purple) 36->13 [0.00ms]
[2026-05-22 10:45:59] SCORE PCS (yellow): Final=1017.4, Time=41.4, Moves(165)=0.0, Pins(6)=600.0, Dist=376.0, Win Bonus=0.0
[2026-05-22 10:45:59] SCORE Gruppe 10 (purple): Final=916.8, Time=72.8, Moves(165)=0.0, Pins(5)=500.0, Dist=344.0, Win Bonus=0.0
[2026-05-22 10:45:59] SCORE Group 16 (lawn green): Final=1274.6, Time=82.6, Moves(164)=0.0, Pins(8)=800.0, Dist=392.0, Win Bonus=0.0
[2026-05-22 10:45:59] ALL WRONG MOVES BY COLOUR: {}
[2026-05-22 10:45:59] MOVE 495: Group 16 (lawn green) 48->57 [0.00ms]
[2026-05-22 10:45:59] SCORE PCS (yellow): Final=1017.4, Time=41.4, Moves(165)=0.0, Pins(6)=600.0, Dist=376.0, Win Bonus=0.0
[2026-05-22 10:45:59] SCORE Gruppe 10 (purple): Final=916.8, Time=72.8, Moves(165)=0.0, Pins(5)=500.0, Dist=344.0, Win Bonus=0.0
[2026-05-22 10:45:59] SCORE Group 16 (lawn green): Final=1276.4, Time=82.4, Moves(165)=0.0, Pins(8)=800.0, Dist=394.0, Win Bonus=0.0
[2026-05-22 10:45:59] ALL WRONG MOVES BY COLOUR: {}
[2026-05-22 10:46:00] MOVE 496: PCS (yellow) 71->82 [0.00ms]
[2026-05-22 10:46:00] SCORE PCS (yellow): Final=1019.2, Time=41.2, Moves(166)=0.0, Pins(6)=600.0, Dist=378.0, Win Bonus=0.0
[2026-05-22 10:46:00] SCORE Gruppe 10 (purple): Final=916.8, Time=72.8, Moves(165)=0.0, Pins(5)=500.0, Dist=344.0, Win Bonus=0.0
[2026-05-22 10:46:00] SCORE Group 16 (lawn green): Final=1276.4, Time=82.4, Moves(165)=0.0, Pins(8)=800.0, Dist=394.0, Win Bonus=0.0
[2026-05-22 10:46:00] ALL WRONG MOVES BY COLOUR: {}
[2026-05-22 10:46:00] MOVE 497: Gruppe 10 (purple) 73->71 [0.00ms]
[2026-05-22 10:46:00] SCORE PCS (yellow): Final=1019.2, Time=41.2, Moves(166)=0.0, Pins(6)=600.0, Dist=378.0, Win Bonus=0.0
[2026-05-22 10:46:00] SCORE Gruppe 10 (purple): Final=920.7, Time=72.7, Moves(166)=0.0, Pins(5)=500.0, Dist=348.0, Win Bonus=0.0
[2026-05-22 10:46:00] SCORE Group 16 (lawn green): Final=1276.4, Time=82.4, Moves(165)=0.0, Pins(8)=800.0, Dist=394.0, Win Bonus=0.0
[2026-05-22 10:46:00] ALL WRONG MOVES BY COLOUR: {}
[2026-05-22 10:46:00] MOVE 498: Group 16 (lawn green) 57->56 [0.00ms]
[2026-05-22 10:46:00] SCORE PCS (yellow): Final=1019.2, Time=41.2, Moves(166)=0.0, Pins(6)=600.0, Dist=378.0, Win Bonus=0.0
[2026-05-22 10:46:00] SCORE Gruppe 10 (purple): Final=920.7, Time=72.7, Moves(166)=0.0, Pins(5)=500.0, Dist=348.0, Win Bonus=0.0
[2026-05-22 10:46:00] SCORE Group 16 (lawn green): Final=1278.4, Time=82.4, Moves(166)=0.0, Pins(8)=800.0, Dist=396.0, Win Bonus=0.0
[2026-05-22 10:46:00] ALL WRONG MOVES BY COLOUR: {}
[2026-05-22 10:46:00] MOVE 499: PCS (yellow) 82->72 [0.00ms]
[2026-05-22 10:46:00] SCORE PCS (yellow): Final=1018.8, Time=40.8, Moves(167)=0.0, Pins(6)=600.0, Dist=378.0, Win Bonus=0.0
[2026-05-22 10:46:00] SCORE Gruppe 10 (purple): Final=920.7, Time=72.7, Moves(166)=0.0, Pins(5)=500.0, Dist=348.0, Win Bonus=0.0
[2026-05-22 10:46:00] SCORE Group 16 (lawn green): Final=1278.4, Time=82.4, Moves(166)=0.0, Pins(8)=800.0, Dist=396.0, Win Bonus=0.0
[2026-05-22 10:46:00] ALL WRONG MOVES BY COLOUR: {}
[2026-05-22 10:46:00] MOVE 500: Gruppe 10 (purple) 63->54 [0.00ms]
[2026-05-22 10:46:00] SCORE PCS (yellow): Final=1018.8, Time=40.8, Moves(167)=0.0, Pins(6)=600.0, Dist=378.0, Win Bonus=0.0
[2026-05-22 10:46:00] SCORE Gruppe 10 (purple): Final=920.6, Time=72.6, Moves(167)=0.0, Pins(5)=500.0, Dist=348.0, Win Bonus=0.0
[2026-05-22 10:46:00] SCORE Group 16 (lawn green): Final=1278.4, Time=82.4, Moves(166)=0.0, Pins(8)=800.0, Dist=396.0, Win Bonus=0.0
[2026-05-22 10:46:00] ALL WRONG MOVES BY COLOUR: {}
[2026-05-22 10:46:00] MOVE 501: Group 16 (lawn green) 66->77 [0.00ms]
[2026-05-22 10:46:00] SCORE PCS (yellow): Final=1018.8, Time=40.8, Moves(167)=0.0, Pins(6)=600.0, Dist=378.0, Win Bonus=0.0
[2026-05-22 10:46:00] SCORE Gruppe 10 (purple): Final=920.6, Time=72.6, Moves(167)=0.0, Pins(5)=500.0, Dist=348.0, Win Bonus=0.0
[2026-05-22 10:46:00] SCORE Group 16 (lawn green): Final=1278.3, Time=82.3, Moves(167)=0.0, Pins(8)=800.0, Dist=396.0, Win Bonus=0.0
[2026-05-22 10:46:00] ALL WRONG MOVES BY COLOUR: {}
[2026-05-22 10:46:01] MOVE 502: PCS (yellow) 53->63 [0.00ms]
[2026-05-22 10:46:01] SCORE PCS (yellow): Final=1020.4, Time=40.4, Moves(168)=0.0, Pins(6)=600.0, Dist=380.0, Win Bonus=0.0
[2026-05-22 10:46:01] SCORE Gruppe 10 (purple): Final=920.6, Time=72.6, Moves(167)=0.0, Pins(5)=500.0, Dist=348.0, Win Bonus=0.0
[2026-05-22 10:46:01] SCORE Group 16 (lawn green): Final=1278.3, Time=82.3, Moves(167)=0.0, Pins(8)=800.0, Dist=396.0, Win Bonus=0.0
[2026-05-22 10:46:01] ALL WRONG MOVES BY COLOUR: {}
[2026-05-22 10:46:01] MOVE 503: Gruppe 10 (purple) 71->53 [0.00ms]
[2026-05-22 10:46:01] SCORE PCS (yellow): Final=1020.4, Time=40.4, Moves(168)=0.0, Pins(6)=600.0, Dist=380.0, Win Bonus=0.0
[2026-05-22 10:46:01] SCORE Gruppe 10 (purple): Final=920.4, Time=72.4, Moves(168)=0.0, Pins(5)=500.0, Dist=348.0, Win Bonus=0.0
[2026-05-22 10:46:01] SCORE Group 16 (lawn green): Final=1278.3, Time=82.3, Moves(167)=0.0, Pins(8)=800.0, Dist=396.0, Win Bonus=0.0
[2026-05-22 10:46:01] ALL WRONG MOVES BY COLOUR: {}
[2026-05-22 10:46:01] MOVE 504: Group 16 (lawn green) 56->66 [0.00ms]
[2026-05-22 10:46:01] SCORE PCS (yellow): Final=1020.4, Time=40.4, Moves(168)=0.0, Pins(6)=600.0, Dist=380.0, Win Bonus=0.0
[2026-05-22 10:46:01] SCORE Gruppe 10 (purple): Final=920.4, Time=72.4, Moves(168)=0.0, Pins(5)=500.0, Dist=348.0, Win Bonus=0.0
[2026-05-22 10:46:01] SCORE Group 16 (lawn green): Final=1278.2, Time=82.2, Moves(168)=0.0, Pins(8)=800.0, Dist=396.0, Win Bonus=0.0
[2026-05-22 10:46:01] ALL WRONG MOVES BY COLOUR: {}
[2026-05-22 10:46:01] MOVE 505: PCS (yellow) 72->82 [0.00ms]
[2026-05-22 10:46:01] SCORE PCS (yellow): Final=1020.1, Time=40.1, Moves(169)=0.0, Pins(6)=600.0, Dist=380.0, Win Bonus=0.0
[2026-05-22 10:46:01] SCORE Gruppe 10 (purple): Final=920.4, Time=72.4, Moves(168)=0.0, Pins(5)=500.0, Dist=348.0, Win Bonus=0.0
[2026-05-22 10:46:01] SCORE Group 16 (lawn green): Final=1278.2, Time=82.2, Moves(168)=0.0, Pins(8)=800.0, Dist=396.0, Win Bonus=0.0
[2026-05-22 10:46:01] ALL WRONG MOVES BY COLOUR: {}
[2026-05-22 10:46:02] MOVE 506: Gruppe 10 (purple) 35->36 [0.00ms]
[2026-05-22 10:46:02] SCORE PCS (yellow): Final=1020.1, Time=40.1, Moves(169)=0.0, Pins(6)=600.0, Dist=380.0, Win Bonus=0.0
[2026-05-22 10:46:02] SCORE Gruppe 10 (purple): Final=920.2, Time=72.2, Moves(169)=0.0, Pins(5)=500.0, Dist=348.0, Win Bonus=0.0
[2026-05-22 10:46:02] SCORE Group 16 (lawn green): Final=1278.2, Time=82.2, Moves(168)=0.0, Pins(8)=800.0, Dist=396.0, Win Bonus=0.0
[2026-05-22 10:46:02] ALL WRONG MOVES BY COLOUR: {}
[2026-05-22 10:46:02] MOVE 507: Group 16 (lawn green) 77->89 [0.00ms]
[2026-05-22 10:46:02] SCORE PCS (yellow): Final=1020.1, Time=40.1, Moves(169)=0.0, Pins(6)=600.0, Dist=380.0, Win Bonus=0.0
[2026-05-22 10:46:02] SCORE Gruppe 10 (purple): Final=920.2, Time=72.2, Moves(169)=0.0, Pins(5)=500.0, Dist=348.0, Win Bonus=0.0
[2026-05-22 10:46:02] SCORE Group 16 (lawn green): Final=1278.1, Time=82.1, Moves(169)=0.0, Pins(8)=800.0, Dist=396.0, Win Bonus=0.0
[2026-05-22 10:46:02] ALL WRONG MOVES BY COLOUR: {}
[2026-05-22 10:46:02] MOVE 508: PCS (yellow) 108->104 [0.00ms]
[2026-05-22 10:46:02] SCORE PCS (yellow): Final=913.7, Time=39.7, Moves(170)=0.0, Pins(5)=500.0, Dist=374.0, Win Bonus=0.0
[2026-05-22 10:46:02] SCORE Gruppe 10 (purple): Final=920.2, Time=72.2, Moves(169)=0.0, Pins(5)=500.0, Dist=348.0, Win Bonus=0.0
[2026-05-22 10:46:02] SCORE Group 16 (lawn green): Final=1278.1, Time=82.1, Moves(169)=0.0, Pins(8)=800.0, Dist=396.0, Win Bonus=0.0
[2026-05-22 10:46:02] ALL WRONG MOVES BY COLOUR: {}
[2026-05-22 10:46:02] MOVE 509: Gruppe 10 (purple) 18->17 [0.00ms]
[2026-05-22 10:46:02] SCORE PCS (yellow): Final=913.7, Time=39.7, Moves(170)=0.0, Pins(5)=500.0, Dist=374.0, Win Bonus=0.0
[2026-05-22 10:46:02] SCORE Gruppe 10 (purple): Final=922.1, Time=72.1, Moves(170)=0.0, Pins(5)=500.0, Dist=350.0, Win Bonus=0.0
[2026-05-22 10:46:02] SCORE Group 16 (lawn green): Final=1278.1, Time=82.1, Moves(169)=0.0, Pins(8)=800.0, Dist=396.0, Win Bonus=0.0
[2026-05-22 10:46:02] ALL WRONG MOVES BY COLOUR: {}
[2026-05-22 10:46:02] MOVE 510: Group 16 (lawn green) 66->77 [0.00ms]
[2026-05-22 10:46:02] SCORE PCS (yellow): Final=913.7, Time=39.7, Moves(170)=0.0, Pins(5)=500.0, Dist=374.0, Win Bonus=0.0
[2026-05-22 10:46:02] SCORE Gruppe 10 (purple): Final=922.1, Time=72.1, Moves(170)=0.0, Pins(5)=500.0, Dist=350.0, Win Bonus=0.0
[2026-05-22 10:46:02] SCORE Group 16 (lawn green): Final=1278.1, Time=82.1, Moves(170)=0.0, Pins(8)=800.0, Dist=396.0, Win Bonus=0.0
[2026-05-22 10:46:02] ALL WRONG MOVES BY COLOUR: {}
[2026-05-22 10:46:03] MOVE 511: PCS (yellow) 104->108 [0.00ms]
[2026-05-22 10:46:03] SCORE PCS (yellow): Final=1019.3, Time=39.3, Moves(171)=0.0, Pins(6)=600.0, Dist=380.0, Win Bonus=0.0
[2026-05-22 10:46:03] SCORE Gruppe 10 (purple): Final=922.1, Time=72.1, Moves(170)=0.0, Pins(5)=500.0, Dist=350.0, Win Bonus=0.0
[2026-05-22 10:46:03] SCORE Group 16 (lawn green): Final=1278.1, Time=82.1, Moves(170)=0.0, Pins(8)=800.0, Dist=396.0, Win Bonus=0.0
[2026-05-22 10:46:03] ALL WRONG MOVES BY COLOUR: {}
[2026-05-22 10:46:03] MOVE 512: Gruppe 10 (purple) 58->48 [0.01ms]
[2026-05-22 10:46:03] SCORE PCS (yellow): Final=1019.3, Time=39.3, Moves(171)=0.0, Pins(6)=600.0, Dist=380.0, Win Bonus=0.0
[2026-05-22 10:46:03] SCORE Gruppe 10 (purple): Final=923.9, Time=71.9, Moves(171)=0.0, Pins(5)=500.0, Dist=352.0, Win Bonus=0.0
[2026-05-22 10:46:03] SCORE Group 16 (lawn green): Final=1278.1, Time=82.1, Moves(170)=0.0, Pins(8)=800.0, Dist=396.0, Win Bonus=0.0
[2026-05-22 10:46:03] ALL WRONG MOVES BY COLOUR: {}
[2026-05-22 10:46:03] MOVE 513: Group 16 (lawn green) 89->78 [0.01ms]
[2026-05-22 10:46:03] SCORE PCS (yellow): Final=1019.3, Time=39.3, Moves(171)=0.0, Pins(6)=600.0, Dist=380.0, Win Bonus=0.0
[2026-05-22 10:46:03] SCORE Gruppe 10 (purple): Final=923.9, Time=71.9, Moves(171)=0.0, Pins(5)=500.0, Dist=352.0, Win Bonus=0.0
[2026-05-22 10:46:03] SCORE Group 16 (lawn green): Final=1276.0, Time=82.0, Moves(171)=0.0, Pins(8)=800.0, Dist=394.0, Win Bonus=0.0
[2026-05-22 10:46:03] ALL WRONG MOVES BY COLOUR: {}
[2026-05-22 10:46:03] MOVE 514: PCS (yellow) 105->104 [0.01ms]
[2026-05-22 10:46:03] SCORE PCS (yellow): Final=1016.9, Time=38.9, Moves(172)=0.0, Pins(6)=600.0, Dist=378.0, Win Bonus=0.0
[2026-05-22 10:46:03] SCORE Gruppe 10 (purple): Final=923.9, Time=71.9, Moves(171)=0.0, Pins(5)=500.0, Dist=352.0, Win Bonus=0.0
[2026-05-22 10:46:03] SCORE Group 16 (lawn green): Final=1276.0, Time=82.0, Moves(171)=0.0, Pins(8)=800.0, Dist=394.0, Win Bonus=0.0
[2026-05-22 10:46:03] ALL WRONG MOVES BY COLOUR: {}
[2026-05-22 10:46:03] MOVE 515: Gruppe 10 (purple) 48->37 [0.00ms]
[2026-05-22 10:46:03] SCORE PCS (yellow): Final=1016.9, Time=38.9, Moves(172)=0.0, Pins(6)=600.0, Dist=378.0, Win Bonus=0.0
[2026-05-22 10:46:03] SCORE Gruppe 10 (purple): Final=925.7, Time=71.7, Moves(172)=0.0, Pins(5)=500.0, Dist=354.0, Win Bonus=0.0
[2026-05-22 10:46:03] SCORE Group 16 (lawn green): Final=1276.0, Time=82.0, Moves(171)=0.0, Pins(8)=800.0, Dist=394.0, Win Bonus=0.0
[2026-05-22 10:46:03] ALL WRONG MOVES BY COLOUR: {}
[2026-05-22 10:46:04] MOVE 516: Group 16 (lawn green) 77->89 [0.01ms]
[2026-05-22 10:46:04] SCORE PCS (yellow): Final=1016.9, Time=38.9, Moves(172)=0.0, Pins(6)=600.0, Dist=378.0, Win Bonus=0.0
[2026-05-22 10:46:04] SCORE Gruppe 10 (purple): Final=925.7, Time=71.7, Moves(172)=0.0, Pins(5)=500.0, Dist=354.0, Win Bonus=0.0
[2026-05-22 10:46:04] SCORE Group 16 (lawn green): Final=1275.9, Time=81.9, Moves(172)=0.0, Pins(8)=800.0, Dist=394.0, Win Bonus=0.0
[2026-05-22 10:46:04] ALL WRONG MOVES BY COLOUR: {}
[2026-05-22 10:46:04] MOVE 517: PCS (yellow) 104->105 [0.01ms]
[2026-05-22 10:46:04] SCORE PCS (yellow): Final=1018.5, Time=38.5, Moves(173)=0.0, Pins(6)=600.0, Dist=380.0, Win Bonus=0.0
[2026-05-22 10:46:04] SCORE Gruppe 10 (purple): Final=925.7, Time=71.7, Moves(172)=0.0, Pins(5)=500.0, Dist=354.0, Win Bonus=0.0
[2026-05-22 10:46:04] SCORE Group 16 (lawn green): Final=1275.9, Time=81.9, Moves(172)=0.0, Pins(8)=800.0, Dist=394.0, Win Bonus=0.0
[2026-05-22 10:46:04] ALL WRONG MOVES BY COLOUR: {}
[2026-05-22 10:46:04] MOVE 518: Gruppe 10 (purple) 37->35 [0.00ms]
[2026-05-22 10:46:04] SCORE PCS (yellow): Final=1018.5, Time=38.5, Moves(173)=0.0, Pins(6)=600.0, Dist=380.0, Win Bonus=0.0
[2026-05-22 10:46:04] SCORE Gruppe 10 (purple): Final=1027.5, Time=71.5, Moves(173)=0.0, Pins(6)=600.0, Dist=356.0, Win Bonus=0.0
[2026-05-22 10:46:04] SCORE Group 16 (lawn green): Final=1275.9, Time=81.9, Moves(172)=0.0, Pins(8)=800.0, Dist=394.0, Win Bonus=0.0
[2026-05-22 10:46:04] ALL WRONG MOVES BY COLOUR: {}
[2026-05-22 10:46:04] MOVE 519: Group 16 (lawn green) 89->90 [0.01ms]
[2026-05-22 10:46:04] SCORE PCS (yellow): Final=1018.5, Time=38.5, Moves(173)=0.0, Pins(6)=600.0, Dist=380.0, Win Bonus=0.0
[2026-05-22 10:46:04] SCORE Gruppe 10 (purple): Final=1027.5, Time=71.5, Moves(173)=0.0, Pins(6)=600.0, Dist=356.0, Win Bonus=0.0
[2026-05-22 10:46:04] SCORE Group 16 (lawn green): Final=1273.8, Time=81.8, Moves(173)=0.0, Pins(8)=800.0, Dist=392.0, Win Bonus=0.0
[2026-05-22 10:46:04] ALL WRONG MOVES BY COLOUR: {}
[2026-05-22 10:46:05] MOVE 520: PCS (yellow) 108->104 [0.01ms]
[2026-05-22 10:46:05] SCORE PCS (yellow): Final=912.2, Time=38.2, Moves(174)=0.0, Pins(5)=500.0, Dist=374.0, Win Bonus=0.0
[2026-05-22 10:46:05] SCORE Gruppe 10 (purple): Final=1027.5, Time=71.5, Moves(173)=0.0, Pins(6)=600.0, Dist=356.0, Win Bonus=0.0
[2026-05-22 10:46:05] SCORE Group 16 (lawn green): Final=1273.8, Time=81.8, Moves(173)=0.0, Pins(8)=800.0, Dist=392.0, Win Bonus=0.0
[2026-05-22 10:46:05] ALL WRONG MOVES BY COLOUR: {}
[2026-05-22 10:46:05] MOVE 521: Gruppe 10 (purple) 54->89 [0.00ms]
[2026-05-22 10:46:05] SCORE PCS (yellow): Final=912.2, Time=38.2, Moves(174)=0.0, Pins(5)=500.0, Dist=374.0, Win Bonus=0.0
[2026-05-22 10:46:05] SCORE Gruppe 10 (purple): Final=1035.4, Time=71.4, Moves(174)=0.0, Pins(6)=600.0, Dist=364.0, Win Bonus=0.0
[2026-05-22 10:46:05] SCORE Group 16 (lawn green): Final=1273.8, Time=81.8, Moves(173)=0.0, Pins(8)=800.0, Dist=392.0, Win Bonus=0.0
[2026-05-22 10:46:05] ALL WRONG MOVES BY COLOUR: {}
[2026-05-22 10:46:05] MOVE 522: Group 16 (lawn green) 78->67 [0.00ms]
[2026-05-22 10:46:05] SCORE PCS (yellow): Final=912.2, Time=38.2, Moves(174)=0.0, Pins(5)=500.0, Dist=374.0, Win Bonus=0.0
[2026-05-22 10:46:05] SCORE Gruppe 10 (purple): Final=1035.4, Time=71.4, Moves(174)=0.0, Pins(6)=600.0, Dist=364.0, Win Bonus=0.0
[2026-05-22 10:46:05] SCORE Group 16 (lawn green): Final=1273.7, Time=81.7, Moves(174)=0.0, Pins(8)=800.0, Dist=392.0, Win Bonus=0.0
[2026-05-22 10:46:05] ALL WRONG MOVES BY COLOUR: {}
[2026-05-22 10:46:05] MOVE 523: PCS (yellow) 104->108 [0.00ms]
[2026-05-22 10:46:05] SCORE PCS (yellow): Final=1017.8, Time=37.8, Moves(175)=0.0, Pins(6)=600.0, Dist=380.0, Win Bonus=0.0
[2026-05-22 10:46:05] SCORE Gruppe 10 (purple): Final=1035.4, Time=71.4, Moves(174)=0.0, Pins(6)=600.0, Dist=364.0, Win Bonus=0.0
[2026-05-22 10:46:05] SCORE Group 16 (lawn green): Final=1273.7, Time=81.7, Moves(174)=0.0, Pins(8)=800.0, Dist=392.0, Win Bonus=0.0
[2026-05-22 10:46:05] ALL WRONG MOVES BY COLOUR: {}
[2026-05-22 10:46:05] MOVE 524: Gruppe 10 (purple) 89->78 [0.01ms]
[2026-05-22 10:46:05] SCORE PCS (yellow): Final=1017.8, Time=37.8, Moves(175)=0.0, Pins(6)=600.0, Dist=380.0, Win Bonus=0.0
[2026-05-22 10:46:05] SCORE Gruppe 10 (purple): Final=1035.1, Time=71.1, Moves(175)=0.0, Pins(6)=600.0, Dist=364.0, Win Bonus=0.0
[2026-05-22 10:46:05] SCORE Group 16 (lawn green): Final=1273.7, Time=81.7, Moves(174)=0.0, Pins(8)=800.0, Dist=392.0, Win Bonus=0.0
[2026-05-22 10:46:05] ALL WRONG MOVES BY COLOUR: {}
[2026-05-22 10:46:05] MOVE 525: Group 16 (lawn green) 90->102 [0.00ms]
[2026-05-22 10:46:05] SCORE PCS (yellow): Final=1017.8, Time=37.8, Moves(175)=0.0, Pins(6)=600.0, Dist=380.0, Win Bonus=0.0
[2026-05-22 10:46:05] SCORE Gruppe 10 (purple): Final=1035.1, Time=71.1, Moves(175)=0.0, Pins(6)=600.0, Dist=364.0, Win Bonus=0.0
[2026-05-22 10:46:05] SCORE Group 16 (lawn green): Final=1275.7, Time=81.7, Moves(175)=0.0, Pins(8)=800.0, Dist=394.0, Win Bonus=0.0
[2026-05-22 10:46:05] ALL WRONG MOVES BY COLOUR: {}
[2026-05-22 10:46:06] MOVE 526: PCS (yellow) 105->104 [0.00ms]
[2026-05-22 10:46:06] SCORE PCS (yellow): Final=1015.4, Time=37.4, Moves(176)=0.0, Pins(6)=600.0, Dist=378.0, Win Bonus=0.0
[2026-05-22 10:46:06] SCORE Gruppe 10 (purple): Final=1035.1, Time=71.1, Moves(175)=0.0, Pins(6)=600.0, Dist=364.0, Win Bonus=0.0
[2026-05-22 10:46:06] SCORE Group 16 (lawn green): Final=1275.7, Time=81.7, Moves(175)=0.0, Pins(8)=800.0, Dist=394.0, Win Bonus=0.0
[2026-05-22 10:46:06] ALL WRONG MOVES BY COLOUR: {}
[2026-05-22 10:46:06] MOVE 527: Gruppe 10 (purple) 35->24 [0.01ms]
[2026-05-22 10:46:06] SCORE PCS (yellow): Final=1015.4, Time=37.4, Moves(176)=0.0, Pins(6)=600.0, Dist=378.0, Win Bonus=0.0
[2026-05-22 10:46:06] SCORE Gruppe 10 (purple): Final=1035.0, Time=71.0, Moves(176)=0.0, Pins(6)=600.0, Dist=364.0, Win Bonus=0.0
[2026-05-22 10:46:06] SCORE Group 16 (lawn green): Final=1275.7, Time=81.7, Moves(175)=0.0, Pins(8)=800.0, Dist=394.0, Win Bonus=0.0
[2026-05-22 10:46:06] ALL WRONG MOVES BY COLOUR: {}
[2026-05-22 10:46:06] MOVE 528: Group 16 (lawn green) 67->57 [0.01ms]
[2026-05-22 10:46:06] SCORE PCS (yellow): Final=1015.4, Time=37.4, Moves(176)=0.0, Pins(6)=600.0, Dist=378.0, Win Bonus=0.0
[2026-05-22 10:46:06] SCORE Gruppe 10 (purple): Final=1035.0, Time=71.0, Moves(176)=0.0, Pins(6)=600.0, Dist=364.0, Win Bonus=0.0
[2026-05-22 10:46:06] SCORE Group 16 (lawn green): Final=1275.5, Time=81.5, Moves(176)=0.0, Pins(8)=800.0, Dist=394.0, Win Bonus=0.0
[2026-05-22 10:46:06] ALL WRONG MOVES BY COLOUR: {}
[2026-05-22 10:46:06] MOVE 529: PCS (yellow) 104->105 [0.00ms]
[2026-05-22 10:46:06] SCORE PCS (yellow): Final=1017.1, Time=37.1, Moves(177)=0.0, Pins(6)=600.0, Dist=380.0, Win Bonus=0.0
[2026-05-22 10:46:06] SCORE Gruppe 10 (purple): Final=1035.0, Time=71.0, Moves(176)=0.0, Pins(6)=600.0, Dist=364.0, Win Bonus=0.0
[2026-05-22 10:46:06] SCORE Group 16 (lawn green): Final=1275.5, Time=81.5, Moves(176)=0.0, Pins(8)=800.0, Dist=394.0, Win Bonus=0.0
[2026-05-22 10:46:06] ALL WRONG MOVES BY COLOUR: {}
[2026-05-22 10:46:07] MOVE 530: Gruppe 10 (purple) 36->11 [0.01ms]
[2026-05-22 10:46:07] SCORE PCS (yellow): Final=1017.1, Time=37.1, Moves(177)=0.0, Pins(6)=600.0, Dist=380.0, Win Bonus=0.0
[2026-05-22 10:46:07] SCORE Gruppe 10 (purple): Final=1034.9, Time=70.9, Moves(177)=0.0, Pins(6)=600.0, Dist=364.0, Win Bonus=0.0
[2026-05-22 10:46:07] SCORE Group 16 (lawn green): Final=1275.5, Time=81.5, Moves(176)=0.0, Pins(8)=800.0, Dist=394.0, Win Bonus=0.0
[2026-05-22 10:46:07] ALL WRONG MOVES BY COLOUR: {}
[2026-05-22 10:46:07] MOVE 531: Group 16 (lawn green) 102->111 [0.00ms]
[2026-05-22 10:46:07] SCORE PCS (yellow): Final=1017.1, Time=37.1, Moves(177)=0.0, Pins(6)=600.0, Dist=380.0, Win Bonus=0.0
[2026-05-22 10:46:07] SCORE Gruppe 10 (purple): Final=1034.9, Time=70.9, Moves(177)=0.0, Pins(6)=600.0, Dist=364.0, Win Bonus=0.0
[2026-05-22 10:46:07] SCORE Group 16 (lawn green): Final=1273.4, Time=81.4, Moves(177)=0.0, Pins(8)=800.0, Dist=392.0, Win Bonus=0.0
[2026-05-22 10:46:07] ALL WRONG MOVES BY COLOUR: {}
[2026-05-22 10:46:07] MOVE 532: PCS (yellow) 105->104 [0.00ms]
[2026-05-22 10:46:07] SCORE PCS (yellow): Final=1014.7, Time=36.7, Moves(178)=0.0, Pins(6)=600.0, Dist=378.0, Win Bonus=0.0
[2026-05-22 10:46:07] SCORE Gruppe 10 (purple): Final=1034.9, Time=70.9, Moves(177)=0.0, Pins(6)=600.0, Dist=364.0, Win Bonus=0.0
[2026-05-22 10:46:07] SCORE Group 16 (lawn green): Final=1273.4, Time=81.4, Moves(177)=0.0, Pins(8)=800.0, Dist=392.0, Win Bonus=0.0
[2026-05-22 10:46:07] ALL WRONG MOVES BY COLOUR: {}
[2026-05-22 10:46:07] MOVE 533: Gruppe 10 (purple) 46->36 [0.01ms]
[2026-05-22 10:46:07] SCORE PCS (yellow): Final=1014.7, Time=36.7, Moves(178)=0.0, Pins(6)=600.0, Dist=378.0, Win Bonus=0.0
[2026-05-22 10:46:07] SCORE Gruppe 10 (purple): Final=1034.6, Time=70.6, Moves(178)=0.0, Pins(6)=600.0, Dist=364.0, Win Bonus=0.0
[2026-05-22 10:46:07] SCORE Group 16 (lawn green): Final=1273.4, Time=81.4, Moves(177)=0.0, Pins(8)=800.0, Dist=392.0, Win Bonus=0.0
[2026-05-22 10:46:07] ALL WRONG MOVES BY COLOUR: {}
[2026-05-22 10:46:07] MOVE 534: Group 16 (lawn green) 57->48 [0.00ms]
[2026-05-22 10:46:07] SCORE PCS (yellow): Final=1014.7, Time=36.7, Moves(178)=0.0, Pins(6)=600.0, Dist=378.0, Win Bonus=0.0
[2026-05-22 10:46:07] SCORE Gruppe 10 (purple): Final=1034.6, Time=70.6, Moves(178)=0.0, Pins(6)=600.0, Dist=364.0, Win Bonus=0.0
[2026-05-22 10:46:07] SCORE Group 16 (lawn green): Final=1271.3, Time=81.3, Moves(178)=0.0, Pins(8)=800.0, Dist=390.0, Win Bonus=0.0
[2026-05-22 10:46:07] ALL WRONG MOVES BY COLOUR: {}
[2026-05-22 10:46:08] MOVE 535: PCS (yellow) 104->105 [0.01ms]
[2026-05-22 10:46:08] SCORE PCS (yellow): Final=1016.5, Time=36.5, Moves(179)=0.0, Pins(6)=600.0, Dist=380.0, Win Bonus=0.0
[2026-05-22 10:46:08] SCORE Gruppe 10 (purple): Final=1034.6, Time=70.6, Moves(178)=0.0, Pins(6)=600.0, Dist=364.0, Win Bonus=0.0
[2026-05-22 10:46:08] SCORE Group 16 (lawn green): Final=1271.3, Time=81.3, Moves(178)=0.0, Pins(8)=800.0, Dist=390.0, Win Bonus=0.0
[2026-05-22 10:46:08] ALL WRONG MOVES BY COLOUR: {}
[2026-05-22 10:46:08] MOVE 536: Gruppe 10 (purple) 11->23 [0.01ms]
[2026-05-22 10:46:08] SCORE PCS (yellow): Final=1016.5, Time=36.5, Moves(179)=0.0, Pins(6)=600.0, Dist=380.0, Win Bonus=0.0
[2026-05-22 10:46:08] SCORE Gruppe 10 (purple): Final=1034.5, Time=70.5, Moves(179)=0.0, Pins(6)=600.0, Dist=364.0, Win Bonus=0.0
[2026-05-22 10:46:08] SCORE Group 16 (lawn green): Final=1271.3, Time=81.3, Moves(178)=0.0, Pins(8)=800.0, Dist=390.0, Win Bonus=0.0
[2026-05-22 10:46:08] ALL WRONG MOVES BY COLOUR: {}
[2026-05-22 10:46:08] MOVE 537: Group 16 (lawn green) 48->47 [0.01ms]
[2026-05-22 10:46:08] SCORE PCS (yellow): Final=1016.5, Time=36.5, Moves(179)=0.0, Pins(6)=600.0, Dist=380.0, Win Bonus=0.0
[2026-05-22 10:46:08] SCORE Gruppe 10 (purple): Final=1034.5, Time=70.5, Moves(179)=0.0, Pins(6)=600.0, Dist=364.0, Win Bonus=0.0
[2026-05-22 10:46:08] SCORE Group 16 (lawn green): Final=1273.2, Time=81.2, Moves(179)=0.0, Pins(8)=800.0, Dist=392.0, Win Bonus=0.0
[2026-05-22 10:46:08] ALL WRONG MOVES BY COLOUR: {}
[2026-05-22 10:46:08] MOVE 538: PCS (yellow) 105->104 [0.00ms]
[2026-05-22 10:46:08] SCORE PCS (yellow): Final=1014.1, Time=36.1, Moves(180)=0.0, Pins(6)=600.0, Dist=378.0, Win Bonus=0.0
[2026-05-22 10:46:08] SCORE Gruppe 10 (purple): Final=1034.5, Time=70.5, Moves(179)=0.0, Pins(6)=600.0, Dist=364.0, Win Bonus=0.0
[2026-05-22 10:46:08] SCORE Group 16 (lawn green): Final=1273.2, Time=81.2, Moves(179)=0.0, Pins(8)=800.0, Dist=392.0, Win Bonus=0.0
[2026-05-22 10:46:08] ALL WRONG MOVES BY COLOUR: {}
[2026-05-22 10:46:08] MOVE 539: Gruppe 10 (purple) 24->11 [0.00ms]
[2026-05-22 10:46:08] SCORE PCS (yellow): Final=1014.1, Time=36.1, Moves(180)=0.0, Pins(6)=600.0, Dist=378.0, Win Bonus=0.0
[2026-05-22 10:46:08] SCORE Gruppe 10 (purple): Final=1034.4, Time=70.4, Moves(180)=0.0, Pins(6)=600.0, Dist=364.0, Win Bonus=0.0
[2026-05-22 10:46:08] SCORE Group 16 (lawn green): Final=1273.2, Time=81.2, Moves(179)=0.0, Pins(8)=800.0, Dist=392.0, Win Bonus=0.0
[2026-05-22 10:46:08] ALL WRONG MOVES BY COLOUR: {}
[2026-05-22 10:46:08] MOVE 540: Group 16 (lawn green) 111->91 [0.01ms]
[2026-05-22 10:46:08] SCORE PCS (yellow): Final=1014.1, Time=36.1, Moves(180)=0.0, Pins(6)=600.0, Dist=378.0, Win Bonus=0.0
[2026-05-22 10:46:08] SCORE Gruppe 10 (purple): Final=1034.4, Time=70.4, Moves(180)=0.0, Pins(6)=600.0, Dist=364.0, Win Bonus=0.0
[2026-05-22 10:46:08] SCORE Group 16 (lawn green): Final=1271.1, Time=81.1, Moves(180)=0.0, Pins(8)=800.0, Dist=390.0, Win Bonus=0.0
[2026-05-22 10:46:08] ALL WRONG MOVES BY COLOUR: {}
[2026-05-22 10:46:09] MOVE 541: PCS (yellow) 103->105 [0.00ms]
[2026-05-22 10:46:09] SCORE PCS (yellow): Final=1017.7, Time=35.7, Moves(181)=0.0, Pins(6)=600.0, Dist=382.0, Win Bonus=0.0
[2026-05-22 10:46:09] SCORE Gruppe 10 (purple): Final=1034.4, Time=70.4, Moves(180)=0.0, Pins(6)=600.0, Dist=364.0, Win Bonus=0.0
[2026-05-22 10:46:09] SCORE Group 16 (lawn green): Final=1271.1, Time=81.1, Moves(180)=0.0, Pins(8)=800.0, Dist=390.0, Win Bonus=0.0
[2026-05-22 10:46:09] ALL WRONG MOVES BY COLOUR: {}
[2026-05-22 10:46:09] MOVE 542: Gruppe 10 (purple) 78->67 [0.00ms]
[2026-05-22 10:46:09] SCORE PCS (yellow): Final=1017.7, Time=35.7, Moves(181)=0.0, Pins(6)=600.0, Dist=382.0, Win Bonus=0.0
[2026-05-22 10:46:09] SCORE Gruppe 10 (purple): Final=1036.2, Time=70.2, Moves(181)=0.0, Pins(6)=600.0, Dist=366.0, Win Bonus=0.0
[2026-05-22 10:46:09] SCORE Group 16 (lawn green): Final=1271.1, Time=81.1, Moves(180)=0.0, Pins(8)=800.0, Dist=390.0, Win Bonus=0.0
[2026-05-22 10:46:09] ALL WRONG MOVES BY COLOUR: {}
[2026-05-22 10:46:09] MOVE 543: Group 16 (lawn green) 47->56 [0.01ms]
[2026-05-22 10:46:09] SCORE PCS (yellow): Final=1017.7, Time=35.7, Moves(181)=0.0, Pins(6)=600.0, Dist=382.0, Win Bonus=0.0
[2026-05-22 10:46:09] SCORE Gruppe 10 (purple): Final=1036.2, Time=70.2, Moves(181)=0.0, Pins(6)=600.0, Dist=366.0, Win Bonus=0.0
[2026-05-22 10:46:09] SCORE Group 16 (lawn green): Final=1273.0, Time=81.0, Moves(181)=0.0, Pins(8)=800.0, Dist=392.0, Win Bonus=0.0
[2026-05-22 10:46:09] ALL WRONG MOVES BY COLOUR: {}
[2026-05-22 10:46:09] MOVE 544: PCS (yellow) 104->106 [0.00ms]
[2026-05-22 10:46:09] SCORE PCS (yellow): Final=1021.4, Time=35.4, Moves(182)=0.0, Pins(6)=600.0, Dist=386.0, Win Bonus=0.0
[2026-05-22 10:46:09] SCORE Gruppe 10 (purple): Final=1036.2, Time=70.2, Moves(181)=0.0, Pins(6)=600.0, Dist=366.0, Win Bonus=0.0
[2026-05-22 10:46:09] SCORE Group 16 (lawn green): Final=1273.0, Time=81.0, Moves(181)=0.0, Pins(8)=800.0, Dist=392.0, Win Bonus=0.0
[2026-05-22 10:46:09] ALL WRONG MOVES BY COLOUR: {}
[2026-05-22 10:46:10] MOVE 545: Gruppe 10 (purple) 53->92 [0.01ms]
[2026-05-22 10:46:10] SCORE PCS (yellow): Final=1021.4, Time=35.4, Moves(182)=0.0, Pins(6)=600.0, Dist=386.0, Win Bonus=0.0
[2026-05-22 10:46:10] SCORE Gruppe 10 (purple): Final=1036.0, Time=70.0, Moves(182)=0.0, Pins(6)=600.0, Dist=366.0, Win Bonus=0.0
[2026-05-22 10:46:10] SCORE Group 16 (lawn green): Final=1273.0, Time=81.0, Moves(181)=0.0, Pins(8)=800.0, Dist=392.0, Win Bonus=0.0
[2026-05-22 10:46:10] ALL WRONG MOVES BY COLOUR: {}
[2026-05-22 10:46:10] MOVE 546: Group 16 (lawn green) 91->79 [0.01ms]
[2026-05-22 10:46:10] SCORE PCS (yellow): Final=1021.4, Time=35.4, Moves(182)=0.0, Pins(6)=600.0, Dist=386.0, Win Bonus=0.0
[2026-05-22 10:46:10] SCORE Gruppe 10 (purple): Final=1036.0, Time=70.0, Moves(182)=0.0, Pins(6)=600.0, Dist=366.0, Win Bonus=0.0
[2026-05-22 10:46:10] SCORE Group 16 (lawn green): Final=1272.9, Time=80.9, Moves(182)=0.0, Pins(8)=800.0, Dist=392.0, Win Bonus=0.0
[2026-05-22 10:46:10] ALL WRONG MOVES BY COLOUR: {}
[2026-05-22 10:46:10] MOVE 547: PCS (yellow) 105->93 [0.00ms]
[2026-05-22 10:46:10] SCORE PCS (yellow): Final=1021.1, Time=35.1, Moves(183)=0.0, Pins(6)=600.0, Dist=386.0, Win Bonus=0.0
[2026-05-22 10:46:10] SCORE Gruppe 10 (purple): Final=1036.0, Time=70.0, Moves(182)=0.0, Pins(6)=600.0, Dist=366.0, Win Bonus=0.0
[2026-05-22 10:46:10] SCORE Group 16 (lawn green): Final=1272.9, Time=80.9, Moves(182)=0.0, Pins(8)=800.0, Dist=392.0, Win Bonus=0.0
[2026-05-22 10:46:10] ALL WRONG MOVES BY COLOUR: {}
[2026-05-22 10:46:10] MOVE 548: Gruppe 10 (purple) 67->77 [0.01ms]
[2026-05-22 10:46:10] SCORE PCS (yellow): Final=1021.1, Time=35.1, Moves(183)=0.0, Pins(6)=600.0, Dist=386.0, Win Bonus=0.0
[2026-05-22 10:46:10] SCORE Gruppe 10 (purple): Final=1035.9, Time=69.9, Moves(183)=0.0, Pins(6)=600.0, Dist=366.0, Win Bonus=0.0
[2026-05-22 10:46:10] SCORE Group 16 (lawn green): Final=1272.9, Time=80.9, Moves(182)=0.0, Pins(8)=800.0, Dist=392.0, Win Bonus=0.0
[2026-05-22 10:46:10] ALL WRONG MOVES BY COLOUR: {}
[2026-05-22 10:46:10] MOVE 549: Group 16 (lawn green) 79->78 [0.00ms]
[2026-05-22 10:46:10] SCORE PCS (yellow): Final=1021.1, Time=35.1, Moves(183)=0.0, Pins(6)=600.0, Dist=386.0, Win Bonus=0.0
[2026-05-22 10:46:10] SCORE Gruppe 10 (purple): Final=1035.9, Time=69.9, Moves(183)=0.0, Pins(6)=600.0, Dist=366.0, Win Bonus=0.0
[2026-05-22 10:46:10] SCORE Group 16 (lawn green): Final=1274.8, Time=80.8, Moves(183)=0.0, Pins(8)=800.0, Dist=394.0, Win Bonus=0.0
[2026-05-22 10:46:10] ALL WRONG MOVES BY COLOUR: {}
[2026-05-22 10:46:11] MOVE 550: PCS (yellow) 93->94 [0.00ms]
[2026-05-22 10:46:11] SCORE PCS (yellow): Final=1022.7, Time=34.7, Moves(184)=0.0, Pins(6)=600.0, Dist=388.0, Win Bonus=0.0
[2026-05-22 10:46:11] SCORE Gruppe 10 (purple): Final=1035.9, Time=69.9, Moves(183)=0.0, Pins(6)=600.0, Dist=366.0, Win Bonus=0.0
[2026-05-22 10:46:11] SCORE Group 16 (lawn green): Final=1274.8, Time=80.8, Moves(183)=0.0, Pins(8)=800.0, Dist=394.0, Win Bonus=0.0
[2026-05-22 10:46:11] ALL WRONG MOVES BY COLOUR: {}
[2026-05-22 10:46:11] MOVE 551: Gruppe 10 (purple) 77->79 [0.00ms]
[2026-05-22 10:46:11] SCORE PCS (yellow): Final=1022.7, Time=34.7, Moves(184)=0.0, Pins(6)=600.0, Dist=388.0, Win Bonus=0.0
[2026-05-22 10:46:11] SCORE Gruppe 10 (purple): Final=1031.8, Time=69.8, Moves(184)=0.0, Pins(6)=600.0, Dist=362.0, Win Bonus=0.0
[2026-05-22 10:46:11] SCORE Group 16 (lawn green): Final=1274.8, Time=80.8, Moves(183)=0.0, Pins(8)=800.0, Dist=394.0, Win Bonus=0.0
[2026-05-22 10:46:11] ALL WRONG MOVES BY COLOUR: {}
[2026-05-22 10:46:11] MOVE 552: Group 16 (lawn green) 56->66 [0.00ms]
[2026-05-22 10:46:11] SCORE PCS (yellow): Final=1022.7, Time=34.7, Moves(184)=0.0, Pins(6)=600.0, Dist=388.0, Win Bonus=0.0
[2026-05-22 10:46:11] SCORE Gruppe 10 (purple): Final=1031.8, Time=69.8, Moves(184)=0.0, Pins(6)=600.0, Dist=362.0, Win Bonus=0.0
[2026-05-22 10:46:11] SCORE Group 16 (lawn green): Final=1274.7, Time=80.7, Moves(184)=0.0, Pins(8)=800.0, Dist=394.0, Win Bonus=0.0
[2026-05-22 10:46:11] ALL WRONG MOVES BY COLOUR: {}
[2026-05-22 10:46:11] MOVE 553: PCS (yellow) 108->85 [0.00ms]
[2026-05-22 10:46:11] SCORE PCS (yellow): Final=1022.2, Time=34.2, Moves(185)=0.0, Pins(6)=600.0, Dist=388.0, Win Bonus=0.0
[2026-05-22 10:46:11] SCORE Gruppe 10 (purple): Final=1031.8, Time=69.8, Moves(184)=0.0, Pins(6)=600.0, Dist=362.0, Win Bonus=0.0
[2026-05-22 10:46:11] SCORE Group 16 (lawn green): Final=1274.7, Time=80.7, Moves(184)=0.0, Pins(8)=800.0, Dist=394.0, Win Bonus=0.0
[2026-05-22 10:46:11] ALL WRONG MOVES BY COLOUR: {}
[2026-05-22 10:46:11] MOVE 554: Gruppe 10 (purple) 92->104 [0.00ms]
[2026-05-22 10:46:11] SCORE PCS (yellow): Final=1022.2, Time=34.2, Moves(185)=0.0, Pins(6)=600.0, Dist=388.0, Win Bonus=0.0
[2026-05-22 10:46:11] SCORE Gruppe 10 (purple): Final=1031.7, Time=69.7, Moves(185)=0.0, Pins(6)=600.0, Dist=362.0, Win Bonus=0.0
[2026-05-22 10:46:11] SCORE Group 16 (lawn green): Final=1274.7, Time=80.7, Moves(184)=0.0, Pins(8)=800.0, Dist=394.0, Win Bonus=0.0
[2026-05-22 10:46:11] ALL WRONG MOVES BY COLOUR: {}
[2026-05-22 10:46:12] MOVE 555: Group 16 (lawn green) 66->77 [0.00ms]
[2026-05-22 10:46:12] SCORE PCS (yellow): Final=1022.2, Time=34.2, Moves(185)=0.0, Pins(6)=600.0, Dist=388.0, Win Bonus=0.0
[2026-05-22 10:46:12] SCORE Gruppe 10 (purple): Final=1031.7, Time=69.7, Moves(185)=0.0, Pins(6)=600.0, Dist=362.0, Win Bonus=0.0
[2026-05-22 10:46:12] SCORE Group 16 (lawn green): Final=1274.6, Time=80.6, Moves(185)=0.0, Pins(8)=800.0, Dist=394.0, Win Bonus=0.0
[2026-05-22 10:46:12] ALL WRONG MOVES BY COLOUR: {}
[2026-05-22 10:46:12] MOVE 556: PCS (yellow) 95->96 [0.00ms]
[2026-05-22 10:46:12] SCORE PCS (yellow): Final=1021.9, Time=33.9, Moves(186)=0.0, Pins(6)=600.0, Dist=388.0, Win Bonus=0.0
[2026-05-22 10:46:12] SCORE Gruppe 10 (purple): Final=1031.7, Time=69.7, Moves(185)=0.0, Pins(6)=600.0, Dist=362.0, Win Bonus=0.0
[2026-05-22 10:46:12] SCORE Group 16 (lawn green): Final=1274.6, Time=80.6, Moves(185)=0.0, Pins(8)=800.0, Dist=394.0, Win Bonus=0.0
[2026-05-22 10:46:12] ALL WRONG MOVES BY COLOUR: {}
[2026-05-22 10:46:12] MOVE 557: Gruppe 10 (purple) 79->90 [0.00ms]
[2026-05-22 10:46:12] SCORE PCS (yellow): Final=1021.9, Time=33.9, Moves(186)=0.0, Pins(6)=600.0, Dist=388.0, Win Bonus=0.0
[2026-05-22 10:46:12] SCORE Gruppe 10 (purple): Final=1031.6, Time=69.6, Moves(186)=0.0, Pins(6)=600.0, Dist=362.0, Win Bonus=0.0
[2026-05-22 10:46:12] SCORE Group 16 (lawn green): Final=1274.6, Time=80.6, Moves(185)=0.0, Pins(8)=800.0, Dist=394.0, Win Bonus=0.0
[2026-05-22 10:46:12] ALL WRONG MOVES BY COLOUR: {}
[2026-05-22 10:46:12] MOVE 558: Group 16 (lawn green) 77->89 [0.00ms]
[2026-05-22 10:46:12] SCORE PCS (yellow): Final=1021.9, Time=33.9, Moves(186)=0.0, Pins(6)=600.0, Dist=388.0, Win Bonus=0.0
[2026-05-22 10:46:12] SCORE Gruppe 10 (purple): Final=1031.6, Time=69.6, Moves(186)=0.0, Pins(6)=600.0, Dist=362.0, Win Bonus=0.0
[2026-05-22 10:46:12] SCORE Group 16 (lawn green): Final=1274.5, Time=80.5, Moves(186)=0.0, Pins(8)=800.0, Dist=394.0, Win Bonus=0.0
[2026-05-22 10:46:12] ALL WRONG MOVES BY COLOUR: {}
[2026-05-22 10:46:13] MOVE 559: PCS (yellow) 109->97 [0.00ms]
[2026-05-22 10:46:13] SCORE PCS (yellow): Final=1021.5, Time=33.5, Moves(187)=0.0, Pins(6)=600.0, Dist=388.0, Win Bonus=0.0
[2026-05-22 10:46:13] SCORE Gruppe 10 (purple): Final=1031.6, Time=69.6, Moves(186)=0.0, Pins(6)=600.0, Dist=362.0, Win Bonus=0.0
[2026-05-22 10:46:13] SCORE Group 16 (lawn green): Final=1274.5, Time=80.5, Moves(186)=0.0, Pins(8)=800.0, Dist=394.0, Win Bonus=0.0
[2026-05-22 10:46:13] ALL WRONG MOVES BY COLOUR: {}
[2026-05-22 10:46:13] MOVE 560: Gruppe 10 (purple) 90->91 [0.00ms]
[2026-05-22 10:46:13] SCORE PCS (yellow): Final=1021.5, Time=33.5, Moves(187)=0.0, Pins(6)=600.0, Dist=388.0, Win Bonus=0.0
[2026-05-22 10:46:13] SCORE Gruppe 10 (purple): Final=1029.4, Time=69.4, Moves(187)=0.0, Pins(6)=600.0, Dist=360.0, Win Bonus=0.0
[2026-05-22 10:46:13] SCORE Group 16 (lawn green): Final=1274.5, Time=80.5, Moves(186)=0.0, Pins(8)=800.0, Dist=394.0, Win Bonus=0.0
[2026-05-22 10:46:13] ALL WRONG MOVES BY COLOUR: {}
[2026-05-22 10:46:13] MOVE 561: Group 16 (lawn green) 78->67 [0.01ms]
[2026-05-22 10:46:13] SCORE PCS (yellow): Final=1021.5, Time=33.5, Moves(187)=0.0, Pins(6)=600.0, Dist=388.0, Win Bonus=0.0
[2026-05-22 10:46:13] SCORE Gruppe 10 (purple): Final=1029.4, Time=69.4, Moves(187)=0.0, Pins(6)=600.0, Dist=360.0, Win Bonus=0.0
[2026-05-22 10:46:13] SCORE Group 16 (lawn green): Final=1274.2, Time=80.2, Moves(187)=0.0, Pins(8)=800.0, Dist=394.0, Win Bonus=0.0
[2026-05-22 10:46:13] ALL WRONG MOVES BY COLOUR: {}
[2026-05-22 10:46:13] MOVE 562: PCS (yellow) 97->109 [0.00ms]
[2026-05-22 10:46:13] SCORE PCS (yellow): Final=1021.3, Time=33.3, Moves(188)=0.0, Pins(6)=600.0, Dist=388.0, Win Bonus=0.0
[2026-05-22 10:46:13] SCORE Gruppe 10 (purple): Final=1029.4, Time=69.4, Moves(187)=0.0, Pins(6)=600.0, Dist=360.0, Win Bonus=0.0
[2026-05-22 10:46:13] SCORE Group 16 (lawn green): Final=1274.2, Time=80.2, Moves(187)=0.0, Pins(8)=800.0, Dist=394.0, Win Bonus=0.0
[2026-05-22 10:46:13] ALL WRONG MOVES BY COLOUR: {}
[2026-05-22 10:46:13] MOVE 563: Gruppe 10 (purple) 104->105 [0.00ms]
[2026-05-22 10:46:13] SCORE PCS (yellow): Final=1021.3, Time=33.3, Moves(188)=0.0, Pins(6)=600.0, Dist=388.0, Win Bonus=0.0
[2026-05-22 10:46:13] SCORE Gruppe 10 (purple): Final=1027.3, Time=69.3, Moves(188)=0.0, Pins(6)=600.0, Dist=358.0, Win Bonus=0.0
[2026-05-22 10:46:13] SCORE Group 16 (lawn green): Final=1274.2, Time=80.2, Moves(187)=0.0, Pins(8)=800.0, Dist=394.0, Win Bonus=0.0
[2026-05-22 10:46:13] ALL WRONG MOVES BY COLOUR: {}
[2026-05-22 10:46:13] MOVE 564: Group 16 (lawn green) 67->66 [0.00ms]
[2026-05-22 10:46:13] SCORE PCS (yellow): Final=1021.3, Time=33.3, Moves(188)=0.0, Pins(6)=600.0, Dist=388.0, Win Bonus=0.0
[2026-05-22 10:46:13] SCORE Gruppe 10 (purple): Final=1027.3, Time=69.3, Moves(188)=0.0, Pins(6)=600.0, Dist=358.0, Win Bonus=0.0
[2026-05-22 10:46:13] SCORE Group 16 (lawn green): Final=1276.1, Time=80.1, Moves(188)=0.0, Pins(8)=800.0, Dist=396.0, Win Bonus=0.0
[2026-05-22 10:46:13] ALL WRONG MOVES BY COLOUR: {}
[2026-05-22 10:46:14] MOVE 565: PCS (yellow) 96->97 [0.00ms]
[2026-05-22 10:46:14] SCORE PCS (yellow): Final=1021.0, Time=33.0, Moves(189)=0.0, Pins(6)=600.0, Dist=388.0, Win Bonus=0.0
[2026-05-22 10:46:14] SCORE Gruppe 10 (purple): Final=1027.3, Time=69.3, Moves(188)=0.0, Pins(6)=600.0, Dist=358.0, Win Bonus=0.0
[2026-05-22 10:46:14] SCORE Group 16 (lawn green): Final=1276.1, Time=80.1, Moves(188)=0.0, Pins(8)=800.0, Dist=396.0, Win Bonus=0.0
[2026-05-22 10:46:14] ALL WRONG MOVES BY COLOUR: {}
[2026-05-22 10:46:14] MOVE 566: Gruppe 10 (purple) 17->16 [0.00ms]
[2026-05-22 10:46:14] SCORE PCS (yellow): Final=1021.0, Time=33.0, Moves(189)=0.0, Pins(6)=600.0, Dist=388.0, Win Bonus=0.0
[2026-05-22 10:46:14] SCORE Gruppe 10 (purple): Final=1029.2, Time=69.2, Moves(189)=0.0, Pins(6)=600.0, Dist=360.0, Win Bonus=0.0
[2026-05-22 10:46:14] SCORE Group 16 (lawn green): Final=1276.1, Time=80.1, Moves(188)=0.0, Pins(8)=800.0, Dist=396.0, Win Bonus=0.0
[2026-05-22 10:46:14] ALL WRONG MOVES BY COLOUR: {}
[2026-05-22 10:46:14] MOVE 567: Group 16 (lawn green) 66->56 [0.01ms]
[2026-05-22 10:46:14] SCORE PCS (yellow): Final=1021.0, Time=33.0, Moves(189)=0.0, Pins(6)=600.0, Dist=388.0, Win Bonus=0.0
[2026-05-22 10:46:14] SCORE Gruppe 10 (purple): Final=1029.2, Time=69.2, Moves(189)=0.0, Pins(6)=600.0, Dist=360.0, Win Bonus=0.0
[2026-05-22 10:46:14] SCORE Group 16 (lawn green): Final=1275.9, Time=79.9, Moves(189)=0.0, Pins(8)=800.0, Dist=396.0, Win Bonus=0.0
[2026-05-22 10:46:14] ALL WRONG MOVES BY COLOUR: {}
[2026-05-22 10:46:14] MOVE 568: PCS (yellow) 110->108 [0.01ms]
[2026-05-22 10:46:14] SCORE PCS (yellow): Final=1020.6, Time=32.6, Moves(190)=0.0, Pins(6)=600.0, Dist=388.0, Win Bonus=0.0
[2026-05-22 10:46:14] SCORE Gruppe 10 (purple): Final=1029.2, Time=69.2, Moves(189)=0.0, Pins(6)=600.0, Dist=360.0, Win Bonus=0.0
[2026-05-22 10:46:14] SCORE Group 16 (lawn green): Final=1275.9, Time=79.9, Moves(189)=0.0, Pins(8)=800.0, Dist=396.0, Win Bonus=0.0
[2026-05-22 10:46:14] ALL WRONG MOVES BY COLOUR: {}
[2026-05-22 10:46:14] MOVE 569: Gruppe 10 (purple) 16->29 [0.01ms]
[2026-05-22 10:46:14] SCORE PCS (yellow): Final=1020.6, Time=32.6, Moves(190)=0.0, Pins(6)=600.0, Dist=388.0, Win Bonus=0.0
[2026-05-22 10:46:14] SCORE Gruppe 10 (purple): Final=1027.1, Time=69.1, Moves(190)=0.0, Pins(6)=600.0, Dist=358.0, Win Bonus=0.0
[2026-05-22 10:46:14] SCORE Group 16 (lawn green): Final=1275.9, Time=79.9, Moves(189)=0.0, Pins(8)=800.0, Dist=396.0, Win Bonus=0.0
[2026-05-22 10:46:14] ALL WRONG MOVES BY COLOUR: {}
[2026-05-22 10:46:15] MOVE 570: Group 16 (lawn green) 56->46 [0.00ms]
[2026-05-22 10:46:15] SCORE PCS (yellow): Final=1020.6, Time=32.6, Moves(190)=0.0, Pins(6)=600.0, Dist=388.0, Win Bonus=0.0
[2026-05-22 10:46:15] SCORE Gruppe 10 (purple): Final=1027.1, Time=69.1, Moves(190)=0.0, Pins(6)=600.0, Dist=358.0, Win Bonus=0.0
[2026-05-22 10:46:15] SCORE Group 16 (lawn green): Final=1273.9, Time=79.9, Moves(190)=0.0, Pins(8)=800.0, Dist=394.0, Win Bonus=0.0
[2026-05-22 10:46:15] ALL WRONG MOVES BY COLOUR: {}
[2026-05-22 10:46:15] MOVE 571: PCS (yellow) 108->110 [0.00ms]
[2026-05-22 10:46:15] SCORE PCS (yellow): Final=1020.2, Time=32.2, Moves(191)=0.0, Pins(6)=600.0, Dist=388.0, Win Bonus=0.0
[2026-05-22 10:46:15] SCORE Gruppe 10 (purple): Final=1027.1, Time=69.1, Moves(190)=0.0, Pins(6)=600.0, Dist=358.0, Win Bonus=0.0
[2026-05-22 10:46:15] SCORE Group 16 (lawn green): Final=1273.9, Time=79.9, Moves(190)=0.0, Pins(8)=800.0, Dist=394.0, Win Bonus=0.0
[2026-05-22 10:46:15] ALL WRONG MOVES BY COLOUR: {}
[2026-05-22 10:46:15] MOVE 572: Gruppe 10 (purple) 91->103 [0.01ms]
[2026-05-22 10:46:15] SCORE PCS (yellow): Final=1020.2, Time=32.2, Moves(191)=0.0, Pins(6)=600.0, Dist=388.0, Win Bonus=0.0
[2026-05-22 10:46:15] SCORE Gruppe 10 (purple): Final=1026.8, Time=68.8, Moves(191)=0.0, Pins(6)=600.0, Dist=358.0, Win Bonus=0.0
[2026-05-22 10:46:15] SCORE Group 16 (lawn green): Final=1273.9, Time=79.9, Moves(190)=0.0, Pins(8)=800.0, Dist=394.0, Win Bonus=0.0
[2026-05-22 10:46:15] ALL WRONG MOVES BY COLOUR: {}
[2026-05-22 10:46:16] MOVE 573: Group 16 (lawn green) 89->78 [0.01ms]
[2026-05-22 10:46:16] SCORE PCS (yellow): Final=1020.2, Time=32.2, Moves(191)=0.0, Pins(6)=600.0, Dist=388.0, Win Bonus=0.0
[2026-05-22 10:46:16] SCORE Gruppe 10 (purple): Final=1026.8, Time=68.8, Moves(191)=0.0, Pins(6)=600.0, Dist=358.0, Win Bonus=0.0
[2026-05-22 10:46:16] SCORE Group 16 (lawn green): Final=1271.6, Time=79.6, Moves(191)=0.0, Pins(8)=800.0, Dist=392.0, Win Bonus=0.0
[2026-05-22 10:46:16] ALL WRONG MOVES BY COLOUR: {}
[2026-05-22 10:46:16] MOVE 574: PCS (yellow) 82->83 [0.00ms]
[2026-05-22 10:46:16] SCORE PCS (yellow): Final=1022.1, Time=32.1, Moves(192)=0.0, Pins(6)=600.0, Dist=390.0, Win Bonus=0.0
[2026-05-22 10:46:16] SCORE Gruppe 10 (purple): Final=1026.8, Time=68.8, Moves(191)=0.0, Pins(6)=600.0, Dist=358.0, Win Bonus=0.0
[2026-05-22 10:46:16] SCORE Group 16 (lawn green): Final=1271.6, Time=79.6, Moves(191)=0.0, Pins(8)=800.0, Dist=392.0, Win Bonus=0.0
[2026-05-22 10:46:16] ALL WRONG MOVES BY COLOUR: {}
[2026-05-22 10:46:16] MOVE 575: Gruppe 10 (purple) 29->30 [0.01ms]
[2026-05-22 10:46:16] SCORE PCS (yellow): Final=1022.1, Time=32.1, Moves(192)=0.0, Pins(6)=600.0, Dist=390.0, Win Bonus=0.0
[2026-05-22 10:46:16] SCORE Gruppe 10 (purple): Final=1024.6, Time=68.6, Moves(192)=0.0, Pins(6)=600.0, Dist=356.0, Win Bonus=0.0
[2026-05-22 10:46:16] SCORE Group 16 (lawn green): Final=1271.6, Time=79.6, Moves(191)=0.0, Pins(8)=800.0, Dist=392.0, Win Bonus=0.0
[2026-05-22 10:46:16] ALL WRONG MOVES BY COLOUR: {}
[2026-05-22 10:46:16] MOVE 576: Group 16 (lawn green) 78->67 [0.01ms]
[2026-05-22 10:46:16] SCORE PCS (yellow): Final=1022.1, Time=32.1, Moves(192)=0.0, Pins(6)=600.0, Dist=390.0, Win Bonus=0.0
[2026-05-22 10:46:16] SCORE Gruppe 10 (purple): Final=1024.6, Time=68.6, Moves(192)=0.0, Pins(6)=600.0, Dist=356.0, Win Bonus=0.0
[2026-05-22 10:46:16] SCORE Group 16 (lawn green): Final=1271.4, Time=79.4, Moves(192)=0.0, Pins(8)=800.0, Dist=392.0, Win Bonus=0.0
[2026-05-22 10:46:16] ALL WRONG MOVES BY COLOUR: {}
[2026-05-22 10:46:16] MOVE 577: PCS (yellow) 110->108 [0.01ms]
[2026-05-22 10:46:16] SCORE PCS (yellow): Final=1021.7, Time=31.7, Moves(193)=0.0, Pins(6)=600.0, Dist=390.0, Win Bonus=0.0
[2026-05-22 10:46:16] SCORE Gruppe 10 (purple): Final=1024.6, Time=68.6, Moves(192)=0.0, Pins(6)=600.0, Dist=356.0, Win Bonus=0.0
[2026-05-22 10:46:16] SCORE Group 16 (lawn green): Final=1271.4, Time=79.4, Moves(192)=0.0, Pins(8)=800.0, Dist=392.0, Win Bonus=0.0
[2026-05-22 10:46:16] ALL WRONG MOVES BY COLOUR: {}
[2026-05-22 10:46:17] MOVE 578: Gruppe 10 (purple) 30->42 [0.01ms]
[2026-05-22 10:46:17] SCORE PCS (yellow): Final=1021.7, Time=31.7, Moves(193)=0.0, Pins(6)=600.0, Dist=390.0, Win Bonus=0.0
[2026-05-22 10:46:17] SCORE Gruppe 10 (purple): Final=1022.4, Time=68.4, Moves(193)=0.0, Pins(6)=600.0, Dist=354.0, Win Bonus=0.0
[2026-05-22 10:46:17] SCORE Group 16 (lawn green): Final=1271.4, Time=79.4, Moves(192)=0.0, Pins(8)=800.0, Dist=392.0, Win Bonus=0.0
[2026-05-22 10:46:17] ALL WRONG MOVES BY COLOUR: {}
[2026-05-22 10:46:17] MOVE 579: Group 16 (lawn green) 67->57 [0.01ms]
[2026-05-22 10:46:17] SCORE PCS (yellow): Final=1021.7, Time=31.7, Moves(193)=0.0, Pins(6)=600.0, Dist=390.0, Win Bonus=0.0
[2026-05-22 10:46:17] SCORE Gruppe 10 (purple): Final=1022.4, Time=68.4, Moves(193)=0.0, Pins(6)=600.0, Dist=354.0, Win Bonus=0.0
[2026-05-22 10:46:17] SCORE Group 16 (lawn green): Final=1271.3, Time=79.3, Moves(193)=0.0, Pins(8)=800.0, Dist=392.0, Win Bonus=0.0
[2026-05-22 10:46:17] ALL WRONG MOVES BY COLOUR: {}
[2026-05-22 10:46:17] MOVE 580: PCS (yellow) 108->110 [0.01ms]
[2026-05-22 10:46:17] SCORE PCS (yellow): Final=1021.3, Time=31.3, Moves(194)=0.0, Pins(6)=600.0, Dist=390.0, Win Bonus=0.0
[2026-05-22 10:46:17] SCORE Gruppe 10 (purple): Final=1022.4, Time=68.4, Moves(193)=0.0, Pins(6)=600.0, Dist=354.0, Win Bonus=0.0
[2026-05-22 10:46:17] SCORE Group 16 (lawn green): Final=1271.3, Time=79.3, Moves(193)=0.0, Pins(8)=800.0, Dist=392.0, Win Bonus=0.0
[2026-05-22 10:46:17] ALL WRONG MOVES BY COLOUR: {}
[2026-05-22 10:46:17] MOVE 581: Gruppe 10 (purple) 42->31 [0.01ms]
[2026-05-22 10:46:17] SCORE PCS (yellow): Final=1021.3, Time=31.3, Moves(194)=0.0, Pins(6)=600.0, Dist=390.0, Win Bonus=0.0
[2026-05-22 10:46:17] SCORE Gruppe 10 (purple): Final=1022.1, Time=68.1, Moves(194)=0.0, Pins(6)=600.0, Dist=354.0, Win Bonus=0.0
[2026-05-22 10:46:17] SCORE Group 16 (lawn green): Final=1271.3, Time=79.3, Moves(193)=0.0, Pins(8)=800.0, Dist=392.0, Win Bonus=0.0
[2026-05-22 10:46:17] ALL WRONG MOVES BY COLOUR: {}
[2026-05-22 10:46:18] MOVE 582: Group 16 (lawn green) 46->47 [0.01ms]
[2026-05-22 10:46:18] SCORE PCS (yellow): Final=1021.3, Time=31.3, Moves(194)=0.0, Pins(6)=600.0, Dist=390.0, Win Bonus=0.0
[2026-05-22 10:46:18] SCORE Gruppe 10 (purple): Final=1022.1, Time=68.1, Moves(194)=0.0, Pins(6)=600.0, Dist=354.0, Win Bonus=0.0
[2026-05-22 10:46:18] SCORE Group 16 (lawn green): Final=1271.2, Time=79.2, Moves(194)=0.0, Pins(8)=800.0, Dist=392.0, Win Bonus=0.0
[2026-05-22 10:46:18] ALL WRONG MOVES BY COLOUR: {}
[2026-05-22 10:46:18] MOVE 583: PCS (yellow) 106->108 [0.01ms]
[2026-05-22 10:46:18] SCORE PCS (yellow): Final=1122.9, Time=30.9, Moves(195)=0.0, Pins(7)=700.0, Dist=392.0, Win Bonus=0.0
[2026-05-22 10:46:18] SCORE Gruppe 10 (purple): Final=1022.1, Time=68.1, Moves(194)=0.0, Pins(6)=600.0, Dist=354.0, Win Bonus=0.0
[2026-05-22 10:46:18] SCORE Group 16 (lawn green): Final=1271.2, Time=79.2, Moves(194)=0.0, Pins(8)=800.0, Dist=392.0, Win Bonus=0.0
[2026-05-22 10:46:18] ALL WRONG MOVES BY COLOUR: {}
[2026-05-22 10:46:18] MOVE 584: Gruppe 10 (purple) 36->24 [0.01ms]
[2026-05-22 10:46:18] SCORE PCS (yellow): Final=1122.9, Time=30.9, Moves(195)=0.0, Pins(7)=700.0, Dist=392.0, Win Bonus=0.0
[2026-05-22 10:46:18] SCORE Gruppe 10 (purple): Final=1022.0, Time=68.0, Moves(195)=0.0, Pins(6)=600.0, Dist=354.0, Win Bonus=0.0
[2026-05-22 10:46:18] SCORE Group 16 (lawn green): Final=1271.2, Time=79.2, Moves(194)=0.0, Pins(8)=800.0, Dist=392.0, Win Bonus=0.0
[2026-05-22 10:46:18] ALL WRONG MOVES BY COLOUR: {}
[2026-05-22 10:46:18] MOVE 585: Group 16 (lawn green) 47->36 [0.00ms]
[2026-05-22 10:46:18] SCORE PCS (yellow): Final=1122.9, Time=30.9, Moves(195)=0.0, Pins(7)=700.0, Dist=392.0, Win Bonus=0.0
[2026-05-22 10:46:18] SCORE Gruppe 10 (purple): Final=1022.0, Time=68.0, Moves(195)=0.0, Pins(6)=600.0, Dist=354.0, Win Bonus=0.0
[2026-05-22 10:46:18] SCORE Group 16 (lawn green): Final=1269.0, Time=79.0, Moves(195)=0.0, Pins(8)=800.0, Dist=390.0, Win Bonus=0.0
[2026-05-22 10:46:18] ALL WRONG MOVES BY COLOUR: {}
[2026-05-22 10:46:19] MOVE 586: PCS (yellow) 84->95 [0.00ms]
[2026-05-22 10:46:19] SCORE PCS (yellow): Final=1122.6, Time=30.6, Moves(196)=0.0, Pins(7)=700.0, Dist=392.0, Win Bonus=0.0
[2026-05-22 10:46:19] SCORE Gruppe 10 (purple): Final=1022.0, Time=68.0, Moves(195)=0.0, Pins(6)=600.0, Dist=354.0, Win Bonus=0.0
[2026-05-22 10:46:19] SCORE Group 16 (lawn green): Final=1269.0, Time=79.0, Moves(195)=0.0, Pins(8)=800.0, Dist=390.0, Win Bonus=0.0
[2026-05-22 10:46:19] ALL WRONG MOVES BY COLOUR: {}
[2026-05-22 10:46:19] MOVE 587: Gruppe 10 (purple) 7->16 [0.01ms]
[2026-05-22 10:46:19] SCORE PCS (yellow): Final=1122.6, Time=30.6, Moves(196)=0.0, Pins(7)=700.0, Dist=392.0, Win Bonus=0.0
[2026-05-22 10:46:19] SCORE Gruppe 10 (purple): Final=1021.8, Time=67.8, Moves(196)=0.0, Pins(6)=600.0, Dist=354.0, Win Bonus=0.0
[2026-05-22 10:46:19] SCORE Group 16 (lawn green): Final=1269.0, Time=79.0, Moves(195)=0.0, Pins(8)=800.0, Dist=390.0, Win Bonus=0.0
[2026-05-22 10:46:19] ALL WRONG MOVES BY COLOUR: {}
[2026-05-22 10:46:19] MOVE 588: Group 16 (lawn green) 36->35 [0.00ms]
[2026-05-22 10:46:19] SCORE PCS (yellow): Final=1122.6, Time=30.6, Moves(196)=0.0, Pins(7)=700.0, Dist=392.0, Win Bonus=0.0
[2026-05-22 10:46:19] SCORE Gruppe 10 (purple): Final=1021.8, Time=67.8, Moves(196)=0.0, Pins(6)=600.0, Dist=354.0, Win Bonus=0.0
[2026-05-22 10:46:19] SCORE Group 16 (lawn green): Final=1268.9, Time=78.9, Moves(196)=0.0, Pins(8)=800.0, Dist=390.0, Win Bonus=0.0
[2026-05-22 10:46:19] ALL WRONG MOVES BY COLOUR: {}
[2026-05-22 10:46:19] MOVE 589: PCS (yellow) 63->73 [0.01ms]
[2026-05-22 10:46:19] SCORE PCS (yellow): Final=1124.3, Time=30.3, Moves(197)=0.0, Pins(7)=700.0, Dist=394.0, Win Bonus=0.0
[2026-05-22 10:46:19] SCORE Gruppe 10 (purple): Final=1021.8, Time=67.8, Moves(196)=0.0, Pins(6)=600.0, Dist=354.0, Win Bonus=0.0
[2026-05-22 10:46:19] SCORE Group 16 (lawn green): Final=1268.9, Time=78.9, Moves(196)=0.0, Pins(8)=800.0, Dist=390.0, Win Bonus=0.0
[2026-05-22 10:46:19] ALL WRONG MOVES BY COLOUR: {}
[2026-05-22 10:46:19] MOVE 590: Gruppe 10 (purple) 11->36 [0.00ms]
[2026-05-22 10:46:19] SCORE PCS (yellow): Final=1124.3, Time=30.3, Moves(197)=0.0, Pins(7)=700.0, Dist=394.0, Win Bonus=0.0
[2026-05-22 10:46:19] SCORE Gruppe 10 (purple): Final=1021.6, Time=67.6, Moves(197)=0.0, Pins(6)=600.0, Dist=354.0, Win Bonus=0.0
[2026-05-22 10:46:19] SCORE Group 16 (lawn green): Final=1268.9, Time=78.9, Moves(196)=0.0, Pins(8)=800.0, Dist=390.0, Win Bonus=0.0
[2026-05-22 10:46:19] ALL WRONG MOVES BY COLOUR: {}
[2026-05-22 10:46:19] MOVE 591: Group 16 (lawn green) 35->37 [0.00ms]
[2026-05-22 10:46:19] SCORE PCS (yellow): Final=1124.3, Time=30.3, Moves(197)=0.0, Pins(7)=700.0, Dist=394.0, Win Bonus=0.0
[2026-05-22 10:46:19] SCORE Gruppe 10 (purple): Final=1021.6, Time=67.6, Moves(197)=0.0, Pins(6)=600.0, Dist=354.0, Win Bonus=0.0
[2026-05-22 10:46:19] SCORE Group 16 (lawn green): Final=1268.8, Time=78.8, Moves(197)=0.0, Pins(8)=800.0, Dist=390.0, Win Bonus=0.0
[2026-05-22 10:46:19] ALL WRONG MOVES BY COLOUR: {}
[2026-05-22 10:46:20] MOVE 592: PCS (yellow) 97->96 [0.00ms]
[2026-05-22 10:46:20] SCORE PCS (yellow): Final=1123.9, Time=29.9, Moves(198)=0.0, Pins(7)=700.0, Dist=394.0, Win Bonus=0.0
[2026-05-22 10:46:20] SCORE Gruppe 10 (purple): Final=1021.6, Time=67.6, Moves(197)=0.0, Pins(6)=600.0, Dist=354.0, Win Bonus=0.0
[2026-05-22 10:46:20] SCORE Group 16 (lawn green): Final=1268.8, Time=78.8, Moves(197)=0.0, Pins(8)=800.0, Dist=390.0, Win Bonus=0.0
[2026-05-22 10:46:20] ALL WRONG MOVES BY COLOUR: {}
[2026-05-22 10:46:20] MOVE 593: Gruppe 10 (purple) 10->35 [0.00ms]
[2026-05-22 10:46:20] SCORE PCS (yellow): Final=1123.9, Time=29.9, Moves(198)=0.0, Pins(7)=700.0, Dist=394.0, Win Bonus=0.0
[2026-05-22 10:46:20] SCORE Gruppe 10 (purple): Final=1021.5, Time=67.5, Moves(198)=0.0, Pins(6)=600.0, Dist=354.0, Win Bonus=0.0
[2026-05-22 10:46:20] SCORE Group 16 (lawn green): Final=1268.8, Time=78.8, Moves(197)=0.0, Pins(8)=800.0, Dist=390.0, Win Bonus=0.0
[2026-05-22 10:46:20] ALL WRONG MOVES BY COLOUR: {}
[2026-05-22 10:46:20] MOVE 594: Group 16 (lawn green) 57->48 [0.00ms]
[2026-05-22 10:46:20] SCORE PCS (yellow): Final=1123.9, Time=29.9, Moves(198)=0.0, Pins(7)=700.0, Dist=394.0, Win Bonus=0.0
[2026-05-22 10:46:20] SCORE Gruppe 10 (purple): Final=1021.5, Time=67.5, Moves(198)=0.0, Pins(6)=600.0, Dist=354.0, Win Bonus=0.0
[2026-05-22 10:46:20] SCORE Group 16 (lawn green): Final=1266.7, Time=78.7, Moves(198)=0.0, Pins(8)=800.0, Dist=388.0, Win Bonus=0.0
[2026-05-22 10:46:20] ALL WRONG MOVES BY COLOUR: {}
[2026-05-22 10:46:20] MOVE 595: PCS (yellow) 96->97 [0.01ms]
[2026-05-22 10:46:20] SCORE PCS (yellow): Final=1123.6, Time=29.6, Moves(199)=0.0, Pins(7)=700.0, Dist=394.0, Win Bonus=0.0
[2026-05-22 10:46:20] SCORE Gruppe 10 (purple): Final=1021.5, Time=67.5, Moves(198)=0.0, Pins(6)=600.0, Dist=354.0, Win Bonus=0.0
[2026-05-22 10:46:20] SCORE Group 16 (lawn green): Final=1266.7, Time=78.7, Moves(198)=0.0, Pins(8)=800.0, Dist=388.0, Win Bonus=0.0
[2026-05-22 10:46:20] ALL WRONG MOVES BY COLOUR: {}
[2026-05-22 10:46:21] MOVE 596: Gruppe 10 (purple) 35->12 [0.01ms]
[2026-05-22 10:46:21] SCORE PCS (yellow): Final=1123.6, Time=29.6, Moves(199)=0.0, Pins(7)=700.0, Dist=394.0, Win Bonus=0.0
[2026-05-22 10:46:21] SCORE Gruppe 10 (purple): Final=1021.3, Time=67.3, Moves(199)=0.0, Pins(6)=600.0, Dist=354.0, Win Bonus=0.0
[2026-05-22 10:46:21] SCORE Group 16 (lawn green): Final=1266.7, Time=78.7, Moves(198)=0.0, Pins(8)=800.0, Dist=388.0, Win Bonus=0.0
[2026-05-22 10:46:21] ALL WRONG MOVES BY COLOUR: {}
[2026-05-22 10:46:21] MOVE 597: Group 16 (lawn green) 48->47 [0.00ms]
[2026-05-22 10:46:21] SCORE PCS (yellow): Final=1123.6, Time=29.6, Moves(199)=0.0, Pins(7)=700.0, Dist=394.0, Win Bonus=0.0
[2026-05-22 10:46:21] SCORE Gruppe 10 (purple): Final=1021.3, Time=67.3, Moves(199)=0.0, Pins(6)=600.0, Dist=354.0, Win Bonus=0.0
[2026-05-22 10:46:21] SCORE Group 16 (lawn green): Final=1268.6, Time=78.6, Moves(199)=0.0, Pins(8)=800.0, Dist=390.0, Win Bonus=0.0
[2026-05-22 10:46:21] ALL WRONG MOVES BY COLOUR: {}
[2026-05-22 10:46:21] MOVE 598: PCS (yellow) 97->96 [0.01ms]
[2026-05-22 10:46:21] SCORE PCS (yellow): Final=1123.2, Time=29.2, Moves(200)=0.0, Pins(7)=700.0, Dist=394.0, Win Bonus=0.0
[2026-05-22 10:46:21] SCORE Gruppe 10 (purple): Final=1021.3, Time=67.3, Moves(199)=0.0, Pins(6)=600.0, Dist=354.0, Win Bonus=0.0
[2026-05-22 10:46:21] SCORE Group 16 (lawn green): Final=1268.6, Time=78.6, Moves(199)=0.0, Pins(8)=800.0, Dist=390.0, Win Bonus=0.0
[2026-05-22 10:46:21] ALL WRONG MOVES BY COLOUR: {}
[2026-05-22 10:46:21] MOVE 599: Gruppe 10 (purple) 31->43 [0.00ms]
[2026-05-22 10:46:21] SCORE PCS (yellow): Final=1123.2, Time=29.2, Moves(200)=0.0, Pins(7)=700.0, Dist=394.0, Win Bonus=0.0
[2026-05-22 10:46:21] SCORE Gruppe 10 (purple): Final=1019.1, Time=67.1, Moves(200)=0.0, Pins(6)=600.0, Dist=352.0, Win Bonus=0.0
[2026-05-22 10:46:21] SCORE Group 16 (lawn green): Final=1268.6, Time=78.6, Moves(199)=0.0, Pins(8)=800.0, Dist=390.0, Win Bonus=0.0
[2026-05-22 10:46:21] ALL WRONG MOVES BY COLOUR: {}
[2026-05-22 10:46:21] MOVE 600: Group 16 (lawn green) 47->56 [0.00ms]
[2026-05-22 10:46:21] SCORE PCS (yellow): Final=1123.2, Time=29.2, Moves(200)=0.0, Pins(7)=700.0, Dist=394.0, Win Bonus=0.0
[2026-05-22 10:46:21] SCORE Gruppe 10 (purple): Final=1019.1, Time=67.1, Moves(200)=0.0, Pins(6)=600.0, Dist=352.0, Win Bonus=0.0
[2026-05-22 10:46:21] SCORE Group 16 (lawn green): Final=1270.6, Time=78.6, Moves(200)=0.0, Pins(8)=800.0, Dist=392.0, Win Bonus=0.0
[2026-05-22 10:46:21] ALL WRONG MOVES BY COLOUR: {}
[2026-05-22 10:46:22] MOVE 601: PCS (yellow) 96->97 [0.00ms]
[2026-05-22 10:46:22] SCORE PCS (yellow): Final=1122.9, Time=28.9, Moves(201)=0.0, Pins(7)=700.0, Dist=394.0, Win Bonus=0.0
[2026-05-22 10:46:22] SCORE Gruppe 10 (purple): Final=1019.1, Time=67.1, Moves(200)=0.0, Pins(6)=600.0, Dist=352.0, Win Bonus=0.0
[2026-05-22 10:46:22] SCORE Group 16 (lawn green): Final=1270.6, Time=78.6, Moves(200)=0.0, Pins(8)=800.0, Dist=392.0, Win Bonus=0.0
[2026-05-22 10:46:22] ALL WRONG MOVES BY COLOUR: {}
[2026-05-22 10:46:22] MOVE 602: Gruppe 10 (purple) 43->54 [0.00ms]
[2026-05-22 10:46:22] SCORE PCS (yellow): Final=1122.9, Time=28.9, Moves(201)=0.0, Pins(7)=700.0, Dist=394.0, Win Bonus=0.0
[2026-05-22 10:46:22] SCORE Gruppe 10 (purple): Final=1016.9, Time=66.9, Moves(201)=0.0, Pins(6)=600.0, Dist=350.0, Win Bonus=0.0
[2026-05-22 10:46:22] SCORE Group 16 (lawn green): Final=1270.6, Time=78.6, Moves(200)=0.0, Pins(8)=800.0, Dist=392.0, Win Bonus=0.0
[2026-05-22 10:46:22] ALL WRONG MOVES BY COLOUR: {}
[2026-05-22 10:46:22] MOVE 603: Group 16 (lawn green) 56->66 [0.00ms]
[2026-05-22 10:46:22] SCORE PCS (yellow): Final=1122.9, Time=28.9, Moves(201)=0.0, Pins(7)=700.0, Dist=394.0, Win Bonus=0.0
[2026-05-22 10:46:22] SCORE Gruppe 10 (purple): Final=1016.9, Time=66.9, Moves(201)=0.0, Pins(6)=600.0, Dist=350.0, Win Bonus=0.0
[2026-05-22 10:46:22] SCORE Group 16 (lawn green): Final=1270.5, Time=78.5, Moves(201)=0.0, Pins(8)=800.0, Dist=392.0, Win Bonus=0.0
[2026-05-22 10:46:22] ALL WRONG MOVES BY COLOUR: {}
[2026-05-22 10:46:22] MOVE 604: PCS (yellow) 95->84 [0.00ms]
[2026-05-22 10:46:22] SCORE PCS (yellow): Final=1122.6, Time=28.6, Moves(202)=0.0, Pins(7)=700.0, Dist=394.0, Win Bonus=0.0
[2026-05-22 10:46:22] SCORE Gruppe 10 (purple): Final=1016.9, Time=66.9, Moves(201)=0.0, Pins(6)=600.0, Dist=350.0, Win Bonus=0.0
[2026-05-22 10:46:22] SCORE Group 16 (lawn green): Final=1270.5, Time=78.5, Moves(201)=0.0, Pins(8)=800.0, Dist=392.0, Win Bonus=0.0
[2026-05-22 10:46:22] ALL WRONG MOVES BY COLOUR: {}
[2026-05-22 10:46:22] MOVE 605: Gruppe 10 (purple) 16->28 [0.00ms]
[2026-05-22 10:46:22] SCORE PCS (yellow): Final=1122.6, Time=28.6, Moves(202)=0.0, Pins(7)=700.0, Dist=394.0, Win Bonus=0.0
[2026-05-22 10:46:22] SCORE Gruppe 10 (purple): Final=1016.8, Time=66.8, Moves(202)=0.0, Pins(6)=600.0, Dist=350.0, Win Bonus=0.0
[2026-05-22 10:46:22] SCORE Group 16 (lawn green): Final=1270.5, Time=78.5, Moves(201)=0.0, Pins(8)=800.0, Dist=392.0, Win Bonus=0.0
[2026-05-22 10:46:22] ALL WRONG MOVES BY COLOUR: {}
[2026-05-22 10:46:22] MOVE 606: Group 16 (lawn green) 37->48 [0.00ms]
[2026-05-22 10:46:22] SCORE PCS (yellow): Final=1122.6, Time=28.6, Moves(202)=0.0, Pins(7)=700.0, Dist=394.0, Win Bonus=0.0
[2026-05-22 10:46:22] SCORE Gruppe 10 (purple): Final=1016.8, Time=66.8, Moves(202)=0.0, Pins(6)=600.0, Dist=350.0, Win Bonus=0.0
[2026-05-22 10:46:22] SCORE Group 16 (lawn green): Final=1270.3, Time=78.3, Moves(202)=0.0, Pins(8)=800.0, Dist=392.0, Win Bonus=0.0
[2026-05-22 10:46:22] ALL WRONG MOVES BY COLOUR: {}
[2026-05-22 10:46:23] MOVE 607: PCS (yellow) 94->95 [0.00ms]
[2026-05-22 10:46:23] SCORE PCS (yellow): Final=1224.2, Time=28.2, Moves(203)=0.0, Pins(8)=800.0, Dist=396.0, Win Bonus=0.0
[2026-05-22 10:46:23] SCORE Gruppe 10 (purple): Final=1016.8, Time=66.8, Moves(202)=0.0, Pins(6)=600.0, Dist=350.0, Win Bonus=0.0
[2026-05-22 10:46:23] SCORE Group 16 (lawn green): Final=1270.3, Time=78.3, Moves(202)=0.0, Pins(8)=800.0, Dist=392.0, Win Bonus=0.0
[2026-05-22 10:46:23] ALL WRONG MOVES BY COLOUR: {}
[2026-05-22 10:46:23] MOVE 608: Gruppe 10 (purple) 28->40 [0.00ms]
[2026-05-22 10:46:23] SCORE PCS (yellow): Final=1224.2, Time=28.2, Moves(203)=0.0, Pins(8)=800.0, Dist=396.0, Win Bonus=0.0
[2026-05-22 10:46:23] SCORE Gruppe 10 (purple): Final=1014.7, Time=66.7, Moves(203)=0.0, Pins(6)=600.0, Dist=348.0, Win Bonus=0.0
[2026-05-22 10:46:23] SCORE Group 16 (lawn green): Final=1270.3, Time=78.3, Moves(202)=0.0, Pins(8)=800.0, Dist=392.0, Win Bonus=0.0
[2026-05-22 10:46:23] ALL WRONG MOVES BY COLOUR: {}
[2026-05-22 10:46:23] MOVE 609: Group 16 (lawn green) 48->57 [0.00ms]
[2026-05-22 10:46:23] SCORE PCS (yellow): Final=1224.2, Time=28.2, Moves(203)=0.0, Pins(8)=800.0, Dist=396.0, Win Bonus=0.0
[2026-05-22 10:46:23] SCORE Gruppe 10 (purple): Final=1014.7, Time=66.7, Moves(203)=0.0, Pins(6)=600.0, Dist=348.0, Win Bonus=0.0
[2026-05-22 10:46:23] SCORE Group 16 (lawn green): Final=1272.2, Time=78.2, Moves(203)=0.0, Pins(8)=800.0, Dist=394.0, Win Bonus=0.0
[2026-05-22 10:46:23] ALL WRONG MOVES BY COLOUR: {}
[2026-05-22 10:46:24] MOVE 610: PCS (yellow) 73->96 [0.00ms]
[2026-05-22 10:46:24] SCORE PCS (yellow): Final=1325.8, Time=27.8, Moves(204)=0.0, Pins(9)=900.0, Dist=398.0, Win Bonus=0.0
[2026-05-22 10:46:24] SCORE Gruppe 10 (purple): Final=1014.7, Time=66.7, Moves(203)=0.0, Pins(6)=600.0, Dist=348.0, Win Bonus=0.0
[2026-05-22 10:46:24] SCORE Group 16 (lawn green): Final=1272.2, Time=78.2, Moves(203)=0.0, Pins(8)=800.0, Dist=394.0, Win Bonus=0.0
[2026-05-22 10:46:24] ALL WRONG MOVES BY COLOUR: {}
[2026-05-22 10:46:24] MOVE 611: Gruppe 10 (purple) 40->51 [0.00ms]
[2026-05-22 10:46:24] SCORE PCS (yellow): Final=1325.8, Time=27.8, Moves(204)=0.0, Pins(9)=900.0, Dist=398.0, Win Bonus=0.0
[2026-05-22 10:46:24] SCORE Gruppe 10 (purple): Final=1012.5, Time=66.5, Moves(204)=0.0, Pins(6)=600.0, Dist=346.0, Win Bonus=0.0
[2026-05-22 10:46:24] SCORE Group 16 (lawn green): Final=1272.2, Time=78.2, Moves(203)=0.0, Pins(8)=800.0, Dist=394.0, Win Bonus=0.0
[2026-05-22 10:46:24] ALL WRONG MOVES BY COLOUR: {}
[2026-05-22 10:46:24] MOVE 612: Group 16 (lawn green) 57->67 [0.00ms]
[2026-05-22 10:46:24] SCORE PCS (yellow): Final=1325.8, Time=27.8, Moves(204)=0.0, Pins(9)=900.0, Dist=398.0, Win Bonus=0.0
[2026-05-22 10:46:24] SCORE Gruppe 10 (purple): Final=1012.5, Time=66.5, Moves(204)=0.0, Pins(6)=600.0, Dist=346.0, Win Bonus=0.0
[2026-05-22 10:46:24] SCORE Group 16 (lawn green): Final=1272.2, Time=78.2, Moves(204)=0.0, Pins(8)=800.0, Dist=394.0, Win Bonus=0.0
[2026-05-22 10:46:24] ALL WRONG MOVES BY COLOUR: {}
[2026-05-22 10:46:24] MOVE 613: PCS (yellow) 84->73 [0.00ms]
[2026-05-22 10:46:24] SCORE PCS (yellow): Final=1223.5, Time=27.5, Moves(205)=0.0, Pins(8)=800.0, Dist=396.0, Win Bonus=0.0
[2026-05-22 10:46:24] SCORE Gruppe 10 (purple): Final=1012.5, Time=66.5, Moves(204)=0.0, Pins(6)=600.0, Dist=346.0, Win Bonus=0.0
[2026-05-22 10:46:24] SCORE Group 16 (lawn green): Final=1272.2, Time=78.2, Moves(204)=0.0, Pins(8)=800.0, Dist=394.0, Win Bonus=0.0
[2026-05-22 10:46:24] ALL WRONG MOVES BY COLOUR: {}
[2026-05-22 10:46:24] MOVE 614: Gruppe 10 (purple) 23->10 [0.00ms]
[2026-05-22 10:46:24] SCORE PCS (yellow): Final=1223.5, Time=27.5, Moves(205)=0.0, Pins(8)=800.0, Dist=396.0, Win Bonus=0.0
[2026-05-22 10:46:24] SCORE Gruppe 10 (purple): Final=1012.3, Time=66.3, Moves(205)=0.0, Pins(6)=600.0, Dist=346.0, Win Bonus=0.0
[2026-05-22 10:46:24] SCORE Group 16 (lawn green): Final=1272.2, Time=78.2, Moves(204)=0.0, Pins(8)=800.0, Dist=394.0, Win Bonus=0.0
[2026-05-22 10:46:24] ALL WRONG MOVES BY COLOUR: {}
[2026-05-22 10:46:24] MOVE 615: Group 16 (lawn green) 67->77 [0.00ms]
[2026-05-22 10:46:24] SCORE PCS (yellow): Final=1223.5, Time=27.5, Moves(205)=0.0, Pins(8)=800.0, Dist=396.0, Win Bonus=0.0
[2026-05-22 10:46:24] SCORE Gruppe 10 (purple): Final=1012.3, Time=66.3, Moves(205)=0.0, Pins(6)=600.0, Dist=346.0, Win Bonus=0.0
[2026-05-22 10:46:24] SCORE Group 16 (lawn green): Final=1274.1, Time=78.1, Moves(205)=0.0, Pins(8)=800.0, Dist=396.0, Win Bonus=0.0
[2026-05-22 10:46:24] ALL WRONG MOVES BY COLOUR: {}
[2026-05-22 10:46:25] MOVE 616: PCS (yellow) 73->84 [0.00ms]
[2026-05-22 10:46:25] SCORE PCS (yellow): Final=1325.1, Time=27.1, Moves(206)=0.0, Pins(9)=900.0, Dist=398.0, Win Bonus=0.0
[2026-05-22 10:46:25] SCORE Gruppe 10 (purple): Final=1012.3, Time=66.3, Moves(205)=0.0, Pins(6)=600.0, Dist=346.0, Win Bonus=0.0
[2026-05-22 10:46:25] SCORE Group 16 (lawn green): Final=1274.1, Time=78.1, Moves(205)=0.0, Pins(8)=800.0, Dist=396.0, Win Bonus=0.0
[2026-05-22 10:46:25] ALL WRONG MOVES BY COLOUR: {}
[2026-05-22 10:46:25] MOVE 617: Gruppe 10 (purple) 51->41 [0.00ms]
[2026-05-22 10:46:25] SCORE PCS (yellow): Final=1325.1, Time=27.1, Moves(206)=0.0, Pins(9)=900.0, Dist=398.0, Win Bonus=0.0
[2026-05-22 10:46:25] SCORE Gruppe 10 (purple): Final=1012.2, Time=66.2, Moves(206)=0.0, Pins(6)=600.0, Dist=346.0, Win Bonus=0.0
[2026-05-22 10:46:25] SCORE Group 16 (lawn green): Final=1274.1, Time=78.1, Moves(205)=0.0, Pins(8)=800.0, Dist=396.0, Win Bonus=0.0
[2026-05-22 10:46:25] ALL WRONG MOVES BY COLOUR: {}
[2026-05-22 10:46:25] MOVE 618: Group 16 (lawn green) 77->56 [0.01ms]
[2026-05-22 10:46:25] SCORE PCS (yellow): Final=1325.1, Time=27.1, Moves(206)=0.0, Pins(9)=900.0, Dist=398.0, Win Bonus=0.0
[2026-05-22 10:46:25] SCORE Gruppe 10 (purple): Final=1012.2, Time=66.2, Moves(206)=0.0, Pins(6)=600.0, Dist=346.0, Win Bonus=0.0
[2026-05-22 10:46:25] SCORE Group 16 (lawn green): Final=1274.0, Time=78.0, Moves(206)=0.0, Pins(8)=800.0, Dist=396.0, Win Bonus=0.0
[2026-05-22 10:46:25] ALL WRONG MOVES BY COLOUR: {}
[2026-05-22 10:46:25] MOVE 619: PCS (yellow) 84->73 [0.01ms]
[2026-05-22 10:46:25] SCORE PCS (yellow): Final=1222.7, Time=26.7, Moves(207)=0.0, Pins(8)=800.0, Dist=396.0, Win Bonus=0.0
[2026-05-22 10:46:25] SCORE Gruppe 10 (purple): Final=1012.2, Time=66.2, Moves(206)=0.0, Pins(6)=600.0, Dist=346.0, Win Bonus=0.0
[2026-05-22 10:46:25] SCORE Group 16 (lawn green): Final=1274.0, Time=78.0, Moves(206)=0.0, Pins(8)=800.0, Dist=396.0, Win Bonus=0.0
[2026-05-22 10:46:25] ALL WRONG MOVES BY COLOUR: {}
[2026-05-22 10:46:26] MOVE 620: Gruppe 10 (purple) 41->52 [0.00ms]
[2026-05-22 10:46:26] SCORE PCS (yellow): Final=1222.7, Time=26.7, Moves(207)=0.0, Pins(8)=800.0, Dist=396.0, Win Bonus=0.0
[2026-05-22 10:46:26] SCORE Gruppe 10 (purple): Final=1010.0, Time=66.0, Moves(207)=0.0, Pins(6)=600.0, Dist=344.0, Win Bonus=0.0
[2026-05-22 10:46:26] SCORE Group 16 (lawn green): Final=1274.0, Time=78.0, Moves(206)=0.0, Pins(8)=800.0, Dist=396.0, Win Bonus=0.0
[2026-05-22 10:46:26] ALL WRONG MOVES BY COLOUR: {}
[2026-05-22 10:46:26] MOVE 621: Group 16 (lawn green) 66->77 [0.01ms]
[2026-05-22 10:46:26] SCORE PCS (yellow): Final=1222.7, Time=26.7, Moves(207)=0.0, Pins(8)=800.0, Dist=396.0, Win Bonus=0.0
[2026-05-22 10:46:26] SCORE Gruppe 10 (purple): Final=1010.0, Time=66.0, Moves(207)=0.0, Pins(6)=600.0, Dist=344.0, Win Bonus=0.0
[2026-05-22 10:46:26] SCORE Group 16 (lawn green): Final=1273.9, Time=77.9, Moves(207)=0.0, Pins(8)=800.0, Dist=396.0, Win Bonus=0.0
[2026-05-22 10:46:26] ALL WRONG MOVES BY COLOUR: {}
[2026-05-22 10:46:26] MOVE 622: PCS (yellow) 73->84 [0.00ms]
[2026-05-22 10:46:26] SCORE PCS (yellow): Final=1324.3, Time=26.3, Moves(208)=0.0, Pins(9)=900.0, Dist=398.0, Win Bonus=0.0
[2026-05-22 10:46:26] SCORE Gruppe 10 (purple): Final=1010.0, Time=66.0, Moves(207)=0.0, Pins(6)=600.0, Dist=344.0, Win Bonus=0.0
[2026-05-22 10:46:26] SCORE Group 16 (lawn green): Final=1273.9, Time=77.9, Moves(207)=0.0, Pins(8)=800.0, Dist=396.0, Win Bonus=0.0
[2026-05-22 10:46:26] ALL WRONG MOVES BY COLOUR: {}
[2026-05-22 10:46:26] MOVE 623: Gruppe 10 (purple) 52->62 [0.00ms]
[2026-05-22 10:46:26] SCORE PCS (yellow): Final=1324.3, Time=26.3, Moves(208)=0.0, Pins(9)=900.0, Dist=398.0, Win Bonus=0.0
[2026-05-22 10:46:26] SCORE Gruppe 10 (purple): Final=1007.9, Time=65.9, Moves(208)=0.0, Pins(6)=600.0, Dist=342.0, Win Bonus=0.0
[2026-05-22 10:46:26] SCORE Group 16 (lawn green): Final=1273.9, Time=77.9, Moves(207)=0.0, Pins(8)=800.0, Dist=396.0, Win Bonus=0.0
[2026-05-22 10:46:26] ALL WRONG MOVES BY COLOUR: {}
[2026-05-22 10:46:26] MOVE 624: Group 16 (lawn green) 77->89 [0.01ms]
[2026-05-22 10:46:26] SCORE PCS (yellow): Final=1324.3, Time=26.3, Moves(208)=0.0, Pins(9)=900.0, Dist=398.0, Win Bonus=0.0
[2026-05-22 10:46:26] SCORE Gruppe 10 (purple): Final=1007.9, Time=65.9, Moves(208)=0.0, Pins(6)=600.0, Dist=342.0, Win Bonus=0.0
[2026-05-22 10:46:26] SCORE Group 16 (lawn green): Final=1273.6, Time=77.6, Moves(208)=0.0, Pins(8)=800.0, Dist=396.0, Win Bonus=0.0
[2026-05-22 10:46:26] ALL WRONG MOVES BY COLOUR: {}
[2026-05-22 10:46:27] MOVE 625: PCS (yellow) 84->73 [0.00ms]
[2026-05-22 10:46:27] SCORE PCS (yellow): Final=1222.1, Time=26.1, Moves(209)=0.0, Pins(8)=800.0, Dist=396.0, Win Bonus=0.0
[2026-05-22 10:46:27] SCORE Gruppe 10 (purple): Final=1007.9, Time=65.9, Moves(208)=0.0, Pins(6)=600.0, Dist=342.0, Win Bonus=0.0
[2026-05-22 10:46:27] SCORE Group 16 (lawn green): Final=1273.6, Time=77.6, Moves(208)=0.0, Pins(8)=800.0, Dist=396.0, Win Bonus=0.0
[2026-05-22 10:46:27] ALL WRONG MOVES BY COLOUR: {}
[2026-05-22 10:46:27] MOVE 626: Gruppe 10 (purple) 24->11 [0.00ms]
[2026-05-22 10:46:27] SCORE PCS (yellow): Final=1222.1, Time=26.1, Moves(209)=0.0, Pins(8)=800.0, Dist=396.0, Win Bonus=0.0
[2026-05-22 10:46:27] SCORE Gruppe 10 (purple): Final=1007.8, Time=65.8, Moves(209)=0.0, Pins(6)=600.0, Dist=342.0, Win Bonus=0.0
[2026-05-22 10:46:27] SCORE Group 16 (lawn green): Final=1273.6, Time=77.6, Moves(208)=0.0, Pins(8)=800.0, Dist=396.0, Win Bonus=0.0
[2026-05-22 10:46:27] ALL WRONG MOVES BY COLOUR: {}
[2026-05-22 10:46:27] MOVE 627: Group 16 (lawn green) 89->78 [0.01ms]
[2026-05-22 10:46:27] SCORE PCS (yellow): Final=1222.1, Time=26.1, Moves(209)=0.0, Pins(8)=800.0, Dist=396.0, Win Bonus=0.0
[2026-05-22 10:46:27] SCORE Gruppe 10 (purple): Final=1007.8, Time=65.8, Moves(209)=0.0, Pins(6)=600.0, Dist=342.0, Win Bonus=0.0
[2026-05-22 10:46:27] SCORE Group 16 (lawn green): Final=1271.5, Time=77.5, Moves(209)=0.0, Pins(8)=800.0, Dist=394.0, Win Bonus=0.0
[2026-05-22 10:46:27] ALL WRONG MOVES BY COLOUR: {}
[2026-05-22 10:46:27] MOVE 628: PCS (yellow) 73->84 [0.00ms]
[2026-05-22 10:46:27] SCORE PCS (yellow): Final=1323.7, Time=25.7, Moves(210)=0.0, Pins(9)=900.0, Dist=398.0, Win Bonus=0.0
[2026-05-22 10:46:27] SCORE Gruppe 10 (purple): Final=1007.8, Time=65.8, Moves(209)=0.0, Pins(6)=600.0, Dist=342.0, Win Bonus=0.0
[2026-05-22 10:46:27] SCORE Group 16 (lawn green): Final=1271.5, Time=77.5, Moves(209)=0.0, Pins(8)=800.0, Dist=394.0, Win Bonus=0.0
[2026-05-22 10:46:27] ALL WRONG MOVES BY COLOUR: {}
[2026-05-22 10:46:27] MOVE 629: Gruppe 10 (purple) 62->72 [0.00ms]
[2026-05-22 10:46:27] SCORE PCS (yellow): Final=1323.7, Time=25.7, Moves(210)=0.0, Pins(9)=900.0, Dist=398.0, Win Bonus=0.0
[2026-05-22 10:46:27] SCORE Gruppe 10 (purple): Final=1005.6, Time=65.6, Moves(210)=0.0, Pins(6)=600.0, Dist=340.0, Win Bonus=0.0
[2026-05-22 10:46:27] SCORE Group 16 (lawn green): Final=1271.5, Time=77.5, Moves(209)=0.0, Pins(8)=800.0, Dist=394.0, Win Bonus=0.0
[2026-05-22 10:46:27] ALL WRONG MOVES BY COLOUR: {}
[2026-05-22 10:46:28] MOVE 630: Group 16 (lawn green) 56->66 [0.00ms]
[2026-05-22 10:46:28] SCORE PCS (yellow): Final=1323.7, Time=25.7, Moves(210)=0.0, Pins(9)=900.0, Dist=398.0, Win Bonus=0.0
[2026-05-22 10:46:28] SCORE Gruppe 10 (purple): Final=1005.6, Time=65.6, Moves(210)=0.0, Pins(6)=600.0, Dist=340.0, Win Bonus=0.0
[2026-05-22 10:46:28] SCORE Group 16 (lawn green): Final=1271.4, Time=77.4, Moves(210)=0.0, Pins(8)=800.0, Dist=394.0, Win Bonus=0.0
[2026-05-22 10:46:28] ALL WRONG MOVES BY COLOUR: {}
[2026-05-22 10:46:28] MOVE 631: PCS (yellow) 84->73 [0.00ms]
[2026-05-22 10:46:28] SCORE PCS (yellow): Final=1221.3, Time=25.3, Moves(211)=0.0, Pins(8)=800.0, Dist=396.0, Win Bonus=0.0
[2026-05-22 10:46:28] SCORE Gruppe 10 (purple): Final=1005.6, Time=65.6, Moves(210)=0.0, Pins(6)=600.0, Dist=340.0, Win Bonus=0.0
[2026-05-22 10:46:28] SCORE Group 16 (lawn green): Final=1271.4, Time=77.4, Moves(210)=0.0, Pins(8)=800.0, Dist=394.0, Win Bonus=0.0
[2026-05-22 10:46:28] ALL WRONG MOVES BY COLOUR: {}
[2026-05-22 10:46:28] MOVE 632: Gruppe 10 (purple) 72->82 [0.00ms]
[2026-05-22 10:46:28] SCORE PCS (yellow): Final=1221.3, Time=25.3, Moves(211)=0.0, Pins(8)=800.0, Dist=396.0, Win Bonus=0.0
[2026-05-22 10:46:28] SCORE Gruppe 10 (purple): Final=1005.4, Time=65.4, Moves(211)=0.0, Pins(6)=600.0, Dist=340.0, Win Bonus=0.0
[2026-05-22 10:46:28] SCORE Group 16 (lawn green): Final=1271.4, Time=77.4, Moves(210)=0.0, Pins(8)=800.0, Dist=394.0, Win Bonus=0.0
[2026-05-22 10:46:28] ALL WRONG MOVES BY COLOUR: {}
[2026-05-22 10:46:28] MOVE 633: Group 16 (lawn green) 78->67 [0.01ms]
[2026-05-22 10:46:28] SCORE PCS (yellow): Final=1221.3, Time=25.3, Moves(211)=0.0, Pins(8)=800.0, Dist=396.0, Win Bonus=0.0
[2026-05-22 10:46:28] SCORE Gruppe 10 (purple): Final=1005.4, Time=65.4, Moves(211)=0.0, Pins(6)=600.0, Dist=340.0, Win Bonus=0.0
[2026-05-22 10:46:28] SCORE Group 16 (lawn green): Final=1271.4, Time=77.4, Moves(211)=0.0, Pins(8)=800.0, Dist=394.0, Win Bonus=0.0
[2026-05-22 10:46:28] ALL WRONG MOVES BY COLOUR: {}
[2026-05-22 10:46:29] MOVE 634: PCS (yellow) 85->84 [0.01ms]
[2026-05-22 10:46:29] SCORE PCS (yellow): Final=1220.9, Time=24.9, Moves(212)=0.0, Pins(8)=800.0, Dist=396.0, Win Bonus=0.0
[2026-05-22 10:46:29] SCORE Gruppe 10 (purple): Final=1005.4, Time=65.4, Moves(211)=0.0, Pins(6)=600.0, Dist=340.0, Win Bonus=0.0
[2026-05-22 10:46:29] SCORE Group 16 (lawn green): Final=1271.4, Time=77.4, Moves(211)=0.0, Pins(8)=800.0, Dist=394.0, Win Bonus=0.0
[2026-05-22 10:46:29] ALL WRONG MOVES BY COLOUR: {}
[2026-05-22 10:46:29] MOVE 635: Gruppe 10 (purple) 82->81 [0.00ms]
[2026-05-22 10:46:29] SCORE PCS (yellow): Final=1220.9, Time=24.9, Moves(212)=0.0, Pins(8)=800.0, Dist=396.0, Win Bonus=0.0
[2026-05-22 10:46:29] SCORE Gruppe 10 (purple): Final=1007.2, Time=65.2, Moves(212)=0.0, Pins(6)=600.0, Dist=342.0, Win Bonus=0.0
[2026-05-22 10:46:29] SCORE Group 16 (lawn green): Final=1271.4, Time=77.4, Moves(211)=0.0, Pins(8)=800.0, Dist=394.0, Win Bonus=0.0
[2026-05-22 10:46:29] ALL WRONG MOVES BY COLOUR: {}
[2026-05-22 10:46:29] MOVE 636: Group 16 (lawn green) 66->68 [0.00ms]
[2026-05-22 10:46:29] SCORE PCS (yellow): Final=1220.9, Time=24.9, Moves(212)=0.0, Pins(8)=800.0, Dist=396.0, Win Bonus=0.0
[2026-05-22 10:46:29] SCORE Gruppe 10 (purple): Final=1007.2, Time=65.2, Moves(212)=0.0, Pins(6)=600.0, Dist=342.0, Win Bonus=0.0
[2026-05-22 10:46:29] SCORE Group 16 (lawn green): Final=1267.3, Time=77.3, Moves(212)=0.0, Pins(8)=800.0, Dist=390.0, Win Bonus=0.0
[2026-05-22 10:46:29] ALL WRONG MOVES BY COLOUR: {}
[2026-05-22 10:46:29] MOVE 637: PCS (yellow) 84->85 [0.01ms]
[2026-05-22 10:46:29] SCORE PCS (yellow): Final=1220.6, Time=24.6, Moves(213)=0.0, Pins(8)=800.0, Dist=396.0, Win Bonus=0.0
[2026-05-22 10:46:29] SCORE Gruppe 10 (purple): Final=1007.2, Time=65.2, Moves(212)=0.0, Pins(6)=600.0, Dist=342.0, Win Bonus=0.0
[2026-05-22 10:46:29] SCORE Group 16 (lawn green): Final=1267.3, Time=77.3, Moves(212)=0.0, Pins(8)=800.0, Dist=390.0, Win Bonus=0.0
[2026-05-22 10:46:29] ALL WRONG MOVES BY COLOUR: {}
[2026-05-22 10:46:29] MOVE 638: Gruppe 10 (purple) 11->23 [0.01ms]
[2026-05-22 10:46:29] SCORE PCS (yellow): Final=1220.6, Time=24.6, Moves(213)=0.0, Pins(8)=800.0, Dist=396.0, Win Bonus=0.0
[2026-05-22 10:46:29] SCORE Gruppe 10 (purple): Final=1007.1, Time=65.1, Moves(213)=0.0, Pins(6)=600.0, Dist=342.0, Win Bonus=0.0
[2026-05-22 10:46:29] SCORE Group 16 (lawn green): Final=1267.3, Time=77.3, Moves(212)=0.0, Pins(8)=800.0, Dist=390.0, Win Bonus=0.0
[2026-05-22 10:46:29] ALL WRONG MOVES BY COLOUR: {}
[2026-05-22 10:46:29] MOVE 639: Group 16 (lawn green) 68->78 [0.01ms]
[2026-05-22 10:46:29] SCORE PCS (yellow): Final=1220.6, Time=24.6, Moves(213)=0.0, Pins(8)=800.0, Dist=396.0, Win Bonus=0.0
[2026-05-22 10:46:29] SCORE Gruppe 10 (purple): Final=1007.1, Time=65.1, Moves(213)=0.0, Pins(6)=600.0, Dist=342.0, Win Bonus=0.0
[2026-05-22 10:46:29] SCORE Group 16 (lawn green): Final=1269.2, Time=77.2, Moves(213)=0.0, Pins(8)=800.0, Dist=392.0, Win Bonus=0.0
[2026-05-22 10:46:29] ALL WRONG MOVES BY COLOUR: {}
[2026-05-22 10:46:30] MOVE 640: PCS (yellow) 73->84 [0.01ms]
[2026-05-22 10:46:30] SCORE PCS (yellow): Final=1322.2, Time=24.2, Moves(214)=0.0, Pins(9)=900.0, Dist=398.0, Win Bonus=0.0
[2026-05-22 10:46:30] SCORE Gruppe 10 (purple): Final=1007.1, Time=65.1, Moves(213)=0.0, Pins(6)=600.0, Dist=342.0, Win Bonus=0.0
[2026-05-22 10:46:30] SCORE Group 16 (lawn green): Final=1269.2, Time=77.2, Moves(213)=0.0, Pins(8)=800.0, Dist=392.0, Win Bonus=0.0
[2026-05-22 10:46:30] ALL WRONG MOVES BY COLOUR: {}
[2026-05-22 10:46:30] MOVE 641: Gruppe 10 (purple) 81->70 [0.00ms]
[2026-05-22 10:46:30] SCORE PCS (yellow): Final=1322.2, Time=24.2, Moves(214)=0.0, Pins(9)=900.0, Dist=398.0, Win Bonus=0.0
[2026-05-22 10:46:30] SCORE Gruppe 10 (purple): Final=1008.9, Time=64.9, Moves(214)=0.0, Pins(6)=600.0, Dist=344.0, Win Bonus=0.0
[2026-05-22 10:46:30] SCORE Group 16 (lawn green): Final=1269.2, Time=77.2, Moves(213)=0.0, Pins(8)=800.0, Dist=392.0, Win Bonus=0.0
[2026-05-22 10:46:30] ALL WRONG MOVES BY COLOUR: {}
[2026-05-22 10:46:30] MOVE 642: Group 16 (lawn green) 78->89 [0.00ms]
[2026-05-22 10:46:30] SCORE PCS (yellow): Final=1322.2, Time=24.2, Moves(214)=0.0, Pins(9)=900.0, Dist=398.0, Win Bonus=0.0
[2026-05-22 10:46:30] SCORE Gruppe 10 (purple): Final=1008.9, Time=64.9, Moves(214)=0.0, Pins(6)=600.0, Dist=344.0, Win Bonus=0.0
[2026-05-22 10:46:30] SCORE Group 16 (lawn green): Final=1271.1, Time=77.1, Moves(214)=0.0, Pins(8)=800.0, Dist=394.0, Win Bonus=0.0
[2026-05-22 10:46:30] ALL WRONG MOVES BY COLOUR: {}
[2026-05-22 10:46:30] MOVE 643: PCS (yellow) 84->73 [0.00ms]
[2026-05-22 10:46:30] SCORE PCS (yellow): Final=1219.9, Time=23.9, Moves(215)=0.0, Pins(8)=800.0, Dist=396.0, Win Bonus=0.0
[2026-05-22 10:46:30] SCORE Gruppe 10 (purple): Final=1008.9, Time=64.9, Moves(214)=0.0, Pins(6)=600.0, Dist=344.0, Win Bonus=0.0
[2026-05-22 10:46:30] SCORE Group 16 (lawn green): Final=1271.1, Time=77.1, Moves(214)=0.0, Pins(8)=800.0, Dist=394.0, Win Bonus=0.0
[2026-05-22 10:46:30] ALL WRONG MOVES BY COLOUR: {}
[2026-05-22 10:46:30] MOVE 644: Gruppe 10 (purple) 10->35 [0.00ms]
[2026-05-22 10:46:30] SCORE PCS (yellow): Final=1219.9, Time=23.9, Moves(215)=0.0, Pins(8)=800.0, Dist=396.0, Win Bonus=0.0
[2026-05-22 10:46:30] SCORE Gruppe 10 (purple): Final=1008.8, Time=64.8, Moves(215)=0.0, Pins(6)=600.0, Dist=344.0, Win Bonus=0.0
[2026-05-22 10:46:31] SCORE Group 16 (lawn green): Final=1271.1, Time=77.1, Moves(214)=0.0, Pins(8)=800.0, Dist=394.0, Win Bonus=0.0
[2026-05-22 10:46:31] ALL WRONG MOVES BY COLOUR: {}
[2026-05-22 10:46:31] MOVE 645: Group 16 (lawn green) 67->57 [0.01ms]
[2026-05-22 10:46:31] SCORE PCS (yellow): Final=1219.9, Time=23.9, Moves(215)=0.0, Pins(8)=800.0, Dist=396.0, Win Bonus=0.0
[2026-05-22 10:46:31] SCORE Gruppe 10 (purple): Final=1008.8, Time=64.8, Moves(215)=0.0, Pins(6)=600.0, Dist=344.0, Win Bonus=0.0
[2026-05-22 10:46:31] SCORE Group 16 (lawn green): Final=1271.0, Time=77.0, Moves(215)=0.0, Pins(8)=800.0, Dist=394.0, Win Bonus=0.0
[2026-05-22 10:46:31] ALL WRONG MOVES BY COLOUR: {}
[2026-05-22 10:46:31] MOVE 646: PCS (yellow) 73->84 [0.00ms]
[2026-05-22 10:46:31] SCORE PCS (yellow): Final=1321.5, Time=23.5, Moves(216)=0.0, Pins(9)=900.0, Dist=398.0, Win Bonus=0.0
[2026-05-22 10:46:31] SCORE Gruppe 10 (purple): Final=1008.8, Time=64.8, Moves(215)=0.0, Pins(6)=600.0, Dist=344.0, Win Bonus=0.0
[2026-05-22 10:46:31] SCORE Group 16 (lawn green): Final=1271.0, Time=77.0, Moves(215)=0.0, Pins(8)=800.0, Dist=394.0, Win Bonus=0.0
[2026-05-22 10:46:31] ALL WRONG MOVES BY COLOUR: {}
[2026-05-22 10:46:31] MOVE 647: Gruppe 10 (purple) 23->10 [0.00ms]
[2026-05-22 10:46:31] SCORE PCS (yellow): Final=1321.5, Time=23.5, Moves(216)=0.0, Pins(9)=900.0, Dist=398.0, Win Bonus=0.0
[2026-05-22 10:46:31] SCORE Gruppe 10 (purple): Final=1008.6, Time=64.6, Moves(216)=0.0, Pins(6)=600.0, Dist=344.0, Win Bonus=0.0
[2026-05-22 10:46:31] SCORE Group 16 (lawn green): Final=1271.0, Time=77.0, Moves(215)=0.0, Pins(8)=800.0, Dist=394.0, Win Bonus=0.0
[2026-05-22 10:46:31] ALL WRONG MOVES BY COLOUR: {}
[2026-05-22 10:46:31] MOVE 648: Group 16 (lawn green) 57->48 [0.01ms]
[2026-05-22 10:46:31] SCORE PCS (yellow): Final=1321.5, Time=23.5, Moves(216)=0.0, Pins(9)=900.0, Dist=398.0, Win Bonus=0.0
[2026-05-22 10:46:31] SCORE Gruppe 10 (purple): Final=1008.6, Time=64.6, Moves(216)=0.0, Pins(6)=600.0, Dist=344.0, Win Bonus=0.0
[2026-05-22 10:46:31] SCORE Group 16 (lawn green): Final=1268.9, Time=76.9, Moves(216)=0.0, Pins(8)=800.0, Dist=392.0, Win Bonus=0.0
[2026-05-22 10:46:31] ALL WRONG MOVES BY COLOUR: {}
[2026-05-22 10:46:32] MOVE 649: PCS (yellow) 84->73 [0.00ms]
[2026-05-22 10:46:32] SCORE PCS (yellow): Final=1219.1, Time=23.1, Moves(217)=0.0, Pins(8)=800.0, Dist=396.0, Win Bonus=0.0
[2026-05-22 10:46:32] SCORE Gruppe 10 (purple): Final=1008.6, Time=64.6, Moves(216)=0.0, Pins(6)=600.0, Dist=344.0, Win Bonus=0.0
[2026-05-22 10:46:32] SCORE Group 16 (lawn green): Final=1268.9, Time=76.9, Moves(216)=0.0, Pins(8)=800.0, Dist=392.0, Win Bonus=0.0
[2026-05-22 10:46:32] ALL WRONG MOVES BY COLOUR: {}
[2026-05-22 10:46:32] MOVE 650: Gruppe 10 (purple) 12->24 [0.00ms]
[2026-05-22 10:46:32] SCORE PCS (yellow): Final=1219.1, Time=23.1, Moves(217)=0.0, Pins(8)=800.0, Dist=396.0, Win Bonus=0.0
[2026-05-22 10:46:32] SCORE Gruppe 10 (purple): Final=1008.5, Time=64.5, Moves(217)=0.0, Pins(6)=600.0, Dist=344.0, Win Bonus=0.0
[2026-05-22 10:46:32] SCORE Group 16 (lawn green): Final=1268.9, Time=76.9, Moves(216)=0.0, Pins(8)=800.0, Dist=392.0, Win Bonus=0.0
[2026-05-22 10:46:32] ALL WRONG MOVES BY COLOUR: {}
[2026-05-22 10:46:32] MOVE 651: Group 16 (lawn green) 48->47 [0.00ms]
[2026-05-22 10:46:32] SCORE PCS (yellow): Final=1219.1, Time=23.1, Moves(217)=0.0, Pins(8)=800.0, Dist=396.0, Win Bonus=0.0
[2026-05-22 10:46:32] SCORE Gruppe 10 (purple): Final=1008.5, Time=64.5, Moves(217)=0.0, Pins(6)=600.0, Dist=344.0, Win Bonus=0.0
[2026-05-22 10:46:32] SCORE Group 16 (lawn green): Final=1270.7, Time=76.7, Moves(217)=0.0, Pins(8)=800.0, Dist=394.0, Win Bonus=0.0
[2026-05-22 10:46:32] ALL WRONG MOVES BY COLOUR: {}
[2026-05-22 10:46:32] MOVE 652: PCS (yellow) 73->84 [0.01ms]
[2026-05-22 10:46:32] SCORE PCS (yellow): Final=1320.8, Time=22.8, Moves(218)=0.0, Pins(9)=900.0, Dist=398.0, Win Bonus=0.0
[2026-05-22 10:46:32] SCORE Gruppe 10 (purple): Final=1008.5, Time=64.5, Moves(217)=0.0, Pins(6)=600.0, Dist=344.0, Win Bonus=0.0
[2026-05-22 10:46:32] SCORE Group 16 (lawn green): Final=1270.7, Time=76.7, Moves(217)=0.0, Pins(8)=800.0, Dist=394.0, Win Bonus=0.0
[2026-05-22 10:46:32] ALL WRONG MOVES BY COLOUR: {}
[2026-05-22 10:46:32] MOVE 653: Gruppe 10 (purple) 70->80 [0.00ms]
[2026-05-22 10:46:32] SCORE PCS (yellow): Final=1320.8, Time=22.8, Moves(218)=0.0, Pins(9)=900.0, Dist=398.0, Win Bonus=0.0
[2026-05-22 10:46:32] SCORE Gruppe 10 (purple): Final=1008.4, Time=64.4, Moves(218)=0.0, Pins(6)=600.0, Dist=344.0, Win Bonus=0.0
[2026-05-22 10:46:32] SCORE Group 16 (lawn green): Final=1270.7, Time=76.7, Moves(217)=0.0, Pins(8)=800.0, Dist=394.0, Win Bonus=0.0
[2026-05-22 10:46:32] ALL WRONG MOVES BY COLOUR: {}
[2026-05-22 10:46:32] MOVE 654: Group 16 (lawn green) 47->56 [0.00ms]
[2026-05-22 10:46:32] SCORE PCS (yellow): Final=1320.8, Time=22.8, Moves(218)=0.0, Pins(9)=900.0, Dist=398.0, Win Bonus=0.0
[2026-05-22 10:46:32] SCORE Gruppe 10 (purple): Final=1008.4, Time=64.4, Moves(218)=0.0, Pins(6)=600.0, Dist=344.0, Win Bonus=0.0
[2026-05-22 10:46:32] SCORE Group 16 (lawn green): Final=1272.6, Time=76.6, Moves(218)=0.0, Pins(8)=800.0, Dist=396.0, Win Bonus=0.0
[2026-05-22 10:46:32] ALL WRONG MOVES BY COLOUR: {}
[2026-05-22 10:46:33] MOVE 655: PCS (yellow) 84->73 [0.00ms]
[2026-05-22 10:46:33] SCORE PCS (yellow): Final=1218.4, Time=22.4, Moves(219)=0.0, Pins(8)=800.0, Dist=396.0, Win Bonus=0.0
[2026-05-22 10:46:33] SCORE Gruppe 10 (purple): Final=1008.4, Time=64.4, Moves(218)=0.0, Pins(6)=600.0, Dist=344.0, Win Bonus=0.0
[2026-05-22 10:46:33] SCORE Group 16 (lawn green): Final=1272.6, Time=76.6, Moves(218)=0.0, Pins(8)=800.0, Dist=396.0, Win Bonus=0.0
[2026-05-22 10:46:33] ALL WRONG MOVES BY COLOUR: {}
[2026-05-22 10:46:33] MOVE 656: Gruppe 10 (purple) 80->69 [0.00ms]
[2026-05-22 10:46:33] SCORE PCS (yellow): Final=1218.4, Time=22.4, Moves(219)=0.0, Pins(8)=800.0, Dist=396.0, Win Bonus=0.0
[2026-05-22 10:46:33] SCORE Gruppe 10 (purple): Final=1010.3, Time=64.3, Moves(219)=0.0, Pins(6)=600.0, Dist=346.0, Win Bonus=0.0
[2026-05-22 10:46:33] SCORE Group 16 (lawn green): Final=1272.6, Time=76.6, Moves(218)=0.0, Pins(8)=800.0, Dist=396.0, Win Bonus=0.0
[2026-05-22 10:46:33] ALL WRONG MOVES BY COLOUR: {}
[2026-05-22 10:46:33] MOVE 657: Group 16 (lawn green) 89->90 [0.00ms]
[2026-05-22 10:46:33] SCORE PCS (yellow): Final=1218.4, Time=22.4, Moves(219)=0.0, Pins(8)=800.0, Dist=396.0, Win Bonus=0.0
[2026-05-22 10:46:33] SCORE Gruppe 10 (purple): Final=1010.3, Time=64.3, Moves(219)=0.0, Pins(6)=600.0, Dist=346.0, Win Bonus=0.0
[2026-05-22 10:46:33] SCORE Group 16 (lawn green): Final=1270.5, Time=76.5, Moves(219)=0.0, Pins(8)=800.0, Dist=394.0, Win Bonus=0.0
[2026-05-22 10:46:33] ALL WRONG MOVES BY COLOUR: {}
[2026-05-22 10:46:33] MOVE 658: PCS (yellow) 73->84 [0.00ms]
[2026-05-22 10:46:33] SCORE PCS (yellow): Final=1320.0, Time=22.0, Moves(220)=0.0, Pins(9)=900.0, Dist=398.0, Win Bonus=0.0
[2026-05-22 10:46:33] SCORE Gruppe 10 (purple): Final=1010.3, Time=64.3, Moves(219)=0.0, Pins(6)=600.0, Dist=346.0, Win Bonus=0.0
[2026-05-22 10:46:33] SCORE Group 16 (lawn green): Final=1270.5, Time=76.5, Moves(219)=0.0, Pins(8)=800.0, Dist=394.0, Win Bonus=0.0
[2026-05-22 10:46:33] ALL WRONG MOVES BY COLOUR: {}
[2026-05-22 10:46:34] MOVE 659: Gruppe 10 (purple) 103->78 [0.00ms]
[2026-05-22 10:46:34] SCORE PCS (yellow): Final=1320.0, Time=22.0, Moves(220)=0.0, Pins(9)=900.0, Dist=398.0, Win Bonus=0.0
[2026-05-22 10:46:34] SCORE Gruppe 10 (purple): Final=1014.2, Time=64.2, Moves(220)=0.0, Pins(6)=600.0, Dist=350.0, Win Bonus=0.0
[2026-05-22 10:46:34] SCORE Group 16 (lawn green): Final=1270.5, Time=76.5, Moves(219)=0.0, Pins(8)=800.0, Dist=394.0, Win Bonus=0.0
[2026-05-22 10:46:34] ALL WRONG MOVES BY COLOUR: {}
[2026-05-22 10:46:34] MOVE 660: Group 16 (lawn green) 90->102 [0.00ms]
[2026-05-22 10:46:34] SCORE PCS (yellow): Final=1320.0, Time=22.0, Moves(220)=0.0, Pins(9)=900.0, Dist=398.0, Win Bonus=0.0
[2026-05-22 10:46:34] SCORE Gruppe 10 (purple): Final=1014.2, Time=64.2, Moves(220)=0.0, Pins(6)=600.0, Dist=350.0, Win Bonus=0.0
[2026-05-22 10:46:34] SCORE Group 16 (lawn green): Final=1272.4, Time=76.4, Moves(220)=0.0, Pins(8)=800.0, Dist=396.0, Win Bonus=0.0
[2026-05-22 10:46:34] ALL WRONG MOVES BY COLOUR: {}
[2026-05-22 10:46:34] MOVE 661: PCS (yellow) 84->73 [0.00ms]
[2026-05-22 10:46:34] SCORE PCS (yellow): Final=1217.7, Time=21.7, Moves(221)=0.0, Pins(8)=800.0, Dist=396.0, Win Bonus=0.0
[2026-05-22 10:46:34] SCORE Gruppe 10 (purple): Final=1014.2, Time=64.2, Moves(220)=0.0, Pins(6)=600.0, Dist=350.0, Win Bonus=0.0
[2026-05-22 10:46:34] SCORE Group 16 (lawn green): Final=1272.4, Time=76.4, Moves(220)=0.0, Pins(8)=800.0, Dist=396.0, Win Bonus=0.0
[2026-05-22 10:46:34] ALL WRONG MOVES BY COLOUR: {}
[2026-05-22 10:46:34] MOVE 662: Gruppe 10 (purple) 78->89 [0.01ms]
[2026-05-22 10:46:34] SCORE PCS (yellow): Final=1217.7, Time=21.7, Moves(221)=0.0, Pins(8)=800.0, Dist=396.0, Win Bonus=0.0
[2026-05-22 10:46:34] SCORE Gruppe 10 (purple): Final=1014.1, Time=64.1, Moves(221)=0.0, Pins(6)=600.0, Dist=350.0, Win Bonus=0.0
[2026-05-22 10:46:34] SCORE Group 16 (lawn green): Final=1272.4, Time=76.4, Moves(220)=0.0, Pins(8)=800.0, Dist=396.0, Win Bonus=0.0
[2026-05-22 10:46:34] ALL WRONG MOVES BY COLOUR: {}
[2026-05-22 10:46:34] MOVE 663: Group 16 (lawn green) 102->103 [0.00ms]
[2026-05-22 10:46:34] SCORE PCS (yellow): Final=1217.7, Time=21.7, Moves(221)=0.0, Pins(8)=800.0, Dist=396.0, Win Bonus=0.0
[2026-05-22 10:46:34] SCORE Gruppe 10 (purple): Final=1014.1, Time=64.1, Moves(221)=0.0, Pins(6)=600.0, Dist=350.0, Win Bonus=0.0
[2026-05-22 10:46:34] SCORE Group 16 (lawn green): Final=1270.3, Time=76.3, Moves(221)=0.0, Pins(8)=800.0, Dist=394.0, Win Bonus=0.0
[2026-05-22 10:46:34] ALL WRONG MOVES BY COLOUR: {}
[2026-05-22 10:46:35] MOVE 664: PCS (yellow) 73->84 [0.01ms]
[2026-05-22 10:46:35] SCORE PCS (yellow): Final=1319.3, Time=21.3, Moves(222)=0.0, Pins(9)=900.0, Dist=398.0, Win Bonus=0.0
[2026-05-22 10:46:35] SCORE Gruppe 10 (purple): Final=1014.1, Time=64.1, Moves(221)=0.0, Pins(6)=600.0, Dist=350.0, Win Bonus=0.0
[2026-05-22 10:46:35] SCORE Group 16 (lawn green): Final=1270.3, Time=76.3, Moves(221)=0.0, Pins(8)=800.0, Dist=394.0, Win Bonus=0.0
[2026-05-22 10:46:35] ALL WRONG MOVES BY COLOUR: {}
[2026-05-22 10:46:35] MOVE 665: Gruppe 10 (purple) 69->68 [0.01ms]
[2026-05-22 10:46:35] SCORE PCS (yellow): Final=1319.3, Time=21.3, Moves(222)=0.0, Pins(9)=900.0, Dist=398.0, Win Bonus=0.0
[2026-05-22 10:46:35] SCORE Gruppe 10 (purple): Final=1016.0, Time=64.0, Moves(222)=0.0, Pins(6)=600.0, Dist=352.0, Win Bonus=0.0
[2026-05-22 10:46:35] SCORE Group 16 (lawn green): Final=1270.3, Time=76.3, Moves(221)=0.0, Pins(8)=800.0, Dist=394.0, Win Bonus=0.0
[2026-05-22 10:46:35] ALL WRONG MOVES BY COLOUR: {}
[2026-05-22 10:46:35] MOVE 666: Group 16 (lawn green) 56->66 [0.00ms]
[2026-05-22 10:46:35] SCORE PCS (yellow): Final=1319.3, Time=21.3, Moves(222)=0.0, Pins(9)=900.0, Dist=398.0, Win Bonus=0.0
[2026-05-22 10:46:35] SCORE Gruppe 10 (purple): Final=1016.0, Time=64.0, Moves(222)=0.0, Pins(6)=600.0, Dist=352.0, Win Bonus=0.0
[2026-05-22 10:46:35] SCORE Group 16 (lawn green): Final=1270.2, Time=76.2, Moves(222)=0.0, Pins(8)=800.0, Dist=394.0, Win Bonus=0.0
[2026-05-22 10:46:35] ALL WRONG MOVES BY COLOUR: {}
[2026-05-22 10:46:35] MOVE 667: PCS (yellow) 95->72 [0.00ms]
[2026-05-22 10:46:35] SCORE PCS (yellow): Final=1214.8, Time=20.8, Moves(223)=0.0, Pins(8)=800.0, Dist=394.0, Win Bonus=0.0
[2026-05-22 10:46:35] SCORE Gruppe 10 (purple): Final=1016.0, Time=64.0, Moves(222)=0.0, Pins(6)=600.0, Dist=352.0, Win Bonus=0.0
[2026-05-22 10:46:35] SCORE Group 16 (lawn green): Final=1270.2, Time=76.2, Moves(222)=0.0, Pins(8)=800.0, Dist=394.0, Win Bonus=0.0
[2026-05-22 10:46:35] ALL WRONG MOVES BY COLOUR: {}
[2026-05-22 10:46:35] MOVE 668: Gruppe 10 (purple) 68->58 [0.00ms]
[2026-05-22 10:46:35] SCORE PCS (yellow): Final=1214.8, Time=20.8, Moves(223)=0.0, Pins(8)=800.0, Dist=394.0, Win Bonus=0.0
[2026-05-22 10:46:35] SCORE Gruppe 10 (purple): Final=1017.8, Time=63.8, Moves(223)=0.0, Pins(6)=600.0, Dist=354.0, Win Bonus=0.0
[2026-05-22 10:46:35] SCORE Group 16 (lawn green): Final=1270.2, Time=76.2, Moves(222)=0.0, Pins(8)=800.0, Dist=394.0, Win Bonus=0.0
[2026-05-22 10:46:35] ALL WRONG MOVES BY COLOUR: {}
[2026-05-22 10:46:36] MOVE 669: Group 16 (lawn green) 66->77 [0.00ms]
[2026-05-22 10:46:36] SCORE PCS (yellow): Final=1214.8, Time=20.8, Moves(223)=0.0, Pins(8)=800.0, Dist=394.0, Win Bonus=0.0
[2026-05-22 10:46:36] SCORE Gruppe 10 (purple): Final=1017.8, Time=63.8, Moves(223)=0.0, Pins(6)=600.0, Dist=354.0, Win Bonus=0.0
[2026-05-22 10:46:36] SCORE Group 16 (lawn green): Final=1270.1, Time=76.1, Moves(223)=0.0, Pins(8)=800.0, Dist=394.0, Win Bonus=0.0
[2026-05-22 10:46:36] ALL WRONG MOVES BY COLOUR: {}
[2026-05-22 10:46:36] MOVE 670: PCS (yellow) 72->95 [0.00ms]
[2026-05-22 10:46:36] SCORE PCS (yellow): Final=1318.4, Time=20.4, Moves(224)=0.0, Pins(9)=900.0, Dist=398.0, Win Bonus=0.0
[2026-05-22 10:46:36] SCORE Gruppe 10 (purple): Final=1017.8, Time=63.8, Moves(223)=0.0, Pins(6)=600.0, Dist=354.0, Win Bonus=0.0
[2026-05-22 10:46:36] SCORE Group 16 (lawn green): Final=1270.1, Time=76.1, Moves(223)=0.0, Pins(8)=800.0, Dist=394.0, Win Bonus=0.0
[2026-05-22 10:46:36] ALL WRONG MOVES BY COLOUR: {}
[2026-05-22 10:46:36] MOVE 671: Gruppe 10 (purple) 58->57 [0.00ms]
[2026-05-22 10:46:36] SCORE PCS (yellow): Final=1318.4, Time=20.4, Moves(224)=0.0, Pins(9)=900.0, Dist=398.0, Win Bonus=0.0
[2026-05-22 10:46:36] SCORE Gruppe 10 (purple): Final=1019.7, Time=63.7, Moves(224)=0.0, Pins(6)=600.0, Dist=356.0, Win Bonus=0.0
[2026-05-22 10:46:36] SCORE Group 16 (lawn green): Final=1270.1, Time=76.1, Moves(223)=0.0, Pins(8)=800.0, Dist=394.0, Win Bonus=0.0
[2026-05-22 10:46:36] ALL WRONG MOVES BY COLOUR: {}
[2026-05-22 10:46:36] MOVE 672: Group 16 (lawn green) 77->102 [0.01ms]
[2026-05-22 10:46:36] SCORE PCS (yellow): Final=1318.4, Time=20.4, Moves(224)=0.0, Pins(9)=900.0, Dist=398.0, Win Bonus=0.0
[2026-05-22 10:46:36] SCORE Gruppe 10 (purple): Final=1019.7, Time=63.7, Moves(224)=0.0, Pins(6)=600.0, Dist=356.0, Win Bonus=0.0
[2026-05-22 10:46:36] SCORE Group 16 (lawn green): Final=1270.0, Time=76.0, Moves(224)=0.0, Pins(8)=800.0, Dist=394.0, Win Bonus=0.0
[2026-05-22 10:46:36] ALL WRONG MOVES BY COLOUR: {}
[2026-05-22 10:46:37] MOVE 673: PCS (yellow) 84->73 [0.01ms]
[2026-05-22 10:46:37] SCORE PCS (yellow): Final=1216.1, Time=20.1, Moves(225)=0.0, Pins(8)=800.0, Dist=396.0, Win Bonus=0.0
[2026-05-22 10:46:37] SCORE Gruppe 10 (purple): Final=1019.7, Time=63.7, Moves(224)=0.0, Pins(6)=600.0, Dist=356.0, Win Bonus=0.0
[2026-05-22 10:46:37] SCORE Group 16 (lawn green): Final=1270.0, Time=76.0, Moves(224)=0.0, Pins(8)=800.0, Dist=394.0, Win Bonus=0.0
[2026-05-22 10:46:37] ALL WRONG MOVES BY COLOUR: {}
[2026-05-22 10:46:37] MOVE 674: Gruppe 10 (purple) 35->12 [0.01ms]
[2026-05-22 10:46:37] SCORE PCS (yellow): Final=1216.1, Time=20.1, Moves(225)=0.0, Pins(8)=800.0, Dist=396.0, Win Bonus=0.0
[2026-05-22 10:46:37] SCORE Gruppe 10 (purple): Final=1019.5, Time=63.5, Moves(225)=0.0, Pins(6)=600.0, Dist=356.0, Win Bonus=0.0
[2026-05-22 10:46:37] SCORE Group 16 (lawn green): Final=1270.0, Time=76.0, Moves(224)=0.0, Pins(8)=800.0, Dist=394.0, Win Bonus=0.0
[2026-05-22 10:46:37] ALL WRONG MOVES BY COLOUR: {}
[2026-05-22 10:46:37] MOVE 675: Group 16 (lawn green) 102->90 [0.00ms]
[2026-05-22 10:46:37] SCORE PCS (yellow): Final=1216.1, Time=20.1, Moves(225)=0.0, Pins(8)=800.0, Dist=396.0, Win Bonus=0.0
[2026-05-22 10:46:37] SCORE Gruppe 10 (purple): Final=1019.5, Time=63.5, Moves(225)=0.0, Pins(6)=600.0, Dist=356.0, Win Bonus=0.0
[2026-05-22 10:46:37] SCORE Group 16 (lawn green): Final=1267.9, Time=75.9, Moves(225)=0.0, Pins(8)=800.0, Dist=392.0, Win Bonus=0.0
[2026-05-22 10:46:37] ALL WRONG MOVES BY COLOUR: {}
[2026-05-22 10:46:37] MOVE 676: PCS (yellow) 73->84 [0.01ms]
[2026-05-22 10:46:37] SCORE PCS (yellow): Final=1317.7, Time=19.7, Moves(226)=0.0, Pins(9)=900.0, Dist=398.0, Win Bonus=0.0
[2026-05-22 10:46:37] SCORE Gruppe 10 (purple): Final=1019.5, Time=63.5, Moves(225)=0.0, Pins(6)=600.0, Dist=356.0, Win Bonus=0.0
[2026-05-22 10:46:37] SCORE Group 16 (lawn green): Final=1267.9, Time=75.9, Moves(225)=0.0, Pins(8)=800.0, Dist=392.0, Win Bonus=0.0
[2026-05-22 10:46:37] ALL WRONG MOVES BY COLOUR: {}
[2026-05-22 10:46:37] MOVE 677: Gruppe 10 (purple) 12->11 [0.01ms]
[2026-05-22 10:46:37] SCORE PCS (yellow): Final=1317.7, Time=19.7, Moves(226)=0.0, Pins(9)=900.0, Dist=398.0, Win Bonus=0.0
[2026-05-22 10:46:37] SCORE Gruppe 10 (purple): Final=1019.4, Time=63.4, Moves(226)=0.0, Pins(6)=600.0, Dist=356.0, Win Bonus=0.0
[2026-05-22 10:46:37] SCORE Group 16 (lawn green): Final=1267.9, Time=75.9, Moves(225)=0.0, Pins(8)=800.0, Dist=392.0, Win Bonus=0.0
[2026-05-22 10:46:37] ALL WRONG MOVES BY COLOUR: {}
[2026-05-22 10:46:37] MOVE 678: Group 16 (lawn green) 103->91 [0.01ms]
[2026-05-22 10:46:37] SCORE PCS (yellow): Final=1317.7, Time=19.7, Moves(226)=0.0, Pins(9)=900.0, Dist=398.0, Win Bonus=0.0
[2026-05-22 10:46:37] SCORE Gruppe 10 (purple): Final=1019.4, Time=63.4, Moves(226)=0.0, Pins(6)=600.0, Dist=356.0, Win Bonus=0.0
[2026-05-22 10:46:37] SCORE Group 16 (lawn green): Final=1265.8, Time=75.8, Moves(226)=0.0, Pins(8)=800.0, Dist=390.0, Win Bonus=0.0
[2026-05-22 10:46:37] ALL WRONG MOVES BY COLOUR: {}
[2026-05-22 10:46:38] MOVE 679: PCS (yellow) 84->74 [0.01ms]
[2026-05-22 10:46:38] SCORE PCS (yellow): Final=1317.3, Time=19.3, Moves(227)=0.0, Pins(9)=900.0, Dist=398.0, Win Bonus=0.0
[2026-05-22 10:46:38] SCORE Gruppe 10 (purple): Final=1019.4, Time=63.4, Moves(226)=0.0, Pins(6)=600.0, Dist=356.0, Win Bonus=0.0
[2026-05-22 10:46:38] SCORE Group 16 (lawn green): Final=1265.8, Time=75.8, Moves(226)=0.0, Pins(8)=800.0, Dist=390.0, Win Bonus=0.0
[2026-05-22 10:46:38] ALL WRONG MOVES BY COLOUR: {}
[2026-05-22 10:46:38] MOVE 680: Gruppe 10 (purple) 57->56 [0.01ms]
[2026-05-22 10:46:38] SCORE PCS (yellow): Final=1317.3, Time=19.3, Moves(227)=0.0, Pins(9)=900.0, Dist=398.0, Win Bonus=0.0
[2026-05-22 10:46:38] SCORE Gruppe 10 (purple): Final=1021.3, Time=63.3, Moves(227)=0.0, Pins(6)=600.0, Dist=358.0, Win Bonus=0.0
[2026-05-22 10:46:38] SCORE Group 16 (lawn green): Final=1265.8, Time=75.8, Moves(226)=0.0, Pins(8)=800.0, Dist=390.0, Win Bonus=0.0
[2026-05-22 10:46:38] ALL WRONG MOVES BY COLOUR: {}
[2026-05-22 10:46:38] MOVE 681: Group 16 (lawn green) 91->79 [0.00ms]
[2026-05-22 10:46:38] SCORE PCS (yellow): Final=1317.3, Time=19.3, Moves(227)=0.0, Pins(9)=900.0, Dist=398.0, Win Bonus=0.0
[2026-05-22 10:46:38] SCORE Gruppe 10 (purple): Final=1021.3, Time=63.3, Moves(227)=0.0, Pins(6)=600.0, Dist=358.0, Win Bonus=0.0
[2026-05-22 10:46:38] SCORE Group 16 (lawn green): Final=1265.7, Time=75.7, Moves(227)=0.0, Pins(8)=800.0, Dist=390.0, Win Bonus=0.0
[2026-05-22 10:46:38] ALL WRONG MOVES BY COLOUR: {}
[2026-05-22 10:46:38] MOVE 682: PCS (yellow) 74->84 [0.00ms]
[2026-05-22 10:46:38] SCORE PCS (yellow): Final=1316.9, Time=18.9, Moves(228)=0.0, Pins(9)=900.0, Dist=398.0, Win Bonus=0.0
[2026-05-22 10:46:38] SCORE Gruppe 10 (purple): Final=1021.3, Time=63.3, Moves(227)=0.0, Pins(6)=600.0, Dist=358.0, Win Bonus=0.0
[2026-05-22 10:46:38] SCORE Group 16 (lawn green): Final=1265.7, Time=75.7, Moves(227)=0.0, Pins(8)=800.0, Dist=390.0, Win Bonus=0.0
[2026-05-22 10:46:38] ALL WRONG MOVES BY COLOUR: {}
[2026-05-22 10:46:39] MOVE 683: Gruppe 10 (purple) 56->46 [0.00ms]
[2026-05-22 10:46:39] SCORE PCS (yellow): Final=1316.9, Time=18.9, Moves(228)=0.0, Pins(9)=900.0, Dist=398.0, Win Bonus=0.0
[2026-05-22 10:46:39] SCORE Gruppe 10 (purple): Final=1123.1, Time=63.1, Moves(228)=0.0, Pins(7)=700.0, Dist=360.0, Win Bonus=0.0
[2026-05-22 10:46:39] SCORE Group 16 (lawn green): Final=1265.7, Time=75.7, Moves(227)=0.0, Pins(8)=800.0, Dist=390.0, Win Bonus=0.0
[2026-05-22 10:46:39] ALL WRONG MOVES BY COLOUR: {}
[2026-05-22 10:46:39] MOVE 684: Group 16 (lawn green) 79->77 [0.01ms]
[2026-05-22 10:46:39] SCORE PCS (yellow): Final=1316.9, Time=18.9, Moves(228)=0.0, Pins(9)=900.0, Dist=398.0, Win Bonus=0.0
[2026-05-22 10:46:39] SCORE Gruppe 10 (purple): Final=1123.1, Time=63.1, Moves(228)=0.0, Pins(7)=700.0, Dist=360.0, Win Bonus=0.0
[2026-05-22 10:46:39] SCORE Group 16 (lawn green): Final=1269.5, Time=75.5, Moves(228)=0.0, Pins(8)=800.0, Dist=394.0, Win Bonus=0.0
[2026-05-22 10:46:39] ALL WRONG MOVES BY COLOUR: {}
[2026-05-22 10:46:39] MOVE 685: PCS (yellow) 84->74 [0.00ms]
[2026-05-22 10:46:39] SCORE PCS (yellow): Final=1316.7, Time=18.7, Moves(229)=0.0, Pins(9)=900.0, Dist=398.0, Win Bonus=0.0
[2026-05-22 10:46:39] SCORE Gruppe 10 (purple): Final=1123.1, Time=63.1, Moves(228)=0.0, Pins(7)=700.0, Dist=360.0, Win Bonus=0.0
[2026-05-22 10:46:39] SCORE Group 16 (lawn green): Final=1269.5, Time=75.5, Moves(228)=0.0, Pins(8)=800.0, Dist=394.0, Win Bonus=0.0
[2026-05-22 10:46:39] ALL WRONG MOVES BY COLOUR: {}
[2026-05-22 10:46:39] MOVE 686: Gruppe 10 (purple) 11->23 [0.01ms]
[2026-05-22 10:46:39] SCORE PCS (yellow): Final=1316.7, Time=18.7, Moves(229)=0.0, Pins(9)=900.0, Dist=398.0, Win Bonus=0.0
[2026-05-22 10:46:39] SCORE Gruppe 10 (purple): Final=1122.9, Time=62.9, Moves(229)=0.0, Pins(7)=700.0, Dist=360.0, Win Bonus=0.0
[2026-05-22 10:46:39] SCORE Group 16 (lawn green): Final=1269.5, Time=75.5, Moves(228)=0.0, Pins(8)=800.0, Dist=394.0, Win Bonus=0.0
[2026-05-22 10:46:39] ALL WRONG MOVES BY COLOUR: {}
[2026-05-22 10:46:39] MOVE 687: Group 16 (lawn green) 77->66 [0.01ms]
[2026-05-22 10:46:39] SCORE PCS (yellow): Final=1316.7, Time=18.7, Moves(229)=0.0, Pins(9)=900.0, Dist=398.0, Win Bonus=0.0
[2026-05-22 10:46:39] SCORE Gruppe 10 (purple): Final=1122.9, Time=62.9, Moves(229)=0.0, Pins(7)=700.0, Dist=360.0, Win Bonus=0.0
[2026-05-22 10:46:39] SCORE Group 16 (lawn green): Final=1269.4, Time=75.4, Moves(229)=0.0, Pins(8)=800.0, Dist=394.0, Win Bonus=0.0
[2026-05-22 10:46:39] ALL WRONG MOVES BY COLOUR: {}
[2026-05-22 10:46:40] MOVE 688: PCS (yellow) 83->84 [0.01ms]
[2026-05-22 10:46:40] SCORE PCS (yellow): Final=2418.5, Time=18.5, Moves(230)=0.0, Pins(10)=1000.0, Dist=400.0, Win Bonus=1000.0
[2026-05-22 10:46:40] SCORE Gruppe 10 (purple): Final=1122.9, Time=62.9, Moves(229)=0.0, Pins(7)=700.0, Dist=360.0, Win Bonus=0.0
[2026-05-22 10:46:40] SCORE Group 16 (lawn green): Final=1269.4, Time=75.4, Moves(229)=0.0, Pins(8)=800.0, Dist=394.0, Win Bonus=0.0
[2026-05-22 10:46:40] ALL WRONG MOVES BY COLOUR: {}
