[2026-05-22 10:25:36] GAME CREATED
[2026-05-22 10:25:40] PLAYER JOINED: Gruppe 69 as lawn green
[2026-05-22 10:25:42] PLAYER JOINED: HelloWorld as gray0
[2026-05-22 10:25:46] PLAYER JOINED: Group 16 as red
[2026-05-22 10:25:46] PLAYER START: Gruppe 69 (lawn green)
[2026-05-22 10:25:46] PLAYER START: HelloWorld (gray0)
[2026-05-22 10:25:46] PLAYER START: Group 16 (red)
[2026-05-22 10:25:46] GAME START — turn order ['lawn green', 'gray0', 'red']
[2026-05-22 10:25:46] PLAYER START: Gruppe 69 (lawn green)
[2026-05-22 10:25:46] PLAYER START: HelloWorld (gray0)
[2026-05-22 10:25:46] PLAYER START: Group 16 (red)
[2026-05-22 10:25:46] MOVE 1: Gruppe 69 (lawn green) 45->43 [0.00ms]
[2026-05-22 10:25:46] SCORE Gruppe 69 (lawn green): Final=283.9, Time=99.9, Moves(1)=0.0, Pins(0)=0.0, Dist=184.0, Win Bonus=0.0
[2026-05-22 10:25:46] SCORE HelloWorld (gray0): Final=0.0, Time=0.0, Moves(0)=0.0, Pins(0)=0.0, Dist=0.0, Win Bonus=0.0
[2026-05-22 10:25:46] SCORE Group 16 (red): Final=0.0, Time=0.0, Moves(0)=0.0, Pins(0)=0.0, Dist=0.0, Win Bonus=0.0
[2026-05-22 10:25:46] ALL WRONG MOVES BY COLOUR: {}
[2026-05-22 10:25:48] SCORE Gruppe 69 (lawn green): Final=283.9, Time=99.9, Moves(1)=0.0, Pins(0)=0.0, Dist=184.0, Win Bonus=0.0
[2026-05-22 10:25:48] SCORE HelloWorld (gray0): Final=0.0, Time=0.0, Moves(0)=0.0, Pins(0)=0.0, Dist=0.0, Win Bonus=0.0
[2026-05-22 10:25:48] SCORE Group 16 (red): Final=0.0, Time=0.0, Moves(0)=0.0, Pins(0)=0.0, Dist=0.0, Win Bonus=0.0
[2026-05-22 10:25:48] ALL WRONG MOVES BY COLOUR: {'gray0': ['2 (turn timeout)']}
[2026-05-22 10:25:48] TURN TIMEOUT: Player with colour gray0 exceeded 2s at move 2. Turn skipped.
[2026-05-22 10:25:48] MOVE 3: Group 16 (red) 112->103 [0.00ms]
[2026-05-22 10:25:48] SCORE Gruppe 69 (lawn green): Final=283.9, Time=99.9, Moves(1)=0.0, Pins(0)=0.0, Dist=184.0, Win Bonus=0.0
[2026-05-22 10:25:48] SCORE HelloWorld (gray0): Final=0.0, Time=0.0, Moves(0)=0.0, Pins(0)=0.0, Dist=0.0, Win Bonus=0.0
[2026-05-22 10:25:48] SCORE Group 16 (red): Final=281.9, Time=99.9, Moves(1)=0.0, Pins(0)=0.0, Dist=182.0, Win Bonus=0.0
[2026-05-22 10:25:48] ALL WRONG MOVES BY COLOUR: {'gray0': ['2 (turn timeout)']}
[2026-05-22 10:25:49] MOVE 4: Gruppe 69 (lawn green) 43->42 [0.00ms]
[2026-05-22 10:25:49] SCORE Gruppe 69 (lawn green): Final=285.8, Time=99.8, Moves(2)=0.0, Pins(0)=0.0, Dist=186.0, Win Bonus=0.0
[2026-05-22 10:25:49] SCORE HelloWorld (gray0): Final=0.0, Time=0.0, Moves(0)=0.0, Pins(0)=0.0, Dist=0.0, Win Bonus=0.0
[2026-05-22 10:25:49] SCORE Group 16 (red): Final=281.9, Time=99.9, Moves(1)=0.0, Pins(0)=0.0, Dist=182.0, Win Bonus=0.0
[2026-05-22 10:25:49] ALL WRONG MOVES BY COLOUR: {'gray0': ['2 (turn timeout)']}
[2026-05-22 10:25:51] SCORE Gruppe 69 (lawn green): Final=285.8, Time=99.8, Moves(2)=0.0, Pins(0)=0.0, Dist=186.0, Win Bonus=0.0
[2026-05-22 10:25:51] SCORE HelloWorld (gray0): Final=0.0, Time=0.0, Moves(0)=0.0, Pins(0)=0.0, Dist=0.0, Win Bonus=0.0
[2026-05-22 10:25:51] SCORE Group 16 (red): Final=281.9, Time=99.9, Moves(1)=0.0, Pins(0)=0.0, Dist=182.0, Win Bonus=0.0
[2026-05-22 10:25:51] ALL WRONG MOVES BY COLOUR: {'gray0': ['2 (turn timeout)', '5 (turn timeout)']}
[2026-05-22 10:25:51] TURN TIMEOUT: Player with colour gray0 exceeded 2s at move 5. Turn skipped.
[2026-05-22 10:25:51] MOVE 6: Group 16 (red) 116->105 [0.00ms]
[2026-05-22 10:25:51] SCORE Gruppe 69 (lawn green): Final=285.8, Time=99.8, Moves(2)=0.0, Pins(0)=0.0, Dist=186.0, Win Bonus=0.0
[2026-05-22 10:25:51] SCORE HelloWorld (gray0): Final=0.0, Time=0.0, Moves(0)=0.0, Pins(0)=0.0, Dist=0.0, Win Bonus=0.0
[2026-05-22 10:25:51] SCORE Group 16 (red): Final=285.9, Time=99.9, Moves(2)=0.0, Pins(0)=0.0, Dist=186.0, Win Bonus=0.0
[2026-05-22 10:25:51] ALL WRONG MOVES BY COLOUR: {'gray0': ['2 (turn timeout)', '5 (turn timeout)']}
[2026-05-22 10:25:51] MOVE 7: Gruppe 69 (lawn green) 33->52 [0.00ms]
[2026-05-22 10:25:51] SCORE Gruppe 69 (lawn green): Final=293.8, Time=99.8, Moves(3)=0.0, Pins(0)=0.0, Dist=194.0, Win Bonus=0.0
[2026-05-22 10:25:51] SCORE HelloWorld (gray0): Final=0.0, Time=0.0, Moves(0)=0.0, Pins(0)=0.0, Dist=0.0, Win Bonus=0.0
[2026-05-22 10:25:51] SCORE Group 16 (red): Final=285.9, Time=99.9, Moves(2)=0.0, Pins(0)=0.0, Dist=186.0, Win Bonus=0.0
[2026-05-22 10:25:51] ALL WRONG MOVES BY COLOUR: {'gray0': ['2 (turn timeout)', '5 (turn timeout)']}
[2026-05-22 10:25:51] MOVE 8: HelloWorld (gray0) 65->56 [0.00ms]
[2026-05-22 10:25:51] SCORE Gruppe 69 (lawn green): Final=293.8, Time=99.8, Moves(3)=0.0, Pins(0)=0.0, Dist=194.0, Win Bonus=0.0
[2026-05-22 10:25:51] SCORE HelloWorld (gray0): Final=282.0, Time=100.0, Moves(1)=0.0, Pins(0)=0.0, Dist=182.0, Win Bonus=0.0
[2026-05-22 10:25:51] SCORE Group 16 (red): Final=285.9, Time=99.9, Moves(2)=0.0, Pins(0)=0.0, Dist=186.0, Win Bonus=0.0
[2026-05-22 10:25:51] ALL WRONG MOVES BY COLOUR: {'gray0': ['2 (turn timeout)', '5 (turn timeout)']}
[2026-05-22 10:25:51] MOVE 9: Group 16 (red) 105->92 [0.00ms]
[2026-05-22 10:25:51] SCORE Gruppe 69 (lawn green): Final=293.8, Time=99.8, Moves(3)=0.0, Pins(0)=0.0, Dist=194.0, Win Bonus=0.0
[2026-05-22 10:25:51] SCORE HelloWorld (gray0): Final=282.0, Time=100.0, Moves(1)=0.0, Pins(0)=0.0, Dist=182.0, Win Bonus=0.0
[2026-05-22 10:25:51] SCORE Group 16 (red): Final=287.8, Time=99.8, Moves(3)=0.0, Pins(0)=0.0, Dist=188.0, Win Bonus=0.0
[2026-05-22 10:25:51] ALL WRONG MOVES BY COLOUR: {'gray0': ['2 (turn timeout)', '5 (turn timeout)']}
[2026-05-22 10:25:51] MOVE 10: Gruppe 69 (lawn green) 52->51 [0.00ms]
[2026-05-22 10:25:51] SCORE Gruppe 69 (lawn green): Final=295.7, Time=99.7, Moves(4)=0.0, Pins(0)=0.0, Dist=196.0, Win Bonus=0.0
[2026-05-22 10:25:51] SCORE HelloWorld (gray0): Final=282.0, Time=100.0, Moves(1)=0.0, Pins(0)=0.0, Dist=182.0, Win Bonus=0.0
[2026-05-22 10:25:51] SCORE Group 16 (red): Final=287.8, Time=99.8, Moves(3)=0.0, Pins(0)=0.0, Dist=188.0, Win Bonus=0.0
[2026-05-22 10:25:51] ALL WRONG MOVES BY COLOUR: {'gray0': ['2 (turn timeout)', '5 (turn timeout)']}
[2026-05-22 10:25:53] SCORE Gruppe 69 (lawn green): Final=295.7, Time=99.7, Moves(4)=0.0, Pins(0)=0.0, Dist=196.0, Win Bonus=0.0
[2026-05-22 10:25:53] SCORE HelloWorld (gray0): Final=282.0, Time=100.0, Moves(1)=0.0, Pins(0)=0.0, Dist=182.0, Win Bonus=0.0
[2026-05-22 10:25:53] SCORE Group 16 (red): Final=287.8, Time=99.8, Moves(3)=0.0, Pins(0)=0.0, Dist=188.0, Win Bonus=0.0
[2026-05-22 10:25:53] ALL WRONG MOVES BY COLOUR: {'gray0': ['2 (turn timeout)', '5 (turn timeout)', '11 (turn timeout)']}
[2026-05-22 10:25:53] TURN TIMEOUT: Player with colour gray0 exceeded 2s at move 11. Turn skipped.
[2026-05-22 10:25:53] MOVE 12: Group 16 (red) 119->116 [0.00ms]
[2026-05-22 10:25:53] SCORE Gruppe 69 (lawn green): Final=295.7, Time=99.7, Moves(4)=0.0, Pins(0)=0.0, Dist=196.0, Win Bonus=0.0
[2026-05-22 10:25:53] SCORE HelloWorld (gray0): Final=282.0, Time=100.0, Moves(1)=0.0, Pins(0)=0.0, Dist=182.0, Win Bonus=0.0
[2026-05-22 10:25:53] SCORE Group 16 (red): Final=289.5, Time=99.5, Moves(4)=0.0, Pins(0)=0.0, Dist=190.0, Win Bonus=0.0
[2026-05-22 10:25:53] ALL WRONG MOVES BY COLOUR: {'gray0': ['2 (turn timeout)', '5 (turn timeout)', '11 (turn timeout)']}
[2026-05-22 10:25:53] MOVE 13: Gruppe 69 (lawn green) 20->60 [0.00ms]
[2026-05-22 10:25:53] SCORE Gruppe 69 (lawn green): Final=307.6, Time=99.6, Moves(5)=0.0, Pins(0)=0.0, Dist=208.0, Win Bonus=0.0
[2026-05-22 10:25:53] SCORE HelloWorld (gray0): Final=282.0, Time=100.0, Moves(1)=0.0, Pins(0)=0.0, Dist=182.0, Win Bonus=0.0
[2026-05-22 10:25:53] SCORE Group 16 (red): Final=289.5, Time=99.5, Moves(4)=0.0, Pins(0)=0.0, Dist=190.0, Win Bonus=0.0
[2026-05-22 10:25:53] ALL WRONG MOVES BY COLOUR: {'gray0': ['2 (turn timeout)', '5 (turn timeout)', '11 (turn timeout)']}
[2026-05-22 10:25:54] MOVE 14: HelloWorld (gray0) 100->81 [0.01ms]
[2026-05-22 10:25:54] SCORE Gruppe 69 (lawn green): Final=307.6, Time=99.6, Moves(5)=0.0, Pins(0)=0.0, Dist=208.0, Win Bonus=0.0
[2026-05-22 10:25:54] SCORE HelloWorld (gray0): Final=293.8, Time=99.8, Moves(2)=0.0, Pins(0)=0.0, Dist=194.0, Win Bonus=0.0
[2026-05-22 10:25:54] SCORE Group 16 (red): Final=289.5, Time=99.5, Moves(4)=0.0, Pins(0)=0.0, Dist=190.0, Win Bonus=0.0
[2026-05-22 10:25:54] ALL WRONG MOVES BY COLOUR: {'gray0': ['2 (turn timeout)', '5 (turn timeout)', '11 (turn timeout)']}
[2026-05-22 10:25:54] MOVE 15: Group 16 (red) 117->119 [0.00ms]
[2026-05-22 10:25:54] SCORE Gruppe 69 (lawn green): Final=307.6, Time=99.6, Moves(5)=0.0, Pins(0)=0.0, Dist=208.0, Win Bonus=0.0
[2026-05-22 10:25:54] SCORE HelloWorld (gray0): Final=293.8, Time=99.8, Moves(2)=0.0, Pins(0)=0.0, Dist=194.0, Win Bonus=0.0
[2026-05-22 10:25:54] SCORE Group 16 (red): Final=287.3, Time=99.3, Moves(5)=0.0, Pins(0)=0.0, Dist=188.0, Win Bonus=0.0
[2026-05-22 10:25:54] ALL WRONG MOVES BY COLOUR: {'gray0': ['2 (turn timeout)', '5 (turn timeout)', '11 (turn timeout)']}
[2026-05-22 10:25:54] MOVE 16: Gruppe 69 (lawn green) 22->41 [0.01ms]
[2026-05-22 10:25:54] SCORE Gruppe 69 (lawn green): Final=319.4, Time=99.4, Moves(6)=0.0, Pins(0)=0.0, Dist=220.0, Win Bonus=0.0
[2026-05-22 10:25:54] SCORE HelloWorld (gray0): Final=293.8, Time=99.8, Moves(2)=0.0, Pins(0)=0.0, Dist=194.0, Win Bonus=0.0
[2026-05-22 10:25:54] SCORE Group 16 (red): Final=287.3, Time=99.3, Moves(5)=0.0, Pins(0)=0.0, Dist=188.0, Win Bonus=0.0
[2026-05-22 10:25:54] ALL WRONG MOVES BY COLOUR: {'gray0': ['2 (turn timeout)', '5 (turn timeout)', '11 (turn timeout)']}
[2026-05-22 10:25:56] SCORE Gruppe 69 (lawn green): Final=319.4, Time=99.4, Moves(6)=0.0, Pins(0)=0.0, Dist=220.0, Win Bonus=0.0
[2026-05-22 10:25:56] SCORE HelloWorld (gray0): Final=293.8, Time=99.8, Moves(2)=0.0, Pins(0)=0.0, Dist=194.0, Win Bonus=0.0
[2026-05-22 10:25:56] SCORE Group 16 (red): Final=287.3, Time=99.3, Moves(5)=0.0, Pins(0)=0.0, Dist=188.0, Win Bonus=0.0
[2026-05-22 10:25:56] ALL WRONG MOVES BY COLOUR: {'gray0': ['2 (turn timeout)', '5 (turn timeout)', '11 (turn timeout)', '17 (turn timeout)']}
[2026-05-22 10:25:56] TURN TIMEOUT: Player with colour gray0 exceeded 2s at move 17. Turn skipped.
[2026-05-22 10:25:56] MOVE 18: Group 16 (red) 111->91 [0.00ms]
[2026-05-22 10:25:56] SCORE Gruppe 69 (lawn green): Final=319.4, Time=99.4, Moves(6)=0.0, Pins(0)=0.0, Dist=220.0, Win Bonus=0.0
[2026-05-22 10:25:56] SCORE HelloWorld (gray0): Final=293.8, Time=99.8, Moves(2)=0.0, Pins(0)=0.0, Dist=194.0, Win Bonus=0.0
[2026-05-22 10:25:56] SCORE Group 16 (red): Final=291.2, Time=99.2, Moves(6)=0.0, Pins(0)=0.0, Dist=192.0, Win Bonus=0.0
[2026-05-22 10:25:56] ALL WRONG MOVES BY COLOUR: {'gray0': ['2 (turn timeout)', '5 (turn timeout)', '11 (turn timeout)', '17 (turn timeout)']}
[2026-05-22 10:25:56] MOVE 19: Gruppe 69 (lawn green) 42->59 [0.00ms]
[2026-05-22 10:25:56] SCORE Gruppe 69 (lawn green): Final=327.3, Time=99.3, Moves(7)=0.0, Pins(0)=0.0, Dist=228.0, Win Bonus=0.0
[2026-05-22 10:25:56] SCORE HelloWorld (gray0): Final=293.8, Time=99.8, Moves(2)=0.0, Pins(0)=0.0, Dist=194.0, Win Bonus=0.0
[2026-05-22 10:25:56] SCORE Group 16 (red): Final=291.2, Time=99.2, Moves(6)=0.0, Pins(0)=0.0, Dist=192.0, Win Bonus=0.0
[2026-05-22 10:25:56] ALL WRONG MOVES BY COLOUR: {'gray0': ['2 (turn timeout)', '5 (turn timeout)', '11 (turn timeout)', '17 (turn timeout)']}
[2026-05-22 10:25:58] PLAYER START: Gruppe 69 (lawn green)
[2026-05-22 10:25:58] PLAYER START: HelloWorld (gray0)
[2026-05-22 10:25:58] PLAYER START: Group 16 (red)
[2026-05-22 10:25:58] SCORE Gruppe 69 (lawn green): Final=327.3, Time=99.3, Moves(7)=0.0, Pins(0)=0.0, Dist=228.0, Win Bonus=0.0
[2026-05-22 10:25:58] SCORE HelloWorld (gray0): Final=293.8, Time=99.8, Moves(2)=0.0, Pins(0)=0.0, Dist=194.0, Win Bonus=0.0
[2026-05-22 10:25:58] SCORE Group 16 (red): Final=291.2, Time=99.2, Moves(6)=0.0, Pins(0)=0.0, Dist=192.0, Win Bonus=0.0
[2026-05-22 10:25:58] ALL WRONG MOVES BY COLOUR: {'gray0': ['2 (turn timeout)', '5 (turn timeout)', '11 (turn timeout)', '17 (turn timeout)', '20 (turn timeout)']}
[2026-05-22 10:25:58] TURN TIMEOUT: Player with colour gray0 exceeded 2s at move 20. Turn skipped.
[2026-05-22 10:25:58] MOVE 21: Group 16 (red) 116->105 [0.00ms]
[2026-05-22 10:25:58] SCORE Gruppe 69 (lawn green): Final=327.3, Time=99.3, Moves(7)=0.0, Pins(0)=0.0, Dist=228.0, Win Bonus=0.0
[2026-05-22 10:25:58] SCORE HelloWorld (gray0): Final=293.8, Time=99.8, Moves(2)=0.0, Pins(0)=0.0, Dist=194.0, Win Bonus=0.0
[2026-05-22 10:25:58] SCORE Group 16 (red): Final=295.2, Time=99.2, Moves(7)=0.0, Pins(0)=0.0, Dist=196.0, Win Bonus=0.0
[2026-05-22 10:25:58] ALL WRONG MOVES BY COLOUR: {'gray0': ['2 (turn timeout)', '5 (turn timeout)', '11 (turn timeout)', '17 (turn timeout)', '20 (turn timeout)']}
[2026-05-22 10:25:58] MOVE 22: Gruppe 69 (lawn green) 51->69 [0.00ms]
[2026-05-22 10:25:58] SCORE Gruppe 69 (lawn green): Final=331.2, Time=99.2, Moves(8)=0.0, Pins(0)=0.0, Dist=232.0, Win Bonus=0.0
[2026-05-22 10:25:58] SCORE HelloWorld (gray0): Final=293.8, Time=99.8, Moves(2)=0.0, Pins(0)=0.0, Dist=194.0, Win Bonus=0.0
[2026-05-22 10:25:58] SCORE Group 16 (red): Final=295.2, Time=99.2, Moves(7)=0.0, Pins(0)=0.0, Dist=196.0, Win Bonus=0.0
[2026-05-22 10:25:58] ALL WRONG MOVES BY COLOUR: {'gray0': ['2 (turn timeout)', '5 (turn timeout)', '11 (turn timeout)', '17 (turn timeout)', '20 (turn timeout)']}
[2026-05-22 10:25:59] MOVE 23: HelloWorld (gray0) 98->106 [0.00ms]
[2026-05-22 10:25:59] SCORE Gruppe 69 (lawn green): Final=331.2, Time=99.2, Moves(8)=0.0, Pins(0)=0.0, Dist=232.0, Win Bonus=0.0
[2026-05-22 10:25:59] SCORE HelloWorld (gray0): Final=309.0, Time=99.0, Moves(3)=0.0, Pins(0)=0.0, Dist=210.0, Win Bonus=0.0
[2026-05-22 10:25:59] SCORE Group 16 (red): Final=295.2, Time=99.2, Moves(7)=0.0, Pins(0)=0.0, Dist=196.0, Win Bonus=0.0
[2026-05-22 10:25:59] ALL WRONG MOVES BY COLOUR: {'gray0': ['2 (turn timeout)', '5 (turn timeout)', '11 (turn timeout)', '17 (turn timeout)', '20 (turn timeout)']}
[2026-05-22 10:25:59] MOVE 24: Group 16 (red) 113->93 [0.00ms]
[2026-05-22 10:25:59] SCORE Gruppe 69 (lawn green): Final=331.2, Time=99.2, Moves(8)=0.0, Pins(0)=0.0, Dist=232.0, Win Bonus=0.0
[2026-05-22 10:25:59] SCORE HelloWorld (gray0): Final=309.0, Time=99.0, Moves(3)=0.0, Pins(0)=0.0, Dist=210.0, Win Bonus=0.0
[2026-05-22 10:25:59] SCORE Group 16 (red): Final=299.1, Time=99.1, Moves(8)=0.0, Pins(0)=0.0, Dist=200.0, Win Bonus=0.0
[2026-05-22 10:25:59] ALL WRONG MOVES BY COLOUR: {'gray0': ['2 (turn timeout)', '5 (turn timeout)', '11 (turn timeout)', '17 (turn timeout)', '20 (turn timeout)']}
[2026-05-22 10:25:59] MOVE 25: Gruppe 69 (lawn green) 60->98 [0.00ms]
[2026-05-22 10:25:59] SCORE Gruppe 69 (lawn green): Final=441.1, Time=99.1, Moves(9)=0.0, Pins(1)=100.0, Dist=242.0, Win Bonus=0.0
[2026-05-22 10:25:59] SCORE HelloWorld (gray0): Final=309.0, Time=99.0, Moves(3)=0.0, Pins(0)=0.0, Dist=210.0, Win Bonus=0.0
[2026-05-22 10:25:59] SCORE Group 16 (red): Final=299.1, Time=99.1, Moves(8)=0.0, Pins(0)=0.0, Dist=200.0, Win Bonus=0.0
[2026-05-22 10:25:59] ALL WRONG MOVES BY COLOUR: {'gray0': ['2 (turn timeout)', '5 (turn timeout)', '11 (turn timeout)', '17 (turn timeout)', '20 (turn timeout)']}
[2026-05-22 10:26:00] MOVE 26: HelloWorld (gray0) 75->60 [0.00ms]
[2026-05-22 10:26:00] SCORE Gruppe 69 (lawn green): Final=441.1, Time=99.1, Moves(9)=0.0, Pins(1)=100.0, Dist=242.0, Win Bonus=0.0
[2026-05-22 10:26:00] SCORE HelloWorld (gray0): Final=320.2, Time=98.2, Moves(4)=0.0, Pins(0)=0.0, Dist=222.0, Win Bonus=0.0
[2026-05-22 10:26:00] SCORE Group 16 (red): Final=299.1, Time=99.1, Moves(8)=0.0, Pins(0)=0.0, Dist=200.0, Win Bonus=0.0
[2026-05-22 10:26:00] ALL WRONG MOVES BY COLOUR: {'gray0': ['2 (turn timeout)', '5 (turn timeout)', '11 (turn timeout)', '17 (turn timeout)', '20 (turn timeout)']}
[2026-05-22 10:26:00] MOVE 27: Group 16 (red) 118->116 [0.00ms]
[2026-05-22 10:26:00] SCORE Gruppe 69 (lawn green): Final=441.1, Time=99.1, Moves(9)=0.0, Pins(1)=100.0, Dist=242.0, Win Bonus=0.0
[2026-05-22 10:26:00] SCORE HelloWorld (gray0): Final=320.2, Time=98.2, Moves(4)=0.0, Pins(0)=0.0, Dist=222.0, Win Bonus=0.0
[2026-05-22 10:26:00] SCORE Group 16 (red): Final=301.0, Time=99.0, Moves(9)=0.0, Pins(0)=0.0, Dist=202.0, Win Bonus=0.0
[2026-05-22 10:26:00] ALL WRONG MOVES BY COLOUR: {'gray0': ['2 (turn timeout)', '5 (turn timeout)', '11 (turn timeout)', '17 (turn timeout)', '20 (turn timeout)']}
[2026-05-22 10:26:00] MOVE 28: Gruppe 69 (lawn green) 59->68 [0.01ms]
[2026-05-22 10:26:00] SCORE Gruppe 69 (lawn green): Final=443.0, Time=99.0, Moves(10)=0.0, Pins(1)=100.0, Dist=244.0, Win Bonus=0.0
[2026-05-22 10:26:00] SCORE HelloWorld (gray0): Final=320.2, Time=98.2, Moves(4)=0.0, Pins(0)=0.0, Dist=222.0, Win Bonus=0.0
[2026-05-22 10:26:00] SCORE Group 16 (red): Final=301.0, Time=99.0, Moves(9)=0.0, Pins(0)=0.0, Dist=202.0, Win Bonus=0.0
[2026-05-22 10:26:00] ALL WRONG MOVES BY COLOUR: {'gray0': ['2 (turn timeout)', '5 (turn timeout)', '11 (turn timeout)', '17 (turn timeout)', '20 (turn timeout)']}
[2026-05-22 10:26:01] MOVE 29: HelloWorld (gray0) 81->75 [0.01ms]
[2026-05-22 10:26:01] SCORE Gruppe 69 (lawn green): Final=443.0, Time=99.0, Moves(10)=0.0, Pins(1)=100.0, Dist=244.0, Win Bonus=0.0
[2026-05-22 10:26:01] SCORE HelloWorld (gray0): Final=308.1, Time=98.1, Moves(5)=0.0, Pins(0)=0.0, Dist=210.0, Win Bonus=0.0
[2026-05-22 10:26:01] SCORE Group 16 (red): Final=301.0, Time=99.0, Moves(9)=0.0, Pins(0)=0.0, Dist=202.0, Win Bonus=0.0
[2026-05-22 10:26:01] ALL WRONG MOVES BY COLOUR: {'gray0': ['2 (turn timeout)', '5 (turn timeout)', '11 (turn timeout)', '17 (turn timeout)', '20 (turn timeout)']}
[2026-05-22 10:26:01] MOVE 30: Group 16 (red) 120->117 [0.00ms]
[2026-05-22 10:26:01] SCORE Gruppe 69 (lawn green): Final=443.0, Time=99.0, Moves(10)=0.0, Pins(1)=100.0, Dist=244.0, Win Bonus=0.0
[2026-05-22 10:26:01] SCORE HelloWorld (gray0): Final=308.1, Time=98.1, Moves(5)=0.0, Pins(0)=0.0, Dist=210.0, Win Bonus=0.0
[2026-05-22 10:26:01] SCORE Group 16 (red): Final=304.9, Time=98.9, Moves(10)=0.0, Pins(0)=0.0, Dist=206.0, Win Bonus=0.0
[2026-05-22 10:26:01] ALL WRONG MOVES BY COLOUR: {'gray0': ['2 (turn timeout)', '5 (turn timeout)', '11 (turn timeout)', '17 (turn timeout)', '20 (turn timeout)']}
[2026-05-22 10:26:01] MOVE 31: Gruppe 69 (lawn green) 69->67 [0.00ms]
[2026-05-22 10:26:01] SCORE Gruppe 69 (lawn green): Final=446.9, Time=98.9, Moves(11)=0.0, Pins(1)=100.0, Dist=248.0, Win Bonus=0.0
[2026-05-22 10:26:01] SCORE HelloWorld (gray0): Final=308.1, Time=98.1, Moves(5)=0.0, Pins(0)=0.0, Dist=210.0, Win Bonus=0.0
[2026-05-22 10:26:01] SCORE Group 16 (red): Final=304.9, Time=98.9, Moves(10)=0.0, Pins(0)=0.0, Dist=206.0, Win Bonus=0.0
[2026-05-22 10:26:01] ALL WRONG MOVES BY COLOUR: {'gray0': ['2 (turn timeout)', '5 (turn timeout)', '11 (turn timeout)', '17 (turn timeout)', '20 (turn timeout)']}
[2026-05-22 10:26:01] MOVE 32: HelloWorld (gray0) 75->81 [0.00ms]
[2026-05-22 10:26:01] SCORE Gruppe 69 (lawn green): Final=446.9, Time=98.9, Moves(11)=0.0, Pins(1)=100.0, Dist=248.0, Win Bonus=0.0
[2026-05-22 10:26:01] SCORE HelloWorld (gray0): Final=319.4, Time=97.4, Moves(6)=0.0, Pins(0)=0.0, Dist=222.0, Win Bonus=0.0
[2026-05-22 10:26:01] SCORE Group 16 (red): Final=304.9, Time=98.9, Moves(10)=0.0, Pins(0)=0.0, Dist=206.0, Win Bonus=0.0
[2026-05-22 10:26:01] ALL WRONG MOVES BY COLOUR: {'gray0': ['2 (turn timeout)', '5 (turn timeout)', '11 (turn timeout)', '17 (turn timeout)', '20 (turn timeout)']}
[2026-05-22 10:26:02] MOVE 33: Group 16 (red) 116->112 [0.00ms]
[2026-05-22 10:26:02] SCORE Gruppe 69 (lawn green): Final=446.9, Time=98.9, Moves(11)=0.0, Pins(1)=100.0, Dist=248.0, Win Bonus=0.0
[2026-05-22 10:26:02] SCORE HelloWorld (gray0): Final=319.4, Time=97.4, Moves(6)=0.0, Pins(0)=0.0, Dist=222.0, Win Bonus=0.0
[2026-05-22 10:26:02] SCORE Group 16 (red): Final=306.7, Time=98.7, Moves(11)=0.0, Pins(0)=0.0, Dist=208.0, Win Bonus=0.0
[2026-05-22 10:26:02] ALL WRONG MOVES BY COLOUR: {'gray0': ['2 (turn timeout)', '5 (turn timeout)', '11 (turn timeout)', '17 (turn timeout)', '20 (turn timeout)']}
[2026-05-22 10:26:02] MOVE 34: Gruppe 69 (lawn green) 68->66 [0.00ms]
[2026-05-22 10:26:02] SCORE Gruppe 69 (lawn green): Final=450.8, Time=98.8, Moves(12)=0.0, Pins(1)=100.0, Dist=252.0, Win Bonus=0.0
[2026-05-22 10:26:02] SCORE HelloWorld (gray0): Final=319.4, Time=97.4, Moves(6)=0.0, Pins(0)=0.0, Dist=222.0, Win Bonus=0.0
[2026-05-22 10:26:02] SCORE Group 16 (red): Final=306.7, Time=98.7, Moves(11)=0.0, Pins(0)=0.0, Dist=208.0, Win Bonus=0.0
[2026-05-22 10:26:02] ALL WRONG MOVES BY COLOUR: {'gray0': ['2 (turn timeout)', '5 (turn timeout)', '11 (turn timeout)', '17 (turn timeout)', '20 (turn timeout)']}
[2026-05-22 10:26:02] MOVE 35: HelloWorld (gray0) 56->79 [0.00ms]
[2026-05-22 10:26:02] SCORE Gruppe 69 (lawn green): Final=450.8, Time=98.8, Moves(12)=0.0, Pins(1)=100.0, Dist=252.0, Win Bonus=0.0
[2026-05-22 10:26:02] SCORE HelloWorld (gray0): Final=322.6, Time=96.6, Moves(7)=0.0, Pins(0)=0.0, Dist=226.0, Win Bonus=0.0
[2026-05-22 10:26:02] SCORE Group 16 (red): Final=306.7, Time=98.7, Moves(11)=0.0, Pins(0)=0.0, Dist=208.0, Win Bonus=0.0
[2026-05-22 10:26:02] ALL WRONG MOVES BY COLOUR: {'gray0': ['2 (turn timeout)', '5 (turn timeout)', '11 (turn timeout)', '17 (turn timeout)', '20 (turn timeout)']}
[2026-05-22 10:26:03] MOVE 36: Group 16 (red) 112->51 [0.00ms]
[2026-05-22 10:26:03] SCORE Gruppe 69 (lawn green): Final=450.8, Time=98.8, Moves(12)=0.0, Pins(1)=100.0, Dist=252.0, Win Bonus=0.0
[2026-05-22 10:26:03] SCORE HelloWorld (gray0): Final=322.6, Time=96.6, Moves(7)=0.0, Pins(0)=0.0, Dist=226.0, Win Bonus=0.0
[2026-05-22 10:26:03] SCORE Group 16 (red): Final=318.6, Time=98.6, Moves(12)=0.0, Pins(0)=0.0, Dist=220.0, Win Bonus=0.0
[2026-05-22 10:26:03] ALL WRONG MOVES BY COLOUR: {'gray0': ['2 (turn timeout)', '5 (turn timeout)', '11 (turn timeout)', '17 (turn timeout)', '20 (turn timeout)']}
[2026-05-22 10:26:03] MOVE 37: Gruppe 69 (lawn green) 67->65 [0.00ms]
[2026-05-22 10:26:03] SCORE Gruppe 69 (lawn green): Final=554.7, Time=98.7, Moves(13)=0.0, Pins(2)=200.0, Dist=256.0, Win Bonus=0.0
[2026-05-22 10:26:03] SCORE HelloWorld (gray0): Final=322.6, Time=96.6, Moves(7)=0.0, Pins(0)=0.0, Dist=226.0, Win Bonus=0.0
[2026-05-22 10:26:03] SCORE Group 16 (red): Final=318.6, Time=98.6, Moves(12)=0.0, Pins(0)=0.0, Dist=220.0, Win Bonus=0.0
[2026-05-22 10:26:03] ALL WRONG MOVES BY COLOUR: {'gray0': ['2 (turn timeout)', '5 (turn timeout)', '11 (turn timeout)', '17 (turn timeout)', '20 (turn timeout)']}
[2026-05-22 10:26:03] MOVE 38: HelloWorld (gray0) 76->57 [0.00ms]
[2026-05-22 10:26:03] SCORE Gruppe 69 (lawn green): Final=554.7, Time=98.7, Moves(13)=0.0, Pins(2)=200.0, Dist=256.0, Win Bonus=0.0
[2026-05-22 10:26:03] SCORE HelloWorld (gray0): Final=326.0, Time=96.0, Moves(8)=0.0, Pins(0)=0.0, Dist=230.0, Win Bonus=0.0
[2026-05-22 10:26:03] SCORE Group 16 (red): Final=318.6, Time=98.6, Moves(12)=0.0, Pins(0)=0.0, Dist=220.0, Win Bonus=0.0
[2026-05-22 10:26:03] ALL WRONG MOVES BY COLOUR: {'gray0': ['2 (turn timeout)', '5 (turn timeout)', '11 (turn timeout)', '17 (turn timeout)', '20 (turn timeout)']}
[2026-05-22 10:26:04] MOVE 39: Group 16 (red) 117->116 [0.00ms]
[2026-05-22 10:26:04] SCORE Gruppe 69 (lawn green): Final=554.7, Time=98.7, Moves(13)=0.0, Pins(2)=200.0, Dist=256.0, Win Bonus=0.0
[2026-05-22 10:26:04] SCORE HelloWorld (gray0): Final=326.0, Time=96.0, Moves(8)=0.0, Pins(0)=0.0, Dist=230.0, Win Bonus=0.0
[2026-05-22 10:26:04] SCORE Group 16 (red): Final=318.5, Time=98.5, Moves(13)=0.0, Pins(0)=0.0, Dist=220.0, Win Bonus=0.0
[2026-05-22 10:26:04] ALL WRONG MOVES BY COLOUR: {'gray0': ['2 (turn timeout)', '5 (turn timeout)', '11 (turn timeout)', '17 (turn timeout)', '20 (turn timeout)']}
[2026-05-22 10:26:04] MOVE 40: Gruppe 69 (lawn green) 55->54 [0.00ms]
[2026-05-22 10:26:04] SCORE Gruppe 69 (lawn green): Final=556.6, Time=98.6, Moves(14)=0.0, Pins(2)=200.0, Dist=258.0, Win Bonus=0.0
[2026-05-22 10:26:04] SCORE HelloWorld (gray0): Final=326.0, Time=96.0, Moves(8)=0.0, Pins(0)=0.0, Dist=230.0, Win Bonus=0.0
[2026-05-22 10:26:04] SCORE Group 16 (red): Final=318.5, Time=98.5, Moves(13)=0.0, Pins(0)=0.0, Dist=220.0, Win Bonus=0.0
[2026-05-22 10:26:04] ALL WRONG MOVES BY COLOUR: {'gray0': ['2 (turn timeout)', '5 (turn timeout)', '11 (turn timeout)', '17 (turn timeout)', '20 (turn timeout)']}
[2026-05-22 10:26:04] MOVE 41: HelloWorld (gray0) 79->69 [0.00ms]
[2026-05-22 10:26:04] SCORE Gruppe 69 (lawn green): Final=556.6, Time=98.6, Moves(14)=0.0, Pins(2)=200.0, Dist=258.0, Win Bonus=0.0
[2026-05-22 10:26:04] SCORE HelloWorld (gray0): Final=327.2, Time=95.2, Moves(9)=0.0, Pins(0)=0.0, Dist=232.0, Win Bonus=0.0
[2026-05-22 10:26:04] SCORE Group 16 (red): Final=318.5, Time=98.5, Moves(13)=0.0, Pins(0)=0.0, Dist=220.0, Win Bonus=0.0
[2026-05-22 10:26:04] ALL WRONG MOVES BY COLOUR: {'gray0': ['2 (turn timeout)', '5 (turn timeout)', '11 (turn timeout)', '17 (turn timeout)', '20 (turn timeout)']}
[2026-05-22 10:26:04] MOVE 42: Group 16 (red) 116->112 [0.00ms]
[2026-05-22 10:26:04] SCORE Gruppe 69 (lawn green): Final=556.6, Time=98.6, Moves(14)=0.0, Pins(2)=200.0, Dist=258.0, Win Bonus=0.0
[2026-05-22 10:26:04] SCORE HelloWorld (gray0): Final=327.2, Time=95.2, Moves(9)=0.0, Pins(0)=0.0, Dist=232.0, Win Bonus=0.0
[2026-05-22 10:26:04] SCORE Group 16 (red): Final=320.4, Time=98.4, Moves(14)=0.0, Pins(0)=0.0, Dist=222.0, Win Bonus=0.0
[2026-05-22 10:26:04] ALL WRONG MOVES BY COLOUR: {'gray0': ['2 (turn timeout)', '5 (turn timeout)', '11 (turn timeout)', '17 (turn timeout)', '20 (turn timeout)']}
[2026-05-22 10:26:05] MOVE 43: Gruppe 69 (lawn green) 32->53 [0.00ms]
[2026-05-22 10:26:05] SCORE Gruppe 69 (lawn green): Final=560.5, Time=98.5, Moves(15)=0.0, Pins(2)=200.0, Dist=262.0, Win Bonus=0.0
[2026-05-22 10:26:05] SCORE HelloWorld (gray0): Final=327.2, Time=95.2, Moves(9)=0.0, Pins(0)=0.0, Dist=232.0, Win Bonus=0.0
[2026-05-22 10:26:05] SCORE Group 16 (red): Final=320.4, Time=98.4, Moves(14)=0.0, Pins(0)=0.0, Dist=222.0, Win Bonus=0.0
[2026-05-22 10:26:05] ALL WRONG MOVES BY COLOUR: {'gray0': ['2 (turn timeout)', '5 (turn timeout)', '11 (turn timeout)', '17 (turn timeout)', '20 (turn timeout)']}
[2026-05-22 10:26:05] MOVE 44: HelloWorld (gray0) 60->61 [0.01ms]
[2026-05-22 10:26:05] SCORE Gruppe 69 (lawn green): Final=560.5, Time=98.5, Moves(15)=0.0, Pins(2)=200.0, Dist=262.0, Win Bonus=0.0
[2026-05-22 10:26:05] SCORE HelloWorld (gray0): Final=328.4, Time=94.4, Moves(10)=0.0, Pins(0)=0.0, Dist=234.0, Win Bonus=0.0
[2026-05-22 10:26:05] SCORE Group 16 (red): Final=320.4, Time=98.4, Moves(14)=0.0, Pins(0)=0.0, Dist=222.0, Win Bonus=0.0
[2026-05-22 10:26:05] ALL WRONG MOVES BY COLOUR: {'gray0': ['2 (turn timeout)', '5 (turn timeout)', '11 (turn timeout)', '17 (turn timeout)', '20 (turn timeout)']}
[2026-05-22 10:26:06] MOVE 45: Group 16 (red) 115->79 [0.01ms]
[2026-05-22 10:26:06] SCORE Gruppe 69 (lawn green): Final=560.5, Time=98.5, Moves(15)=0.0, Pins(2)=200.0, Dist=262.0, Win Bonus=0.0
[2026-05-22 10:26:06] SCORE HelloWorld (gray0): Final=328.4, Time=94.4, Moves(10)=0.0, Pins(0)=0.0, Dist=234.0, Win Bonus=0.0
[2026-05-22 10:26:06] SCORE Group 16 (red): Final=328.3, Time=98.3, Moves(15)=0.0, Pins(0)=0.0, Dist=230.0, Win Bonus=0.0
[2026-05-22 10:26:06] ALL WRONG MOVES BY COLOUR: {'gray0': ['2 (turn timeout)', '5 (turn timeout)', '11 (turn timeout)', '17 (turn timeout)', '20 (turn timeout)']}
[2026-05-22 10:26:06] MOVE 46: Gruppe 69 (lawn green) 54->68 [0.00ms]
[2026-05-22 10:26:06] SCORE Gruppe 69 (lawn green): Final=572.3, Time=98.3, Moves(16)=0.0, Pins(2)=200.0, Dist=274.0, Win Bonus=0.0
[2026-05-22 10:26:06] SCORE HelloWorld (gray0): Final=328.4, Time=94.4, Moves(10)=0.0, Pins(0)=0.0, Dist=234.0, Win Bonus=0.0
[2026-05-22 10:26:06] SCORE Group 16 (red): Final=328.3, Time=98.3, Moves(15)=0.0, Pins(0)=0.0, Dist=230.0, Win Bonus=0.0
[2026-05-22 10:26:06] ALL WRONG MOVES BY COLOUR: {'gray0': ['2 (turn timeout)', '5 (turn timeout)', '11 (turn timeout)', '17 (turn timeout)', '20 (turn timeout)']}
[2026-05-22 10:26:06] MOVE 47: HelloWorld (gray0) 61->42 [0.00ms]
[2026-05-22 10:26:06] SCORE Gruppe 69 (lawn green): Final=572.3, Time=98.3, Moves(16)=0.0, Pins(2)=200.0, Dist=274.0, Win Bonus=0.0
[2026-05-22 10:26:06] SCORE HelloWorld (gray0): Final=331.7, Time=93.7, Moves(11)=0.0, Pins(0)=0.0, Dist=238.0, Win Bonus=0.0
[2026-05-22 10:26:06] SCORE Group 16 (red): Final=328.3, Time=98.3, Moves(15)=0.0, Pins(0)=0.0, Dist=230.0, Win Bonus=0.0
[2026-05-22 10:26:06] ALL WRONG MOVES BY COLOUR: {'gray0': ['2 (turn timeout)', '5 (turn timeout)', '11 (turn timeout)', '17 (turn timeout)', '20 (turn timeout)']}
[2026-05-22 10:26:07] MOVE 48: Group 16 (red) 112->104 [0.00ms]
[2026-05-22 10:26:07] SCORE Gruppe 69 (lawn green): Final=572.3, Time=98.3, Moves(16)=0.0, Pins(2)=200.0, Dist=274.0, Win Bonus=0.0
[2026-05-22 10:26:07] SCORE HelloWorld (gray0): Final=331.7, Time=93.7, Moves(11)=0.0, Pins(0)=0.0, Dist=238.0, Win Bonus=0.0
[2026-05-22 10:26:07] SCORE Group 16 (red): Final=330.2, Time=98.2, Moves(16)=0.0, Pins(0)=0.0, Dist=232.0, Win Bonus=0.0
[2026-05-22 10:26:07] ALL WRONG MOVES BY COLOUR: {'gray0': ['2 (turn timeout)', '5 (turn timeout)', '11 (turn timeout)', '17 (turn timeout)', '20 (turn timeout)']}
[2026-05-22 10:26:07] MOVE 49: Gruppe 69 (lawn green) 41->60 [0.00ms]
[2026-05-22 10:26:07] SCORE Gruppe 69 (lawn green): Final=576.1, Time=98.1, Moves(17)=0.0, Pins(2)=200.0, Dist=278.0, Win Bonus=0.0
[2026-05-22 10:26:07] SCORE HelloWorld (gray0): Final=331.7, Time=93.7, Moves(11)=0.0, Pins(0)=0.0, Dist=238.0, Win Bonus=0.0
[2026-05-22 10:26:07] SCORE Group 16 (red): Final=330.2, Time=98.2, Moves(16)=0.0, Pins(0)=0.0, Dist=232.0, Win Bonus=0.0
[2026-05-22 10:26:07] ALL WRONG MOVES BY COLOUR: {'gray0': ['2 (turn timeout)', '5 (turn timeout)', '11 (turn timeout)', '17 (turn timeout)', '20 (turn timeout)']}
[2026-05-22 10:26:07] MOVE 50: HelloWorld (gray0) 87->89 [0.00ms]
[2026-05-22 10:26:07] SCORE Gruppe 69 (lawn green): Final=576.1, Time=98.1, Moves(17)=0.0, Pins(2)=200.0, Dist=278.0, Win Bonus=0.0
[2026-05-22 10:26:07] SCORE HelloWorld (gray0): Final=334.9, Time=92.9, Moves(12)=0.0, Pins(0)=0.0, Dist=242.0, Win Bonus=0.0
[2026-05-22 10:26:07] SCORE Group 16 (red): Final=330.2, Time=98.2, Moves(16)=0.0, Pins(0)=0.0, Dist=232.0, Win Bonus=0.0
[2026-05-22 10:26:07] ALL WRONG MOVES BY COLOUR: {'gray0': ['2 (turn timeout)', '5 (turn timeout)', '11 (turn timeout)', '17 (turn timeout)', '20 (turn timeout)']}
[2026-05-22 10:26:08] MOVE 51: Group 16 (red) 119->116 [0.01ms]
[2026-05-22 10:26:08] SCORE Gruppe 69 (lawn green): Final=576.1, Time=98.1, Moves(17)=0.0, Pins(2)=200.0, Dist=278.0, Win Bonus=0.0
[2026-05-22 10:26:08] SCORE HelloWorld (gray0): Final=334.9, Time=92.9, Moves(12)=0.0, Pins(0)=0.0, Dist=242.0, Win Bonus=0.0
[2026-05-22 10:26:08] SCORE Group 16 (red): Final=332.1, Time=98.1, Moves(17)=0.0, Pins(0)=0.0, Dist=234.0, Win Bonus=0.0
[2026-05-22 10:26:08] ALL WRONG MOVES BY COLOUR: {'gray0': ['2 (turn timeout)', '5 (turn timeout)', '11 (turn timeout)', '17 (turn timeout)', '20 (turn timeout)']}
[2026-05-22 10:26:08] MOVE 52: Gruppe 69 (lawn green) 66->76 [0.00ms]
[2026-05-22 10:26:08] SCORE Gruppe 69 (lawn green): Final=678.1, Time=98.1, Moves(18)=0.0, Pins(3)=300.0, Dist=280.0, Win Bonus=0.0
[2026-05-22 10:26:08] SCORE HelloWorld (gray0): Final=334.9, Time=92.9, Moves(12)=0.0, Pins(0)=0.0, Dist=242.0, Win Bonus=0.0
[2026-05-22 10:26:08] SCORE Group 16 (red): Final=332.1, Time=98.1, Moves(17)=0.0, Pins(0)=0.0, Dist=234.0, Win Bonus=0.0
[2026-05-22 10:26:08] ALL WRONG MOVES BY COLOUR: {'gray0': ['2 (turn timeout)', '5 (turn timeout)', '11 (turn timeout)', '17 (turn timeout)', '20 (turn timeout)']}
[2026-05-22 10:26:09] MOVE 53: HelloWorld (gray0) 101->61 [0.00ms]
[2026-05-22 10:26:09] SCORE Gruppe 69 (lawn green): Final=678.1, Time=98.1, Moves(18)=0.0, Pins(3)=300.0, Dist=280.0, Win Bonus=0.0
[2026-05-22 10:26:09] SCORE HelloWorld (gray0): Final=345.9, Time=91.9, Moves(13)=0.0, Pins(0)=0.0, Dist=254.0, Win Bonus=0.0
[2026-05-22 10:26:09] SCORE Group 16 (red): Final=332.1, Time=98.1, Moves(17)=0.0, Pins(0)=0.0, Dist=234.0, Win Bonus=0.0
[2026-05-22 10:26:09] ALL WRONG MOVES BY COLOUR: {'gray0': ['2 (turn timeout)', '5 (turn timeout)', '11 (turn timeout)', '17 (turn timeout)', '20 (turn timeout)']}
[2026-05-22 10:26:09] MOVE 54: Group 16 (red) 116->113 [0.00ms]
[2026-05-22 10:26:09] SCORE Gruppe 69 (lawn green): Final=678.1, Time=98.1, Moves(18)=0.0, Pins(3)=300.0, Dist=280.0, Win Bonus=0.0
[2026-05-22 10:26:09] SCORE HelloWorld (gray0): Final=345.9, Time=91.9, Moves(13)=0.0, Pins(0)=0.0, Dist=254.0, Win Bonus=0.0
[2026-05-22 10:26:09] SCORE Group 16 (red): Final=333.9, Time=97.9, Moves(18)=0.0, Pins(0)=0.0, Dist=236.0, Win Bonus=0.0
[2026-05-22 10:26:09] ALL WRONG MOVES BY COLOUR: {'gray0': ['2 (turn timeout)', '5 (turn timeout)', '11 (turn timeout)', '17 (turn timeout)', '20 (turn timeout)']}
[2026-05-22 10:26:09] MOVE 55: Gruppe 69 (lawn green) 44->43 [0.00ms]
[2026-05-22 10:26:09] SCORE Gruppe 69 (lawn green): Final=680.0, Time=98.0, Moves(19)=0.0, Pins(3)=300.0, Dist=282.0, Win Bonus=0.0
[2026-05-22 10:26:09] SCORE HelloWorld (gray0): Final=345.9, Time=91.9, Moves(13)=0.0, Pins(0)=0.0, Dist=254.0, Win Bonus=0.0
[2026-05-22 10:26:09] SCORE Group 16 (red): Final=333.9, Time=97.9, Moves(18)=0.0, Pins(0)=0.0, Dist=236.0, Win Bonus=0.0
[2026-05-22 10:26:09] ALL WRONG MOVES BY COLOUR: {'gray0': ['2 (turn timeout)', '5 (turn timeout)', '11 (turn timeout)', '17 (turn timeout)', '20 (turn timeout)']}
[2026-05-22 10:26:10] MOVE 56: HelloWorld (gray0) 89->48 [0.00ms]
[2026-05-22 10:26:10] SCORE Gruppe 69 (lawn green): Final=680.0, Time=98.0, Moves(19)=0.0, Pins(3)=300.0, Dist=282.0, Win Bonus=0.0
[2026-05-22 10:26:10] SCORE HelloWorld (gray0): Final=349.3, Time=91.3, Moves(14)=0.0, Pins(0)=0.0, Dist=258.0, Win Bonus=0.0
[2026-05-22 10:26:10] SCORE Group 16 (red): Final=333.9, Time=97.9, Moves(18)=0.0, Pins(0)=0.0, Dist=236.0, Win Bonus=0.0
[2026-05-22 10:26:10] ALL WRONG MOVES BY COLOUR: {'gray0': ['2 (turn timeout)', '5 (turn timeout)', '11 (turn timeout)', '17 (turn timeout)', '20 (turn timeout)']}
[2026-05-22 10:26:10] MOVE 57: Group 16 (red) 114->90 [0.00ms]
[2026-05-22 10:26:10] SCORE Gruppe 69 (lawn green): Final=680.0, Time=98.0, Moves(19)=0.0, Pins(3)=300.0, Dist=282.0, Win Bonus=0.0
[2026-05-22 10:26:10] SCORE HelloWorld (gray0): Final=349.3, Time=91.3, Moves(14)=0.0, Pins(0)=0.0, Dist=258.0, Win Bonus=0.0
[2026-05-22 10:26:10] SCORE Group 16 (red): Final=337.8, Time=97.8, Moves(19)=0.0, Pins(0)=0.0, Dist=240.0, Win Bonus=0.0
[2026-05-22 10:26:10] ALL WRONG MOVES BY COLOUR: {'gray0': ['2 (turn timeout)', '5 (turn timeout)', '11 (turn timeout)', '17 (turn timeout)', '20 (turn timeout)']}
[2026-05-22 10:26:10] MOVE 58: Gruppe 69 (lawn green) 43->41 [0.00ms]
[2026-05-22 10:26:10] SCORE Gruppe 69 (lawn green): Final=683.9, Time=97.9, Moves(20)=0.0, Pins(3)=300.0, Dist=286.0, Win Bonus=0.0
[2026-05-22 10:26:10] SCORE HelloWorld (gray0): Final=349.3, Time=91.3, Moves(14)=0.0, Pins(0)=0.0, Dist=258.0, Win Bonus=0.0
[2026-05-22 10:26:10] SCORE Group 16 (red): Final=337.8, Time=97.8, Moves(19)=0.0, Pins(0)=0.0, Dist=240.0, Win Bonus=0.0
[2026-05-22 10:26:10] ALL WRONG MOVES BY COLOUR: {'gray0': ['2 (turn timeout)', '5 (turn timeout)', '11 (turn timeout)', '17 (turn timeout)', '20 (turn timeout)']}
[2026-05-22 10:26:11] MOVE 59: HelloWorld (gray0) 57->38 [0.00ms]
[2026-05-22 10:26:11] SCORE Gruppe 69 (lawn green): Final=683.9, Time=97.9, Moves(20)=0.0, Pins(3)=300.0, Dist=286.0, Win Bonus=0.0
[2026-05-22 10:26:11] SCORE HelloWorld (gray0): Final=352.2, Time=90.2, Moves(15)=0.0, Pins(0)=0.0, Dist=262.0, Win Bonus=0.0
[2026-05-22 10:26:11] SCORE Group 16 (red): Final=337.8, Time=97.8, Moves(19)=0.0, Pins(0)=0.0, Dist=240.0, Win Bonus=0.0
[2026-05-22 10:26:11] ALL WRONG MOVES BY COLOUR: {'gray0': ['2 (turn timeout)', '5 (turn timeout)', '11 (turn timeout)', '17 (turn timeout)', '20 (turn timeout)']}
[2026-05-22 10:26:11] MOVE 60: Group 16 (red) 113->114 [0.00ms]
[2026-05-22 10:26:11] SCORE Gruppe 69 (lawn green): Final=683.9, Time=97.9, Moves(20)=0.0, Pins(3)=300.0, Dist=286.0, Win Bonus=0.0
[2026-05-22 10:26:11] SCORE HelloWorld (gray0): Final=352.2, Time=90.2, Moves(15)=0.0, Pins(0)=0.0, Dist=262.0, Win Bonus=0.0
[2026-05-22 10:26:11] SCORE Group 16 (red): Final=337.7, Time=97.7, Moves(20)=0.0, Pins(0)=0.0, Dist=240.0, Win Bonus=0.0
[2026-05-22 10:26:11] ALL WRONG MOVES BY COLOUR: {'gray0': ['2 (turn timeout)', '5 (turn timeout)', '11 (turn timeout)', '17 (turn timeout)', '20 (turn timeout)']}
[2026-05-22 10:26:11] MOVE 61: Gruppe 69 (lawn green) 34->33 [0.00ms]
[2026-05-22 10:26:11] SCORE Gruppe 69 (lawn green): Final=685.8, Time=97.8, Moves(21)=0.0, Pins(3)=300.0, Dist=288.0, Win Bonus=0.0
[2026-05-22 10:26:11] SCORE HelloWorld (gray0): Final=352.2, Time=90.2, Moves(15)=0.0, Pins(0)=0.0, Dist=262.0, Win Bonus=0.0
[2026-05-22 10:26:11] SCORE Group 16 (red): Final=337.7, Time=97.7, Moves(20)=0.0, Pins(0)=0.0, Dist=240.0, Win Bonus=0.0
[2026-05-22 10:26:11] ALL WRONG MOVES BY COLOUR: {'gray0': ['2 (turn timeout)', '5 (turn timeout)', '11 (turn timeout)', '17 (turn timeout)', '20 (turn timeout)']}
[2026-05-22 10:26:12] MOVE 62: HelloWorld (gray0) 48->27 [0.00ms]
[2026-05-22 10:26:12] SCORE Gruppe 69 (lawn green): Final=685.8, Time=97.8, Moves(21)=0.0, Pins(3)=300.0, Dist=288.0, Win Bonus=0.0
[2026-05-22 10:26:12] SCORE HelloWorld (gray0): Final=355.4, Time=89.4, Moves(16)=0.0, Pins(0)=0.0, Dist=266.0, Win Bonus=0.0
[2026-05-22 10:26:12] SCORE Group 16 (red): Final=337.7, Time=97.7, Moves(20)=0.0, Pins(0)=0.0, Dist=240.0, Win Bonus=0.0
[2026-05-22 10:26:12] ALL WRONG MOVES BY COLOUR: {'gray0': ['2 (turn timeout)', '5 (turn timeout)', '11 (turn timeout)', '17 (turn timeout)', '20 (turn timeout)']}
[2026-05-22 10:26:12] MOVE 63: Group 16 (red) 114->94 [0.00ms]
[2026-05-22 10:26:12] SCORE Gruppe 69 (lawn green): Final=685.8, Time=97.8, Moves(21)=0.0, Pins(3)=300.0, Dist=288.0, Win Bonus=0.0
[2026-05-22 10:26:12] SCORE HelloWorld (gray0): Final=355.4, Time=89.4, Moves(16)=0.0, Pins(0)=0.0, Dist=266.0, Win Bonus=0.0
[2026-05-22 10:26:12] SCORE Group 16 (red): Final=341.6, Time=97.6, Moves(21)=0.0, Pins(0)=0.0, Dist=244.0, Win Bonus=0.0
[2026-05-22 10:26:12] ALL WRONG MOVES BY COLOUR: {'gray0': ['2 (turn timeout)', '5 (turn timeout)', '11 (turn timeout)', '17 (turn timeout)', '20 (turn timeout)']}
[2026-05-22 10:26:12] MOVE 64: Gruppe 69 (lawn green) 21->44 [0.00ms]
[2026-05-22 10:26:12] SCORE Gruppe 69 (lawn green): Final=689.7, Time=97.7, Moves(22)=0.0, Pins(3)=300.0, Dist=292.0, Win Bonus=0.0
[2026-05-22 10:26:12] SCORE HelloWorld (gray0): Final=355.4, Time=89.4, Moves(16)=0.0, Pins(0)=0.0, Dist=266.0, Win Bonus=0.0
[2026-05-22 10:26:12] SCORE Group 16 (red): Final=341.6, Time=97.6, Moves(21)=0.0, Pins(0)=0.0, Dist=244.0, Win Bonus=0.0
[2026-05-22 10:26:12] ALL WRONG MOVES BY COLOUR: {'gray0': ['2 (turn timeout)', '5 (turn timeout)', '11 (turn timeout)', '17 (turn timeout)', '20 (turn timeout)']}
[2026-05-22 10:26:13] MOVE 65: HelloWorld (gray0) 106->83 [0.01ms]
[2026-05-22 10:26:13] SCORE Gruppe 69 (lawn green): Final=689.7, Time=97.7, Moves(22)=0.0, Pins(3)=300.0, Dist=292.0, Win Bonus=0.0
[2026-05-22 10:26:13] SCORE HelloWorld (gray0): Final=358.4, Time=88.4, Moves(17)=0.0, Pins(0)=0.0, Dist=270.0, Win Bonus=0.0
[2026-05-22 10:26:13] SCORE Group 16 (red): Final=341.6, Time=97.6, Moves(21)=0.0, Pins(0)=0.0, Dist=244.0, Win Bonus=0.0
[2026-05-22 10:26:13] ALL WRONG MOVES BY COLOUR: {'gray0': ['2 (turn timeout)', '5 (turn timeout)', '11 (turn timeout)', '17 (turn timeout)', '20 (turn timeout)']}
[2026-05-22 10:26:13] MOVE 66: Group 16 (red) 93->29 [0.00ms]
[2026-05-22 10:26:13] SCORE Gruppe 69 (lawn green): Final=689.7, Time=97.7, Moves(22)=0.0, Pins(3)=300.0, Dist=292.0, Win Bonus=0.0
[2026-05-22 10:26:13] SCORE HelloWorld (gray0): Final=358.4, Time=88.4, Moves(17)=0.0, Pins(0)=0.0, Dist=270.0, Win Bonus=0.0
[2026-05-22 10:26:13] SCORE Group 16 (red): Final=353.6, Time=97.6, Moves(22)=0.0, Pins(0)=0.0, Dist=256.0, Win Bonus=0.0
[2026-05-22 10:26:13] ALL WRONG MOVES BY COLOUR: {'gray0': ['2 (turn timeout)', '5 (turn timeout)', '11 (turn timeout)', '17 (turn timeout)', '20 (turn timeout)']}
[2026-05-22 10:26:13] MOVE 67: Gruppe 69 (lawn green) 33->113 [0.00ms]
[2026-05-22 10:26:13] SCORE Gruppe 69 (lawn green): Final=703.6, Time=97.6, Moves(23)=0.0, Pins(3)=300.0, Dist=306.0, Win Bonus=0.0
[2026-05-22 10:26:13] SCORE HelloWorld (gray0): Final=358.4, Time=88.4, Moves(17)=0.0, Pins(0)=0.0, Dist=270.0, Win Bonus=0.0
[2026-05-22 10:26:13] SCORE Group 16 (red): Final=353.6, Time=97.6, Moves(22)=0.0, Pins(0)=0.0, Dist=256.0, Win Bonus=0.0
[2026-05-22 10:26:13] ALL WRONG MOVES BY COLOUR: {'gray0': ['2 (turn timeout)', '5 (turn timeout)', '11 (turn timeout)', '17 (turn timeout)', '20 (turn timeout)']}
[2026-05-22 10:26:13] MOVE 68: HelloWorld (gray0) 27->28 [0.00ms]
[2026-05-22 10:26:13] SCORE Gruppe 69 (lawn green): Final=703.6, Time=97.6, Moves(23)=0.0, Pins(3)=300.0, Dist=306.0, Win Bonus=0.0
[2026-05-22 10:26:13] SCORE HelloWorld (gray0): Final=360.4, Time=88.4, Moves(18)=0.0, Pins(0)=0.0, Dist=272.0, Win Bonus=0.0
[2026-05-22 10:26:13] SCORE Group 16 (red): Final=353.6, Time=97.6, Moves(22)=0.0, Pins(0)=0.0, Dist=256.0, Win Bonus=0.0
[2026-05-22 10:26:13] ALL WRONG MOVES BY COLOUR: {'gray0': ['2 (turn timeout)', '5 (turn timeout)', '11 (turn timeout)', '17 (turn timeout)', '20 (turn timeout)']}
[2026-05-22 10:26:13] MOVE 69: Group 16 (red) 91->54 [0.00ms]
[2026-05-22 10:26:13] SCORE Gruppe 69 (lawn green): Final=703.6, Time=97.6, Moves(23)=0.0, Pins(3)=300.0, Dist=306.0, Win Bonus=0.0
[2026-05-22 10:26:13] SCORE HelloWorld (gray0): Final=360.4, Time=88.4, Moves(18)=0.0, Pins(0)=0.0, Dist=272.0, Win Bonus=0.0
[2026-05-22 10:26:13] SCORE Group 16 (red): Final=361.4, Time=97.4, Moves(23)=0.0, Pins(0)=0.0, Dist=264.0, Win Bonus=0.0
[2026-05-22 10:26:13] ALL WRONG MOVES BY COLOUR: {'gray0': ['2 (turn timeout)', '5 (turn timeout)', '11 (turn timeout)', '17 (turn timeout)', '20 (turn timeout)']}
[2026-05-22 10:26:14] MOVE 70: Gruppe 69 (lawn green) 113->87 [0.00ms]
[2026-05-22 10:26:14] SCORE Gruppe 69 (lawn green): Final=811.4, Time=97.4, Moves(24)=0.0, Pins(4)=400.0, Dist=314.0, Win Bonus=0.0
[2026-05-22 10:26:14] SCORE HelloWorld (gray0): Final=360.4, Time=88.4, Moves(18)=0.0, Pins(0)=0.0, Dist=272.0, Win Bonus=0.0
[2026-05-22 10:26:14] SCORE Group 16 (red): Final=361.4, Time=97.4, Moves(23)=0.0, Pins(0)=0.0, Dist=264.0, Win Bonus=0.0
[2026-05-22 10:26:14] ALL WRONG MOVES BY COLOUR: {'gray0': ['2 (turn timeout)', '5 (turn timeout)', '11 (turn timeout)', '17 (turn timeout)', '20 (turn timeout)']}
[2026-05-22 10:26:14] MOVE 71: HelloWorld (gray0) 61->17 [0.00ms]
[2026-05-22 10:26:14] SCORE Gruppe 69 (lawn green): Final=811.4, Time=97.4, Moves(24)=0.0, Pins(4)=400.0, Dist=314.0, Win Bonus=0.0
[2026-05-22 10:26:14] SCORE HelloWorld (gray0): Final=363.5, Time=87.5, Moves(19)=0.0, Pins(0)=0.0, Dist=276.0, Win Bonus=0.0
[2026-05-22 10:26:14] SCORE Group 16 (red): Final=361.4, Time=97.4, Moves(23)=0.0, Pins(0)=0.0, Dist=264.0, Win Bonus=0.0
[2026-05-22 10:26:14] ALL WRONG MOVES BY COLOUR: {'gray0': ['2 (turn timeout)', '5 (turn timeout)', '11 (turn timeout)', '17 (turn timeout)', '20 (turn timeout)']}
[2026-05-22 10:26:14] MOVE 72: Group 16 (red) 103->40 [0.00ms]
[2026-05-22 10:26:14] SCORE Gruppe 69 (lawn green): Final=811.4, Time=97.4, Moves(24)=0.0, Pins(4)=400.0, Dist=314.0, Win Bonus=0.0
[2026-05-22 10:26:14] SCORE HelloWorld (gray0): Final=363.5, Time=87.5, Moves(19)=0.0, Pins(0)=0.0, Dist=276.0, Win Bonus=0.0
[2026-05-22 10:26:14] SCORE Group 16 (red): Final=373.3, Time=97.3, Moves(24)=0.0, Pins(0)=0.0, Dist=276.0, Win Bonus=0.0
[2026-05-22 10:26:14] ALL WRONG MOVES BY COLOUR: {'gray0': ['2 (turn timeout)', '5 (turn timeout)', '11 (turn timeout)', '17 (turn timeout)', '20 (turn timeout)']}
[2026-05-22 10:26:15] MOVE 73: Gruppe 69 (lawn green) 41->37 [0.01ms]
[2026-05-22 10:26:15] SCORE Gruppe 69 (lawn green): Final=819.2, Time=97.2, Moves(25)=0.0, Pins(4)=400.0, Dist=322.0, Win Bonus=0.0
[2026-05-22 10:26:15] SCORE HelloWorld (gray0): Final=363.5, Time=87.5, Moves(19)=0.0, Pins(0)=0.0, Dist=276.0, Win Bonus=0.0
[2026-05-22 10:26:15] SCORE Group 16 (red): Final=373.3, Time=97.3, Moves(24)=0.0, Pins(0)=0.0, Dist=276.0, Win Bonus=0.0
[2026-05-22 10:26:15] ALL WRONG MOVES BY COLOUR: {'gray0': ['2 (turn timeout)', '5 (turn timeout)', '11 (turn timeout)', '17 (turn timeout)', '20 (turn timeout)']}
[2026-05-22 10:26:15] MOVE 74: HelloWorld (gray0) 42->30 [0.01ms]
[2026-05-22 10:26:15] SCORE Gruppe 69 (lawn green): Final=819.2, Time=97.2, Moves(25)=0.0, Pins(4)=400.0, Dist=322.0, Win Bonus=0.0
[2026-05-22 10:26:15] SCORE HelloWorld (gray0): Final=363.4, Time=87.4, Moves(20)=0.0, Pins(0)=0.0, Dist=276.0, Win Bonus=0.0
[2026-05-22 10:26:15] SCORE Group 16 (red): Final=373.3, Time=97.3, Moves(24)=0.0, Pins(0)=0.0, Dist=276.0, Win Bonus=0.0
[2026-05-22 10:26:15] ALL WRONG MOVES BY COLOUR: {'gray0': ['2 (turn timeout)', '5 (turn timeout)', '11 (turn timeout)', '17 (turn timeout)', '20 (turn timeout)']}
[2026-05-22 10:26:15] MOVE 75: Group 16 (red) 54->70 [0.00ms]
[2026-05-22 10:26:15] SCORE Gruppe 69 (lawn green): Final=819.2, Time=97.2, Moves(25)=0.0, Pins(4)=400.0, Dist=322.0, Win Bonus=0.0
[2026-05-22 10:26:15] SCORE HelloWorld (gray0): Final=363.4, Time=87.4, Moves(20)=0.0, Pins(0)=0.0, Dist=276.0, Win Bonus=0.0
[2026-05-22 10:26:15] SCORE Group 16 (red): Final=369.2, Time=97.2, Moves(25)=0.0, Pins(0)=0.0, Dist=272.0, Win Bonus=0.0
[2026-05-22 10:26:15] ALL WRONG MOVES BY COLOUR: {'gray0': ['2 (turn timeout)', '5 (turn timeout)', '11 (turn timeout)', '17 (turn timeout)', '20 (turn timeout)']}
[2026-05-22 10:26:15] MOVE 76: Gruppe 69 (lawn green) 68->89 [0.00ms]
[2026-05-22 10:26:15] SCORE Gruppe 69 (lawn green): Final=823.1, Time=97.1, Moves(26)=0.0, Pins(4)=400.0, Dist=326.0, Win Bonus=0.0
[2026-05-22 10:26:15] SCORE HelloWorld (gray0): Final=363.4, Time=87.4, Moves(20)=0.0, Pins(0)=0.0, Dist=276.0, Win Bonus=0.0
[2026-05-22 10:26:15] SCORE Group 16 (red): Final=369.2, Time=97.2, Moves(25)=0.0, Pins(0)=0.0, Dist=272.0, Win Bonus=0.0
[2026-05-22 10:26:15] ALL WRONG MOVES BY COLOUR: {'gray0': ['2 (turn timeout)', '5 (turn timeout)', '11 (turn timeout)', '17 (turn timeout)', '20 (turn timeout)']}
[2026-05-22 10:26:15] MOVE 77: HelloWorld (gray0) 28->15 [0.00ms]
[2026-05-22 10:26:15] SCORE Gruppe 69 (lawn green): Final=823.1, Time=97.1, Moves(26)=0.0, Pins(4)=400.0, Dist=326.0, Win Bonus=0.0
[2026-05-22 10:26:15] SCORE HelloWorld (gray0): Final=363.3, Time=87.3, Moves(21)=0.0, Pins(0)=0.0, Dist=276.0, Win Bonus=0.0
[2026-05-22 10:26:15] SCORE Group 16 (red): Final=369.2, Time=97.2, Moves(25)=0.0, Pins(0)=0.0, Dist=272.0, Win Bonus=0.0
[2026-05-22 10:26:15] ALL WRONG MOVES BY COLOUR: {'gray0': ['2 (turn timeout)', '5 (turn timeout)', '11 (turn timeout)', '17 (turn timeout)', '20 (turn timeout)']}
[2026-05-22 10:26:15] MOVE 78: Group 16 (red) 51->41 [0.00ms]
[2026-05-22 10:26:15] SCORE Gruppe 69 (lawn green): Final=823.1, Time=97.1, Moves(26)=0.0, Pins(4)=400.0, Dist=326.0, Win Bonus=0.0
[2026-05-22 10:26:15] SCORE HelloWorld (gray0): Final=363.3, Time=87.3, Moves(21)=0.0, Pins(0)=0.0, Dist=276.0, Win Bonus=0.0
[2026-05-22 10:26:15] SCORE Group 16 (red): Final=371.1, Time=97.1, Moves(26)=0.0, Pins(0)=0.0, Dist=274.0, Win Bonus=0.0
[2026-05-22 10:26:15] ALL WRONG MOVES BY COLOUR: {'gray0': ['2 (turn timeout)', '5 (turn timeout)', '11 (turn timeout)', '17 (turn timeout)', '20 (turn timeout)']}
[2026-05-22 10:26:15] MOVE 79: Gruppe 69 (lawn green) 37->47 [0.00ms]
[2026-05-22 10:26:15] SCORE Gruppe 69 (lawn green): Final=825.0, Time=97.0, Moves(27)=0.0, Pins(4)=400.0, Dist=328.0, Win Bonus=0.0
[2026-05-22 10:26:15] SCORE HelloWorld (gray0): Final=363.3, Time=87.3, Moves(21)=0.0, Pins(0)=0.0, Dist=276.0, Win Bonus=0.0
[2026-05-22 10:26:15] SCORE Group 16 (red): Final=371.1, Time=97.1, Moves(26)=0.0, Pins(0)=0.0, Dist=274.0, Win Bonus=0.0
[2026-05-22 10:26:15] ALL WRONG MOVES BY COLOUR: {'gray0': ['2 (turn timeout)', '5 (turn timeout)', '11 (turn timeout)', '17 (turn timeout)', '20 (turn timeout)']}
[2026-05-22 10:26:17] MOVE 81: HelloWorld (gray0) 69->28 [0.00ms]
[2026-05-22 10:26:17] SCORE Gruppe 69 (lawn green): Final=825.0, Time=97.0, Moves(27)=0.0, Pins(4)=400.0, Dist=328.0, Win Bonus=0.0
[2026-05-22 10:26:17] SCORE HelloWorld (gray0): Final=366.0, Time=86.0, Moves(22)=0.0, Pins(0)=0.0, Dist=280.0, Win Bonus=0.0
[2026-05-22 10:26:17] SCORE Group 16 (red): Final=371.1, Time=97.1, Moves(26)=0.0, Pins(0)=0.0, Dist=274.0, Win Bonus=0.0
[2026-05-22 10:26:17] ALL WRONG MOVES BY COLOUR: {'gray0': ['2 (turn timeout)', '5 (turn timeout)', '11 (turn timeout)', '17 (turn timeout)', '20 (turn timeout)', '80 (illegal move)']}
[2026-05-22 10:26:17] MOVE 82: Group 16 (red) 79->16 [0.00ms]
[2026-05-22 10:26:17] SCORE Gruppe 69 (lawn green): Final=825.0, Time=97.0, Moves(27)=0.0, Pins(4)=400.0, Dist=328.0, Win Bonus=0.0
[2026-05-22 10:26:17] SCORE HelloWorld (gray0): Final=366.0, Time=86.0, Moves(22)=0.0, Pins(0)=0.0, Dist=280.0, Win Bonus=0.0
[2026-05-22 10:26:17] SCORE Group 16 (red): Final=382.9, Time=96.9, Moves(27)=0.0, Pins(0)=0.0, Dist=286.0, Win Bonus=0.0
[2026-05-22 10:26:17] ALL WRONG MOVES BY COLOUR: {'gray0': ['2 (turn timeout)', '5 (turn timeout)', '11 (turn timeout)', '17 (turn timeout)', '20 (turn timeout)', '80 (illegal move)']}
[2026-05-22 10:26:17] MOVE 83: Gruppe 69 (lawn green) 44->43 [0.00ms]
[2026-05-22 10:26:17] SCORE Gruppe 69 (lawn green): Final=826.9, Time=96.9, Moves(28)=0.0, Pins(4)=400.0, Dist=330.0, Win Bonus=0.0
[2026-05-22 10:26:17] SCORE HelloWorld (gray0): Final=366.0, Time=86.0, Moves(22)=0.0, Pins(0)=0.0, Dist=280.0, Win Bonus=0.0
[2026-05-22 10:26:17] SCORE Group 16 (red): Final=382.9, Time=96.9, Moves(27)=0.0, Pins(0)=0.0, Dist=286.0, Win Bonus=0.0
[2026-05-22 10:26:17] ALL WRONG MOVES BY COLOUR: {'gray0': ['2 (turn timeout)', '5 (turn timeout)', '11 (turn timeout)', '17 (turn timeout)', '20 (turn timeout)', '80 (illegal move)']}
[2026-05-22 10:26:18] MOVE 84: HelloWorld (gray0) 17->44 [0.00ms]
[2026-05-22 10:26:18] SCORE Gruppe 69 (lawn green): Final=826.9, Time=96.9, Moves(28)=0.0, Pins(4)=400.0, Dist=330.0, Win Bonus=0.0
[2026-05-22 10:26:18] SCORE HelloWorld (gray0): Final=469.3, Time=85.3, Moves(23)=0.0, Pins(1)=100.0, Dist=284.0, Win Bonus=0.0
[2026-05-22 10:26:18] SCORE Group 16 (red): Final=382.9, Time=96.9, Moves(27)=0.0, Pins(0)=0.0, Dist=286.0, Win Bonus=0.0
[2026-05-22 10:26:18] ALL WRONG MOVES BY COLOUR: {'gray0': ['2 (turn timeout)', '5 (turn timeout)', '11 (turn timeout)', '17 (turn timeout)', '20 (turn timeout)', '80 (illegal move)']}
[2026-05-22 10:26:18] MOVE 85: Group 16 (red) 16->8 [0.00ms]
[2026-05-22 10:26:18] SCORE Gruppe 69 (lawn green): Final=826.9, Time=96.9, Moves(28)=0.0, Pins(4)=400.0, Dist=330.0, Win Bonus=0.0
[2026-05-22 10:26:18] SCORE HelloWorld (gray0): Final=469.3, Time=85.3, Moves(23)=0.0, Pins(1)=100.0, Dist=284.0, Win Bonus=0.0
[2026-05-22 10:26:18] SCORE Group 16 (red): Final=484.8, Time=96.8, Moves(28)=0.0, Pins(1)=100.0, Dist=288.0, Win Bonus=0.0
[2026-05-22 10:26:18] ALL WRONG MOVES BY COLOUR: {'gray0': ['2 (turn timeout)', '5 (turn timeout)', '11 (turn timeout)', '17 (turn timeout)', '20 (turn timeout)', '80 (illegal move)']}
[2026-05-22 10:26:18] MOVE 86: Gruppe 69 (lawn green) 89->101 [0.00ms]
[2026-05-22 10:26:18] SCORE Gruppe 69 (lawn green): Final=928.8, Time=96.8, Moves(29)=0.0, Pins(5)=500.0, Dist=332.0, Win Bonus=0.0
[2026-05-22 10:26:18] SCORE HelloWorld (gray0): Final=469.3, Time=85.3, Moves(23)=0.0, Pins(1)=100.0, Dist=284.0, Win Bonus=0.0
[2026-05-22 10:26:18] SCORE Group 16 (red): Final=484.8, Time=96.8, Moves(28)=0.0, Pins(1)=100.0, Dist=288.0, Win Bonus=0.0
[2026-05-22 10:26:18] ALL WRONG MOVES BY COLOUR: {'gray0': ['2 (turn timeout)', '5 (turn timeout)', '11 (turn timeout)', '17 (turn timeout)', '20 (turn timeout)', '80 (illegal move)']}
[2026-05-22 10:26:18] MOVE 87: HelloWorld (gray0) 28->39 [0.00ms]
[2026-05-22 10:26:18] SCORE Gruppe 69 (lawn green): Final=928.8, Time=96.8, Moves(29)=0.0, Pins(5)=500.0, Dist=332.0, Win Bonus=0.0
[2026-05-22 10:26:18] SCORE HelloWorld (gray0): Final=467.3, Time=85.3, Moves(24)=0.0, Pins(1)=100.0, Dist=282.0, Win Bonus=0.0
[2026-05-22 10:26:18] SCORE Group 16 (red): Final=484.8, Time=96.8, Moves(28)=0.0, Pins(1)=100.0, Dist=288.0, Win Bonus=0.0
[2026-05-22 10:26:18] ALL WRONG MOVES BY COLOUR: {'gray0': ['2 (turn timeout)', '5 (turn timeout)', '11 (turn timeout)', '17 (turn timeout)', '20 (turn timeout)', '80 (illegal move)']}
[2026-05-22 10:26:18] MOVE 88: Group 16 (red) 29->33 [0.00ms]
[2026-05-22 10:26:18] SCORE Gruppe 69 (lawn green): Final=928.8, Time=96.8, Moves(29)=0.0, Pins(5)=500.0, Dist=332.0, Win Bonus=0.0
[2026-05-22 10:26:18] SCORE HelloWorld (gray0): Final=467.3, Time=85.3, Moves(24)=0.0, Pins(1)=100.0, Dist=282.0, Win Bonus=0.0
[2026-05-22 10:26:18] SCORE Group 16 (red): Final=480.8, Time=96.8, Moves(29)=0.0, Pins(1)=100.0, Dist=284.0, Win Bonus=0.0
[2026-05-22 10:26:18] ALL WRONG MOVES BY COLOUR: {'gray0': ['2 (turn timeout)', '5 (turn timeout)', '11 (turn timeout)', '17 (turn timeout)', '20 (turn timeout)', '80 (illegal move)']}
[2026-05-22 10:26:18] MOVE 89: Gruppe 69 (lawn green) 43->62 [0.00ms]
[2026-05-22 10:26:18] SCORE Gruppe 69 (lawn green): Final=932.8, Time=96.7, Moves(30)=0.1, Pins(5)=500.0, Dist=336.0, Win Bonus=0.0
[2026-05-22 10:26:18] SCORE HelloWorld (gray0): Final=467.3, Time=85.3, Moves(24)=0.0, Pins(1)=100.0, Dist=282.0, Win Bonus=0.0
[2026-05-22 10:26:18] SCORE Group 16 (red): Final=480.8, Time=96.8, Moves(29)=0.0, Pins(1)=100.0, Dist=284.0, Win Bonus=0.0
[2026-05-22 10:26:18] ALL WRONG MOVES BY COLOUR: {'gray0': ['2 (turn timeout)', '5 (turn timeout)', '11 (turn timeout)', '17 (turn timeout)', '20 (turn timeout)', '80 (illegal move)']}
[2026-05-22 10:26:19] MOVE 90: HelloWorld (gray0) 44->21 [0.00ms]
[2026-05-22 10:26:19] SCORE Gruppe 69 (lawn green): Final=932.8, Time=96.7, Moves(30)=0.1, Pins(5)=500.0, Dist=336.0, Win Bonus=0.0
[2026-05-22 10:26:19] SCORE HelloWorld (gray0): Final=466.5, Time=84.5, Moves(25)=0.0, Pins(1)=100.0, Dist=282.0, Win Bonus=0.0
[2026-05-22 10:26:19] SCORE Group 16 (red): Final=480.8, Time=96.8, Moves(29)=0.0, Pins(1)=100.0, Dist=284.0, Win Bonus=0.0
[2026-05-22 10:26:19] ALL WRONG MOVES BY COLOUR: {'gray0': ['2 (turn timeout)', '5 (turn timeout)', '11 (turn timeout)', '17 (turn timeout)', '20 (turn timeout)', '80 (illegal move)']}
[2026-05-22 10:26:19] MOVE 91: Group 16 (red) 40->4 [0.00ms]
[2026-05-22 10:26:19] SCORE Gruppe 69 (lawn green): Final=932.8, Time=96.7, Moves(30)=0.1, Pins(5)=500.0, Dist=336.0, Win Bonus=0.0
[2026-05-22 10:26:19] SCORE HelloWorld (gray0): Final=466.5, Time=84.5, Moves(25)=0.0, Pins(1)=100.0, Dist=282.0, Win Bonus=0.0
[2026-05-22 10:26:19] SCORE Group 16 (red): Final=586.7, Time=96.6, Moves(30)=0.1, Pins(2)=200.0, Dist=290.0, Win Bonus=0.0
[2026-05-22 10:26:19] ALL WRONG MOVES BY COLOUR: {'gray0': ['2 (turn timeout)', '5 (turn timeout)', '11 (turn timeout)', '17 (turn timeout)', '20 (turn timeout)', '80 (illegal move)']}
[2026-05-22 10:26:19] MOVE 92: Gruppe 69 (lawn green) 53->69 [0.00ms]
[2026-05-22 10:26:19] SCORE Gruppe 69 (lawn green): Final=940.8, Time=96.6, Moves(31)=0.2, Pins(5)=500.0, Dist=344.0, Win Bonus=0.0
[2026-05-22 10:26:19] SCORE HelloWorld (gray0): Final=466.5, Time=84.5, Moves(25)=0.0, Pins(1)=100.0, Dist=282.0, Win Bonus=0.0
[2026-05-22 10:26:19] SCORE Group 16 (red): Final=586.7, Time=96.6, Moves(30)=0.1, Pins(2)=200.0, Dist=290.0, Win Bonus=0.0
[2026-05-22 10:26:19] ALL WRONG MOVES BY COLOUR: {'gray0': ['2 (turn timeout)', '5 (turn timeout)', '11 (turn timeout)', '17 (turn timeout)', '20 (turn timeout)', '80 (illegal move)']}
[2026-05-22 10:26:20] MOVE 93: HelloWorld (gray0) 38->42 [0.00ms]
[2026-05-22 10:26:20] SCORE Gruppe 69 (lawn green): Final=940.8, Time=96.6, Moves(31)=0.2, Pins(5)=500.0, Dist=344.0, Win Bonus=0.0
[2026-05-22 10:26:20] SCORE HelloWorld (gray0): Final=473.7, Time=83.7, Moves(26)=0.0, Pins(1)=100.0, Dist=290.0, Win Bonus=0.0
[2026-05-22 10:26:20] SCORE Group 16 (red): Final=586.7, Time=96.6, Moves(30)=0.1, Pins(2)=200.0, Dist=290.0, Win Bonus=0.0
[2026-05-22 10:26:20] ALL WRONG MOVES BY COLOUR: {'gray0': ['2 (turn timeout)', '5 (turn timeout)', '11 (turn timeout)', '17 (turn timeout)', '20 (turn timeout)', '80 (illegal move)']}
[2026-05-22 10:26:20] MOVE 94: Group 16 (red) 4->1 [0.01ms]
[2026-05-22 10:26:20] SCORE Gruppe 69 (lawn green): Final=940.8, Time=96.6, Moves(31)=0.2, Pins(5)=500.0, Dist=344.0, Win Bonus=0.0
[2026-05-22 10:26:20] SCORE HelloWorld (gray0): Final=473.7, Time=83.7, Moves(26)=0.0, Pins(1)=100.0, Dist=290.0, Win Bonus=0.0
[2026-05-22 10:26:20] SCORE Group 16 (red): Final=586.6, Time=96.3, Moves(31)=0.2, Pins(2)=200.0, Dist=290.0, Win Bonus=0.0
[2026-05-22 10:26:20] ALL WRONG MOVES BY COLOUR: {'gray0': ['2 (turn timeout)', '5 (turn timeout)', '11 (turn timeout)', '17 (turn timeout)', '20 (turn timeout)', '80 (illegal move)']}
[2026-05-22 10:26:20] MOVE 95: Gruppe 69 (lawn green) 60->100 [0.00ms]
[2026-05-22 10:26:20] SCORE Gruppe 69 (lawn green): Final=1051.0, Time=96.5, Moves(32)=0.5, Pins(6)=600.0, Dist=354.0, Win Bonus=0.0
[2026-05-22 10:26:20] SCORE HelloWorld (gray0): Final=473.7, Time=83.7, Moves(26)=0.0, Pins(1)=100.0, Dist=290.0, Win Bonus=0.0
[2026-05-22 10:26:20] SCORE Group 16 (red): Final=586.6, Time=96.3, Moves(31)=0.2, Pins(2)=200.0, Dist=290.0, Win Bonus=0.0
[2026-05-22 10:26:20] ALL WRONG MOVES BY COLOUR: {'gray0': ['2 (turn timeout)', '5 (turn timeout)', '11 (turn timeout)', '17 (turn timeout)', '20 (turn timeout)', '80 (illegal move)']}
[2026-05-22 10:26:21] MOVE 96: HelloWorld (gray0) 21->22 [0.00ms]
[2026-05-22 10:26:21] SCORE Gruppe 69 (lawn green): Final=1051.0, Time=96.5, Moves(32)=0.5, Pins(6)=600.0, Dist=354.0, Win Bonus=0.0
[2026-05-22 10:26:21] SCORE HelloWorld (gray0): Final=472.8, Time=82.8, Moves(27)=0.0, Pins(1)=100.0, Dist=290.0, Win Bonus=0.0
[2026-05-22 10:26:21] SCORE Group 16 (red): Final=586.6, Time=96.3, Moves(31)=0.2, Pins(2)=200.0, Dist=290.0, Win Bonus=0.0
[2026-05-22 10:26:21] ALL WRONG MOVES BY COLOUR: {'gray0': ['2 (turn timeout)', '5 (turn timeout)', '11 (turn timeout)', '17 (turn timeout)', '20 (turn timeout)', '80 (illegal move)']}
[2026-05-22 10:26:21] MOVE 97: Group 16 (red) 1->0 [0.00ms]
[2026-05-22 10:26:21] SCORE Gruppe 69 (lawn green): Final=1051.0, Time=96.5, Moves(32)=0.5, Pins(6)=600.0, Dist=354.0, Win Bonus=0.0
[2026-05-22 10:26:21] SCORE HelloWorld (gray0): Final=472.8, Time=82.8, Moves(27)=0.0, Pins(1)=100.0, Dist=290.0, Win Bonus=0.0
[2026-05-22 10:26:21] SCORE Group 16 (red): Final=586.7, Time=96.2, Moves(32)=0.5, Pins(2)=200.0, Dist=290.0, Win Bonus=0.0
[2026-05-22 10:26:21] ALL WRONG MOVES BY COLOUR: {'gray0': ['2 (turn timeout)', '5 (turn timeout)', '11 (turn timeout)', '17 (turn timeout)', '20 (turn timeout)', '80 (illegal move)']}
[2026-05-22 10:26:21] MOVE 98: Gruppe 69 (lawn green) 19->31 [0.00ms]
[2026-05-22 10:26:21] SCORE Gruppe 69 (lawn green): Final=1053.5, Time=96.3, Moves(33)=1.1, Pins(6)=600.0, Dist=356.0, Win Bonus=0.0
[2026-05-22 10:26:21] SCORE HelloWorld (gray0): Final=472.8, Time=82.8, Moves(27)=0.0, Pins(1)=100.0, Dist=290.0, Win Bonus=0.0
[2026-05-22 10:26:21] SCORE Group 16 (red): Final=586.7, Time=96.2, Moves(32)=0.5, Pins(2)=200.0, Dist=290.0, Win Bonus=0.0
[2026-05-22 10:26:21] ALL WRONG MOVES BY COLOUR: {'gray0': ['2 (turn timeout)', '5 (turn timeout)', '11 (turn timeout)', '17 (turn timeout)', '20 (turn timeout)', '80 (illegal move)']}
[2026-05-22 10:26:21] MOVE 99: HelloWorld (gray0) 42->40 [0.00ms]
[2026-05-22 10:26:21] SCORE Gruppe 69 (lawn green): Final=1053.5, Time=96.3, Moves(33)=1.1, Pins(6)=600.0, Dist=356.0, Win Bonus=0.0
[2026-05-22 10:26:21] SCORE HelloWorld (gray0): Final=468.7, Time=82.7, Moves(28)=0.0, Pins(1)=100.0, Dist=286.0, Win Bonus=0.0
[2026-05-22 10:26:21] SCORE Group 16 (red): Final=586.7, Time=96.2, Moves(32)=0.5, Pins(2)=200.0, Dist=290.0, Win Bonus=0.0
[2026-05-22 10:26:21] ALL WRONG MOVES BY COLOUR: {'gray0': ['2 (turn timeout)', '5 (turn timeout)', '11 (turn timeout)', '17 (turn timeout)', '20 (turn timeout)', '80 (illegal move)']}
[2026-05-22 10:26:22] MOVE 100: Group 16 (red) 33->45 [0.00ms]
[2026-05-22 10:26:22] SCORE Gruppe 69 (lawn green): Final=1053.5, Time=96.3, Moves(33)=1.1, Pins(6)=600.0, Dist=356.0, Win Bonus=0.0
[2026-05-22 10:26:22] SCORE HelloWorld (gray0): Final=468.7, Time=82.7, Moves(28)=0.0, Pins(1)=100.0, Dist=286.0, Win Bonus=0.0
[2026-05-22 10:26:22] SCORE Group 16 (red): Final=585.2, Time=96.1, Moves(33)=1.1, Pins(2)=200.0, Dist=288.0, Win Bonus=0.0
[2026-05-22 10:26:22] ALL WRONG MOVES BY COLOUR: {'gray0': ['2 (turn timeout)', '5 (turn timeout)', '11 (turn timeout)', '17 (turn timeout)', '20 (turn timeout)', '80 (illegal move)']}
[2026-05-22 10:26:22] MOVE 101: Gruppe 69 (lawn green) 31->89 [0.00ms]
[2026-05-22 10:26:22] SCORE Gruppe 69 (lawn green): Final=1070.5, Time=96.2, Moves(34)=2.3, Pins(6)=600.0, Dist=372.0, Win Bonus=0.0
[2026-05-22 10:26:22] SCORE HelloWorld (gray0): Final=468.7, Time=82.7, Moves(28)=0.0, Pins(1)=100.0, Dist=286.0, Win Bonus=0.0
[2026-05-22 10:26:22] SCORE Group 16 (red): Final=585.2, Time=96.1, Moves(33)=1.1, Pins(2)=200.0, Dist=288.0, Win Bonus=0.0
[2026-05-22 10:26:22] ALL WRONG MOVES BY COLOUR: {'gray0': ['2 (turn timeout)', '5 (turn timeout)', '11 (turn timeout)', '17 (turn timeout)', '20 (turn timeout)', '80 (illegal move)']}
[2026-05-22 10:26:23] MOVE 103: HelloWorld (gray0) 40->42 [0.00ms]
[2026-05-22 10:26:23] SCORE Gruppe 69 (lawn green): Final=1070.5, Time=96.2, Moves(34)=2.3, Pins(6)=600.0, Dist=372.0, Win Bonus=0.0
[2026-05-22 10:26:23] SCORE HelloWorld (gray0): Final=471.5, Time=81.5, Moves(29)=0.0, Pins(1)=100.0, Dist=290.0, Win Bonus=0.0
[2026-05-22 10:26:23] SCORE Group 16 (red): Final=585.2, Time=96.1, Moves(33)=1.1, Pins(2)=200.0, Dist=288.0, Win Bonus=0.0
[2026-05-22 10:26:23] ALL WRONG MOVES BY COLOUR: {'gray0': ['2 (turn timeout)', '5 (turn timeout)', '11 (turn timeout)', '17 (turn timeout)', '20 (turn timeout)', '80 (illegal move)', '102 (illegal move)']}
[2026-05-22 10:26:23] MOVE 104: Group 16 (red) 8->5 [0.01ms]
[2026-05-22 10:26:23] SCORE Gruppe 69 (lawn green): Final=1070.5, Time=96.2, Moves(34)=2.3, Pins(6)=600.0, Dist=372.0, Win Bonus=0.0
[2026-05-22 10:26:23] SCORE HelloWorld (gray0): Final=471.5, Time=81.5, Moves(29)=0.0, Pins(1)=100.0, Dist=290.0, Win Bonus=0.0
[2026-05-22 10:26:23] SCORE Group 16 (red): Final=586.3, Time=96.0, Moves(34)=2.3, Pins(2)=200.0, Dist=288.0, Win Bonus=0.0
[2026-05-22 10:26:23] ALL WRONG MOVES BY COLOUR: {'gray0': ['2 (turn timeout)', '5 (turn timeout)', '11 (turn timeout)', '17 (turn timeout)', '20 (turn timeout)', '80 (illegal move)', '102 (illegal move)']}
[2026-05-22 10:26:23] MOVE 105: Gruppe 69 (lawn green) 62->61 [0.01ms]
[2026-05-22 10:26:23] SCORE Gruppe 69 (lawn green): Final=1074.5, Time=96.1, Moves(35)=4.4, Pins(6)=600.0, Dist=374.0, Win Bonus=0.0
[2026-05-22 10:26:23] SCORE HelloWorld (gray0): Final=471.5, Time=81.5, Moves(29)=0.0, Pins(1)=100.0, Dist=290.0, Win Bonus=0.0
[2026-05-22 10:26:23] SCORE Group 16 (red): Final=586.3, Time=96.0, Moves(34)=2.3, Pins(2)=200.0, Dist=288.0, Win Bonus=0.0
[2026-05-22 10:26:23] ALL WRONG MOVES BY COLOUR: {'gray0': ['2 (turn timeout)', '5 (turn timeout)', '11 (turn timeout)', '17 (turn timeout)', '20 (turn timeout)', '80 (illegal move)', '102 (illegal move)']}
[2026-05-22 10:26:23] MOVE 106: HelloWorld (gray0) 83->95 [0.00ms]
[2026-05-22 10:26:23] SCORE Gruppe 69 (lawn green): Final=1074.5, Time=96.1, Moves(35)=4.4, Pins(6)=600.0, Dist=374.0, Win Bonus=0.0
[2026-05-22 10:26:23] SCORE HelloWorld (gray0): Final=469.5, Time=81.4, Moves(30)=0.1, Pins(1)=100.0, Dist=288.0, Win Bonus=0.0
[2026-05-22 10:26:23] SCORE Group 16 (red): Final=586.3, Time=96.0, Moves(34)=2.3, Pins(2)=200.0, Dist=288.0, Win Bonus=0.0
[2026-05-22 10:26:23] ALL WRONG MOVES BY COLOUR: {'gray0': ['2 (turn timeout)', '5 (turn timeout)', '11 (turn timeout)', '17 (turn timeout)', '20 (turn timeout)', '80 (illegal move)', '102 (illegal move)']}
[2026-05-22 10:26:23] MOVE 107: Group 16 (red) 70->113 [0.00ms]
[2026-05-22 10:26:23] SCORE Gruppe 69 (lawn green): Final=1074.5, Time=96.1, Moves(35)=4.4, Pins(6)=600.0, Dist=374.0, Win Bonus=0.0
[2026-05-22 10:26:23] SCORE HelloWorld (gray0): Final=469.5, Time=81.4, Moves(30)=0.1, Pins(1)=100.0, Dist=288.0, Win Bonus=0.0
[2026-05-22 10:26:23] SCORE Group 16 (red): Final=580.3, Time=95.9, Moves(35)=4.4, Pins(2)=200.0, Dist=280.0, Win Bonus=0.0
[2026-05-22 10:26:23] ALL WRONG MOVES BY COLOUR: {'gray0': ['2 (turn timeout)', '5 (turn timeout)', '11 (turn timeout)', '17 (turn timeout)', '20 (turn timeout)', '80 (illegal move)', '102 (illegal move)']}
[2026-05-22 10:26:23] MOVE 108: Gruppe 69 (lawn green) 61->60 [0.00ms]
[2026-05-22 10:26:23] SCORE Gruppe 69 (lawn green): Final=1079.9, Time=96.0, Moves(36)=8.0, Pins(6)=600.0, Dist=376.0, Win Bonus=0.0
[2026-05-22 10:26:23] SCORE HelloWorld (gray0): Final=469.5, Time=81.4, Moves(30)=0.1, Pins(1)=100.0, Dist=288.0, Win Bonus=0.0
[2026-05-22 10:26:23] SCORE Group 16 (red): Final=580.3, Time=95.9, Moves(35)=4.4, Pins(2)=200.0, Dist=280.0, Win Bonus=0.0
[2026-05-22 10:26:23] ALL WRONG MOVES BY COLOUR: {'gray0': ['2 (turn timeout)', '5 (turn timeout)', '11 (turn timeout)', '17 (turn timeout)', '20 (turn timeout)', '80 (illegal move)', '102 (illegal move)']}
[2026-05-22 10:26:25] MOVE 110: HelloWorld (gray0) 95->7 [0.02ms]
[2026-05-22 10:26:25] SCORE Gruppe 69 (lawn green): Final=1079.9, Time=96.0, Moves(36)=8.0, Pins(6)=600.0, Dist=376.0, Win Bonus=0.0
[2026-05-22 10:26:25] SCORE HelloWorld (gray0): Final=468.2, Time=80.0, Moves(31)=0.2, Pins(1)=100.0, Dist=288.0, Win Bonus=0.0
[2026-05-22 10:26:25] SCORE Group 16 (red): Final=580.3, Time=95.9, Moves(35)=4.4, Pins(2)=200.0, Dist=280.0, Win Bonus=0.0
[2026-05-22 10:26:25] ALL WRONG MOVES BY COLOUR: {'gray0': ['2 (turn timeout)', '5 (turn timeout)', '11 (turn timeout)', '17 (turn timeout)', '20 (turn timeout)', '80 (illegal move)', '102 (illegal move)', '109 (illegal move)']}
[2026-05-22 10:26:25] MOVE 111: Group 16 (red) 113->50 [0.00ms]
[2026-05-22 10:26:25] SCORE Gruppe 69 (lawn green): Final=1079.9, Time=96.0, Moves(36)=8.0, Pins(6)=600.0, Dist=376.0, Win Bonus=0.0
[2026-05-22 10:26:25] SCORE HelloWorld (gray0): Final=468.2, Time=80.0, Moves(31)=0.2, Pins(1)=100.0, Dist=288.0, Win Bonus=0.0
[2026-05-22 10:26:25] SCORE Group 16 (red): Final=595.8, Time=95.8, Moves(36)=8.0, Pins(2)=200.0, Dist=292.0, Win Bonus=0.0
[2026-05-22 10:26:25] ALL WRONG MOVES BY COLOUR: {'gray0': ['2 (turn timeout)', '5 (turn timeout)', '11 (turn timeout)', '17 (turn timeout)', '20 (turn timeout)', '80 (illegal move)', '102 (illegal move)', '109 (illegal move)']}
[2026-05-22 10:26:25] MOVE 112: Gruppe 69 (lawn green) 60->75 [0.00ms]
[2026-05-22 10:26:25] SCORE Gruppe 69 (lawn green): Final=1195.4, Time=95.9, Moves(37)=13.5, Pins(7)=700.0, Dist=386.0, Win Bonus=0.0
[2026-05-22 10:26:25] SCORE HelloWorld (gray0): Final=468.2, Time=80.0, Moves(31)=0.2, Pins(1)=100.0, Dist=288.0, Win Bonus=0.0
[2026-05-22 10:26:25] SCORE Group 16 (red): Final=595.8, Time=95.8, Moves(36)=8.0, Pins(2)=200.0, Dist=292.0, Win Bonus=0.0
[2026-05-22 10:26:25] ALL WRONG MOVES BY COLOUR: {'gray0': ['2 (turn timeout)', '5 (turn timeout)', '11 (turn timeout)', '17 (turn timeout)', '20 (turn timeout)', '80 (illegal move)', '102 (illegal move)', '109 (illegal move)']}
[2026-05-22 10:26:26] MOVE 113: HelloWorld (gray0) 42->43 [0.01ms]
[2026-05-22 10:26:26] SCORE Gruppe 69 (lawn green): Final=1195.4, Time=95.9, Moves(37)=13.5, Pins(7)=700.0, Dist=386.0, Win Bonus=0.0
[2026-05-22 10:26:26] SCORE HelloWorld (gray0): Final=469.8, Time=79.3, Moves(32)=0.5, Pins(1)=100.0, Dist=290.0, Win Bonus=0.0
[2026-05-22 10:26:26] SCORE Group 16 (red): Final=595.8, Time=95.8, Moves(36)=8.0, Pins(2)=200.0, Dist=292.0, Win Bonus=0.0
[2026-05-22 10:26:26] ALL WRONG MOVES BY COLOUR: {'gray0': ['2 (turn timeout)', '5 (turn timeout)', '11 (turn timeout)', '17 (turn timeout)', '20 (turn timeout)', '80 (illegal move)', '102 (illegal move)', '109 (illegal move)']}
[2026-05-22 10:26:26] MOVE 114: Group 16 (red) 5->2 [0.01ms]
[2026-05-22 10:26:26] SCORE Gruppe 69 (lawn green): Final=1195.4, Time=95.9, Moves(37)=13.5, Pins(7)=700.0, Dist=386.0, Win Bonus=0.0
[2026-05-22 10:26:26] SCORE HelloWorld (gray0): Final=469.8, Time=79.3, Moves(32)=0.5, Pins(1)=100.0, Dist=290.0, Win Bonus=0.0
[2026-05-22 10:26:26] SCORE Group 16 (red): Final=601.3, Time=95.8, Moves(37)=13.5, Pins(2)=200.0, Dist=292.0, Win Bonus=0.0
[2026-05-22 10:26:26] ALL WRONG MOVES BY COLOUR: {'gray0': ['2 (turn timeout)', '5 (turn timeout)', '11 (turn timeout)', '17 (turn timeout)', '20 (turn timeout)', '80 (illegal move)', '102 (illegal move)', '109 (illegal move)']}
[2026-05-22 10:26:26] MOVE 115: Gruppe 69 (lawn green) 69->68 [0.00ms]
[2026-05-22 10:26:26] SCORE Gruppe 69 (lawn green): Final=1205.4, Time=95.8, Moves(38)=21.6, Pins(7)=700.0, Dist=388.0, Win Bonus=0.0
[2026-05-22 10:26:26] SCORE HelloWorld (gray0): Final=469.8, Time=79.3, Moves(32)=0.5, Pins(1)=100.0, Dist=290.0, Win Bonus=0.0
[2026-05-22 10:26:26] SCORE Group 16 (red): Final=601.3, Time=95.8, Moves(37)=13.5, Pins(2)=200.0, Dist=292.0, Win Bonus=0.0
[2026-05-22 10:26:26] ALL WRONG MOVES BY COLOUR: {'gray0': ['2 (turn timeout)', '5 (turn timeout)', '11 (turn timeout)', '17 (turn timeout)', '20 (turn timeout)', '80 (illegal move)', '102 (illegal move)', '109 (illegal move)']}
[2026-05-22 10:26:27] MOVE 116: HelloWorld (gray0) 43->32 [0.00ms]
[2026-05-22 10:26:27] SCORE Gruppe 69 (lawn green): Final=1205.4, Time=95.8, Moves(38)=21.6, Pins(7)=700.0, Dist=388.0, Win Bonus=0.0
[2026-05-22 10:26:27] SCORE HelloWorld (gray0): Final=571.6, Time=78.5, Moves(33)=1.1, Pins(2)=200.0, Dist=292.0, Win Bonus=0.0
[2026-05-22 10:26:27] SCORE Group 16 (red): Final=601.3, Time=95.8, Moves(37)=13.5, Pins(2)=200.0, Dist=292.0, Win Bonus=0.0
[2026-05-22 10:26:27] ALL WRONG MOVES BY COLOUR: {'gray0': ['2 (turn timeout)', '5 (turn timeout)', '11 (turn timeout)', '17 (turn timeout)', '20 (turn timeout)', '80 (illegal move)', '102 (illegal move)', '109 (illegal move)']}
[2026-05-22 10:26:27] MOVE 117: Group 16 (red) 105->40 [0.01ms]
[2026-05-22 10:26:27] SCORE Gruppe 69 (lawn green): Final=1205.4, Time=95.8, Moves(38)=21.6, Pins(7)=700.0, Dist=388.0, Win Bonus=0.0
[2026-05-22 10:26:27] SCORE HelloWorld (gray0): Final=571.6, Time=78.5, Moves(33)=1.1, Pins(2)=200.0, Dist=292.0, Win Bonus=0.0
[2026-05-22 10:26:27] SCORE Group 16 (red): Final=621.2, Time=95.6, Moves(38)=21.6, Pins(2)=200.0, Dist=304.0, Win Bonus=0.0
[2026-05-22 10:26:27] ALL WRONG MOVES BY COLOUR: {'gray0': ['2 (turn timeout)', '5 (turn timeout)', '11 (turn timeout)', '17 (turn timeout)', '20 (turn timeout)', '80 (illegal move)', '102 (illegal move)', '109 (illegal move)']}
[2026-05-22 10:26:27] MOVE 118: Gruppe 69 (lawn green) 47->56 [0.00ms]
[2026-05-22 10:26:27] SCORE Gruppe 69 (lawn green): Final=1218.1, Time=95.7, Moves(39)=32.5, Pins(7)=700.0, Dist=390.0, Win Bonus=0.0
[2026-05-22 10:26:27] SCORE HelloWorld (gray0): Final=571.6, Time=78.5, Moves(33)=1.1, Pins(2)=200.0, Dist=292.0, Win Bonus=0.0
[2026-05-22 10:26:27] SCORE Group 16 (red): Final=621.2, Time=95.6, Moves(38)=21.6, Pins(2)=200.0, Dist=304.0, Win Bonus=0.0
[2026-05-22 10:26:27] ALL WRONG MOVES BY COLOUR: {'gray0': ['2 (turn timeout)', '5 (turn timeout)', '11 (turn timeout)', '17 (turn timeout)', '20 (turn timeout)', '80 (illegal move)', '102 (illegal move)', '109 (illegal move)']}
[2026-05-22 10:26:28] MOVE 119: HelloWorld (gray0) 32->20 [0.00ms]
[2026-05-22 10:26:28] SCORE Gruppe 69 (lawn green): Final=1218.1, Time=95.7, Moves(39)=32.5, Pins(7)=700.0, Dist=390.0, Win Bonus=0.0
[2026-05-22 10:26:28] SCORE HelloWorld (gray0): Final=572.1, Time=77.8, Moves(34)=2.3, Pins(2)=200.0, Dist=292.0, Win Bonus=0.0
[2026-05-22 10:26:28] SCORE Group 16 (red): Final=621.2, Time=95.6, Moves(38)=21.6, Pins(2)=200.0, Dist=304.0, Win Bonus=0.0
[2026-05-22 10:26:28] ALL WRONG MOVES BY COLOUR: {'gray0': ['2 (turn timeout)', '5 (turn timeout)', '11 (turn timeout)', '17 (turn timeout)', '20 (turn timeout)', '80 (illegal move)', '102 (illegal move)', '109 (illegal move)']}
[2026-05-22 10:26:28] MOVE 120: Group 16 (red) 2->4 [0.00ms]
[2026-05-22 10:26:28] SCORE Gruppe 69 (lawn green): Final=1218.1, Time=95.7, Moves(39)=32.5, Pins(7)=700.0, Dist=390.0, Win Bonus=0.0
[2026-05-22 10:26:28] SCORE HelloWorld (gray0): Final=572.1, Time=77.8, Moves(34)=2.3, Pins(2)=200.0, Dist=292.0, Win Bonus=0.0
[2026-05-22 10:26:28] SCORE Group 16 (red): Final=632.0, Time=95.5, Moves(39)=32.5, Pins(2)=200.0, Dist=304.0, Win Bonus=0.0
[2026-05-22 10:26:28] ALL WRONG MOVES BY COLOUR: {'gray0': ['2 (turn timeout)', '5 (turn timeout)', '11 (turn timeout)', '17 (turn timeout)', '20 (turn timeout)', '80 (illegal move)', '102 (illegal move)', '109 (illegal move)']}
[2026-05-22 10:26:28] MOVE 121: Gruppe 69 (lawn green) 68->67 [0.00ms]
[2026-05-22 10:26:28] SCORE Gruppe 69 (lawn green): Final=1233.4, Time=95.6, Moves(40)=45.8, Pins(7)=700.0, Dist=392.0, Win Bonus=0.0
[2026-05-22 10:26:28] SCORE HelloWorld (gray0): Final=572.1, Time=77.8, Moves(34)=2.3, Pins(2)=200.0, Dist=292.0, Win Bonus=0.0
[2026-05-22 10:26:28] SCORE Group 16 (red): Final=632.0, Time=95.5, Moves(39)=32.5, Pins(2)=200.0, Dist=304.0, Win Bonus=0.0
[2026-05-22 10:26:28] ALL WRONG MOVES BY COLOUR: {'gray0': ['2 (turn timeout)', '5 (turn timeout)', '11 (turn timeout)', '17 (turn timeout)', '20 (turn timeout)', '80 (illegal move)', '102 (illegal move)', '109 (illegal move)']}
[2026-05-22 10:26:29] MOVE 122: HelloWorld (gray0) 20->21 [0.00ms]
[2026-05-22 10:26:29] SCORE Gruppe 69 (lawn green): Final=1233.4, Time=95.6, Moves(40)=45.8, Pins(7)=700.0, Dist=392.0, Win Bonus=0.0
[2026-05-22 10:26:29] SCORE HelloWorld (gray0): Final=573.4, Time=77.0, Moves(35)=4.4, Pins(2)=200.0, Dist=292.0, Win Bonus=0.0
[2026-05-22 10:26:29] SCORE Group 16 (red): Final=632.0, Time=95.5, Moves(39)=32.5, Pins(2)=200.0, Dist=304.0, Win Bonus=0.0
[2026-05-22 10:26:29] ALL WRONG MOVES BY COLOUR: {'gray0': ['2 (turn timeout)', '5 (turn timeout)', '11 (turn timeout)', '17 (turn timeout)', '20 (turn timeout)', '80 (illegal move)', '102 (illegal move)', '109 (illegal move)']}
[2026-05-22 10:26:29] MOVE 123: Group 16 (red) 4->3 [0.00ms]
[2026-05-22 10:26:29] SCORE Gruppe 69 (lawn green): Final=1233.4, Time=95.6, Moves(40)=45.8, Pins(7)=700.0, Dist=392.0, Win Bonus=0.0
[2026-05-22 10:26:29] SCORE HelloWorld (gray0): Final=573.4, Time=77.0, Moves(35)=4.4, Pins(2)=200.0, Dist=292.0, Win Bonus=0.0
[2026-05-22 10:26:29] SCORE Group 16 (red): Final=645.2, Time=95.4, Moves(40)=45.8, Pins(2)=200.0, Dist=304.0, Win Bonus=0.0
[2026-05-22 10:26:29] ALL WRONG MOVES BY COLOUR: {'gray0': ['2 (turn timeout)', '5 (turn timeout)', '11 (turn timeout)', '17 (turn timeout)', '20 (turn timeout)', '80 (illegal move)', '102 (illegal move)', '109 (illegal move)']}
[2026-05-22 10:26:29] MOVE 124: Gruppe 69 (lawn green) 67->77 [0.00ms]
[2026-05-22 10:26:29] SCORE Gruppe 69 (lawn green): Final=1250.1, Time=95.5, Moves(41)=60.7, Pins(7)=700.0, Dist=394.0, Win Bonus=0.0
[2026-05-22 10:26:29] SCORE HelloWorld (gray0): Final=573.4, Time=77.0, Moves(35)=4.4, Pins(2)=200.0, Dist=292.0, Win Bonus=0.0
[2026-05-22 10:26:29] SCORE Group 16 (red): Final=645.2, Time=95.4, Moves(40)=45.8, Pins(2)=200.0, Dist=304.0, Win Bonus=0.0
[2026-05-22 10:26:29] ALL WRONG MOVES BY COLOUR: {'gray0': ['2 (turn timeout)', '5 (turn timeout)', '11 (turn timeout)', '17 (turn timeout)', '20 (turn timeout)', '80 (illegal move)', '102 (illegal move)', '109 (illegal move)']}
[2026-05-22 10:26:30] MOVE 125: HelloWorld (gray0) 88->67 [0.00ms]
[2026-05-22 10:26:30] SCORE Gruppe 69 (lawn green): Final=1250.1, Time=95.5, Moves(41)=60.7, Pins(7)=700.0, Dist=394.0, Win Bonus=0.0
[2026-05-22 10:26:30] SCORE HelloWorld (gray0): Final=580.3, Time=76.3, Moves(36)=8.0, Pins(2)=200.0, Dist=296.0, Win Bonus=0.0
[2026-05-22 10:26:30] SCORE Group 16 (red): Final=645.2, Time=95.4, Moves(40)=45.8, Pins(2)=200.0, Dist=304.0, Win Bonus=0.0
[2026-05-22 10:26:30] ALL WRONG MOVES BY COLOUR: {'gray0': ['2 (turn timeout)', '5 (turn timeout)', '11 (turn timeout)', '17 (turn timeout)', '20 (turn timeout)', '80 (illegal move)', '102 (illegal move)', '109 (illegal move)']}
[2026-05-22 10:26:30] MOVE 126: Group 16 (red) 50->29 [0.00ms]
[2026-05-22 10:26:30] SCORE Gruppe 69 (lawn green): Final=1250.1, Time=95.5, Moves(41)=60.7, Pins(7)=700.0, Dist=394.0, Win Bonus=0.0
[2026-05-22 10:26:30] SCORE HelloWorld (gray0): Final=580.3, Time=76.3, Moves(36)=8.0, Pins(2)=200.0, Dist=296.0, Win Bonus=0.0
[2026-05-22 10:26:30] SCORE Group 16 (red): Final=663.9, Time=95.3, Moves(41)=60.7, Pins(2)=200.0, Dist=308.0, Win Bonus=0.0
[2026-05-22 10:26:30] ALL WRONG MOVES BY COLOUR: {'gray0': ['2 (turn timeout)', '5 (turn timeout)', '11 (turn timeout)', '17 (turn timeout)', '20 (turn timeout)', '80 (illegal move)', '102 (illegal move)', '109 (illegal move)']}
[2026-05-22 10:26:30] MOVE 127: Gruppe 69 (lawn green) 89->88 [0.00ms]
[2026-05-22 10:26:30] SCORE Gruppe 69 (lawn green): Final=1366.9, Time=95.4, Moves(42)=75.5, Pins(8)=800.0, Dist=396.0, Win Bonus=0.0
[2026-05-22 10:26:30] SCORE HelloWorld (gray0): Final=580.3, Time=76.3, Moves(36)=8.0, Pins(2)=200.0, Dist=296.0, Win Bonus=0.0
[2026-05-22 10:26:30] SCORE Group 16 (red): Final=663.9, Time=95.3, Moves(41)=60.7, Pins(2)=200.0, Dist=308.0, Win Bonus=0.0
[2026-05-22 10:26:30] ALL WRONG MOVES BY COLOUR: {'gray0': ['2 (turn timeout)', '5 (turn timeout)', '11 (turn timeout)', '17 (turn timeout)', '20 (turn timeout)', '80 (illegal move)', '102 (illegal move)', '109 (illegal move)']}
[2026-05-22 10:26:31] MOVE 128: HelloWorld (gray0) 30->31 [0.00ms]
[2026-05-22 10:26:31] SCORE Gruppe 69 (lawn green): Final=1366.9, Time=95.4, Moves(42)=75.5, Pins(8)=800.0, Dist=396.0, Win Bonus=0.0
[2026-05-22 10:26:31] SCORE HelloWorld (gray0): Final=587.1, Time=75.5, Moves(37)=13.5, Pins(2)=200.0, Dist=298.0, Win Bonus=0.0
[2026-05-22 10:26:31] SCORE Group 16 (red): Final=663.9, Time=95.3, Moves(41)=60.7, Pins(2)=200.0, Dist=308.0, Win Bonus=0.0
[2026-05-22 10:26:31] ALL WRONG MOVES BY COLOUR: {'gray0': ['2 (turn timeout)', '5 (turn timeout)', '11 (turn timeout)', '17 (turn timeout)', '20 (turn timeout)', '80 (illegal move)', '102 (illegal move)', '109 (illegal move)']}
[2026-05-22 10:26:31] MOVE 129: Group 16 (red) 3->6 [0.00ms]
[2026-05-22 10:26:31] SCORE Gruppe 69 (lawn green): Final=1366.9, Time=95.4, Moves(42)=75.5, Pins(8)=800.0, Dist=396.0, Win Bonus=0.0
[2026-05-22 10:26:31] SCORE HelloWorld (gray0): Final=587.1, Time=75.5, Moves(37)=13.5, Pins(2)=200.0, Dist=298.0, Win Bonus=0.0
[2026-05-22 10:26:31] SCORE Group 16 (red): Final=678.7, Time=95.2, Moves(42)=75.5, Pins(2)=200.0, Dist=308.0, Win Bonus=0.0
[2026-05-22 10:26:31] ALL WRONG MOVES BY COLOUR: {'gray0': ['2 (turn timeout)', '5 (turn timeout)', '11 (turn timeout)', '17 (turn timeout)', '20 (turn timeout)', '80 (illegal move)', '102 (illegal move)', '109 (illegal move)']}
[2026-05-22 10:26:31] MOVE 130: Gruppe 69 (lawn green) 77->66 [0.00ms]
[2026-05-22 10:26:31] SCORE Gruppe 69 (lawn green): Final=1379.5, Time=95.3, Moves(43)=88.2, Pins(8)=800.0, Dist=396.0, Win Bonus=0.0
[2026-05-22 10:26:31] SCORE HelloWorld (gray0): Final=587.1, Time=75.5, Moves(37)=13.5, Pins(2)=200.0, Dist=298.0, Win Bonus=0.0
[2026-05-22 10:26:31] SCORE Group 16 (red): Final=678.7, Time=95.2, Moves(42)=75.5, Pins(2)=200.0, Dist=308.0, Win Bonus=0.0
[2026-05-22 10:26:31] ALL WRONG MOVES BY COLOUR: {'gray0': ['2 (turn timeout)', '5 (turn timeout)', '11 (turn timeout)', '17 (turn timeout)', '20 (turn timeout)', '80 (illegal move)', '102 (illegal move)', '109 (illegal move)']}
[2026-05-22 10:26:32] MOVE 131: HelloWorld (gray0) 31->19 [0.00ms]
[2026-05-22 10:26:32] SCORE Gruppe 69 (lawn green): Final=1379.5, Time=95.3, Moves(43)=88.2, Pins(8)=800.0, Dist=396.0, Win Bonus=0.0
[2026-05-22 10:26:32] SCORE HelloWorld (gray0): Final=696.4, Time=74.8, Moves(38)=21.6, Pins(3)=300.0, Dist=300.0, Win Bonus=0.0
[2026-05-22 10:26:32] SCORE Group 16 (red): Final=678.7, Time=95.2, Moves(42)=75.5, Pins(2)=200.0, Dist=308.0, Win Bonus=0.0
[2026-05-22 10:26:32] ALL WRONG MOVES BY COLOUR: {'gray0': ['2 (turn timeout)', '5 (turn timeout)', '11 (turn timeout)', '17 (turn timeout)', '20 (turn timeout)', '80 (illegal move)', '102 (illegal move)', '109 (illegal move)']}
[2026-05-22 10:26:32] MOVE 132: Group 16 (red) 41->3 [0.00ms]
[2026-05-22 10:26:32] SCORE Gruppe 69 (lawn green): Final=1379.5, Time=95.3, Moves(43)=88.2, Pins(8)=800.0, Dist=396.0, Win Bonus=0.0
[2026-05-22 10:26:32] SCORE HelloWorld (gray0): Final=696.4, Time=74.8, Moves(38)=21.6, Pins(3)=300.0, Dist=300.0, Win Bonus=0.0
[2026-05-22 10:26:32] SCORE Group 16 (red): Final=797.4, Time=95.1, Moves(43)=88.2, Pins(3)=300.0, Dist=314.0, Win Bonus=0.0
[2026-05-22 10:26:32] ALL WRONG MOVES BY COLOUR: {'gray0': ['2 (turn timeout)', '5 (turn timeout)', '11 (turn timeout)', '17 (turn timeout)', '20 (turn timeout)', '80 (illegal move)', '102 (illegal move)', '109 (illegal move)']}
[2026-05-22 10:26:32] MOVE 133: Gruppe 69 (lawn green) 56->77 [0.00ms]
[2026-05-22 10:26:32] SCORE Gruppe 69 (lawn green): Final=1388.1, Time=95.2, Moves(44)=96.9, Pins(8)=800.0, Dist=396.0, Win Bonus=0.0
[2026-05-22 10:26:32] SCORE HelloWorld (gray0): Final=696.4, Time=74.8, Moves(38)=21.6, Pins(3)=300.0, Dist=300.0, Win Bonus=0.0
[2026-05-22 10:26:32] SCORE Group 16 (red): Final=797.4, Time=95.1, Moves(43)=88.2, Pins(3)=300.0, Dist=314.0, Win Bonus=0.0
[2026-05-22 10:26:32] ALL WRONG MOVES BY COLOUR: {'gray0': ['2 (turn timeout)', '5 (turn timeout)', '11 (turn timeout)', '17 (turn timeout)', '20 (turn timeout)', '80 (illegal move)', '102 (illegal move)', '109 (illegal move)']}
[2026-05-22 10:26:32] MOVE 134: HelloWorld (gray0) 39->41 [0.00ms]
[2026-05-22 10:26:32] SCORE Gruppe 69 (lawn green): Final=1388.1, Time=95.2, Moves(44)=96.9, Pins(8)=800.0, Dist=396.0, Win Bonus=0.0
[2026-05-22 10:26:32] SCORE HelloWorld (gray0): Final=710.6, Time=74.1, Moves(39)=32.5, Pins(3)=300.0, Dist=304.0, Win Bonus=0.0
[2026-05-22 10:26:32] SCORE Group 16 (red): Final=797.4, Time=95.1, Moves(43)=88.2, Pins(3)=300.0, Dist=314.0, Win Bonus=0.0
[2026-05-22 10:26:32] ALL WRONG MOVES BY COLOUR: {'gray0': ['2 (turn timeout)', '5 (turn timeout)', '11 (turn timeout)', '17 (turn timeout)', '20 (turn timeout)', '80 (illegal move)', '102 (illegal move)', '109 (illegal move)']}
[2026-05-22 10:26:32] MOVE 135: Group 16 (red) 3->4 [0.00ms]
[2026-05-22 10:26:32] SCORE Gruppe 69 (lawn green): Final=1388.1, Time=95.2, Moves(44)=96.9, Pins(8)=800.0, Dist=396.0, Win Bonus=0.0
[2026-05-22 10:26:32] SCORE HelloWorld (gray0): Final=710.6, Time=74.1, Moves(39)=32.5, Pins(3)=300.0, Dist=304.0, Win Bonus=0.0
[2026-05-22 10:26:32] SCORE Group 16 (red): Final=806.0, Time=95.0, Moves(44)=96.9, Pins(3)=300.0, Dist=314.0, Win Bonus=0.0
[2026-05-22 10:26:32] ALL WRONG MOVES BY COLOUR: {'gray0': ['2 (turn timeout)', '5 (turn timeout)', '11 (turn timeout)', '17 (turn timeout)', '20 (turn timeout)', '80 (illegal move)', '102 (illegal move)', '109 (illegal move)']}
[2026-05-22 10:26:33] MOVE 136: Gruppe 69 (lawn green) 66->89 [0.00ms]
[2026-05-22 10:26:33] SCORE Gruppe 69 (lawn green): Final=1391.1, Time=95.1, Moves(45)=100.0, Pins(8)=800.0, Dist=396.0, Win Bonus=0.0
[2026-05-22 10:26:33] SCORE HelloWorld (gray0): Final=710.6, Time=74.1, Moves(39)=32.5, Pins(3)=300.0, Dist=304.0, Win Bonus=0.0
[2026-05-22 10:26:33] SCORE Group 16 (red): Final=806.0, Time=95.0, Moves(44)=96.9, Pins(3)=300.0, Dist=314.0, Win Bonus=0.0
[2026-05-22 10:26:33] ALL WRONG MOVES BY COLOUR: {'gray0': ['2 (turn timeout)', '5 (turn timeout)', '11 (turn timeout)', '17 (turn timeout)', '20 (turn timeout)', '80 (illegal move)', '102 (illegal move)', '109 (illegal move)']}
[2026-05-22 10:26:33] MOVE 137: HelloWorld (gray0) 19->20 [0.00ms]
[2026-05-22 10:26:33] SCORE Gruppe 69 (lawn green): Final=1391.1, Time=95.1, Moves(45)=100.0, Pins(8)=800.0, Dist=396.0, Win Bonus=0.0
[2026-05-22 10:26:33] SCORE HelloWorld (gray0): Final=723.2, Time=73.4, Moves(40)=45.8, Pins(3)=300.0, Dist=304.0, Win Bonus=0.0
[2026-05-22 10:26:33] SCORE Group 16 (red): Final=806.0, Time=95.0, Moves(44)=96.9, Pins(3)=300.0, Dist=314.0, Win Bonus=0.0
[2026-05-22 10:26:33] ALL WRONG MOVES BY COLOUR: {'gray0': ['2 (turn timeout)', '5 (turn timeout)', '11 (turn timeout)', '17 (turn timeout)', '20 (turn timeout)', '80 (illegal move)', '102 (illegal move)', '109 (illegal move)']}
[2026-05-22 10:26:33] MOVE 138: Group 16 (red) 4->2 [0.00ms]
[2026-05-22 10:26:33] SCORE Gruppe 69 (lawn green): Final=1391.1, Time=95.1, Moves(45)=100.0, Pins(8)=800.0, Dist=396.0, Win Bonus=0.0
[2026-05-22 10:26:33] SCORE HelloWorld (gray0): Final=723.2, Time=73.4, Moves(40)=45.8, Pins(3)=300.0, Dist=304.0, Win Bonus=0.0
[2026-05-22 10:26:33] SCORE Group 16 (red): Final=809.0, Time=95.0, Moves(45)=100.0, Pins(3)=300.0, Dist=314.0, Win Bonus=0.0
[2026-05-22 10:26:33] ALL WRONG MOVES BY COLOUR: {'gray0': ['2 (turn timeout)', '5 (turn timeout)', '11 (turn timeout)', '17 (turn timeout)', '20 (turn timeout)', '80 (illegal move)', '102 (illegal move)', '109 (illegal move)']}
[2026-05-22 10:26:33] MOVE 139: Gruppe 69 (lawn green) 89->102 [0.00ms]
[2026-05-22 10:26:33] SCORE Gruppe 69 (lawn green): Final=1390.9, Time=95.0, Moves(46)=99.8, Pins(8)=800.0, Dist=396.0, Win Bonus=0.0
[2026-05-22 10:26:33] SCORE HelloWorld (gray0): Final=723.2, Time=73.4, Moves(40)=45.8, Pins(3)=300.0, Dist=304.0, Win Bonus=0.0
[2026-05-22 10:26:33] SCORE Group 16 (red): Final=809.0, Time=95.0, Moves(45)=100.0, Pins(3)=300.0, Dist=314.0, Win Bonus=0.0
[2026-05-22 10:26:33] ALL WRONG MOVES BY COLOUR: {'gray0': ['2 (turn timeout)', '5 (turn timeout)', '11 (turn timeout)', '17 (turn timeout)', '20 (turn timeout)', '80 (illegal move)', '102 (illegal move)', '109 (illegal move)']}
[2026-05-22 10:26:34] MOVE 140: HelloWorld (gray0) 41->42 [0.00ms]
[2026-05-22 10:26:34] SCORE Gruppe 69 (lawn green): Final=1390.9, Time=95.0, Moves(46)=99.8, Pins(8)=800.0, Dist=396.0, Win Bonus=0.0
[2026-05-22 10:26:34] SCORE HelloWorld (gray0): Final=739.3, Time=72.7, Moves(41)=60.7, Pins(3)=300.0, Dist=306.0, Win Bonus=0.0
[2026-05-22 10:26:34] SCORE Group 16 (red): Final=809.0, Time=95.0, Moves(45)=100.0, Pins(3)=300.0, Dist=314.0, Win Bonus=0.0
[2026-05-22 10:26:34] ALL WRONG MOVES BY COLOUR: {'gray0': ['2 (turn timeout)', '5 (turn timeout)', '11 (turn timeout)', '17 (turn timeout)', '20 (turn timeout)', '80 (illegal move)', '102 (illegal move)', '109 (illegal move)']}
[2026-05-22 10:26:34] MOVE 141: Group 16 (red) 2->5 [0.00ms]
[2026-05-22 10:26:34] SCORE Gruppe 69 (lawn green): Final=1390.9, Time=95.0, Moves(46)=99.8, Pins(8)=800.0, Dist=396.0, Win Bonus=0.0
[2026-05-22 10:26:34] SCORE HelloWorld (gray0): Final=739.3, Time=72.7, Moves(41)=60.7, Pins(3)=300.0, Dist=306.0, Win Bonus=0.0
[2026-05-22 10:26:34] SCORE Group 16 (red): Final=808.7, Time=94.9, Moves(46)=99.8, Pins(3)=300.0, Dist=314.0, Win Bonus=0.0
[2026-05-22 10:26:34] ALL WRONG MOVES BY COLOUR: {'gray0': ['2 (turn timeout)', '5 (turn timeout)', '11 (turn timeout)', '17 (turn timeout)', '20 (turn timeout)', '80 (illegal move)', '102 (illegal move)', '109 (illegal move)']}
[2026-05-22 10:26:34] MOVE 142: Gruppe 69 (lawn green) 77->89 [0.00ms]
[2026-05-22 10:26:34] SCORE Gruppe 69 (lawn green): Final=1390.3, Time=94.9, Moves(47)=99.4, Pins(8)=800.0, Dist=396.0, Win Bonus=0.0
[2026-05-22 10:26:34] SCORE HelloWorld (gray0): Final=739.3, Time=72.7, Moves(41)=60.7, Pins(3)=300.0, Dist=306.0, Win Bonus=0.0
[2026-05-22 10:26:34] SCORE Group 16 (red): Final=808.7, Time=94.9, Moves(46)=99.8, Pins(3)=300.0, Dist=314.0, Win Bonus=0.0
[2026-05-22 10:26:34] ALL WRONG MOVES BY COLOUR: {'gray0': ['2 (turn timeout)', '5 (turn timeout)', '11 (turn timeout)', '17 (turn timeout)', '20 (turn timeout)', '80 (illegal move)', '102 (illegal move)', '109 (illegal move)']}
[2026-05-22 10:26:35] MOVE 143: HelloWorld (gray0) 15->16 [0.00ms]
[2026-05-22 10:26:35] SCORE Gruppe 69 (lawn green): Final=1390.3, Time=94.9, Moves(47)=99.4, Pins(8)=800.0, Dist=396.0, Win Bonus=0.0
[2026-05-22 10:26:35] SCORE HelloWorld (gray0): Final=755.4, Time=71.9, Moves(42)=75.5, Pins(3)=300.0, Dist=308.0, Win Bonus=0.0
[2026-05-22 10:26:35] SCORE Group 16 (red): Final=808.7, Time=94.9, Moves(46)=99.8, Pins(3)=300.0, Dist=314.0, Win Bonus=0.0
[2026-05-22 10:26:35] ALL WRONG MOVES BY COLOUR: {'gray0': ['2 (turn timeout)', '5 (turn timeout)', '11 (turn timeout)', '17 (turn timeout)', '20 (turn timeout)', '80 (illegal move)', '102 (illegal move)', '109 (illegal move)']}
[2026-05-22 10:26:35] MOVE 144: Group 16 (red) 40->4 [0.00ms]
[2026-05-22 10:26:35] SCORE Gruppe 69 (lawn green): Final=1390.3, Time=94.9, Moves(47)=99.4, Pins(8)=800.0, Dist=396.0, Win Bonus=0.0
[2026-05-22 10:26:35] SCORE HelloWorld (gray0): Final=755.4, Time=71.9, Moves(42)=75.5, Pins(3)=300.0, Dist=308.0, Win Bonus=0.0
[2026-05-22 10:26:35] SCORE Group 16 (red): Final=914.2, Time=94.8, Moves(47)=99.4, Pins(4)=400.0, Dist=320.0, Win Bonus=0.0
[2026-05-22 10:26:35] ALL WRONG MOVES BY COLOUR: {'gray0': ['2 (turn timeout)', '5 (turn timeout)', '11 (turn timeout)', '17 (turn timeout)', '20 (turn timeout)', '80 (illegal move)', '102 (illegal move)', '109 (illegal move)']}
[2026-05-22 10:26:35] MOVE 145: Gruppe 69 (lawn green) 89->78 [0.00ms]
[2026-05-22 10:26:35] SCORE Gruppe 69 (lawn green): Final=1387.5, Time=94.9, Moves(48)=98.6, Pins(8)=800.0, Dist=394.0, Win Bonus=0.0
[2026-05-22 10:26:35] SCORE HelloWorld (gray0): Final=755.4, Time=71.9, Moves(42)=75.5, Pins(3)=300.0, Dist=308.0, Win Bonus=0.0
[2026-05-22 10:26:35] SCORE Group 16 (red): Final=914.2, Time=94.8, Moves(47)=99.4, Pins(4)=400.0, Dist=320.0, Win Bonus=0.0
[2026-05-22 10:26:35] ALL WRONG MOVES BY COLOUR: {'gray0': ['2 (turn timeout)', '5 (turn timeout)', '11 (turn timeout)', '17 (turn timeout)', '20 (turn timeout)', '80 (illegal move)', '102 (illegal move)', '109 (illegal move)']}
[2026-05-22 10:26:36] MOVE 146: HelloWorld (gray0) 16->43 [0.00ms]
[2026-05-22 10:26:36] SCORE Gruppe 69 (lawn green): Final=1387.5, Time=94.9, Moves(48)=98.6, Pins(8)=800.0, Dist=394.0, Win Bonus=0.0
[2026-05-22 10:26:36] SCORE HelloWorld (gray0): Final=771.4, Time=71.1, Moves(43)=88.2, Pins(3)=300.0, Dist=312.0, Win Bonus=0.0
[2026-05-22 10:26:36] SCORE Group 16 (red): Final=914.2, Time=94.8, Moves(47)=99.4, Pins(4)=400.0, Dist=320.0, Win Bonus=0.0
[2026-05-22 10:26:36] ALL WRONG MOVES BY COLOUR: {'gray0': ['2 (turn timeout)', '5 (turn timeout)', '11 (turn timeout)', '17 (turn timeout)', '20 (turn timeout)', '80 (illegal move)', '102 (illegal move)', '109 (illegal move)']}
[2026-05-22 10:26:36] MOVE 147: Group 16 (red) 4->2 [0.00ms]
[2026-05-22 10:26:36] SCORE Gruppe 69 (lawn green): Final=1387.5, Time=94.9, Moves(48)=98.6, Pins(8)=800.0, Dist=394.0, Win Bonus=0.0
[2026-05-22 10:26:36] SCORE HelloWorld (gray0): Final=771.4, Time=71.1, Moves(43)=88.2, Pins(3)=300.0, Dist=312.0, Win Bonus=0.0
[2026-05-22 10:26:36] SCORE Group 16 (red): Final=913.3, Time=94.7, Moves(48)=98.6, Pins(4)=400.0, Dist=320.0, Win Bonus=0.0
[2026-05-22 10:26:36] ALL WRONG MOVES BY COLOUR: {'gray0': ['2 (turn timeout)', '5 (turn timeout)', '11 (turn timeout)', '17 (turn timeout)', '20 (turn timeout)', '80 (illegal move)', '102 (illegal move)', '109 (illegal move)']}
[2026-05-22 10:26:36] MOVE 148: Gruppe 69 (lawn green) 78->57 [0.00ms]
[2026-05-22 10:26:36] SCORE Gruppe 69 (lawn green): Final=1386.3, Time=94.8, Moves(49)=97.6, Pins(8)=800.0, Dist=394.0, Win Bonus=0.0
[2026-05-22 10:26:36] SCORE HelloWorld (gray0): Final=771.4, Time=71.1, Moves(43)=88.2, Pins(3)=300.0, Dist=312.0, Win Bonus=0.0
[2026-05-22 10:26:36] SCORE Group 16 (red): Final=913.3, Time=94.7, Moves(48)=98.6, Pins(4)=400.0, Dist=320.0, Win Bonus=0.0
[2026-05-22 10:26:36] ALL WRONG MOVES BY COLOUR: {'gray0': ['2 (turn timeout)', '5 (turn timeout)', '11 (turn timeout)', '17 (turn timeout)', '20 (turn timeout)', '80 (illegal move)', '102 (illegal move)', '109 (illegal move)']}
[2026-05-22 10:26:37] MOVE 149: HelloWorld (gray0) 42->44 [0.01ms]
[2026-05-22 10:26:37] SCORE Gruppe 69 (lawn green): Final=1386.3, Time=94.8, Moves(49)=97.6, Pins(8)=800.0, Dist=394.0, Win Bonus=0.0
[2026-05-22 10:26:37] SCORE HelloWorld (gray0): Final=883.4, Time=70.5, Moves(44)=96.9, Pins(4)=400.0, Dist=316.0, Win Bonus=0.0
[2026-05-22 10:26:37] SCORE Group 16 (red): Final=913.3, Time=94.7, Moves(48)=98.6, Pins(4)=400.0, Dist=320.0, Win Bonus=0.0
[2026-05-22 10:26:37] ALL WRONG MOVES BY COLOUR: {'gray0': ['2 (turn timeout)', '5 (turn timeout)', '11 (turn timeout)', '17 (turn timeout)', '20 (turn timeout)', '80 (illegal move)', '102 (illegal move)', '109 (illegal move)']}
[2026-05-22 10:26:37] MOVE 150: Group 16 (red) 2->9 [0.00ms]
[2026-05-22 10:26:37] SCORE Gruppe 69 (lawn green): Final=1386.3, Time=94.8, Moves(49)=97.6, Pins(8)=800.0, Dist=394.0, Win Bonus=0.0
[2026-05-22 10:26:37] SCORE HelloWorld (gray0): Final=883.4, Time=70.5, Moves(44)=96.9, Pins(4)=400.0, Dist=316.0, Win Bonus=0.0
[2026-05-22 10:26:37] SCORE Group 16 (red): Final=912.1, Time=94.6, Moves(49)=97.6, Pins(4)=400.0, Dist=320.0, Win Bonus=0.0
[2026-05-22 10:26:37] ALL WRONG MOVES BY COLOUR: {'gray0': ['2 (turn timeout)', '5 (turn timeout)', '11 (turn timeout)', '17 (turn timeout)', '20 (turn timeout)', '80 (illegal move)', '102 (illegal move)', '109 (illegal move)']}
[2026-05-22 10:26:37] MOVE 151: Gruppe 69 (lawn green) 57->66 [0.00ms]
[2026-05-22 10:26:37] SCORE Gruppe 69 (lawn green): Final=1386.9, Time=94.7, Moves(50)=96.2, Pins(8)=800.0, Dist=396.0, Win Bonus=0.0
[2026-05-22 10:26:37] SCORE HelloWorld (gray0): Final=883.4, Time=70.5, Moves(44)=96.9, Pins(4)=400.0, Dist=316.0, Win Bonus=0.0
[2026-05-22 10:26:37] SCORE Group 16 (red): Final=912.1, Time=94.6, Moves(49)=97.6, Pins(4)=400.0, Dist=320.0, Win Bonus=0.0
[2026-05-22 10:26:37] ALL WRONG MOVES BY COLOUR: {'gray0': ['2 (turn timeout)', '5 (turn timeout)', '11 (turn timeout)', '17 (turn timeout)', '20 (turn timeout)', '80 (illegal move)', '102 (illegal move)', '109 (illegal move)']}
[2026-05-22 10:26:38] MOVE 152: HelloWorld (gray0) 43->32 [0.00ms]
[2026-05-22 10:26:38] SCORE Gruppe 69 (lawn green): Final=1386.9, Time=94.7, Moves(50)=96.2, Pins(8)=800.0, Dist=396.0, Win Bonus=0.0
[2026-05-22 10:26:38] SCORE HelloWorld (gray0): Final=987.9, Time=69.9, Moves(45)=100.0, Pins(5)=500.0, Dist=318.0, Win Bonus=0.0
[2026-05-22 10:26:38] SCORE Group 16 (red): Final=912.1, Time=94.6, Moves(49)=97.6, Pins(4)=400.0, Dist=320.0, Win Bonus=0.0
[2026-05-22 10:26:38] ALL WRONG MOVES BY COLOUR: {'gray0': ['2 (turn timeout)', '5 (turn timeout)', '11 (turn timeout)', '17 (turn timeout)', '20 (turn timeout)', '80 (illegal move)', '102 (illegal move)', '109 (illegal move)']}
[2026-05-22 10:26:38] MOVE 153: Group 16 (red) 5->8 [0.00ms]
[2026-05-22 10:26:38] SCORE Gruppe 69 (lawn green): Final=1386.9, Time=94.7, Moves(50)=96.2, Pins(8)=800.0, Dist=396.0, Win Bonus=0.0
[2026-05-22 10:26:38] SCORE HelloWorld (gray0): Final=987.9, Time=69.9, Moves(45)=100.0, Pins(5)=500.0, Dist=318.0, Win Bonus=0.0
[2026-05-22 10:26:38] SCORE Group 16 (red): Final=910.7, Time=94.5, Moves(50)=96.2, Pins(4)=400.0, Dist=320.0, Win Bonus=0.0
[2026-05-22 10:26:38] ALL WRONG MOVES BY COLOUR: {'gray0': ['2 (turn timeout)', '5 (turn timeout)', '11 (turn timeout)', '17 (turn timeout)', '20 (turn timeout)', '80 (illegal move)', '102 (illegal move)', '109 (illegal move)']}
[2026-05-22 10:26:38] MOVE 154: Gruppe 69 (lawn green) 102->103 [0.00ms]
[2026-05-22 10:26:38] SCORE Gruppe 69 (lawn green): Final=1383.2, Time=94.6, Moves(51)=94.6, Pins(8)=800.0, Dist=394.0, Win Bonus=0.0
[2026-05-22 10:26:38] SCORE HelloWorld (gray0): Final=987.9, Time=69.9, Moves(45)=100.0, Pins(5)=500.0, Dist=318.0, Win Bonus=0.0
[2026-05-22 10:26:38] SCORE Group 16 (red): Final=910.7, Time=94.5, Moves(50)=96.2, Pins(4)=400.0, Dist=320.0, Win Bonus=0.0
[2026-05-22 10:26:38] ALL WRONG MOVES BY COLOUR: {'gray0': ['2 (turn timeout)', '5 (turn timeout)', '11 (turn timeout)', '17 (turn timeout)', '20 (turn timeout)', '80 (illegal move)', '102 (illegal move)', '109 (illegal move)']}
[2026-05-22 10:26:39] MOVE 155: HelloWorld (gray0) 32->34 [0.00ms]
[2026-05-22 10:26:39] SCORE Gruppe 69 (lawn green): Final=1383.2, Time=94.6, Moves(51)=94.6, Pins(8)=800.0, Dist=394.0, Win Bonus=0.0
[2026-05-22 10:26:39] SCORE HelloWorld (gray0): Final=986.9, Time=69.1, Moves(46)=99.8, Pins(5)=500.0, Dist=318.0, Win Bonus=0.0
[2026-05-22 10:26:39] SCORE Group 16 (red): Final=910.7, Time=94.5, Moves(50)=96.2, Pins(4)=400.0, Dist=320.0, Win Bonus=0.0
[2026-05-22 10:26:39] ALL WRONG MOVES BY COLOUR: {'gray0': ['2 (turn timeout)', '5 (turn timeout)', '11 (turn timeout)', '17 (turn timeout)', '20 (turn timeout)', '80 (illegal move)', '102 (illegal move)', '109 (illegal move)']}
[2026-05-22 10:26:39] MOVE 156: Group 16 (red) 9->5 [0.01ms]
[2026-05-22 10:26:39] SCORE Gruppe 69 (lawn green): Final=1383.2, Time=94.6, Moves(51)=94.6, Pins(8)=800.0, Dist=394.0, Win Bonus=0.0
[2026-05-22 10:26:39] SCORE HelloWorld (gray0): Final=986.9, Time=69.1, Moves(46)=99.8, Pins(5)=500.0, Dist=318.0, Win Bonus=0.0
[2026-05-22 10:26:39] SCORE Group 16 (red): Final=909.0, Time=94.4, Moves(51)=94.6, Pins(4)=400.0, Dist=320.0, Win Bonus=0.0
[2026-05-22 10:26:39] ALL WRONG MOVES BY COLOUR: {'gray0': ['2 (turn timeout)', '5 (turn timeout)', '11 (turn timeout)', '17 (turn timeout)', '20 (turn timeout)', '80 (illegal move)', '102 (illegal move)', '109 (illegal move)']}
[2026-05-22 10:26:39] MOVE 157: Gruppe 69 (lawn green) 103->78 [0.00ms]
[2026-05-22 10:26:39] SCORE Gruppe 69 (lawn green): Final=1381.2, Time=94.5, Moves(52)=92.7, Pins(8)=800.0, Dist=394.0, Win Bonus=0.0
[2026-05-22 10:26:39] SCORE HelloWorld (gray0): Final=986.9, Time=69.1, Moves(46)=99.8, Pins(5)=500.0, Dist=318.0, Win Bonus=0.0
[2026-05-22 10:26:39] SCORE Group 16 (red): Final=909.0, Time=94.4, Moves(51)=94.6, Pins(4)=400.0, Dist=320.0, Win Bonus=0.0
[2026-05-22 10:26:39] ALL WRONG MOVES BY COLOUR: {'gray0': ['2 (turn timeout)', '5 (turn timeout)', '11 (turn timeout)', '17 (turn timeout)', '20 (turn timeout)', '80 (illegal move)', '102 (illegal move)', '109 (illegal move)']}
[2026-05-22 10:26:40] MOVE 158: HelloWorld (gray0) 7->9 [0.00ms]
[2026-05-22 10:26:40] SCORE Gruppe 69 (lawn green): Final=1381.2, Time=94.5, Moves(52)=92.7, Pins(8)=800.0, Dist=394.0, Win Bonus=0.0
[2026-05-22 10:26:40] SCORE HelloWorld (gray0): Final=989.7, Time=68.4, Moves(47)=99.4, Pins(5)=500.0, Dist=322.0, Win Bonus=0.0
[2026-05-22 10:26:40] SCORE Group 16 (red): Final=909.0, Time=94.4, Moves(51)=94.6, Pins(4)=400.0, Dist=320.0, Win Bonus=0.0
[2026-05-22 10:26:40] ALL WRONG MOVES BY COLOUR: {'gray0': ['2 (turn timeout)', '5 (turn timeout)', '11 (turn timeout)', '17 (turn timeout)', '20 (turn timeout)', '80 (illegal move)', '102 (illegal move)', '109 (illegal move)']}
[2026-05-22 10:26:40] MOVE 159: Group 16 (red) 6->7 [0.00ms]
[2026-05-22 10:26:40] SCORE Gruppe 69 (lawn green): Final=1381.2, Time=94.5, Moves(52)=92.7, Pins(8)=800.0, Dist=394.0, Win Bonus=0.0
[2026-05-22 10:26:40] SCORE HelloWorld (gray0): Final=989.7, Time=68.4, Moves(47)=99.4, Pins(5)=500.0, Dist=322.0, Win Bonus=0.0
[2026-05-22 10:26:40] SCORE Group 16 (red): Final=907.0, Time=94.3, Moves(52)=92.7, Pins(4)=400.0, Dist=320.0, Win Bonus=0.0
[2026-05-22 10:26:40] ALL WRONG MOVES BY COLOUR: {'gray0': ['2 (turn timeout)', '5 (turn timeout)', '11 (turn timeout)', '17 (turn timeout)', '20 (turn timeout)', '80 (illegal move)', '102 (illegal move)', '109 (illegal move)']}
[2026-05-22 10:26:40] MOVE 160: Gruppe 69 (lawn green) 78->57 [0.00ms]
[2026-05-22 10:26:40] SCORE Gruppe 69 (lawn green): Final=1379.0, Time=94.4, Moves(53)=90.6, Pins(8)=800.0, Dist=394.0, Win Bonus=0.0
[2026-05-22 10:26:40] SCORE HelloWorld (gray0): Final=989.7, Time=68.4, Moves(47)=99.4, Pins(5)=500.0, Dist=322.0, Win Bonus=0.0
[2026-05-22 10:26:40] SCORE Group 16 (red): Final=907.0, Time=94.3, Moves(52)=92.7, Pins(4)=400.0, Dist=320.0, Win Bonus=0.0
[2026-05-22 10:26:40] ALL WRONG MOVES BY COLOUR: {'gray0': ['2 (turn timeout)', '5 (turn timeout)', '11 (turn timeout)', '17 (turn timeout)', '20 (turn timeout)', '80 (illegal move)', '102 (illegal move)', '109 (illegal move)']}
[2026-05-22 10:26:40] MOVE 161: HelloWorld (gray0) 44->33 [0.00ms]
[2026-05-22 10:26:40] SCORE Gruppe 69 (lawn green): Final=1379.0, Time=94.4, Moves(53)=90.6, Pins(8)=800.0, Dist=394.0, Win Bonus=0.0
[2026-05-22 10:26:40] SCORE HelloWorld (gray0): Final=988.3, Time=67.7, Moves(48)=98.6, Pins(5)=500.0, Dist=322.0, Win Bonus=0.0
[2026-05-22 10:26:40] SCORE Group 16 (red): Final=907.0, Time=94.3, Moves(52)=92.7, Pins(4)=400.0, Dist=320.0, Win Bonus=0.0
[2026-05-22 10:26:40] ALL WRONG MOVES BY COLOUR: {'gray0': ['2 (turn timeout)', '5 (turn timeout)', '11 (turn timeout)', '17 (turn timeout)', '20 (turn timeout)', '80 (illegal move)', '102 (illegal move)', '109 (illegal move)']}
[2026-05-22 10:26:41] MOVE 162: Group 16 (red) 8->6 [0.00ms]
[2026-05-22 10:26:41] SCORE Gruppe 69 (lawn green): Final=1379.0, Time=94.4, Moves(53)=90.6, Pins(8)=800.0, Dist=394.0, Win Bonus=0.0
[2026-05-22 10:26:41] SCORE HelloWorld (gray0): Final=988.3, Time=67.7, Moves(48)=98.6, Pins(5)=500.0, Dist=322.0, Win Bonus=0.0
[2026-05-22 10:26:41] SCORE Group 16 (red): Final=904.7, Time=94.1, Moves(53)=90.6, Pins(4)=400.0, Dist=320.0, Win Bonus=0.0
[2026-05-22 10:26:41] ALL WRONG MOVES BY COLOUR: {'gray0': ['2 (turn timeout)', '5 (turn timeout)', '11 (turn timeout)', '17 (turn timeout)', '20 (turn timeout)', '80 (illegal move)', '102 (illegal move)', '109 (illegal move)']}
[2026-05-22 10:26:41] MOVE 163: Gruppe 69 (lawn green) 57->56 [0.00ms]
[2026-05-22 10:26:41] SCORE Gruppe 69 (lawn green): Final=1378.6, Time=94.3, Moves(54)=88.2, Pins(8)=800.0, Dist=396.0, Win Bonus=0.0
[2026-05-22 10:26:41] SCORE HelloWorld (gray0): Final=988.3, Time=67.7, Moves(48)=98.6, Pins(5)=500.0, Dist=322.0, Win Bonus=0.0
[2026-05-22 10:26:41] SCORE Group 16 (red): Final=904.7, Time=94.1, Moves(53)=90.6, Pins(4)=400.0, Dist=320.0, Win Bonus=0.0
[2026-05-22 10:26:41] ALL WRONG MOVES BY COLOUR: {'gray0': ['2 (turn timeout)', '5 (turn timeout)', '11 (turn timeout)', '17 (turn timeout)', '20 (turn timeout)', '80 (illegal move)', '102 (illegal move)', '109 (illegal move)']}
[2026-05-22 10:26:41] MOVE 164: HelloWorld (gray0) 9->18 [0.00ms]
[2026-05-22 10:26:41] SCORE Gruppe 69 (lawn green): Final=1378.6, Time=94.3, Moves(54)=88.2, Pins(8)=800.0, Dist=396.0, Win Bonus=0.0
[2026-05-22 10:26:41] SCORE HelloWorld (gray0): Final=988.4, Time=66.9, Moves(49)=97.6, Pins(5)=500.0, Dist=324.0, Win Bonus=0.0
[2026-05-22 10:26:41] SCORE Group 16 (red): Final=904.7, Time=94.1, Moves(53)=90.6, Pins(4)=400.0, Dist=320.0, Win Bonus=0.0
[2026-05-22 10:26:42] ALL WRONG MOVES BY COLOUR: {'gray0': ['2 (turn timeout)', '5 (turn timeout)', '11 (turn timeout)', '17 (turn timeout)', '20 (turn timeout)', '80 (illegal move)', '102 (illegal move)', '109 (illegal move)']}
[2026-05-22 10:26:42] MOVE 165: Group 16 (red) 5->8 [0.00ms]
[2026-05-22 10:26:42] SCORE Gruppe 69 (lawn green): Final=1378.6, Time=94.3, Moves(54)=88.2, Pins(8)=800.0, Dist=396.0, Win Bonus=0.0
[2026-05-22 10:26:42] SCORE HelloWorld (gray0): Final=988.4, Time=66.9, Moves(49)=97.6, Pins(5)=500.0, Dist=324.0, Win Bonus=0.0
[2026-05-22 10:26:42] SCORE Group 16 (red): Final=902.3, Time=94.0, Moves(54)=88.2, Pins(4)=400.0, Dist=320.0, Win Bonus=0.0
[2026-05-22 10:26:42] ALL WRONG MOVES BY COLOUR: {'gray0': ['2 (turn timeout)', '5 (turn timeout)', '11 (turn timeout)', '17 (turn timeout)', '20 (turn timeout)', '80 (illegal move)', '102 (illegal move)', '109 (illegal move)']}
[2026-05-22 10:26:42] MOVE 166: Gruppe 69 (lawn green) 66->46 [0.00ms]
[2026-05-22 10:26:42] SCORE Gruppe 69 (lawn green): Final=1374.0, Time=94.3, Moves(55)=85.7, Pins(8)=800.0, Dist=394.0, Win Bonus=0.0
[2026-05-22 10:26:42] SCORE HelloWorld (gray0): Final=988.4, Time=66.9, Moves(49)=97.6, Pins(5)=500.0, Dist=324.0, Win Bonus=0.0
[2026-05-22 10:26:42] SCORE Group 16 (red): Final=902.3, Time=94.0, Moves(54)=88.2, Pins(4)=400.0, Dist=320.0, Win Bonus=0.0
[2026-05-22 10:26:42] ALL WRONG MOVES BY COLOUR: {'gray0': ['2 (turn timeout)', '5 (turn timeout)', '11 (turn timeout)', '17 (turn timeout)', '20 (turn timeout)', '80 (illegal move)', '102 (illegal move)', '109 (illegal move)']}
[2026-05-22 10:26:42] MOVE 167: HelloWorld (gray0) 67->66 [0.00ms]
[2026-05-22 10:26:42] SCORE Gruppe 69 (lawn green): Final=1374.0, Time=94.3, Moves(55)=85.7, Pins(8)=800.0, Dist=394.0, Win Bonus=0.0
[2026-05-22 10:26:42] SCORE HelloWorld (gray0): Final=985.0, Time=66.7, Moves(50)=96.2, Pins(5)=500.0, Dist=322.0, Win Bonus=0.0
[2026-05-22 10:26:42] SCORE Group 16 (red): Final=902.3, Time=94.0, Moves(54)=88.2, Pins(4)=400.0, Dist=320.0, Win Bonus=0.0
[2026-05-22 10:26:42] ALL WRONG MOVES BY COLOUR: {'gray0': ['2 (turn timeout)', '5 (turn timeout)', '11 (turn timeout)', '17 (turn timeout)', '20 (turn timeout)', '80 (illegal move)', '102 (illegal move)', '109 (illegal move)']}
[2026-05-22 10:26:42] MOVE 168: Group 16 (red) 0->1 [0.00ms]
[2026-05-22 10:26:42] SCORE Gruppe 69 (lawn green): Final=1374.0, Time=94.3, Moves(55)=85.7, Pins(8)=800.0, Dist=394.0, Win Bonus=0.0
[2026-05-22 10:26:42] SCORE HelloWorld (gray0): Final=985.0, Time=66.7, Moves(50)=96.2, Pins(5)=500.0, Dist=322.0, Win Bonus=0.0
[2026-05-22 10:26:42] SCORE Group 16 (red): Final=899.7, Time=94.0, Moves(55)=85.7, Pins(4)=400.0, Dist=320.0, Win Bonus=0.0
[2026-05-22 10:26:42] ALL WRONG MOVES BY COLOUR: {'gray0': ['2 (turn timeout)', '5 (turn timeout)', '11 (turn timeout)', '17 (turn timeout)', '20 (turn timeout)', '80 (illegal move)', '102 (illegal move)', '109 (illegal move)']}
[2026-05-22 10:26:42] MOVE 169: Gruppe 69 (lawn green) 46->36 [0.00ms]
[2026-05-22 10:26:42] SCORE Gruppe 69 (lawn green): Final=1369.1, Time=94.1, Moves(56)=83.0, Pins(8)=800.0, Dist=392.0, Win Bonus=0.0
[2026-05-22 10:26:42] SCORE HelloWorld (gray0): Final=985.0, Time=66.7, Moves(50)=96.2, Pins(5)=500.0, Dist=322.0, Win Bonus=0.0
[2026-05-22 10:26:42] SCORE Group 16 (red): Final=899.7, Time=94.0, Moves(55)=85.7, Pins(4)=400.0, Dist=320.0, Win Bonus=0.0
[2026-05-22 10:26:42] ALL WRONG MOVES BY COLOUR: {'gray0': ['2 (turn timeout)', '5 (turn timeout)', '11 (turn timeout)', '17 (turn timeout)', '20 (turn timeout)', '80 (illegal move)', '102 (illegal move)', '109 (illegal move)']}
[2026-05-22 10:26:42] MOVE 170: HelloWorld (gray0) 66->46 [0.00ms]
[2026-05-22 10:26:42] SCORE Gruppe 69 (lawn green): Final=1369.1, Time=94.1, Moves(56)=83.0, Pins(8)=800.0, Dist=392.0, Win Bonus=0.0
[2026-05-22 10:26:42] SCORE HelloWorld (gray0): Final=983.2, Time=66.6, Moves(51)=94.6, Pins(5)=500.0, Dist=322.0, Win Bonus=0.0
[2026-05-22 10:26:42] SCORE Group 16 (red): Final=899.7, Time=94.0, Moves(55)=85.7, Pins(4)=400.0, Dist=320.0, Win Bonus=0.0
[2026-05-22 10:26:42] ALL WRONG MOVES BY COLOUR: {'gray0': ['2 (turn timeout)', '5 (turn timeout)', '11 (turn timeout)', '17 (turn timeout)', '20 (turn timeout)', '80 (illegal move)', '102 (illegal move)', '109 (illegal move)']}
[2026-05-22 10:26:42] MOVE 171: Group 16 (red) 92->71 [0.00ms]
[2026-05-22 10:26:42] SCORE Gruppe 69 (lawn green): Final=1369.1, Time=94.1, Moves(56)=83.0, Pins(8)=800.0, Dist=392.0, Win Bonus=0.0
[2026-05-22 10:26:42] SCORE HelloWorld (gray0): Final=983.2, Time=66.6, Moves(51)=94.6, Pins(5)=500.0, Dist=322.0, Win Bonus=0.0
[2026-05-22 10:26:42] SCORE Group 16 (red): Final=900.9, Time=93.9, Moves(56)=83.0, Pins(4)=400.0, Dist=324.0, Win Bonus=0.0
[2026-05-22 10:26:42] ALL WRONG MOVES BY COLOUR: {'gray0': ['2 (turn timeout)', '5 (turn timeout)', '11 (turn timeout)', '17 (turn timeout)', '20 (turn timeout)', '80 (illegal move)', '102 (illegal move)', '109 (illegal move)']}
[2026-05-22 10:26:42] MOVE 172: Gruppe 69 (lawn green) 36->35 [0.00ms]
[2026-05-22 10:26:42] SCORE Gruppe 69 (lawn green): Final=1366.1, Time=94.0, Moves(57)=80.1, Pins(8)=800.0, Dist=392.0, Win Bonus=0.0
[2026-05-22 10:26:42] SCORE HelloWorld (gray0): Final=983.2, Time=66.6, Moves(51)=94.6, Pins(5)=500.0, Dist=322.0, Win Bonus=0.0
[2026-05-22 10:26:42] SCORE Group 16 (red): Final=900.9, Time=93.9, Moves(56)=83.0, Pins(4)=400.0, Dist=324.0, Win Bonus=0.0
[2026-05-22 10:26:42] ALL WRONG MOVES BY COLOUR: {'gray0': ['2 (turn timeout)', '5 (turn timeout)', '11 (turn timeout)', '17 (turn timeout)', '20 (turn timeout)', '80 (illegal move)', '102 (illegal move)', '109 (illegal move)']}
[2026-05-22 10:26:43] MOVE 173: HelloWorld (gray0) 18->19 [0.00ms]
[2026-05-22 10:26:43] SCORE Gruppe 69 (lawn green): Final=1366.1, Time=94.0, Moves(57)=80.1, Pins(8)=800.0, Dist=392.0, Win Bonus=0.0
[2026-05-22 10:26:43] SCORE HelloWorld (gray0): Final=1082.6, Time=65.9, Moves(52)=92.7, Pins(6)=600.0, Dist=324.0, Win Bonus=0.0
[2026-05-22 10:26:43] SCORE Group 16 (red): Final=900.9, Time=93.9, Moves(56)=83.0, Pins(4)=400.0, Dist=324.0, Win Bonus=0.0
[2026-05-22 10:26:43] ALL WRONG MOVES BY COLOUR: {'gray0': ['2 (turn timeout)', '5 (turn timeout)', '11 (turn timeout)', '17 (turn timeout)', '20 (turn timeout)', '80 (illegal move)', '102 (illegal move)', '109 (illegal move)']}
[2026-05-22 10:26:43] MOVE 174: Group 16 (red) 1->2 [0.00ms]
[2026-05-22 10:26:43] SCORE Gruppe 69 (lawn green): Final=1366.1, Time=94.0, Moves(57)=80.1, Pins(8)=800.0, Dist=392.0, Win Bonus=0.0
[2026-05-22 10:26:43] SCORE HelloWorld (gray0): Final=1082.6, Time=65.9, Moves(52)=92.7, Pins(6)=600.0, Dist=324.0, Win Bonus=0.0
[2026-05-22 10:26:43] SCORE Group 16 (red): Final=897.9, Time=93.8, Moves(57)=80.1, Pins(4)=400.0, Dist=324.0, Win Bonus=0.0
[2026-05-22 10:26:43] ALL WRONG MOVES BY COLOUR: {'gray0': ['2 (turn timeout)', '5 (turn timeout)', '11 (turn timeout)', '17 (turn timeout)', '20 (turn timeout)', '80 (illegal move)', '102 (illegal move)', '109 (illegal move)']}
[2026-05-22 10:26:43] MOVE 175: Gruppe 69 (lawn green) 35->23 [0.00ms]
[2026-05-22 10:26:43] SCORE Gruppe 69 (lawn green): Final=1361.0, Time=93.9, Moves(58)=77.0, Pins(8)=800.0, Dist=390.0, Win Bonus=0.0
[2026-05-22 10:26:43] SCORE HelloWorld (gray0): Final=1082.6, Time=65.9, Moves(52)=92.7, Pins(6)=600.0, Dist=324.0, Win Bonus=0.0
[2026-05-22 10:26:43] SCORE Group 16 (red): Final=897.9, Time=93.8, Moves(57)=80.1, Pins(4)=400.0, Dist=324.0, Win Bonus=0.0
[2026-05-22 10:26:43] ALL WRONG MOVES BY COLOUR: {'gray0': ['2 (turn timeout)', '5 (turn timeout)', '11 (turn timeout)', '17 (turn timeout)', '20 (turn timeout)', '80 (illegal move)', '102 (illegal move)', '109 (illegal move)']}
[2026-05-22 10:26:44] MOVE 176: HelloWorld (gray0) 81->62 [0.00ms]
[2026-05-22 10:26:44] SCORE Gruppe 69 (lawn green): Final=1361.0, Time=93.9, Moves(58)=77.0, Pins(8)=800.0, Dist=390.0, Win Bonus=0.0
[2026-05-22 10:26:44] SCORE HelloWorld (gray0): Final=1083.8, Time=65.2, Moves(53)=90.6, Pins(6)=600.0, Dist=328.0, Win Bonus=0.0
[2026-05-22 10:26:44] SCORE Group 16 (red): Final=897.9, Time=93.8, Moves(57)=80.1, Pins(4)=400.0, Dist=324.0, Win Bonus=0.0
[2026-05-22 10:26:44] ALL WRONG MOVES BY COLOUR: {'gray0': ['2 (turn timeout)', '5 (turn timeout)', '11 (turn timeout)', '17 (turn timeout)', '20 (turn timeout)', '80 (illegal move)', '102 (illegal move)', '109 (illegal move)']}
[2026-05-22 10:26:44] MOVE 177: Group 16 (red) 71->61 [0.00ms]
[2026-05-22 10:26:44] SCORE Gruppe 69 (lawn green): Final=1361.0, Time=93.9, Moves(58)=77.0, Pins(8)=800.0, Dist=390.0, Win Bonus=0.0
[2026-05-22 10:26:44] SCORE HelloWorld (gray0): Final=1083.8, Time=65.2, Moves(53)=90.6, Pins(6)=600.0, Dist=328.0, Win Bonus=0.0
[2026-05-22 10:26:44] SCORE Group 16 (red): Final=896.8, Time=93.8, Moves(58)=77.0, Pins(4)=400.0, Dist=326.0, Win Bonus=0.0
[2026-05-22 10:26:44] ALL WRONG MOVES BY COLOUR: {'gray0': ['2 (turn timeout)', '5 (turn timeout)', '11 (turn timeout)', '17 (turn timeout)', '20 (turn timeout)', '80 (illegal move)', '102 (illegal move)', '109 (illegal move)']}
[2026-05-22 10:26:44] MOVE 178: Gruppe 69 (lawn green) 23->24 [0.00ms]
[2026-05-22 10:26:44] SCORE Gruppe 69 (lawn green): Final=1357.7, Time=93.8, Moves(59)=73.9, Pins(8)=800.0, Dist=390.0, Win Bonus=0.0
[2026-05-22 10:26:44] SCORE HelloWorld (gray0): Final=1083.8, Time=65.2, Moves(53)=90.6, Pins(6)=600.0, Dist=328.0, Win Bonus=0.0
[2026-05-22 10:26:44] SCORE Group 16 (red): Final=896.8, Time=93.8, Moves(58)=77.0, Pins(4)=400.0, Dist=326.0, Win Bonus=0.0
[2026-05-22 10:26:44] ALL WRONG MOVES BY COLOUR: {'gray0': ['2 (turn timeout)', '5 (turn timeout)', '11 (turn timeout)', '17 (turn timeout)', '20 (turn timeout)', '80 (illegal move)', '102 (illegal move)', '109 (illegal move)']}
[2026-05-22 10:26:45] MOVE 179: HelloWorld (gray0) 62->53 [0.00ms]
[2026-05-22 10:26:45] SCORE Gruppe 69 (lawn green): Final=1357.7, Time=93.8, Moves(59)=73.9, Pins(8)=800.0, Dist=390.0, Win Bonus=0.0
[2026-05-22 10:26:45] SCORE HelloWorld (gray0): Final=1082.7, Time=64.5, Moves(54)=88.2, Pins(6)=600.0, Dist=330.0, Win Bonus=0.0
[2026-05-22 10:26:45] SCORE Group 16 (red): Final=896.8, Time=93.8, Moves(58)=77.0, Pins(4)=400.0, Dist=326.0, Win Bonus=0.0
[2026-05-22 10:26:45] ALL WRONG MOVES BY COLOUR: {'gray0': ['2 (turn timeout)', '5 (turn timeout)', '11 (turn timeout)', '17 (turn timeout)', '20 (turn timeout)', '80 (illegal move)', '102 (illegal move)', '109 (illegal move)']}
[2026-05-22 10:26:45] MOVE 180: Group 16 (red) 29->40 [0.00ms]
[2026-05-22 10:26:45] SCORE Gruppe 69 (lawn green): Final=1357.7, Time=93.8, Moves(59)=73.9, Pins(8)=800.0, Dist=390.0, Win Bonus=0.0
[2026-05-22 10:26:45] SCORE HelloWorld (gray0): Final=1082.7, Time=64.5, Moves(54)=88.2, Pins(6)=600.0, Dist=330.0, Win Bonus=0.0
[2026-05-22 10:26:45] SCORE Group 16 (red): Final=891.6, Time=93.7, Moves(59)=73.9, Pins(4)=400.0, Dist=324.0, Win Bonus=0.0
[2026-05-22 10:26:45] ALL WRONG MOVES BY COLOUR: {'gray0': ['2 (turn timeout)', '5 (turn timeout)', '11 (turn timeout)', '17 (turn timeout)', '20 (turn timeout)', '80 (illegal move)', '102 (illegal move)', '109 (illegal move)']}
[2026-05-22 10:26:45] MOVE 181: Gruppe 69 (lawn green) 24->25 [0.00ms]
[2026-05-22 10:26:45] SCORE Gruppe 69 (lawn green): Final=1354.4, Time=93.7, Moves(60)=70.7, Pins(8)=800.0, Dist=390.0, Win Bonus=0.0
[2026-05-22 10:26:45] SCORE HelloWorld (gray0): Final=1082.7, Time=64.5, Moves(54)=88.2, Pins(6)=600.0, Dist=330.0, Win Bonus=0.0
[2026-05-22 10:26:45] SCORE Group 16 (red): Final=891.6, Time=93.7, Moves(59)=73.9, Pins(4)=400.0, Dist=324.0, Win Bonus=0.0
[2026-05-22 10:26:45] ALL WRONG MOVES BY COLOUR: {'gray0': ['2 (turn timeout)', '5 (turn timeout)', '11 (turn timeout)', '17 (turn timeout)', '20 (turn timeout)', '80 (illegal move)', '102 (illegal move)', '109 (illegal move)']}
[2026-05-22 10:26:46] MOVE 182: HelloWorld (gray0) 46->47 [0.00ms]
[2026-05-22 10:26:46] SCORE Gruppe 69 (lawn green): Final=1354.4, Time=93.7, Moves(60)=70.7, Pins(8)=800.0, Dist=390.0, Win Bonus=0.0
[2026-05-22 10:26:46] SCORE HelloWorld (gray0): Final=1081.5, Time=63.8, Moves(55)=85.7, Pins(6)=600.0, Dist=332.0, Win Bonus=0.0
[2026-05-22 10:26:46] SCORE Group 16 (red): Final=891.6, Time=93.7, Moves(59)=73.9, Pins(4)=400.0, Dist=324.0, Win Bonus=0.0
[2026-05-22 10:26:46] ALL WRONG MOVES BY COLOUR: {'gray0': ['2 (turn timeout)', '5 (turn timeout)', '11 (turn timeout)', '17 (turn timeout)', '20 (turn timeout)', '80 (illegal move)', '102 (illegal move)', '109 (illegal move)']}
[2026-05-22 10:26:46] MOVE 183: Group 16 (red) 40->28 [0.00ms]
[2026-05-22 10:26:46] SCORE Gruppe 69 (lawn green): Final=1354.4, Time=93.7, Moves(60)=70.7, Pins(8)=800.0, Dist=390.0, Win Bonus=0.0
[2026-05-22 10:26:46] SCORE HelloWorld (gray0): Final=1081.5, Time=63.8, Moves(55)=85.7, Pins(6)=600.0, Dist=332.0, Win Bonus=0.0
[2026-05-22 10:26:46] SCORE Group 16 (red): Final=890.3, Time=93.6, Moves(60)=70.7, Pins(4)=400.0, Dist=326.0, Win Bonus=0.0
[2026-05-22 10:26:46] ALL WRONG MOVES BY COLOUR: {'gray0': ['2 (turn timeout)', '5 (turn timeout)', '11 (turn timeout)', '17 (turn timeout)', '20 (turn timeout)', '80 (illegal move)', '102 (illegal move)', '109 (illegal move)']}
[2026-05-22 10:26:46] MOVE 184: Gruppe 69 (lawn green) 25->26 [0.00ms]
[2026-05-22 10:26:46] SCORE Gruppe 69 (lawn green): Final=1351.0, Time=93.6, Moves(61)=67.4, Pins(8)=800.0, Dist=390.0, Win Bonus=0.0
[2026-05-22 10:26:46] SCORE HelloWorld (gray0): Final=1081.5, Time=63.8, Moves(55)=85.7, Pins(6)=600.0, Dist=332.0, Win Bonus=0.0
[2026-05-22 10:26:46] SCORE Group 16 (red): Final=890.3, Time=93.6, Moves(60)=70.7, Pins(4)=400.0, Dist=326.0, Win Bonus=0.0
[2026-05-22 10:26:46] ALL WRONG MOVES BY COLOUR: {'gray0': ['2 (turn timeout)', '5 (turn timeout)', '11 (turn timeout)', '17 (turn timeout)', '20 (turn timeout)', '80 (illegal move)', '102 (illegal move)', '109 (illegal move)']}
[2026-05-22 10:26:47] MOVE 185: HelloWorld (gray0) 47->48 [0.00ms]
[2026-05-22 10:26:47] SCORE Gruppe 69 (lawn green): Final=1351.0, Time=93.6, Moves(61)=67.4, Pins(8)=800.0, Dist=390.0, Win Bonus=0.0
[2026-05-22 10:26:47] SCORE HelloWorld (gray0): Final=1080.1, Time=63.1, Moves(56)=83.0, Pins(6)=600.0, Dist=334.0, Win Bonus=0.0
[2026-05-22 10:26:47] SCORE Group 16 (red): Final=890.3, Time=93.6, Moves(60)=70.7, Pins(4)=400.0, Dist=326.0, Win Bonus=0.0
[2026-05-22 10:26:47] ALL WRONG MOVES BY COLOUR: {'gray0': ['2 (turn timeout)', '5 (turn timeout)', '11 (turn timeout)', '17 (turn timeout)', '20 (turn timeout)', '80 (illegal move)', '102 (illegal move)', '109 (illegal move)']}
[2026-05-22 10:26:47] MOVE 186: Group 16 (red) 61->51 [0.00ms]
[2026-05-22 10:26:47] SCORE Gruppe 69 (lawn green): Final=1351.0, Time=93.6, Moves(61)=67.4, Pins(8)=800.0, Dist=390.0, Win Bonus=0.0
[2026-05-22 10:26:47] SCORE HelloWorld (gray0): Final=1080.1, Time=63.1, Moves(56)=83.0, Pins(6)=600.0, Dist=334.0, Win Bonus=0.0
[2026-05-22 10:26:47] SCORE Group 16 (red): Final=888.9, Time=93.5, Moves(61)=67.4, Pins(4)=400.0, Dist=328.0, Win Bonus=0.0
[2026-05-22 10:26:47] ALL WRONG MOVES BY COLOUR: {'gray0': ['2 (turn timeout)', '5 (turn timeout)', '11 (turn timeout)', '17 (turn timeout)', '20 (turn timeout)', '80 (illegal move)', '102 (illegal move)', '109 (illegal move)']}
[2026-05-22 10:26:47] MOVE 187: Gruppe 69 (lawn green) 26->38 [0.00ms]
[2026-05-22 10:26:47] SCORE Gruppe 69 (lawn green): Final=1347.5, Time=93.5, Moves(62)=64.0, Pins(8)=800.0, Dist=390.0, Win Bonus=0.0
[2026-05-22 10:26:47] SCORE HelloWorld (gray0): Final=1080.1, Time=63.1, Moves(56)=83.0, Pins(6)=600.0, Dist=334.0, Win Bonus=0.0
[2026-05-22 10:26:47] SCORE Group 16 (red): Final=888.9, Time=93.5, Moves(61)=67.4, Pins(4)=400.0, Dist=328.0, Win Bonus=0.0
[2026-05-22 10:26:47] ALL WRONG MOVES BY COLOUR: {'gray0': ['2 (turn timeout)', '5 (turn timeout)', '11 (turn timeout)', '17 (turn timeout)', '20 (turn timeout)', '80 (illegal move)', '102 (illegal move)', '109 (illegal move)']}
[2026-05-22 10:26:47] MOVE 188: HelloWorld (gray0) 48->29 [0.00ms]
[2026-05-22 10:26:47] SCORE Gruppe 69 (lawn green): Final=1347.5, Time=93.5, Moves(62)=64.0, Pins(8)=800.0, Dist=390.0, Win Bonus=0.0
[2026-05-22 10:26:47] SCORE HelloWorld (gray0): Final=1084.5, Time=62.5, Moves(57)=80.1, Pins(6)=600.0, Dist=342.0, Win Bonus=0.0
[2026-05-22 10:26:47] SCORE Group 16 (red): Final=888.9, Time=93.5, Moves(61)=67.4, Pins(4)=400.0, Dist=328.0, Win Bonus=0.0
[2026-05-22 10:26:47] ALL WRONG MOVES BY COLOUR: {'gray0': ['2 (turn timeout)', '5 (turn timeout)', '11 (turn timeout)', '17 (turn timeout)', '20 (turn timeout)', '80 (illegal move)', '102 (illegal move)', '109 (illegal move)']}
[2026-05-22 10:26:48] MOVE 189: Group 16 (red) 51->40 [0.00ms]
[2026-05-22 10:26:48] SCORE Gruppe 69 (lawn green): Final=1347.5, Time=93.5, Moves(62)=64.0, Pins(8)=800.0, Dist=390.0, Win Bonus=0.0
[2026-05-22 10:26:48] SCORE HelloWorld (gray0): Final=1084.5, Time=62.5, Moves(57)=80.1, Pins(6)=600.0, Dist=342.0, Win Bonus=0.0
[2026-05-22 10:26:48] SCORE Group 16 (red): Final=887.4, Time=93.4, Moves(62)=64.0, Pins(4)=400.0, Dist=330.0, Win Bonus=0.0
[2026-05-22 10:26:48] ALL WRONG MOVES BY COLOUR: {'gray0': ['2 (turn timeout)', '5 (turn timeout)', '11 (turn timeout)', '17 (turn timeout)', '20 (turn timeout)', '80 (illegal move)', '102 (illegal move)', '109 (illegal move)']}
[2026-05-22 10:26:48] MOVE 190: Gruppe 69 (lawn green) 38->48 [0.00ms]
[2026-05-22 10:26:48] SCORE Gruppe 69 (lawn green): Final=1346.0, Time=93.4, Moves(63)=60.7, Pins(8)=800.0, Dist=392.0, Win Bonus=0.0
[2026-05-22 10:26:48] SCORE HelloWorld (gray0): Final=1084.5, Time=62.5, Moves(57)=80.1, Pins(6)=600.0, Dist=342.0, Win Bonus=0.0
[2026-05-22 10:26:48] SCORE Group 16 (red): Final=887.4, Time=93.4, Moves(62)=64.0, Pins(4)=400.0, Dist=330.0, Win Bonus=0.0
[2026-05-22 10:26:48] ALL WRONG MOVES BY COLOUR: {'gray0': ['2 (turn timeout)', '5 (turn timeout)', '11 (turn timeout)', '17 (turn timeout)', '20 (turn timeout)', '80 (illegal move)', '102 (illegal move)', '109 (illegal move)']}
[2026-05-22 10:26:48] MOVE 191: HelloWorld (gray0) 29->30 [0.00ms]
[2026-05-22 10:26:48] SCORE Gruppe 69 (lawn green): Final=1346.0, Time=93.4, Moves(63)=60.7, Pins(8)=800.0, Dist=392.0, Win Bonus=0.0
[2026-05-22 10:26:48] SCORE HelloWorld (gray0): Final=1082.9, Time=61.8, Moves(58)=77.0, Pins(6)=600.0, Dist=344.0, Win Bonus=0.0
[2026-05-22 10:26:48] SCORE Group 16 (red): Final=887.4, Time=93.4, Moves(62)=64.0, Pins(4)=400.0, Dist=330.0, Win Bonus=0.0
[2026-05-22 10:26:48] ALL WRONG MOVES BY COLOUR: {'gray0': ['2 (turn timeout)', '5 (turn timeout)', '11 (turn timeout)', '17 (turn timeout)', '20 (turn timeout)', '80 (illegal move)', '102 (illegal move)', '109 (illegal move)']}
[2026-05-22 10:26:48] MOVE 192: Group 16 (red) 40->4 [0.00ms]
[2026-05-22 10:26:48] SCORE Gruppe 69 (lawn green): Final=1346.0, Time=93.4, Moves(63)=60.7, Pins(8)=800.0, Dist=392.0, Win Bonus=0.0
[2026-05-22 10:26:48] SCORE HelloWorld (gray0): Final=1082.9, Time=61.8, Moves(58)=77.0, Pins(6)=600.0, Dist=344.0, Win Bonus=0.0
[2026-05-22 10:26:48] SCORE Group 16 (red): Final=989.9, Time=93.3, Moves(63)=60.7, Pins(5)=500.0, Dist=336.0, Win Bonus=0.0
[2026-05-22 10:26:48] ALL WRONG MOVES BY COLOUR: {'gray0': ['2 (turn timeout)', '5 (turn timeout)', '11 (turn timeout)', '17 (turn timeout)', '20 (turn timeout)', '80 (illegal move)', '102 (illegal move)', '109 (illegal move)']}
[2026-05-22 10:26:49] MOVE 193: Gruppe 69 (lawn green) 48->58 [0.01ms]
[2026-05-22 10:26:49] SCORE Gruppe 69 (lawn green): Final=1342.6, Time=93.3, Moves(64)=57.3, Pins(8)=800.0, Dist=392.0, Win Bonus=0.0
[2026-05-22 10:26:49] SCORE HelloWorld (gray0): Final=1082.9, Time=61.8, Moves(58)=77.0, Pins(6)=600.0, Dist=344.0, Win Bonus=0.0
[2026-05-22 10:26:49] SCORE Group 16 (red): Final=989.9, Time=93.3, Moves(63)=60.7, Pins(5)=500.0, Dist=336.0, Win Bonus=0.0
[2026-05-22 10:26:49] ALL WRONG MOVES BY COLOUR: {'gray0': ['2 (turn timeout)', '5 (turn timeout)', '11 (turn timeout)', '17 (turn timeout)', '20 (turn timeout)', '80 (illegal move)', '102 (illegal move)', '109 (illegal move)']}
[2026-05-22 10:26:49] MOVE 194: HelloWorld (gray0) 30->18 [0.00ms]
[2026-05-22 10:26:49] SCORE Gruppe 69 (lawn green): Final=1342.6, Time=93.3, Moves(64)=57.3, Pins(8)=800.0, Dist=392.0, Win Bonus=0.0
[2026-05-22 10:26:49] SCORE HelloWorld (gray0): Final=1081.6, Time=61.7, Moves(59)=73.9, Pins(6)=600.0, Dist=346.0, Win Bonus=0.0
[2026-05-22 10:26:49] SCORE Group 16 (red): Final=989.9, Time=93.3, Moves(63)=60.7, Pins(5)=500.0, Dist=336.0, Win Bonus=0.0
[2026-05-22 10:26:49] ALL WRONG MOVES BY COLOUR: {'gray0': ['2 (turn timeout)', '5 (turn timeout)', '11 (turn timeout)', '17 (turn timeout)', '20 (turn timeout)', '80 (illegal move)', '102 (illegal move)', '109 (illegal move)']}
[2026-05-22 10:26:49] MOVE 195: Group 16 (red) 94->107 [0.00ms]
[2026-05-22 10:26:49] SCORE Gruppe 69 (lawn green): Final=1342.6, Time=93.3, Moves(64)=57.3, Pins(8)=800.0, Dist=392.0, Win Bonus=0.0
[2026-05-22 10:26:49] SCORE HelloWorld (gray0): Final=1081.6, Time=61.7, Moves(59)=73.9, Pins(6)=600.0, Dist=346.0, Win Bonus=0.0
[2026-05-22 10:26:49] SCORE Group 16 (red): Final=984.5, Time=93.2, Moves(64)=57.3, Pins(5)=500.0, Dist=334.0, Win Bonus=0.0
[2026-05-22 10:26:49] ALL WRONG MOVES BY COLOUR: {'gray0': ['2 (turn timeout)', '5 (turn timeout)', '11 (turn timeout)', '17 (turn timeout)', '20 (turn timeout)', '80 (illegal move)', '102 (illegal move)', '109 (illegal move)']}
[2026-05-22 10:26:49] MOVE 196: Gruppe 69 (lawn green) 58->67 [0.00ms]
[2026-05-22 10:26:49] SCORE Gruppe 69 (lawn green): Final=1341.1, Time=93.1, Moves(65)=53.9, Pins(8)=800.0, Dist=394.0, Win Bonus=0.0
[2026-05-22 10:26:49] SCORE HelloWorld (gray0): Final=1081.6, Time=61.7, Moves(59)=73.9, Pins(6)=600.0, Dist=346.0, Win Bonus=0.0
[2026-05-22 10:26:49] SCORE Group 16 (red): Final=984.5, Time=93.2, Moves(64)=57.3, Pins(5)=500.0, Dist=334.0, Win Bonus=0.0
[2026-05-22 10:26:49] ALL WRONG MOVES BY COLOUR: {'gray0': ['2 (turn timeout)', '5 (turn timeout)', '11 (turn timeout)', '17 (turn timeout)', '20 (turn timeout)', '80 (illegal move)', '102 (illegal move)', '109 (illegal move)']}
[2026-05-22 10:26:49] MOVE 197: HelloWorld (gray0) 18->31 [0.01ms]
[2026-05-22 10:26:49] SCORE Gruppe 69 (lawn green): Final=1341.1, Time=93.1, Moves(65)=53.9, Pins(8)=800.0, Dist=394.0, Win Bonus=0.0
[2026-05-22 10:26:49] SCORE HelloWorld (gray0): Final=1078.1, Time=61.4, Moves(60)=70.7, Pins(6)=600.0, Dist=346.0, Win Bonus=0.0
[2026-05-22 10:26:49] SCORE Group 16 (red): Final=984.5, Time=93.2, Moves(64)=57.3, Pins(5)=500.0, Dist=334.0, Win Bonus=0.0
[2026-05-22 10:26:49] ALL WRONG MOVES BY COLOUR: {'gray0': ['2 (turn timeout)', '5 (turn timeout)', '11 (turn timeout)', '17 (turn timeout)', '20 (turn timeout)', '80 (illegal move)', '102 (illegal move)', '109 (illegal move)']}
[2026-05-22 10:26:49] MOVE 198: Group 16 (red) 2->5 [0.00ms]
[2026-05-22 10:26:49] SCORE Gruppe 69 (lawn green): Final=1341.1, Time=93.1, Moves(65)=53.9, Pins(8)=800.0, Dist=394.0, Win Bonus=0.0
[2026-05-22 10:26:49] SCORE HelloWorld (gray0): Final=1078.1, Time=61.4, Moves(60)=70.7, Pins(6)=600.0, Dist=346.0, Win Bonus=0.0
[2026-05-22 10:26:49] SCORE Group 16 (red): Final=981.0, Time=93.1, Moves(65)=53.9, Pins(5)=500.0, Dist=334.0, Win Bonus=0.0
[2026-05-22 10:26:49] ALL WRONG MOVES BY COLOUR: {'gray0': ['2 (turn timeout)', '5 (turn timeout)', '11 (turn timeout)', '17 (turn timeout)', '20 (turn timeout)', '80 (illegal move)', '102 (illegal move)', '109 (illegal move)']}
[2026-05-22 10:26:49] MOVE 199: Gruppe 69 (lawn green) 56->46 [0.00ms]
[2026-05-22 10:26:49] SCORE Gruppe 69 (lawn green): Final=1335.7, Time=93.0, Moves(66)=50.6, Pins(8)=800.0, Dist=392.0, Win Bonus=0.0
[2026-05-22 10:26:49] SCORE HelloWorld (gray0): Final=1078.1, Time=61.4, Moves(60)=70.7, Pins(6)=600.0, Dist=346.0, Win Bonus=0.0
[2026-05-22 10:26:49] SCORE Group 16 (red): Final=981.0, Time=93.1, Moves(65)=53.9, Pins(5)=500.0, Dist=334.0, Win Bonus=0.0
[2026-05-22 10:26:49] ALL WRONG MOVES BY COLOUR: {'gray0': ['2 (turn timeout)', '5 (turn timeout)', '11 (turn timeout)', '17 (turn timeout)', '20 (turn timeout)', '80 (illegal move)', '102 (illegal move)', '109 (illegal move)']}
[2026-05-22 10:26:50] MOVE 200: HelloWorld (gray0) 31->32 [0.00ms]
[2026-05-22 10:26:50] SCORE Gruppe 69 (lawn green): Final=1335.7, Time=93.0, Moves(66)=50.6, Pins(8)=800.0, Dist=392.0, Win Bonus=0.0
[2026-05-22 10:26:50] SCORE HelloWorld (gray0): Final=1176.2, Time=60.8, Moves(61)=67.4, Pins(7)=700.0, Dist=348.0, Win Bonus=0.0
[2026-05-22 10:26:50] SCORE Group 16 (red): Final=981.0, Time=93.1, Moves(65)=53.9, Pins(5)=500.0, Dist=334.0, Win Bonus=0.0
[2026-05-22 10:26:50] ALL WRONG MOVES BY COLOUR: {'gray0': ['2 (turn timeout)', '5 (turn timeout)', '11 (turn timeout)', '17 (turn timeout)', '20 (turn timeout)', '80 (illegal move)', '102 (illegal move)', '109 (illegal move)']}
[2026-05-22 10:26:50] MOVE 201: Group 16 (red) 4->2 [0.01ms]
[2026-05-22 10:26:50] SCORE Gruppe 69 (lawn green): Final=1335.7, Time=93.0, Moves(66)=50.6, Pins(8)=800.0, Dist=392.0, Win Bonus=0.0
[2026-05-22 10:26:50] SCORE HelloWorld (gray0): Final=1176.2, Time=60.8, Moves(61)=67.4, Pins(7)=700.0, Dist=348.0, Win Bonus=0.0
[2026-05-22 10:26:50] SCORE Group 16 (red): Final=977.6, Time=92.9, Moves(66)=50.6, Pins(5)=500.0, Dist=334.0, Win Bonus=0.0
[2026-05-22 10:26:50] ALL WRONG MOVES BY COLOUR: {'gray0': ['2 (turn timeout)', '5 (turn timeout)', '11 (turn timeout)', '17 (turn timeout)', '20 (turn timeout)', '80 (illegal move)', '102 (illegal move)', '109 (illegal move)']}
[2026-05-22 10:26:50] MOVE 202: Gruppe 69 (lawn green) 46->47 [0.00ms]
[2026-05-22 10:26:50] SCORE Gruppe 69 (lawn green): Final=1332.3, Time=92.9, Moves(67)=47.4, Pins(8)=800.0, Dist=392.0, Win Bonus=0.0
[2026-05-22 10:26:50] SCORE HelloWorld (gray0): Final=1176.2, Time=60.8, Moves(61)=67.4, Pins(7)=700.0, Dist=348.0, Win Bonus=0.0
[2026-05-22 10:26:50] SCORE Group 16 (red): Final=977.6, Time=92.9, Moves(66)=50.6, Pins(5)=500.0, Dist=334.0, Win Bonus=0.0
[2026-05-22 10:26:50] ALL WRONG MOVES BY COLOUR: {'gray0': ['2 (turn timeout)', '5 (turn timeout)', '11 (turn timeout)', '17 (turn timeout)', '20 (turn timeout)', '80 (illegal move)', '102 (illegal move)', '109 (illegal move)']}
[2026-05-22 10:26:50] MOVE 203: HelloWorld (gray0) 53->43 [0.00ms]
[2026-05-22 10:26:50] SCORE Gruppe 69 (lawn green): Final=1332.3, Time=92.9, Moves(67)=47.4, Pins(8)=800.0, Dist=392.0, Win Bonus=0.0
[2026-05-22 10:26:50] SCORE HelloWorld (gray0): Final=1174.6, Time=60.6, Moves(62)=64.0, Pins(7)=700.0, Dist=350.0, Win Bonus=0.0
[2026-05-22 10:26:50] SCORE Group 16 (red): Final=977.6, Time=92.9, Moves(66)=50.6, Pins(5)=500.0, Dist=334.0, Win Bonus=0.0
[2026-05-22 10:26:50] ALL WRONG MOVES BY COLOUR: {'gray0': ['2 (turn timeout)', '5 (turn timeout)', '11 (turn timeout)', '17 (turn timeout)', '20 (turn timeout)', '80 (illegal move)', '102 (illegal move)', '109 (illegal move)']}
[2026-05-22 10:26:51] MOVE 204: Group 16 (red) 5->3 [0.01ms]
[2026-05-22 10:26:51] SCORE Gruppe 69 (lawn green): Final=1332.3, Time=92.9, Moves(67)=47.4, Pins(8)=800.0, Dist=392.0, Win Bonus=0.0
[2026-05-22 10:26:51] SCORE HelloWorld (gray0): Final=1174.6, Time=60.6, Moves(62)=64.0, Pins(7)=700.0, Dist=350.0, Win Bonus=0.0
[2026-05-22 10:26:51] SCORE Group 16 (red): Final=974.0, Time=92.7, Moves(67)=47.4, Pins(5)=500.0, Dist=334.0, Win Bonus=0.0
[2026-05-22 10:26:51] ALL WRONG MOVES BY COLOUR: {'gray0': ['2 (turn timeout)', '5 (turn timeout)', '11 (turn timeout)', '17 (turn timeout)', '20 (turn timeout)', '80 (illegal move)', '102 (illegal move)', '109 (illegal move)']}
[2026-05-22 10:26:51] MOVE 205: Gruppe 69 (lawn green) 67->68 [0.00ms]
[2026-05-22 10:26:51] SCORE Gruppe 69 (lawn green): Final=1327.0, Time=92.8, Moves(68)=44.2, Pins(8)=800.0, Dist=390.0, Win Bonus=0.0
[2026-05-22 10:26:51] SCORE HelloWorld (gray0): Final=1174.6, Time=60.6, Moves(62)=64.0, Pins(7)=700.0, Dist=350.0, Win Bonus=0.0
[2026-05-22 10:26:51] SCORE Group 16 (red): Final=974.0, Time=92.7, Moves(67)=47.4, Pins(5)=500.0, Dist=334.0, Win Bonus=0.0
[2026-05-22 10:26:51] ALL WRONG MOVES BY COLOUR: {'gray0': ['2 (turn timeout)', '5 (turn timeout)', '11 (turn timeout)', '17 (turn timeout)', '20 (turn timeout)', '80 (illegal move)', '102 (illegal move)', '109 (illegal move)']}
[2026-05-22 10:26:51] MOVE 206: HelloWorld (gray0) 43->44 [0.01ms]
[2026-05-22 10:26:51] SCORE Gruppe 69 (lawn green): Final=1327.0, Time=92.8, Moves(68)=44.2, Pins(8)=800.0, Dist=390.0, Win Bonus=0.0
[2026-05-22 10:26:51] SCORE HelloWorld (gray0): Final=1273.0, Time=60.3, Moves(63)=60.7, Pins(8)=800.0, Dist=352.0, Win Bonus=0.0
[2026-05-22 10:26:51] SCORE Group 16 (red): Final=974.0, Time=92.7, Moves(67)=47.4, Pins(5)=500.0, Dist=334.0, Win Bonus=0.0
[2026-05-22 10:26:51] ALL WRONG MOVES BY COLOUR: {'gray0': ['2 (turn timeout)', '5 (turn timeout)', '11 (turn timeout)', '17 (turn timeout)', '20 (turn timeout)', '80 (illegal move)', '102 (illegal move)', '109 (illegal move)']}
[2026-05-22 10:26:51] MOVE 207: Group 16 (red) 104->92 [0.00ms]
[2026-05-22 10:26:51] SCORE Gruppe 69 (lawn green): Final=1327.0, Time=92.8, Moves(68)=44.2, Pins(8)=800.0, Dist=390.0, Win Bonus=0.0
[2026-05-22 10:26:51] SCORE HelloWorld (gray0): Final=1273.0, Time=60.3, Moves(63)=60.7, Pins(8)=800.0, Dist=352.0, Win Bonus=0.0
[2026-05-22 10:26:51] SCORE Group 16 (red): Final=972.7, Time=92.5, Moves(68)=44.2, Pins(5)=500.0, Dist=336.0, Win Bonus=0.0
[2026-05-22 10:26:51] ALL WRONG MOVES BY COLOUR: {'gray0': ['2 (turn timeout)', '5 (turn timeout)', '11 (turn timeout)', '17 (turn timeout)', '20 (turn timeout)', '80 (illegal move)', '102 (illegal move)', '109 (illegal move)']}
[2026-05-22 10:26:51] MOVE 208: Gruppe 69 (lawn green) 68->79 [0.00ms]
[2026-05-22 10:26:51] SCORE Gruppe 69 (lawn green): Final=1323.8, Time=92.7, Moves(69)=41.1, Pins(8)=800.0, Dist=390.0, Win Bonus=0.0
[2026-05-22 10:26:51] SCORE HelloWorld (gray0): Final=1273.0, Time=60.3, Moves(63)=60.7, Pins(8)=800.0, Dist=352.0, Win Bonus=0.0
[2026-05-22 10:26:51] SCORE Group 16 (red): Final=972.7, Time=92.5, Moves(68)=44.2, Pins(5)=500.0, Dist=336.0, Win Bonus=0.0
[2026-05-22 10:26:51] ALL WRONG MOVES BY COLOUR: {'gray0': ['2 (turn timeout)', '5 (turn timeout)', '11 (turn timeout)', '17 (turn timeout)', '20 (turn timeout)', '80 (illegal move)', '102 (illegal move)', '109 (illegal move)']}
[2026-05-22 10:26:52] MOVE 209: HelloWorld (gray0) 44->55 [0.00ms]
[2026-05-22 10:26:52] SCORE Gruppe 69 (lawn green): Final=1323.8, Time=92.7, Moves(69)=41.1, Pins(8)=800.0, Dist=390.0, Win Bonus=0.0
[2026-05-22 10:26:52] SCORE HelloWorld (gray0): Final=1269.4, Time=60.1, Moves(64)=57.3, Pins(8)=800.0, Dist=352.0, Win Bonus=0.0
[2026-05-22 10:26:52] SCORE Group 16 (red): Final=972.7, Time=92.5, Moves(68)=44.2, Pins(5)=500.0, Dist=336.0, Win Bonus=0.0
[2026-05-22 10:26:52] ALL WRONG MOVES BY COLOUR: {'gray0': ['2 (turn timeout)', '5 (turn timeout)', '11 (turn timeout)', '17 (turn timeout)', '20 (turn timeout)', '80 (illegal move)', '102 (illegal move)', '109 (illegal move)']}
[2026-05-22 10:26:52] MOVE 210: Group 16 (red) 2->1 [0.00ms]
[2026-05-22 10:26:52] SCORE Gruppe 69 (lawn green): Final=1323.8, Time=92.7, Moves(69)=41.1, Pins(8)=800.0, Dist=390.0, Win Bonus=0.0
[2026-05-22 10:26:52] SCORE HelloWorld (gray0): Final=1269.4, Time=60.1, Moves(64)=57.3, Pins(8)=800.0, Dist=352.0, Win Bonus=0.0
[2026-05-22 10:26:52] SCORE Group 16 (red): Final=969.5, Time=92.3, Moves(69)=41.1, Pins(5)=500.0, Dist=336.0, Win Bonus=0.0
[2026-05-22 10:26:52] ALL WRONG MOVES BY COLOUR: {'gray0': ['2 (turn timeout)', '5 (turn timeout)', '11 (turn timeout)', '17 (turn timeout)', '20 (turn timeout)', '80 (illegal move)', '102 (illegal move)', '109 (illegal move)']}
[2026-05-22 10:26:52] MOVE 211: Gruppe 69 (lawn green) 79->102 [0.00ms]
[2026-05-22 10:26:52] SCORE Gruppe 69 (lawn green): Final=1324.7, Time=92.6, Moves(70)=38.1, Pins(8)=800.0, Dist=394.0, Win Bonus=0.0
[2026-05-22 10:26:52] SCORE HelloWorld (gray0): Final=1269.4, Time=60.1, Moves(64)=57.3, Pins(8)=800.0, Dist=352.0, Win Bonus=0.0
[2026-05-22 10:26:52] SCORE Group 16 (red): Final=969.5, Time=92.3, Moves(69)=41.1, Pins(5)=500.0, Dist=336.0, Win Bonus=0.0
[2026-05-22 10:26:52] ALL WRONG MOVES BY COLOUR: {'gray0': ['2 (turn timeout)', '5 (turn timeout)', '11 (turn timeout)', '17 (turn timeout)', '20 (turn timeout)', '80 (illegal move)', '102 (illegal move)', '109 (illegal move)']}
[2026-05-22 10:26:52] MOVE 212: HelloWorld (gray0) 55->44 [0.00ms]
[2026-05-22 10:26:52] SCORE Gruppe 69 (lawn green): Final=1324.7, Time=92.6, Moves(70)=38.1, Pins(8)=800.0, Dist=394.0, Win Bonus=0.0
[2026-05-22 10:26:52] SCORE HelloWorld (gray0): Final=1266.0, Time=60.0, Moves(65)=53.9, Pins(8)=800.0, Dist=352.0, Win Bonus=0.0
[2026-05-22 10:26:52] SCORE Group 16 (red): Final=969.5, Time=92.3, Moves(69)=41.1, Pins(5)=500.0, Dist=336.0, Win Bonus=0.0
[2026-05-22 10:26:52] ALL WRONG MOVES BY COLOUR: {'gray0': ['2 (turn timeout)', '5 (turn timeout)', '11 (turn timeout)', '17 (turn timeout)', '20 (turn timeout)', '80 (illegal move)', '102 (illegal move)', '109 (illegal move)']}
[2026-05-22 10:26:52] MOVE 213: Group 16 (red) 1->0 [0.00ms]
[2026-05-22 10:26:52] SCORE Gruppe 69 (lawn green): Final=1324.7, Time=92.6, Moves(70)=38.1, Pins(8)=800.0, Dist=394.0, Win Bonus=0.0
[2026-05-22 10:26:52] SCORE HelloWorld (gray0): Final=1266.0, Time=60.0, Moves(65)=53.9, Pins(8)=800.0, Dist=352.0, Win Bonus=0.0
[2026-05-22 10:26:52] SCORE Group 16 (red): Final=966.3, Time=92.2, Moves(70)=38.1, Pins(5)=500.0, Dist=336.0, Win Bonus=0.0
[2026-05-22 10:26:52] ALL WRONG MOVES BY COLOUR: {'gray0': ['2 (turn timeout)', '5 (turn timeout)', '11 (turn timeout)', '17 (turn timeout)', '20 (turn timeout)', '80 (illegal move)', '102 (illegal move)', '109 (illegal move)']}
[2026-05-22 10:26:52] MOVE 214: Gruppe 69 (lawn green) 102->103 [0.00ms]
[2026-05-22 10:26:52] SCORE Gruppe 69 (lawn green): Final=1319.7, Time=92.5, Moves(71)=35.2, Pins(8)=800.0, Dist=392.0, Win Bonus=0.0
[2026-05-22 10:26:52] SCORE HelloWorld (gray0): Final=1266.0, Time=60.0, Moves(65)=53.9, Pins(8)=800.0, Dist=352.0, Win Bonus=0.0
[2026-05-22 10:26:52] SCORE Group 16 (red): Final=966.3, Time=92.2, Moves(70)=38.1, Pins(5)=500.0, Dist=336.0, Win Bonus=0.0
[2026-05-22 10:26:52] ALL WRONG MOVES BY COLOUR: {'gray0': ['2 (turn timeout)', '5 (turn timeout)', '11 (turn timeout)', '17 (turn timeout)', '20 (turn timeout)', '80 (illegal move)', '102 (illegal move)', '109 (illegal move)']}
[2026-05-22 10:26:52] MOVE 215: HelloWorld (gray0) 44->55 [0.00ms]
[2026-05-22 10:26:52] SCORE Gruppe 69 (lawn green): Final=1319.7, Time=92.5, Moves(71)=35.2, Pins(8)=800.0, Dist=392.0, Win Bonus=0.0
[2026-05-22 10:26:52] SCORE HelloWorld (gray0): Final=1262.5, Time=59.9, Moves(66)=50.6, Pins(8)=800.0, Dist=352.0, Win Bonus=0.0
[2026-05-22 10:26:52] SCORE Group 16 (red): Final=966.3, Time=92.2, Moves(70)=38.1, Pins(5)=500.0, Dist=336.0, Win Bonus=0.0
[2026-05-22 10:26:52] ALL WRONG MOVES BY COLOUR: {'gray0': ['2 (turn timeout)', '5 (turn timeout)', '11 (turn timeout)', '17 (turn timeout)', '20 (turn timeout)', '80 (illegal move)', '102 (illegal move)', '109 (illegal move)']}
[2026-05-22 10:26:53] MOVE 216: Group 16 (red) 92->81 [0.00ms]
[2026-05-22 10:26:53] SCORE Gruppe 69 (lawn green): Final=1319.7, Time=92.5, Moves(71)=35.2, Pins(8)=800.0, Dist=392.0, Win Bonus=0.0
[2026-05-22 10:26:53] SCORE HelloWorld (gray0): Final=1262.5, Time=59.9, Moves(66)=50.6, Pins(8)=800.0, Dist=352.0, Win Bonus=0.0
[2026-05-22 10:26:53] SCORE Group 16 (red): Final=965.2, Time=92.0, Moves(71)=35.2, Pins(5)=500.0, Dist=338.0, Win Bonus=0.0
[2026-05-22 10:26:53] ALL WRONG MOVES BY COLOUR: {'gray0': ['2 (turn timeout)', '5 (turn timeout)', '11 (turn timeout)', '17 (turn timeout)', '20 (turn timeout)', '80 (illegal move)', '102 (illegal move)', '109 (illegal move)']}
[2026-05-22 10:26:53] MOVE 217: Gruppe 69 (lawn green) 103->111 [0.00ms]
[2026-05-22 10:26:53] SCORE Gruppe 69 (lawn green): Final=1316.7, Time=92.2, Moves(72)=32.5, Pins(8)=800.0, Dist=392.0, Win Bonus=0.0
[2026-05-22 10:26:53] SCORE HelloWorld (gray0): Final=1262.5, Time=59.9, Moves(66)=50.6, Pins(8)=800.0, Dist=352.0, Win Bonus=0.0
[2026-05-22 10:26:53] SCORE Group 16 (red): Final=965.2, Time=92.0, Moves(71)=35.2, Pins(5)=500.0, Dist=338.0, Win Bonus=0.0
[2026-05-22 10:26:53] ALL WRONG MOVES BY COLOUR: {'gray0': ['2 (turn timeout)', '5 (turn timeout)', '11 (turn timeout)', '17 (turn timeout)', '20 (turn timeout)', '80 (illegal move)', '102 (illegal move)', '109 (illegal move)']}
[2026-05-22 10:26:53] MOVE 218: HelloWorld (gray0) 55->44 [0.00ms]
[2026-05-22 10:26:53] SCORE Gruppe 69 (lawn green): Final=1316.7, Time=92.2, Moves(72)=32.5, Pins(8)=800.0, Dist=392.0, Win Bonus=0.0
[2026-05-22 10:26:53] SCORE HelloWorld (gray0): Final=1258.9, Time=59.5, Moves(67)=47.4, Pins(8)=800.0, Dist=352.0, Win Bonus=0.0
[2026-05-22 10:26:53] SCORE Group 16 (red): Final=965.2, Time=92.0, Moves(71)=35.2, Pins(5)=500.0, Dist=338.0, Win Bonus=0.0
[2026-05-22 10:26:53] ALL WRONG MOVES BY COLOUR: {'gray0': ['2 (turn timeout)', '5 (turn timeout)', '11 (turn timeout)', '17 (turn timeout)', '20 (turn timeout)', '80 (illegal move)', '102 (illegal move)', '109 (illegal move)']}
[2026-05-22 10:26:53] MOVE 219: Group 16 (red) 81->70 [0.00ms]
[2026-05-22 10:26:53] SCORE Gruppe 69 (lawn green): Final=1316.7, Time=92.2, Moves(72)=32.5, Pins(8)=800.0, Dist=392.0, Win Bonus=0.0
[2026-05-22 10:26:53] SCORE HelloWorld (gray0): Final=1258.9, Time=59.5, Moves(67)=47.4, Pins(8)=800.0, Dist=352.0, Win Bonus=0.0
[2026-05-22 10:26:53] SCORE Group 16 (red): Final=964.3, Time=91.8, Moves(72)=32.5, Pins(5)=500.0, Dist=340.0, Win Bonus=0.0
[2026-05-22 10:26:53] ALL WRONG MOVES BY COLOUR: {'gray0': ['2 (turn timeout)', '5 (turn timeout)', '11 (turn timeout)', '17 (turn timeout)', '20 (turn timeout)', '80 (illegal move)', '102 (illegal move)', '109 (illegal move)']}
[2026-05-22 10:26:53] MOVE 220: Gruppe 69 (lawn green) 47->36 [0.00ms]
[2026-05-22 10:26:53] SCORE Gruppe 69 (lawn green): Final=1311.9, Time=92.1, Moves(73)=29.8, Pins(8)=800.0, Dist=390.0, Win Bonus=0.0
[2026-05-22 10:26:53] SCORE HelloWorld (gray0): Final=1258.9, Time=59.5, Moves(67)=47.4, Pins(8)=800.0, Dist=352.0, Win Bonus=0.0
[2026-05-22 10:26:53] SCORE Group 16 (red): Final=964.3, Time=91.8, Moves(72)=32.5, Pins(5)=500.0, Dist=340.0, Win Bonus=0.0
[2026-05-22 10:26:53] ALL WRONG MOVES BY COLOUR: {'gray0': ['2 (turn timeout)', '5 (turn timeout)', '11 (turn timeout)', '17 (turn timeout)', '20 (turn timeout)', '80 (illegal move)', '102 (illegal move)', '109 (illegal move)']}
[2026-05-22 10:26:54] MOVE 221: HelloWorld (gray0) 44->55 [0.00ms]
[2026-05-22 10:26:54] SCORE Gruppe 69 (lawn green): Final=1311.9, Time=92.1, Moves(73)=29.8, Pins(8)=800.0, Dist=390.0, Win Bonus=0.0
[2026-05-22 10:26:54] SCORE HelloWorld (gray0): Final=1255.6, Time=59.4, Moves(68)=44.2, Pins(8)=800.0, Dist=352.0, Win Bonus=0.0
[2026-05-22 10:26:54] SCORE Group 16 (red): Final=964.3, Time=91.8, Moves(72)=32.5, Pins(5)=500.0, Dist=340.0, Win Bonus=0.0
[2026-05-22 10:26:54] ALL WRONG MOVES BY COLOUR: {'gray0': ['2 (turn timeout)', '5 (turn timeout)', '11 (turn timeout)', '17 (turn timeout)', '20 (turn timeout)', '80 (illegal move)', '102 (illegal move)', '109 (illegal move)']}
[2026-05-22 10:26:54] MOVE 222: Group 16 (red) 7->9 [0.01ms]
[2026-05-22 10:26:54] SCORE Gruppe 69 (lawn green): Final=1311.9, Time=92.1, Moves(73)=29.8, Pins(8)=800.0, Dist=390.0, Win Bonus=0.0
[2026-05-22 10:26:54] SCORE HelloWorld (gray0): Final=1255.6, Time=59.4, Moves(68)=44.2, Pins(8)=800.0, Dist=352.0, Win Bonus=0.0
[2026-05-22 10:26:54] SCORE Group 16 (red): Final=961.5, Time=91.6, Moves(73)=29.8, Pins(5)=500.0, Dist=340.0, Win Bonus=0.0
[2026-05-22 10:26:54] ALL WRONG MOVES BY COLOUR: {'gray0': ['2 (turn timeout)', '5 (turn timeout)', '11 (turn timeout)', '17 (turn timeout)', '20 (turn timeout)', '80 (illegal move)', '102 (illegal move)', '109 (illegal move)']}
[2026-05-22 10:26:54] MOVE 223: Gruppe 69 (lawn green) 36->35 [0.00ms]
[2026-05-22 10:26:54] SCORE Gruppe 69 (lawn green): Final=1309.3, Time=92.0, Moves(74)=27.3, Pins(8)=800.0, Dist=390.0, Win Bonus=0.0
[2026-05-22 10:26:54] SCORE HelloWorld (gray0): Final=1255.6, Time=59.4, Moves(68)=44.2, Pins(8)=800.0, Dist=352.0, Win Bonus=0.0
[2026-05-22 10:26:54] SCORE Group 16 (red): Final=961.5, Time=91.6, Moves(73)=29.8, Pins(5)=500.0, Dist=340.0, Win Bonus=0.0
[2026-05-22 10:26:54] ALL WRONG MOVES BY COLOUR: {'gray0': ['2 (turn timeout)', '5 (turn timeout)', '11 (turn timeout)', '17 (turn timeout)', '20 (turn timeout)', '80 (illegal move)', '102 (illegal move)', '109 (illegal move)']}
[2026-05-22 10:26:54] MOVE 224: HelloWorld (gray0) 55->44 [0.00ms]
[2026-05-22 10:26:54] SCORE Gruppe 69 (lawn green): Final=1309.3, Time=92.0, Moves(74)=27.3, Pins(8)=800.0, Dist=390.0, Win Bonus=0.0
[2026-05-22 10:26:54] SCORE HelloWorld (gray0): Final=1252.3, Time=59.2, Moves(69)=41.1, Pins(8)=800.0, Dist=352.0, Win Bonus=0.0
[2026-05-22 10:26:54] SCORE Group 16 (red): Final=961.5, Time=91.6, Moves(73)=29.8, Pins(5)=500.0, Dist=340.0, Win Bonus=0.0
[2026-05-22 10:26:54] ALL WRONG MOVES BY COLOUR: {'gray0': ['2 (turn timeout)', '5 (turn timeout)', '11 (turn timeout)', '17 (turn timeout)', '20 (turn timeout)', '80 (illegal move)', '102 (illegal move)', '109 (illegal move)']}
[2026-05-22 10:26:54] MOVE 225: Group 16 (red) 6->7 [0.00ms]
[2026-05-22 10:26:54] SCORE Gruppe 69 (lawn green): Final=1309.3, Time=92.0, Moves(74)=27.3, Pins(8)=800.0, Dist=390.0, Win Bonus=0.0
[2026-05-22 10:26:54] SCORE HelloWorld (gray0): Final=1252.3, Time=59.2, Moves(69)=41.1, Pins(8)=800.0, Dist=352.0, Win Bonus=0.0
[2026-05-22 10:26:54] SCORE Group 16 (red): Final=958.9, Time=91.6, Moves(74)=27.3, Pins(5)=500.0, Dist=340.0, Win Bonus=0.0
[2026-05-22 10:26:54] ALL WRONG MOVES BY COLOUR: {'gray0': ['2 (turn timeout)', '5 (turn timeout)', '11 (turn timeout)', '17 (turn timeout)', '20 (turn timeout)', '80 (illegal move)', '102 (illegal move)', '109 (illegal move)']}
[2026-05-22 10:26:54] MOVE 226: Gruppe 69 (lawn green) 111->112 [0.00ms]
[2026-05-22 10:26:54] SCORE Gruppe 69 (lawn green): Final=1304.8, Time=91.9, Moves(75)=24.9, Pins(8)=800.0, Dist=388.0, Win Bonus=0.0
[2026-05-22 10:26:54] SCORE HelloWorld (gray0): Final=1252.3, Time=59.2, Moves(69)=41.1, Pins(8)=800.0, Dist=352.0, Win Bonus=0.0
[2026-05-22 10:26:54] SCORE Group 16 (red): Final=958.9, Time=91.6, Moves(74)=27.3, Pins(5)=500.0, Dist=340.0, Win Bonus=0.0
[2026-05-22 10:26:54] ALL WRONG MOVES BY COLOUR: {'gray0': ['2 (turn timeout)', '5 (turn timeout)', '11 (turn timeout)', '17 (turn timeout)', '20 (turn timeout)', '80 (illegal move)', '102 (illegal move)', '109 (illegal move)']}
[2026-05-22 10:26:55] MOVE 227: HelloWorld (gray0) 44->55 [0.00ms]
[2026-05-22 10:26:55] SCORE Gruppe 69 (lawn green): Final=1304.8, Time=91.9, Moves(75)=24.9, Pins(8)=800.0, Dist=388.0, Win Bonus=0.0
[2026-05-22 10:26:55] SCORE HelloWorld (gray0): Final=1249.1, Time=59.0, Moves(70)=38.1, Pins(8)=800.0, Dist=352.0, Win Bonus=0.0
[2026-05-22 10:26:55] SCORE Group 16 (red): Final=958.9, Time=91.6, Moves(74)=27.3, Pins(5)=500.0, Dist=340.0, Win Bonus=0.0
[2026-05-22 10:26:55] ALL WRONG MOVES BY COLOUR: {'gray0': ['2 (turn timeout)', '5 (turn timeout)', '11 (turn timeout)', '17 (turn timeout)', '20 (turn timeout)', '80 (illegal move)', '102 (illegal move)', '109 (illegal move)']}
[2026-05-22 10:26:55] MOVE 228: Group 16 (red) 8->6 [0.00ms]
[2026-05-22 10:26:55] SCORE Gruppe 69 (lawn green): Final=1304.8, Time=91.9, Moves(75)=24.9, Pins(8)=800.0, Dist=388.0, Win Bonus=0.0
[2026-05-22 10:26:55] SCORE HelloWorld (gray0): Final=1249.1, Time=59.0, Moves(70)=38.1, Pins(8)=800.0, Dist=352.0, Win Bonus=0.0
[2026-05-22 10:26:55] SCORE Group 16 (red): Final=956.4, Time=91.5, Moves(75)=24.9, Pins(5)=500.0, Dist=340.0, Win Bonus=0.0
[2026-05-22 10:26:55] ALL WRONG MOVES BY COLOUR: {'gray0': ['2 (turn timeout)', '5 (turn timeout)', '11 (turn timeout)', '17 (turn timeout)', '20 (turn timeout)', '80 (illegal move)', '102 (illegal move)', '109 (illegal move)']}
[2026-05-22 10:26:55] MOVE 229: Gruppe 69 (lawn green) 112->104 [0.00ms]
[2026-05-22 10:26:55] SCORE Gruppe 69 (lawn green): Final=1302.4, Time=91.7, Moves(76)=22.7, Pins(8)=800.0, Dist=388.0, Win Bonus=0.0
[2026-05-22 10:26:55] SCORE HelloWorld (gray0): Final=1249.1, Time=59.0, Moves(70)=38.1, Pins(8)=800.0, Dist=352.0, Win Bonus=0.0
[2026-05-22 10:26:55] SCORE Group 16 (red): Final=956.4, Time=91.5, Moves(75)=24.9, Pins(5)=500.0, Dist=340.0, Win Bonus=0.0
[2026-05-22 10:26:55] ALL WRONG MOVES BY COLOUR: {'gray0': ['2 (turn timeout)', '5 (turn timeout)', '11 (turn timeout)', '17 (turn timeout)', '20 (turn timeout)', '80 (illegal move)', '102 (illegal move)', '109 (illegal move)']}
[2026-05-22 10:26:55] MOVE 230: HelloWorld (gray0) 55->44 [0.00ms]
[2026-05-22 10:26:55] SCORE Gruppe 69 (lawn green): Final=1302.4, Time=91.7, Moves(76)=22.7, Pins(8)=800.0, Dist=388.0, Win Bonus=0.0
[2026-05-22 10:26:55] SCORE HelloWorld (gray0): Final=1246.0, Time=58.8, Moves(71)=35.2, Pins(8)=800.0, Dist=352.0, Win Bonus=0.0
[2026-05-22 10:26:55] SCORE Group 16 (red): Final=956.4, Time=91.5, Moves(75)=24.9, Pins(5)=500.0, Dist=340.0, Win Bonus=0.0
[2026-05-22 10:26:55] ALL WRONG MOVES BY COLOUR: {'gray0': ['2 (turn timeout)', '5 (turn timeout)', '11 (turn timeout)', '17 (turn timeout)', '20 (turn timeout)', '80 (illegal move)', '102 (illegal move)', '109 (illegal move)']}
[2026-05-22 10:26:55] MOVE 231: Group 16 (red) 28->16 [0.00ms]
[2026-05-22 10:26:55] SCORE Gruppe 69 (lawn green): Final=1302.4, Time=91.7, Moves(76)=22.7, Pins(8)=800.0, Dist=388.0, Win Bonus=0.0
[2026-05-22 10:26:55] SCORE HelloWorld (gray0): Final=1246.0, Time=58.8, Moves(71)=35.2, Pins(8)=800.0, Dist=352.0, Win Bonus=0.0
[2026-05-22 10:26:55] SCORE Group 16 (red): Final=956.1, Time=91.4, Moves(76)=22.7, Pins(5)=500.0, Dist=342.0, Win Bonus=0.0
[2026-05-22 10:26:55] ALL WRONG MOVES BY COLOUR: {'gray0': ['2 (turn timeout)', '5 (turn timeout)', '11 (turn timeout)', '17 (turn timeout)', '20 (turn timeout)', '80 (illegal move)', '102 (illegal move)', '109 (illegal move)']}
[2026-05-22 10:26:55] MOVE 232: Gruppe 69 (lawn green) 104->91 [0.00ms]
[2026-05-22 10:26:55] SCORE Gruppe 69 (lawn green): Final=1300.2, Time=91.6, Moves(77)=20.6, Pins(8)=800.0, Dist=388.0, Win Bonus=0.0
[2026-05-22 10:26:55] SCORE HelloWorld (gray0): Final=1246.0, Time=58.8, Moves(71)=35.2, Pins(8)=800.0, Dist=352.0, Win Bonus=0.0
[2026-05-22 10:26:55] SCORE Group 16 (red): Final=956.1, Time=91.4, Moves(76)=22.7, Pins(5)=500.0, Dist=342.0, Win Bonus=0.0
[2026-05-22 10:26:55] ALL WRONG MOVES BY COLOUR: {'gray0': ['2 (turn timeout)', '5 (turn timeout)', '11 (turn timeout)', '17 (turn timeout)', '20 (turn timeout)', '80 (illegal move)', '102 (illegal move)', '109 (illegal move)']}
[2026-05-22 10:26:55] MOVE 233: HelloWorld (gray0) 44->55 [0.00ms]
[2026-05-22 10:26:55] SCORE Gruppe 69 (lawn green): Final=1300.2, Time=91.6, Moves(77)=20.6, Pins(8)=800.0, Dist=388.0, Win Bonus=0.0
[2026-05-22 10:26:55] SCORE HelloWorld (gray0): Final=1243.1, Time=58.6, Moves(72)=32.5, Pins(8)=800.0, Dist=352.0, Win Bonus=0.0
[2026-05-22 10:26:55] SCORE Group 16 (red): Final=956.1, Time=91.4, Moves(76)=22.7, Pins(5)=500.0, Dist=342.0, Win Bonus=0.0
[2026-05-22 10:26:55] ALL WRONG MOVES BY COLOUR: {'gray0': ['2 (turn timeout)', '5 (turn timeout)', '11 (turn timeout)', '17 (turn timeout)', '20 (turn timeout)', '80 (illegal move)', '102 (illegal move)', '109 (illegal move)']}
[2026-05-22 10:26:55] MOVE 234: Group 16 (red) 16->8 [0.00ms]
[2026-05-22 10:26:55] SCORE Gruppe 69 (lawn green): Final=1300.2, Time=91.6, Moves(77)=20.6, Pins(8)=800.0, Dist=388.0, Win Bonus=0.0
[2026-05-22 10:26:55] SCORE HelloWorld (gray0): Final=1243.1, Time=58.6, Moves(72)=32.5, Pins(8)=800.0, Dist=352.0, Win Bonus=0.0
[2026-05-22 10:26:55] SCORE Group 16 (red): Final=1055.8, Time=91.3, Moves(77)=20.6, Pins(6)=600.0, Dist=344.0, Win Bonus=0.0
[2026-05-22 10:26:55] ALL WRONG MOVES BY COLOUR: {'gray0': ['2 (turn timeout)', '5 (turn timeout)', '11 (turn timeout)', '17 (turn timeout)', '20 (turn timeout)', '80 (illegal move)', '102 (illegal move)', '109 (illegal move)']}
[2026-05-22 10:26:56] MOVE 235: Gruppe 69 (lawn green) 35->23 [0.00ms]
[2026-05-22 10:26:56] SCORE Gruppe 69 (lawn green): Final=1296.1, Time=91.5, Moves(78)=18.6, Pins(8)=800.0, Dist=386.0, Win Bonus=0.0
[2026-05-22 10:26:56] SCORE HelloWorld (gray0): Final=1243.1, Time=58.6, Moves(72)=32.5, Pins(8)=800.0, Dist=352.0, Win Bonus=0.0
[2026-05-22 10:26:56] SCORE Group 16 (red): Final=1055.8, Time=91.3, Moves(77)=20.6, Pins(6)=600.0, Dist=344.0, Win Bonus=0.0
[2026-05-22 10:26:56] ALL WRONG MOVES BY COLOUR: {'gray0': ['2 (turn timeout)', '5 (turn timeout)', '11 (turn timeout)', '17 (turn timeout)', '20 (turn timeout)', '80 (illegal move)', '102 (illegal move)', '109 (illegal move)']}
[2026-05-22 10:26:56] MOVE 236: HelloWorld (gray0) 55->44 [0.00ms]
[2026-05-22 10:26:56] SCORE Gruppe 69 (lawn green): Final=1296.1, Time=91.5, Moves(78)=18.6, Pins(8)=800.0, Dist=386.0, Win Bonus=0.0
[2026-05-22 10:26:56] SCORE HelloWorld (gray0): Final=1240.2, Time=58.4, Moves(73)=29.8, Pins(8)=800.0, Dist=352.0, Win Bonus=0.0
[2026-05-22 10:26:56] SCORE Group 16 (red): Final=1055.8, Time=91.3, Moves(77)=20.6, Pins(6)=600.0, Dist=344.0, Win Bonus=0.0
[2026-05-22 10:26:56] ALL WRONG MOVES BY COLOUR: {'gray0': ['2 (turn timeout)', '5 (turn timeout)', '11 (turn timeout)', '17 (turn timeout)', '20 (turn timeout)', '80 (illegal move)', '102 (illegal move)', '109 (illegal move)']}
[2026-05-22 10:26:56] MOVE 237: Group 16 (red) 8->4 [0.00ms]
[2026-05-22 10:26:56] SCORE Gruppe 69 (lawn green): Final=1296.1, Time=91.5, Moves(78)=18.6, Pins(8)=800.0, Dist=386.0, Win Bonus=0.0
[2026-05-22 10:26:56] SCORE HelloWorld (gray0): Final=1240.2, Time=58.4, Moves(73)=29.8, Pins(8)=800.0, Dist=352.0, Win Bonus=0.0
[2026-05-22 10:26:56] SCORE Group 16 (red): Final=1053.7, Time=91.1, Moves(78)=18.6, Pins(6)=600.0, Dist=344.0, Win Bonus=0.0
[2026-05-22 10:26:56] ALL WRONG MOVES BY COLOUR: {'gray0': ['2 (turn timeout)', '5 (turn timeout)', '11 (turn timeout)', '17 (turn timeout)', '20 (turn timeout)', '80 (illegal move)', '102 (illegal move)', '109 (illegal move)']}
[2026-05-22 10:26:56] MOVE 238: Gruppe 69 (lawn green) 23->24 [0.00ms]
[2026-05-22 10:26:56] SCORE Gruppe 69 (lawn green): Final=1294.2, Time=91.4, Moves(79)=16.8, Pins(8)=800.0, Dist=386.0, Win Bonus=0.0
[2026-05-22 10:26:56] SCORE HelloWorld (gray0): Final=1240.2, Time=58.4, Moves(73)=29.8, Pins(8)=800.0, Dist=352.0, Win Bonus=0.0
[2026-05-22 10:26:56] SCORE Group 16 (red): Final=1053.7, Time=91.1, Moves(78)=18.6, Pins(6)=600.0, Dist=344.0, Win Bonus=0.0
[2026-05-22 10:26:56] ALL WRONG MOVES BY COLOUR: {'gray0': ['2 (turn timeout)', '5 (turn timeout)', '11 (turn timeout)', '17 (turn timeout)', '20 (turn timeout)', '80 (illegal move)', '102 (illegal move)', '109 (illegal move)']}
[2026-05-22 10:26:56] MOVE 239: HelloWorld (gray0) 44->55 [0.00ms]
[2026-05-22 10:26:56] SCORE Gruppe 69 (lawn green): Final=1294.2, Time=91.4, Moves(79)=16.8, Pins(8)=800.0, Dist=386.0, Win Bonus=0.0
[2026-05-22 10:26:56] SCORE HelloWorld (gray0): Final=1237.6, Time=58.3, Moves(74)=27.3, Pins(8)=800.0, Dist=352.0, Win Bonus=0.0
[2026-05-22 10:26:56] SCORE Group 16 (red): Final=1053.7, Time=91.1, Moves(78)=18.6, Pins(6)=600.0, Dist=344.0, Win Bonus=0.0
[2026-05-22 10:26:56] ALL WRONG MOVES BY COLOUR: {'gray0': ['2 (turn timeout)', '5 (turn timeout)', '11 (turn timeout)', '17 (turn timeout)', '20 (turn timeout)', '80 (illegal move)', '102 (illegal move)', '109 (illegal move)']}
[2026-05-22 10:26:56] MOVE 240: Group 16 (red) 4->5 [0.00ms]
[2026-05-22 10:26:56] SCORE Gruppe 69 (lawn green): Final=1294.2, Time=91.4, Moves(79)=16.8, Pins(8)=800.0, Dist=386.0, Win Bonus=0.0
[2026-05-22 10:26:56] SCORE HelloWorld (gray0): Final=1237.6, Time=58.3, Moves(74)=27.3, Pins(8)=800.0, Dist=352.0, Win Bonus=0.0
[2026-05-22 10:26:56] SCORE Group 16 (red): Final=1051.8, Time=91.0, Moves(79)=16.8, Pins(6)=600.0, Dist=344.0, Win Bonus=0.0
[2026-05-22 10:26:56] ALL WRONG MOVES BY COLOUR: {'gray0': ['2 (turn timeout)', '5 (turn timeout)', '11 (turn timeout)', '17 (turn timeout)', '20 (turn timeout)', '80 (illegal move)', '102 (illegal move)', '109 (illegal move)']}
[2026-05-22 10:26:56] MOVE 241: Gruppe 69 (lawn green) 24->25 [0.00ms]
[2026-05-22 10:26:56] SCORE Gruppe 69 (lawn green): Final=1292.4, Time=91.3, Moves(80)=15.1, Pins(8)=800.0, Dist=386.0, Win Bonus=0.0
[2026-05-22 10:26:56] SCORE HelloWorld (gray0): Final=1237.6, Time=58.3, Moves(74)=27.3, Pins(8)=800.0, Dist=352.0, Win Bonus=0.0
[2026-05-22 10:26:56] SCORE Group 16 (red): Final=1051.8, Time=91.0, Moves(79)=16.8, Pins(6)=600.0, Dist=344.0, Win Bonus=0.0
[2026-05-22 10:26:56] ALL WRONG MOVES BY COLOUR: {'gray0': ['2 (turn timeout)', '5 (turn timeout)', '11 (turn timeout)', '17 (turn timeout)', '20 (turn timeout)', '80 (illegal move)', '102 (illegal move)', '109 (illegal move)']}
[2026-05-22 10:26:57] MOVE 242: HelloWorld (gray0) 19->18 [0.00ms]
[2026-05-22 10:26:57] SCORE Gruppe 69 (lawn green): Final=1292.4, Time=91.3, Moves(80)=15.1, Pins(8)=800.0, Dist=386.0, Win Bonus=0.0
[2026-05-22 10:26:57] SCORE HelloWorld (gray0): Final=1133.1, Time=58.2, Moves(75)=24.9, Pins(7)=700.0, Dist=350.0, Win Bonus=0.0
[2026-05-22 10:26:57] SCORE Group 16 (red): Final=1051.8, Time=91.0, Moves(79)=16.8, Pins(6)=600.0, Dist=344.0, Win Bonus=0.0
[2026-05-22 10:26:57] ALL WRONG MOVES BY COLOUR: {'gray0': ['2 (turn timeout)', '5 (turn timeout)', '11 (turn timeout)', '17 (turn timeout)', '20 (turn timeout)', '80 (illegal move)', '102 (illegal move)', '109 (illegal move)']}
[2026-05-22 10:26:57] MOVE 243: Group 16 (red) 7->4 [0.00ms]
[2026-05-22 10:26:57] SCORE Gruppe 69 (lawn green): Final=1292.4, Time=91.3, Moves(80)=15.1, Pins(8)=800.0, Dist=386.0, Win Bonus=0.0
[2026-05-22 10:26:57] SCORE HelloWorld (gray0): Final=1133.1, Time=58.2, Moves(75)=24.9, Pins(7)=700.0, Dist=350.0, Win Bonus=0.0
[2026-05-22 10:26:57] SCORE Group 16 (red): Final=1050.0, Time=90.9, Moves(80)=15.1, Pins(6)=600.0, Dist=344.0, Win Bonus=0.0
[2026-05-22 10:26:57] ALL WRONG MOVES BY COLOUR: {'gray0': ['2 (turn timeout)', '5 (turn timeout)', '11 (turn timeout)', '17 (turn timeout)', '20 (turn timeout)', '80 (illegal move)', '102 (illegal move)', '109 (illegal move)']}
[2026-05-22 10:26:57] MOVE 244: Gruppe 69 (lawn green) 25->37 [0.01ms]
[2026-05-22 10:26:57] SCORE Gruppe 69 (lawn green): Final=1292.7, Time=91.1, Moves(81)=13.5, Pins(8)=800.0, Dist=388.0, Win Bonus=0.0
[2026-05-22 10:26:57] SCORE HelloWorld (gray0): Final=1133.1, Time=58.2, Moves(75)=24.9, Pins(7)=700.0, Dist=350.0, Win Bonus=0.0
[2026-05-22 10:26:57] SCORE Group 16 (red): Final=1050.0, Time=90.9, Moves(80)=15.1, Pins(6)=600.0, Dist=344.0, Win Bonus=0.0
[2026-05-22 10:26:57] ALL WRONG MOVES BY COLOUR: {'gray0': ['2 (turn timeout)', '5 (turn timeout)', '11 (turn timeout)', '17 (turn timeout)', '20 (turn timeout)', '80 (illegal move)', '102 (illegal move)', '109 (illegal move)']}
[2026-05-22 10:26:57] MOVE 245: HelloWorld (gray0) 18->19 [0.00ms]
[2026-05-22 10:26:57] SCORE Gruppe 69 (lawn green): Final=1292.7, Time=91.1, Moves(81)=13.5, Pins(8)=800.0, Dist=388.0, Win Bonus=0.0
[2026-05-22 10:26:57] SCORE HelloWorld (gray0): Final=1232.7, Time=58.0, Moves(76)=22.7, Pins(8)=800.0, Dist=352.0, Win Bonus=0.0
[2026-05-22 10:26:57] SCORE Group 16 (red): Final=1050.0, Time=90.9, Moves(80)=15.1, Pins(6)=600.0, Dist=344.0, Win Bonus=0.0
[2026-05-22 10:26:57] ALL WRONG MOVES BY COLOUR: {'gray0': ['2 (turn timeout)', '5 (turn timeout)', '11 (turn timeout)', '17 (turn timeout)', '20 (turn timeout)', '80 (illegal move)', '102 (illegal move)', '109 (illegal move)']}
[2026-05-22 10:26:57] MOVE 246: Group 16 (red) 6->7 [0.00ms]
[2026-05-22 10:26:57] SCORE Gruppe 69 (lawn green): Final=1292.7, Time=91.1, Moves(81)=13.5, Pins(8)=800.0, Dist=388.0, Win Bonus=0.0
[2026-05-22 10:26:57] SCORE HelloWorld (gray0): Final=1232.7, Time=58.0, Moves(76)=22.7, Pins(8)=800.0, Dist=352.0, Win Bonus=0.0
[2026-05-22 10:26:57] SCORE Group 16 (red): Final=1048.3, Time=90.8, Moves(81)=13.5, Pins(6)=600.0, Dist=344.0, Win Bonus=0.0
[2026-05-22 10:26:57] ALL WRONG MOVES BY COLOUR: {'gray0': ['2 (turn timeout)', '5 (turn timeout)', '11 (turn timeout)', '17 (turn timeout)', '20 (turn timeout)', '80 (illegal move)', '102 (illegal move)', '109 (illegal move)']}
[2026-05-22 10:26:57] MOVE 247: Gruppe 69 (lawn green) 37->48 [0.01ms]
[2026-05-22 10:26:57] SCORE Gruppe 69 (lawn green): Final=1291.1, Time=91.0, Moves(82)=12.1, Pins(8)=800.0, Dist=388.0, Win Bonus=0.0
[2026-05-22 10:26:57] SCORE HelloWorld (gray0): Final=1232.7, Time=58.0, Moves(76)=22.7, Pins(8)=800.0, Dist=352.0, Win Bonus=0.0
[2026-05-22 10:26:57] SCORE Group 16 (red): Final=1048.3, Time=90.8, Moves(81)=13.5, Pins(6)=600.0, Dist=344.0, Win Bonus=0.0
[2026-05-22 10:26:57] ALL WRONG MOVES BY COLOUR: {'gray0': ['2 (turn timeout)', '5 (turn timeout)', '11 (turn timeout)', '17 (turn timeout)', '20 (turn timeout)', '80 (illegal move)', '102 (illegal move)', '109 (illegal move)']}
[2026-05-22 10:26:57] MOVE 248: HelloWorld (gray0) 55->44 [0.00ms]
[2026-05-22 10:26:57] SCORE Gruppe 69 (lawn green): Final=1291.1, Time=91.0, Moves(82)=12.1, Pins(8)=800.0, Dist=388.0, Win Bonus=0.0
[2026-05-22 10:26:57] SCORE HelloWorld (gray0): Final=1230.4, Time=57.8, Moves(77)=20.6, Pins(8)=800.0, Dist=352.0, Win Bonus=0.0
[2026-05-22 10:26:57] SCORE Group 16 (red): Final=1048.3, Time=90.8, Moves(81)=13.5, Pins(6)=600.0, Dist=344.0, Win Bonus=0.0
[2026-05-22 10:26:57] ALL WRONG MOVES BY COLOUR: {'gray0': ['2 (turn timeout)', '5 (turn timeout)', '11 (turn timeout)', '17 (turn timeout)', '20 (turn timeout)', '80 (illegal move)', '102 (illegal move)', '109 (illegal move)']}
[2026-05-22 10:26:57] MOVE 249: Group 16 (red) 3->6 [0.00ms]
[2026-05-22 10:26:58] SCORE Gruppe 69 (lawn green): Final=1291.1, Time=91.0, Moves(82)=12.1, Pins(8)=800.0, Dist=388.0, Win Bonus=0.0
[2026-05-22 10:26:58] SCORE HelloWorld (gray0): Final=1230.4, Time=57.8, Moves(77)=20.6, Pins(8)=800.0, Dist=352.0, Win Bonus=0.0
[2026-05-22 10:26:58] SCORE Group 16 (red): Final=1046.8, Time=90.7, Moves(82)=12.1, Pins(6)=600.0, Dist=344.0, Win Bonus=0.0
[2026-05-22 10:26:58] ALL WRONG MOVES BY COLOUR: {'gray0': ['2 (turn timeout)', '5 (turn timeout)', '11 (turn timeout)', '17 (turn timeout)', '20 (turn timeout)', '80 (illegal move)', '102 (illegal move)', '109 (illegal move)']}
[2026-05-22 10:26:58] MOVE 250: Gruppe 69 (lawn green) 48->58 [0.00ms]
[2026-05-22 10:26:58] SCORE Gruppe 69 (lawn green): Final=1289.7, Time=90.9, Moves(83)=10.8, Pins(8)=800.0, Dist=388.0, Win Bonus=0.0
[2026-05-22 10:26:58] SCORE HelloWorld (gray0): Final=1230.4, Time=57.8, Moves(77)=20.6, Pins(8)=800.0, Dist=352.0, Win Bonus=0.0
[2026-05-22 10:26:58] SCORE Group 16 (red): Final=1046.8, Time=90.7, Moves(82)=12.1, Pins(6)=600.0, Dist=344.0, Win Bonus=0.0
[2026-05-22 10:26:58] ALL WRONG MOVES BY COLOUR: {'gray0': ['2 (turn timeout)', '5 (turn timeout)', '11 (turn timeout)', '17 (turn timeout)', '20 (turn timeout)', '80 (illegal move)', '102 (illegal move)', '109 (illegal move)']}
[2026-05-22 10:26:58] MOVE 251: HelloWorld (gray0) 44->55 [0.00ms]
[2026-05-22 10:26:58] SCORE Gruppe 69 (lawn green): Final=1289.7, Time=90.9, Moves(83)=10.8, Pins(8)=800.0, Dist=388.0, Win Bonus=0.0
[2026-05-22 10:26:58] SCORE HelloWorld (gray0): Final=1228.2, Time=57.6, Moves(78)=18.6, Pins(8)=800.0, Dist=352.0, Win Bonus=0.0
[2026-05-22 10:26:58] SCORE Group 16 (red): Final=1046.8, Time=90.7, Moves(82)=12.1, Pins(6)=600.0, Dist=344.0, Win Bonus=0.0
[2026-05-22 10:26:58] ALL WRONG MOVES BY COLOUR: {'gray0': ['2 (turn timeout)', '5 (turn timeout)', '11 (turn timeout)', '17 (turn timeout)', '20 (turn timeout)', '80 (illegal move)', '102 (illegal move)', '109 (illegal move)']}
[2026-05-22 10:26:58] MOVE 252: Group 16 (red) 7->3 [0.00ms]
[2026-05-22 10:26:58] SCORE Gruppe 69 (lawn green): Final=1289.7, Time=90.9, Moves(83)=10.8, Pins(8)=800.0, Dist=388.0, Win Bonus=0.0
[2026-05-22 10:26:58] SCORE HelloWorld (gray0): Final=1228.2, Time=57.6, Moves(78)=18.6, Pins(8)=800.0, Dist=352.0, Win Bonus=0.0
[2026-05-22 10:26:58] SCORE Group 16 (red): Final=1045.4, Time=90.6, Moves(83)=10.8, Pins(6)=600.0, Dist=344.0, Win Bonus=0.0
[2026-05-22 10:26:58] ALL WRONG MOVES BY COLOUR: {'gray0': ['2 (turn timeout)', '5 (turn timeout)', '11 (turn timeout)', '17 (turn timeout)', '20 (turn timeout)', '80 (illegal move)', '102 (illegal move)', '109 (illegal move)']}
[2026-05-22 10:26:58] MOVE 253: Gruppe 69 (lawn green) 91->92 [0.00ms]
[2026-05-22 10:26:58] SCORE Gruppe 69 (lawn green): Final=1286.4, Time=90.8, Moves(84)=9.6, Pins(8)=800.0, Dist=386.0, Win Bonus=0.0
[2026-05-22 10:26:58] SCORE HelloWorld (gray0): Final=1228.2, Time=57.6, Moves(78)=18.6, Pins(8)=800.0, Dist=352.0, Win Bonus=0.0
[2026-05-22 10:26:58] SCORE Group 16 (red): Final=1045.4, Time=90.6, Moves(83)=10.8, Pins(6)=600.0, Dist=344.0, Win Bonus=0.0
[2026-05-22 10:26:58] ALL WRONG MOVES BY COLOUR: {'gray0': ['2 (turn timeout)', '5 (turn timeout)', '11 (turn timeout)', '17 (turn timeout)', '20 (turn timeout)', '80 (illegal move)', '102 (illegal move)', '109 (illegal move)']}
[2026-05-22 10:26:58] MOVE 254: HelloWorld (gray0) 55->44 [0.00ms]
[2026-05-22 10:26:58] SCORE Gruppe 69 (lawn green): Final=1286.4, Time=90.8, Moves(84)=9.6, Pins(8)=800.0, Dist=386.0, Win Bonus=0.0
[2026-05-22 10:26:58] SCORE HelloWorld (gray0): Final=1226.2, Time=57.4, Moves(79)=16.8, Pins(8)=800.0, Dist=352.0, Win Bonus=0.0
[2026-05-22 10:26:58] SCORE Group 16 (red): Final=1045.4, Time=90.6, Moves(83)=10.8, Pins(6)=600.0, Dist=344.0, Win Bonus=0.0
[2026-05-22 10:26:58] ALL WRONG MOVES BY COLOUR: {'gray0': ['2 (turn timeout)', '5 (turn timeout)', '11 (turn timeout)', '17 (turn timeout)', '20 (turn timeout)', '80 (illegal move)', '102 (illegal move)', '109 (illegal move)']}
[2026-05-22 10:26:58] MOVE 255: Group 16 (red) 6->8 [0.00ms]
[2026-05-22 10:26:58] SCORE Gruppe 69 (lawn green): Final=1286.4, Time=90.8, Moves(84)=9.6, Pins(8)=800.0, Dist=386.0, Win Bonus=0.0
[2026-05-22 10:26:58] SCORE HelloWorld (gray0): Final=1226.2, Time=57.4, Moves(79)=16.8, Pins(8)=800.0, Dist=352.0, Win Bonus=0.0
[2026-05-22 10:26:58] SCORE Group 16 (red): Final=1044.1, Time=90.5, Moves(84)=9.6, Pins(6)=600.0, Dist=344.0, Win Bonus=0.0
[2026-05-22 10:26:58] ALL WRONG MOVES BY COLOUR: {'gray0': ['2 (turn timeout)', '5 (turn timeout)', '11 (turn timeout)', '17 (turn timeout)', '20 (turn timeout)', '80 (illegal move)', '102 (illegal move)', '109 (illegal move)']}
[2026-05-22 10:26:58] MOVE 256: Gruppe 69 (lawn green) 92->105 [0.00ms]
[2026-05-22 10:26:58] SCORE Gruppe 69 (lawn green): Final=1285.2, Time=90.8, Moves(85)=8.5, Pins(8)=800.0, Dist=386.0, Win Bonus=0.0
[2026-05-22 10:26:58] SCORE HelloWorld (gray0): Final=1226.2, Time=57.4, Moves(79)=16.8, Pins(8)=800.0, Dist=352.0, Win Bonus=0.0
[2026-05-22 10:26:58] SCORE Group 16 (red): Final=1044.1, Time=90.5, Moves(84)=9.6, Pins(6)=600.0, Dist=344.0, Win Bonus=0.0
[2026-05-22 10:26:58] ALL WRONG MOVES BY COLOUR: {'gray0': ['2 (turn timeout)', '5 (turn timeout)', '11 (turn timeout)', '17 (turn timeout)', '20 (turn timeout)', '80 (illegal move)', '102 (illegal move)', '109 (illegal move)']}
[2026-05-22 10:26:59] MOVE 257: HelloWorld (gray0) 44->55 [0.00ms]
[2026-05-22 10:26:59] SCORE Gruppe 69 (lawn green): Final=1285.2, Time=90.8, Moves(85)=8.5, Pins(8)=800.0, Dist=386.0, Win Bonus=0.0
[2026-05-22 10:26:59] SCORE HelloWorld (gray0): Final=1224.3, Time=57.2, Moves(80)=15.1, Pins(8)=800.0, Dist=352.0, Win Bonus=0.0
[2026-05-22 10:26:59] SCORE Group 16 (red): Final=1044.1, Time=90.5, Moves(84)=9.6, Pins(6)=600.0, Dist=344.0, Win Bonus=0.0
[2026-05-22 10:26:59] ALL WRONG MOVES BY COLOUR: {'gray0': ['2 (turn timeout)', '5 (turn timeout)', '11 (turn timeout)', '17 (turn timeout)', '20 (turn timeout)', '80 (illegal move)', '102 (illegal move)', '109 (illegal move)']}
[2026-05-22 10:26:59] MOVE 258: Group 16 (red) 8->7 [0.00ms]
[2026-05-22 10:26:59] SCORE Gruppe 69 (lawn green): Final=1285.2, Time=90.8, Moves(85)=8.5, Pins(8)=800.0, Dist=386.0, Win Bonus=0.0
[2026-05-22 10:26:59] SCORE HelloWorld (gray0): Final=1224.3, Time=57.2, Moves(80)=15.1, Pins(8)=800.0, Dist=352.0, Win Bonus=0.0
[2026-05-22 10:26:59] SCORE Group 16 (red): Final=1042.9, Time=90.4, Moves(85)=8.5, Pins(6)=600.0, Dist=344.0, Win Bonus=0.0
[2026-05-22 10:26:59] ALL WRONG MOVES BY COLOUR: {'gray0': ['2 (turn timeout)', '5 (turn timeout)', '11 (turn timeout)', '17 (turn timeout)', '20 (turn timeout)', '80 (illegal move)', '102 (illegal move)', '109 (illegal move)']}
[2026-05-22 10:26:59] MOVE 259: Gruppe 69 (lawn green) 105->113 [0.01ms]
[2026-05-22 10:26:59] SCORE Gruppe 69 (lawn green): Final=1284.0, Time=90.5, Moves(86)=7.5, Pins(8)=800.0, Dist=386.0, Win Bonus=0.0
[2026-05-22 10:26:59] SCORE HelloWorld (gray0): Final=1224.3, Time=57.2, Moves(80)=15.1, Pins(8)=800.0, Dist=352.0, Win Bonus=0.0
[2026-05-22 10:26:59] SCORE Group 16 (red): Final=1042.9, Time=90.4, Moves(85)=8.5, Pins(6)=600.0, Dist=344.0, Win Bonus=0.0
[2026-05-22 10:26:59] ALL WRONG MOVES BY COLOUR: {'gray0': ['2 (turn timeout)', '5 (turn timeout)', '11 (turn timeout)', '17 (turn timeout)', '20 (turn timeout)', '80 (illegal move)', '102 (illegal move)', '109 (illegal move)']}
[2026-05-22 10:26:59] MOVE 260: HelloWorld (gray0) 55->44 [0.01ms]
[2026-05-22 10:26:59] SCORE Gruppe 69 (lawn green): Final=1284.0, Time=90.5, Moves(86)=7.5, Pins(8)=800.0, Dist=386.0, Win Bonus=0.0
[2026-05-22 10:26:59] SCORE HelloWorld (gray0): Final=1222.6, Time=57.0, Moves(81)=13.5, Pins(8)=800.0, Dist=352.0, Win Bonus=0.0
[2026-05-22 10:26:59] SCORE Group 16 (red): Final=1042.9, Time=90.4, Moves(85)=8.5, Pins(6)=600.0, Dist=344.0, Win Bonus=0.0
[2026-05-22 10:26:59] ALL WRONG MOVES BY COLOUR: {'gray0': ['2 (turn timeout)', '5 (turn timeout)', '11 (turn timeout)', '17 (turn timeout)', '20 (turn timeout)', '80 (illegal move)', '102 (illegal move)', '109 (illegal move)']}
[2026-05-22 10:26:59] MOVE 261: Group 16 (red) 70->60 [0.00ms]
[2026-05-22 10:26:59] SCORE Gruppe 69 (lawn green): Final=1284.0, Time=90.5, Moves(86)=7.5, Pins(8)=800.0, Dist=386.0, Win Bonus=0.0
[2026-05-22 10:26:59] SCORE HelloWorld (gray0): Final=1222.6, Time=57.0, Moves(81)=13.5, Pins(8)=800.0, Dist=352.0, Win Bonus=0.0
[2026-05-22 10:26:59] SCORE Group 16 (red): Final=1043.6, Time=90.2, Moves(86)=7.5, Pins(6)=600.0, Dist=346.0, Win Bonus=0.0
[2026-05-22 10:26:59] ALL WRONG MOVES BY COLOUR: {'gray0': ['2 (turn timeout)', '5 (turn timeout)', '11 (turn timeout)', '17 (turn timeout)', '20 (turn timeout)', '80 (illegal move)', '102 (illegal move)', '109 (illegal move)']}
[2026-05-22 10:26:59] MOVE 262: Gruppe 69 (lawn green) 113->116 [0.01ms]
[2026-05-22 10:26:59] SCORE Gruppe 69 (lawn green): Final=1282.9, Time=90.3, Moves(87)=6.6, Pins(8)=800.0, Dist=386.0, Win Bonus=0.0
[2026-05-22 10:26:59] SCORE HelloWorld (gray0): Final=1222.6, Time=57.0, Moves(81)=13.5, Pins(8)=800.0, Dist=352.0, Win Bonus=0.0
[2026-05-22 10:27:00] SCORE Group 16 (red): Final=1043.6, Time=90.2, Moves(86)=7.5, Pins(6)=600.0, Dist=346.0, Win Bonus=0.0
[2026-05-22 10:27:00] ALL WRONG MOVES BY COLOUR: {'gray0': ['2 (turn timeout)', '5 (turn timeout)', '11 (turn timeout)', '17 (turn timeout)', '20 (turn timeout)', '80 (illegal move)', '102 (illegal move)', '109 (illegal move)']}
[2026-05-22 10:27:00] MOVE 263: HelloWorld (gray0) 44->55 [0.01ms]
[2026-05-22 10:27:00] SCORE Gruppe 69 (lawn green): Final=1282.9, Time=90.3, Moves(87)=6.6, Pins(8)=800.0, Dist=386.0, Win Bonus=0.0
[2026-05-22 10:27:00] SCORE HelloWorld (gray0): Final=1220.9, Time=56.8, Moves(82)=12.1, Pins(8)=800.0, Dist=352.0, Win Bonus=0.0
[2026-05-22 10:27:00] SCORE Group 16 (red): Final=1043.6, Time=90.2, Moves(86)=7.5, Pins(6)=600.0, Dist=346.0, Win Bonus=0.0
[2026-05-22 10:27:00] ALL WRONG MOVES BY COLOUR: {'gray0': ['2 (turn timeout)', '5 (turn timeout)', '11 (turn timeout)', '17 (turn timeout)', '20 (turn timeout)', '80 (illegal move)', '102 (illegal move)', '109 (illegal move)']}
[2026-05-22 10:27:00] MOVE 264: Group 16 (red) 60->51 [0.00ms]
[2026-05-22 10:27:00] SCORE Gruppe 69 (lawn green): Final=1282.9, Time=90.3, Moves(87)=6.6, Pins(8)=800.0, Dist=386.0, Win Bonus=0.0
[2026-05-22 10:27:00] SCORE HelloWorld (gray0): Final=1220.9, Time=56.8, Moves(82)=12.1, Pins(8)=800.0, Dist=352.0, Win Bonus=0.0
[2026-05-22 10:27:00] SCORE Group 16 (red): Final=1044.6, Time=90.0, Moves(87)=6.6, Pins(6)=600.0, Dist=348.0, Win Bonus=0.0
[2026-05-22 10:27:00] ALL WRONG MOVES BY COLOUR: {'gray0': ['2 (turn timeout)', '5 (turn timeout)', '11 (turn timeout)', '17 (turn timeout)', '20 (turn timeout)', '80 (illegal move)', '102 (illegal move)', '109 (illegal move)']}
[2026-05-22 10:27:00] MOVE 265: Gruppe 69 (lawn green) 116->115 [0.01ms]
[2026-05-22 10:27:00] SCORE Gruppe 69 (lawn green): Final=1283.9, Time=90.2, Moves(88)=5.8, Pins(8)=800.0, Dist=388.0, Win Bonus=0.0
[2026-05-22 10:27:00] SCORE HelloWorld (gray0): Final=1220.9, Time=56.8, Moves(82)=12.1, Pins(8)=800.0, Dist=352.0, Win Bonus=0.0
[2026-05-22 10:27:00] SCORE Group 16 (red): Final=1044.6, Time=90.0, Moves(87)=6.6, Pins(6)=600.0, Dist=348.0, Win Bonus=0.0
[2026-05-22 10:27:00] ALL WRONG MOVES BY COLOUR: {'gray0': ['2 (turn timeout)', '5 (turn timeout)', '11 (turn timeout)', '17 (turn timeout)', '20 (turn timeout)', '80 (illegal move)', '102 (illegal move)', '109 (illegal move)']}
[2026-05-22 10:27:00] MOVE 266: HelloWorld (gray0) 55->44 [0.00ms]
[2026-05-22 10:27:00] SCORE Gruppe 69 (lawn green): Final=1283.9, Time=90.2, Moves(88)=5.8, Pins(8)=800.0, Dist=388.0, Win Bonus=0.0
[2026-05-22 10:27:00] SCORE HelloWorld (gray0): Final=1219.4, Time=56.6, Moves(83)=10.8, Pins(8)=800.0, Dist=352.0, Win Bonus=0.0
[2026-05-22 10:27:00] SCORE Group 16 (red): Final=1044.6, Time=90.0, Moves(87)=6.6, Pins(6)=600.0, Dist=348.0, Win Bonus=0.0
[2026-05-22 10:27:00] ALL WRONG MOVES BY COLOUR: {'gray0': ['2 (turn timeout)', '5 (turn timeout)', '11 (turn timeout)', '17 (turn timeout)', '20 (turn timeout)', '80 (illegal move)', '102 (illegal move)', '109 (illegal move)']}
[2026-05-22 10:27:00] MOVE 267: Group 16 (red) 51->40 [0.00ms]
[2026-05-22 10:27:00] SCORE Gruppe 69 (lawn green): Final=1283.9, Time=90.2, Moves(88)=5.8, Pins(8)=800.0, Dist=388.0, Win Bonus=0.0
[2026-05-22 10:27:00] SCORE HelloWorld (gray0): Final=1219.4, Time=56.6, Moves(83)=10.8, Pins(8)=800.0, Dist=352.0, Win Bonus=0.0
[2026-05-22 10:27:00] SCORE Group 16 (red): Final=1045.6, Time=89.9, Moves(88)=5.8, Pins(6)=600.0, Dist=350.0, Win Bonus=0.0
[2026-05-22 10:27:00] ALL WRONG MOVES BY COLOUR: {'gray0': ['2 (turn timeout)', '5 (turn timeout)', '11 (turn timeout)', '17 (turn timeout)', '20 (turn timeout)', '80 (illegal move)', '102 (illegal move)', '109 (illegal move)']}
[2026-05-22 10:27:00] MOVE 268: Gruppe 69 (lawn green) 115->118 [0.01ms]
[2026-05-22 10:27:01] SCORE Gruppe 69 (lawn green): Final=1281.1, Time=90.1, Moves(89)=5.0, Pins(8)=800.0, Dist=386.0, Win Bonus=0.0
[2026-05-22 10:27:01] SCORE HelloWorld (gray0): Final=1219.4, Time=56.6, Moves(83)=10.8, Pins(8)=800.0, Dist=352.0, Win Bonus=0.0
[2026-05-22 10:27:01] SCORE Group 16 (red): Final=1045.6, Time=89.9, Moves(88)=5.8, Pins(6)=600.0, Dist=350.0, Win Bonus=0.0
[2026-05-22 10:27:01] ALL WRONG MOVES BY COLOUR: {'gray0': ['2 (turn timeout)', '5 (turn timeout)', '11 (turn timeout)', '17 (turn timeout)', '20 (turn timeout)', '80 (illegal move)', '102 (illegal move)', '109 (illegal move)']}
[2026-05-22 10:27:01] MOVE 269: HelloWorld (gray0) 44->55 [0.00ms]
[2026-05-22 10:27:01] SCORE Gruppe 69 (lawn green): Final=1281.1, Time=90.1, Moves(89)=5.0, Pins(8)=800.0, Dist=386.0, Win Bonus=0.0
[2026-05-22 10:27:01] SCORE HelloWorld (gray0): Final=1217.9, Time=56.3, Moves(84)=9.6, Pins(8)=800.0, Dist=352.0, Win Bonus=0.0
[2026-05-22 10:27:01] SCORE Group 16 (red): Final=1045.6, Time=89.9, Moves(88)=5.8, Pins(6)=600.0, Dist=350.0, Win Bonus=0.0
[2026-05-22 10:27:01] ALL WRONG MOVES BY COLOUR: {'gray0': ['2 (turn timeout)', '5 (turn timeout)', '11 (turn timeout)', '17 (turn timeout)', '20 (turn timeout)', '80 (illegal move)', '102 (illegal move)', '109 (illegal move)']}
[2026-05-22 10:27:01] MOVE 270: Group 16 (red) 40->29 [0.01ms]
[2026-05-22 10:27:01] SCORE Gruppe 69 (lawn green): Final=1281.1, Time=90.1, Moves(89)=5.0, Pins(8)=800.0, Dist=386.0, Win Bonus=0.0
[2026-05-22 10:27:01] SCORE HelloWorld (gray0): Final=1217.9, Time=56.3, Moves(84)=9.6, Pins(8)=800.0, Dist=352.0, Win Bonus=0.0
[2026-05-22 10:27:01] SCORE Group 16 (red): Final=1046.7, Time=89.7, Moves(89)=5.0, Pins(6)=600.0, Dist=352.0, Win Bonus=0.0
[2026-05-22 10:27:01] ALL WRONG MOVES BY COLOUR: {'gray0': ['2 (turn timeout)', '5 (turn timeout)', '11 (turn timeout)', '17 (turn timeout)', '20 (turn timeout)', '80 (illegal move)', '102 (illegal move)', '109 (illegal move)']}
[2026-05-22 10:27:01] MOVE 271: Gruppe 69 (lawn green) 118->119 [0.00ms]
[2026-05-22 10:27:01] SCORE Gruppe 69 (lawn green): Final=1278.2, Time=89.8, Moves(90)=4.4, Pins(8)=800.0, Dist=384.0, Win Bonus=0.0
[2026-05-22 10:27:01] SCORE HelloWorld (gray0): Final=1217.9, Time=56.3, Moves(84)=9.6, Pins(8)=800.0, Dist=352.0, Win Bonus=0.0
[2026-05-22 10:27:01] SCORE Group 16 (red): Final=1046.7, Time=89.7, Moves(89)=5.0, Pins(6)=600.0, Dist=352.0, Win Bonus=0.0
[2026-05-22 10:27:01] ALL WRONG MOVES BY COLOUR: {'gray0': ['2 (turn timeout)', '5 (turn timeout)', '11 (turn timeout)', '17 (turn timeout)', '20 (turn timeout)', '80 (illegal move)', '102 (illegal move)', '109 (illegal move)']}
[2026-05-22 10:27:01] MOVE 272: HelloWorld (gray0) 32->43 [0.01ms]
[2026-05-22 10:27:01] SCORE Gruppe 69 (lawn green): Final=1278.2, Time=89.8, Moves(90)=4.4, Pins(8)=800.0, Dist=384.0, Win Bonus=0.0
[2026-05-22 10:27:01] SCORE HelloWorld (gray0): Final=1114.6, Time=56.1, Moves(85)=8.5, Pins(7)=700.0, Dist=350.0, Win Bonus=0.0
[2026-05-22 10:27:01] SCORE Group 16 (red): Final=1046.7, Time=89.7, Moves(89)=5.0, Pins(6)=600.0, Dist=352.0, Win Bonus=0.0
[2026-05-22 10:27:01] ALL WRONG MOVES BY COLOUR: {'gray0': ['2 (turn timeout)', '5 (turn timeout)', '11 (turn timeout)', '17 (turn timeout)', '20 (turn timeout)', '80 (illegal move)', '102 (illegal move)', '109 (illegal move)']}
[2026-05-22 10:27:02] MOVE 273: Group 16 (red) 90->78 [0.01ms]
[2026-05-22 10:27:02] SCORE Gruppe 69 (lawn green): Final=1278.2, Time=89.8, Moves(90)=4.4, Pins(8)=800.0, Dist=384.0, Win Bonus=0.0
[2026-05-22 10:27:02] SCORE HelloWorld (gray0): Final=1114.6, Time=56.1, Moves(85)=8.5, Pins(7)=700.0, Dist=350.0, Win Bonus=0.0
[2026-05-22 10:27:02] SCORE Group 16 (red): Final=1047.9, Time=89.5, Moves(90)=4.4, Pins(6)=600.0, Dist=354.0, Win Bonus=0.0
[2026-05-22 10:27:02] ALL WRONG MOVES BY COLOUR: {'gray0': ['2 (turn timeout)', '5 (turn timeout)', '11 (turn timeout)', '17 (turn timeout)', '20 (turn timeout)', '80 (illegal move)', '102 (illegal move)', '109 (illegal move)']}
[2026-05-22 10:27:02] MOVE 274: Gruppe 69 (lawn green) 119->117 [0.00ms]
[2026-05-22 10:27:02] SCORE Gruppe 69 (lawn green): Final=1277.5, Time=89.7, Moves(91)=3.8, Pins(8)=800.0, Dist=384.0, Win Bonus=0.0
[2026-05-22 10:27:02] SCORE HelloWorld (gray0): Final=1114.6, Time=56.1, Moves(85)=8.5, Pins(7)=700.0, Dist=350.0, Win Bonus=0.0
[2026-05-22 10:27:02] SCORE Group 16 (red): Final=1047.9, Time=89.5, Moves(90)=4.4, Pins(6)=600.0, Dist=354.0, Win Bonus=0.0
[2026-05-22 10:27:02] ALL WRONG MOVES BY COLOUR: {'gray0': ['2 (turn timeout)', '5 (turn timeout)', '11 (turn timeout)', '17 (turn timeout)', '20 (turn timeout)', '80 (illegal move)', '102 (illegal move)', '109 (illegal move)']}
[2026-05-22 10:27:02] MOVE 275: HelloWorld (gray0) 43->32 [0.01ms]
[2026-05-22 10:27:02] SCORE Gruppe 69 (lawn green): Final=1277.5, Time=89.7, Moves(91)=3.8, Pins(8)=800.0, Dist=384.0, Win Bonus=0.0
[2026-05-22 10:27:02] SCORE HelloWorld (gray0): Final=1215.2, Time=55.7, Moves(86)=7.5, Pins(8)=800.0, Dist=352.0, Win Bonus=0.0
[2026-05-22 10:27:02] SCORE Group 16 (red): Final=1047.9, Time=89.5, Moves(90)=4.4, Pins(6)=600.0, Dist=354.0, Win Bonus=0.0
[2026-05-22 10:27:02] ALL WRONG MOVES BY COLOUR: {'gray0': ['2 (turn timeout)', '5 (turn timeout)', '11 (turn timeout)', '17 (turn timeout)', '20 (turn timeout)', '80 (illegal move)', '102 (illegal move)', '109 (illegal move)']}
[2026-05-22 10:27:02] MOVE 276: Group 16 (red) 3->1 [0.00ms]
[2026-05-22 10:27:02] SCORE Gruppe 69 (lawn green): Final=1277.5, Time=89.7, Moves(91)=3.8, Pins(8)=800.0, Dist=384.0, Win Bonus=0.0
[2026-05-22 10:27:02] SCORE HelloWorld (gray0): Final=1215.2, Time=55.7, Moves(86)=7.5, Pins(8)=800.0, Dist=352.0, Win Bonus=0.0
[2026-05-22 10:27:02] SCORE Group 16 (red): Final=1047.3, Time=89.4, Moves(91)=3.8, Pins(6)=600.0, Dist=354.0, Win Bonus=0.0
[2026-05-22 10:27:02] ALL WRONG MOVES BY COLOUR: {'gray0': ['2 (turn timeout)', '5 (turn timeout)', '11 (turn timeout)', '17 (turn timeout)', '20 (turn timeout)', '80 (illegal move)', '102 (illegal move)', '109 (illegal move)']}
[2026-05-22 10:27:02] MOVE 277: Gruppe 69 (lawn green) 117->114 [0.00ms]
[2026-05-22 10:27:02] SCORE Gruppe 69 (lawn green): Final=1276.9, Time=89.6, Moves(92)=3.3, Pins(8)=800.0, Dist=384.0, Win Bonus=0.0
[2026-05-22 10:27:02] SCORE HelloWorld (gray0): Final=1215.2, Time=55.7, Moves(86)=7.5, Pins(8)=800.0, Dist=352.0, Win Bonus=0.0
[2026-05-22 10:27:02] SCORE Group 16 (red): Final=1047.3, Time=89.4, Moves(91)=3.8, Pins(6)=600.0, Dist=354.0, Win Bonus=0.0
[2026-05-22 10:27:02] ALL WRONG MOVES BY COLOUR: {'gray0': ['2 (turn timeout)', '5 (turn timeout)', '11 (turn timeout)', '17 (turn timeout)', '20 (turn timeout)', '80 (illegal move)', '102 (illegal move)', '109 (illegal move)']}
[2026-05-22 10:27:02] MOVE 278: HelloWorld (gray0) 55->44 [0.00ms]
[2026-05-22 10:27:02] SCORE Gruppe 69 (lawn green): Final=1276.9, Time=89.6, Moves(92)=3.3, Pins(8)=800.0, Dist=384.0, Win Bonus=0.0
[2026-05-22 10:27:02] SCORE HelloWorld (gray0): Final=1214.1, Time=55.5, Moves(87)=6.6, Pins(8)=800.0, Dist=352.0, Win Bonus=0.0
[2026-05-22 10:27:02] SCORE Group 16 (red): Final=1047.3, Time=89.4, Moves(91)=3.8, Pins(6)=600.0, Dist=354.0, Win Bonus=0.0
[2026-05-22 10:27:02] ALL WRONG MOVES BY COLOUR: {'gray0': ['2 (turn timeout)', '5 (turn timeout)', '11 (turn timeout)', '17 (turn timeout)', '20 (turn timeout)', '80 (illegal move)', '102 (illegal move)', '109 (illegal move)']}
[2026-05-22 10:27:03] MOVE 279: Group 16 (red) 5->3 [0.00ms]
[2026-05-22 10:27:03] SCORE Gruppe 69 (lawn green): Final=1276.9, Time=89.6, Moves(92)=3.3, Pins(8)=800.0, Dist=384.0, Win Bonus=0.0
[2026-05-22 10:27:03] SCORE HelloWorld (gray0): Final=1214.1, Time=55.5, Moves(87)=6.6, Pins(8)=800.0, Dist=352.0, Win Bonus=0.0
[2026-05-22 10:27:03] SCORE Group 16 (red): Final=1046.7, Time=89.3, Moves(92)=3.3, Pins(6)=600.0, Dist=354.0, Win Bonus=0.0
[2026-05-22 10:27:03] ALL WRONG MOVES BY COLOUR: {'gray0': ['2 (turn timeout)', '5 (turn timeout)', '11 (turn timeout)', '17 (turn timeout)', '20 (turn timeout)', '80 (illegal move)', '102 (illegal move)', '109 (illegal move)']}
[2026-05-22 10:27:03] MOVE 280: Gruppe 69 (lawn green) 114->106 [0.00ms]
[2026-05-22 10:27:03] SCORE Gruppe 69 (lawn green): Final=1276.4, Time=89.5, Moves(93)=2.9, Pins(8)=800.0, Dist=384.0, Win Bonus=0.0
[2026-05-22 10:27:03] SCORE HelloWorld (gray0): Final=1214.1, Time=55.5, Moves(87)=6.6, Pins(8)=800.0, Dist=352.0, Win Bonus=0.0
[2026-05-22 10:27:03] SCORE Group 16 (red): Final=1046.7, Time=89.3, Moves(92)=3.3, Pins(6)=600.0, Dist=354.0, Win Bonus=0.0
[2026-05-22 10:27:03] ALL WRONG MOVES BY COLOUR: {'gray0': ['2 (turn timeout)', '5 (turn timeout)', '11 (turn timeout)', '17 (turn timeout)', '20 (turn timeout)', '80 (illegal move)', '102 (illegal move)', '109 (illegal move)']}
[2026-05-22 10:27:03] MOVE 281: HelloWorld (gray0) 32->43 [0.00ms]
[2026-05-22 10:27:03] SCORE Gruppe 69 (lawn green): Final=1276.4, Time=89.5, Moves(93)=2.9, Pins(8)=800.0, Dist=384.0, Win Bonus=0.0
[2026-05-22 10:27:03] SCORE HelloWorld (gray0): Final=1111.2, Time=55.4, Moves(88)=5.8, Pins(7)=700.0, Dist=350.0, Win Bonus=0.0
[2026-05-22 10:27:03] SCORE Group 16 (red): Final=1046.7, Time=89.3, Moves(92)=3.3, Pins(6)=600.0, Dist=354.0, Win Bonus=0.0
[2026-05-22 10:27:03] ALL WRONG MOVES BY COLOUR: {'gray0': ['2 (turn timeout)', '5 (turn timeout)', '11 (turn timeout)', '17 (turn timeout)', '20 (turn timeout)', '80 (illegal move)', '102 (illegal move)', '109 (illegal move)']}
[2026-05-22 10:27:03] MOVE 282: Group 16 (red) 78->90 [0.00ms]
[2026-05-22 10:27:03] SCORE Gruppe 69 (lawn green): Final=1276.4, Time=89.5, Moves(93)=2.9, Pins(8)=800.0, Dist=384.0, Win Bonus=0.0
[2026-05-22 10:27:03] SCORE HelloWorld (gray0): Final=1111.2, Time=55.4, Moves(88)=5.8, Pins(7)=700.0, Dist=350.0, Win Bonus=0.0
[2026-05-22 10:27:03] SCORE Group 16 (red): Final=1044.2, Time=89.3, Moves(93)=2.9, Pins(6)=600.0, Dist=352.0, Win Bonus=0.0
[2026-05-22 10:27:03] ALL WRONG MOVES BY COLOUR: {'gray0': ['2 (turn timeout)', '5 (turn timeout)', '11 (turn timeout)', '17 (turn timeout)', '20 (turn timeout)', '80 (illegal move)', '102 (illegal move)', '109 (illegal move)']}
[2026-05-22 10:27:03] MOVE 283: Gruppe 69 (lawn green) 106->93 [0.00ms]
[2026-05-22 10:27:03] SCORE Gruppe 69 (lawn green): Final=1275.9, Time=89.4, Moves(94)=2.5, Pins(8)=800.0, Dist=384.0, Win Bonus=0.0
[2026-05-22 10:27:03] SCORE HelloWorld (gray0): Final=1111.2, Time=55.4, Moves(88)=5.8, Pins(7)=700.0, Dist=350.0, Win Bonus=0.0
[2026-05-22 10:27:03] SCORE Group 16 (red): Final=1044.2, Time=89.3, Moves(93)=2.9, Pins(6)=600.0, Dist=352.0, Win Bonus=0.0
[2026-05-22 10:27:03] ALL WRONG MOVES BY COLOUR: {'gray0': ['2 (turn timeout)', '5 (turn timeout)', '11 (turn timeout)', '17 (turn timeout)', '20 (turn timeout)', '80 (illegal move)', '102 (illegal move)', '109 (illegal move)']}
[2026-05-22 10:27:03] MOVE 284: HelloWorld (gray0) 43->32 [0.00ms]
[2026-05-22 10:27:03] SCORE Gruppe 69 (lawn green): Final=1275.9, Time=89.4, Moves(94)=2.5, Pins(8)=800.0, Dist=384.0, Win Bonus=0.0
[2026-05-22 10:27:03] SCORE HelloWorld (gray0): Final=1212.2, Time=55.1, Moves(89)=5.0, Pins(8)=800.0, Dist=352.0, Win Bonus=0.0
[2026-05-22 10:27:03] SCORE Group 16 (red): Final=1044.2, Time=89.3, Moves(93)=2.9, Pins(6)=600.0, Dist=352.0, Win Bonus=0.0
[2026-05-22 10:27:03] ALL WRONG MOVES BY COLOUR: {'gray0': ['2 (turn timeout)', '5 (turn timeout)', '11 (turn timeout)', '17 (turn timeout)', '20 (turn timeout)', '80 (illegal move)', '102 (illegal move)', '109 (illegal move)']}
[2026-05-22 10:27:03] MOVE 285: Group 16 (red) 3->6 [0.00ms]
[2026-05-22 10:27:03] SCORE Gruppe 69 (lawn green): Final=1275.9, Time=89.4, Moves(94)=2.5, Pins(8)=800.0, Dist=384.0, Win Bonus=0.0
[2026-05-22 10:27:03] SCORE HelloWorld (gray0): Final=1212.2, Time=55.1, Moves(89)=5.0, Pins(8)=800.0, Dist=352.0, Win Bonus=0.0
[2026-05-22 10:27:03] SCORE Group 16 (red): Final=1043.6, Time=89.2, Moves(94)=2.5, Pins(6)=600.0, Dist=352.0, Win Bonus=0.0
[2026-05-22 10:27:03] ALL WRONG MOVES BY COLOUR: {'gray0': ['2 (turn timeout)', '5 (turn timeout)', '11 (turn timeout)', '17 (turn timeout)', '20 (turn timeout)', '80 (illegal move)', '102 (illegal move)', '109 (illegal move)']}
[2026-05-22 10:27:03] MOVE 286: Gruppe 69 (lawn green) 93->81 [0.00ms]
[2026-05-22 10:27:03] SCORE Gruppe 69 (lawn green): Final=1275.4, Time=89.3, Moves(95)=2.1, Pins(8)=800.0, Dist=384.0, Win Bonus=0.0
[2026-05-22 10:27:03] SCORE HelloWorld (gray0): Final=1212.2, Time=55.1, Moves(89)=5.0, Pins(8)=800.0, Dist=352.0, Win Bonus=0.0
[2026-05-22 10:27:03] SCORE Group 16 (red): Final=1043.6, Time=89.2, Moves(94)=2.5, Pins(6)=600.0, Dist=352.0, Win Bonus=0.0
[2026-05-22 10:27:03] ALL WRONG MOVES BY COLOUR: {'gray0': ['2 (turn timeout)', '5 (turn timeout)', '11 (turn timeout)', '17 (turn timeout)', '20 (turn timeout)', '80 (illegal move)', '102 (illegal move)', '109 (illegal move)']}
[2026-05-22 10:27:04] MOVE 287: HelloWorld (gray0) 44->55 [0.00ms]
[2026-05-22 10:27:04] SCORE Gruppe 69 (lawn green): Final=1275.4, Time=89.3, Moves(95)=2.1, Pins(8)=800.0, Dist=384.0, Win Bonus=0.0
[2026-05-22 10:27:04] SCORE HelloWorld (gray0): Final=1211.3, Time=54.9, Moves(90)=4.4, Pins(8)=800.0, Dist=352.0, Win Bonus=0.0
[2026-05-22 10:27:04] SCORE Group 16 (red): Final=1043.6, Time=89.2, Moves(94)=2.5, Pins(6)=600.0, Dist=352.0, Win Bonus=0.0
[2026-05-22 10:27:04] ALL WRONG MOVES BY COLOUR: {'gray0': ['2 (turn timeout)', '5 (turn timeout)', '11 (turn timeout)', '17 (turn timeout)', '20 (turn timeout)', '80 (illegal move)', '102 (illegal move)', '109 (illegal move)']}
[2026-05-22 10:27:04] MOVE 288: Group 16 (red) 29->17 [0.00ms]
[2026-05-22 10:27:04] SCORE Gruppe 69 (lawn green): Final=1275.4, Time=89.3, Moves(95)=2.1, Pins(8)=800.0, Dist=384.0, Win Bonus=0.0
[2026-05-22 10:27:04] SCORE HelloWorld (gray0): Final=1211.3, Time=54.9, Moves(90)=4.4, Pins(8)=800.0, Dist=352.0, Win Bonus=0.0
[2026-05-22 10:27:04] SCORE Group 16 (red): Final=1045.2, Time=89.1, Moves(95)=2.1, Pins(6)=600.0, Dist=354.0, Win Bonus=0.0
[2026-05-22 10:27:04] ALL WRONG MOVES BY COLOUR: {'gray0': ['2 (turn timeout)', '5 (turn timeout)', '11 (turn timeout)', '17 (turn timeout)', '20 (turn timeout)', '80 (illegal move)', '102 (illegal move)', '109 (illegal move)']}
[2026-05-22 10:27:04] MOVE 289: Gruppe 69 (lawn green) 81->80 [0.00ms]
[2026-05-22 10:27:04] SCORE Gruppe 69 (lawn green): Final=1277.0, Time=89.2, Moves(96)=1.8, Pins(8)=800.0, Dist=386.0, Win Bonus=0.0
[2026-05-22 10:27:04] SCORE HelloWorld (gray0): Final=1211.3, Time=54.9, Moves(90)=4.4, Pins(8)=800.0, Dist=352.0, Win Bonus=0.0
[2026-05-22 10:27:04] SCORE Group 16 (red): Final=1045.2, Time=89.1, Moves(95)=2.1, Pins(6)=600.0, Dist=354.0, Win Bonus=0.0
[2026-05-22 10:27:04] ALL WRONG MOVES BY COLOUR: {'gray0': ['2 (turn timeout)', '5 (turn timeout)', '11 (turn timeout)', '17 (turn timeout)', '20 (turn timeout)', '80 (illegal move)', '102 (illegal move)', '109 (illegal move)']}
[2026-05-22 10:27:04] MOVE 290: HelloWorld (gray0) 55->44 [0.00ms]
[2026-05-22 10:27:04] SCORE Gruppe 69 (lawn green): Final=1277.0, Time=89.2, Moves(96)=1.8, Pins(8)=800.0, Dist=386.0, Win Bonus=0.0
[2026-05-22 10:27:04] SCORE HelloWorld (gray0): Final=1210.6, Time=54.7, Moves(91)=3.8, Pins(8)=800.0, Dist=352.0, Win Bonus=0.0
[2026-05-22 10:27:04] SCORE Group 16 (red): Final=1045.2, Time=89.1, Moves(95)=2.1, Pins(6)=600.0, Dist=354.0, Win Bonus=0.0
[2026-05-22 10:27:04] ALL WRONG MOVES BY COLOUR: {'gray0': ['2 (turn timeout)', '5 (turn timeout)', '11 (turn timeout)', '17 (turn timeout)', '20 (turn timeout)', '80 (illegal move)', '102 (illegal move)', '109 (illegal move)']}
[2026-05-22 10:27:04] MOVE 291: Group 16 (red) 17->8 [0.00ms]
[2026-05-22 10:27:04] SCORE Gruppe 69 (lawn green): Final=1277.0, Time=89.2, Moves(96)=1.8, Pins(8)=800.0, Dist=386.0, Win Bonus=0.0
[2026-05-22 10:27:04] SCORE HelloWorld (gray0): Final=1210.6, Time=54.7, Moves(91)=3.8, Pins(8)=800.0, Dist=352.0, Win Bonus=0.0
[2026-05-22 10:27:04] SCORE Group 16 (red): Final=1146.7, Time=88.9, Moves(96)=1.8, Pins(7)=700.0, Dist=356.0, Win Bonus=0.0
[2026-05-22 10:27:04] ALL WRONG MOVES BY COLOUR: {'gray0': ['2 (turn timeout)', '5 (turn timeout)', '11 (turn timeout)', '17 (turn timeout)', '20 (turn timeout)', '80 (illegal move)', '102 (illegal move)', '109 (illegal move)']}
[2026-05-22 10:27:04] MOVE 292: Gruppe 69 (lawn green) 80->69 [0.00ms]
[2026-05-22 10:27:04] SCORE Gruppe 69 (lawn green): Final=1276.6, Time=89.1, Moves(97)=1.5, Pins(8)=800.0, Dist=386.0, Win Bonus=0.0
[2026-05-22 10:27:04] SCORE HelloWorld (gray0): Final=1210.6, Time=54.7, Moves(91)=3.8, Pins(8)=800.0, Dist=352.0, Win Bonus=0.0
[2026-05-22 10:27:04] SCORE Group 16 (red): Final=1146.7, Time=88.9, Moves(96)=1.8, Pins(7)=700.0, Dist=356.0, Win Bonus=0.0
[2026-05-22 10:27:04] ALL WRONG MOVES BY COLOUR: {'gray0': ['2 (turn timeout)', '5 (turn timeout)', '11 (turn timeout)', '17 (turn timeout)', '20 (turn timeout)', '80 (illegal move)', '102 (illegal move)', '109 (illegal move)']}
[2026-05-22 10:27:05] MOVE 293: HelloWorld (gray0) 44->55 [0.00ms]
[2026-05-22 10:27:05] SCORE Gruppe 69 (lawn green): Final=1276.6, Time=89.1, Moves(97)=1.5, Pins(8)=800.0, Dist=386.0, Win Bonus=0.0
[2026-05-22 10:27:05] SCORE HelloWorld (gray0): Final=1209.8, Time=54.5, Moves(92)=3.3, Pins(8)=800.0, Dist=352.0, Win Bonus=0.0
[2026-05-22 10:27:05] SCORE Group 16 (red): Final=1146.7, Time=88.9, Moves(96)=1.8, Pins(7)=700.0, Dist=356.0, Win Bonus=0.0
[2026-05-22 10:27:05] ALL WRONG MOVES BY COLOUR: {'gray0': ['2 (turn timeout)', '5 (turn timeout)', '11 (turn timeout)', '17 (turn timeout)', '20 (turn timeout)', '80 (illegal move)', '102 (illegal move)', '109 (illegal move)']}
[2026-05-22 10:27:05] MOVE 294: Group 16 (red) 8->5 [0.00ms]
[2026-05-22 10:27:05] SCORE Gruppe 69 (lawn green): Final=1276.6, Time=89.1, Moves(97)=1.5, Pins(8)=800.0, Dist=386.0, Win Bonus=0.0
[2026-05-22 10:27:05] SCORE HelloWorld (gray0): Final=1209.8, Time=54.5, Moves(92)=3.3, Pins(8)=800.0, Dist=352.0, Win Bonus=0.0
[2026-05-22 10:27:05] SCORE Group 16 (red): Final=1146.4, Time=88.9, Moves(97)=1.5, Pins(7)=700.0, Dist=356.0, Win Bonus=0.0
[2026-05-22 10:27:05] ALL WRONG MOVES BY COLOUR: {'gray0': ['2 (turn timeout)', '5 (turn timeout)', '11 (turn timeout)', '17 (turn timeout)', '20 (turn timeout)', '80 (illegal move)', '102 (illegal move)', '109 (illegal move)']}
[2026-05-22 10:27:05] MOVE 295: Gruppe 69 (lawn green) 69->59 [0.00ms]
[2026-05-22 10:27:05] SCORE Gruppe 69 (lawn green): Final=1276.3, Time=89.0, Moves(98)=1.3, Pins(8)=800.0, Dist=386.0, Win Bonus=0.0
[2026-05-22 10:27:05] SCORE HelloWorld (gray0): Final=1209.8, Time=54.5, Moves(92)=3.3, Pins(8)=800.0, Dist=352.0, Win Bonus=0.0
[2026-05-22 10:27:05] SCORE Group 16 (red): Final=1146.4, Time=88.9, Moves(97)=1.5, Pins(7)=700.0, Dist=356.0, Win Bonus=0.0
[2026-05-22 10:27:05] ALL WRONG MOVES BY COLOUR: {'gray0': ['2 (turn timeout)', '5 (turn timeout)', '11 (turn timeout)', '17 (turn timeout)', '20 (turn timeout)', '80 (illegal move)', '102 (illegal move)', '109 (illegal move)']}
[2026-05-22 10:27:05] MOVE 296: HelloWorld (gray0) 55->44 [0.00ms]
[2026-05-22 10:27:05] SCORE Gruppe 69 (lawn green): Final=1276.3, Time=89.0, Moves(98)=1.3, Pins(8)=800.0, Dist=386.0, Win Bonus=0.0
[2026-05-22 10:27:05] SCORE HelloWorld (gray0): Final=1209.1, Time=54.3, Moves(93)=2.9, Pins(8)=800.0, Dist=352.0, Win Bonus=0.0
[2026-05-22 10:27:05] SCORE Group 16 (red): Final=1146.4, Time=88.9, Moves(97)=1.5, Pins(7)=700.0, Dist=356.0, Win Bonus=0.0
[2026-05-22 10:27:05] ALL WRONG MOVES BY COLOUR: {'gray0': ['2 (turn timeout)', '5 (turn timeout)', '11 (turn timeout)', '17 (turn timeout)', '20 (turn timeout)', '80 (illegal move)', '102 (illegal move)', '109 (illegal move)']}
[2026-05-22 10:27:05] MOVE 297: Group 16 (red) 5->3 [0.00ms]
[2026-05-22 10:27:05] SCORE Gruppe 69 (lawn green): Final=1276.3, Time=89.0, Moves(98)=1.3, Pins(8)=800.0, Dist=386.0, Win Bonus=0.0
[2026-05-22 10:27:05] SCORE HelloWorld (gray0): Final=1209.1, Time=54.3, Moves(93)=2.9, Pins(8)=800.0, Dist=352.0, Win Bonus=0.0
[2026-05-22 10:27:05] SCORE Group 16 (red): Final=1146.0, Time=88.7, Moves(98)=1.3, Pins(7)=700.0, Dist=356.0, Win Bonus=0.0
[2026-05-22 10:27:05] ALL WRONG MOVES BY COLOUR: {'gray0': ['2 (turn timeout)', '5 (turn timeout)', '11 (turn timeout)', '17 (turn timeout)', '20 (turn timeout)', '80 (illegal move)', '102 (illegal move)', '109 (illegal move)']}
[2026-05-22 10:27:05] MOVE 298: Gruppe 69 (lawn green) 59->49 [0.00ms]
[2026-05-22 10:27:05] SCORE Gruppe 69 (lawn green): Final=1276.0, Time=88.9, Moves(99)=1.1, Pins(8)=800.0, Dist=386.0, Win Bonus=0.0
[2026-05-22 10:27:05] SCORE HelloWorld (gray0): Final=1209.1, Time=54.3, Moves(93)=2.9, Pins(8)=800.0, Dist=352.0, Win Bonus=0.0
[2026-05-22 10:27:05] SCORE Group 16 (red): Final=1146.0, Time=88.7, Moves(98)=1.3, Pins(7)=700.0, Dist=356.0, Win Bonus=0.0
[2026-05-22 10:27:05] ALL WRONG MOVES BY COLOUR: {'gray0': ['2 (turn timeout)', '5 (turn timeout)', '11 (turn timeout)', '17 (turn timeout)', '20 (turn timeout)', '80 (illegal move)', '102 (illegal move)', '109 (illegal move)']}
[2026-05-22 10:27:05] MOVE 299: HelloWorld (gray0) 44->55 [0.00ms]
[2026-05-22 10:27:05] SCORE Gruppe 69 (lawn green): Final=1276.0, Time=88.9, Moves(99)=1.1, Pins(8)=800.0, Dist=386.0, Win Bonus=0.0
[2026-05-22 10:27:05] SCORE HelloWorld (gray0): Final=1208.6, Time=54.1, Moves(94)=2.5, Pins(8)=800.0, Dist=352.0, Win Bonus=0.0
[2026-05-22 10:27:05] SCORE Group 16 (red): Final=1146.0, Time=88.7, Moves(98)=1.3, Pins(7)=700.0, Dist=356.0, Win Bonus=0.0
[2026-05-22 10:27:05] ALL WRONG MOVES BY COLOUR: {'gray0': ['2 (turn timeout)', '5 (turn timeout)', '11 (turn timeout)', '17 (turn timeout)', '20 (turn timeout)', '80 (illegal move)', '102 (illegal move)', '109 (illegal move)']}
[2026-05-22 10:27:05] MOVE 300: Group 16 (red) 90->103 [0.00ms]
[2026-05-22 10:27:05] SCORE Gruppe 69 (lawn green): Final=1276.0, Time=88.9, Moves(99)=1.1, Pins(8)=800.0, Dist=386.0, Win Bonus=0.0
[2026-05-22 10:27:05] SCORE HelloWorld (gray0): Final=1208.6, Time=54.1, Moves(94)=2.5, Pins(8)=800.0, Dist=352.0, Win Bonus=0.0
[2026-05-22 10:27:05] SCORE Group 16 (red): Final=1143.7, Time=88.6, Moves(99)=1.1, Pins(7)=700.0, Dist=354.0, Win Bonus=0.0
[2026-05-22 10:27:05] ALL WRONG MOVES BY COLOUR: {'gray0': ['2 (turn timeout)', '5 (turn timeout)', '11 (turn timeout)', '17 (turn timeout)', '20 (turn timeout)', '80 (illegal move)', '102 (illegal move)', '109 (illegal move)']}
[2026-05-22 10:27:06] MOVE 301: Gruppe 69 (lawn green) 49->50 [0.00ms]
[2026-05-22 10:27:06] SCORE Gruppe 69 (lawn green): Final=1273.7, Time=88.8, Moves(100)=0.9, Pins(8)=800.0, Dist=384.0, Win Bonus=0.0
[2026-05-22 10:27:06] SCORE HelloWorld (gray0): Final=1208.6, Time=54.1, Moves(94)=2.5, Pins(8)=800.0, Dist=352.0, Win Bonus=0.0
[2026-05-22 10:27:06] SCORE Group 16 (red): Final=1143.7, Time=88.6, Moves(99)=1.1, Pins(7)=700.0, Dist=354.0, Win Bonus=0.0
[2026-05-22 10:27:06] ALL WRONG MOVES BY COLOUR: {'gray0': ['2 (turn timeout)', '5 (turn timeout)', '11 (turn timeout)', '17 (turn timeout)', '20 (turn timeout)', '80 (illegal move)', '102 (illegal move)', '109 (illegal move)']}
[2026-05-22 10:27:06] MOVE 302: HelloWorld (gray0) 55->44 [0.00ms]
[2026-05-22 10:27:06] SCORE Gruppe 69 (lawn green): Final=1273.7, Time=88.8, Moves(100)=0.9, Pins(8)=800.0, Dist=384.0, Win Bonus=0.0
[2026-05-22 10:27:06] SCORE HelloWorld (gray0): Final=1208.1, Time=54.0, Moves(95)=2.1, Pins(8)=800.0, Dist=352.0, Win Bonus=0.0
[2026-05-22 10:27:06] SCORE Group 16 (red): Final=1143.7, Time=88.6, Moves(99)=1.1, Pins(7)=700.0, Dist=354.0, Win Bonus=0.0
[2026-05-22 10:27:06] ALL WRONG MOVES BY COLOUR: {'gray0': ['2 (turn timeout)', '5 (turn timeout)', '11 (turn timeout)', '17 (turn timeout)', '20 (turn timeout)', '80 (illegal move)', '102 (illegal move)', '109 (illegal move)']}
[2026-05-22 10:27:06] MOVE 303: Group 16 (red) 103->91 [0.01ms]
[2026-05-22 10:27:06] SCORE Gruppe 69 (lawn green): Final=1273.7, Time=88.8, Moves(100)=0.9, Pins(8)=800.0, Dist=384.0, Win Bonus=0.0
[2026-05-22 10:27:06] SCORE HelloWorld (gray0): Final=1208.1, Time=54.0, Moves(95)=2.1, Pins(8)=800.0, Dist=352.0, Win Bonus=0.0
[2026-05-22 10:27:06] SCORE Group 16 (red): Final=1145.5, Time=88.5, Moves(100)=0.9, Pins(7)=700.0, Dist=356.0, Win Bonus=0.0
[2026-05-22 10:27:06] ALL WRONG MOVES BY COLOUR: {'gray0': ['2 (turn timeout)', '5 (turn timeout)', '11 (turn timeout)', '17 (turn timeout)', '20 (turn timeout)', '80 (illegal move)', '102 (illegal move)', '109 (illegal move)']}
[2026-05-22 10:27:06] MOVE 304: Gruppe 69 (lawn green) 50->39 [0.00ms]
[2026-05-22 10:27:06] SCORE Gruppe 69 (lawn green): Final=1273.5, Time=88.7, Moves(101)=0.8, Pins(8)=800.0, Dist=384.0, Win Bonus=0.0
[2026-05-22 10:27:06] SCORE HelloWorld (gray0): Final=1208.1, Time=54.0, Moves(95)=2.1, Pins(8)=800.0, Dist=352.0, Win Bonus=0.0
[2026-05-22 10:27:06] SCORE Group 16 (red): Final=1145.5, Time=88.5, Moves(100)=0.9, Pins(7)=700.0, Dist=356.0, Win Bonus=0.0
[2026-05-22 10:27:06] ALL WRONG MOVES BY COLOUR: {'gray0': ['2 (turn timeout)', '5 (turn timeout)', '11 (turn timeout)', '17 (turn timeout)', '20 (turn timeout)', '80 (illegal move)', '102 (illegal move)', '109 (illegal move)']}
[2026-05-22 10:27:06] MOVE 305: HelloWorld (gray0) 19->18 [0.00ms]
[2026-05-22 10:27:06] SCORE Gruppe 69 (lawn green): Final=1273.5, Time=88.7, Moves(101)=0.8, Pins(8)=800.0, Dist=384.0, Win Bonus=0.0
[2026-05-22 10:27:06] SCORE HelloWorld (gray0): Final=1105.7, Time=53.9, Moves(96)=1.8, Pins(7)=700.0, Dist=350.0, Win Bonus=0.0
[2026-05-22 10:27:06] SCORE Group 16 (red): Final=1145.5, Time=88.5, Moves(100)=0.9, Pins(7)=700.0, Dist=356.0, Win Bonus=0.0
[2026-05-22 10:27:06] ALL WRONG MOVES BY COLOUR: {'gray0': ['2 (turn timeout)', '5 (turn timeout)', '11 (turn timeout)', '17 (turn timeout)', '20 (turn timeout)', '80 (illegal move)', '102 (illegal move)', '109 (illegal move)']}
[2026-05-22 10:27:06] MOVE 306: Group 16 (red) 1->2 [0.00ms]
[2026-05-22 10:27:06] SCORE Gruppe 69 (lawn green): Final=1273.5, Time=88.7, Moves(101)=0.8, Pins(8)=800.0, Dist=384.0, Win Bonus=0.0
[2026-05-22 10:27:06] SCORE HelloWorld (gray0): Final=1105.7, Time=53.9, Moves(96)=1.8, Pins(7)=700.0, Dist=350.0, Win Bonus=0.0
[2026-05-22 10:27:06] SCORE Group 16 (red): Final=1145.2, Time=88.4, Moves(101)=0.8, Pins(7)=700.0, Dist=356.0, Win Bonus=0.0
[2026-05-22 10:27:06] ALL WRONG MOVES BY COLOUR: {'gray0': ['2 (turn timeout)', '5 (turn timeout)', '11 (turn timeout)', '17 (turn timeout)', '20 (turn timeout)', '80 (illegal move)', '102 (illegal move)', '109 (illegal move)']}
[2026-05-22 10:27:06] MOVE 307: Gruppe 69 (lawn green) 39->27 [0.00ms]
[2026-05-22 10:27:06] SCORE Gruppe 69 (lawn green): Final=1273.2, Time=88.5, Moves(102)=0.7, Pins(8)=800.0, Dist=384.0, Win Bonus=0.0
[2026-05-22 10:27:06] SCORE HelloWorld (gray0): Final=1105.7, Time=53.9, Moves(96)=1.8, Pins(7)=700.0, Dist=350.0, Win Bonus=0.0
[2026-05-22 10:27:06] SCORE Group 16 (red): Final=1145.2, Time=88.4, Moves(101)=0.8, Pins(7)=700.0, Dist=356.0, Win Bonus=0.0
[2026-05-22 10:27:06] ALL WRONG MOVES BY COLOUR: {'gray0': ['2 (turn timeout)', '5 (turn timeout)', '11 (turn timeout)', '17 (turn timeout)', '20 (turn timeout)', '80 (illegal move)', '102 (illegal move)', '109 (illegal move)']}
[2026-05-22 10:27:06] MOVE 308: HelloWorld (gray0) 18->19 [0.00ms]
[2026-05-22 10:27:06] SCORE Gruppe 69 (lawn green): Final=1273.2, Time=88.5, Moves(102)=0.7, Pins(8)=800.0, Dist=384.0, Win Bonus=0.0
[2026-05-22 10:27:06] SCORE HelloWorld (gray0): Final=1207.2, Time=53.7, Moves(97)=1.5, Pins(8)=800.0, Dist=352.0, Win Bonus=0.0
[2026-05-22 10:27:06] SCORE Group 16 (red): Final=1145.2, Time=88.4, Moves(101)=0.8, Pins(7)=700.0, Dist=356.0, Win Bonus=0.0
[2026-05-22 10:27:06] ALL WRONG MOVES BY COLOUR: {'gray0': ['2 (turn timeout)', '5 (turn timeout)', '11 (turn timeout)', '17 (turn timeout)', '20 (turn timeout)', '80 (illegal move)', '102 (illegal move)', '109 (illegal move)']}
[2026-05-22 10:27:07] MOVE 309: Group 16 (red) 91->80 [0.00ms]
[2026-05-22 10:27:07] SCORE Gruppe 69 (lawn green): Final=1273.2, Time=88.5, Moves(102)=0.7, Pins(8)=800.0, Dist=384.0, Win Bonus=0.0
[2026-05-22 10:27:07] SCORE HelloWorld (gray0): Final=1207.2, Time=53.7, Moves(97)=1.5, Pins(8)=800.0, Dist=352.0, Win Bonus=0.0
[2026-05-22 10:27:07] SCORE Group 16 (red): Final=1147.0, Time=88.3, Moves(102)=0.7, Pins(7)=700.0, Dist=358.0, Win Bonus=0.0
[2026-05-22 10:27:07] ALL WRONG MOVES BY COLOUR: {'gray0': ['2 (turn timeout)', '5 (turn timeout)', '11 (turn timeout)', '17 (turn timeout)', '20 (turn timeout)', '80 (illegal move)', '102 (illegal move)', '109 (illegal move)']}
[2026-05-22 10:27:07] MOVE 310: Gruppe 69 (lawn green) 27->14 [0.00ms]
[2026-05-22 10:27:07] SCORE Gruppe 69 (lawn green): Final=1273.0, Time=88.5, Moves(103)=0.6, Pins(8)=800.0, Dist=384.0, Win Bonus=0.0
[2026-05-22 10:27:07] SCORE HelloWorld (gray0): Final=1207.2, Time=53.7, Moves(97)=1.5, Pins(8)=800.0, Dist=352.0, Win Bonus=0.0
[2026-05-22 10:27:07] SCORE Group 16 (red): Final=1147.0, Time=88.3, Moves(102)=0.7, Pins(7)=700.0, Dist=358.0, Win Bonus=0.0
[2026-05-22 10:27:07] ALL WRONG MOVES BY COLOUR: {'gray0': ['2 (turn timeout)', '5 (turn timeout)', '11 (turn timeout)', '17 (turn timeout)', '20 (turn timeout)', '80 (illegal move)', '102 (illegal move)', '109 (illegal move)']}
[2026-05-22 10:27:07] MOVE 311: HelloWorld (gray0) 44->55 [0.00ms]
[2026-05-22 10:27:07] SCORE Gruppe 69 (lawn green): Final=1273.0, Time=88.5, Moves(103)=0.6, Pins(8)=800.0, Dist=384.0, Win Bonus=0.0
[2026-05-22 10:27:07] SCORE HelloWorld (gray0): Final=1206.8, Time=53.5, Moves(98)=1.3, Pins(8)=800.0, Dist=352.0, Win Bonus=0.0
[2026-05-22 10:27:07] SCORE Group 16 (red): Final=1147.0, Time=88.3, Moves(102)=0.7, Pins(7)=700.0, Dist=358.0, Win Bonus=0.0
[2026-05-22 10:27:07] ALL WRONG MOVES BY COLOUR: {'gray0': ['2 (turn timeout)', '5 (turn timeout)', '11 (turn timeout)', '17 (turn timeout)', '20 (turn timeout)', '80 (illegal move)', '102 (illegal move)', '109 (illegal move)']}
[2026-05-22 10:27:07] MOVE 312: Group 16 (red) 80->69 [0.00ms]
[2026-05-22 10:27:07] SCORE Gruppe 69 (lawn green): Final=1273.0, Time=88.5, Moves(103)=0.6, Pins(8)=800.0, Dist=384.0, Win Bonus=0.0
[2026-05-22 10:27:07] SCORE HelloWorld (gray0): Final=1206.8, Time=53.5, Moves(98)=1.3, Pins(8)=800.0, Dist=352.0, Win Bonus=0.0
[2026-05-22 10:27:07] SCORE Group 16 (red): Final=1148.8, Time=88.2, Moves(103)=0.6, Pins(7)=700.0, Dist=360.0, Win Bonus=0.0
[2026-05-22 10:27:07] ALL WRONG MOVES BY COLOUR: {'gray0': ['2 (turn timeout)', '5 (turn timeout)', '11 (turn timeout)', '17 (turn timeout)', '20 (turn timeout)', '80 (illegal move)', '102 (illegal move)', '109 (illegal move)']}
[2026-05-22 10:27:07] MOVE 313: Gruppe 69 (lawn green) 14->13 [0.00ms]
[2026-05-22 10:27:07] SCORE Gruppe 69 (lawn green): Final=1272.8, Time=88.4, Moves(104)=0.5, Pins(8)=800.0, Dist=384.0, Win Bonus=0.0
[2026-05-22 10:27:07] SCORE HelloWorld (gray0): Final=1206.8, Time=53.5, Moves(98)=1.3, Pins(8)=800.0, Dist=352.0, Win Bonus=0.0
[2026-05-22 10:27:07] SCORE Group 16 (red): Final=1148.8, Time=88.2, Moves(103)=0.6, Pins(7)=700.0, Dist=360.0, Win Bonus=0.0
[2026-05-22 10:27:07] ALL WRONG MOVES BY COLOUR: {'gray0': ['2 (turn timeout)', '5 (turn timeout)', '11 (turn timeout)', '17 (turn timeout)', '20 (turn timeout)', '80 (illegal move)', '102 (illegal move)', '109 (illegal move)']}
[2026-05-22 10:27:07] MOVE 314: HelloWorld (gray0) 19->31 [0.00ms]
[2026-05-22 10:27:07] SCORE Gruppe 69 (lawn green): Final=1272.8, Time=88.4, Moves(104)=0.5, Pins(8)=800.0, Dist=384.0, Win Bonus=0.0
[2026-05-22 10:27:07] SCORE HelloWorld (gray0): Final=1104.5, Time=53.4, Moves(99)=1.1, Pins(7)=700.0, Dist=350.0, Win Bonus=0.0
[2026-05-22 10:27:07] SCORE Group 16 (red): Final=1148.8, Time=88.2, Moves(103)=0.6, Pins(7)=700.0, Dist=360.0, Win Bonus=0.0
[2026-05-22 10:27:07] ALL WRONG MOVES BY COLOUR: {'gray0': ['2 (turn timeout)', '5 (turn timeout)', '11 (turn timeout)', '17 (turn timeout)', '20 (turn timeout)', '80 (illegal move)', '102 (illegal move)', '109 (illegal move)']}
[2026-05-22 10:27:07] MOVE 315: Group 16 (red) 3->1 [0.00ms]
[2026-05-22 10:27:07] SCORE Gruppe 69 (lawn green): Final=1272.8, Time=88.4, Moves(104)=0.5, Pins(8)=800.0, Dist=384.0, Win Bonus=0.0
[2026-05-22 10:27:07] SCORE HelloWorld (gray0): Final=1104.5, Time=53.4, Moves(99)=1.1, Pins(7)=700.0, Dist=350.0, Win Bonus=0.0
[2026-05-22 10:27:07] SCORE Group 16 (red): Final=1148.6, Time=88.2, Moves(104)=0.5, Pins(7)=700.0, Dist=360.0, Win Bonus=0.0
[2026-05-22 10:27:07] ALL WRONG MOVES BY COLOUR: {'gray0': ['2 (turn timeout)', '5 (turn timeout)', '11 (turn timeout)', '17 (turn timeout)', '20 (turn timeout)', '80 (illegal move)', '102 (illegal move)', '109 (illegal move)']}
[2026-05-22 10:27:07] MOVE 316: Gruppe 69 (lawn green) 13->12 [0.00ms]
[2026-05-22 10:27:07] SCORE Gruppe 69 (lawn green): Final=1272.6, Time=88.2, Moves(105)=0.4, Pins(8)=800.0, Dist=384.0, Win Bonus=0.0
[2026-05-22 10:27:07] SCORE HelloWorld (gray0): Final=1104.5, Time=53.4, Moves(99)=1.1, Pins(7)=700.0, Dist=350.0, Win Bonus=0.0
[2026-05-22 10:27:07] SCORE Group 16 (red): Final=1148.6, Time=88.2, Moves(104)=0.5, Pins(7)=700.0, Dist=360.0, Win Bonus=0.0
[2026-05-22 10:27:07] ALL WRONG MOVES BY COLOUR: {'gray0': ['2 (turn timeout)', '5 (turn timeout)', '11 (turn timeout)', '17 (turn timeout)', '20 (turn timeout)', '80 (illegal move)', '102 (illegal move)', '109 (illegal move)']}
[2026-05-22 10:27:08] MOVE 317: HelloWorld (gray0) 31->19 [0.00ms]
[2026-05-22 10:27:08] SCORE Gruppe 69 (lawn green): Final=1272.6, Time=88.2, Moves(105)=0.4, Pins(8)=800.0, Dist=384.0, Win Bonus=0.0
[2026-05-22 10:27:08] SCORE HelloWorld (gray0): Final=1206.1, Time=53.2, Moves(100)=0.9, Pins(8)=800.0, Dist=352.0, Win Bonus=0.0
[2026-05-22 10:27:08] SCORE Group 16 (red): Final=1148.6, Time=88.2, Moves(104)=0.5, Pins(7)=700.0, Dist=360.0, Win Bonus=0.0
[2026-05-22 10:27:08] ALL WRONG MOVES BY COLOUR: {'gray0': ['2 (turn timeout)', '5 (turn timeout)', '11 (turn timeout)', '17 (turn timeout)', '20 (turn timeout)', '80 (illegal move)', '102 (illegal move)', '109 (illegal move)']}
[2026-05-22 10:27:08] MOVE 318: Group 16 (red) 107->95 [0.00ms]
[2026-05-22 10:27:08] SCORE Gruppe 69 (lawn green): Final=1272.6, Time=88.2, Moves(105)=0.4, Pins(8)=800.0, Dist=384.0, Win Bonus=0.0
[2026-05-22 10:27:08] SCORE HelloWorld (gray0): Final=1206.1, Time=53.2, Moves(100)=0.9, Pins(8)=800.0, Dist=352.0, Win Bonus=0.0
[2026-05-22 10:27:08] SCORE Group 16 (red): Final=1150.5, Time=88.1, Moves(105)=0.4, Pins(7)=700.0, Dist=362.0, Win Bonus=0.0
[2026-05-22 10:27:08] ALL WRONG MOVES BY COLOUR: {'gray0': ['2 (turn timeout)', '5 (turn timeout)', '11 (turn timeout)', '17 (turn timeout)', '20 (turn timeout)', '80 (illegal move)', '102 (illegal move)', '109 (illegal move)']}
[2026-05-22 10:27:08] MOVE 319: Gruppe 69 (lawn green) 12->11 [0.00ms]
[2026-05-22 10:27:08] SCORE Gruppe 69 (lawn green): Final=1272.4, Time=88.1, Moves(106)=0.3, Pins(8)=800.0, Dist=384.0, Win Bonus=0.0
[2026-05-22 10:27:08] SCORE HelloWorld (gray0): Final=1206.1, Time=53.2, Moves(100)=0.9, Pins(8)=800.0, Dist=352.0, Win Bonus=0.0
[2026-05-22 10:27:08] SCORE Group 16 (red): Final=1150.5, Time=88.1, Moves(105)=0.4, Pins(7)=700.0, Dist=362.0, Win Bonus=0.0
[2026-05-22 10:27:08] ALL WRONG MOVES BY COLOUR: {'gray0': ['2 (turn timeout)', '5 (turn timeout)', '11 (turn timeout)', '17 (turn timeout)', '20 (turn timeout)', '80 (illegal move)', '102 (illegal move)', '109 (illegal move)']}
[2026-05-22 10:27:08] MOVE 320: HelloWorld (gray0) 55->44 [0.00ms]
[2026-05-22 10:27:08] SCORE Gruppe 69 (lawn green): Final=1272.4, Time=88.1, Moves(106)=0.3, Pins(8)=800.0, Dist=384.0, Win Bonus=0.0
[2026-05-22 10:27:08] SCORE HelloWorld (gray0): Final=1205.8, Time=53.0, Moves(101)=0.8, Pins(8)=800.0, Dist=352.0, Win Bonus=0.0
[2026-05-22 10:27:08] SCORE Group 16 (red): Final=1150.5, Time=88.1, Moves(105)=0.4, Pins(7)=700.0, Dist=362.0, Win Bonus=0.0
[2026-05-22 10:27:08] ALL WRONG MOVES BY COLOUR: {'gray0': ['2 (turn timeout)', '5 (turn timeout)', '11 (turn timeout)', '17 (turn timeout)', '20 (turn timeout)', '80 (illegal move)', '102 (illegal move)', '109 (illegal move)']}
[2026-05-22 10:27:08] MOVE 321: Group 16 (red) 95->96 [0.00ms]
[2026-05-22 10:27:08] SCORE Gruppe 69 (lawn green): Final=1272.4, Time=88.1, Moves(106)=0.3, Pins(8)=800.0, Dist=384.0, Win Bonus=0.0
[2026-05-22 10:27:08] SCORE HelloWorld (gray0): Final=1205.8, Time=53.0, Moves(101)=0.8, Pins(8)=800.0, Dist=352.0, Win Bonus=0.0
[2026-05-22 10:27:08] SCORE Group 16 (red): Final=1150.3, Time=88.0, Moves(106)=0.3, Pins(7)=700.0, Dist=362.0, Win Bonus=0.0
[2026-05-22 10:27:08] ALL WRONG MOVES BY COLOUR: {'gray0': ['2 (turn timeout)', '5 (turn timeout)', '11 (turn timeout)', '17 (turn timeout)', '20 (turn timeout)', '80 (illegal move)', '102 (illegal move)', '109 (illegal move)']}
[2026-05-22 10:27:08] MOVE 322: Gruppe 69 (lawn green) 11->10 [0.00ms]
[2026-05-22 10:27:08] SCORE Gruppe 69 (lawn green): Final=1272.2, Time=87.9, Moves(107)=0.3, Pins(8)=800.0, Dist=384.0, Win Bonus=0.0
[2026-05-22 10:27:08] SCORE HelloWorld (gray0): Final=1205.8, Time=53.0, Moves(101)=0.8, Pins(8)=800.0, Dist=352.0, Win Bonus=0.0
[2026-05-22 10:27:08] SCORE Group 16 (red): Final=1150.3, Time=88.0, Moves(106)=0.3, Pins(7)=700.0, Dist=362.0, Win Bonus=0.0
[2026-05-22 10:27:08] ALL WRONG MOVES BY COLOUR: {'gray0': ['2 (turn timeout)', '5 (turn timeout)', '11 (turn timeout)', '17 (turn timeout)', '20 (turn timeout)', '80 (illegal move)', '102 (illegal move)', '109 (illegal move)']}
[2026-05-22 10:27:08] MOVE 323: HelloWorld (gray0) 44->55 [0.00ms]
[2026-05-22 10:27:08] SCORE Gruppe 69 (lawn green): Final=1272.2, Time=87.9, Moves(107)=0.3, Pins(8)=800.0, Dist=384.0, Win Bonus=0.0
[2026-05-22 10:27:08] SCORE HelloWorld (gray0): Final=1205.5, Time=52.9, Moves(102)=0.7, Pins(8)=800.0, Dist=352.0, Win Bonus=0.0
[2026-05-22 10:27:08] SCORE Group 16 (red): Final=1150.3, Time=88.0, Moves(106)=0.3, Pins(7)=700.0, Dist=362.0, Win Bonus=0.0
[2026-05-22 10:27:08] ALL WRONG MOVES BY COLOUR: {'gray0': ['2 (turn timeout)', '5 (turn timeout)', '11 (turn timeout)', '17 (turn timeout)', '20 (turn timeout)', '80 (illegal move)', '102 (illegal move)', '109 (illegal move)']}
[2026-05-22 10:27:08] MOVE 324: Group 16 (red) 96->85 [0.00ms]
[2026-05-22 10:27:08] SCORE Gruppe 69 (lawn green): Final=1272.2, Time=87.9, Moves(107)=0.3, Pins(8)=800.0, Dist=384.0, Win Bonus=0.0
[2026-05-22 10:27:08] SCORE HelloWorld (gray0): Final=1205.5, Time=52.9, Moves(102)=0.7, Pins(8)=800.0, Dist=352.0, Win Bonus=0.0
[2026-05-22 10:27:08] SCORE Group 16 (red): Final=1152.2, Time=87.9, Moves(107)=0.3, Pins(7)=700.0, Dist=364.0, Win Bonus=0.0
[2026-05-22 10:27:08] ALL WRONG MOVES BY COLOUR: {'gray0': ['2 (turn timeout)', '5 (turn timeout)', '11 (turn timeout)', '17 (turn timeout)', '20 (turn timeout)', '80 (illegal move)', '102 (illegal move)', '109 (illegal move)']}
[2026-05-22 10:27:08] MOVE 325: Gruppe 69 (lawn green) 58->49 [0.00ms]
[2026-05-22 10:27:08] SCORE Gruppe 69 (lawn green): Final=1270.0, Time=87.8, Moves(108)=0.2, Pins(8)=800.0, Dist=382.0, Win Bonus=0.0
[2026-05-22 10:27:08] SCORE HelloWorld (gray0): Final=1205.5, Time=52.9, Moves(102)=0.7, Pins(8)=800.0, Dist=352.0, Win Bonus=0.0
[2026-05-22 10:27:08] SCORE Group 16 (red): Final=1152.2, Time=87.9, Moves(107)=0.3, Pins(7)=700.0, Dist=364.0, Win Bonus=0.0
[2026-05-22 10:27:08] ALL WRONG MOVES BY COLOUR: {'gray0': ['2 (turn timeout)', '5 (turn timeout)', '11 (turn timeout)', '17 (turn timeout)', '20 (turn timeout)', '80 (illegal move)', '102 (illegal move)', '109 (illegal move)']}
[2026-05-22 10:27:09] MOVE 326: HelloWorld (gray0) 32->31 [0.01ms]
[2026-05-22 10:27:09] SCORE Gruppe 69 (lawn green): Final=1270.0, Time=87.8, Moves(108)=0.2, Pins(8)=800.0, Dist=382.0, Win Bonus=0.0
[2026-05-22 10:27:09] SCORE HelloWorld (gray0): Final=1103.4, Time=52.8, Moves(103)=0.6, Pins(7)=700.0, Dist=350.0, Win Bonus=0.0
[2026-05-22 10:27:09] SCORE Group 16 (red): Final=1152.2, Time=87.9, Moves(107)=0.3, Pins(7)=700.0, Dist=364.0, Win Bonus=0.0
[2026-05-22 10:27:09] ALL WRONG MOVES BY COLOUR: {'gray0': ['2 (turn timeout)', '5 (turn timeout)', '11 (turn timeout)', '17 (turn timeout)', '20 (turn timeout)', '80 (illegal move)', '102 (illegal move)', '109 (illegal move)']}
[2026-05-22 10:27:09] MOVE 327: Group 16 (red) 85->74 [0.00ms]
[2026-05-22 10:27:09] SCORE Gruppe 69 (lawn green): Final=1270.0, Time=87.8, Moves(108)=0.2, Pins(8)=800.0, Dist=382.0, Win Bonus=0.0
[2026-05-22 10:27:09] SCORE HelloWorld (gray0): Final=1103.4, Time=52.8, Moves(103)=0.6, Pins(7)=700.0, Dist=350.0, Win Bonus=0.0
[2026-05-22 10:27:09] SCORE Group 16 (red): Final=1154.0, Time=87.8, Moves(108)=0.2, Pins(7)=700.0, Dist=366.0, Win Bonus=0.0
[2026-05-22 10:27:09] ALL WRONG MOVES BY COLOUR: {'gray0': ['2 (turn timeout)', '5 (turn timeout)', '11 (turn timeout)', '17 (turn timeout)', '20 (turn timeout)', '80 (illegal move)', '102 (illegal move)', '109 (illegal move)']}
[2026-05-22 10:27:09] MOVE 328: Gruppe 69 (lawn green) 49->59 [0.00ms]
[2026-05-22 10:27:09] SCORE Gruppe 69 (lawn green): Final=1269.9, Time=87.7, Moves(109)=0.2, Pins(8)=800.0, Dist=382.0, Win Bonus=0.0
[2026-05-22 10:27:09] SCORE HelloWorld (gray0): Final=1103.4, Time=52.8, Moves(103)=0.6, Pins(7)=700.0, Dist=350.0, Win Bonus=0.0
[2026-05-22 10:27:09] SCORE Group 16 (red): Final=1154.0, Time=87.8, Moves(108)=0.2, Pins(7)=700.0, Dist=366.0, Win Bonus=0.0
[2026-05-22 10:27:09] ALL WRONG MOVES BY COLOUR: {'gray0': ['2 (turn timeout)', '5 (turn timeout)', '11 (turn timeout)', '17 (turn timeout)', '20 (turn timeout)', '80 (illegal move)', '102 (illegal move)', '109 (illegal move)']}
[2026-05-22 10:27:09] MOVE 329: HelloWorld (gray0) 34->30 [0.00ms]
[2026-05-22 10:27:09] SCORE Gruppe 69 (lawn green): Final=1269.9, Time=87.7, Moves(109)=0.2, Pins(8)=800.0, Dist=382.0, Win Bonus=0.0
[2026-05-22 10:27:09] SCORE HelloWorld (gray0): Final=999.2, Time=52.7, Moves(104)=0.5, Pins(6)=600.0, Dist=346.0, Win Bonus=0.0
[2026-05-22 10:27:09] SCORE Group 16 (red): Final=1154.0, Time=87.8, Moves(108)=0.2, Pins(7)=700.0, Dist=366.0, Win Bonus=0.0
[2026-05-22 10:27:09] ALL WRONG MOVES BY COLOUR: {'gray0': ['2 (turn timeout)', '5 (turn timeout)', '11 (turn timeout)', '17 (turn timeout)', '20 (turn timeout)', '80 (illegal move)', '102 (illegal move)', '109 (illegal move)']}
[2026-05-22 10:27:09] MOVE 330: Group 16 (red) 74->64 [0.00ms]
[2026-05-22 10:27:09] SCORE Gruppe 69 (lawn green): Final=1269.9, Time=87.7, Moves(109)=0.2, Pins(8)=800.0, Dist=382.0, Win Bonus=0.0
[2026-05-22 10:27:09] SCORE HelloWorld (gray0): Final=999.2, Time=52.7, Moves(104)=0.5, Pins(6)=600.0, Dist=346.0, Win Bonus=0.0
[2026-05-22 10:27:09] SCORE Group 16 (red): Final=1155.9, Time=87.7, Moves(109)=0.2, Pins(7)=700.0, Dist=368.0, Win Bonus=0.0
[2026-05-22 10:27:09] ALL WRONG MOVES BY COLOUR: {'gray0': ['2 (turn timeout)', '5 (turn timeout)', '11 (turn timeout)', '17 (turn timeout)', '20 (turn timeout)', '80 (illegal move)', '102 (illegal move)', '109 (illegal move)']}
[2026-05-22 10:27:09] MOVE 331: Gruppe 69 (lawn green) 59->80 [0.00ms]
[2026-05-22 10:27:09] SCORE Gruppe 69 (lawn green): Final=1269.8, Time=87.6, Moves(110)=0.1, Pins(8)=800.0, Dist=382.0, Win Bonus=0.0
[2026-05-22 10:27:09] SCORE HelloWorld (gray0): Final=999.2, Time=52.7, Moves(104)=0.5, Pins(6)=600.0, Dist=346.0, Win Bonus=0.0
[2026-05-22 10:27:09] SCORE Group 16 (red): Final=1155.9, Time=87.7, Moves(109)=0.2, Pins(7)=700.0, Dist=368.0, Win Bonus=0.0
[2026-05-22 10:27:09] ALL WRONG MOVES BY COLOUR: {'gray0': ['2 (turn timeout)', '5 (turn timeout)', '11 (turn timeout)', '17 (turn timeout)', '20 (turn timeout)', '80 (illegal move)', '102 (illegal move)', '109 (illegal move)']}
[2026-05-22 10:27:10] MOVE 332: HelloWorld (gray0) 30->34 [0.00ms]
[2026-05-22 10:27:10] SCORE Gruppe 69 (lawn green): Final=1269.8, Time=87.6, Moves(110)=0.1, Pins(8)=800.0, Dist=382.0, Win Bonus=0.0
[2026-05-22 10:27:10] SCORE HelloWorld (gray0): Final=1102.3, Time=51.9, Moves(105)=0.4, Pins(7)=700.0, Dist=350.0, Win Bonus=0.0
[2026-05-22 10:27:10] SCORE Group 16 (red): Final=1155.9, Time=87.7, Moves(109)=0.2, Pins(7)=700.0, Dist=368.0, Win Bonus=0.0
[2026-05-22 10:27:10] ALL WRONG MOVES BY COLOUR: {'gray0': ['2 (turn timeout)', '5 (turn timeout)', '11 (turn timeout)', '17 (turn timeout)', '20 (turn timeout)', '80 (illegal move)', '102 (illegal move)', '109 (illegal move)']}
[2026-05-22 10:27:10] MOVE 333: Group 16 (red) 69->60 [0.00ms]
[2026-05-22 10:27:10] SCORE Gruppe 69 (lawn green): Final=1269.8, Time=87.6, Moves(110)=0.1, Pins(8)=800.0, Dist=382.0, Win Bonus=0.0
[2026-05-22 10:27:10] SCORE HelloWorld (gray0): Final=1102.3, Time=51.9, Moves(105)=0.4, Pins(7)=700.0, Dist=350.0, Win Bonus=0.0
[2026-05-22 10:27:10] SCORE Group 16 (red): Final=1157.7, Time=87.6, Moves(110)=0.1, Pins(7)=700.0, Dist=370.0, Win Bonus=0.0
[2026-05-22 10:27:10] ALL WRONG MOVES BY COLOUR: {'gray0': ['2 (turn timeout)', '5 (turn timeout)', '11 (turn timeout)', '17 (turn timeout)', '20 (turn timeout)', '80 (illegal move)', '102 (illegal move)', '109 (illegal move)']}
[2026-05-22 10:27:10] MOVE 334: Gruppe 69 (lawn green) 80->79 [0.00ms]
[2026-05-22 10:27:10] SCORE Gruppe 69 (lawn green): Final=1271.7, Time=87.6, Moves(111)=0.1, Pins(8)=800.0, Dist=384.0, Win Bonus=0.0
[2026-05-22 10:27:10] SCORE HelloWorld (gray0): Final=1102.3, Time=51.9, Moves(105)=0.4, Pins(7)=700.0, Dist=350.0, Win Bonus=0.0
[2026-05-22 10:27:10] SCORE Group 16 (red): Final=1157.7, Time=87.6, Moves(110)=0.1, Pins(7)=700.0, Dist=370.0, Win Bonus=0.0
[2026-05-22 10:27:10] ALL WRONG MOVES BY COLOUR: {'gray0': ['2 (turn timeout)', '5 (turn timeout)', '11 (turn timeout)', '17 (turn timeout)', '20 (turn timeout)', '80 (illegal move)', '102 (illegal move)', '109 (illegal move)']}
[2026-05-22 10:27:10] MOVE 335: HelloWorld (gray0) 31->32 [0.00ms]
[2026-05-22 10:27:10] SCORE Gruppe 69 (lawn green): Final=1271.7, Time=87.6, Moves(111)=0.1, Pins(8)=800.0, Dist=384.0, Win Bonus=0.0
[2026-05-22 10:27:10] SCORE HelloWorld (gray0): Final=1204.0, Time=51.7, Moves(106)=0.3, Pins(8)=800.0, Dist=352.0, Win Bonus=0.0
[2026-05-22 10:27:10] SCORE Group 16 (red): Final=1157.7, Time=87.6, Moves(110)=0.1, Pins(7)=700.0, Dist=370.0, Win Bonus=0.0
[2026-05-22 10:27:10] ALL WRONG MOVES BY COLOUR: {'gray0': ['2 (turn timeout)', '5 (turn timeout)', '11 (turn timeout)', '17 (turn timeout)', '20 (turn timeout)', '80 (illegal move)', '102 (illegal move)', '109 (illegal move)']}
[2026-05-22 10:27:10] MOVE 336: Group 16 (red) 60->51 [0.00ms]
[2026-05-22 10:27:10] SCORE Gruppe 69 (lawn green): Final=1271.7, Time=87.6, Moves(111)=0.1, Pins(8)=800.0, Dist=384.0, Win Bonus=0.0
[2026-05-22 10:27:10] SCORE HelloWorld (gray0): Final=1204.0, Time=51.7, Moves(106)=0.3, Pins(8)=800.0, Dist=352.0, Win Bonus=0.0
[2026-05-22 10:27:10] SCORE Group 16 (red): Final=1159.5, Time=87.4, Moves(111)=0.1, Pins(7)=700.0, Dist=372.0, Win Bonus=0.0
[2026-05-22 10:27:10] ALL WRONG MOVES BY COLOUR: {'gray0': ['2 (turn timeout)', '5 (turn timeout)', '11 (turn timeout)', '17 (turn timeout)', '20 (turn timeout)', '80 (illegal move)', '102 (illegal move)', '109 (illegal move)']}
[2026-05-22 10:27:11] MOVE 337: Gruppe 69 (lawn green) 79->90 [0.00ms]
[2026-05-22 10:27:11] SCORE Gruppe 69 (lawn green): Final=1273.3, Time=87.2, Moves(112)=0.1, Pins(8)=800.0, Dist=386.0, Win Bonus=0.0
[2026-05-22 10:27:11] SCORE HelloWorld (gray0): Final=1204.0, Time=51.7, Moves(106)=0.3, Pins(8)=800.0, Dist=352.0, Win Bonus=0.0
[2026-05-22 10:27:11] SCORE Group 16 (red): Final=1159.5, Time=87.4, Moves(111)=0.1, Pins(7)=700.0, Dist=372.0, Win Bonus=0.0
[2026-05-22 10:27:11] ALL WRONG MOVES BY COLOUR: {'gray0': ['2 (turn timeout)', '5 (turn timeout)', '11 (turn timeout)', '17 (turn timeout)', '20 (turn timeout)', '80 (illegal move)', '102 (illegal move)', '109 (illegal move)']}
[2026-05-22 10:27:11] MOVE 338: HelloWorld (gray0) 55->44 [0.00ms]
[2026-05-22 10:27:11] SCORE Gruppe 69 (lawn green): Final=1273.3, Time=87.2, Moves(112)=0.1, Pins(8)=800.0, Dist=386.0, Win Bonus=0.0
[2026-05-22 10:27:11] SCORE HelloWorld (gray0): Final=1203.6, Time=51.4, Moves(107)=0.3, Pins(8)=800.0, Dist=352.0, Win Bonus=0.0
[2026-05-22 10:27:11] SCORE Group 16 (red): Final=1159.5, Time=87.4, Moves(111)=0.1, Pins(7)=700.0, Dist=372.0, Win Bonus=0.0
[2026-05-22 10:27:11] ALL WRONG MOVES BY COLOUR: {'gray0': ['2 (turn timeout)', '5 (turn timeout)', '11 (turn timeout)', '17 (turn timeout)', '20 (turn timeout)', '80 (illegal move)', '102 (illegal move)', '109 (illegal move)']}
[2026-05-22 10:27:11] MOVE 339: Group 16 (red) 51->40 [0.00ms]
[2026-05-22 10:27:11] SCORE Gruppe 69 (lawn green): Final=1273.3, Time=87.2, Moves(112)=0.1, Pins(8)=800.0, Dist=386.0, Win Bonus=0.0
[2026-05-22 10:27:11] SCORE HelloWorld (gray0): Final=1203.6, Time=51.4, Moves(107)=0.3, Pins(8)=800.0, Dist=352.0, Win Bonus=0.0
[2026-05-22 10:27:11] SCORE Group 16 (red): Final=1161.4, Time=87.3, Moves(112)=0.1, Pins(7)=700.0, Dist=374.0, Win Bonus=0.0
[2026-05-22 10:27:11] ALL WRONG MOVES BY COLOUR: {'gray0': ['2 (turn timeout)', '5 (turn timeout)', '11 (turn timeout)', '17 (turn timeout)', '20 (turn timeout)', '80 (illegal move)', '102 (illegal move)', '109 (illegal move)']}
[2026-05-22 10:27:11] MOVE 340: Gruppe 69 (lawn green) 90->91 [0.00ms]
[2026-05-22 10:27:11] SCORE Gruppe 69 (lawn green): Final=1271.2, Time=87.2, Moves(113)=0.1, Pins(8)=800.0, Dist=384.0, Win Bonus=0.0
[2026-05-22 10:27:11] SCORE HelloWorld (gray0): Final=1203.6, Time=51.4, Moves(107)=0.3, Pins(8)=800.0, Dist=352.0, Win Bonus=0.0
[2026-05-22 10:27:11] SCORE Group 16 (red): Final=1161.4, Time=87.3, Moves(112)=0.1, Pins(7)=700.0, Dist=374.0, Win Bonus=0.0
[2026-05-22 10:27:11] ALL WRONG MOVES BY COLOUR: {'gray0': ['2 (turn timeout)', '5 (turn timeout)', '11 (turn timeout)', '17 (turn timeout)', '20 (turn timeout)', '80 (illegal move)', '102 (illegal move)', '109 (illegal move)']}
[2026-05-22 10:27:12] MOVE 341: HelloWorld (gray0) 44->55 [0.00ms]
[2026-05-22 10:27:12] SCORE Gruppe 69 (lawn green): Final=1271.2, Time=87.2, Moves(113)=0.1, Pins(8)=800.0, Dist=384.0, Win Bonus=0.0
[2026-05-22 10:27:12] SCORE HelloWorld (gray0): Final=1203.4, Time=51.2, Moves(108)=0.2, Pins(8)=800.0, Dist=352.0, Win Bonus=0.0
[2026-05-22 10:27:12] SCORE Group 16 (red): Final=1161.4, Time=87.3, Moves(112)=0.1, Pins(7)=700.0, Dist=374.0, Win Bonus=0.0
[2026-05-22 10:27:12] ALL WRONG MOVES BY COLOUR: {'gray0': ['2 (turn timeout)', '5 (turn timeout)', '11 (turn timeout)', '17 (turn timeout)', '20 (turn timeout)', '80 (illegal move)', '102 (illegal move)', '109 (illegal move)']}
[2026-05-22 10:27:12] MOVE 342: Group 16 (red) 40->29 [0.00ms]
[2026-05-22 10:27:12] SCORE Gruppe 69 (lawn green): Final=1271.2, Time=87.2, Moves(113)=0.1, Pins(8)=800.0, Dist=384.0, Win Bonus=0.0
[2026-05-22 10:27:12] SCORE HelloWorld (gray0): Final=1203.4, Time=51.2, Moves(108)=0.2, Pins(8)=800.0, Dist=352.0, Win Bonus=0.0
[2026-05-22 10:27:12] SCORE Group 16 (red): Final=1163.3, Time=87.2, Moves(113)=0.1, Pins(7)=700.0, Dist=376.0, Win Bonus=0.0
[2026-05-22 10:27:12] ALL WRONG MOVES BY COLOUR: {'gray0': ['2 (turn timeout)', '5 (turn timeout)', '11 (turn timeout)', '17 (turn timeout)', '20 (turn timeout)', '80 (illegal move)', '102 (illegal move)', '109 (illegal move)']}
[2026-05-22 10:27:12] MOVE 343: Gruppe 69 (lawn green) 91->104 [0.00ms]
[2026-05-22 10:27:12] SCORE Gruppe 69 (lawn green): Final=1271.1, Time=87.0, Moves(114)=0.1, Pins(8)=800.0, Dist=384.0, Win Bonus=0.0
[2026-05-22 10:27:12] SCORE HelloWorld (gray0): Final=1203.4, Time=51.2, Moves(108)=0.2, Pins(8)=800.0, Dist=352.0, Win Bonus=0.0
[2026-05-22 10:27:12] SCORE Group 16 (red): Final=1163.3, Time=87.2, Moves(113)=0.1, Pins(7)=700.0, Dist=376.0, Win Bonus=0.0
[2026-05-22 10:27:12] ALL WRONG MOVES BY COLOUR: {'gray0': ['2 (turn timeout)', '5 (turn timeout)', '11 (turn timeout)', '17 (turn timeout)', '20 (turn timeout)', '80 (illegal move)', '102 (illegal move)', '109 (illegal move)']}
[2026-05-22 10:27:12] MOVE 344: HelloWorld (gray0) 55->44 [0.00ms]
[2026-05-22 10:27:12] SCORE Gruppe 69 (lawn green): Final=1271.1, Time=87.0, Moves(114)=0.1, Pins(8)=800.0, Dist=384.0, Win Bonus=0.0
[2026-05-22 10:27:12] SCORE HelloWorld (gray0): Final=1203.2, Time=51.0, Moves(109)=0.2, Pins(8)=800.0, Dist=352.0, Win Bonus=0.0
[2026-05-22 10:27:12] SCORE Group 16 (red): Final=1163.3, Time=87.2, Moves(113)=0.1, Pins(7)=700.0, Dist=376.0, Win Bonus=0.0
[2026-05-22 10:27:12] ALL WRONG MOVES BY COLOUR: {'gray0': ['2 (turn timeout)', '5 (turn timeout)', '11 (turn timeout)', '17 (turn timeout)', '20 (turn timeout)', '80 (illegal move)', '102 (illegal move)', '109 (illegal move)']}
[2026-05-22 10:27:12] MOVE 345: Group 16 (red) 45->55 [0.00ms]
[2026-05-22 10:27:12] SCORE Gruppe 69 (lawn green): Final=1271.1, Time=87.0, Moves(114)=0.1, Pins(8)=800.0, Dist=384.0, Win Bonus=0.0
[2026-05-22 10:27:12] SCORE HelloWorld (gray0): Final=1203.2, Time=51.0, Moves(109)=0.2, Pins(8)=800.0, Dist=352.0, Win Bonus=0.0
[2026-05-22 10:27:12] SCORE Group 16 (red): Final=1163.1, Time=87.1, Moves(114)=0.1, Pins(7)=700.0, Dist=376.0, Win Bonus=0.0
[2026-05-22 10:27:12] ALL WRONG MOVES BY COLOUR: {'gray0': ['2 (turn timeout)', '5 (turn timeout)', '11 (turn timeout)', '17 (turn timeout)', '20 (turn timeout)', '80 (illegal move)', '102 (illegal move)', '109 (illegal move)']}
[2026-05-22 10:27:12] MOVE 346: Gruppe 69 (lawn green) 104->112 [0.00ms]
[2026-05-22 10:27:12] SCORE Gruppe 69 (lawn green): Final=1271.0, Time=86.9, Moves(115)=0.1, Pins(8)=800.0, Dist=384.0, Win Bonus=0.0
[2026-05-22 10:27:12] SCORE HelloWorld (gray0): Final=1203.2, Time=51.0, Moves(109)=0.2, Pins(8)=800.0, Dist=352.0, Win Bonus=0.0
[2026-05-22 10:27:12] SCORE Group 16 (red): Final=1163.1, Time=87.1, Moves(114)=0.1, Pins(7)=700.0, Dist=376.0, Win Bonus=0.0
[2026-05-22 10:27:12] ALL WRONG MOVES BY COLOUR: {'gray0': ['2 (turn timeout)', '5 (turn timeout)', '11 (turn timeout)', '17 (turn timeout)', '20 (turn timeout)', '80 (illegal move)', '102 (illegal move)', '109 (illegal move)']}
[2026-05-22 10:27:12] MOVE 347: HelloWorld (gray0) 44->45 [0.00ms]
[2026-05-22 10:27:12] SCORE Gruppe 69 (lawn green): Final=1271.0, Time=86.9, Moves(115)=0.1, Pins(8)=800.0, Dist=384.0, Win Bonus=0.0
[2026-05-22 10:27:12] SCORE HelloWorld (gray0): Final=1203.0, Time=50.8, Moves(110)=0.1, Pins(8)=800.0, Dist=352.0, Win Bonus=0.0
[2026-05-22 10:27:12] SCORE Group 16 (red): Final=1163.1, Time=87.1, Moves(114)=0.1, Pins(7)=700.0, Dist=376.0, Win Bonus=0.0
[2026-05-22 10:27:12] ALL WRONG MOVES BY COLOUR: {'gray0': ['2 (turn timeout)', '5 (turn timeout)', '11 (turn timeout)', '17 (turn timeout)', '20 (turn timeout)', '80 (illegal move)', '102 (illegal move)', '109 (illegal move)']}
[2026-05-22 10:27:12] MOVE 348: Group 16 (red) 55->44 [0.00ms]
[2026-05-22 10:27:12] SCORE Gruppe 69 (lawn green): Final=1271.0, Time=86.9, Moves(115)=0.1, Pins(8)=800.0, Dist=384.0, Win Bonus=0.0
[2026-05-22 10:27:12] SCORE HelloWorld (gray0): Final=1203.0, Time=50.8, Moves(110)=0.1, Pins(8)=800.0, Dist=352.0, Win Bonus=0.0
[2026-05-22 10:27:12] SCORE Group 16 (red): Final=1164.9, Time=86.9, Moves(115)=0.1, Pins(7)=700.0, Dist=378.0, Win Bonus=0.0
[2026-05-22 10:27:12] ALL WRONG MOVES BY COLOUR: {'gray0': ['2 (turn timeout)', '5 (turn timeout)', '11 (turn timeout)', '17 (turn timeout)', '20 (turn timeout)', '80 (illegal move)', '102 (illegal move)', '109 (illegal move)']}
[2026-05-22 10:27:13] MOVE 349: Gruppe 69 (lawn green) 112->111 [0.00ms]
[2026-05-22 10:27:13] SCORE Gruppe 69 (lawn green): Final=1272.9, Time=86.8, Moves(116)=0.0, Pins(8)=800.0, Dist=386.0, Win Bonus=0.0
[2026-05-22 10:27:13] SCORE HelloWorld (gray0): Final=1203.0, Time=50.8, Moves(110)=0.1, Pins(8)=800.0, Dist=352.0, Win Bonus=0.0
[2026-05-22 10:27:13] SCORE Group 16 (red): Final=1164.9, Time=86.9, Moves(115)=0.1, Pins(7)=700.0, Dist=378.0, Win Bonus=0.0
[2026-05-22 10:27:13] ALL WRONG MOVES BY COLOUR: {'gray0': ['2 (turn timeout)', '5 (turn timeout)', '11 (turn timeout)', '17 (turn timeout)', '20 (turn timeout)', '80 (illegal move)', '102 (illegal move)', '109 (illegal move)']}
[2026-05-22 10:27:13] MOVE 350: HelloWorld (gray0) 33->31 [0.01ms]
[2026-05-22 10:27:13] SCORE Gruppe 69 (lawn green): Final=1272.9, Time=86.8, Moves(116)=0.0, Pins(8)=800.0, Dist=386.0, Win Bonus=0.0
[2026-05-22 10:27:13] SCORE HelloWorld (gray0): Final=1100.8, Time=50.7, Moves(111)=0.1, Pins(7)=700.0, Dist=350.0, Win Bonus=0.0
[2026-05-22 10:27:13] SCORE Group 16 (red): Final=1164.9, Time=86.9, Moves(115)=0.1, Pins(7)=700.0, Dist=378.0, Win Bonus=0.0
[2026-05-22 10:27:13] ALL WRONG MOVES BY COLOUR: {'gray0': ['2 (turn timeout)', '5 (turn timeout)', '11 (turn timeout)', '17 (turn timeout)', '20 (turn timeout)', '80 (illegal move)', '102 (illegal move)', '109 (illegal move)']}
[2026-05-22 10:27:13] MOVE 351: Group 16 (red) 44->33 [0.00ms]
[2026-05-22 10:27:13] SCORE Gruppe 69 (lawn green): Final=1272.9, Time=86.8, Moves(116)=0.0, Pins(8)=800.0, Dist=386.0, Win Bonus=0.0
[2026-05-22 10:27:13] SCORE HelloWorld (gray0): Final=1100.8, Time=50.7, Moves(111)=0.1, Pins(7)=700.0, Dist=350.0, Win Bonus=0.0
[2026-05-22 10:27:13] SCORE Group 16 (red): Final=1164.8, Time=86.8, Moves(116)=0.0, Pins(7)=700.0, Dist=378.0, Win Bonus=0.0
[2026-05-22 10:27:13] ALL WRONG MOVES BY COLOUR: {'gray0': ['2 (turn timeout)', '5 (turn timeout)', '11 (turn timeout)', '17 (turn timeout)', '20 (turn timeout)', '80 (illegal move)', '102 (illegal move)', '109 (illegal move)']}
[2026-05-22 10:27:13] MOVE 352: Gruppe 69 (lawn green) 111->115 [0.00ms]
[2026-05-22 10:27:13] SCORE Gruppe 69 (lawn green): Final=1270.8, Time=86.8, Moves(117)=0.0, Pins(8)=800.0, Dist=384.0, Win Bonus=0.0
[2026-05-22 10:27:13] SCORE HelloWorld (gray0): Final=1100.8, Time=50.7, Moves(111)=0.1, Pins(7)=700.0, Dist=350.0, Win Bonus=0.0
[2026-05-22 10:27:13] SCORE Group 16 (red): Final=1164.8, Time=86.8, Moves(116)=0.0, Pins(7)=700.0, Dist=378.0, Win Bonus=0.0
[2026-05-22 10:27:13] ALL WRONG MOVES BY COLOUR: {'gray0': ['2 (turn timeout)', '5 (turn timeout)', '11 (turn timeout)', '17 (turn timeout)', '20 (turn timeout)', '80 (illegal move)', '102 (illegal move)', '109 (illegal move)']}
[2026-05-22 10:27:13] MOVE 353: HelloWorld (gray0) 32->44 [0.00ms]
[2026-05-22 10:27:13] SCORE Gruppe 69 (lawn green): Final=1270.8, Time=86.8, Moves(117)=0.0, Pins(8)=800.0, Dist=384.0, Win Bonus=0.0
[2026-05-22 10:27:13] SCORE HelloWorld (gray0): Final=1100.6, Time=50.5, Moves(112)=0.1, Pins(7)=700.0, Dist=350.0, Win Bonus=0.0
[2026-05-22 10:27:13] SCORE Group 16 (red): Final=1164.8, Time=86.8, Moves(116)=0.0, Pins(7)=700.0, Dist=378.0, Win Bonus=0.0
[2026-05-22 10:27:13] ALL WRONG MOVES BY COLOUR: {'gray0': ['2 (turn timeout)', '5 (turn timeout)', '11 (turn timeout)', '17 (turn timeout)', '20 (turn timeout)', '80 (illegal move)', '102 (illegal move)', '109 (illegal move)']}
[2026-05-22 10:27:13] MOVE 354: Group 16 (red) 29->17 [0.00ms]
[2026-05-22 10:27:13] SCORE Gruppe 69 (lawn green): Final=1270.8, Time=86.8, Moves(117)=0.0, Pins(8)=800.0, Dist=384.0, Win Bonus=0.0
[2026-05-22 10:27:13] SCORE HelloWorld (gray0): Final=1100.6, Time=50.5, Moves(112)=0.1, Pins(7)=700.0, Dist=350.0, Win Bonus=0.0
[2026-05-22 10:27:13] SCORE Group 16 (red): Final=1166.7, Time=86.7, Moves(117)=0.0, Pins(7)=700.0, Dist=380.0, Win Bonus=0.0
[2026-05-22 10:27:13] ALL WRONG MOVES BY COLOUR: {'gray0': ['2 (turn timeout)', '5 (turn timeout)', '11 (turn timeout)', '17 (turn timeout)', '20 (turn timeout)', '80 (illegal move)', '102 (illegal move)', '109 (illegal move)']}
[2026-05-22 10:27:13] MOVE 355: Gruppe 69 (lawn green) 115->118 [0.00ms]
[2026-05-22 10:27:13] SCORE Gruppe 69 (lawn green): Final=1268.7, Time=86.7, Moves(118)=0.0, Pins(8)=800.0, Dist=382.0, Win Bonus=0.0
[2026-05-22 10:27:13] SCORE HelloWorld (gray0): Final=1100.6, Time=50.5, Moves(112)=0.1, Pins(7)=700.0, Dist=350.0, Win Bonus=0.0
[2026-05-22 10:27:13] SCORE Group 16 (red): Final=1166.7, Time=86.7, Moves(117)=0.0, Pins(7)=700.0, Dist=380.0, Win Bonus=0.0
[2026-05-22 10:27:13] ALL WRONG MOVES BY COLOUR: {'gray0': ['2 (turn timeout)', '5 (turn timeout)', '11 (turn timeout)', '17 (turn timeout)', '20 (turn timeout)', '80 (illegal move)', '102 (illegal move)', '109 (illegal move)']}
[2026-05-22 10:27:14] MOVE 356: HelloWorld (gray0) 45->55 [0.00ms]
[2026-05-22 10:27:14] SCORE Gruppe 69 (lawn green): Final=1268.7, Time=86.7, Moves(118)=0.0, Pins(8)=800.0, Dist=382.0, Win Bonus=0.0
[2026-05-22 10:27:14] SCORE HelloWorld (gray0): Final=1100.4, Time=50.3, Moves(113)=0.1, Pins(7)=700.0, Dist=350.0, Win Bonus=0.0
[2026-05-22 10:27:14] SCORE Group 16 (red): Final=1166.7, Time=86.7, Moves(117)=0.0, Pins(7)=700.0, Dist=380.0, Win Bonus=0.0
[2026-05-22 10:27:14] ALL WRONG MOVES BY COLOUR: {'gray0': ['2 (turn timeout)', '5 (turn timeout)', '11 (turn timeout)', '17 (turn timeout)', '20 (turn timeout)', '80 (illegal move)', '102 (illegal move)', '109 (illegal move)']}
[2026-05-22 10:27:14] MOVE 357: Group 16 (red) 64->5 [0.00ms]
[2026-05-22 10:27:14] SCORE Gruppe 69 (lawn green): Final=1268.7, Time=86.7, Moves(118)=0.0, Pins(8)=800.0, Dist=382.0, Win Bonus=0.0
[2026-05-22 10:27:14] SCORE HelloWorld (gray0): Final=1100.4, Time=50.3, Moves(113)=0.1, Pins(7)=700.0, Dist=350.0, Win Bonus=0.0
[2026-05-22 10:27:14] SCORE Group 16 (red): Final=1276.6, Time=86.6, Moves(118)=0.0, Pins(8)=800.0, Dist=390.0, Win Bonus=0.0
[2026-05-22 10:27:14] ALL WRONG MOVES BY COLOUR: {'gray0': ['2 (turn timeout)', '5 (turn timeout)', '11 (turn timeout)', '17 (turn timeout)', '20 (turn timeout)', '80 (illegal move)', '102 (illegal move)', '109 (illegal move)']}
[2026-05-22 10:27:14] MOVE 358: Gruppe 69 (lawn green) 118->116 [0.00ms]
[2026-05-22 10:27:14] SCORE Gruppe 69 (lawn green): Final=1268.6, Time=86.5, Moves(119)=0.0, Pins(8)=800.0, Dist=382.0, Win Bonus=0.0
[2026-05-22 10:27:14] SCORE HelloWorld (gray0): Final=1100.4, Time=50.3, Moves(113)=0.1, Pins(7)=700.0, Dist=350.0, Win Bonus=0.0
[2026-05-22 10:27:14] SCORE Group 16 (red): Final=1276.6, Time=86.6, Moves(118)=0.0, Pins(8)=800.0, Dist=390.0, Win Bonus=0.0
[2026-05-22 10:27:14] ALL WRONG MOVES BY COLOUR: {'gray0': ['2 (turn timeout)', '5 (turn timeout)', '11 (turn timeout)', '17 (turn timeout)', '20 (turn timeout)', '80 (illegal move)', '102 (illegal move)', '109 (illegal move)']}
[2026-05-22 10:27:14] MOVE 359: HelloWorld (gray0) 55->32 [0.00ms]
[2026-05-22 10:27:14] SCORE Gruppe 69 (lawn green): Final=1268.6, Time=86.5, Moves(119)=0.0, Pins(8)=800.0, Dist=382.0, Win Bonus=0.0
[2026-05-22 10:27:14] SCORE HelloWorld (gray0): Final=1100.2, Time=50.1, Moves(114)=0.1, Pins(7)=700.0, Dist=350.0, Win Bonus=0.0
[2026-05-22 10:27:14] SCORE Group 16 (red): Final=1276.6, Time=86.6, Moves(118)=0.0, Pins(8)=800.0, Dist=390.0, Win Bonus=0.0
[2026-05-22 10:27:14] ALL WRONG MOVES BY COLOUR: {'gray0': ['2 (turn timeout)', '5 (turn timeout)', '11 (turn timeout)', '17 (turn timeout)', '20 (turn timeout)', '80 (illegal move)', '102 (illegal move)', '109 (illegal move)']}
[2026-05-22 10:27:14] MOVE 360: Group 16 (red) 17->8 [0.00ms]
[2026-05-22 10:27:14] SCORE Gruppe 69 (lawn green): Final=1268.6, Time=86.5, Moves(119)=0.0, Pins(8)=800.0, Dist=382.0, Win Bonus=0.0
[2026-05-22 10:27:14] SCORE HelloWorld (gray0): Final=1100.2, Time=50.1, Moves(114)=0.1, Pins(7)=700.0, Dist=350.0, Win Bonus=0.0
[2026-05-22 10:27:14] SCORE Group 16 (red): Final=1378.5, Time=86.5, Moves(119)=0.0, Pins(9)=900.0, Dist=392.0, Win Bonus=0.0
[2026-05-22 10:27:14] ALL WRONG MOVES BY COLOUR: {'gray0': ['2 (turn timeout)', '5 (turn timeout)', '11 (turn timeout)', '17 (turn timeout)', '20 (turn timeout)', '80 (illegal move)', '102 (illegal move)', '109 (illegal move)']}
[2026-05-22 10:27:14] MOVE 361: Gruppe 69 (lawn green) 116->113 [0.00ms]
[2026-05-22 10:27:14] SCORE Gruppe 69 (lawn green): Final=1268.5, Time=86.4, Moves(120)=0.0, Pins(8)=800.0, Dist=382.0, Win Bonus=0.0
[2026-05-22 10:27:14] SCORE HelloWorld (gray0): Final=1100.2, Time=50.1, Moves(114)=0.1, Pins(7)=700.0, Dist=350.0, Win Bonus=0.0
[2026-05-22 10:27:14] SCORE Group 16 (red): Final=1378.5, Time=86.5, Moves(119)=0.0, Pins(9)=900.0, Dist=392.0, Win Bonus=0.0
[2026-05-22 10:27:14] ALL WRONG MOVES BY COLOUR: {'gray0': ['2 (turn timeout)', '5 (turn timeout)', '11 (turn timeout)', '17 (turn timeout)', '20 (turn timeout)', '80 (illegal move)', '102 (illegal move)', '109 (illegal move)']}
[2026-05-22 10:27:14] MOVE 362: HelloWorld (gray0) 44->45 [0.00ms]
[2026-05-22 10:27:14] SCORE Gruppe 69 (lawn green): Final=1268.5, Time=86.4, Moves(120)=0.0, Pins(8)=800.0, Dist=382.0, Win Bonus=0.0
[2026-05-22 10:27:14] SCORE HelloWorld (gray0): Final=1100.0, Time=49.9, Moves(115)=0.1, Pins(7)=700.0, Dist=350.0, Win Bonus=0.0
[2026-05-22 10:27:14] SCORE Group 16 (red): Final=1378.5, Time=86.5, Moves(119)=0.0, Pins(9)=900.0, Dist=392.0, Win Bonus=0.0
[2026-05-22 10:27:14] ALL WRONG MOVES BY COLOUR: {'gray0': ['2 (turn timeout)', '5 (turn timeout)', '11 (turn timeout)', '17 (turn timeout)', '20 (turn timeout)', '80 (illegal move)', '102 (illegal move)', '109 (illegal move)']}
[2026-05-22 10:27:14] MOVE 363: Group 16 (red) 5->3 [0.00ms]
[2026-05-22 10:27:14] SCORE Gruppe 69 (lawn green): Final=1268.5, Time=86.4, Moves(120)=0.0, Pins(8)=800.0, Dist=382.0, Win Bonus=0.0
[2026-05-22 10:27:14] SCORE HelloWorld (gray0): Final=1100.0, Time=49.9, Moves(115)=0.1, Pins(7)=700.0, Dist=350.0, Win Bonus=0.0
[2026-05-22 10:27:14] SCORE Group 16 (red): Final=1378.4, Time=86.4, Moves(120)=0.0, Pins(9)=900.0, Dist=392.0, Win Bonus=0.0
[2026-05-22 10:27:14] ALL WRONG MOVES BY COLOUR: {'gray0': ['2 (turn timeout)', '5 (turn timeout)', '11 (turn timeout)', '17 (turn timeout)', '20 (turn timeout)', '80 (illegal move)', '102 (illegal move)', '109 (illegal move)']}
[2026-05-22 10:27:15] MOVE 364: Gruppe 69 (lawn green) 113->105 [0.01ms]
[2026-05-22 10:27:15] SCORE Gruppe 69 (lawn green): Final=1268.4, Time=86.3, Moves(121)=0.0, Pins(8)=800.0, Dist=382.0, Win Bonus=0.0
[2026-05-22 10:27:15] SCORE HelloWorld (gray0): Final=1100.0, Time=49.9, Moves(115)=0.1, Pins(7)=700.0, Dist=350.0, Win Bonus=0.0
[2026-05-22 10:27:15] SCORE Group 16 (red): Final=1378.4, Time=86.4, Moves(120)=0.0, Pins(9)=900.0, Dist=392.0, Win Bonus=0.0
[2026-05-22 10:27:15] ALL WRONG MOVES BY COLOUR: {'gray0': ['2 (turn timeout)', '5 (turn timeout)', '11 (turn timeout)', '17 (turn timeout)', '20 (turn timeout)', '80 (illegal move)', '102 (illegal move)', '109 (illegal move)']}
[2026-05-22 10:27:15] MOVE 365: HelloWorld (gray0) 32->44 [0.01ms]
[2026-05-22 10:27:15] SCORE Gruppe 69 (lawn green): Final=1268.4, Time=86.3, Moves(121)=0.0, Pins(8)=800.0, Dist=382.0, Win Bonus=0.0
[2026-05-22 10:27:15] SCORE HelloWorld (gray0): Final=1099.8, Time=49.8, Moves(116)=0.0, Pins(7)=700.0, Dist=350.0, Win Bonus=0.0
[2026-05-22 10:27:15] SCORE Group 16 (red): Final=1378.4, Time=86.4, Moves(120)=0.0, Pins(9)=900.0, Dist=392.0, Win Bonus=0.0
[2026-05-22 10:27:15] ALL WRONG MOVES BY COLOUR: {'gray0': ['2 (turn timeout)', '5 (turn timeout)', '11 (turn timeout)', '17 (turn timeout)', '20 (turn timeout)', '80 (illegal move)', '102 (illegal move)', '109 (illegal move)']}
[2026-05-22 10:27:15] MOVE 366: Group 16 (red) 33->32 [0.00ms]
[2026-05-22 10:27:15] SCORE Gruppe 69 (lawn green): Final=1268.4, Time=86.3, Moves(121)=0.0, Pins(8)=800.0, Dist=382.0, Win Bonus=0.0
[2026-05-22 10:27:15] SCORE HelloWorld (gray0): Final=1099.8, Time=49.8, Moves(116)=0.0, Pins(7)=700.0, Dist=350.0, Win Bonus=0.0
[2026-05-22 10:27:15] SCORE Group 16 (red): Final=1380.3, Time=86.3, Moves(121)=0.0, Pins(9)=900.0, Dist=394.0, Win Bonus=0.0
[2026-05-22 10:27:15] ALL WRONG MOVES BY COLOUR: {'gray0': ['2 (turn timeout)', '5 (turn timeout)', '11 (turn timeout)', '17 (turn timeout)', '20 (turn timeout)', '80 (illegal move)', '102 (illegal move)', '109 (illegal move)']}
[2026-05-22 10:27:15] MOVE 367: Gruppe 69 (lawn green) 105->92 [0.00ms]
[2026-05-22 10:27:15] SCORE Gruppe 69 (lawn green): Final=1268.3, Time=86.2, Moves(122)=0.0, Pins(8)=800.0, Dist=382.0, Win Bonus=0.0
[2026-05-22 10:27:15] SCORE HelloWorld (gray0): Final=1099.8, Time=49.8, Moves(116)=0.0, Pins(7)=700.0, Dist=350.0, Win Bonus=0.0
[2026-05-22 10:27:15] SCORE Group 16 (red): Final=1380.3, Time=86.3, Moves(121)=0.0, Pins(9)=900.0, Dist=394.0, Win Bonus=0.0
[2026-05-22 10:27:15] ALL WRONG MOVES BY COLOUR: {'gray0': ['2 (turn timeout)', '5 (turn timeout)', '11 (turn timeout)', '17 (turn timeout)', '20 (turn timeout)', '80 (illegal move)', '102 (illegal move)', '109 (illegal move)']}
[2026-05-22 10:27:15] MOVE 368: HelloWorld (gray0) 44->54 [0.00ms]
[2026-05-22 10:27:15] SCORE Gruppe 69 (lawn green): Final=1268.3, Time=86.2, Moves(122)=0.0, Pins(8)=800.0, Dist=382.0, Win Bonus=0.0
[2026-05-22 10:27:15] SCORE HelloWorld (gray0): Final=997.7, Time=49.7, Moves(117)=0.0, Pins(6)=600.0, Dist=348.0, Win Bonus=0.0
[2026-05-22 10:27:15] SCORE Group 16 (red): Final=1380.3, Time=86.3, Moves(121)=0.0, Pins(9)=900.0, Dist=394.0, Win Bonus=0.0
[2026-05-22 10:27:15] ALL WRONG MOVES BY COLOUR: {'gray0': ['2 (turn timeout)', '5 (turn timeout)', '11 (turn timeout)', '17 (turn timeout)', '20 (turn timeout)', '80 (illegal move)', '102 (illegal move)', '109 (illegal move)']}
[2026-05-22 10:27:15] MOVE 369: Group 16 (red) 32->30 [0.00ms]
[2026-05-22 10:27:15] SCORE Gruppe 69 (lawn green): Final=1268.3, Time=86.2, Moves(122)=0.0, Pins(8)=800.0, Dist=382.0, Win Bonus=0.0
[2026-05-22 10:27:15] SCORE HelloWorld (gray0): Final=997.7, Time=49.7, Moves(117)=0.0, Pins(6)=600.0, Dist=348.0, Win Bonus=0.0
[2026-05-22 10:27:15] SCORE Group 16 (red): Final=1382.2, Time=86.2, Moves(122)=0.0, Pins(9)=900.0, Dist=396.0, Win Bonus=0.0
[2026-05-22 10:27:15] ALL WRONG MOVES BY COLOUR: {'gray0': ['2 (turn timeout)', '5 (turn timeout)', '11 (turn timeout)', '17 (turn timeout)', '20 (turn timeout)', '80 (illegal move)', '102 (illegal move)', '109 (illegal move)']}
[2026-05-22 10:27:15] MOVE 370: Gruppe 69 (lawn green) 92->93 [0.00ms]
[2026-05-22 10:27:15] SCORE Gruppe 69 (lawn green): Final=1266.1, Time=86.1, Moves(123)=0.0, Pins(8)=800.0, Dist=380.0, Win Bonus=0.0
[2026-05-22 10:27:15] SCORE HelloWorld (gray0): Final=997.7, Time=49.7, Moves(117)=0.0, Pins(6)=600.0, Dist=348.0, Win Bonus=0.0
[2026-05-22 10:27:15] SCORE Group 16 (red): Final=1382.2, Time=86.2, Moves(122)=0.0, Pins(9)=900.0, Dist=396.0, Win Bonus=0.0
[2026-05-22 10:27:15] ALL WRONG MOVES BY COLOUR: {'gray0': ['2 (turn timeout)', '5 (turn timeout)', '11 (turn timeout)', '17 (turn timeout)', '20 (turn timeout)', '80 (illegal move)', '102 (illegal move)', '109 (illegal move)']}
[2026-05-22 10:27:16] MOVE 371: HelloWorld (gray0) 31->32 [0.00ms]
[2026-05-22 10:27:16] SCORE Gruppe 69 (lawn green): Final=1266.1, Time=86.1, Moves(123)=0.0, Pins(8)=800.0, Dist=380.0, Win Bonus=0.0
[2026-05-22 10:27:16] SCORE HelloWorld (gray0): Final=1098.7, Time=48.7, Moves(118)=0.0, Pins(7)=700.0, Dist=350.0, Win Bonus=0.0
[2026-05-22 10:27:16] SCORE Group 16 (red): Final=1382.2, Time=86.2, Moves(122)=0.0, Pins(9)=900.0, Dist=396.0, Win Bonus=0.0
[2026-05-22 10:27:16] ALL WRONG MOVES BY COLOUR: {'gray0': ['2 (turn timeout)', '5 (turn timeout)', '11 (turn timeout)', '17 (turn timeout)', '20 (turn timeout)', '80 (illegal move)', '102 (illegal move)', '109 (illegal move)']}
[2026-05-22 10:27:16] MOVE 372: Group 16 (red) 30->17 [0.00ms]
[2026-05-22 10:27:16] SCORE Gruppe 69 (lawn green): Final=1266.1, Time=86.1, Moves(123)=0.0, Pins(8)=800.0, Dist=380.0, Win Bonus=0.0
[2026-05-22 10:27:16] SCORE HelloWorld (gray0): Final=1098.7, Time=48.7, Moves(118)=0.0, Pins(7)=700.0, Dist=350.0, Win Bonus=0.0
[2026-05-22 10:27:16] SCORE Group 16 (red): Final=1384.1, Time=86.1, Moves(123)=0.0, Pins(9)=900.0, Dist=398.0, Win Bonus=0.0
[2026-05-22 10:27:16] ALL WRONG MOVES BY COLOUR: {'gray0': ['2 (turn timeout)', '5 (turn timeout)', '11 (turn timeout)', '17 (turn timeout)', '20 (turn timeout)', '80 (illegal move)', '102 (illegal move)', '109 (illegal move)']}
[2026-05-22 10:27:16] MOVE 373: Gruppe 69 (lawn green) 93->106 [0.01ms]
[2026-05-22 10:27:16] SCORE Gruppe 69 (lawn green): Final=1266.1, Time=86.0, Moves(124)=0.0, Pins(8)=800.0, Dist=380.0, Win Bonus=0.0
[2026-05-22 10:27:16] SCORE HelloWorld (gray0): Final=1098.7, Time=48.7, Moves(118)=0.0, Pins(7)=700.0, Dist=350.0, Win Bonus=0.0
[2026-05-22 10:27:16] SCORE Group 16 (red): Final=1384.1, Time=86.1, Moves(123)=0.0, Pins(9)=900.0, Dist=398.0, Win Bonus=0.0
[2026-05-22 10:27:16] ALL WRONG MOVES BY COLOUR: {'gray0': ['2 (turn timeout)', '5 (turn timeout)', '11 (turn timeout)', '17 (turn timeout)', '20 (turn timeout)', '80 (illegal move)', '102 (illegal move)', '109 (illegal move)']}
[2026-05-22 10:27:17] MOVE 374: HelloWorld (gray0) 32->33 [0.00ms]
[2026-05-22 10:27:17] SCORE Gruppe 69 (lawn green): Final=1266.1, Time=86.0, Moves(124)=0.0, Pins(8)=800.0, Dist=380.0, Win Bonus=0.0
[2026-05-22 10:27:17] SCORE HelloWorld (gray0): Final=1098.5, Time=48.4, Moves(119)=0.0, Pins(7)=700.0, Dist=350.0, Win Bonus=0.0
[2026-05-22 10:27:17] SCORE Group 16 (red): Final=1384.1, Time=86.1, Moves(123)=0.0, Pins(9)=900.0, Dist=398.0, Win Bonus=0.0
[2026-05-22 10:27:17] ALL WRONG MOVES BY COLOUR: {'gray0': ['2 (turn timeout)', '5 (turn timeout)', '11 (turn timeout)', '17 (turn timeout)', '20 (turn timeout)', '80 (illegal move)', '102 (illegal move)', '109 (illegal move)']}
[2026-05-22 10:27:17] MOVE 375: Group 16 (red) 17->16 [0.00ms]
[2026-05-22 10:27:17] SCORE Gruppe 69 (lawn green): Final=1266.1, Time=86.0, Moves(124)=0.0, Pins(8)=800.0, Dist=380.0, Win Bonus=0.0
[2026-05-22 10:27:17] SCORE HelloWorld (gray0): Final=1098.5, Time=48.4, Moves(119)=0.0, Pins(7)=700.0, Dist=350.0, Win Bonus=0.0
[2026-05-22 10:27:17] SCORE Group 16 (red): Final=1384.0, Time=85.9, Moves(124)=0.0, Pins(9)=900.0, Dist=398.0, Win Bonus=0.0
[2026-05-22 10:27:17] ALL WRONG MOVES BY COLOUR: {'gray0': ['2 (turn timeout)', '5 (turn timeout)', '11 (turn timeout)', '17 (turn timeout)', '20 (turn timeout)', '80 (illegal move)', '102 (illegal move)', '109 (illegal move)']}
[2026-05-22 10:27:17] MOVE 376: Gruppe 69 (lawn green) 106->114 [0.00ms]
[2026-05-22 10:27:17] SCORE Gruppe 69 (lawn green): Final=1265.9, Time=85.9, Moves(125)=0.0, Pins(8)=800.0, Dist=380.0, Win Bonus=0.0
[2026-05-22 10:27:17] SCORE HelloWorld (gray0): Final=1098.5, Time=48.4, Moves(119)=0.0, Pins(7)=700.0, Dist=350.0, Win Bonus=0.0
[2026-05-22 10:27:17] SCORE Group 16 (red): Final=1384.0, Time=85.9, Moves(124)=0.0, Pins(9)=900.0, Dist=398.0, Win Bonus=0.0
[2026-05-22 10:27:17] ALL WRONG MOVES BY COLOUR: {'gray0': ['2 (turn timeout)', '5 (turn timeout)', '11 (turn timeout)', '17 (turn timeout)', '20 (turn timeout)', '80 (illegal move)', '102 (illegal move)', '109 (illegal move)']}
[2026-05-22 10:27:17] MOVE 377: HelloWorld (gray0) 54->44 [0.00ms]
[2026-05-22 10:27:17] SCORE Gruppe 69 (lawn green): Final=1265.9, Time=85.9, Moves(125)=0.0, Pins(8)=800.0, Dist=380.0, Win Bonus=0.0
[2026-05-22 10:27:17] SCORE HelloWorld (gray0): Final=1200.3, Time=48.3, Moves(120)=0.0, Pins(8)=800.0, Dist=352.0, Win Bonus=0.0
[2026-05-22 10:27:17] SCORE Group 16 (red): Final=1384.0, Time=85.9, Moves(124)=0.0, Pins(9)=900.0, Dist=398.0, Win Bonus=0.0
[2026-05-22 10:27:17] ALL WRONG MOVES BY COLOUR: {'gray0': ['2 (turn timeout)', '5 (turn timeout)', '11 (turn timeout)', '17 (turn timeout)', '20 (turn timeout)', '80 (illegal move)', '102 (illegal move)', '109 (illegal move)']}
[2026-05-22 10:27:17] MOVE 378: Group 16 (red) 8->5 [0.00ms]
[2026-05-22 10:27:17] SCORE Gruppe 69 (lawn green): Final=1265.9, Time=85.9, Moves(125)=0.0, Pins(8)=800.0, Dist=380.0, Win Bonus=0.0
[2026-05-22 10:27:17] SCORE HelloWorld (gray0): Final=1200.3, Time=48.3, Moves(120)=0.0, Pins(8)=800.0, Dist=352.0, Win Bonus=0.0
[2026-05-22 10:27:17] SCORE Group 16 (red): Final=1383.9, Time=85.9, Moves(125)=0.0, Pins(9)=900.0, Dist=398.0, Win Bonus=0.0
[2026-05-22 10:27:17] ALL WRONG MOVES BY COLOUR: {'gray0': ['2 (turn timeout)', '5 (turn timeout)', '11 (turn timeout)', '17 (turn timeout)', '20 (turn timeout)', '80 (illegal move)', '102 (illegal move)', '109 (illegal move)']}
[2026-05-22 10:27:17] MOVE 379: Gruppe 69 (lawn green) 114->117 [0.00ms]
[2026-05-22 10:27:17] SCORE Gruppe 69 (lawn green): Final=1265.8, Time=85.8, Moves(126)=0.0, Pins(8)=800.0, Dist=380.0, Win Bonus=0.0
[2026-05-22 10:27:17] SCORE HelloWorld (gray0): Final=1200.3, Time=48.3, Moves(120)=0.0, Pins(8)=800.0, Dist=352.0, Win Bonus=0.0
[2026-05-22 10:27:17] SCORE Group 16 (red): Final=1383.9, Time=85.9, Moves(125)=0.0, Pins(9)=900.0, Dist=398.0, Win Bonus=0.0
[2026-05-22 10:27:17] ALL WRONG MOVES BY COLOUR: {'gray0': ['2 (turn timeout)', '5 (turn timeout)', '11 (turn timeout)', '17 (turn timeout)', '20 (turn timeout)', '80 (illegal move)', '102 (illegal move)', '109 (illegal move)']}
[2026-05-22 10:27:17] MOVE 380: HelloWorld (gray0) 44->32 [0.00ms]
[2026-05-22 10:27:17] SCORE Gruppe 69 (lawn green): Final=1265.8, Time=85.8, Moves(126)=0.0, Pins(8)=800.0, Dist=380.0, Win Bonus=0.0
[2026-05-22 10:27:17] SCORE HelloWorld (gray0): Final=1200.1, Time=48.1, Moves(121)=0.0, Pins(8)=800.0, Dist=352.0, Win Bonus=0.0
[2026-05-22 10:27:17] SCORE Group 16 (red): Final=1383.9, Time=85.9, Moves(125)=0.0, Pins(9)=900.0, Dist=398.0, Win Bonus=0.0
[2026-05-22 10:27:17] ALL WRONG MOVES BY COLOUR: {'gray0': ['2 (turn timeout)', '5 (turn timeout)', '11 (turn timeout)', '17 (turn timeout)', '20 (turn timeout)', '80 (illegal move)', '102 (illegal move)', '109 (illegal move)']}
[2026-05-22 10:27:18] MOVE 381: Group 16 (red) 16->8 [0.00ms]
[2026-05-22 10:27:18] SCORE Gruppe 69 (lawn green): Final=1265.8, Time=85.8, Moves(126)=0.0, Pins(8)=800.0, Dist=380.0, Win Bonus=0.0
[2026-05-22 10:27:18] SCORE HelloWorld (gray0): Final=1200.1, Time=48.1, Moves(121)=0.0, Pins(8)=800.0, Dist=352.0, Win Bonus=0.0
[2026-05-22 10:27:18] SCORE Group 16 (red): Final=2485.7, Time=85.7, Moves(126)=0.0, Pins(10)=1000.0, Dist=400.0, Win Bonus=1000.0
[2026-05-22 10:27:18] ALL WRONG MOVES BY COLOUR: {'gray0': ['2 (turn timeout)', '5 (turn timeout)', '11 (turn timeout)', '17 (turn timeout)', '20 (turn timeout)', '80 (illegal move)', '102 (illegal move)', '109 (illegal move)']}
