[2026-05-22 10:25:36] GAME CREATED
[2026-05-22 10:25:40] PLAYER JOINED: Group7 as lawn green
[2026-05-22 10:25:41] PLAYER JOINED: Robert as gray0
[2026-05-22 10:25:41] PLAYER JOINED: group 99 as red
[2026-05-22 10:25:41] PLAYER JOINED: Gruppe 10 as blue
[2026-05-22 10:25:43] PLAYER JOINED: StockWish as yellow
[2026-05-22 10:26:39] PLAYER JOINED: Gruppe 67 as purple
[2026-05-22 10:26:39] PLAYER START: Group7 (lawn green)
[2026-05-22 10:26:39] PLAYER START: Robert (gray0)
[2026-05-22 10:26:39] PLAYER START: group 99 (red)
[2026-05-22 10:26:39] PLAYER START: Gruppe 10 (blue)
[2026-05-22 10:26:39] PLAYER START: StockWish (yellow)
[2026-05-22 10:26:39] PLAYER START: Gruppe 67 (purple)
[2026-05-22 10:26:39] GAME START — turn order ['lawn green', 'yellow', 'blue', 'gray0', 'purple', 'red']
[2026-05-22 10:26:39] PLAYER START: Group7 (lawn green)
[2026-05-22 10:26:39] PLAYER START: Robert (gray0)
[2026-05-22 10:26:39] PLAYER START: group 99 (red)
[2026-05-22 10:26:39] PLAYER START: Gruppe 10 (blue)
[2026-05-22 10:26:39] PLAYER START: StockWish (yellow)
[2026-05-22 10:26:39] PLAYER START: Gruppe 67 (purple)
[2026-05-22 10:26:39] PLAYER START: Group7 (lawn green)
[2026-05-22 10:26:39] PLAYER START: Robert (gray0)
[2026-05-22 10:26:39] PLAYER START: group 99 (red)
[2026-05-22 10:26:39] PLAYER START: Gruppe 10 (blue)
[2026-05-22 10:26:39] PLAYER START: StockWish (yellow)
[2026-05-22 10:26:39] PLAYER START: Gruppe 67 (purple)
[2026-05-22 10:26:39] PLAYER START: Group7 (lawn green)
[2026-05-22 10:26:39] PLAYER START: Robert (gray0)
[2026-05-22 10:26:39] PLAYER START: group 99 (red)
[2026-05-22 10:26:39] PLAYER START: Gruppe 10 (blue)
[2026-05-22 10:26:39] PLAYER START: StockWish (yellow)
[2026-05-22 10:26:39] PLAYER START: Gruppe 67 (purple)
[2026-05-22 10:26:40] PLAYER START: Group7 (lawn green)
[2026-05-22 10:26:40] PLAYER START: Robert (gray0)
[2026-05-22 10:26:40] PLAYER START: group 99 (red)
[2026-05-22 10:26:40] PLAYER START: Gruppe 10 (blue)
[2026-05-22 10:26:40] PLAYER START: StockWish (yellow)
[2026-05-22 10:26:40] PLAYER START: Gruppe 67 (purple)
[2026-05-22 10:26:40] MOVE 1: Group7 (lawn green) 45->43 [0.00ms]
[2026-05-22 10:26:40] SCORE Group7 (lawn green): Final=283.5, Time=99.5, Moves(1)=0.0, Pins(0)=0.0, Dist=184.0, Win Bonus=0.0
[2026-05-22 10:26:40] SCORE Robert (gray0): Final=0.0, Time=0.0, Moves(0)=0.0, Pins(0)=0.0, Dist=0.0, Win Bonus=0.0
[2026-05-22 10:26:40] SCORE group 99 (red): Final=0.0, Time=0.0, Moves(0)=0.0, Pins(0)=0.0, Dist=0.0, Win Bonus=0.0
[2026-05-22 10:26:40] SCORE Gruppe 10 (blue): Final=0.0, Time=0.0, Moves(0)=0.0, Pins(0)=0.0, Dist=0.0, Win Bonus=0.0
[2026-05-22 10:26:40] SCORE StockWish (yellow): Final=0.0, Time=0.0, Moves(0)=0.0, Pins(0)=0.0, Dist=0.0, Win Bonus=0.0
[2026-05-22 10:26:40] SCORE Gruppe 67 (purple): Final=0.0, Time=0.0, Moves(0)=0.0, Pins(0)=0.0, Dist=0.0, Win Bonus=0.0
[2026-05-22 10:26:40] ALL WRONG MOVES BY COLOUR: {}
[2026-05-22 10:26:40] PLAYER START: Group7 (lawn green)
[2026-05-22 10:26:40] PLAYER START: Robert (gray0)
[2026-05-22 10:26:40] PLAYER START: group 99 (red)
[2026-05-22 10:26:40] PLAYER START: Gruppe 10 (blue)
[2026-05-22 10:26:40] PLAYER START: StockWish (yellow)
[2026-05-22 10:26:40] PLAYER START: Gruppe 67 (purple)
[2026-05-22 10:26:40] MOVE 2: StockWish (yellow) 12->37 [0.01ms]
[2026-05-22 10:26:40] SCORE Group7 (lawn green): Final=283.5, Time=99.5, Moves(1)=0.0, Pins(0)=0.0, Dist=184.0, Win Bonus=0.0
[2026-05-22 10:26:40] SCORE Robert (gray0): Final=0.0, Time=0.0, Moves(0)=0.0, Pins(0)=0.0, Dist=0.0, Win Bonus=0.0
[2026-05-22 10:26:40] SCORE group 99 (red): Final=0.0, Time=0.0, Moves(0)=0.0, Pins(0)=0.0, Dist=0.0, Win Bonus=0.0
[2026-05-22 10:26:40] SCORE Gruppe 10 (blue): Final=0.0, Time=0.0, Moves(0)=0.0, Pins(0)=0.0, Dist=0.0, Win Bonus=0.0
[2026-05-22 10:26:40] SCORE StockWish (yellow): Final=283.9, Time=99.9, Moves(1)=0.0, Pins(0)=0.0, Dist=184.0, Win Bonus=0.0
[2026-05-22 10:26:40] SCORE Gruppe 67 (purple): Final=0.0, Time=0.0, Moves(0)=0.0, Pins(0)=0.0, Dist=0.0, Win Bonus=0.0
[2026-05-22 10:26:40] ALL WRONG MOVES BY COLOUR: {}
[2026-05-22 10:26:41] MOVE 3: Gruppe 10 (blue) 5->16 [0.00ms]
[2026-05-22 10:26:41] SCORE Group7 (lawn green): Final=283.5, Time=99.5, Moves(1)=0.0, Pins(0)=0.0, Dist=184.0, Win Bonus=0.0
[2026-05-22 10:26:41] SCORE Robert (gray0): Final=0.0, Time=0.0, Moves(0)=0.0, Pins(0)=0.0, Dist=0.0, Win Bonus=0.0
[2026-05-22 10:26:41] SCORE group 99 (red): Final=0.0, Time=0.0, Moves(0)=0.0, Pins(0)=0.0, Dist=0.0, Win Bonus=0.0
[2026-05-22 10:26:41] SCORE Gruppe 10 (blue): Final=283.4, Time=99.4, Moves(1)=0.0, Pins(0)=0.0, Dist=184.0, Win Bonus=0.0
[2026-05-22 10:26:41] SCORE StockWish (yellow): Final=283.9, Time=99.9, Moves(1)=0.0, Pins(0)=0.0, Dist=184.0, Win Bonus=0.0
[2026-05-22 10:26:41] SCORE Gruppe 67 (purple): Final=0.0, Time=0.0, Moves(0)=0.0, Pins(0)=0.0, Dist=0.0, Win Bonus=0.0
[2026-05-22 10:26:41] ALL WRONG MOVES BY COLOUR: {}
[2026-05-22 10:26:41] MOVE 4: Robert (gray0) 65->56 [0.01ms]
[2026-05-22 10:26:41] SCORE Group7 (lawn green): Final=283.5, Time=99.5, Moves(1)=0.0, Pins(0)=0.0, Dist=184.0, Win Bonus=0.0
[2026-05-22 10:26:41] SCORE Robert (gray0): Final=281.7, Time=99.7, Moves(1)=0.0, Pins(0)=0.0, Dist=182.0, Win Bonus=0.0
[2026-05-22 10:26:41] SCORE group 99 (red): Final=0.0, Time=0.0, Moves(0)=0.0, Pins(0)=0.0, Dist=0.0, Win Bonus=0.0
[2026-05-22 10:26:41] SCORE Gruppe 10 (blue): Final=283.4, Time=99.4, Moves(1)=0.0, Pins(0)=0.0, Dist=184.0, Win Bonus=0.0
[2026-05-22 10:26:41] SCORE StockWish (yellow): Final=283.9, Time=99.9, Moves(1)=0.0, Pins(0)=0.0, Dist=184.0, Win Bonus=0.0
[2026-05-22 10:26:41] SCORE Gruppe 67 (purple): Final=0.0, Time=0.0, Moves(0)=0.0, Pins(0)=0.0, Dist=0.0, Win Bonus=0.0
[2026-05-22 10:26:41] ALL WRONG MOVES BY COLOUR: {}
[2026-05-22 10:26:41] MOVE 5: Gruppe 67 (purple) 85->83 [0.00ms]
[2026-05-22 10:26:41] SCORE Group7 (lawn green): Final=283.5, Time=99.5, Moves(1)=0.0, Pins(0)=0.0, Dist=184.0, Win Bonus=0.0
[2026-05-22 10:26:41] SCORE Robert (gray0): Final=281.7, Time=99.7, Moves(1)=0.0, Pins(0)=0.0, Dist=182.0, Win Bonus=0.0
[2026-05-22 10:26:41] SCORE group 99 (red): Final=0.0, Time=0.0, Moves(0)=0.0, Pins(0)=0.0, Dist=0.0, Win Bonus=0.0
[2026-05-22 10:26:41] SCORE Gruppe 10 (blue): Final=283.4, Time=99.4, Moves(1)=0.0, Pins(0)=0.0, Dist=184.0, Win Bonus=0.0
[2026-05-22 10:26:41] SCORE StockWish (yellow): Final=283.9, Time=99.9, Moves(1)=0.0, Pins(0)=0.0, Dist=184.0, Win Bonus=0.0
[2026-05-22 10:26:41] SCORE Gruppe 67 (purple): Final=283.5, Time=99.5, Moves(1)=0.0, Pins(0)=0.0, Dist=184.0, Win Bonus=0.0
[2026-05-22 10:26:41] ALL WRONG MOVES BY COLOUR: {}
[2026-05-22 10:26:43] MOVE 6: group 99 (red) 117->104 [0.00ms]
[2026-05-22 10:26:43] SCORE Group7 (lawn green): Final=283.5, Time=99.5, Moves(1)=0.0, Pins(0)=0.0, Dist=184.0, Win Bonus=0.0
[2026-05-22 10:26:43] SCORE Robert (gray0): Final=281.7, Time=99.7, Moves(1)=0.0, Pins(0)=0.0, Dist=182.0, Win Bonus=0.0
[2026-05-22 10:26:43] SCORE group 99 (red): Final=282.2, Time=98.2, Moves(1)=0.0, Pins(0)=0.0, Dist=184.0, Win Bonus=0.0
[2026-05-22 10:26:43] SCORE Gruppe 10 (blue): Final=283.4, Time=99.4, Moves(1)=0.0, Pins(0)=0.0, Dist=184.0, Win Bonus=0.0
[2026-05-22 10:26:43] SCORE StockWish (yellow): Final=283.9, Time=99.9, Moves(1)=0.0, Pins(0)=0.0, Dist=184.0, Win Bonus=0.0
[2026-05-22 10:26:43] SCORE Gruppe 67 (purple): Final=283.5, Time=99.5, Moves(1)=0.0, Pins(0)=0.0, Dist=184.0, Win Bonus=0.0
[2026-05-22 10:26:43] ALL WRONG MOVES BY COLOUR: {}
[2026-05-22 10:26:44] MOVE 7: Group7 (lawn green) 22->64 [0.00ms]
[2026-05-22 10:26:44] SCORE Group7 (lawn green): Final=291.2, Time=99.2, Moves(2)=0.0, Pins(0)=0.0, Dist=192.0, Win Bonus=0.0
[2026-05-22 10:26:44] SCORE Robert (gray0): Final=281.7, Time=99.7, Moves(1)=0.0, Pins(0)=0.0, Dist=182.0, Win Bonus=0.0
[2026-05-22 10:26:44] SCORE group 99 (red): Final=282.2, Time=98.2, Moves(1)=0.0, Pins(0)=0.0, Dist=184.0, Win Bonus=0.0
[2026-05-22 10:26:44] SCORE Gruppe 10 (blue): Final=283.4, Time=99.4, Moves(1)=0.0, Pins(0)=0.0, Dist=184.0, Win Bonus=0.0
[2026-05-22 10:26:44] SCORE StockWish (yellow): Final=283.9, Time=99.9, Moves(1)=0.0, Pins(0)=0.0, Dist=184.0, Win Bonus=0.0
[2026-05-22 10:26:44] SCORE Gruppe 67 (purple): Final=283.5, Time=99.5, Moves(1)=0.0, Pins(0)=0.0, Dist=184.0, Win Bonus=0.0
[2026-05-22 10:26:44] ALL WRONG MOVES BY COLOUR: {}
[2026-05-22 10:26:44] MOVE 8: StockWish (yellow) 25->48 [0.00ms]
[2026-05-22 10:26:44] SCORE Group7 (lawn green): Final=291.2, Time=99.2, Moves(2)=0.0, Pins(0)=0.0, Dist=192.0, Win Bonus=0.0
[2026-05-22 10:26:44] SCORE Robert (gray0): Final=281.7, Time=99.7, Moves(1)=0.0, Pins(0)=0.0, Dist=182.0, Win Bonus=0.0
[2026-05-22 10:26:44] SCORE group 99 (red): Final=282.2, Time=98.2, Moves(1)=0.0, Pins(0)=0.0, Dist=184.0, Win Bonus=0.0
[2026-05-22 10:26:44] SCORE Gruppe 10 (blue): Final=283.4, Time=99.4, Moves(1)=0.0, Pins(0)=0.0, Dist=184.0, Win Bonus=0.0
[2026-05-22 10:26:44] SCORE StockWish (yellow): Final=287.7, Time=99.7, Moves(2)=0.0, Pins(0)=0.0, Dist=188.0, Win Bonus=0.0
[2026-05-22 10:26:44] SCORE Gruppe 67 (purple): Final=283.5, Time=99.5, Moves(1)=0.0, Pins(0)=0.0, Dist=184.0, Win Bonus=0.0
[2026-05-22 10:26:44] ALL WRONG MOVES BY COLOUR: {}
[2026-05-22 10:26:44] MOVE 9: Gruppe 10 (blue) 3->18 [0.00ms]
[2026-05-22 10:26:44] SCORE Group7 (lawn green): Final=291.2, Time=99.2, Moves(2)=0.0, Pins(0)=0.0, Dist=192.0, Win Bonus=0.0
[2026-05-22 10:26:44] SCORE Robert (gray0): Final=281.7, Time=99.7, Moves(1)=0.0, Pins(0)=0.0, Dist=182.0, Win Bonus=0.0
[2026-05-22 10:26:44] SCORE group 99 (red): Final=282.2, Time=98.2, Moves(1)=0.0, Pins(0)=0.0, Dist=184.0, Win Bonus=0.0
[2026-05-22 10:26:44] SCORE Gruppe 10 (blue): Final=287.3, Time=99.3, Moves(2)=0.0, Pins(0)=0.0, Dist=188.0, Win Bonus=0.0
[2026-05-22 10:26:44] SCORE StockWish (yellow): Final=287.7, Time=99.7, Moves(2)=0.0, Pins(0)=0.0, Dist=188.0, Win Bonus=0.0
[2026-05-22 10:26:44] SCORE Gruppe 67 (purple): Final=283.5, Time=99.5, Moves(1)=0.0, Pins(0)=0.0, Dist=184.0, Win Bonus=0.0
[2026-05-22 10:26:44] ALL WRONG MOVES BY COLOUR: {}
[2026-05-22 10:26:44] MOVE 10: Robert (gray0) 86->49 [0.00ms]
[2026-05-22 10:26:44] SCORE Group7 (lawn green): Final=291.2, Time=99.2, Moves(2)=0.0, Pins(0)=0.0, Dist=192.0, Win Bonus=0.0
[2026-05-22 10:26:44] SCORE Robert (gray0): Final=293.4, Time=99.4, Moves(2)=0.0, Pins(0)=0.0, Dist=194.0, Win Bonus=0.0
[2026-05-22 10:26:44] SCORE group 99 (red): Final=282.2, Time=98.2, Moves(1)=0.0, Pins(0)=0.0, Dist=184.0, Win Bonus=0.0
[2026-05-22 10:26:44] SCORE Gruppe 10 (blue): Final=287.3, Time=99.3, Moves(2)=0.0, Pins(0)=0.0, Dist=188.0, Win Bonus=0.0
[2026-05-22 10:26:44] SCORE StockWish (yellow): Final=287.7, Time=99.7, Moves(2)=0.0, Pins(0)=0.0, Dist=188.0, Win Bonus=0.0
[2026-05-22 10:26:44] SCORE Gruppe 67 (purple): Final=283.5, Time=99.5, Moves(1)=0.0, Pins(0)=0.0, Dist=184.0, Win Bonus=0.0
[2026-05-22 10:26:44] ALL WRONG MOVES BY COLOUR: {}
[2026-05-22 10:26:46] MOVE 11: Gruppe 67 (purple) 74->31 [0.00ms]
[2026-05-22 10:26:46] SCORE Group7 (lawn green): Final=291.2, Time=99.2, Moves(2)=0.0, Pins(0)=0.0, Dist=192.0, Win Bonus=0.0
[2026-05-22 10:26:46] SCORE Robert (gray0): Final=293.4, Time=99.4, Moves(2)=0.0, Pins(0)=0.0, Dist=194.0, Win Bonus=0.0
[2026-05-22 10:26:46] SCORE group 99 (red): Final=282.2, Time=98.2, Moves(1)=0.0, Pins(0)=0.0, Dist=184.0, Win Bonus=0.0
[2026-05-22 10:26:46] SCORE Gruppe 10 (blue): Final=287.3, Time=99.3, Moves(2)=0.0, Pins(0)=0.0, Dist=188.0, Win Bonus=0.0
[2026-05-22 10:26:46] SCORE StockWish (yellow): Final=287.7, Time=99.7, Moves(2)=0.0, Pins(0)=0.0, Dist=188.0, Win Bonus=0.0
[2026-05-22 10:26:46] SCORE Gruppe 67 (purple): Final=289.9, Time=97.9, Moves(2)=0.0, Pins(0)=0.0, Dist=192.0, Win Bonus=0.0
[2026-05-22 10:26:46] ALL WRONG MOVES BY COLOUR: {}
[2026-05-22 10:26:47] MOVE 12: group 99 (red) 120->106 [0.00ms]
[2026-05-22 10:26:47] SCORE Group7 (lawn green): Final=291.2, Time=99.2, Moves(2)=0.0, Pins(0)=0.0, Dist=192.0, Win Bonus=0.0
[2026-05-22 10:26:47] SCORE Robert (gray0): Final=293.4, Time=99.4, Moves(2)=0.0, Pins(0)=0.0, Dist=194.0, Win Bonus=0.0
[2026-05-22 10:26:47] SCORE group 99 (red): Final=289.0, Time=97.0, Moves(2)=0.0, Pins(0)=0.0, Dist=192.0, Win Bonus=0.0
[2026-05-22 10:26:47] SCORE Gruppe 10 (blue): Final=287.3, Time=99.3, Moves(2)=0.0, Pins(0)=0.0, Dist=188.0, Win Bonus=0.0
[2026-05-22 10:26:47] SCORE StockWish (yellow): Final=287.7, Time=99.7, Moves(2)=0.0, Pins(0)=0.0, Dist=188.0, Win Bonus=0.0
[2026-05-22 10:26:47] SCORE Gruppe 67 (purple): Final=289.9, Time=97.9, Moves(2)=0.0, Pins(0)=0.0, Dist=192.0, Win Bonus=0.0
[2026-05-22 10:26:47] ALL WRONG MOVES BY COLOUR: {}
[2026-05-22 10:26:47] MOVE 13: Group7 (lawn green) 19->15 [0.01ms]
[2026-05-22 10:26:47] SCORE Group7 (lawn green): Final=298.7, Time=98.7, Moves(3)=0.0, Pins(0)=0.0, Dist=200.0, Win Bonus=0.0
[2026-05-22 10:26:47] SCORE Robert (gray0): Final=293.4, Time=99.4, Moves(2)=0.0, Pins(0)=0.0, Dist=194.0, Win Bonus=0.0
[2026-05-22 10:26:47] SCORE group 99 (red): Final=289.0, Time=97.0, Moves(2)=0.0, Pins(0)=0.0, Dist=192.0, Win Bonus=0.0
[2026-05-22 10:26:47] SCORE Gruppe 10 (blue): Final=287.3, Time=99.3, Moves(2)=0.0, Pins(0)=0.0, Dist=188.0, Win Bonus=0.0
[2026-05-22 10:26:47] SCORE StockWish (yellow): Final=287.7, Time=99.7, Moves(2)=0.0, Pins(0)=0.0, Dist=188.0, Win Bonus=0.0
[2026-05-22 10:26:47] SCORE Gruppe 67 (purple): Final=289.9, Time=97.9, Moves(2)=0.0, Pins(0)=0.0, Dist=192.0, Win Bonus=0.0
[2026-05-22 10:26:47] ALL WRONG MOVES BY COLOUR: {}
[2026-05-22 10:26:47] MOVE 14: StockWish (yellow) 36->59 [0.00ms]
[2026-05-22 10:26:47] SCORE Group7 (lawn green): Final=298.7, Time=98.7, Moves(3)=0.0, Pins(0)=0.0, Dist=200.0, Win Bonus=0.0
[2026-05-22 10:26:47] SCORE Robert (gray0): Final=293.4, Time=99.4, Moves(2)=0.0, Pins(0)=0.0, Dist=194.0, Win Bonus=0.0
[2026-05-22 10:26:47] SCORE group 99 (red): Final=289.0, Time=97.0, Moves(2)=0.0, Pins(0)=0.0, Dist=192.0, Win Bonus=0.0
[2026-05-22 10:26:47] SCORE Gruppe 10 (blue): Final=287.3, Time=99.3, Moves(2)=0.0, Pins(0)=0.0, Dist=188.0, Win Bonus=0.0
[2026-05-22 10:26:47] SCORE StockWish (yellow): Final=295.6, Time=99.6, Moves(3)=0.0, Pins(0)=0.0, Dist=196.0, Win Bonus=0.0
[2026-05-22 10:26:47] SCORE Gruppe 67 (purple): Final=289.9, Time=97.9, Moves(2)=0.0, Pins(0)=0.0, Dist=192.0, Win Bonus=0.0
[2026-05-22 10:26:47] ALL WRONG MOVES BY COLOUR: {}
[2026-05-22 10:26:48] MOVE 15: Gruppe 10 (blue) 6->28 [0.00ms]
[2026-05-22 10:26:48] SCORE Group7 (lawn green): Final=298.7, Time=98.7, Moves(3)=0.0, Pins(0)=0.0, Dist=200.0, Win Bonus=0.0
[2026-05-22 10:26:48] SCORE Robert (gray0): Final=293.4, Time=99.4, Moves(2)=0.0, Pins(0)=0.0, Dist=194.0, Win Bonus=0.0
[2026-05-22 10:26:48] SCORE group 99 (red): Final=289.0, Time=97.0, Moves(2)=0.0, Pins(0)=0.0, Dist=192.0, Win Bonus=0.0
[2026-05-22 10:26:48] SCORE Gruppe 10 (blue): Final=291.1, Time=99.1, Moves(3)=0.0, Pins(0)=0.0, Dist=192.0, Win Bonus=0.0
[2026-05-22 10:26:48] SCORE StockWish (yellow): Final=295.6, Time=99.6, Moves(3)=0.0, Pins(0)=0.0, Dist=196.0, Win Bonus=0.0
[2026-05-22 10:26:48] SCORE Gruppe 67 (purple): Final=289.9, Time=97.9, Moves(2)=0.0, Pins(0)=0.0, Dist=192.0, Win Bonus=0.0
[2026-05-22 10:26:48] ALL WRONG MOVES BY COLOUR: {}
[2026-05-22 10:26:48] MOVE 16: Robert (gray0) 49->50 [0.00ms]
[2026-05-22 10:26:48] SCORE Group7 (lawn green): Final=298.7, Time=98.7, Moves(3)=0.0, Pins(0)=0.0, Dist=200.0, Win Bonus=0.0
[2026-05-22 10:26:48] SCORE Robert (gray0): Final=295.2, Time=99.2, Moves(3)=0.0, Pins(0)=0.0, Dist=196.0, Win Bonus=0.0
[2026-05-22 10:26:48] SCORE group 99 (red): Final=289.0, Time=97.0, Moves(2)=0.0, Pins(0)=0.0, Dist=192.0, Win Bonus=0.0
[2026-05-22 10:26:48] SCORE Gruppe 10 (blue): Final=291.1, Time=99.1, Moves(3)=0.0, Pins(0)=0.0, Dist=192.0, Win Bonus=0.0
[2026-05-22 10:26:48] SCORE StockWish (yellow): Final=295.6, Time=99.6, Moves(3)=0.0, Pins(0)=0.0, Dist=196.0, Win Bonus=0.0
[2026-05-22 10:26:48] SCORE Gruppe 67 (purple): Final=289.9, Time=97.9, Moves(2)=0.0, Pins(0)=0.0, Dist=192.0, Win Bonus=0.0
[2026-05-22 10:26:48] ALL WRONG MOVES BY COLOUR: {}
[2026-05-22 10:26:48] MOVE 17: Gruppe 67 (purple) 107->103 [0.00ms]
[2026-05-22 10:26:48] SCORE Group7 (lawn green): Final=298.7, Time=98.7, Moves(3)=0.0, Pins(0)=0.0, Dist=200.0, Win Bonus=0.0
[2026-05-22 10:26:48] SCORE Robert (gray0): Final=295.2, Time=99.2, Moves(3)=0.0, Pins(0)=0.0, Dist=196.0, Win Bonus=0.0
[2026-05-22 10:26:48] SCORE group 99 (red): Final=289.0, Time=97.0, Moves(2)=0.0, Pins(0)=0.0, Dist=192.0, Win Bonus=0.0
[2026-05-22 10:26:48] SCORE Gruppe 10 (blue): Final=291.1, Time=99.1, Moves(3)=0.0, Pins(0)=0.0, Dist=192.0, Win Bonus=0.0
[2026-05-22 10:26:48] SCORE StockWish (yellow): Final=295.6, Time=99.6, Moves(3)=0.0, Pins(0)=0.0, Dist=196.0, Win Bonus=0.0
[2026-05-22 10:26:48] SCORE Gruppe 67 (purple): Final=297.3, Time=97.3, Moves(3)=0.0, Pins(0)=0.0, Dist=200.0, Win Bonus=0.0
[2026-05-22 10:26:48] ALL WRONG MOVES BY COLOUR: {}
[2026-05-22 10:26:50] MOVE 18: group 99 (red) 114->73 [0.00ms]
[2026-05-22 10:26:50] SCORE Group7 (lawn green): Final=298.7, Time=98.7, Moves(3)=0.0, Pins(0)=0.0, Dist=200.0, Win Bonus=0.0
[2026-05-22 10:26:50] SCORE Robert (gray0): Final=295.2, Time=99.2, Moves(3)=0.0, Pins(0)=0.0, Dist=196.0, Win Bonus=0.0
[2026-05-22 10:26:50] SCORE group 99 (red): Final=295.9, Time=95.9, Moves(3)=0.0, Pins(0)=0.0, Dist=200.0, Win Bonus=0.0
[2026-05-22 10:26:50] SCORE Gruppe 10 (blue): Final=291.1, Time=99.1, Moves(3)=0.0, Pins(0)=0.0, Dist=192.0, Win Bonus=0.0
[2026-05-22 10:26:50] SCORE StockWish (yellow): Final=295.6, Time=99.6, Moves(3)=0.0, Pins(0)=0.0, Dist=196.0, Win Bonus=0.0
[2026-05-22 10:26:50] SCORE Gruppe 67 (purple): Final=297.3, Time=97.3, Moves(3)=0.0, Pins(0)=0.0, Dist=200.0, Win Bonus=0.0
[2026-05-22 10:26:50] ALL WRONG MOVES BY COLOUR: {}
[2026-05-22 10:26:50] MOVE 19: Group7 (lawn green) 21->17 [0.00ms]
[2026-05-22 10:26:50] SCORE Group7 (lawn green): Final=306.3, Time=98.3, Moves(4)=0.0, Pins(0)=0.0, Dist=208.0, Win Bonus=0.0
[2026-05-22 10:26:50] SCORE Robert (gray0): Final=295.2, Time=99.2, Moves(3)=0.0, Pins(0)=0.0, Dist=196.0, Win Bonus=0.0
[2026-05-22 10:26:50] SCORE group 99 (red): Final=295.9, Time=95.9, Moves(3)=0.0, Pins(0)=0.0, Dist=200.0, Win Bonus=0.0
[2026-05-22 10:26:50] SCORE Gruppe 10 (blue): Final=291.1, Time=99.1, Moves(3)=0.0, Pins(0)=0.0, Dist=192.0, Win Bonus=0.0
[2026-05-22 10:26:50] SCORE StockWish (yellow): Final=295.6, Time=99.6, Moves(3)=0.0, Pins(0)=0.0, Dist=196.0, Win Bonus=0.0
[2026-05-22 10:26:50] SCORE Gruppe 67 (purple): Final=297.3, Time=97.3, Moves(3)=0.0, Pins(0)=0.0, Dist=200.0, Win Bonus=0.0
[2026-05-22 10:26:50] ALL WRONG MOVES BY COLOUR: {}
[2026-05-22 10:26:50] MOVE 20: StockWish (yellow) 37->60 [0.00ms]
[2026-05-22 10:26:50] SCORE Group7 (lawn green): Final=306.3, Time=98.3, Moves(4)=0.0, Pins(0)=0.0, Dist=208.0, Win Bonus=0.0
[2026-05-22 10:26:50] SCORE Robert (gray0): Final=295.2, Time=99.2, Moves(3)=0.0, Pins(0)=0.0, Dist=196.0, Win Bonus=0.0
[2026-05-22 10:26:50] SCORE group 99 (red): Final=295.9, Time=95.9, Moves(3)=0.0, Pins(0)=0.0, Dist=200.0, Win Bonus=0.0
[2026-05-22 10:26:50] SCORE Gruppe 10 (blue): Final=291.1, Time=99.1, Moves(3)=0.0, Pins(0)=0.0, Dist=192.0, Win Bonus=0.0
[2026-05-22 10:26:50] SCORE StockWish (yellow): Final=303.4, Time=99.4, Moves(4)=0.0, Pins(0)=0.0, Dist=204.0, Win Bonus=0.0
[2026-05-22 10:26:50] SCORE Gruppe 67 (purple): Final=297.3, Time=97.3, Moves(3)=0.0, Pins(0)=0.0, Dist=200.0, Win Bonus=0.0
[2026-05-22 10:26:50] ALL WRONG MOVES BY COLOUR: {}
[2026-05-22 10:26:50] MOVE 21: Gruppe 10 (blue) 9->27 [0.00ms]
[2026-05-22 10:26:50] SCORE Group7 (lawn green): Final=306.3, Time=98.3, Moves(4)=0.0, Pins(0)=0.0, Dist=208.0, Win Bonus=0.0
[2026-05-22 10:26:50] SCORE Robert (gray0): Final=295.2, Time=99.2, Moves(3)=0.0, Pins(0)=0.0, Dist=196.0, Win Bonus=0.0
[2026-05-22 10:26:50] SCORE group 99 (red): Final=295.9, Time=95.9, Moves(3)=0.0, Pins(0)=0.0, Dist=200.0, Win Bonus=0.0
[2026-05-22 10:26:50] SCORE Gruppe 10 (blue): Final=294.9, Time=98.9, Moves(4)=0.0, Pins(0)=0.0, Dist=196.0, Win Bonus=0.0
[2026-05-22 10:26:50] SCORE StockWish (yellow): Final=303.4, Time=99.4, Moves(4)=0.0, Pins(0)=0.0, Dist=204.0, Win Bonus=0.0
[2026-05-22 10:26:50] SCORE Gruppe 67 (purple): Final=297.3, Time=97.3, Moves(3)=0.0, Pins(0)=0.0, Dist=200.0, Win Bonus=0.0
[2026-05-22 10:26:50] ALL WRONG MOVES BY COLOUR: {}
[2026-05-22 10:26:51] MOVE 22: Robert (gray0) 98->86 [0.01ms]
[2026-05-22 10:26:51] SCORE Group7 (lawn green): Final=306.3, Time=98.3, Moves(4)=0.0, Pins(0)=0.0, Dist=208.0, Win Bonus=0.0
[2026-05-22 10:26:51] SCORE Robert (gray0): Final=297.0, Time=99.0, Moves(4)=0.0, Pins(0)=0.0, Dist=198.0, Win Bonus=0.0
[2026-05-22 10:26:51] SCORE group 99 (red): Final=295.9, Time=95.9, Moves(3)=0.0, Pins(0)=0.0, Dist=200.0, Win Bonus=0.0
[2026-05-22 10:26:51] SCORE Gruppe 10 (blue): Final=294.9, Time=98.9, Moves(4)=0.0, Pins(0)=0.0, Dist=196.0, Win Bonus=0.0
[2026-05-22 10:26:51] SCORE StockWish (yellow): Final=303.4, Time=99.4, Moves(4)=0.0, Pins(0)=0.0, Dist=204.0, Win Bonus=0.0
[2026-05-22 10:26:51] SCORE Gruppe 67 (purple): Final=297.3, Time=97.3, Moves(3)=0.0, Pins(0)=0.0, Dist=200.0, Win Bonus=0.0
[2026-05-22 10:26:51] ALL WRONG MOVES BY COLOUR: {}
[2026-05-22 10:26:51] MOVE 23: Gruppe 67 (purple) 109->105 [0.00ms]
[2026-05-22 10:26:51] SCORE Group7 (lawn green): Final=306.3, Time=98.3, Moves(4)=0.0, Pins(0)=0.0, Dist=208.0, Win Bonus=0.0
[2026-05-22 10:26:51] SCORE Robert (gray0): Final=297.0, Time=99.0, Moves(4)=0.0, Pins(0)=0.0, Dist=198.0, Win Bonus=0.0
[2026-05-22 10:26:51] SCORE group 99 (red): Final=295.9, Time=95.9, Moves(3)=0.0, Pins(0)=0.0, Dist=200.0, Win Bonus=0.0
[2026-05-22 10:26:51] SCORE Gruppe 10 (blue): Final=294.9, Time=98.9, Moves(4)=0.0, Pins(0)=0.0, Dist=196.0, Win Bonus=0.0
[2026-05-22 10:26:51] SCORE StockWish (yellow): Final=303.4, Time=99.4, Moves(4)=0.0, Pins(0)=0.0, Dist=204.0, Win Bonus=0.0
[2026-05-22 10:26:51] SCORE Gruppe 67 (purple): Final=304.5, Time=96.5, Moves(4)=0.0, Pins(0)=0.0, Dist=208.0, Win Bonus=0.0
[2026-05-22 10:26:51] ALL WRONG MOVES BY COLOUR: {}
[2026-05-22 10:26:53] MOVE 24: group 99 (red) 112->90 [0.00ms]
[2026-05-22 10:26:53] SCORE Group7 (lawn green): Final=306.3, Time=98.3, Moves(4)=0.0, Pins(0)=0.0, Dist=208.0, Win Bonus=0.0
[2026-05-22 10:26:53] SCORE Robert (gray0): Final=297.0, Time=99.0, Moves(4)=0.0, Pins(0)=0.0, Dist=198.0, Win Bonus=0.0
[2026-05-22 10:26:53] SCORE group 99 (red): Final=298.6, Time=94.6, Moves(4)=0.0, Pins(0)=0.0, Dist=204.0, Win Bonus=0.0
[2026-05-22 10:26:53] SCORE Gruppe 10 (blue): Final=294.9, Time=98.9, Moves(4)=0.0, Pins(0)=0.0, Dist=196.0, Win Bonus=0.0
[2026-05-22 10:26:53] SCORE StockWish (yellow): Final=303.4, Time=99.4, Moves(4)=0.0, Pins(0)=0.0, Dist=204.0, Win Bonus=0.0
[2026-05-22 10:26:53] SCORE Gruppe 67 (purple): Final=304.5, Time=96.5, Moves(4)=0.0, Pins(0)=0.0, Dist=208.0, Win Bonus=0.0
[2026-05-22 10:26:53] ALL WRONG MOVES BY COLOUR: {}
[2026-05-22 10:26:53] MOVE 25: Group7 (lawn green) 15->57 [0.00ms]
[2026-05-22 10:26:53] SCORE Group7 (lawn green): Final=313.9, Time=97.9, Moves(5)=0.0, Pins(0)=0.0, Dist=216.0, Win Bonus=0.0
[2026-05-22 10:26:53] SCORE Robert (gray0): Final=297.0, Time=99.0, Moves(4)=0.0, Pins(0)=0.0, Dist=198.0, Win Bonus=0.0
[2026-05-22 10:26:53] SCORE group 99 (red): Final=298.6, Time=94.6, Moves(4)=0.0, Pins(0)=0.0, Dist=204.0, Win Bonus=0.0
[2026-05-22 10:26:53] SCORE Gruppe 10 (blue): Final=294.9, Time=98.9, Moves(4)=0.0, Pins(0)=0.0, Dist=196.0, Win Bonus=0.0
[2026-05-22 10:26:53] SCORE StockWish (yellow): Final=303.4, Time=99.4, Moves(4)=0.0, Pins(0)=0.0, Dist=204.0, Win Bonus=0.0
[2026-05-22 10:26:53] SCORE Gruppe 67 (purple): Final=304.5, Time=96.5, Moves(4)=0.0, Pins(0)=0.0, Dist=208.0, Win Bonus=0.0
[2026-05-22 10:26:53] ALL WRONG MOVES BY COLOUR: {}
[2026-05-22 10:26:53] MOVE 26: StockWish (yellow) 11->36 [0.00ms]
[2026-05-22 10:26:53] SCORE Group7 (lawn green): Final=313.9, Time=97.9, Moves(5)=0.0, Pins(0)=0.0, Dist=216.0, Win Bonus=0.0
[2026-05-22 10:26:53] SCORE Robert (gray0): Final=297.0, Time=99.0, Moves(4)=0.0, Pins(0)=0.0, Dist=198.0, Win Bonus=0.0
[2026-05-22 10:26:53] SCORE group 99 (red): Final=298.6, Time=94.6, Moves(4)=0.0, Pins(0)=0.0, Dist=204.0, Win Bonus=0.0
[2026-05-22 10:26:53] SCORE Gruppe 10 (blue): Final=294.9, Time=98.9, Moves(4)=0.0, Pins(0)=0.0, Dist=196.0, Win Bonus=0.0
[2026-05-22 10:26:53] SCORE StockWish (yellow): Final=307.2, Time=99.2, Moves(5)=0.0, Pins(0)=0.0, Dist=208.0, Win Bonus=0.0
[2026-05-22 10:26:53] SCORE Gruppe 67 (purple): Final=304.5, Time=96.5, Moves(4)=0.0, Pins(0)=0.0, Dist=208.0, Win Bonus=0.0
[2026-05-22 10:26:53] ALL WRONG MOVES BY COLOUR: {}
[2026-05-22 10:26:53] MOVE 27: Gruppe 10 (blue) 7->15 [0.00ms]
[2026-05-22 10:26:53] SCORE Group7 (lawn green): Final=313.9, Time=97.9, Moves(5)=0.0, Pins(0)=0.0, Dist=216.0, Win Bonus=0.0
[2026-05-22 10:26:53] SCORE Robert (gray0): Final=297.0, Time=99.0, Moves(4)=0.0, Pins(0)=0.0, Dist=198.0, Win Bonus=0.0
[2026-05-22 10:26:53] SCORE group 99 (red): Final=298.6, Time=94.6, Moves(4)=0.0, Pins(0)=0.0, Dist=204.0, Win Bonus=0.0
[2026-05-22 10:26:53] SCORE Gruppe 10 (blue): Final=296.8, Time=98.8, Moves(5)=0.0, Pins(0)=0.0, Dist=198.0, Win Bonus=0.0
[2026-05-22 10:26:53] SCORE StockWish (yellow): Final=307.2, Time=99.2, Moves(5)=0.0, Pins(0)=0.0, Dist=208.0, Win Bonus=0.0
[2026-05-22 10:26:53] SCORE Gruppe 67 (purple): Final=304.5, Time=96.5, Moves(4)=0.0, Pins(0)=0.0, Dist=208.0, Win Bonus=0.0
[2026-05-22 10:26:53] ALL WRONG MOVES BY COLOUR: {}
[2026-05-22 10:26:54] MOVE 28: Robert (gray0) 86->51 [0.01ms]
[2026-05-22 10:26:54] SCORE Group7 (lawn green): Final=313.9, Time=97.9, Moves(5)=0.0, Pins(0)=0.0, Dist=216.0, Win Bonus=0.0
[2026-05-22 10:26:54] SCORE Robert (gray0): Final=312.6, Time=98.6, Moves(5)=0.0, Pins(0)=0.0, Dist=214.0, Win Bonus=0.0
[2026-05-22 10:26:54] SCORE group 99 (red): Final=298.6, Time=94.6, Moves(4)=0.0, Pins(0)=0.0, Dist=204.0, Win Bonus=0.0
[2026-05-22 10:26:54] SCORE Gruppe 10 (blue): Final=296.8, Time=98.8, Moves(5)=0.0, Pins(0)=0.0, Dist=198.0, Win Bonus=0.0
[2026-05-22 10:26:54] SCORE StockWish (yellow): Final=307.2, Time=99.2, Moves(5)=0.0, Pins(0)=0.0, Dist=208.0, Win Bonus=0.0
[2026-05-22 10:26:54] SCORE Gruppe 67 (purple): Final=304.5, Time=96.5, Moves(4)=0.0, Pins(0)=0.0, Dist=208.0, Win Bonus=0.0
[2026-05-22 10:26:54] ALL WRONG MOVES BY COLOUR: {}
[2026-05-22 10:26:54] MOVE 29: Gruppe 67 (purple) 96->92 [0.00ms]
[2026-05-22 10:26:54] SCORE Group7 (lawn green): Final=313.9, Time=97.9, Moves(5)=0.0, Pins(0)=0.0, Dist=216.0, Win Bonus=0.0
[2026-05-22 10:26:54] SCORE Robert (gray0): Final=312.6, Time=98.6, Moves(5)=0.0, Pins(0)=0.0, Dist=214.0, Win Bonus=0.0
[2026-05-22 10:26:54] SCORE group 99 (red): Final=298.6, Time=94.6, Moves(4)=0.0, Pins(0)=0.0, Dist=204.0, Win Bonus=0.0
[2026-05-22 10:26:54] SCORE Gruppe 10 (blue): Final=296.8, Time=98.8, Moves(5)=0.0, Pins(0)=0.0, Dist=198.0, Win Bonus=0.0
[2026-05-22 10:26:54] SCORE StockWish (yellow): Final=307.2, Time=99.2, Moves(5)=0.0, Pins(0)=0.0, Dist=208.0, Win Bonus=0.0
[2026-05-22 10:26:54] SCORE Gruppe 67 (purple): Final=311.9, Time=95.9, Moves(5)=0.0, Pins(0)=0.0, Dist=216.0, Win Bonus=0.0
[2026-05-22 10:26:54] ALL WRONG MOVES BY COLOUR: {}
[2026-05-22 10:26:56] MOVE 30: group 99 (red) 115->79 [0.01ms]
[2026-05-22 10:26:56] SCORE Group7 (lawn green): Final=313.9, Time=97.9, Moves(5)=0.0, Pins(0)=0.0, Dist=216.0, Win Bonus=0.0
[2026-05-22 10:26:56] SCORE Robert (gray0): Final=312.6, Time=98.6, Moves(5)=0.0, Pins(0)=0.0, Dist=214.0, Win Bonus=0.0
[2026-05-22 10:26:56] SCORE group 99 (red): Final=305.3, Time=93.3, Moves(5)=0.0, Pins(0)=0.0, Dist=212.0, Win Bonus=0.0
[2026-05-22 10:26:56] SCORE Gruppe 10 (blue): Final=296.8, Time=98.8, Moves(5)=0.0, Pins(0)=0.0, Dist=198.0, Win Bonus=0.0
[2026-05-22 10:26:56] SCORE StockWish (yellow): Final=307.2, Time=99.2, Moves(5)=0.0, Pins(0)=0.0, Dist=208.0, Win Bonus=0.0
[2026-05-22 10:26:56] SCORE Gruppe 67 (purple): Final=311.9, Time=95.9, Moves(5)=0.0, Pins(0)=0.0, Dist=216.0, Win Bonus=0.0
[2026-05-22 10:26:56] ALL WRONG MOVES BY COLOUR: {}
[2026-05-22 10:26:56] MOVE 31: Group7 (lawn green) 33->72 [0.00ms]
[2026-05-22 10:26:56] SCORE Group7 (lawn green): Final=321.5, Time=97.5, Moves(6)=0.0, Pins(0)=0.0, Dist=224.0, Win Bonus=0.0
[2026-05-22 10:26:56] SCORE Robert (gray0): Final=312.6, Time=98.6, Moves(5)=0.0, Pins(0)=0.0, Dist=214.0, Win Bonus=0.0
[2026-05-22 10:26:56] SCORE group 99 (red): Final=305.3, Time=93.3, Moves(5)=0.0, Pins(0)=0.0, Dist=212.0, Win Bonus=0.0
[2026-05-22 10:26:56] SCORE Gruppe 10 (blue): Final=296.8, Time=98.8, Moves(5)=0.0, Pins(0)=0.0, Dist=198.0, Win Bonus=0.0
[2026-05-22 10:26:56] SCORE StockWish (yellow): Final=307.2, Time=99.2, Moves(5)=0.0, Pins(0)=0.0, Dist=208.0, Win Bonus=0.0
[2026-05-22 10:26:56] SCORE Gruppe 67 (purple): Final=311.9, Time=95.9, Moves(5)=0.0, Pins(0)=0.0, Dist=216.0, Win Bonus=0.0
[2026-05-22 10:26:56] ALL WRONG MOVES BY COLOUR: {}
[2026-05-22 10:26:56] MOVE 32: StockWish (yellow) 24->49 [0.00ms]
[2026-05-22 10:26:56] SCORE Group7 (lawn green): Final=321.5, Time=97.5, Moves(6)=0.0, Pins(0)=0.0, Dist=224.0, Win Bonus=0.0
[2026-05-22 10:26:56] SCORE Robert (gray0): Final=312.6, Time=98.6, Moves(5)=0.0, Pins(0)=0.0, Dist=214.0, Win Bonus=0.0
[2026-05-22 10:26:56] SCORE group 99 (red): Final=305.3, Time=93.3, Moves(5)=0.0, Pins(0)=0.0, Dist=212.0, Win Bonus=0.0
[2026-05-22 10:26:56] SCORE Gruppe 10 (blue): Final=296.8, Time=98.8, Moves(5)=0.0, Pins(0)=0.0, Dist=198.0, Win Bonus=0.0
[2026-05-22 10:26:56] SCORE StockWish (yellow): Final=315.1, Time=99.1, Moves(6)=0.0, Pins(0)=0.0, Dist=216.0, Win Bonus=0.0
[2026-05-22 10:26:56] SCORE Gruppe 67 (purple): Final=311.9, Time=95.9, Moves(5)=0.0, Pins(0)=0.0, Dist=216.0, Win Bonus=0.0
[2026-05-22 10:26:56] ALL WRONG MOVES BY COLOUR: {}
[2026-05-22 10:26:56] MOVE 33: Gruppe 10 (blue) 16->39 [0.00ms]
[2026-05-22 10:26:56] SCORE Group7 (lawn green): Final=321.5, Time=97.5, Moves(6)=0.0, Pins(0)=0.0, Dist=224.0, Win Bonus=0.0
[2026-05-22 10:26:56] SCORE Robert (gray0): Final=312.6, Time=98.6, Moves(5)=0.0, Pins(0)=0.0, Dist=214.0, Win Bonus=0.0
[2026-05-22 10:26:56] SCORE group 99 (red): Final=305.3, Time=93.3, Moves(5)=0.0, Pins(0)=0.0, Dist=212.0, Win Bonus=0.0
[2026-05-22 10:26:56] SCORE Gruppe 10 (blue): Final=300.7, Time=98.7, Moves(6)=0.0, Pins(0)=0.0, Dist=202.0, Win Bonus=0.0
[2026-05-22 10:26:56] SCORE StockWish (yellow): Final=315.1, Time=99.1, Moves(6)=0.0, Pins(0)=0.0, Dist=216.0, Win Bonus=0.0
[2026-05-22 10:26:56] SCORE Gruppe 67 (purple): Final=311.9, Time=95.9, Moves(5)=0.0, Pins(0)=0.0, Dist=216.0, Win Bonus=0.0
[2026-05-22 10:26:56] ALL WRONG MOVES BY COLOUR: {}
[2026-05-22 10:26:57] MOVE 34: Robert (gray0) 87->93 [0.00ms]
[2026-05-22 10:26:57] SCORE Group7 (lawn green): Final=321.5, Time=97.5, Moves(6)=0.0, Pins(0)=0.0, Dist=224.0, Win Bonus=0.0
[2026-05-22 10:26:57] SCORE Robert (gray0): Final=324.4, Time=98.4, Moves(6)=0.0, Pins(0)=0.0, Dist=226.0, Win Bonus=0.0
[2026-05-22 10:26:57] SCORE group 99 (red): Final=305.3, Time=93.3, Moves(5)=0.0, Pins(0)=0.0, Dist=212.0, Win Bonus=0.0
[2026-05-22 10:26:57] SCORE Gruppe 10 (blue): Final=300.7, Time=98.7, Moves(6)=0.0, Pins(0)=0.0, Dist=202.0, Win Bonus=0.0
[2026-05-22 10:26:57] SCORE StockWish (yellow): Final=315.1, Time=99.1, Moves(6)=0.0, Pins(0)=0.0, Dist=216.0, Win Bonus=0.0
[2026-05-22 10:26:57] SCORE Gruppe 67 (purple): Final=311.9, Time=95.9, Moves(5)=0.0, Pins(0)=0.0, Dist=216.0, Win Bonus=0.0
[2026-05-22 10:26:57] ALL WRONG MOVES BY COLOUR: {}
[2026-05-22 10:26:57] MOVE 35: Gruppe 67 (purple) 105->78 [0.01ms]
[2026-05-22 10:26:57] SCORE Group7 (lawn green): Final=321.5, Time=97.5, Moves(6)=0.0, Pins(0)=0.0, Dist=224.0, Win Bonus=0.0
[2026-05-22 10:26:57] SCORE Robert (gray0): Final=324.4, Time=98.4, Moves(6)=0.0, Pins(0)=0.0, Dist=226.0, Win Bonus=0.0
[2026-05-22 10:26:57] SCORE group 99 (red): Final=305.3, Time=93.3, Moves(5)=0.0, Pins(0)=0.0, Dist=212.0, Win Bonus=0.0
[2026-05-22 10:26:57] SCORE Gruppe 10 (blue): Final=300.7, Time=98.7, Moves(6)=0.0, Pins(0)=0.0, Dist=202.0, Win Bonus=0.0
[2026-05-22 10:26:57] SCORE StockWish (yellow): Final=315.1, Time=99.1, Moves(6)=0.0, Pins(0)=0.0, Dist=216.0, Win Bonus=0.0
[2026-05-22 10:26:57] SCORE Gruppe 67 (purple): Final=319.3, Time=95.3, Moves(6)=0.0, Pins(0)=0.0, Dist=224.0, Win Bonus=0.0
[2026-05-22 10:26:57] ALL WRONG MOVES BY COLOUR: {}
[2026-05-22 10:26:58] MOVE 36: group 99 (red) 116->63 [0.00ms]
[2026-05-22 10:26:58] SCORE Group7 (lawn green): Final=321.5, Time=97.5, Moves(6)=0.0, Pins(0)=0.0, Dist=224.0, Win Bonus=0.0
[2026-05-22 10:26:58] SCORE Robert (gray0): Final=324.4, Time=98.4, Moves(6)=0.0, Pins(0)=0.0, Dist=226.0, Win Bonus=0.0
[2026-05-22 10:26:58] SCORE group 99 (red): Final=316.0, Time=92.0, Moves(6)=0.0, Pins(0)=0.0, Dist=224.0, Win Bonus=0.0
[2026-05-22 10:26:58] SCORE Gruppe 10 (blue): Final=300.7, Time=98.7, Moves(6)=0.0, Pins(0)=0.0, Dist=202.0, Win Bonus=0.0
[2026-05-22 10:26:58] SCORE StockWish (yellow): Final=315.1, Time=99.1, Moves(6)=0.0, Pins(0)=0.0, Dist=216.0, Win Bonus=0.0
[2026-05-22 10:26:58] SCORE Gruppe 67 (purple): Final=319.3, Time=95.3, Moves(6)=0.0, Pins(0)=0.0, Dist=224.0, Win Bonus=0.0
[2026-05-22 10:26:58] ALL WRONG MOVES BY COLOUR: {}
[2026-05-22 10:26:59] MOVE 37: Group7 (lawn green) 32->53 [0.01ms]
[2026-05-22 10:26:59] SCORE Group7 (lawn green): Final=325.0, Time=97.0, Moves(7)=0.0, Pins(0)=0.0, Dist=228.0, Win Bonus=0.0
[2026-05-22 10:26:59] SCORE Robert (gray0): Final=324.4, Time=98.4, Moves(6)=0.0, Pins(0)=0.0, Dist=226.0, Win Bonus=0.0
[2026-05-22 10:26:59] SCORE group 99 (red): Final=316.0, Time=92.0, Moves(6)=0.0, Pins(0)=0.0, Dist=224.0, Win Bonus=0.0
[2026-05-22 10:26:59] SCORE Gruppe 10 (blue): Final=300.7, Time=98.7, Moves(6)=0.0, Pins(0)=0.0, Dist=202.0, Win Bonus=0.0
[2026-05-22 10:26:59] SCORE StockWish (yellow): Final=315.1, Time=99.1, Moves(6)=0.0, Pins(0)=0.0, Dist=216.0, Win Bonus=0.0
[2026-05-22 10:26:59] SCORE Gruppe 67 (purple): Final=319.3, Time=95.3, Moves(6)=0.0, Pins(0)=0.0, Dist=224.0, Win Bonus=0.0
[2026-05-22 10:26:59] ALL WRONG MOVES BY COLOUR: {}
[2026-05-22 10:27:00] MOVE 38: StockWish (yellow) 35->37 [0.00ms]
[2026-05-22 10:27:00] SCORE Group7 (lawn green): Final=325.0, Time=97.0, Moves(7)=0.0, Pins(0)=0.0, Dist=228.0, Win Bonus=0.0
[2026-05-22 10:27:00] SCORE Robert (gray0): Final=324.4, Time=98.4, Moves(6)=0.0, Pins(0)=0.0, Dist=226.0, Win Bonus=0.0
[2026-05-22 10:27:00] SCORE group 99 (red): Final=316.0, Time=92.0, Moves(6)=0.0, Pins(0)=0.0, Dist=224.0, Win Bonus=0.0
[2026-05-22 10:27:00] SCORE Gruppe 10 (blue): Final=300.7, Time=98.7, Moves(6)=0.0, Pins(0)=0.0, Dist=202.0, Win Bonus=0.0
[2026-05-22 10:27:00] SCORE StockWish (yellow): Final=318.2, Time=98.2, Moves(7)=0.0, Pins(0)=0.0, Dist=220.0, Win Bonus=0.0
[2026-05-22 10:27:00] SCORE Gruppe 67 (purple): Final=319.3, Time=95.3, Moves(6)=0.0, Pins(0)=0.0, Dist=224.0, Win Bonus=0.0
[2026-05-22 10:27:00] ALL WRONG MOVES BY COLOUR: {}
[2026-05-22 10:27:00] MOVE 39: Gruppe 10 (blue) 8->16 [0.01ms]
[2026-05-22 10:27:00] SCORE Group7 (lawn green): Final=325.0, Time=97.0, Moves(7)=0.0, Pins(0)=0.0, Dist=228.0, Win Bonus=0.0
[2026-05-22 10:27:00] SCORE Robert (gray0): Final=324.4, Time=98.4, Moves(6)=0.0, Pins(0)=0.0, Dist=226.0, Win Bonus=0.0
[2026-05-22 10:27:00] SCORE group 99 (red): Final=316.0, Time=92.0, Moves(6)=0.0, Pins(0)=0.0, Dist=224.0, Win Bonus=0.0
[2026-05-22 10:27:00] SCORE Gruppe 10 (blue): Final=302.5, Time=98.5, Moves(7)=0.0, Pins(0)=0.0, Dist=204.0, Win Bonus=0.0
[2026-05-22 10:27:00] SCORE StockWish (yellow): Final=318.2, Time=98.2, Moves(7)=0.0, Pins(0)=0.0, Dist=220.0, Win Bonus=0.0
[2026-05-22 10:27:00] SCORE Gruppe 67 (purple): Final=319.3, Time=95.3, Moves(6)=0.0, Pins(0)=0.0, Dist=224.0, Win Bonus=0.0
[2026-05-22 10:27:00] ALL WRONG MOVES BY COLOUR: {}
[2026-05-22 10:27:00] MOVE 40: Robert (gray0) 50->33 [0.00ms]
[2026-05-22 10:27:00] SCORE Group7 (lawn green): Final=325.0, Time=97.0, Moves(7)=0.0, Pins(0)=0.0, Dist=228.0, Win Bonus=0.0
[2026-05-22 10:27:00] SCORE Robert (gray0): Final=434.0, Time=98.0, Moves(7)=0.0, Pins(1)=100.0, Dist=236.0, Win Bonus=0.0
[2026-05-22 10:27:00] SCORE group 99 (red): Final=316.0, Time=92.0, Moves(6)=0.0, Pins(0)=0.0, Dist=224.0, Win Bonus=0.0
[2026-05-22 10:27:00] SCORE Gruppe 10 (blue): Final=302.5, Time=98.5, Moves(7)=0.0, Pins(0)=0.0, Dist=204.0, Win Bonus=0.0
[2026-05-22 10:27:00] SCORE StockWish (yellow): Final=318.2, Time=98.2, Moves(7)=0.0, Pins(0)=0.0, Dist=220.0, Win Bonus=0.0
[2026-05-22 10:27:00] SCORE Gruppe 67 (purple): Final=319.3, Time=95.3, Moves(6)=0.0, Pins(0)=0.0, Dist=224.0, Win Bonus=0.0
[2026-05-22 10:27:00] ALL WRONG MOVES BY COLOUR: {}
[2026-05-22 10:27:01] MOVE 41: Gruppe 67 (purple) 95->66 [0.00ms]
[2026-05-22 10:27:01] SCORE Group7 (lawn green): Final=325.0, Time=97.0, Moves(7)=0.0, Pins(0)=0.0, Dist=228.0, Win Bonus=0.0
[2026-05-22 10:27:01] SCORE Robert (gray0): Final=434.0, Time=98.0, Moves(7)=0.0, Pins(1)=100.0, Dist=236.0, Win Bonus=0.0
[2026-05-22 10:27:01] SCORE group 99 (red): Final=316.0, Time=92.0, Moves(6)=0.0, Pins(0)=0.0, Dist=224.0, Win Bonus=0.0
[2026-05-22 10:27:01] SCORE Gruppe 10 (blue): Final=302.5, Time=98.5, Moves(7)=0.0, Pins(0)=0.0, Dist=204.0, Win Bonus=0.0
[2026-05-22 10:27:01] SCORE StockWish (yellow): Final=318.2, Time=98.2, Moves(7)=0.0, Pins(0)=0.0, Dist=220.0, Win Bonus=0.0
[2026-05-22 10:27:01] SCORE Gruppe 67 (purple): Final=334.4, Time=94.4, Moves(7)=0.0, Pins(0)=0.0, Dist=240.0, Win Bonus=0.0
[2026-05-22 10:27:01] ALL WRONG MOVES BY COLOUR: {}
[2026-05-22 10:27:03] MOVE 42: group 99 (red) 90->26 [0.00ms]
[2026-05-22 10:27:03] SCORE Group7 (lawn green): Final=325.0, Time=97.0, Moves(7)=0.0, Pins(0)=0.0, Dist=228.0, Win Bonus=0.0
[2026-05-22 10:27:03] SCORE Robert (gray0): Final=434.0, Time=98.0, Moves(7)=0.0, Pins(1)=100.0, Dist=236.0, Win Bonus=0.0
[2026-05-22 10:27:03] SCORE group 99 (red): Final=326.6, Time=90.6, Moves(7)=0.0, Pins(0)=0.0, Dist=236.0, Win Bonus=0.0
[2026-05-22 10:27:03] SCORE Gruppe 10 (blue): Final=302.5, Time=98.5, Moves(7)=0.0, Pins(0)=0.0, Dist=204.0, Win Bonus=0.0
[2026-05-22 10:27:03] SCORE StockWish (yellow): Final=318.2, Time=98.2, Moves(7)=0.0, Pins(0)=0.0, Dist=220.0, Win Bonus=0.0
[2026-05-22 10:27:03] SCORE Gruppe 67 (purple): Final=334.4, Time=94.4, Moves(7)=0.0, Pins(0)=0.0, Dist=240.0, Win Bonus=0.0
[2026-05-22 10:27:03] ALL WRONG MOVES BY COLOUR: {}
[2026-05-22 10:27:03] MOVE 43: Group7 (lawn green) 72->87 [0.00ms]
[2026-05-22 10:27:03] SCORE Group7 (lawn green): Final=438.6, Time=96.6, Moves(8)=0.0, Pins(1)=100.0, Dist=242.0, Win Bonus=0.0
[2026-05-22 10:27:03] SCORE Robert (gray0): Final=434.0, Time=98.0, Moves(7)=0.0, Pins(1)=100.0, Dist=236.0, Win Bonus=0.0
[2026-05-22 10:27:03] SCORE group 99 (red): Final=326.6, Time=90.6, Moves(7)=0.0, Pins(0)=0.0, Dist=236.0, Win Bonus=0.0
[2026-05-22 10:27:03] SCORE Gruppe 10 (blue): Final=302.5, Time=98.5, Moves(7)=0.0, Pins(0)=0.0, Dist=204.0, Win Bonus=0.0
[2026-05-22 10:27:03] SCORE StockWish (yellow): Final=318.2, Time=98.2, Moves(7)=0.0, Pins(0)=0.0, Dist=220.0, Win Bonus=0.0
[2026-05-22 10:27:03] SCORE Gruppe 67 (purple): Final=334.4, Time=94.4, Moves(7)=0.0, Pins(0)=0.0, Dist=240.0, Win Bonus=0.0
[2026-05-22 10:27:03] ALL WRONG MOVES BY COLOUR: {}
[2026-05-22 10:27:03] MOVE 44: StockWish (yellow) 49->94 [0.00ms]
[2026-05-22 10:27:03] SCORE Group7 (lawn green): Final=438.6, Time=96.6, Moves(8)=0.0, Pins(1)=100.0, Dist=242.0, Win Bonus=0.0
[2026-05-22 10:27:03] SCORE Robert (gray0): Final=434.0, Time=98.0, Moves(7)=0.0, Pins(1)=100.0, Dist=236.0, Win Bonus=0.0
[2026-05-22 10:27:03] SCORE group 99 (red): Final=326.6, Time=90.6, Moves(7)=0.0, Pins(0)=0.0, Dist=236.0, Win Bonus=0.0
[2026-05-22 10:27:03] SCORE Gruppe 10 (blue): Final=302.5, Time=98.5, Moves(7)=0.0, Pins(0)=0.0, Dist=204.0, Win Bonus=0.0
[2026-05-22 10:27:03] SCORE StockWish (yellow): Final=330.1, Time=98.1, Moves(8)=0.0, Pins(0)=0.0, Dist=232.0, Win Bonus=0.0
[2026-05-22 10:27:03] SCORE Gruppe 67 (purple): Final=334.4, Time=94.4, Moves(7)=0.0, Pins(0)=0.0, Dist=240.0, Win Bonus=0.0
[2026-05-22 10:27:03] ALL WRONG MOVES BY COLOUR: {}
[2026-05-22 10:27:03] MOVE 45: Gruppe 10 (blue) 28->112 [0.00ms]
[2026-05-22 10:27:03] SCORE Group7 (lawn green): Final=438.6, Time=96.6, Moves(8)=0.0, Pins(1)=100.0, Dist=242.0, Win Bonus=0.0
[2026-05-22 10:27:03] SCORE Robert (gray0): Final=434.0, Time=98.0, Moves(7)=0.0, Pins(1)=100.0, Dist=236.0, Win Bonus=0.0
[2026-05-22 10:27:03] SCORE group 99 (red): Final=326.6, Time=90.6, Moves(7)=0.0, Pins(0)=0.0, Dist=236.0, Win Bonus=0.0
[2026-05-22 10:27:03] SCORE Gruppe 10 (blue): Final=418.4, Time=98.4, Moves(8)=0.0, Pins(1)=100.0, Dist=220.0, Win Bonus=0.0
[2026-05-22 10:27:03] SCORE StockWish (yellow): Final=330.1, Time=98.1, Moves(8)=0.0, Pins(0)=0.0, Dist=232.0, Win Bonus=0.0
[2026-05-22 10:27:03] SCORE Gruppe 67 (purple): Final=334.4, Time=94.4, Moves(7)=0.0, Pins(0)=0.0, Dist=240.0, Win Bonus=0.0
[2026-05-22 10:27:03] ALL WRONG MOVES BY COLOUR: {}
[2026-05-22 10:27:04] MOVE 46: Robert (gray0) 88->32 [0.00ms]
[2026-05-22 10:27:04] SCORE Group7 (lawn green): Final=438.6, Time=96.6, Moves(8)=0.0, Pins(1)=100.0, Dist=242.0, Win Bonus=0.0
[2026-05-22 10:27:04] SCORE Robert (gray0): Final=553.5, Time=97.5, Moves(8)=0.0, Pins(2)=200.0, Dist=256.0, Win Bonus=0.0
[2026-05-22 10:27:04] SCORE group 99 (red): Final=326.6, Time=90.6, Moves(7)=0.0, Pins(0)=0.0, Dist=236.0, Win Bonus=0.0
[2026-05-22 10:27:04] SCORE Gruppe 10 (blue): Final=418.4, Time=98.4, Moves(8)=0.0, Pins(1)=100.0, Dist=220.0, Win Bonus=0.0
[2026-05-22 10:27:04] SCORE StockWish (yellow): Final=330.1, Time=98.1, Moves(8)=0.0, Pins(0)=0.0, Dist=232.0, Win Bonus=0.0
[2026-05-22 10:27:04] SCORE Gruppe 67 (purple): Final=334.4, Time=94.4, Moves(7)=0.0, Pins(0)=0.0, Dist=240.0, Win Bonus=0.0
[2026-05-22 10:27:04] ALL WRONG MOVES BY COLOUR: {}
[2026-05-22 10:27:04] MOVE 47: Gruppe 67 (purple) 84->80 [0.01ms]
[2026-05-22 10:27:04] SCORE Group7 (lawn green): Final=438.6, Time=96.6, Moves(8)=0.0, Pins(1)=100.0, Dist=242.0, Win Bonus=0.0
[2026-05-22 10:27:04] SCORE Robert (gray0): Final=553.5, Time=97.5, Moves(8)=0.0, Pins(2)=200.0, Dist=256.0, Win Bonus=0.0
[2026-05-22 10:27:04] SCORE group 99 (red): Final=326.6, Time=90.6, Moves(7)=0.0, Pins(0)=0.0, Dist=236.0, Win Bonus=0.0
[2026-05-22 10:27:04] SCORE Gruppe 10 (blue): Final=418.4, Time=98.4, Moves(8)=0.0, Pins(1)=100.0, Dist=220.0, Win Bonus=0.0
[2026-05-22 10:27:04] SCORE StockWish (yellow): Final=330.1, Time=98.1, Moves(8)=0.0, Pins(0)=0.0, Dist=232.0, Win Bonus=0.0
[2026-05-22 10:27:04] SCORE Gruppe 67 (purple): Final=341.8, Time=93.8, Moves(8)=0.0, Pins(0)=0.0, Dist=248.0, Win Bonus=0.0
[2026-05-22 10:27:04] ALL WRONG MOVES BY COLOUR: {}
[2026-05-22 10:27:06] MOVE 48: group 99 (red) 26->6 [0.00ms]
[2026-05-22 10:27:06] SCORE Group7 (lawn green): Final=438.6, Time=96.6, Moves(8)=0.0, Pins(1)=100.0, Dist=242.0, Win Bonus=0.0
[2026-05-22 10:27:06] SCORE Robert (gray0): Final=553.5, Time=97.5, Moves(8)=0.0, Pins(2)=200.0, Dist=256.0, Win Bonus=0.0
[2026-05-22 10:27:06] SCORE group 99 (red): Final=429.5, Time=89.5, Moves(8)=0.0, Pins(1)=100.0, Dist=240.0, Win Bonus=0.0
[2026-05-22 10:27:06] SCORE Gruppe 10 (blue): Final=418.4, Time=98.4, Moves(8)=0.0, Pins(1)=100.0, Dist=220.0, Win Bonus=0.0
[2026-05-22 10:27:06] SCORE StockWish (yellow): Final=330.1, Time=98.1, Moves(8)=0.0, Pins(0)=0.0, Dist=232.0, Win Bonus=0.0
[2026-05-22 10:27:06] SCORE Gruppe 67 (purple): Final=341.8, Time=93.8, Moves(8)=0.0, Pins(0)=0.0, Dist=248.0, Win Bonus=0.0
[2026-05-22 10:27:06] ALL WRONG MOVES BY COLOUR: {}
[2026-05-22 10:27:06] MOVE 49: Group7 (lawn green) 43->62 [0.00ms]
[2026-05-22 10:27:06] SCORE Group7 (lawn green): Final=442.0, Time=96.0, Moves(9)=0.0, Pins(1)=100.0, Dist=246.0, Win Bonus=0.0
[2026-05-22 10:27:06] SCORE Robert (gray0): Final=553.5, Time=97.5, Moves(8)=0.0, Pins(2)=200.0, Dist=256.0, Win Bonus=0.0
[2026-05-22 10:27:06] SCORE group 99 (red): Final=429.5, Time=89.5, Moves(8)=0.0, Pins(1)=100.0, Dist=240.0, Win Bonus=0.0
[2026-05-22 10:27:06] SCORE Gruppe 10 (blue): Final=418.4, Time=98.4, Moves(8)=0.0, Pins(1)=100.0, Dist=220.0, Win Bonus=0.0
[2026-05-22 10:27:06] SCORE StockWish (yellow): Final=330.1, Time=98.1, Moves(8)=0.0, Pins(0)=0.0, Dist=232.0, Win Bonus=0.0
[2026-05-22 10:27:06] SCORE Gruppe 67 (purple): Final=341.8, Time=93.8, Moves(8)=0.0, Pins(0)=0.0, Dist=248.0, Win Bonus=0.0
[2026-05-22 10:27:06] ALL WRONG MOVES BY COLOUR: {}
[2026-05-22 10:27:06] MOVE 50: StockWish (yellow) 10->11 [0.00ms]
[2026-05-22 10:27:06] SCORE Group7 (lawn green): Final=442.0, Time=96.0, Moves(9)=0.0, Pins(1)=100.0, Dist=246.0, Win Bonus=0.0
[2026-05-22 10:27:06] SCORE Robert (gray0): Final=553.5, Time=97.5, Moves(8)=0.0, Pins(2)=200.0, Dist=256.0, Win Bonus=0.0
[2026-05-22 10:27:06] SCORE group 99 (red): Final=429.5, Time=89.5, Moves(8)=0.0, Pins(1)=100.0, Dist=240.0, Win Bonus=0.0
[2026-05-22 10:27:06] SCORE Gruppe 10 (blue): Final=418.4, Time=98.4, Moves(8)=0.0, Pins(1)=100.0, Dist=220.0, Win Bonus=0.0
[2026-05-22 10:27:06] SCORE StockWish (yellow): Final=332.0, Time=98.0, Moves(9)=0.0, Pins(0)=0.0, Dist=234.0, Win Bonus=0.0
[2026-05-22 10:27:06] SCORE Gruppe 67 (purple): Final=341.8, Time=93.8, Moves(8)=0.0, Pins(0)=0.0, Dist=248.0, Win Bonus=0.0
[2026-05-22 10:27:06] ALL WRONG MOVES BY COLOUR: {}
[2026-05-22 10:27:06] MOVE 51: Gruppe 10 (blue) 1->28 [0.00ms]
[2026-05-22 10:27:06] SCORE Group7 (lawn green): Final=442.0, Time=96.0, Moves(9)=0.0, Pins(1)=100.0, Dist=246.0, Win Bonus=0.0
[2026-05-22 10:27:06] SCORE Robert (gray0): Final=553.5, Time=97.5, Moves(8)=0.0, Pins(2)=200.0, Dist=256.0, Win Bonus=0.0
[2026-05-22 10:27:06] SCORE group 99 (red): Final=429.5, Time=89.5, Moves(8)=0.0, Pins(1)=100.0, Dist=240.0, Win Bonus=0.0
[2026-05-22 10:27:06] SCORE Gruppe 10 (blue): Final=426.2, Time=98.2, Moves(9)=0.0, Pins(1)=100.0, Dist=228.0, Win Bonus=0.0
[2026-05-22 10:27:06] SCORE StockWish (yellow): Final=332.0, Time=98.0, Moves(9)=0.0, Pins(0)=0.0, Dist=234.0, Win Bonus=0.0
[2026-05-22 10:27:06] SCORE Gruppe 67 (purple): Final=341.8, Time=93.8, Moves(8)=0.0, Pins(0)=0.0, Dist=248.0, Win Bonus=0.0
[2026-05-22 10:27:06] ALL WRONG MOVES BY COLOUR: {}
[2026-05-22 10:27:07] MOVE 52: Robert (gray0) 56->5 [0.00ms]
[2026-05-22 10:27:07] SCORE Group7 (lawn green): Final=442.0, Time=96.0, Moves(9)=0.0, Pins(1)=100.0, Dist=246.0, Win Bonus=0.0
[2026-05-22 10:27:07] SCORE Robert (gray0): Final=565.0, Time=97.0, Moves(9)=0.0, Pins(2)=200.0, Dist=268.0, Win Bonus=0.0
[2026-05-22 10:27:07] SCORE group 99 (red): Final=429.5, Time=89.5, Moves(8)=0.0, Pins(1)=100.0, Dist=240.0, Win Bonus=0.0
[2026-05-22 10:27:07] SCORE Gruppe 10 (blue): Final=426.2, Time=98.2, Moves(9)=0.0, Pins(1)=100.0, Dist=228.0, Win Bonus=0.0
[2026-05-22 10:27:07] SCORE StockWish (yellow): Final=332.0, Time=98.0, Moves(9)=0.0, Pins(0)=0.0, Dist=234.0, Win Bonus=0.0
[2026-05-22 10:27:07] SCORE Gruppe 67 (purple): Final=341.8, Time=93.8, Moves(8)=0.0, Pins(0)=0.0, Dist=248.0, Win Bonus=0.0
[2026-05-22 10:27:07] ALL WRONG MOVES BY COLOUR: {}
[2026-05-22 10:27:08] MOVE 53: Gruppe 67 (purple) 92->24 [0.00ms]
[2026-05-22 10:27:08] SCORE Group7 (lawn green): Final=442.0, Time=96.0, Moves(9)=0.0, Pins(1)=100.0, Dist=246.0, Win Bonus=0.0
[2026-05-22 10:27:08] SCORE Robert (gray0): Final=565.0, Time=97.0, Moves(9)=0.0, Pins(2)=200.0, Dist=268.0, Win Bonus=0.0
[2026-05-22 10:27:08] SCORE group 99 (red): Final=429.5, Time=89.5, Moves(8)=0.0, Pins(1)=100.0, Dist=240.0, Win Bonus=0.0
[2026-05-22 10:27:08] SCORE Gruppe 10 (blue): Final=426.2, Time=98.2, Moves(9)=0.0, Pins(1)=100.0, Dist=228.0, Win Bonus=0.0
[2026-05-22 10:27:08] SCORE StockWish (yellow): Final=332.0, Time=98.0, Moves(9)=0.0, Pins(0)=0.0, Dist=234.0, Win Bonus=0.0
[2026-05-22 10:27:08] SCORE Gruppe 67 (purple): Final=455.0, Time=93.0, Moves(9)=0.0, Pins(1)=100.0, Dist=262.0, Win Bonus=0.0
[2026-05-22 10:27:08] ALL WRONG MOVES BY COLOUR: {}
[2026-05-22 10:27:09] MOVE 54: group 99 (red) 79->3 [0.00ms]
[2026-05-22 10:27:09] SCORE Group7 (lawn green): Final=442.0, Time=96.0, Moves(9)=0.0, Pins(1)=100.0, Dist=246.0, Win Bonus=0.0
[2026-05-22 10:27:09] SCORE Robert (gray0): Final=565.0, Time=97.0, Moves(9)=0.0, Pins(2)=200.0, Dist=268.0, Win Bonus=0.0
[2026-05-22 10:27:09] SCORE group 99 (red): Final=542.0, Time=88.0, Moves(9)=0.0, Pins(2)=200.0, Dist=254.0, Win Bonus=0.0
[2026-05-22 10:27:09] SCORE Gruppe 10 (blue): Final=426.2, Time=98.2, Moves(9)=0.0, Pins(1)=100.0, Dist=228.0, Win Bonus=0.0
[2026-05-22 10:27:09] SCORE StockWish (yellow): Final=332.0, Time=98.0, Moves(9)=0.0, Pins(0)=0.0, Dist=234.0, Win Bonus=0.0
[2026-05-22 10:27:09] SCORE Gruppe 67 (purple): Final=455.0, Time=93.0, Moves(9)=0.0, Pins(1)=100.0, Dist=262.0, Win Bonus=0.0
[2026-05-22 10:27:09] ALL WRONG MOVES BY COLOUR: {}
[2026-05-22 10:27:10] MOVE 55: Group7 (lawn green) 44->42 [0.00ms]
[2026-05-22 10:27:10] SCORE Group7 (lawn green): Final=445.5, Time=95.5, Moves(10)=0.0, Pins(1)=100.0, Dist=250.0, Win Bonus=0.0
[2026-05-22 10:27:10] SCORE Robert (gray0): Final=565.0, Time=97.0, Moves(9)=0.0, Pins(2)=200.0, Dist=268.0, Win Bonus=0.0
[2026-05-22 10:27:10] SCORE group 99 (red): Final=542.0, Time=88.0, Moves(9)=0.0, Pins(2)=200.0, Dist=254.0, Win Bonus=0.0
[2026-05-22 10:27:10] SCORE Gruppe 10 (blue): Final=426.2, Time=98.2, Moves(9)=0.0, Pins(1)=100.0, Dist=228.0, Win Bonus=0.0
[2026-05-22 10:27:10] SCORE StockWish (yellow): Final=332.0, Time=98.0, Moves(9)=0.0, Pins(0)=0.0, Dist=234.0, Win Bonus=0.0
[2026-05-22 10:27:10] SCORE Gruppe 67 (purple): Final=455.0, Time=93.0, Moves(9)=0.0, Pins(1)=100.0, Dist=262.0, Win Bonus=0.0
[2026-05-22 10:27:10] ALL WRONG MOVES BY COLOUR: {}
[2026-05-22 10:27:10] MOVE 56: StockWish (yellow) 37->81 [0.00ms]
[2026-05-22 10:27:10] SCORE Group7 (lawn green): Final=445.5, Time=95.5, Moves(10)=0.0, Pins(1)=100.0, Dist=250.0, Win Bonus=0.0
[2026-05-22 10:27:10] SCORE Robert (gray0): Final=565.0, Time=97.0, Moves(9)=0.0, Pins(2)=200.0, Dist=268.0, Win Bonus=0.0
[2026-05-22 10:27:10] SCORE group 99 (red): Final=542.0, Time=88.0, Moves(9)=0.0, Pins(2)=200.0, Dist=254.0, Win Bonus=0.0
[2026-05-22 10:27:10] SCORE Gruppe 10 (blue): Final=426.2, Time=98.2, Moves(9)=0.0, Pins(1)=100.0, Dist=228.0, Win Bonus=0.0
[2026-05-22 10:27:10] SCORE StockWish (yellow): Final=344.0, Time=98.0, Moves(10)=0.0, Pins(0)=0.0, Dist=246.0, Win Bonus=0.0
[2026-05-22 10:27:10] SCORE Gruppe 67 (purple): Final=455.0, Time=93.0, Moves(9)=0.0, Pins(1)=100.0, Dist=262.0, Win Bonus=0.0
[2026-05-22 10:27:10] ALL WRONG MOVES BY COLOUR: {}
[2026-05-22 10:27:10] MOVE 57: Gruppe 10 (blue) 16->56 [0.00ms]
[2026-05-22 10:27:10] SCORE Group7 (lawn green): Final=445.5, Time=95.5, Moves(10)=0.0, Pins(1)=100.0, Dist=250.0, Win Bonus=0.0
[2026-05-22 10:27:10] SCORE Robert (gray0): Final=565.0, Time=97.0, Moves(9)=0.0, Pins(2)=200.0, Dist=268.0, Win Bonus=0.0
[2026-05-22 10:27:10] SCORE group 99 (red): Final=542.0, Time=88.0, Moves(9)=0.0, Pins(2)=200.0, Dist=254.0, Win Bonus=0.0
[2026-05-22 10:27:10] SCORE Gruppe 10 (blue): Final=434.0, Time=98.0, Moves(10)=0.0, Pins(1)=100.0, Dist=236.0, Win Bonus=0.0
[2026-05-22 10:27:10] SCORE StockWish (yellow): Final=344.0, Time=98.0, Moves(10)=0.0, Pins(0)=0.0, Dist=246.0, Win Bonus=0.0
[2026-05-22 10:27:10] SCORE Gruppe 67 (purple): Final=455.0, Time=93.0, Moves(9)=0.0, Pins(1)=100.0, Dist=262.0, Win Bonus=0.0
[2026-05-22 10:27:10] ALL WRONG MOVES BY COLOUR: {}
[2026-05-22 10:27:10] MOVE 58: Robert (gray0) 101->89 [0.00ms]
[2026-05-22 10:27:10] SCORE Group7 (lawn green): Final=445.5, Time=95.5, Moves(10)=0.0, Pins(1)=100.0, Dist=250.0, Win Bonus=0.0
[2026-05-22 10:27:10] SCORE Robert (gray0): Final=566.7, Time=96.7, Moves(10)=0.0, Pins(2)=200.0, Dist=270.0, Win Bonus=0.0
[2026-05-22 10:27:10] SCORE group 99 (red): Final=542.0, Time=88.0, Moves(9)=0.0, Pins(2)=200.0, Dist=254.0, Win Bonus=0.0
[2026-05-22 10:27:10] SCORE Gruppe 10 (blue): Final=434.0, Time=98.0, Moves(10)=0.0, Pins(1)=100.0, Dist=236.0, Win Bonus=0.0
[2026-05-22 10:27:10] SCORE StockWish (yellow): Final=344.0, Time=98.0, Moves(10)=0.0, Pins(0)=0.0, Dist=246.0, Win Bonus=0.0
[2026-05-22 10:27:10] SCORE Gruppe 67 (purple): Final=455.0, Time=93.0, Moves(9)=0.0, Pins(1)=100.0, Dist=262.0, Win Bonus=0.0
[2026-05-22 10:27:10] ALL WRONG MOVES BY COLOUR: {}
[2026-05-22 10:27:11] MOVE 59: Gruppe 67 (purple) 110->85 [0.01ms]
[2026-05-22 10:27:11] SCORE Group7 (lawn green): Final=445.5, Time=95.5, Moves(10)=0.0, Pins(1)=100.0, Dist=250.0, Win Bonus=0.0
[2026-05-22 10:27:11] SCORE Robert (gray0): Final=566.7, Time=96.7, Moves(10)=0.0, Pins(2)=200.0, Dist=270.0, Win Bonus=0.0
[2026-05-22 10:27:11] SCORE group 99 (red): Final=542.0, Time=88.0, Moves(9)=0.0, Pins(2)=200.0, Dist=254.0, Win Bonus=0.0
[2026-05-22 10:27:11] SCORE Gruppe 10 (blue): Final=434.0, Time=98.0, Moves(10)=0.0, Pins(1)=100.0, Dist=236.0, Win Bonus=0.0
[2026-05-22 10:27:11] SCORE StockWish (yellow): Final=344.0, Time=98.0, Moves(10)=0.0, Pins(0)=0.0, Dist=246.0, Win Bonus=0.0
[2026-05-22 10:27:11] SCORE Gruppe 67 (purple): Final=458.4, Time=92.4, Moves(10)=0.0, Pins(1)=100.0, Dist=266.0, Win Bonus=0.0
[2026-05-22 10:27:11] ALL WRONG MOVES BY COLOUR: {}
[2026-05-22 10:27:12] MOVE 60: group 99 (red) 111->52 [0.00ms]
[2026-05-22 10:27:12] SCORE Group7 (lawn green): Final=445.5, Time=95.5, Moves(10)=0.0, Pins(1)=100.0, Dist=250.0, Win Bonus=0.0
[2026-05-22 10:27:12] SCORE Robert (gray0): Final=566.7, Time=96.7, Moves(10)=0.0, Pins(2)=200.0, Dist=270.0, Win Bonus=0.0
[2026-05-22 10:27:12] SCORE group 99 (red): Final=552.5, Time=86.5, Moves(10)=0.0, Pins(2)=200.0, Dist=266.0, Win Bonus=0.0
[2026-05-22 10:27:12] SCORE Gruppe 10 (blue): Final=434.0, Time=98.0, Moves(10)=0.0, Pins(1)=100.0, Dist=236.0, Win Bonus=0.0
[2026-05-22 10:27:12] SCORE StockWish (yellow): Final=344.0, Time=98.0, Moves(10)=0.0, Pins(0)=0.0, Dist=246.0, Win Bonus=0.0
[2026-05-22 10:27:12] SCORE Gruppe 67 (purple): Final=458.4, Time=92.4, Moves(10)=0.0, Pins(1)=100.0, Dist=266.0, Win Bonus=0.0
[2026-05-22 10:27:12] ALL WRONG MOVES BY COLOUR: {}
[2026-05-22 10:27:13] MOVE 61: Group7 (lawn green) 53->65 [0.00ms]
[2026-05-22 10:27:13] SCORE Group7 (lawn green): Final=560.9, Time=94.9, Moves(11)=0.0, Pins(2)=200.0, Dist=266.0, Win Bonus=0.0
[2026-05-22 10:27:13] SCORE Robert (gray0): Final=566.7, Time=96.7, Moves(10)=0.0, Pins(2)=200.0, Dist=270.0, Win Bonus=0.0
[2026-05-22 10:27:13] SCORE group 99 (red): Final=552.5, Time=86.5, Moves(10)=0.0, Pins(2)=200.0, Dist=266.0, Win Bonus=0.0
[2026-05-22 10:27:13] SCORE Gruppe 10 (blue): Final=434.0, Time=98.0, Moves(10)=0.0, Pins(1)=100.0, Dist=236.0, Win Bonus=0.0
[2026-05-22 10:27:13] SCORE StockWish (yellow): Final=344.0, Time=98.0, Moves(10)=0.0, Pins(0)=0.0, Dist=246.0, Win Bonus=0.0
[2026-05-22 10:27:13] SCORE Gruppe 67 (purple): Final=458.4, Time=92.4, Moves(10)=0.0, Pins(1)=100.0, Dist=266.0, Win Bonus=0.0
[2026-05-22 10:27:13] ALL WRONG MOVES BY COLOUR: {}
[2026-05-22 10:27:13] MOVE 62: StockWish (yellow) 36->37 [0.01ms]
[2026-05-22 10:27:13] SCORE Group7 (lawn green): Final=560.9, Time=94.9, Moves(11)=0.0, Pins(2)=200.0, Dist=266.0, Win Bonus=0.0
[2026-05-22 10:27:13] SCORE Robert (gray0): Final=566.7, Time=96.7, Moves(10)=0.0, Pins(2)=200.0, Dist=270.0, Win Bonus=0.0
[2026-05-22 10:27:13] SCORE group 99 (red): Final=552.5, Time=86.5, Moves(10)=0.0, Pins(2)=200.0, Dist=266.0, Win Bonus=0.0
[2026-05-22 10:27:13] SCORE Gruppe 10 (blue): Final=434.0, Time=98.0, Moves(10)=0.0, Pins(1)=100.0, Dist=236.0, Win Bonus=0.0
[2026-05-22 10:27:13] SCORE StockWish (yellow): Final=345.9, Time=97.9, Moves(11)=0.0, Pins(0)=0.0, Dist=248.0, Win Bonus=0.0
[2026-05-22 10:27:13] SCORE Gruppe 67 (purple): Final=458.4, Time=92.4, Moves(10)=0.0, Pins(1)=100.0, Dist=266.0, Win Bonus=0.0
[2026-05-22 10:27:13] ALL WRONG MOVES BY COLOUR: {}
[2026-05-22 10:27:13] MOVE 63: Gruppe 10 (blue) 27->111 [0.00ms]
[2026-05-22 10:27:13] SCORE Group7 (lawn green): Final=560.9, Time=94.9, Moves(11)=0.0, Pins(2)=200.0, Dist=266.0, Win Bonus=0.0
[2026-05-22 10:27:13] SCORE Robert (gray0): Final=566.7, Time=96.7, Moves(10)=0.0, Pins(2)=200.0, Dist=270.0, Win Bonus=0.0
[2026-05-22 10:27:13] SCORE group 99 (red): Final=552.5, Time=86.5, Moves(10)=0.0, Pins(2)=200.0, Dist=266.0, Win Bonus=0.0
[2026-05-22 10:27:13] SCORE Gruppe 10 (blue): Final=549.9, Time=97.9, Moves(11)=0.0, Pins(2)=200.0, Dist=252.0, Win Bonus=0.0
[2026-05-22 10:27:13] SCORE StockWish (yellow): Final=345.9, Time=97.9, Moves(11)=0.0, Pins(0)=0.0, Dist=248.0, Win Bonus=0.0
[2026-05-22 10:27:13] SCORE Gruppe 67 (purple): Final=458.4, Time=92.4, Moves(10)=0.0, Pins(1)=100.0, Dist=266.0, Win Bonus=0.0
[2026-05-22 10:27:13] ALL WRONG MOVES BY COLOUR: {}
[2026-05-22 10:27:14] MOVE 64: Robert (gray0) 89->9 [0.01ms]
[2026-05-22 10:27:14] SCORE Group7 (lawn green): Final=560.9, Time=94.9, Moves(11)=0.0, Pins(2)=200.0, Dist=266.0, Win Bonus=0.0
[2026-05-22 10:27:14] SCORE Robert (gray0): Final=580.1, Time=96.1, Moves(11)=0.0, Pins(2)=200.0, Dist=284.0, Win Bonus=0.0
[2026-05-22 10:27:14] SCORE group 99 (red): Final=552.5, Time=86.5, Moves(10)=0.0, Pins(2)=200.0, Dist=266.0, Win Bonus=0.0
[2026-05-22 10:27:14] SCORE Gruppe 10 (blue): Final=549.9, Time=97.9, Moves(11)=0.0, Pins(2)=200.0, Dist=252.0, Win Bonus=0.0
[2026-05-22 10:27:14] SCORE StockWish (yellow): Final=345.9, Time=97.9, Moves(11)=0.0, Pins(0)=0.0, Dist=248.0, Win Bonus=0.0
[2026-05-22 10:27:14] SCORE Gruppe 67 (purple): Final=458.4, Time=92.4, Moves(10)=0.0, Pins(1)=100.0, Dist=266.0, Win Bonus=0.0
[2026-05-22 10:27:14] ALL WRONG MOVES BY COLOUR: {}
[2026-05-22 10:27:16] SCORE Group7 (lawn green): Final=560.9, Time=94.9, Moves(11)=0.0, Pins(2)=200.0, Dist=266.0, Win Bonus=0.0
[2026-05-22 10:27:16] SCORE Robert (gray0): Final=580.1, Time=96.1, Moves(11)=0.0, Pins(2)=200.0, Dist=284.0, Win Bonus=0.0
[2026-05-22 10:27:16] SCORE group 99 (red): Final=552.5, Time=86.5, Moves(10)=0.0, Pins(2)=200.0, Dist=266.0, Win Bonus=0.0
[2026-05-22 10:27:16] SCORE Gruppe 10 (blue): Final=549.9, Time=97.9, Moves(11)=0.0, Pins(2)=200.0, Dist=252.0, Win Bonus=0.0
[2026-05-22 10:27:16] SCORE StockWish (yellow): Final=345.9, Time=97.9, Moves(11)=0.0, Pins(0)=0.0, Dist=248.0, Win Bonus=0.0
[2026-05-22 10:27:16] SCORE Gruppe 67 (purple): Final=458.4, Time=92.4, Moves(10)=0.0, Pins(1)=100.0, Dist=266.0, Win Bonus=0.0
[2026-05-22 10:27:16] ALL WRONG MOVES BY COLOUR: {'purple': ['65 (turn timeout)']}
[2026-05-22 10:27:16] TURN TIMEOUT: Player with colour purple exceeded 2s at move 65. Turn skipped.
[2026-05-22 10:27:17] MOVE 66: group 99 (red) 113->7 [0.00ms]
[2026-05-22 10:27:17] SCORE Group7 (lawn green): Final=560.9, Time=94.9, Moves(11)=0.0, Pins(2)=200.0, Dist=266.0, Win Bonus=0.0
[2026-05-22 10:27:17] SCORE Robert (gray0): Final=580.1, Time=96.1, Moves(11)=0.0, Pins(2)=200.0, Dist=284.0, Win Bonus=0.0
[2026-05-22 10:27:17] SCORE group 99 (red): Final=671.2, Time=85.2, Moves(11)=0.0, Pins(3)=300.0, Dist=286.0, Win Bonus=0.0
[2026-05-22 10:27:17] SCORE Gruppe 10 (blue): Final=549.9, Time=97.9, Moves(11)=0.0, Pins(2)=200.0, Dist=252.0, Win Bonus=0.0
[2026-05-22 10:27:17] SCORE StockWish (yellow): Final=345.9, Time=97.9, Moves(11)=0.0, Pins(0)=0.0, Dist=248.0, Win Bonus=0.0
[2026-05-22 10:27:17] SCORE Gruppe 67 (purple): Final=458.4, Time=92.4, Moves(10)=0.0, Pins(1)=100.0, Dist=266.0, Win Bonus=0.0
[2026-05-22 10:27:17] ALL WRONG MOVES BY COLOUR: {'purple': ['65 (turn timeout)']}
[2026-05-22 10:27:17] MOVE 67: Group7 (lawn green) 42->36 [0.01ms]
[2026-05-22 10:27:17] SCORE Group7 (lawn green): Final=570.6, Time=94.6, Moves(12)=0.0, Pins(2)=200.0, Dist=276.0, Win Bonus=0.0
[2026-05-22 10:27:17] SCORE Robert (gray0): Final=580.1, Time=96.1, Moves(11)=0.0, Pins(2)=200.0, Dist=284.0, Win Bonus=0.0
[2026-05-22 10:27:17] SCORE group 99 (red): Final=671.2, Time=85.2, Moves(11)=0.0, Pins(3)=300.0, Dist=286.0, Win Bonus=0.0
[2026-05-22 10:27:17] SCORE Gruppe 10 (blue): Final=549.9, Time=97.9, Moves(11)=0.0, Pins(2)=200.0, Dist=252.0, Win Bonus=0.0
[2026-05-22 10:27:17] SCORE StockWish (yellow): Final=345.9, Time=97.9, Moves(11)=0.0, Pins(0)=0.0, Dist=248.0, Win Bonus=0.0
[2026-05-22 10:27:17] SCORE Gruppe 67 (purple): Final=458.4, Time=92.4, Moves(10)=0.0, Pins(1)=100.0, Dist=266.0, Win Bonus=0.0
[2026-05-22 10:27:17] ALL WRONG MOVES BY COLOUR: {'purple': ['65 (turn timeout)']}
[2026-05-22 10:27:18] MOVE 68: StockWish (yellow) 81->82 [0.00ms]
[2026-05-22 10:27:18] SCORE Group7 (lawn green): Final=570.6, Time=94.6, Moves(12)=0.0, Pins(2)=200.0, Dist=276.0, Win Bonus=0.0
[2026-05-22 10:27:18] SCORE Robert (gray0): Final=580.1, Time=96.1, Moves(11)=0.0, Pins(2)=200.0, Dist=284.0, Win Bonus=0.0
[2026-05-22 10:27:18] SCORE group 99 (red): Final=671.2, Time=85.2, Moves(11)=0.0, Pins(3)=300.0, Dist=286.0, Win Bonus=0.0
[2026-05-22 10:27:18] SCORE Gruppe 10 (blue): Final=549.9, Time=97.9, Moves(11)=0.0, Pins(2)=200.0, Dist=252.0, Win Bonus=0.0
[2026-05-22 10:27:18] SCORE StockWish (yellow): Final=347.8, Time=97.8, Moves(12)=0.0, Pins(0)=0.0, Dist=250.0, Win Bonus=0.0
[2026-05-22 10:27:18] SCORE Gruppe 67 (purple): Final=458.4, Time=92.4, Moves(10)=0.0, Pins(1)=100.0, Dist=266.0, Win Bonus=0.0
[2026-05-22 10:27:18] ALL WRONG MOVES BY COLOUR: {'purple': ['65 (turn timeout)']}
[2026-05-22 10:27:18] MOVE 69: Gruppe 10 (blue) 39->40 [0.00ms]
[2026-05-22 10:27:18] SCORE Group7 (lawn green): Final=570.6, Time=94.6, Moves(12)=0.0, Pins(2)=200.0, Dist=276.0, Win Bonus=0.0
[2026-05-22 10:27:18] SCORE Robert (gray0): Final=580.1, Time=96.1, Moves(11)=0.0, Pins(2)=200.0, Dist=284.0, Win Bonus=0.0
[2026-05-22 10:27:18] SCORE group 99 (red): Final=671.2, Time=85.2, Moves(11)=0.0, Pins(3)=300.0, Dist=286.0, Win Bonus=0.0
[2026-05-22 10:27:18] SCORE Gruppe 10 (blue): Final=549.7, Time=97.7, Moves(12)=0.0, Pins(2)=200.0, Dist=252.0, Win Bonus=0.0
[2026-05-22 10:27:18] SCORE StockWish (yellow): Final=347.8, Time=97.8, Moves(12)=0.0, Pins(0)=0.0, Dist=250.0, Win Bonus=0.0
[2026-05-22 10:27:18] SCORE Gruppe 67 (purple): Final=458.4, Time=92.4, Moves(10)=0.0, Pins(1)=100.0, Dist=266.0, Win Bonus=0.0
[2026-05-22 10:27:18] ALL WRONG MOVES BY COLOUR: {'purple': ['65 (turn timeout)']}
[2026-05-22 10:27:18] MOVE 70: Robert (gray0) 75->81 [0.01ms]
[2026-05-22 10:27:18] SCORE Group7 (lawn green): Final=570.6, Time=94.6, Moves(12)=0.0, Pins(2)=200.0, Dist=276.0, Win Bonus=0.0
[2026-05-22 10:27:18] SCORE Robert (gray0): Final=591.8, Time=95.8, Moves(12)=0.0, Pins(2)=200.0, Dist=296.0, Win Bonus=0.0
[2026-05-22 10:27:18] SCORE group 99 (red): Final=671.2, Time=85.2, Moves(11)=0.0, Pins(3)=300.0, Dist=286.0, Win Bonus=0.0
[2026-05-22 10:27:18] SCORE Gruppe 10 (blue): Final=549.7, Time=97.7, Moves(12)=0.0, Pins(2)=200.0, Dist=252.0, Win Bonus=0.0
[2026-05-22 10:27:18] SCORE StockWish (yellow): Final=347.8, Time=97.8, Moves(12)=0.0, Pins(0)=0.0, Dist=250.0, Win Bonus=0.0
[2026-05-22 10:27:18] SCORE Gruppe 67 (purple): Final=458.4, Time=92.4, Moves(10)=0.0, Pins(1)=100.0, Dist=266.0, Win Bonus=0.0
[2026-05-22 10:27:18] ALL WRONG MOVES BY COLOUR: {'purple': ['65 (turn timeout)']}
[2026-05-22 10:27:20] MOVE 71: Gruppe 67 (purple) 97->54 [0.00ms]
[2026-05-22 10:27:20] SCORE Group7 (lawn green): Final=570.6, Time=94.6, Moves(12)=0.0, Pins(2)=200.0, Dist=276.0, Win Bonus=0.0
[2026-05-22 10:27:20] SCORE Robert (gray0): Final=591.8, Time=95.8, Moves(12)=0.0, Pins(2)=200.0, Dist=296.0, Win Bonus=0.0
[2026-05-22 10:27:20] SCORE group 99 (red): Final=671.2, Time=85.2, Moves(11)=0.0, Pins(3)=300.0, Dist=286.0, Win Bonus=0.0
[2026-05-22 10:27:20] SCORE Gruppe 10 (blue): Final=549.7, Time=97.7, Moves(12)=0.0, Pins(2)=200.0, Dist=252.0, Win Bonus=0.0
[2026-05-22 10:27:20] SCORE StockWish (yellow): Final=347.8, Time=97.8, Moves(12)=0.0, Pins(0)=0.0, Dist=250.0, Win Bonus=0.0
[2026-05-22 10:27:20] SCORE Gruppe 67 (purple): Final=464.6, Time=90.6, Moves(11)=0.0, Pins(1)=100.0, Dist=274.0, Win Bonus=0.0
[2026-05-22 10:27:20] ALL WRONG MOVES BY COLOUR: {'purple': ['65 (turn timeout)']}
[2026-05-22 10:27:21] MOVE 72: group 99 (red) 73->26 [0.00ms]
[2026-05-22 10:27:21] SCORE Group7 (lawn green): Final=570.6, Time=94.6, Moves(12)=0.0, Pins(2)=200.0, Dist=276.0, Win Bonus=0.0
[2026-05-22 10:27:21] SCORE Robert (gray0): Final=591.8, Time=95.8, Moves(12)=0.0, Pins(2)=200.0, Dist=296.0, Win Bonus=0.0
[2026-05-22 10:27:21] SCORE group 99 (red): Final=677.8, Time=83.8, Moves(12)=0.0, Pins(3)=300.0, Dist=294.0, Win Bonus=0.0
[2026-05-22 10:27:21] SCORE Gruppe 10 (blue): Final=549.7, Time=97.7, Moves(12)=0.0, Pins(2)=200.0, Dist=252.0, Win Bonus=0.0
[2026-05-22 10:27:21] SCORE StockWish (yellow): Final=347.8, Time=97.8, Moves(12)=0.0, Pins(0)=0.0, Dist=250.0, Win Bonus=0.0
[2026-05-22 10:27:21] SCORE Gruppe 67 (purple): Final=464.6, Time=90.6, Moves(11)=0.0, Pins(1)=100.0, Dist=274.0, Win Bonus=0.0
[2026-05-22 10:27:21] ALL WRONG MOVES BY COLOUR: {'purple': ['65 (turn timeout)']}
[2026-05-22 10:27:22] MOVE 73: Group7 (lawn green) 55->67 [0.00ms]
[2026-05-22 10:27:22] SCORE Group7 (lawn green): Final=586.1, Time=94.1, Moves(13)=0.0, Pins(2)=200.0, Dist=292.0, Win Bonus=0.0
[2026-05-22 10:27:22] SCORE Robert (gray0): Final=591.8, Time=95.8, Moves(12)=0.0, Pins(2)=200.0, Dist=296.0, Win Bonus=0.0
[2026-05-22 10:27:22] SCORE group 99 (red): Final=677.8, Time=83.8, Moves(12)=0.0, Pins(3)=300.0, Dist=294.0, Win Bonus=0.0
[2026-05-22 10:27:22] SCORE Gruppe 10 (blue): Final=549.7, Time=97.7, Moves(12)=0.0, Pins(2)=200.0, Dist=252.0, Win Bonus=0.0
[2026-05-22 10:27:22] SCORE StockWish (yellow): Final=347.8, Time=97.8, Moves(12)=0.0, Pins(0)=0.0, Dist=250.0, Win Bonus=0.0
[2026-05-22 10:27:22] SCORE Gruppe 67 (purple): Final=464.6, Time=90.6, Moves(11)=0.0, Pins(1)=100.0, Dist=274.0, Win Bonus=0.0
[2026-05-22 10:27:22] ALL WRONG MOVES BY COLOUR: {'purple': ['65 (turn timeout)']}
[2026-05-22 10:27:22] MOVE 74: StockWish (yellow) 82->109 [0.00ms]
[2026-05-22 10:27:22] SCORE Group7 (lawn green): Final=586.1, Time=94.1, Moves(13)=0.0, Pins(2)=200.0, Dist=292.0, Win Bonus=0.0
[2026-05-22 10:27:22] SCORE Robert (gray0): Final=591.8, Time=95.8, Moves(12)=0.0, Pins(2)=200.0, Dist=296.0, Win Bonus=0.0
[2026-05-22 10:27:22] SCORE group 99 (red): Final=677.8, Time=83.8, Moves(12)=0.0, Pins(3)=300.0, Dist=294.0, Win Bonus=0.0
[2026-05-22 10:27:22] SCORE Gruppe 10 (blue): Final=549.7, Time=97.7, Moves(12)=0.0, Pins(2)=200.0, Dist=252.0, Win Bonus=0.0
[2026-05-22 10:27:22] SCORE StockWish (yellow): Final=451.2, Time=97.2, Moves(13)=0.0, Pins(1)=100.0, Dist=254.0, Win Bonus=0.0
[2026-05-22 10:27:22] SCORE Gruppe 67 (purple): Final=464.6, Time=90.6, Moves(11)=0.0, Pins(1)=100.0, Dist=274.0, Win Bonus=0.0
[2026-05-22 10:27:22] ALL WRONG MOVES BY COLOUR: {'purple': ['65 (turn timeout)']}
[2026-05-22 10:27:23] MOVE 75: Gruppe 10 (blue) 18->41 [0.00ms]
[2026-05-22 10:27:23] SCORE Group7 (lawn green): Final=586.1, Time=94.1, Moves(13)=0.0, Pins(2)=200.0, Dist=292.0, Win Bonus=0.0
[2026-05-22 10:27:23] SCORE Robert (gray0): Final=591.8, Time=95.8, Moves(12)=0.0, Pins(2)=200.0, Dist=296.0, Win Bonus=0.0
[2026-05-22 10:27:23] SCORE group 99 (red): Final=677.8, Time=83.8, Moves(12)=0.0, Pins(3)=300.0, Dist=294.0, Win Bonus=0.0
[2026-05-22 10:27:23] SCORE Gruppe 10 (blue): Final=553.6, Time=97.6, Moves(13)=0.0, Pins(2)=200.0, Dist=256.0, Win Bonus=0.0
[2026-05-22 10:27:23] SCORE StockWish (yellow): Final=451.2, Time=97.2, Moves(13)=0.0, Pins(1)=100.0, Dist=254.0, Win Bonus=0.0
[2026-05-22 10:27:23] SCORE Gruppe 67 (purple): Final=464.6, Time=90.6, Moves(11)=0.0, Pins(1)=100.0, Dist=274.0, Win Bonus=0.0
[2026-05-22 10:27:23] ALL WRONG MOVES BY COLOUR: {'purple': ['65 (turn timeout)']}
[2026-05-22 10:27:23] MOVE 76: Robert (gray0) 100->79 [0.00ms]
[2026-05-22 10:27:23] SCORE Group7 (lawn green): Final=586.1, Time=94.1, Moves(13)=0.0, Pins(2)=200.0, Dist=292.0, Win Bonus=0.0
[2026-05-22 10:27:23] SCORE Robert (gray0): Final=599.3, Time=95.3, Moves(13)=0.0, Pins(2)=200.0, Dist=304.0, Win Bonus=0.0
[2026-05-22 10:27:23] SCORE group 99 (red): Final=677.8, Time=83.8, Moves(12)=0.0, Pins(3)=300.0, Dist=294.0, Win Bonus=0.0
[2026-05-22 10:27:23] SCORE Gruppe 10 (blue): Final=553.6, Time=97.6, Moves(13)=0.0, Pins(2)=200.0, Dist=256.0, Win Bonus=0.0
[2026-05-22 10:27:23] SCORE StockWish (yellow): Final=451.2, Time=97.2, Moves(13)=0.0, Pins(1)=100.0, Dist=254.0, Win Bonus=0.0
[2026-05-22 10:27:23] SCORE Gruppe 67 (purple): Final=464.6, Time=90.6, Moves(11)=0.0, Pins(1)=100.0, Dist=274.0, Win Bonus=0.0
[2026-05-22 10:27:23] ALL WRONG MOVES BY COLOUR: {'purple': ['65 (turn timeout)']}
[2026-05-22 10:27:25] MOVE 77: Gruppe 67 (purple) 66->25 [0.01ms]
[2026-05-22 10:27:25] SCORE Group7 (lawn green): Final=586.1, Time=94.1, Moves(13)=0.0, Pins(2)=200.0, Dist=292.0, Win Bonus=0.0
[2026-05-22 10:27:25] SCORE Robert (gray0): Final=599.3, Time=95.3, Moves(13)=0.0, Pins(2)=200.0, Dist=304.0, Win Bonus=0.0
[2026-05-22 10:27:25] SCORE group 99 (red): Final=677.8, Time=83.8, Moves(12)=0.0, Pins(3)=300.0, Dist=294.0, Win Bonus=0.0
[2026-05-22 10:27:25] SCORE Gruppe 10 (blue): Final=553.6, Time=97.6, Moves(13)=0.0, Pins(2)=200.0, Dist=256.0, Win Bonus=0.0
[2026-05-22 10:27:25] SCORE StockWish (yellow): Final=451.2, Time=97.2, Moves(13)=0.0, Pins(1)=100.0, Dist=254.0, Win Bonus=0.0
[2026-05-22 10:27:25] SCORE Gruppe 67 (purple): Final=567.0, Time=89.0, Moves(12)=0.0, Pins(2)=200.0, Dist=278.0, Win Bonus=0.0
[2026-05-22 10:27:25] ALL WRONG MOVES BY COLOUR: {'purple': ['65 (turn timeout)']}
[2026-05-22 10:27:26] MOVE 78: group 99 (red) 63->19 [0.00ms]
[2026-05-22 10:27:26] SCORE Group7 (lawn green): Final=586.1, Time=94.1, Moves(13)=0.0, Pins(2)=200.0, Dist=292.0, Win Bonus=0.0
[2026-05-22 10:27:26] SCORE Robert (gray0): Final=599.3, Time=95.3, Moves(13)=0.0, Pins(2)=200.0, Dist=304.0, Win Bonus=0.0
[2026-05-22 10:27:26] SCORE group 99 (red): Final=682.7, Time=82.7, Moves(13)=0.0, Pins(3)=300.0, Dist=300.0, Win Bonus=0.0
[2026-05-22 10:27:26] SCORE Gruppe 10 (blue): Final=553.6, Time=97.6, Moves(13)=0.0, Pins(2)=200.0, Dist=256.0, Win Bonus=0.0
[2026-05-22 10:27:26] SCORE StockWish (yellow): Final=451.2, Time=97.2, Moves(13)=0.0, Pins(1)=100.0, Dist=254.0, Win Bonus=0.0
[2026-05-22 10:27:26] SCORE Gruppe 67 (purple): Final=567.0, Time=89.0, Moves(12)=0.0, Pins(2)=200.0, Dist=278.0, Win Bonus=0.0
[2026-05-22 10:27:26] ALL WRONG MOVES BY COLOUR: {'purple': ['65 (turn timeout)']}
[2026-05-22 10:27:26] MOVE 79: Group7 (lawn green) 20->35 [0.01ms]
[2026-05-22 10:27:26] SCORE Group7 (lawn green): Final=601.5, Time=93.5, Moves(14)=0.0, Pins(2)=200.0, Dist=308.0, Win Bonus=0.0
[2026-05-22 10:27:26] SCORE Robert (gray0): Final=599.3, Time=95.3, Moves(13)=0.0, Pins(2)=200.0, Dist=304.0, Win Bonus=0.0
[2026-05-22 10:27:26] SCORE group 99 (red): Final=682.7, Time=82.7, Moves(13)=0.0, Pins(3)=300.0, Dist=300.0, Win Bonus=0.0
[2026-05-22 10:27:26] SCORE Gruppe 10 (blue): Final=553.6, Time=97.6, Moves(13)=0.0, Pins(2)=200.0, Dist=256.0, Win Bonus=0.0
[2026-05-22 10:27:26] SCORE StockWish (yellow): Final=451.2, Time=97.2, Moves(13)=0.0, Pins(1)=100.0, Dist=254.0, Win Bonus=0.0
[2026-05-22 10:27:26] SCORE Gruppe 67 (purple): Final=567.0, Time=89.0, Moves(12)=0.0, Pins(2)=200.0, Dist=278.0, Win Bonus=0.0
[2026-05-22 10:27:26] ALL WRONG MOVES BY COLOUR: {'purple': ['65 (turn timeout)']}
[2026-05-22 10:27:26] MOVE 80: StockWish (yellow) 46->70 [0.01ms]
[2026-05-22 10:27:26] SCORE Group7 (lawn green): Final=601.5, Time=93.5, Moves(14)=0.0, Pins(2)=200.0, Dist=308.0, Win Bonus=0.0
[2026-05-22 10:27:26] SCORE Robert (gray0): Final=599.3, Time=95.3, Moves(13)=0.0, Pins(2)=200.0, Dist=304.0, Win Bonus=0.0
[2026-05-22 10:27:26] SCORE group 99 (red): Final=682.7, Time=82.7, Moves(13)=0.0, Pins(3)=300.0, Dist=300.0, Win Bonus=0.0
[2026-05-22 10:27:26] SCORE Gruppe 10 (blue): Final=553.6, Time=97.6, Moves(13)=0.0, Pins(2)=200.0, Dist=256.0, Win Bonus=0.0
[2026-05-22 10:27:26] SCORE StockWish (yellow): Final=463.1, Time=97.1, Moves(14)=0.0, Pins(1)=100.0, Dist=266.0, Win Bonus=0.0
[2026-05-22 10:27:26] SCORE Gruppe 67 (purple): Final=567.0, Time=89.0, Moves(12)=0.0, Pins(2)=200.0, Dist=278.0, Win Bonus=0.0
[2026-05-22 10:27:26] ALL WRONG MOVES BY COLOUR: {'purple': ['65 (turn timeout)']}
[2026-05-22 10:27:27] MOVE 81: Gruppe 10 (blue) 112->113 [0.01ms]
[2026-05-22 10:27:27] SCORE Group7 (lawn green): Final=601.5, Time=93.5, Moves(14)=0.0, Pins(2)=200.0, Dist=308.0, Win Bonus=0.0
[2026-05-22 10:27:27] SCORE Robert (gray0): Final=599.3, Time=95.3, Moves(13)=0.0, Pins(2)=200.0, Dist=304.0, Win Bonus=0.0
[2026-05-22 10:27:27] SCORE group 99 (red): Final=682.7, Time=82.7, Moves(13)=0.0, Pins(3)=300.0, Dist=300.0, Win Bonus=0.0
[2026-05-22 10:27:27] SCORE Gruppe 10 (blue): Final=553.4, Time=97.4, Moves(14)=0.0, Pins(2)=200.0, Dist=256.0, Win Bonus=0.0
[2026-05-22 10:27:27] SCORE StockWish (yellow): Final=463.1, Time=97.1, Moves(14)=0.0, Pins(1)=100.0, Dist=266.0, Win Bonus=0.0
[2026-05-22 10:27:27] SCORE Gruppe 67 (purple): Final=567.0, Time=89.0, Moves(12)=0.0, Pins(2)=200.0, Dist=278.0, Win Bonus=0.0
[2026-05-22 10:27:27] ALL WRONG MOVES BY COLOUR: {'purple': ['65 (turn timeout)']}
[2026-05-22 10:27:27] MOVE 82: Robert (gray0) 51->55 [0.01ms]
[2026-05-22 10:27:27] SCORE Group7 (lawn green): Final=601.5, Time=93.5, Moves(14)=0.0, Pins(2)=200.0, Dist=308.0, Win Bonus=0.0
[2026-05-22 10:27:27] SCORE Robert (gray0): Final=706.8, Time=94.8, Moves(14)=0.0, Pins(3)=300.0, Dist=312.0, Win Bonus=0.0
[2026-05-22 10:27:27] SCORE group 99 (red): Final=682.7, Time=82.7, Moves(13)=0.0, Pins(3)=300.0, Dist=300.0, Win Bonus=0.0
[2026-05-22 10:27:27] SCORE Gruppe 10 (blue): Final=553.4, Time=97.4, Moves(14)=0.0, Pins(2)=200.0, Dist=256.0, Win Bonus=0.0
[2026-05-22 10:27:27] SCORE StockWish (yellow): Final=463.1, Time=97.1, Moves(14)=0.0, Pins(1)=100.0, Dist=266.0, Win Bonus=0.0
[2026-05-22 10:27:27] SCORE Gruppe 67 (purple): Final=567.0, Time=89.0, Moves(12)=0.0, Pins(2)=200.0, Dist=278.0, Win Bonus=0.0
[2026-05-22 10:27:27] ALL WRONG MOVES BY COLOUR: {'purple': ['65 (turn timeout)']}
[2026-05-22 10:27:29] MOVE 83: Gruppe 67 (purple) 108->107 [0.01ms]
[2026-05-22 10:27:29] SCORE Group7 (lawn green): Final=601.5, Time=93.5, Moves(14)=0.0, Pins(2)=200.0, Dist=308.0, Win Bonus=0.0
[2026-05-22 10:27:29] SCORE Robert (gray0): Final=706.8, Time=94.8, Moves(14)=0.0, Pins(3)=300.0, Dist=312.0, Win Bonus=0.0
[2026-05-22 10:27:29] SCORE group 99 (red): Final=682.7, Time=82.7, Moves(13)=0.0, Pins(3)=300.0, Dist=300.0, Win Bonus=0.0
[2026-05-22 10:27:29] SCORE Gruppe 10 (blue): Final=553.4, Time=97.4, Moves(14)=0.0, Pins(2)=200.0, Dist=256.0, Win Bonus=0.0
[2026-05-22 10:27:29] SCORE StockWish (yellow): Final=463.1, Time=97.1, Moves(14)=0.0, Pins(1)=100.0, Dist=266.0, Win Bonus=0.0
[2026-05-22 10:27:29] SCORE Gruppe 67 (purple): Final=567.3, Time=87.3, Moves(13)=0.0, Pins(2)=200.0, Dist=280.0, Win Bonus=0.0
[2026-05-22 10:27:29] ALL WRONG MOVES BY COLOUR: {'purple': ['65 (turn timeout)']}
[2026-05-22 10:27:30] MOVE 84: group 99 (red) 26->8 [0.00ms]
[2026-05-22 10:27:30] SCORE Group7 (lawn green): Final=601.5, Time=93.5, Moves(14)=0.0, Pins(2)=200.0, Dist=308.0, Win Bonus=0.0
[2026-05-22 10:27:30] SCORE Robert (gray0): Final=706.8, Time=94.8, Moves(14)=0.0, Pins(3)=300.0, Dist=312.0, Win Bonus=0.0
[2026-05-22 10:27:30] SCORE group 99 (red): Final=785.3, Time=81.3, Moves(14)=0.0, Pins(4)=400.0, Dist=304.0, Win Bonus=0.0
[2026-05-22 10:27:30] SCORE Gruppe 10 (blue): Final=553.4, Time=97.4, Moves(14)=0.0, Pins(2)=200.0, Dist=256.0, Win Bonus=0.0
[2026-05-22 10:27:30] SCORE StockWish (yellow): Final=463.1, Time=97.1, Moves(14)=0.0, Pins(1)=100.0, Dist=266.0, Win Bonus=0.0
[2026-05-22 10:27:30] SCORE Gruppe 67 (purple): Final=567.3, Time=87.3, Moves(13)=0.0, Pins(2)=200.0, Dist=280.0, Win Bonus=0.0
[2026-05-22 10:27:30] ALL WRONG MOVES BY COLOUR: {'purple': ['65 (turn timeout)']}
[2026-05-22 10:27:31] MOVE 85: Group7 (lawn green) 64->39 [0.01ms]
[2026-05-22 10:27:31] SCORE Group7 (lawn green): Final=609.1, Time=93.1, Moves(15)=0.0, Pins(2)=200.0, Dist=316.0, Win Bonus=0.0
[2026-05-22 10:27:31] SCORE Robert (gray0): Final=706.8, Time=94.8, Moves(14)=0.0, Pins(3)=300.0, Dist=312.0, Win Bonus=0.0
[2026-05-22 10:27:31] SCORE group 99 (red): Final=785.3, Time=81.3, Moves(14)=0.0, Pins(4)=400.0, Dist=304.0, Win Bonus=0.0
[2026-05-22 10:27:31] SCORE Gruppe 10 (blue): Final=553.4, Time=97.4, Moves(14)=0.0, Pins(2)=200.0, Dist=256.0, Win Bonus=0.0
[2026-05-22 10:27:31] SCORE StockWish (yellow): Final=463.1, Time=97.1, Moves(14)=0.0, Pins(1)=100.0, Dist=266.0, Win Bonus=0.0
[2026-05-22 10:27:31] SCORE Gruppe 67 (purple): Final=567.3, Time=87.3, Moves(13)=0.0, Pins(2)=200.0, Dist=280.0, Win Bonus=0.0
[2026-05-22 10:27:31] ALL WRONG MOVES BY COLOUR: {'purple': ['65 (turn timeout)']}
[2026-05-22 10:27:31] MOVE 86: StockWish (yellow) 13->26 [0.00ms]
[2026-05-22 10:27:31] SCORE Group7 (lawn green): Final=609.1, Time=93.1, Moves(15)=0.0, Pins(2)=200.0, Dist=316.0, Win Bonus=0.0
[2026-05-22 10:27:31] SCORE Robert (gray0): Final=706.8, Time=94.8, Moves(14)=0.0, Pins(3)=300.0, Dist=312.0, Win Bonus=0.0
[2026-05-22 10:27:31] SCORE group 99 (red): Final=785.3, Time=81.3, Moves(14)=0.0, Pins(4)=400.0, Dist=304.0, Win Bonus=0.0
[2026-05-22 10:27:31] SCORE Gruppe 10 (blue): Final=553.4, Time=97.4, Moves(14)=0.0, Pins(2)=200.0, Dist=256.0, Win Bonus=0.0
[2026-05-22 10:27:31] SCORE StockWish (yellow): Final=465.0, Time=97.0, Moves(15)=0.0, Pins(1)=100.0, Dist=268.0, Win Bonus=0.0
[2026-05-22 10:27:31] SCORE Gruppe 67 (purple): Final=567.3, Time=87.3, Moves(13)=0.0, Pins(2)=200.0, Dist=280.0, Win Bonus=0.0
[2026-05-22 10:27:31] ALL WRONG MOVES BY COLOUR: {'purple': ['65 (turn timeout)']}
[2026-05-22 10:27:31] MOVE 87: Gruppe 10 (blue) 28->114 [0.01ms]
[2026-05-22 10:27:31] SCORE Group7 (lawn green): Final=609.1, Time=93.1, Moves(15)=0.0, Pins(2)=200.0, Dist=316.0, Win Bonus=0.0
[2026-05-22 10:27:31] SCORE Robert (gray0): Final=706.8, Time=94.8, Moves(14)=0.0, Pins(3)=300.0, Dist=312.0, Win Bonus=0.0
[2026-05-22 10:27:31] SCORE group 99 (red): Final=785.3, Time=81.3, Moves(14)=0.0, Pins(4)=400.0, Dist=304.0, Win Bonus=0.0
[2026-05-22 10:27:31] SCORE Gruppe 10 (blue): Final=669.2, Time=97.2, Moves(15)=0.0, Pins(3)=300.0, Dist=272.0, Win Bonus=0.0
[2026-05-22 10:27:31] SCORE StockWish (yellow): Final=465.0, Time=97.0, Moves(15)=0.0, Pins(1)=100.0, Dist=268.0, Win Bonus=0.0
[2026-05-22 10:27:31] SCORE Gruppe 67 (purple): Final=567.3, Time=87.3, Moves(13)=0.0, Pins(2)=200.0, Dist=280.0, Win Bonus=0.0
[2026-05-22 10:27:31] ALL WRONG MOVES BY COLOUR: {'purple': ['65 (turn timeout)']}
[2026-05-22 10:27:31] MOVE 88: Robert (gray0) 76->66 [0.01ms]
[2026-05-22 10:27:31] SCORE Group7 (lawn green): Final=609.1, Time=93.1, Moves(15)=0.0, Pins(2)=200.0, Dist=316.0, Win Bonus=0.0
[2026-05-22 10:27:31] SCORE Robert (gray0): Final=708.3, Time=94.3, Moves(15)=0.0, Pins(3)=300.0, Dist=314.0, Win Bonus=0.0
[2026-05-22 10:27:31] SCORE group 99 (red): Final=785.3, Time=81.3, Moves(14)=0.0, Pins(4)=400.0, Dist=304.0, Win Bonus=0.0
[2026-05-22 10:27:31] SCORE Gruppe 10 (blue): Final=669.2, Time=97.2, Moves(15)=0.0, Pins(3)=300.0, Dist=272.0, Win Bonus=0.0
[2026-05-22 10:27:31] SCORE StockWish (yellow): Final=465.0, Time=97.0, Moves(15)=0.0, Pins(1)=100.0, Dist=268.0, Win Bonus=0.0
[2026-05-22 10:27:31] SCORE Gruppe 67 (purple): Final=567.3, Time=87.3, Moves(13)=0.0, Pins(2)=200.0, Dist=280.0, Win Bonus=0.0
[2026-05-22 10:27:31] ALL WRONG MOVES BY COLOUR: {'purple': ['65 (turn timeout)']}
[2026-05-22 10:27:33] MOVE 89: Gruppe 67 (purple) 107->82 [0.01ms]
[2026-05-22 10:27:33] SCORE Group7 (lawn green): Final=609.1, Time=93.1, Moves(15)=0.0, Pins(2)=200.0, Dist=316.0, Win Bonus=0.0
[2026-05-22 10:27:33] SCORE Robert (gray0): Final=708.3, Time=94.3, Moves(15)=0.0, Pins(3)=300.0, Dist=314.0, Win Bonus=0.0
[2026-05-22 10:27:33] SCORE group 99 (red): Final=785.3, Time=81.3, Moves(14)=0.0, Pins(4)=400.0, Dist=304.0, Win Bonus=0.0
[2026-05-22 10:27:33] SCORE Gruppe 10 (blue): Final=669.2, Time=97.2, Moves(15)=0.0, Pins(3)=300.0, Dist=272.0, Win Bonus=0.0
[2026-05-22 10:27:33] SCORE StockWish (yellow): Final=465.0, Time=97.0, Moves(15)=0.0, Pins(1)=100.0, Dist=268.0, Win Bonus=0.0
[2026-05-22 10:27:33] SCORE Gruppe 67 (purple): Final=569.7, Time=85.7, Moves(14)=0.0, Pins(2)=200.0, Dist=284.0, Win Bonus=0.0
[2026-05-22 10:27:33] ALL WRONG MOVES BY COLOUR: {'purple': ['65 (turn timeout)']}
[2026-05-22 10:27:34] MOVE 90: group 99 (red) 52->29 [0.00ms]
[2026-05-22 10:27:34] SCORE Group7 (lawn green): Final=609.1, Time=93.1, Moves(15)=0.0, Pins(2)=200.0, Dist=316.0, Win Bonus=0.0
[2026-05-22 10:27:34] SCORE Robert (gray0): Final=708.3, Time=94.3, Moves(15)=0.0, Pins(3)=300.0, Dist=314.0, Win Bonus=0.0
[2026-05-22 10:27:34] SCORE group 99 (red): Final=788.0, Time=80.0, Moves(15)=0.0, Pins(4)=400.0, Dist=308.0, Win Bonus=0.0
[2026-05-22 10:27:34] SCORE Gruppe 10 (blue): Final=669.2, Time=97.2, Moves(15)=0.0, Pins(3)=300.0, Dist=272.0, Win Bonus=0.0
[2026-05-22 10:27:34] SCORE StockWish (yellow): Final=465.0, Time=97.0, Moves(15)=0.0, Pins(1)=100.0, Dist=268.0, Win Bonus=0.0
[2026-05-22 10:27:34] SCORE Gruppe 67 (purple): Final=569.7, Time=85.7, Moves(14)=0.0, Pins(2)=200.0, Dist=284.0, Win Bonus=0.0
[2026-05-22 10:27:34] ALL WRONG MOVES BY COLOUR: {'purple': ['65 (turn timeout)']}
[2026-05-22 10:27:35] MOVE 91: Group7 (lawn green) 57->76 [0.01ms]
[2026-05-22 10:27:35] SCORE Group7 (lawn green): Final=712.6, Time=92.6, Moves(16)=0.0, Pins(3)=300.0, Dist=320.0, Win Bonus=0.0
[2026-05-22 10:27:35] SCORE Robert (gray0): Final=708.3, Time=94.3, Moves(15)=0.0, Pins(3)=300.0, Dist=314.0, Win Bonus=0.0
[2026-05-22 10:27:35] SCORE group 99 (red): Final=788.0, Time=80.0, Moves(15)=0.0, Pins(4)=400.0, Dist=308.0, Win Bonus=0.0
[2026-05-22 10:27:35] SCORE Gruppe 10 (blue): Final=669.2, Time=97.2, Moves(15)=0.0, Pins(3)=300.0, Dist=272.0, Win Bonus=0.0
[2026-05-22 10:27:35] SCORE StockWish (yellow): Final=465.0, Time=97.0, Moves(15)=0.0, Pins(1)=100.0, Dist=268.0, Win Bonus=0.0
[2026-05-22 10:27:35] SCORE Gruppe 67 (purple): Final=569.7, Time=85.7, Moves(14)=0.0, Pins(2)=200.0, Dist=284.0, Win Bonus=0.0
[2026-05-22 10:27:35] ALL WRONG MOVES BY COLOUR: {'purple': ['65 (turn timeout)']}
[2026-05-22 10:27:35] MOVE 92: StockWish (yellow) 26->71 [0.00ms]
[2026-05-22 10:27:35] SCORE Group7 (lawn green): Final=712.6, Time=92.6, Moves(16)=0.0, Pins(3)=300.0, Dist=320.0, Win Bonus=0.0
[2026-05-22 10:27:35] SCORE Robert (gray0): Final=708.3, Time=94.3, Moves(15)=0.0, Pins(3)=300.0, Dist=314.0, Win Bonus=0.0
[2026-05-22 10:27:35] SCORE group 99 (red): Final=788.0, Time=80.0, Moves(15)=0.0, Pins(4)=400.0, Dist=308.0, Win Bonus=0.0
[2026-05-22 10:27:35] SCORE Gruppe 10 (blue): Final=669.2, Time=97.2, Moves(15)=0.0, Pins(3)=300.0, Dist=272.0, Win Bonus=0.0
[2026-05-22 10:27:35] SCORE StockWish (yellow): Final=476.9, Time=96.9, Moves(16)=0.0, Pins(1)=100.0, Dist=280.0, Win Bonus=0.0
[2026-05-22 10:27:35] SCORE Gruppe 67 (purple): Final=569.7, Time=85.7, Moves(14)=0.0, Pins(2)=200.0, Dist=284.0, Win Bonus=0.0
[2026-05-22 10:27:35] ALL WRONG MOVES BY COLOUR: {'purple': ['65 (turn timeout)']}
[2026-05-22 10:27:35] MOVE 93: Gruppe 10 (blue) 41->51 [0.00ms]
[2026-05-22 10:27:35] SCORE Group7 (lawn green): Final=712.6, Time=92.6, Moves(16)=0.0, Pins(3)=300.0, Dist=320.0, Win Bonus=0.0
[2026-05-22 10:27:35] SCORE Robert (gray0): Final=708.3, Time=94.3, Moves(15)=0.0, Pins(3)=300.0, Dist=314.0, Win Bonus=0.0
[2026-05-22 10:27:35] SCORE group 99 (red): Final=788.0, Time=80.0, Moves(15)=0.0, Pins(4)=400.0, Dist=308.0, Win Bonus=0.0
[2026-05-22 10:27:35] SCORE Gruppe 10 (blue): Final=671.1, Time=97.1, Moves(16)=0.0, Pins(3)=300.0, Dist=274.0, Win Bonus=0.0
[2026-05-22 10:27:35] SCORE StockWish (yellow): Final=476.9, Time=96.9, Moves(16)=0.0, Pins(1)=100.0, Dist=280.0, Win Bonus=0.0
[2026-05-22 10:27:35] SCORE Gruppe 67 (purple): Final=569.7, Time=85.7, Moves(14)=0.0, Pins(2)=200.0, Dist=284.0, Win Bonus=0.0
[2026-05-22 10:27:35] ALL WRONG MOVES BY COLOUR: {'purple': ['65 (turn timeout)']}
[2026-05-22 10:27:35] MOVE 94: Robert (gray0) 66->52 [0.01ms]
[2026-05-22 10:27:35] SCORE Group7 (lawn green): Final=712.6, Time=92.6, Moves(16)=0.0, Pins(3)=300.0, Dist=320.0, Win Bonus=0.0
[2026-05-22 10:27:35] SCORE Robert (gray0): Final=720.0, Time=94.0, Moves(16)=0.0, Pins(3)=300.0, Dist=326.0, Win Bonus=0.0
[2026-05-22 10:27:35] SCORE group 99 (red): Final=788.0, Time=80.0, Moves(15)=0.0, Pins(4)=400.0, Dist=308.0, Win Bonus=0.0
[2026-05-22 10:27:35] SCORE Gruppe 10 (blue): Final=671.1, Time=97.1, Moves(16)=0.0, Pins(3)=300.0, Dist=274.0, Win Bonus=0.0
[2026-05-22 10:27:35] SCORE StockWish (yellow): Final=476.9, Time=96.9, Moves(16)=0.0, Pins(1)=100.0, Dist=280.0, Win Bonus=0.0
[2026-05-22 10:27:35] SCORE Gruppe 67 (purple): Final=569.7, Time=85.7, Moves(14)=0.0, Pins(2)=200.0, Dist=284.0, Win Bonus=0.0
[2026-05-22 10:27:35] ALL WRONG MOVES BY COLOUR: {'purple': ['65 (turn timeout)']}
[2026-05-22 10:27:37] MOVE 95: Gruppe 67 (purple) 82->61 [0.00ms]
[2026-05-22 10:27:37] SCORE Group7 (lawn green): Final=712.6, Time=92.6, Moves(16)=0.0, Pins(3)=300.0, Dist=320.0, Win Bonus=0.0
[2026-05-22 10:27:37] SCORE Robert (gray0): Final=720.0, Time=94.0, Moves(16)=0.0, Pins(3)=300.0, Dist=326.0, Win Bonus=0.0
[2026-05-22 10:27:37] SCORE group 99 (red): Final=788.0, Time=80.0, Moves(15)=0.0, Pins(4)=400.0, Dist=308.0, Win Bonus=0.0
[2026-05-22 10:27:37] SCORE Gruppe 10 (blue): Final=671.1, Time=97.1, Moves(16)=0.0, Pins(3)=300.0, Dist=274.0, Win Bonus=0.0
[2026-05-22 10:27:37] SCORE StockWish (yellow): Final=476.9, Time=96.9, Moves(16)=0.0, Pins(1)=100.0, Dist=280.0, Win Bonus=0.0
[2026-05-22 10:27:37] SCORE Gruppe 67 (purple): Final=571.9, Time=83.9, Moves(15)=0.0, Pins(2)=200.0, Dist=288.0, Win Bonus=0.0
[2026-05-22 10:27:37] ALL WRONG MOVES BY COLOUR: {'purple': ['65 (turn timeout)']}
[2026-05-22 10:27:38] MOVE 96: group 99 (red) 119->116 [0.01ms]
[2026-05-22 10:27:38] SCORE Group7 (lawn green): Final=712.6, Time=92.6, Moves(16)=0.0, Pins(3)=300.0, Dist=320.0, Win Bonus=0.0
[2026-05-22 10:27:38] SCORE Robert (gray0): Final=720.0, Time=94.0, Moves(16)=0.0, Pins(3)=300.0, Dist=326.0, Win Bonus=0.0
[2026-05-22 10:27:38] SCORE group 99 (red): Final=788.7, Time=78.7, Moves(16)=0.0, Pins(4)=400.0, Dist=310.0, Win Bonus=0.0
[2026-05-22 10:27:38] SCORE Gruppe 10 (blue): Final=671.1, Time=97.1, Moves(16)=0.0, Pins(3)=300.0, Dist=274.0, Win Bonus=0.0
[2026-05-22 10:27:38] SCORE StockWish (yellow): Final=476.9, Time=96.9, Moves(16)=0.0, Pins(1)=100.0, Dist=280.0, Win Bonus=0.0
[2026-05-22 10:27:38] SCORE Gruppe 67 (purple): Final=571.9, Time=83.9, Moves(15)=0.0, Pins(2)=200.0, Dist=288.0, Win Bonus=0.0
[2026-05-22 10:27:38] ALL WRONG MOVES BY COLOUR: {'purple': ['65 (turn timeout)']}
[2026-05-22 10:27:39] MOVE 97: Group7 (lawn green) 62->14 [0.01ms]
[2026-05-22 10:27:39] SCORE Group7 (lawn green): Final=716.1, Time=92.1, Moves(17)=0.0, Pins(3)=300.0, Dist=324.0, Win Bonus=0.0
[2026-05-22 10:27:39] SCORE Robert (gray0): Final=720.0, Time=94.0, Moves(16)=0.0, Pins(3)=300.0, Dist=326.0, Win Bonus=0.0
[2026-05-22 10:27:39] SCORE group 99 (red): Final=788.7, Time=78.7, Moves(16)=0.0, Pins(4)=400.0, Dist=310.0, Win Bonus=0.0
[2026-05-22 10:27:39] SCORE Gruppe 10 (blue): Final=671.1, Time=97.1, Moves(16)=0.0, Pins(3)=300.0, Dist=274.0, Win Bonus=0.0
[2026-05-22 10:27:39] SCORE StockWish (yellow): Final=476.9, Time=96.9, Moves(16)=0.0, Pins(1)=100.0, Dist=280.0, Win Bonus=0.0
[2026-05-22 10:27:39] SCORE Gruppe 67 (purple): Final=571.9, Time=83.9, Moves(15)=0.0, Pins(2)=200.0, Dist=288.0, Win Bonus=0.0
[2026-05-22 10:27:39] ALL WRONG MOVES BY COLOUR: {'purple': ['65 (turn timeout)']}
[2026-05-22 10:27:39] MOVE 98: StockWish (yellow) 71->82 [0.01ms]
[2026-05-22 10:27:39] SCORE Group7 (lawn green): Final=716.1, Time=92.1, Moves(17)=0.0, Pins(3)=300.0, Dist=324.0, Win Bonus=0.0
[2026-05-22 10:27:39] SCORE Robert (gray0): Final=720.0, Time=94.0, Moves(16)=0.0, Pins(3)=300.0, Dist=326.0, Win Bonus=0.0
[2026-05-22 10:27:39] SCORE group 99 (red): Final=788.7, Time=78.7, Moves(16)=0.0, Pins(4)=400.0, Dist=310.0, Win Bonus=0.0
[2026-05-22 10:27:39] SCORE Gruppe 10 (blue): Final=671.1, Time=97.1, Moves(16)=0.0, Pins(3)=300.0, Dist=274.0, Win Bonus=0.0
[2026-05-22 10:27:39] SCORE StockWish (yellow): Final=478.8, Time=96.8, Moves(17)=0.0, Pins(1)=100.0, Dist=282.0, Win Bonus=0.0
[2026-05-22 10:27:39] SCORE Gruppe 67 (purple): Final=571.9, Time=83.9, Moves(15)=0.0, Pins(2)=200.0, Dist=288.0, Win Bonus=0.0
[2026-05-22 10:27:39] ALL WRONG MOVES BY COLOUR: {'purple': ['65 (turn timeout)']}
[2026-05-22 10:27:39] MOVE 99: Gruppe 10 (blue) 51->112 [0.00ms]
[2026-05-22 10:27:39] SCORE Group7 (lawn green): Final=716.1, Time=92.1, Moves(17)=0.0, Pins(3)=300.0, Dist=324.0, Win Bonus=0.0
[2026-05-22 10:27:39] SCORE Robert (gray0): Final=720.0, Time=94.0, Moves(16)=0.0, Pins(3)=300.0, Dist=326.0, Win Bonus=0.0
[2026-05-22 10:27:39] SCORE group 99 (red): Final=788.7, Time=78.7, Moves(16)=0.0, Pins(4)=400.0, Dist=310.0, Win Bonus=0.0
[2026-05-22 10:27:39] SCORE Gruppe 10 (blue): Final=782.9, Time=96.9, Moves(17)=0.0, Pins(4)=400.0, Dist=286.0, Win Bonus=0.0
[2026-05-22 10:27:39] SCORE StockWish (yellow): Final=478.8, Time=96.8, Moves(17)=0.0, Pins(1)=100.0, Dist=282.0, Win Bonus=0.0
[2026-05-22 10:27:39] SCORE Gruppe 67 (purple): Final=571.9, Time=83.9, Moves(15)=0.0, Pins(2)=200.0, Dist=288.0, Win Bonus=0.0
[2026-05-22 10:27:39] ALL WRONG MOVES BY COLOUR: {'purple': ['65 (turn timeout)']}
[2026-05-22 10:27:39] MOVE 100: Robert (gray0) 81->71 [0.01ms]
[2026-05-22 10:27:39] SCORE Group7 (lawn green): Final=716.1, Time=92.1, Moves(17)=0.0, Pins(3)=300.0, Dist=324.0, Win Bonus=0.0
[2026-05-22 10:27:39] SCORE Robert (gray0): Final=721.5, Time=93.5, Moves(17)=0.0, Pins(3)=300.0, Dist=328.0, Win Bonus=0.0
[2026-05-22 10:27:39] SCORE group 99 (red): Final=788.7, Time=78.7, Moves(16)=0.0, Pins(4)=400.0, Dist=310.0, Win Bonus=0.0
[2026-05-22 10:27:39] SCORE Gruppe 10 (blue): Final=782.9, Time=96.9, Moves(17)=0.0, Pins(4)=400.0, Dist=286.0, Win Bonus=0.0
[2026-05-22 10:27:39] SCORE StockWish (yellow): Final=478.8, Time=96.8, Moves(17)=0.0, Pins(1)=100.0, Dist=282.0, Win Bonus=0.0
[2026-05-22 10:27:40] SCORE Gruppe 67 (purple): Final=571.9, Time=83.9, Moves(15)=0.0, Pins(2)=200.0, Dist=288.0, Win Bonus=0.0
[2026-05-22 10:27:40] ALL WRONG MOVES BY COLOUR: {'purple': ['65 (turn timeout)']}
[2026-05-22 10:27:41] MOVE 101: Gruppe 67 (purple) 83->16 [0.01ms]
[2026-05-22 10:27:41] SCORE Group7 (lawn green): Final=716.1, Time=92.1, Moves(17)=0.0, Pins(3)=300.0, Dist=324.0, Win Bonus=0.0
[2026-05-22 10:27:41] SCORE Robert (gray0): Final=721.5, Time=93.5, Moves(17)=0.0, Pins(3)=300.0, Dist=328.0, Win Bonus=0.0
[2026-05-22 10:27:41] SCORE group 99 (red): Final=788.7, Time=78.7, Moves(16)=0.0, Pins(4)=400.0, Dist=310.0, Win Bonus=0.0
[2026-05-22 10:27:41] SCORE Gruppe 10 (blue): Final=782.9, Time=96.9, Moves(17)=0.0, Pins(4)=400.0, Dist=286.0, Win Bonus=0.0
[2026-05-22 10:27:41] SCORE StockWish (yellow): Final=478.8, Time=96.8, Moves(17)=0.0, Pins(1)=100.0, Dist=282.0, Win Bonus=0.0
[2026-05-22 10:27:41] SCORE Gruppe 67 (purple): Final=582.4, Time=82.4, Moves(16)=0.0, Pins(2)=200.0, Dist=300.0, Win Bonus=0.0
[2026-05-22 10:27:41] ALL WRONG MOVES BY COLOUR: {'purple': ['65 (turn timeout)']}
[2026-05-22 10:27:42] MOVE 102: group 99 (red) 106->41 [0.01ms]
[2026-05-22 10:27:42] SCORE Group7 (lawn green): Final=716.1, Time=92.1, Moves(17)=0.0, Pins(3)=300.0, Dist=324.0, Win Bonus=0.0
[2026-05-22 10:27:42] SCORE Robert (gray0): Final=721.5, Time=93.5, Moves(17)=0.0, Pins(3)=300.0, Dist=328.0, Win Bonus=0.0
[2026-05-22 10:27:42] SCORE group 99 (red): Final=799.5, Time=77.5, Moves(17)=0.0, Pins(4)=400.0, Dist=322.0, Win Bonus=0.0
[2026-05-22 10:27:42] SCORE Gruppe 10 (blue): Final=782.9, Time=96.9, Moves(17)=0.0, Pins(4)=400.0, Dist=286.0, Win Bonus=0.0
[2026-05-22 10:27:42] SCORE StockWish (yellow): Final=478.8, Time=96.8, Moves(17)=0.0, Pins(1)=100.0, Dist=282.0, Win Bonus=0.0
[2026-05-22 10:27:42] SCORE Gruppe 67 (purple): Final=582.4, Time=82.4, Moves(16)=0.0, Pins(2)=200.0, Dist=300.0, Win Bonus=0.0
[2026-05-22 10:27:42] ALL WRONG MOVES BY COLOUR: {'purple': ['65 (turn timeout)']}
[2026-05-22 10:27:43] MOVE 103: Group7 (lawn green) 35->46 [0.00ms]
[2026-05-22 10:27:43] SCORE Group7 (lawn green): Final=717.6, Time=91.6, Moves(18)=0.0, Pins(3)=300.0, Dist=326.0, Win Bonus=0.0
[2026-05-22 10:27:43] SCORE Robert (gray0): Final=721.5, Time=93.5, Moves(17)=0.0, Pins(3)=300.0, Dist=328.0, Win Bonus=0.0
[2026-05-22 10:27:43] SCORE group 99 (red): Final=799.5, Time=77.5, Moves(17)=0.0, Pins(4)=400.0, Dist=322.0, Win Bonus=0.0
[2026-05-22 10:27:43] SCORE Gruppe 10 (blue): Final=782.9, Time=96.9, Moves(17)=0.0, Pins(4)=400.0, Dist=286.0, Win Bonus=0.0
[2026-05-22 10:27:43] SCORE StockWish (yellow): Final=478.8, Time=96.8, Moves(17)=0.0, Pins(1)=100.0, Dist=282.0, Win Bonus=0.0
[2026-05-22 10:27:43] SCORE Gruppe 67 (purple): Final=582.4, Time=82.4, Moves(16)=0.0, Pins(2)=200.0, Dist=300.0, Win Bonus=0.0
[2026-05-22 10:27:43] ALL WRONG MOVES BY COLOUR: {'purple': ['65 (turn timeout)']}
[2026-05-22 10:27:43] MOVE 104: StockWish (yellow) 60->83 [0.00ms]
[2026-05-22 10:27:43] SCORE Group7 (lawn green): Final=717.6, Time=91.6, Moves(18)=0.0, Pins(3)=300.0, Dist=326.0, Win Bonus=0.0
[2026-05-22 10:27:43] SCORE Robert (gray0): Final=721.5, Time=93.5, Moves(17)=0.0, Pins(3)=300.0, Dist=328.0, Win Bonus=0.0
[2026-05-22 10:27:43] SCORE group 99 (red): Final=799.5, Time=77.5, Moves(17)=0.0, Pins(4)=400.0, Dist=322.0, Win Bonus=0.0
[2026-05-22 10:27:43] SCORE Gruppe 10 (blue): Final=782.9, Time=96.9, Moves(17)=0.0, Pins(4)=400.0, Dist=286.0, Win Bonus=0.0
[2026-05-22 10:27:43] SCORE StockWish (yellow): Final=486.8, Time=96.8, Moves(18)=0.0, Pins(1)=100.0, Dist=290.0, Win Bonus=0.0
[2026-05-22 10:27:43] SCORE Gruppe 67 (purple): Final=582.4, Time=82.4, Moves(16)=0.0, Pins(2)=200.0, Dist=300.0, Win Bonus=0.0
[2026-05-22 10:27:43] ALL WRONG MOVES BY COLOUR: {'purple': ['65 (turn timeout)']}
[2026-05-22 10:27:43] MOVE 105: Gruppe 10 (blue) 56->115 [0.01ms]
[2026-05-22 10:27:43] SCORE Group7 (lawn green): Final=717.6, Time=91.6, Moves(18)=0.0, Pins(3)=300.0, Dist=326.0, Win Bonus=0.0
[2026-05-22 10:27:43] SCORE Robert (gray0): Final=721.5, Time=93.5, Moves(17)=0.0, Pins(3)=300.0, Dist=328.0, Win Bonus=0.0
[2026-05-22 10:27:43] SCORE group 99 (red): Final=799.5, Time=77.5, Moves(17)=0.0, Pins(4)=400.0, Dist=322.0, Win Bonus=0.0
[2026-05-22 10:27:43] SCORE Gruppe 10 (blue): Final=892.8, Time=96.8, Moves(18)=0.0, Pins(5)=500.0, Dist=296.0, Win Bonus=0.0
[2026-05-22 10:27:43] SCORE StockWish (yellow): Final=486.8, Time=96.8, Moves(18)=0.0, Pins(1)=100.0, Dist=290.0, Win Bonus=0.0
[2026-05-22 10:27:43] SCORE Gruppe 67 (purple): Final=582.4, Time=82.4, Moves(16)=0.0, Pins(2)=200.0, Dist=300.0, Win Bonus=0.0
[2026-05-22 10:27:43] ALL WRONG MOVES BY COLOUR: {'purple': ['65 (turn timeout)']}
[2026-05-22 10:27:43] MOVE 106: Robert (gray0) 71->53 [0.01ms]
[2026-05-22 10:27:43] SCORE Group7 (lawn green): Final=717.6, Time=91.6, Moves(18)=0.0, Pins(3)=300.0, Dist=326.0, Win Bonus=0.0
[2026-05-22 10:27:43] SCORE Robert (gray0): Final=725.1, Time=93.1, Moves(18)=0.0, Pins(3)=300.0, Dist=332.0, Win Bonus=0.0
[2026-05-22 10:27:43] SCORE group 99 (red): Final=799.5, Time=77.5, Moves(17)=0.0, Pins(4)=400.0, Dist=322.0, Win Bonus=0.0
[2026-05-22 10:27:43] SCORE Gruppe 10 (blue): Final=892.8, Time=96.8, Moves(18)=0.0, Pins(5)=500.0, Dist=296.0, Win Bonus=0.0
[2026-05-22 10:27:43] SCORE StockWish (yellow): Final=486.8, Time=96.8, Moves(18)=0.0, Pins(1)=100.0, Dist=290.0, Win Bonus=0.0
[2026-05-22 10:27:43] SCORE Gruppe 67 (purple): Final=582.4, Time=82.4, Moves(16)=0.0, Pins(2)=200.0, Dist=300.0, Win Bonus=0.0
[2026-05-22 10:27:43] ALL WRONG MOVES BY COLOUR: {'purple': ['65 (turn timeout)']}
[2026-05-22 10:27:45] MOVE 107: Gruppe 67 (purple) 16->35 [0.01ms]
[2026-05-22 10:27:45] SCORE Group7 (lawn green): Final=717.6, Time=91.6, Moves(18)=0.0, Pins(3)=300.0, Dist=326.0, Win Bonus=0.0
[2026-05-22 10:27:45] SCORE Robert (gray0): Final=725.1, Time=93.1, Moves(18)=0.0, Pins(3)=300.0, Dist=332.0, Win Bonus=0.0
[2026-05-22 10:27:45] SCORE group 99 (red): Final=799.5, Time=77.5, Moves(17)=0.0, Pins(4)=400.0, Dist=322.0, Win Bonus=0.0
[2026-05-22 10:27:45] SCORE Gruppe 10 (blue): Final=892.8, Time=96.8, Moves(18)=0.0, Pins(5)=500.0, Dist=296.0, Win Bonus=0.0
[2026-05-22 10:27:45] SCORE StockWish (yellow): Final=486.8, Time=96.8, Moves(18)=0.0, Pins(1)=100.0, Dist=290.0, Win Bonus=0.0
[2026-05-22 10:27:45] SCORE Gruppe 67 (purple): Final=686.8, Time=80.8, Moves(17)=0.0, Pins(3)=300.0, Dist=306.0, Win Bonus=0.0
[2026-05-22 10:27:45] ALL WRONG MOVES BY COLOUR: {'purple': ['65 (turn timeout)']}
[2026-05-22 10:27:46] MOVE 108: group 99 (red) 41->18 [0.01ms]
[2026-05-22 10:27:46] SCORE Group7 (lawn green): Final=717.6, Time=91.6, Moves(18)=0.0, Pins(3)=300.0, Dist=326.0, Win Bonus=0.0
[2026-05-22 10:27:46] SCORE Robert (gray0): Final=725.1, Time=93.1, Moves(18)=0.0, Pins(3)=300.0, Dist=332.0, Win Bonus=0.0
[2026-05-22 10:27:46] SCORE group 99 (red): Final=802.4, Time=76.4, Moves(18)=0.0, Pins(4)=400.0, Dist=326.0, Win Bonus=0.0
[2026-05-22 10:27:46] SCORE Gruppe 10 (blue): Final=892.8, Time=96.8, Moves(18)=0.0, Pins(5)=500.0, Dist=296.0, Win Bonus=0.0
[2026-05-22 10:27:46] SCORE StockWish (yellow): Final=486.8, Time=96.8, Moves(18)=0.0, Pins(1)=100.0, Dist=290.0, Win Bonus=0.0
[2026-05-22 10:27:46] SCORE Gruppe 67 (purple): Final=686.8, Time=80.8, Moves(17)=0.0, Pins(3)=300.0, Dist=306.0, Win Bonus=0.0
[2026-05-22 10:27:46] ALL WRONG MOVES BY COLOUR: {'purple': ['65 (turn timeout)']}
[2026-05-22 10:27:47] MOVE 109: Group7 (lawn green) 39->100 [0.01ms]
[2026-05-22 10:27:47] SCORE Group7 (lawn green): Final=826.9, Time=90.9, Moves(19)=0.0, Pins(4)=400.0, Dist=336.0, Win Bonus=0.0
[2026-05-22 10:27:47] SCORE Robert (gray0): Final=725.1, Time=93.1, Moves(18)=0.0, Pins(3)=300.0, Dist=332.0, Win Bonus=0.0
[2026-05-22 10:27:47] SCORE group 99 (red): Final=802.4, Time=76.4, Moves(18)=0.0, Pins(4)=400.0, Dist=326.0, Win Bonus=0.0
[2026-05-22 10:27:47] SCORE Gruppe 10 (blue): Final=892.8, Time=96.8, Moves(18)=0.0, Pins(5)=500.0, Dist=296.0, Win Bonus=0.0
[2026-05-22 10:27:47] SCORE StockWish (yellow): Final=486.8, Time=96.8, Moves(18)=0.0, Pins(1)=100.0, Dist=290.0, Win Bonus=0.0
[2026-05-22 10:27:47] SCORE Gruppe 67 (purple): Final=686.8, Time=80.8, Moves(17)=0.0, Pins(3)=300.0, Dist=306.0, Win Bonus=0.0
[2026-05-22 10:27:47] ALL WRONG MOVES BY COLOUR: {'purple': ['65 (turn timeout)']}
[2026-05-22 10:27:47] MOVE 110: StockWish (yellow) 82->84 [0.01ms]
[2026-05-22 10:27:47] SCORE Group7 (lawn green): Final=826.9, Time=90.9, Moves(19)=0.0, Pins(4)=400.0, Dist=336.0, Win Bonus=0.0
[2026-05-22 10:27:47] SCORE Robert (gray0): Final=725.1, Time=93.1, Moves(18)=0.0, Pins(3)=300.0, Dist=332.0, Win Bonus=0.0
[2026-05-22 10:27:47] SCORE group 99 (red): Final=802.4, Time=76.4, Moves(18)=0.0, Pins(4)=400.0, Dist=326.0, Win Bonus=0.0
[2026-05-22 10:27:47] SCORE Gruppe 10 (blue): Final=892.8, Time=96.8, Moves(18)=0.0, Pins(5)=500.0, Dist=296.0, Win Bonus=0.0
[2026-05-22 10:27:47] SCORE StockWish (yellow): Final=590.7, Time=96.7, Moves(19)=0.0, Pins(2)=200.0, Dist=294.0, Win Bonus=0.0
[2026-05-22 10:27:47] SCORE Gruppe 67 (purple): Final=686.8, Time=80.8, Moves(17)=0.0, Pins(3)=300.0, Dist=306.0, Win Bonus=0.0
[2026-05-22 10:27:47] ALL WRONG MOVES BY COLOUR: {'purple': ['65 (turn timeout)']}
[2026-05-22 10:27:47] MOVE 111: Gruppe 10 (blue) 40->51 [0.01ms]
[2026-05-22 10:27:47] SCORE Group7 (lawn green): Final=826.9, Time=90.9, Moves(19)=0.0, Pins(4)=400.0, Dist=336.0, Win Bonus=0.0
[2026-05-22 10:27:47] SCORE Robert (gray0): Final=725.1, Time=93.1, Moves(18)=0.0, Pins(3)=300.0, Dist=332.0, Win Bonus=0.0
[2026-05-22 10:27:47] SCORE group 99 (red): Final=802.4, Time=76.4, Moves(18)=0.0, Pins(4)=400.0, Dist=326.0, Win Bonus=0.0
[2026-05-22 10:27:47] SCORE Gruppe 10 (blue): Final=894.7, Time=96.7, Moves(19)=0.0, Pins(5)=500.0, Dist=298.0, Win Bonus=0.0
[2026-05-22 10:27:47] SCORE StockWish (yellow): Final=590.7, Time=96.7, Moves(19)=0.0, Pins(2)=200.0, Dist=294.0, Win Bonus=0.0
[2026-05-22 10:27:47] SCORE Gruppe 67 (purple): Final=686.8, Time=80.8, Moves(17)=0.0, Pins(3)=300.0, Dist=306.0, Win Bonus=0.0
[2026-05-22 10:27:47] ALL WRONG MOVES BY COLOUR: {'purple': ['65 (turn timeout)']}
[2026-05-22 10:27:47] MOVE 112: Robert (gray0) 79->22 [0.01ms]
[2026-05-22 10:27:47] SCORE Group7 (lawn green): Final=826.9, Time=90.9, Moves(19)=0.0, Pins(4)=400.0, Dist=336.0, Win Bonus=0.0
[2026-05-22 10:27:47] SCORE Robert (gray0): Final=838.6, Time=92.6, Moves(19)=0.0, Pins(4)=400.0, Dist=346.0, Win Bonus=0.0
[2026-05-22 10:27:47] SCORE group 99 (red): Final=802.4, Time=76.4, Moves(18)=0.0, Pins(4)=400.0, Dist=326.0, Win Bonus=0.0
[2026-05-22 10:27:47] SCORE Gruppe 10 (blue): Final=894.7, Time=96.7, Moves(19)=0.0, Pins(5)=500.0, Dist=298.0, Win Bonus=0.0
[2026-05-22 10:27:48] SCORE StockWish (yellow): Final=590.7, Time=96.7, Moves(19)=0.0, Pins(2)=200.0, Dist=294.0, Win Bonus=0.0
[2026-05-22 10:27:48] SCORE Gruppe 67 (purple): Final=686.8, Time=80.8, Moves(17)=0.0, Pins(3)=300.0, Dist=306.0, Win Bonus=0.0
[2026-05-22 10:27:48] ALL WRONG MOVES BY COLOUR: {'purple': ['65 (turn timeout)']}
[2026-05-22 10:27:49] MOVE 113: Gruppe 67 (purple) 61->40 [0.00ms]
[2026-05-22 10:27:49] SCORE Group7 (lawn green): Final=826.9, Time=90.9, Moves(19)=0.0, Pins(4)=400.0, Dist=336.0, Win Bonus=0.0
[2026-05-22 10:27:49] SCORE Robert (gray0): Final=838.6, Time=92.6, Moves(19)=0.0, Pins(4)=400.0, Dist=346.0, Win Bonus=0.0
[2026-05-22 10:27:49] SCORE group 99 (red): Final=802.4, Time=76.4, Moves(18)=0.0, Pins(4)=400.0, Dist=326.0, Win Bonus=0.0
[2026-05-22 10:27:49] SCORE Gruppe 10 (blue): Final=894.7, Time=96.7, Moves(19)=0.0, Pins(5)=500.0, Dist=298.0, Win Bonus=0.0
[2026-05-22 10:27:49] SCORE StockWish (yellow): Final=590.7, Time=96.7, Moves(19)=0.0, Pins(2)=200.0, Dist=294.0, Win Bonus=0.0
[2026-05-22 10:27:49] SCORE Gruppe 67 (purple): Final=689.1, Time=79.1, Moves(18)=0.0, Pins(3)=300.0, Dist=310.0, Win Bonus=0.0
[2026-05-22 10:27:49] ALL WRONG MOVES BY COLOUR: {'purple': ['65 (turn timeout)']}
[2026-05-22 10:27:50] MOVE 114: group 99 (red) 104->16 [0.00ms]
[2026-05-22 10:27:50] SCORE Group7 (lawn green): Final=826.9, Time=90.9, Moves(19)=0.0, Pins(4)=400.0, Dist=336.0, Win Bonus=0.0
[2026-05-22 10:27:50] SCORE Robert (gray0): Final=838.6, Time=92.6, Moves(19)=0.0, Pins(4)=400.0, Dist=346.0, Win Bonus=0.0
[2026-05-22 10:27:50] SCORE group 99 (red): Final=817.2, Time=75.2, Moves(19)=0.0, Pins(4)=400.0, Dist=342.0, Win Bonus=0.0
[2026-05-22 10:27:50] SCORE Gruppe 10 (blue): Final=894.7, Time=96.7, Moves(19)=0.0, Pins(5)=500.0, Dist=298.0, Win Bonus=0.0
[2026-05-22 10:27:50] SCORE StockWish (yellow): Final=590.7, Time=96.7, Moves(19)=0.0, Pins(2)=200.0, Dist=294.0, Win Bonus=0.0
[2026-05-22 10:27:50] SCORE Gruppe 67 (purple): Final=689.1, Time=79.1, Moves(18)=0.0, Pins(3)=300.0, Dist=310.0, Win Bonus=0.0
[2026-05-22 10:27:50] ALL WRONG MOVES BY COLOUR: {'purple': ['65 (turn timeout)']}
[2026-05-22 10:27:51] MOVE 115: Group7 (lawn green) 46->56 [0.00ms]
[2026-05-22 10:27:51] SCORE Group7 (lawn green): Final=828.5, Time=90.5, Moves(20)=0.0, Pins(4)=400.0, Dist=338.0, Win Bonus=0.0
[2026-05-22 10:27:51] SCORE Robert (gray0): Final=838.6, Time=92.6, Moves(19)=0.0, Pins(4)=400.0, Dist=346.0, Win Bonus=0.0
[2026-05-22 10:27:51] SCORE group 99 (red): Final=817.2, Time=75.2, Moves(19)=0.0, Pins(4)=400.0, Dist=342.0, Win Bonus=0.0
[2026-05-22 10:27:51] SCORE Gruppe 10 (blue): Final=894.7, Time=96.7, Moves(19)=0.0, Pins(5)=500.0, Dist=298.0, Win Bonus=0.0
[2026-05-22 10:27:51] SCORE StockWish (yellow): Final=590.7, Time=96.7, Moves(19)=0.0, Pins(2)=200.0, Dist=294.0, Win Bonus=0.0
[2026-05-22 10:27:51] SCORE Gruppe 67 (purple): Final=689.1, Time=79.1, Moves(18)=0.0, Pins(3)=300.0, Dist=310.0, Win Bonus=0.0
[2026-05-22 10:27:51] ALL WRONG MOVES BY COLOUR: {'purple': ['65 (turn timeout)']}
[2026-05-22 10:27:51] MOVE 116: StockWish (yellow) 37->62 [0.00ms]
[2026-05-22 10:27:51] SCORE Group7 (lawn green): Final=828.5, Time=90.5, Moves(20)=0.0, Pins(4)=400.0, Dist=338.0, Win Bonus=0.0
[2026-05-22 10:27:51] SCORE Robert (gray0): Final=838.6, Time=92.6, Moves(19)=0.0, Pins(4)=400.0, Dist=346.0, Win Bonus=0.0
[2026-05-22 10:27:51] SCORE group 99 (red): Final=817.2, Time=75.2, Moves(19)=0.0, Pins(4)=400.0, Dist=342.0, Win Bonus=0.0
[2026-05-22 10:27:51] SCORE Gruppe 10 (blue): Final=894.7, Time=96.7, Moves(19)=0.0, Pins(5)=500.0, Dist=298.0, Win Bonus=0.0
[2026-05-22 10:27:51] SCORE StockWish (yellow): Final=602.6, Time=96.6, Moves(20)=0.0, Pins(2)=200.0, Dist=306.0, Win Bonus=0.0
[2026-05-22 10:27:51] SCORE Gruppe 67 (purple): Final=689.1, Time=79.1, Moves(18)=0.0, Pins(3)=300.0, Dist=310.0, Win Bonus=0.0
[2026-05-22 10:27:51] ALL WRONG MOVES BY COLOUR: {'purple': ['65 (turn timeout)']}
[2026-05-22 10:27:51] MOVE 117: Gruppe 10 (blue) 0->1 [0.00ms]
[2026-05-22 10:27:51] SCORE Group7 (lawn green): Final=828.5, Time=90.5, Moves(20)=0.0, Pins(4)=400.0, Dist=338.0, Win Bonus=0.0
[2026-05-22 10:27:51] SCORE Robert (gray0): Final=838.6, Time=92.6, Moves(19)=0.0, Pins(4)=400.0, Dist=346.0, Win Bonus=0.0
[2026-05-22 10:27:51] SCORE group 99 (red): Final=817.2, Time=75.2, Moves(19)=0.0, Pins(4)=400.0, Dist=342.0, Win Bonus=0.0
[2026-05-22 10:27:51] SCORE Gruppe 10 (blue): Final=896.6, Time=96.6, Moves(20)=0.0, Pins(5)=500.0, Dist=300.0, Win Bonus=0.0
[2026-05-22 10:27:51] SCORE StockWish (yellow): Final=602.6, Time=96.6, Moves(20)=0.0, Pins(2)=200.0, Dist=306.0, Win Bonus=0.0
[2026-05-22 10:27:51] SCORE Gruppe 67 (purple): Final=689.1, Time=79.1, Moves(18)=0.0, Pins(3)=300.0, Dist=310.0, Win Bonus=0.0
[2026-05-22 10:27:51] ALL WRONG MOVES BY COLOUR: {'purple': ['65 (turn timeout)']}
[2026-05-22 10:27:51] MOVE 118: Robert (gray0) 93->74 [0.01ms]
[2026-05-22 10:27:51] SCORE Group7 (lawn green): Final=828.5, Time=90.5, Moves(20)=0.0, Pins(4)=400.0, Dist=338.0, Win Bonus=0.0
[2026-05-22 10:27:51] SCORE Robert (gray0): Final=844.4, Time=92.4, Moves(20)=0.0, Pins(4)=400.0, Dist=352.0, Win Bonus=0.0
[2026-05-22 10:27:51] SCORE group 99 (red): Final=817.2, Time=75.2, Moves(19)=0.0, Pins(4)=400.0, Dist=342.0, Win Bonus=0.0
[2026-05-22 10:27:51] SCORE Gruppe 10 (blue): Final=896.6, Time=96.6, Moves(20)=0.0, Pins(5)=500.0, Dist=300.0, Win Bonus=0.0
[2026-05-22 10:27:51] SCORE StockWish (yellow): Final=602.6, Time=96.6, Moves(20)=0.0, Pins(2)=200.0, Dist=306.0, Win Bonus=0.0
[2026-05-22 10:27:51] SCORE Gruppe 67 (purple): Final=689.1, Time=79.1, Moves(18)=0.0, Pins(3)=300.0, Dist=310.0, Win Bonus=0.0
[2026-05-22 10:27:51] ALL WRONG MOVES BY COLOUR: {'purple': ['65 (turn timeout)']}
[2026-05-22 10:27:53] MOVE 119: Gruppe 67 (purple) 85->43 [0.00ms]
[2026-05-22 10:27:53] SCORE Group7 (lawn green): Final=828.5, Time=90.5, Moves(20)=0.0, Pins(4)=400.0, Dist=338.0, Win Bonus=0.0
[2026-05-22 10:27:53] SCORE Robert (gray0): Final=844.4, Time=92.4, Moves(20)=0.0, Pins(4)=400.0, Dist=352.0, Win Bonus=0.0
[2026-05-22 10:27:53] SCORE group 99 (red): Final=817.2, Time=75.2, Moves(19)=0.0, Pins(4)=400.0, Dist=342.0, Win Bonus=0.0
[2026-05-22 10:27:53] SCORE Gruppe 10 (blue): Final=896.6, Time=96.6, Moves(20)=0.0, Pins(5)=500.0, Dist=300.0, Win Bonus=0.0
[2026-05-22 10:27:53] SCORE StockWish (yellow): Final=602.6, Time=96.6, Moves(20)=0.0, Pins(2)=200.0, Dist=306.0, Win Bonus=0.0
[2026-05-22 10:27:53] SCORE Gruppe 67 (purple): Final=695.6, Time=77.6, Moves(19)=0.0, Pins(3)=300.0, Dist=318.0, Win Bonus=0.0
[2026-05-22 10:27:53] ALL WRONG MOVES BY COLOUR: {'purple': ['65 (turn timeout)']}
[2026-05-22 10:27:54] MOVE 120: group 99 (red) 116->105 [0.00ms]
[2026-05-22 10:27:54] SCORE Group7 (lawn green): Final=828.5, Time=90.5, Moves(20)=0.0, Pins(4)=400.0, Dist=338.0, Win Bonus=0.0
[2026-05-22 10:27:54] SCORE Robert (gray0): Final=844.4, Time=92.4, Moves(20)=0.0, Pins(4)=400.0, Dist=352.0, Win Bonus=0.0
[2026-05-22 10:27:54] SCORE group 99 (red): Final=820.1, Time=74.1, Moves(20)=0.0, Pins(4)=400.0, Dist=346.0, Win Bonus=0.0
[2026-05-22 10:27:54] SCORE Gruppe 10 (blue): Final=896.6, Time=96.6, Moves(20)=0.0, Pins(5)=500.0, Dist=300.0, Win Bonus=0.0
[2026-05-22 10:27:54] SCORE StockWish (yellow): Final=602.6, Time=96.6, Moves(20)=0.0, Pins(2)=200.0, Dist=306.0, Win Bonus=0.0
[2026-05-22 10:27:54] SCORE Gruppe 67 (purple): Final=695.6, Time=77.6, Moves(19)=0.0, Pins(3)=300.0, Dist=318.0, Win Bonus=0.0
[2026-05-22 10:27:54] ALL WRONG MOVES BY COLOUR: {'purple': ['65 (turn timeout)']}
[2026-05-22 10:27:54] MOVE 121: Group7 (lawn green) 56->75 [0.00ms]
[2026-05-22 10:27:54] SCORE Group7 (lawn green): Final=930.2, Time=90.2, Moves(21)=0.0, Pins(5)=500.0, Dist=340.0, Win Bonus=0.0
[2026-05-22 10:27:54] SCORE Robert (gray0): Final=844.4, Time=92.4, Moves(20)=0.0, Pins(4)=400.0, Dist=352.0, Win Bonus=0.0
[2026-05-22 10:27:54] SCORE group 99 (red): Final=820.1, Time=74.1, Moves(20)=0.0, Pins(4)=400.0, Dist=346.0, Win Bonus=0.0
[2026-05-22 10:27:54] SCORE Gruppe 10 (blue): Final=896.6, Time=96.6, Moves(20)=0.0, Pins(5)=500.0, Dist=300.0, Win Bonus=0.0
[2026-05-22 10:27:54] SCORE StockWish (yellow): Final=602.6, Time=96.6, Moves(20)=0.0, Pins(2)=200.0, Dist=306.0, Win Bonus=0.0
[2026-05-22 10:27:54] SCORE Gruppe 67 (purple): Final=695.6, Time=77.6, Moves(19)=0.0, Pins(3)=300.0, Dist=318.0, Win Bonus=0.0
[2026-05-22 10:27:54] ALL WRONG MOVES BY COLOUR: {'purple': ['65 (turn timeout)']}
[2026-05-22 10:27:54] MOVE 122: StockWish (yellow) 62->81 [0.00ms]
[2026-05-22 10:27:54] SCORE Group7 (lawn green): Final=930.2, Time=90.2, Moves(21)=0.0, Pins(5)=500.0, Dist=340.0, Win Bonus=0.0
[2026-05-22 10:27:54] SCORE Robert (gray0): Final=844.4, Time=92.4, Moves(20)=0.0, Pins(4)=400.0, Dist=352.0, Win Bonus=0.0
[2026-05-22 10:27:54] SCORE group 99 (red): Final=820.1, Time=74.1, Moves(20)=0.0, Pins(4)=400.0, Dist=346.0, Win Bonus=0.0
[2026-05-22 10:27:54] SCORE Gruppe 10 (blue): Final=896.6, Time=96.6, Moves(20)=0.0, Pins(5)=500.0, Dist=300.0, Win Bonus=0.0
[2026-05-22 10:27:54] SCORE StockWish (yellow): Final=602.5, Time=96.5, Moves(21)=0.0, Pins(2)=200.0, Dist=306.0, Win Bonus=0.0
[2026-05-22 10:27:54] SCORE Gruppe 67 (purple): Final=695.6, Time=77.6, Moves(19)=0.0, Pins(3)=300.0, Dist=318.0, Win Bonus=0.0
[2026-05-22 10:27:54] ALL WRONG MOVES BY COLOUR: {'purple': ['65 (turn timeout)']}
[2026-05-22 10:27:54] MOVE 123: Gruppe 10 (blue) 115->116 [0.01ms]
[2026-05-22 10:27:54] SCORE Group7 (lawn green): Final=930.2, Time=90.2, Moves(21)=0.0, Pins(5)=500.0, Dist=340.0, Win Bonus=0.0
[2026-05-22 10:27:54] SCORE Robert (gray0): Final=844.4, Time=92.4, Moves(20)=0.0, Pins(4)=400.0, Dist=352.0, Win Bonus=0.0
[2026-05-22 10:27:54] SCORE group 99 (red): Final=820.1, Time=74.1, Moves(20)=0.0, Pins(4)=400.0, Dist=346.0, Win Bonus=0.0
[2026-05-22 10:27:54] SCORE Gruppe 10 (blue): Final=896.5, Time=96.5, Moves(21)=0.0, Pins(5)=500.0, Dist=300.0, Win Bonus=0.0
[2026-05-22 10:27:54] SCORE StockWish (yellow): Final=602.5, Time=96.5, Moves(21)=0.0, Pins(2)=200.0, Dist=306.0, Win Bonus=0.0
[2026-05-22 10:27:54] SCORE Gruppe 67 (purple): Final=695.6, Time=77.6, Moves(19)=0.0, Pins(3)=300.0, Dist=318.0, Win Bonus=0.0
[2026-05-22 10:27:54] ALL WRONG MOVES BY COLOUR: {'purple': ['65 (turn timeout)']}
[2026-05-22 10:27:55] MOVE 124: Robert (gray0) 99->101 [0.01ms]
[2026-05-22 10:27:55] SCORE Group7 (lawn green): Final=930.2, Time=90.2, Moves(21)=0.0, Pins(5)=500.0, Dist=340.0, Win Bonus=0.0
[2026-05-22 10:27:55] SCORE Robert (gray0): Final=848.2, Time=92.2, Moves(21)=0.0, Pins(4)=400.0, Dist=356.0, Win Bonus=0.0
[2026-05-22 10:27:55] SCORE group 99 (red): Final=820.1, Time=74.1, Moves(20)=0.0, Pins(4)=400.0, Dist=346.0, Win Bonus=0.0
[2026-05-22 10:27:55] SCORE Gruppe 10 (blue): Final=896.5, Time=96.5, Moves(21)=0.0, Pins(5)=500.0, Dist=300.0, Win Bonus=0.0
[2026-05-22 10:27:55] SCORE StockWish (yellow): Final=602.5, Time=96.5, Moves(21)=0.0, Pins(2)=200.0, Dist=306.0, Win Bonus=0.0
[2026-05-22 10:27:55] SCORE Gruppe 67 (purple): Final=695.6, Time=77.6, Moves(19)=0.0, Pins(3)=300.0, Dist=318.0, Win Bonus=0.0
[2026-05-22 10:27:55] ALL WRONG MOVES BY COLOUR: {'purple': ['65 (turn timeout)']}
[2026-05-22 10:27:56] MOVE 125: Gruppe 67 (purple) 43->10 [0.01ms]
[2026-05-22 10:27:56] SCORE Group7 (lawn green): Final=930.2, Time=90.2, Moves(21)=0.0, Pins(5)=500.0, Dist=340.0, Win Bonus=0.0
[2026-05-22 10:27:56] SCORE Robert (gray0): Final=848.2, Time=92.2, Moves(21)=0.0, Pins(4)=400.0, Dist=356.0, Win Bonus=0.0
[2026-05-22 10:27:56] SCORE group 99 (red): Final=820.1, Time=74.1, Moves(20)=0.0, Pins(4)=400.0, Dist=346.0, Win Bonus=0.0
[2026-05-22 10:27:56] SCORE Gruppe 10 (blue): Final=896.5, Time=96.5, Moves(21)=0.0, Pins(5)=500.0, Dist=300.0, Win Bonus=0.0
[2026-05-22 10:27:56] SCORE StockWish (yellow): Final=602.5, Time=96.5, Moves(21)=0.0, Pins(2)=200.0, Dist=306.0, Win Bonus=0.0
[2026-05-22 10:27:56] SCORE Gruppe 67 (purple): Final=808.1, Time=76.1, Moves(20)=0.0, Pins(4)=400.0, Dist=332.0, Win Bonus=0.0
[2026-05-22 10:27:56] ALL WRONG MOVES BY COLOUR: {'purple': ['65 (turn timeout)']}
[2026-05-22 10:27:57] MOVE 126: group 99 (red) 105->92 [0.01ms]
[2026-05-22 10:27:57] SCORE Group7 (lawn green): Final=930.2, Time=90.2, Moves(21)=0.0, Pins(5)=500.0, Dist=340.0, Win Bonus=0.0
[2026-05-22 10:27:57] SCORE Robert (gray0): Final=848.2, Time=92.2, Moves(21)=0.0, Pins(4)=400.0, Dist=356.0, Win Bonus=0.0
[2026-05-22 10:27:57] SCORE group 99 (red): Final=820.8, Time=72.8, Moves(21)=0.0, Pins(4)=400.0, Dist=348.0, Win Bonus=0.0
[2026-05-22 10:27:57] SCORE Gruppe 10 (blue): Final=896.5, Time=96.5, Moves(21)=0.0, Pins(5)=500.0, Dist=300.0, Win Bonus=0.0
[2026-05-22 10:27:57] SCORE StockWish (yellow): Final=602.5, Time=96.5, Moves(21)=0.0, Pins(2)=200.0, Dist=306.0, Win Bonus=0.0
[2026-05-22 10:27:57] SCORE Gruppe 67 (purple): Final=808.1, Time=76.1, Moves(20)=0.0, Pins(4)=400.0, Dist=332.0, Win Bonus=0.0
[2026-05-22 10:27:57] ALL WRONG MOVES BY COLOUR: {'purple': ['65 (turn timeout)']}
[2026-05-22 10:27:58] MOVE 127: Group7 (lawn green) 34->45 [0.01ms]
[2026-05-22 10:27:58] SCORE Group7 (lawn green): Final=931.7, Time=89.7, Moves(22)=0.0, Pins(5)=500.0, Dist=342.0, Win Bonus=0.0
[2026-05-22 10:27:58] SCORE Robert (gray0): Final=848.2, Time=92.2, Moves(21)=0.0, Pins(4)=400.0, Dist=356.0, Win Bonus=0.0
[2026-05-22 10:27:58] SCORE group 99 (red): Final=820.8, Time=72.8, Moves(21)=0.0, Pins(4)=400.0, Dist=348.0, Win Bonus=0.0
[2026-05-22 10:27:58] SCORE Gruppe 10 (blue): Final=896.5, Time=96.5, Moves(21)=0.0, Pins(5)=500.0, Dist=300.0, Win Bonus=0.0
[2026-05-22 10:27:58] SCORE StockWish (yellow): Final=602.5, Time=96.5, Moves(21)=0.0, Pins(2)=200.0, Dist=306.0, Win Bonus=0.0
[2026-05-22 10:27:58] SCORE Gruppe 67 (purple): Final=808.1, Time=76.1, Moves(20)=0.0, Pins(4)=400.0, Dist=332.0, Win Bonus=0.0
[2026-05-22 10:27:58] ALL WRONG MOVES BY COLOUR: {'purple': ['65 (turn timeout)']}
[2026-05-22 10:27:58] MOVE 128: StockWish (yellow) 70->95 [0.00ms]
[2026-05-22 10:27:58] SCORE Group7 (lawn green): Final=931.7, Time=89.7, Moves(22)=0.0, Pins(5)=500.0, Dist=342.0, Win Bonus=0.0
[2026-05-22 10:27:58] SCORE Robert (gray0): Final=848.2, Time=92.2, Moves(21)=0.0, Pins(4)=400.0, Dist=356.0, Win Bonus=0.0
[2026-05-22 10:27:58] SCORE group 99 (red): Final=820.8, Time=72.8, Moves(21)=0.0, Pins(4)=400.0, Dist=348.0, Win Bonus=0.0
[2026-05-22 10:27:58] SCORE Gruppe 10 (blue): Final=896.5, Time=96.5, Moves(21)=0.0, Pins(5)=500.0, Dist=300.0, Win Bonus=0.0
[2026-05-22 10:27:58] SCORE StockWish (yellow): Final=710.4, Time=96.4, Moves(22)=0.0, Pins(3)=300.0, Dist=314.0, Win Bonus=0.0
[2026-05-22 10:27:58] SCORE Gruppe 67 (purple): Final=808.1, Time=76.1, Moves(20)=0.0, Pins(4)=400.0, Dist=332.0, Win Bonus=0.0
[2026-05-22 10:27:58] ALL WRONG MOVES BY COLOUR: {'purple': ['65 (turn timeout)']}
[2026-05-22 10:27:58] MOVE 129: Gruppe 10 (blue) 112->115 [0.01ms]
[2026-05-22 10:27:58] SCORE Group7 (lawn green): Final=931.7, Time=89.7, Moves(22)=0.0, Pins(5)=500.0, Dist=342.0, Win Bonus=0.0
[2026-05-22 10:27:58] SCORE Robert (gray0): Final=848.2, Time=92.2, Moves(21)=0.0, Pins(4)=400.0, Dist=356.0, Win Bonus=0.0
[2026-05-22 10:27:58] SCORE group 99 (red): Final=820.8, Time=72.8, Moves(21)=0.0, Pins(4)=400.0, Dist=348.0, Win Bonus=0.0
[2026-05-22 10:27:58] SCORE Gruppe 10 (blue): Final=896.3, Time=96.3, Moves(22)=0.0, Pins(5)=500.0, Dist=300.0, Win Bonus=0.0
[2026-05-22 10:27:58] SCORE StockWish (yellow): Final=710.4, Time=96.4, Moves(22)=0.0, Pins(3)=300.0, Dist=314.0, Win Bonus=0.0
[2026-05-22 10:27:58] SCORE Gruppe 67 (purple): Final=808.1, Time=76.1, Moves(20)=0.0, Pins(4)=400.0, Dist=332.0, Win Bonus=0.0
[2026-05-22 10:27:58] ALL WRONG MOVES BY COLOUR: {'purple': ['65 (turn timeout)']}
[2026-05-22 10:27:58] MOVE 130: Robert (gray0) 101->89 [0.00ms]
[2026-05-22 10:27:58] SCORE Group7 (lawn green): Final=931.7, Time=89.7, Moves(22)=0.0, Pins(5)=500.0, Dist=342.0, Win Bonus=0.0
[2026-05-22 10:27:58] SCORE Robert (gray0): Final=850.0, Time=92.0, Moves(22)=0.0, Pins(4)=400.0, Dist=358.0, Win Bonus=0.0
[2026-05-22 10:27:58] SCORE group 99 (red): Final=820.8, Time=72.8, Moves(21)=0.0, Pins(4)=400.0, Dist=348.0, Win Bonus=0.0
[2026-05-22 10:27:58] SCORE Gruppe 10 (blue): Final=896.3, Time=96.3, Moves(22)=0.0, Pins(5)=500.0, Dist=300.0, Win Bonus=0.0
[2026-05-22 10:27:58] SCORE StockWish (yellow): Final=710.4, Time=96.4, Moves(22)=0.0, Pins(3)=300.0, Dist=314.0, Win Bonus=0.0
[2026-05-22 10:27:58] SCORE Gruppe 67 (purple): Final=808.1, Time=76.1, Moves(20)=0.0, Pins(4)=400.0, Dist=332.0, Win Bonus=0.0
[2026-05-22 10:27:58] ALL WRONG MOVES BY COLOUR: {'purple': ['65 (turn timeout)']}
[2026-05-22 10:28:00] MOVE 131: Gruppe 67 (purple) 78->57 [0.01ms]
[2026-05-22 10:28:00] SCORE Group7 (lawn green): Final=931.7, Time=89.7, Moves(22)=0.0, Pins(5)=500.0, Dist=342.0, Win Bonus=0.0
[2026-05-22 10:28:00] SCORE Robert (gray0): Final=850.0, Time=92.0, Moves(22)=0.0, Pins(4)=400.0, Dist=358.0, Win Bonus=0.0
[2026-05-22 10:28:00] SCORE group 99 (red): Final=820.8, Time=72.8, Moves(21)=0.0, Pins(4)=400.0, Dist=348.0, Win Bonus=0.0
[2026-05-22 10:28:00] SCORE Gruppe 10 (blue): Final=896.3, Time=96.3, Moves(22)=0.0, Pins(5)=500.0, Dist=300.0, Win Bonus=0.0
[2026-05-22 10:28:00] SCORE StockWish (yellow): Final=710.4, Time=96.4, Moves(22)=0.0, Pins(3)=300.0, Dist=314.0, Win Bonus=0.0
[2026-05-22 10:28:00] SCORE Gruppe 67 (purple): Final=810.5, Time=74.5, Moves(21)=0.0, Pins(4)=400.0, Dist=336.0, Win Bonus=0.0
[2026-05-22 10:28:00] ALL WRONG MOVES BY COLOUR: {'purple': ['65 (turn timeout)']}
[2026-05-22 10:28:01] MOVE 132: group 99 (red) 92->47 [0.01ms]
[2026-05-22 10:28:01] SCORE Group7 (lawn green): Final=931.7, Time=89.7, Moves(22)=0.0, Pins(5)=500.0, Dist=342.0, Win Bonus=0.0
[2026-05-22 10:28:01] SCORE Robert (gray0): Final=850.0, Time=92.0, Moves(22)=0.0, Pins(4)=400.0, Dist=358.0, Win Bonus=0.0
[2026-05-22 10:28:01] SCORE group 99 (red): Final=827.6, Time=71.6, Moves(22)=0.0, Pins(4)=400.0, Dist=356.0, Win Bonus=0.0
[2026-05-22 10:28:01] SCORE Gruppe 10 (blue): Final=896.3, Time=96.3, Moves(22)=0.0, Pins(5)=500.0, Dist=300.0, Win Bonus=0.0
[2026-05-22 10:28:01] SCORE StockWish (yellow): Final=710.4, Time=96.4, Moves(22)=0.0, Pins(3)=300.0, Dist=314.0, Win Bonus=0.0
[2026-05-22 10:28:01] SCORE Gruppe 67 (purple): Final=810.5, Time=74.5, Moves(21)=0.0, Pins(4)=400.0, Dist=336.0, Win Bonus=0.0
[2026-05-22 10:28:01] ALL WRONG MOVES BY COLOUR: {'purple': ['65 (turn timeout)']}
[2026-05-22 10:28:02] MOVE 133: Group7 (lawn green) 45->102 [0.00ms]
[2026-05-22 10:28:02] SCORE Group7 (lawn green): Final=951.2, Time=89.2, Moves(23)=0.0, Pins(5)=500.0, Dist=362.0, Win Bonus=0.0
[2026-05-22 10:28:02] SCORE Robert (gray0): Final=850.0, Time=92.0, Moves(22)=0.0, Pins(4)=400.0, Dist=358.0, Win Bonus=0.0
[2026-05-22 10:28:02] SCORE group 99 (red): Final=827.6, Time=71.6, Moves(22)=0.0, Pins(4)=400.0, Dist=356.0, Win Bonus=0.0
[2026-05-22 10:28:02] SCORE Gruppe 10 (blue): Final=896.3, Time=96.3, Moves(22)=0.0, Pins(5)=500.0, Dist=300.0, Win Bonus=0.0
[2026-05-22 10:28:02] SCORE StockWish (yellow): Final=710.4, Time=96.4, Moves(22)=0.0, Pins(3)=300.0, Dist=314.0, Win Bonus=0.0
[2026-05-22 10:28:02] SCORE Gruppe 67 (purple): Final=810.5, Time=74.5, Moves(21)=0.0, Pins(4)=400.0, Dist=336.0, Win Bonus=0.0
[2026-05-22 10:28:02] ALL WRONG MOVES BY COLOUR: {'purple': ['65 (turn timeout)']}
[2026-05-22 10:28:02] MOVE 134: StockWish (yellow) 83->110 [0.01ms]
[2026-05-22 10:28:02] SCORE Group7 (lawn green): Final=951.2, Time=89.2, Moves(23)=0.0, Pins(5)=500.0, Dist=362.0, Win Bonus=0.0
[2026-05-22 10:28:02] SCORE Robert (gray0): Final=850.0, Time=92.0, Moves(22)=0.0, Pins(4)=400.0, Dist=358.0, Win Bonus=0.0
[2026-05-22 10:28:02] SCORE group 99 (red): Final=827.6, Time=71.6, Moves(22)=0.0, Pins(4)=400.0, Dist=356.0, Win Bonus=0.0
[2026-05-22 10:28:02] SCORE Gruppe 10 (blue): Final=896.3, Time=96.3, Moves(22)=0.0, Pins(5)=500.0, Dist=300.0, Win Bonus=0.0
[2026-05-22 10:28:02] SCORE StockWish (yellow): Final=812.4, Time=96.4, Moves(23)=0.0, Pins(4)=400.0, Dist=316.0, Win Bonus=0.0
[2026-05-22 10:28:02] SCORE Gruppe 67 (purple): Final=810.5, Time=74.5, Moves(21)=0.0, Pins(4)=400.0, Dist=336.0, Win Bonus=0.0
[2026-05-22 10:28:02] ALL WRONG MOVES BY COLOUR: {'purple': ['65 (turn timeout)']}
[2026-05-22 10:28:02] MOVE 135: Gruppe 10 (blue) 115->117 [0.01ms]
[2026-05-22 10:28:02] SCORE Group7 (lawn green): Final=951.2, Time=89.2, Moves(23)=0.0, Pins(5)=500.0, Dist=362.0, Win Bonus=0.0
[2026-05-22 10:28:02] SCORE Robert (gray0): Final=850.0, Time=92.0, Moves(22)=0.0, Pins(4)=400.0, Dist=358.0, Win Bonus=0.0
[2026-05-22 10:28:02] SCORE group 99 (red): Final=827.6, Time=71.6, Moves(22)=0.0, Pins(4)=400.0, Dist=356.0, Win Bonus=0.0
[2026-05-22 10:28:02] SCORE Gruppe 10 (blue): Final=896.2, Time=96.2, Moves(23)=0.0, Pins(5)=500.0, Dist=300.0, Win Bonus=0.0
[2026-05-22 10:28:02] SCORE StockWish (yellow): Final=812.4, Time=96.4, Moves(23)=0.0, Pins(4)=400.0, Dist=316.0, Win Bonus=0.0
[2026-05-22 10:28:02] SCORE Gruppe 67 (purple): Final=810.5, Time=74.5, Moves(21)=0.0, Pins(4)=400.0, Dist=336.0, Win Bonus=0.0
[2026-05-22 10:28:02] ALL WRONG MOVES BY COLOUR: {'purple': ['65 (turn timeout)']}
[2026-05-22 10:28:02] MOVE 136: Robert (gray0) 89->77 [0.01ms]
[2026-05-22 10:28:02] SCORE Group7 (lawn green): Final=951.2, Time=89.2, Moves(23)=0.0, Pins(5)=500.0, Dist=362.0, Win Bonus=0.0
[2026-05-22 10:28:02] SCORE Robert (gray0): Final=849.7, Time=91.7, Moves(23)=0.0, Pins(4)=400.0, Dist=358.0, Win Bonus=0.0
[2026-05-22 10:28:02] SCORE group 99 (red): Final=827.6, Time=71.6, Moves(22)=0.0, Pins(4)=400.0, Dist=356.0, Win Bonus=0.0
[2026-05-22 10:28:02] SCORE Gruppe 10 (blue): Final=896.2, Time=96.2, Moves(23)=0.0, Pins(5)=500.0, Dist=300.0, Win Bonus=0.0
[2026-05-22 10:28:02] SCORE StockWish (yellow): Final=812.4, Time=96.4, Moves(23)=0.0, Pins(4)=400.0, Dist=316.0, Win Bonus=0.0
[2026-05-22 10:28:02] SCORE Gruppe 67 (purple): Final=810.5, Time=74.5, Moves(21)=0.0, Pins(4)=400.0, Dist=336.0, Win Bonus=0.0
[2026-05-22 10:28:02] ALL WRONG MOVES BY COLOUR: {'purple': ['65 (turn timeout)']}
[2026-05-22 10:28:04] MOVE 137: Gruppe 67 (purple) 31->30 [0.00ms]
[2026-05-22 10:28:04] SCORE Group7 (lawn green): Final=951.2, Time=89.2, Moves(23)=0.0, Pins(5)=500.0, Dist=362.0, Win Bonus=0.0
[2026-05-22 10:28:04] SCORE Robert (gray0): Final=849.7, Time=91.7, Moves(23)=0.0, Pins(4)=400.0, Dist=358.0, Win Bonus=0.0
[2026-05-22 10:28:04] SCORE group 99 (red): Final=827.6, Time=71.6, Moves(22)=0.0, Pins(4)=400.0, Dist=356.0, Win Bonus=0.0
[2026-05-22 10:28:04] SCORE Gruppe 10 (blue): Final=896.2, Time=96.2, Moves(23)=0.0, Pins(5)=500.0, Dist=300.0, Win Bonus=0.0
[2026-05-22 10:28:04] SCORE StockWish (yellow): Final=812.4, Time=96.4, Moves(23)=0.0, Pins(4)=400.0, Dist=316.0, Win Bonus=0.0
[2026-05-22 10:28:04] SCORE Gruppe 67 (purple): Final=811.0, Time=73.0, Moves(22)=0.0, Pins(4)=400.0, Dist=338.0, Win Bonus=0.0
[2026-05-22 10:28:04] ALL WRONG MOVES BY COLOUR: {'purple': ['65 (turn timeout)']}
[2026-05-22 10:28:05] MOVE 138: group 99 (red) 118->115 [0.01ms]
[2026-05-22 10:28:05] SCORE Group7 (lawn green): Final=951.2, Time=89.2, Moves(23)=0.0, Pins(5)=500.0, Dist=362.0, Win Bonus=0.0
[2026-05-22 10:28:05] SCORE Robert (gray0): Final=849.7, Time=91.7, Moves(23)=0.0, Pins(4)=400.0, Dist=358.0, Win Bonus=0.0
[2026-05-22 10:28:05] SCORE group 99 (red): Final=828.5, Time=70.5, Moves(23)=0.0, Pins(4)=400.0, Dist=358.0, Win Bonus=0.0
[2026-05-22 10:28:05] SCORE Gruppe 10 (blue): Final=896.2, Time=96.2, Moves(23)=0.0, Pins(5)=500.0, Dist=300.0, Win Bonus=0.0
[2026-05-22 10:28:05] SCORE StockWish (yellow): Final=812.4, Time=96.4, Moves(23)=0.0, Pins(4)=400.0, Dist=316.0, Win Bonus=0.0
[2026-05-22 10:28:05] SCORE Gruppe 67 (purple): Final=811.0, Time=73.0, Moves(22)=0.0, Pins(4)=400.0, Dist=338.0, Win Bonus=0.0
[2026-05-22 10:28:05] ALL WRONG MOVES BY COLOUR: {'purple': ['65 (turn timeout)']}
[2026-05-22 10:28:05] MOVE 139: Group7 (lawn green) 67->86 [0.01ms]
[2026-05-22 10:28:05] SCORE Group7 (lawn green): Final=1054.8, Time=88.8, Moves(24)=0.0, Pins(6)=600.0, Dist=366.0, Win Bonus=0.0
[2026-05-22 10:28:05] SCORE Robert (gray0): Final=849.7, Time=91.7, Moves(23)=0.0, Pins(4)=400.0, Dist=358.0, Win Bonus=0.0
[2026-05-22 10:28:05] SCORE group 99 (red): Final=828.5, Time=70.5, Moves(23)=0.0, Pins(4)=400.0, Dist=358.0, Win Bonus=0.0
[2026-05-22 10:28:05] SCORE Gruppe 10 (blue): Final=896.2, Time=96.2, Moves(23)=0.0, Pins(5)=500.0, Dist=300.0, Win Bonus=0.0
[2026-05-22 10:28:05] SCORE StockWish (yellow): Final=812.4, Time=96.4, Moves(23)=0.0, Pins(4)=400.0, Dist=316.0, Win Bonus=0.0
[2026-05-22 10:28:05] SCORE Gruppe 67 (purple): Final=811.0, Time=73.0, Moves(22)=0.0, Pins(4)=400.0, Dist=338.0, Win Bonus=0.0
[2026-05-22 10:28:05] ALL WRONG MOVES BY COLOUR: {'purple': ['65 (turn timeout)']}
[2026-05-22 10:28:05] MOVE 140: StockWish (yellow) 81->82 [0.01ms]
[2026-05-22 10:28:05] SCORE Group7 (lawn green): Final=1054.8, Time=88.8, Moves(24)=0.0, Pins(6)=600.0, Dist=366.0, Win Bonus=0.0
[2026-05-22 10:28:05] SCORE Robert (gray0): Final=849.7, Time=91.7, Moves(23)=0.0, Pins(4)=400.0, Dist=358.0, Win Bonus=0.0
[2026-05-22 10:28:05] SCORE group 99 (red): Final=828.5, Time=70.5, Moves(23)=0.0, Pins(4)=400.0, Dist=358.0, Win Bonus=0.0
[2026-05-22 10:28:05] SCORE Gruppe 10 (blue): Final=896.2, Time=96.2, Moves(23)=0.0, Pins(5)=500.0, Dist=300.0, Win Bonus=0.0
[2026-05-22 10:28:05] SCORE StockWish (yellow): Final=814.2, Time=96.2, Moves(24)=0.0, Pins(4)=400.0, Dist=318.0, Win Bonus=0.0
[2026-05-22 10:28:05] SCORE Gruppe 67 (purple): Final=811.0, Time=73.0, Moves(22)=0.0, Pins(4)=400.0, Dist=338.0, Win Bonus=0.0
[2026-05-22 10:28:05] ALL WRONG MOVES BY COLOUR: {'purple': ['65 (turn timeout)']}
[2026-05-22 10:28:06] MOVE 141: Gruppe 10 (blue) 114->119 [0.01ms]
[2026-05-22 10:28:06] SCORE Group7 (lawn green): Final=1054.8, Time=88.8, Moves(24)=0.0, Pins(6)=600.0, Dist=366.0, Win Bonus=0.0
[2026-05-22 10:28:06] SCORE Robert (gray0): Final=849.7, Time=91.7, Moves(23)=0.0, Pins(4)=400.0, Dist=358.0, Win Bonus=0.0
[2026-05-22 10:28:06] SCORE group 99 (red): Final=828.5, Time=70.5, Moves(23)=0.0, Pins(4)=400.0, Dist=358.0, Win Bonus=0.0
[2026-05-22 10:28:06] SCORE Gruppe 10 (blue): Final=896.0, Time=96.0, Moves(24)=0.0, Pins(5)=500.0, Dist=300.0, Win Bonus=0.0
[2026-05-22 10:28:06] SCORE StockWish (yellow): Final=814.2, Time=96.2, Moves(24)=0.0, Pins(4)=400.0, Dist=318.0, Win Bonus=0.0
[2026-05-22 10:28:06] SCORE Gruppe 67 (purple): Final=811.0, Time=73.0, Moves(22)=0.0, Pins(4)=400.0, Dist=338.0, Win Bonus=0.0
[2026-05-22 10:28:06] ALL WRONG MOVES BY COLOUR: {'purple': ['65 (turn timeout)']}
[2026-05-22 10:28:06] MOVE 142: Robert (gray0) 52->42 [0.01ms]
[2026-05-22 10:28:06] SCORE Group7 (lawn green): Final=1054.8, Time=88.8, Moves(24)=0.0, Pins(6)=600.0, Dist=366.0, Win Bonus=0.0
[2026-05-22 10:28:06] SCORE Robert (gray0): Final=851.5, Time=91.5, Moves(24)=0.0, Pins(4)=400.0, Dist=360.0, Win Bonus=0.0
[2026-05-22 10:28:06] SCORE group 99 (red): Final=828.5, Time=70.5, Moves(23)=0.0, Pins(4)=400.0, Dist=358.0, Win Bonus=0.0
[2026-05-22 10:28:06] SCORE Gruppe 10 (blue): Final=896.0, Time=96.0, Moves(24)=0.0, Pins(5)=500.0, Dist=300.0, Win Bonus=0.0
[2026-05-22 10:28:06] SCORE StockWish (yellow): Final=814.2, Time=96.2, Moves(24)=0.0, Pins(4)=400.0, Dist=318.0, Win Bonus=0.0
[2026-05-22 10:28:06] SCORE Gruppe 67 (purple): Final=811.0, Time=73.0, Moves(22)=0.0, Pins(4)=400.0, Dist=338.0, Win Bonus=0.0
[2026-05-22 10:28:06] ALL WRONG MOVES BY COLOUR: {'purple': ['65 (turn timeout)']}
[2026-05-22 10:28:08] MOVE 143: Gruppe 67 (purple) 54->50 [0.01ms]
[2026-05-22 10:28:08] SCORE Group7 (lawn green): Final=1054.8, Time=88.8, Moves(24)=0.0, Pins(6)=600.0, Dist=366.0, Win Bonus=0.0
[2026-05-22 10:28:08] SCORE Robert (gray0): Final=851.5, Time=91.5, Moves(24)=0.0, Pins(4)=400.0, Dist=360.0, Win Bonus=0.0
[2026-05-22 10:28:08] SCORE group 99 (red): Final=828.5, Time=70.5, Moves(23)=0.0, Pins(4)=400.0, Dist=358.0, Win Bonus=0.0
[2026-05-22 10:28:08] SCORE Gruppe 10 (blue): Final=896.0, Time=96.0, Moves(24)=0.0, Pins(5)=500.0, Dist=300.0, Win Bonus=0.0
[2026-05-22 10:28:08] SCORE StockWish (yellow): Final=814.2, Time=96.2, Moves(24)=0.0, Pins(4)=400.0, Dist=318.0, Win Bonus=0.0
[2026-05-22 10:28:08] SCORE Gruppe 67 (purple): Final=817.2, Time=71.2, Moves(23)=0.0, Pins(4)=400.0, Dist=346.0, Win Bonus=0.0
[2026-05-22 10:28:08] ALL WRONG MOVES BY COLOUR: {'purple': ['65 (turn timeout)']}
[2026-05-22 10:28:09] MOVE 144: group 99 (red) 115->112 [0.01ms]
[2026-05-22 10:28:09] SCORE Group7 (lawn green): Final=1054.8, Time=88.8, Moves(24)=0.0, Pins(6)=600.0, Dist=366.0, Win Bonus=0.0
[2026-05-22 10:28:09] SCORE Robert (gray0): Final=851.5, Time=91.5, Moves(24)=0.0, Pins(4)=400.0, Dist=360.0, Win Bonus=0.0
[2026-05-22 10:28:09] SCORE group 99 (red): Final=829.4, Time=69.4, Moves(24)=0.0, Pins(4)=400.0, Dist=360.0, Win Bonus=0.0
[2026-05-22 10:28:09] SCORE Gruppe 10 (blue): Final=896.0, Time=96.0, Moves(24)=0.0, Pins(5)=500.0, Dist=300.0, Win Bonus=0.0
[2026-05-22 10:28:09] SCORE StockWish (yellow): Final=814.2, Time=96.2, Moves(24)=0.0, Pins(4)=400.0, Dist=318.0, Win Bonus=0.0
[2026-05-22 10:28:09] SCORE Gruppe 67 (purple): Final=817.2, Time=71.2, Moves(23)=0.0, Pins(4)=400.0, Dist=346.0, Win Bonus=0.0
[2026-05-22 10:28:09] ALL WRONG MOVES BY COLOUR: {'purple': ['65 (turn timeout)']}
[2026-05-22 10:28:09] MOVE 145: Group7 (lawn green) 102->101 [0.01ms]
[2026-05-22 10:28:09] SCORE Group7 (lawn green): Final=1156.5, Time=88.5, Moves(25)=0.0, Pins(7)=700.0, Dist=368.0, Win Bonus=0.0
[2026-05-22 10:28:09] SCORE Robert (gray0): Final=851.5, Time=91.5, Moves(24)=0.0, Pins(4)=400.0, Dist=360.0, Win Bonus=0.0
[2026-05-22 10:28:09] SCORE group 99 (red): Final=829.4, Time=69.4, Moves(24)=0.0, Pins(4)=400.0, Dist=360.0, Win Bonus=0.0
[2026-05-22 10:28:09] SCORE Gruppe 10 (blue): Final=896.0, Time=96.0, Moves(24)=0.0, Pins(5)=500.0, Dist=300.0, Win Bonus=0.0
[2026-05-22 10:28:09] SCORE StockWish (yellow): Final=814.2, Time=96.2, Moves(24)=0.0, Pins(4)=400.0, Dist=318.0, Win Bonus=0.0
[2026-05-22 10:28:09] SCORE Gruppe 67 (purple): Final=817.2, Time=71.2, Moves(23)=0.0, Pins(4)=400.0, Dist=346.0, Win Bonus=0.0
[2026-05-22 10:28:09] ALL WRONG MOVES BY COLOUR: {'purple': ['65 (turn timeout)']}
[2026-05-22 10:28:09] MOVE 146: StockWish (yellow) 82->83 [0.01ms]
[2026-05-22 10:28:09] SCORE Group7 (lawn green): Final=1156.5, Time=88.5, Moves(25)=0.0, Pins(7)=700.0, Dist=368.0, Win Bonus=0.0
[2026-05-22 10:28:09] SCORE Robert (gray0): Final=851.5, Time=91.5, Moves(24)=0.0, Pins(4)=400.0, Dist=360.0, Win Bonus=0.0
[2026-05-22 10:28:09] SCORE group 99 (red): Final=829.4, Time=69.4, Moves(24)=0.0, Pins(4)=400.0, Dist=360.0, Win Bonus=0.0
[2026-05-22 10:28:09] SCORE Gruppe 10 (blue): Final=896.0, Time=96.0, Moves(24)=0.0, Pins(5)=500.0, Dist=300.0, Win Bonus=0.0
[2026-05-22 10:28:09] SCORE StockWish (yellow): Final=816.2, Time=96.2, Moves(25)=0.0, Pins(4)=400.0, Dist=320.0, Win Bonus=0.0
[2026-05-22 10:28:09] SCORE Gruppe 67 (purple): Final=817.2, Time=71.2, Moves(23)=0.0, Pins(4)=400.0, Dist=346.0, Win Bonus=0.0
[2026-05-22 10:28:09] ALL WRONG MOVES BY COLOUR: {'purple': ['65 (turn timeout)']}
[2026-05-22 10:28:09] MOVE 147: Gruppe 10 (blue) 119->118 [0.00ms]
[2026-05-22 10:28:09] SCORE Group7 (lawn green): Final=1156.5, Time=88.5, Moves(25)=0.0, Pins(7)=700.0, Dist=368.0, Win Bonus=0.0
[2026-05-22 10:28:09] SCORE Robert (gray0): Final=851.5, Time=91.5, Moves(24)=0.0, Pins(4)=400.0, Dist=360.0, Win Bonus=0.0
[2026-05-22 10:28:09] SCORE group 99 (red): Final=829.4, Time=69.4, Moves(24)=0.0, Pins(4)=400.0, Dist=360.0, Win Bonus=0.0
[2026-05-22 10:28:09] SCORE Gruppe 10 (blue): Final=895.9, Time=95.9, Moves(25)=0.0, Pins(5)=500.0, Dist=300.0, Win Bonus=0.0
[2026-05-22 10:28:09] SCORE StockWish (yellow): Final=816.2, Time=96.2, Moves(25)=0.0, Pins(4)=400.0, Dist=320.0, Win Bonus=0.0
[2026-05-22 10:28:09] SCORE Gruppe 67 (purple): Final=817.2, Time=71.2, Moves(23)=0.0, Pins(4)=400.0, Dist=346.0, Win Bonus=0.0
[2026-05-22 10:28:09] ALL WRONG MOVES BY COLOUR: {'purple': ['65 (turn timeout)']}
[2026-05-22 10:28:09] MOVE 148: Robert (gray0) 9->54 [0.01ms]
[2026-05-22 10:28:09] SCORE Group7 (lawn green): Final=1156.5, Time=88.5, Moves(25)=0.0, Pins(7)=700.0, Dist=368.0, Win Bonus=0.0
[2026-05-22 10:28:09] SCORE Robert (gray0): Final=853.4, Time=91.4, Moves(25)=0.0, Pins(4)=400.0, Dist=362.0, Win Bonus=0.0
[2026-05-22 10:28:09] SCORE group 99 (red): Final=829.4, Time=69.4, Moves(24)=0.0, Pins(4)=400.0, Dist=360.0, Win Bonus=0.0
[2026-05-22 10:28:09] SCORE Gruppe 10 (blue): Final=895.9, Time=95.9, Moves(25)=0.0, Pins(5)=500.0, Dist=300.0, Win Bonus=0.0
[2026-05-22 10:28:09] SCORE StockWish (yellow): Final=816.2, Time=96.2, Moves(25)=0.0, Pins(4)=400.0, Dist=320.0, Win Bonus=0.0
[2026-05-22 10:28:09] SCORE Gruppe 67 (purple): Final=817.2, Time=71.2, Moves(23)=0.0, Pins(4)=400.0, Dist=346.0, Win Bonus=0.0
[2026-05-22 10:28:09] ALL WRONG MOVES BY COLOUR: {'purple': ['65 (turn timeout)']}
[2026-05-22 10:28:11] MOVE 149: Gruppe 67 (purple) 30->28 [0.00ms]
[2026-05-22 10:28:11] SCORE Group7 (lawn green): Final=1156.5, Time=88.5, Moves(25)=0.0, Pins(7)=700.0, Dist=368.0, Win Bonus=0.0
[2026-05-22 10:28:11] SCORE Robert (gray0): Final=853.4, Time=91.4, Moves(25)=0.0, Pins(4)=400.0, Dist=362.0, Win Bonus=0.0
[2026-05-22 10:28:11] SCORE group 99 (red): Final=829.4, Time=69.4, Moves(24)=0.0, Pins(4)=400.0, Dist=360.0, Win Bonus=0.0
[2026-05-22 10:28:11] SCORE Gruppe 10 (blue): Final=895.9, Time=95.9, Moves(25)=0.0, Pins(5)=500.0, Dist=300.0, Win Bonus=0.0
[2026-05-22 10:28:11] SCORE StockWish (yellow): Final=816.2, Time=96.2, Moves(25)=0.0, Pins(4)=400.0, Dist=320.0, Win Bonus=0.0
[2026-05-22 10:28:11] SCORE Gruppe 67 (purple): Final=819.7, Time=69.7, Moves(24)=0.0, Pins(4)=400.0, Dist=350.0, Win Bonus=0.0
[2026-05-22 10:28:11] ALL WRONG MOVES BY COLOUR: {'purple': ['65 (turn timeout)']}
[2026-05-22 10:28:12] MOVE 150: group 99 (red) 29->9 [0.01ms]
[2026-05-22 10:28:12] SCORE Group7 (lawn green): Final=1156.5, Time=88.5, Moves(25)=0.0, Pins(7)=700.0, Dist=368.0, Win Bonus=0.0
[2026-05-22 10:28:12] SCORE Robert (gray0): Final=853.4, Time=91.4, Moves(25)=0.0, Pins(4)=400.0, Dist=362.0, Win Bonus=0.0
[2026-05-22 10:28:12] SCORE group 99 (red): Final=932.4, Time=68.4, Moves(25)=0.0, Pins(5)=500.0, Dist=364.0, Win Bonus=0.0
[2026-05-22 10:28:12] SCORE Gruppe 10 (blue): Final=895.9, Time=95.9, Moves(25)=0.0, Pins(5)=500.0, Dist=300.0, Win Bonus=0.0
[2026-05-22 10:28:12] SCORE StockWish (yellow): Final=816.2, Time=96.2, Moves(25)=0.0, Pins(4)=400.0, Dist=320.0, Win Bonus=0.0
[2026-05-22 10:28:12] SCORE Gruppe 67 (purple): Final=819.7, Time=69.7, Moves(24)=0.0, Pins(4)=400.0, Dist=350.0, Win Bonus=0.0
[2026-05-22 10:28:12] ALL WRONG MOVES BY COLOUR: {'purple': ['65 (turn timeout)']}
[2026-05-22 10:28:12] MOVE 151: Group7 (lawn green) 17->29 [0.01ms]
[2026-05-22 10:28:12] SCORE Group7 (lawn green): Final=1158.0, Time=88.0, Moves(26)=0.0, Pins(7)=700.0, Dist=370.0, Win Bonus=0.0
[2026-05-22 10:28:12] SCORE Robert (gray0): Final=853.4, Time=91.4, Moves(25)=0.0, Pins(4)=400.0, Dist=362.0, Win Bonus=0.0
[2026-05-22 10:28:12] SCORE group 99 (red): Final=932.4, Time=68.4, Moves(25)=0.0, Pins(5)=500.0, Dist=364.0, Win Bonus=0.0
[2026-05-22 10:28:12] SCORE Gruppe 10 (blue): Final=895.9, Time=95.9, Moves(25)=0.0, Pins(5)=500.0, Dist=300.0, Win Bonus=0.0
[2026-05-22 10:28:12] SCORE StockWish (yellow): Final=816.2, Time=96.2, Moves(25)=0.0, Pins(4)=400.0, Dist=320.0, Win Bonus=0.0
[2026-05-22 10:28:12] SCORE Gruppe 67 (purple): Final=819.7, Time=69.7, Moves(24)=0.0, Pins(4)=400.0, Dist=350.0, Win Bonus=0.0
[2026-05-22 10:28:12] ALL WRONG MOVES BY COLOUR: {'purple': ['65 (turn timeout)']}
[2026-05-22 10:28:12] MOVE 152: StockWish (yellow) 95->108 [0.01ms]
[2026-05-22 10:28:12] SCORE Group7 (lawn green): Final=1158.0, Time=88.0, Moves(26)=0.0, Pins(7)=700.0, Dist=370.0, Win Bonus=0.0
[2026-05-22 10:28:12] SCORE Robert (gray0): Final=853.4, Time=91.4, Moves(25)=0.0, Pins(4)=400.0, Dist=362.0, Win Bonus=0.0
[2026-05-22 10:28:12] SCORE group 99 (red): Final=932.4, Time=68.4, Moves(25)=0.0, Pins(5)=500.0, Dist=364.0, Win Bonus=0.0
[2026-05-22 10:28:12] SCORE Gruppe 10 (blue): Final=895.9, Time=95.9, Moves(25)=0.0, Pins(5)=500.0, Dist=300.0, Win Bonus=0.0
[2026-05-22 10:28:12] SCORE StockWish (yellow): Final=816.1, Time=96.1, Moves(26)=0.0, Pins(4)=400.0, Dist=320.0, Win Bonus=0.0
[2026-05-22 10:28:12] SCORE Gruppe 67 (purple): Final=819.7, Time=69.7, Moves(24)=0.0, Pins(4)=400.0, Dist=350.0, Win Bonus=0.0
[2026-05-22 10:28:12] ALL WRONG MOVES BY COLOUR: {'purple': ['65 (turn timeout)']}
[2026-05-22 10:28:12] MOVE 153: Gruppe 10 (blue) 15->17 [0.01ms]
[2026-05-22 10:28:12] SCORE Group7 (lawn green): Final=1158.0, Time=88.0, Moves(26)=0.0, Pins(7)=700.0, Dist=370.0, Win Bonus=0.0
[2026-05-22 10:28:12] SCORE Robert (gray0): Final=853.4, Time=91.4, Moves(25)=0.0, Pins(4)=400.0, Dist=362.0, Win Bonus=0.0
[2026-05-22 10:28:13] SCORE group 99 (red): Final=932.4, Time=68.4, Moves(25)=0.0, Pins(5)=500.0, Dist=364.0, Win Bonus=0.0
[2026-05-22 10:28:13] SCORE Gruppe 10 (blue): Final=895.8, Time=95.8, Moves(26)=0.0, Pins(5)=500.0, Dist=300.0, Win Bonus=0.0
[2026-05-22 10:28:13] SCORE StockWish (yellow): Final=816.1, Time=96.1, Moves(26)=0.0, Pins(4)=400.0, Dist=320.0, Win Bonus=0.0
[2026-05-22 10:28:13] SCORE Gruppe 67 (purple): Final=819.7, Time=69.7, Moves(24)=0.0, Pins(4)=400.0, Dist=350.0, Win Bonus=0.0
[2026-05-22 10:28:13] ALL WRONG MOVES BY COLOUR: {'purple': ['65 (turn timeout)']}
[2026-05-22 10:28:13] MOVE 154: Robert (gray0) 42->21 [0.01ms]
[2026-05-22 10:28:13] SCORE Group7 (lawn green): Final=1158.0, Time=88.0, Moves(26)=0.0, Pins(7)=700.0, Dist=370.0, Win Bonus=0.0
[2026-05-22 10:28:13] SCORE Robert (gray0): Final=957.1, Time=91.1, Moves(26)=0.0, Pins(5)=500.0, Dist=366.0, Win Bonus=0.0
[2026-05-22 10:28:13] SCORE group 99 (red): Final=932.4, Time=68.4, Moves(25)=0.0, Pins(5)=500.0, Dist=364.0, Win Bonus=0.0
[2026-05-22 10:28:13] SCORE Gruppe 10 (blue): Final=895.8, Time=95.8, Moves(26)=0.0, Pins(5)=500.0, Dist=300.0, Win Bonus=0.0
[2026-05-22 10:28:13] SCORE StockWish (yellow): Final=816.1, Time=96.1, Moves(26)=0.0, Pins(4)=400.0, Dist=320.0, Win Bonus=0.0
[2026-05-22 10:28:13] SCORE Gruppe 67 (purple): Final=819.7, Time=69.7, Moves(24)=0.0, Pins(4)=400.0, Dist=350.0, Win Bonus=0.0
[2026-05-22 10:28:13] ALL WRONG MOVES BY COLOUR: {'purple': ['65 (turn timeout)']}
[2026-05-22 10:28:14] MOVE 155: Gruppe 67 (purple) 40->13 [0.02ms]
[2026-05-22 10:28:14] SCORE Group7 (lawn green): Final=1158.0, Time=88.0, Moves(26)=0.0, Pins(7)=700.0, Dist=370.0, Win Bonus=0.0
[2026-05-22 10:28:14] SCORE Robert (gray0): Final=957.1, Time=91.1, Moves(26)=0.0, Pins(5)=500.0, Dist=366.0, Win Bonus=0.0
[2026-05-22 10:28:14] SCORE group 99 (red): Final=932.4, Time=68.4, Moves(25)=0.0, Pins(5)=500.0, Dist=364.0, Win Bonus=0.0
[2026-05-22 10:28:14] SCORE Gruppe 10 (blue): Final=895.8, Time=95.8, Moves(26)=0.0, Pins(5)=500.0, Dist=300.0, Win Bonus=0.0
[2026-05-22 10:28:14] SCORE StockWish (yellow): Final=816.1, Time=96.1, Moves(26)=0.0, Pins(4)=400.0, Dist=320.0, Win Bonus=0.0
[2026-05-22 10:28:14] SCORE Gruppe 67 (purple): Final=926.4, Time=68.4, Moves(25)=0.0, Pins(5)=500.0, Dist=358.0, Win Bonus=0.0
[2026-05-22 10:28:14] ALL WRONG MOVES BY COLOUR: {'purple': ['65 (turn timeout)']}
[2026-05-22 10:28:15] MOVE 156: group 99 (red) 112->90 [0.01ms]
[2026-05-22 10:28:15] SCORE Group7 (lawn green): Final=1158.0, Time=88.0, Moves(26)=0.0, Pins(7)=700.0, Dist=370.0, Win Bonus=0.0
[2026-05-22 10:28:15] SCORE Robert (gray0): Final=957.1, Time=91.1, Moves(26)=0.0, Pins(5)=500.0, Dist=366.0, Win Bonus=0.0
[2026-05-22 10:28:15] SCORE group 99 (red): Final=935.3, Time=67.3, Moves(26)=0.0, Pins(5)=500.0, Dist=368.0, Win Bonus=0.0
[2026-05-22 10:28:15] SCORE Gruppe 10 (blue): Final=895.8, Time=95.8, Moves(26)=0.0, Pins(5)=500.0, Dist=300.0, Win Bonus=0.0
[2026-05-22 10:28:15] SCORE StockWish (yellow): Final=816.1, Time=96.1, Moves(26)=0.0, Pins(4)=400.0, Dist=320.0, Win Bonus=0.0
[2026-05-22 10:28:15] SCORE Gruppe 67 (purple): Final=926.4, Time=68.4, Moves(25)=0.0, Pins(5)=500.0, Dist=358.0, Win Bonus=0.0
[2026-05-22 10:28:15] ALL WRONG MOVES BY COLOUR: {'purple': ['65 (turn timeout)']}
[2026-05-22 10:28:16] MOVE 157: Group7 (lawn green) 14->56 [0.01ms]
[2026-05-22 10:28:16] SCORE Group7 (lawn green): Final=1165.5, Time=87.5, Moves(27)=0.0, Pins(7)=700.0, Dist=378.0, Win Bonus=0.0
[2026-05-22 10:28:16] SCORE Robert (gray0): Final=957.1, Time=91.1, Moves(26)=0.0, Pins(5)=500.0, Dist=366.0, Win Bonus=0.0
[2026-05-22 10:28:16] SCORE group 99 (red): Final=935.3, Time=67.3, Moves(26)=0.0, Pins(5)=500.0, Dist=368.0, Win Bonus=0.0
[2026-05-22 10:28:16] SCORE Gruppe 10 (blue): Final=895.8, Time=95.8, Moves(26)=0.0, Pins(5)=500.0, Dist=300.0, Win Bonus=0.0
[2026-05-22 10:28:16] SCORE StockWish (yellow): Final=816.1, Time=96.1, Moves(26)=0.0, Pins(4)=400.0, Dist=320.0, Win Bonus=0.0
[2026-05-22 10:28:16] SCORE Gruppe 67 (purple): Final=926.4, Time=68.4, Moves(25)=0.0, Pins(5)=500.0, Dist=358.0, Win Bonus=0.0
[2026-05-22 10:28:16] ALL WRONG MOVES BY COLOUR: {'purple': ['65 (turn timeout)']}
[2026-05-22 10:28:16] MOVE 158: StockWish (yellow) 23->70 [0.01ms]
[2026-05-22 10:28:16] SCORE Group7 (lawn green): Final=1165.5, Time=87.5, Moves(27)=0.0, Pins(7)=700.0, Dist=378.0, Win Bonus=0.0
[2026-05-22 10:28:16] SCORE Robert (gray0): Final=957.1, Time=91.1, Moves(26)=0.0, Pins(5)=500.0, Dist=366.0, Win Bonus=0.0
[2026-05-22 10:28:16] SCORE group 99 (red): Final=935.3, Time=67.3, Moves(26)=0.0, Pins(5)=500.0, Dist=368.0, Win Bonus=0.0
[2026-05-22 10:28:16] SCORE Gruppe 10 (blue): Final=895.8, Time=95.8, Moves(26)=0.0, Pins(5)=500.0, Dist=300.0, Win Bonus=0.0
[2026-05-22 10:28:16] SCORE StockWish (yellow): Final=832.0, Time=96.0, Moves(27)=0.0, Pins(4)=400.0, Dist=336.0, Win Bonus=0.0
[2026-05-22 10:28:16] SCORE Gruppe 67 (purple): Final=926.4, Time=68.4, Moves(25)=0.0, Pins(5)=500.0, Dist=358.0, Win Bonus=0.0
[2026-05-22 10:28:16] ALL WRONG MOVES BY COLOUR: {'purple': ['65 (turn timeout)']}
[2026-05-22 10:28:16] MOVE 159: Gruppe 10 (blue) 4->61 [0.01ms]
[2026-05-22 10:28:16] SCORE Group7 (lawn green): Final=1165.5, Time=87.5, Moves(27)=0.0, Pins(7)=700.0, Dist=378.0, Win Bonus=0.0
[2026-05-22 10:28:16] SCORE Robert (gray0): Final=957.1, Time=91.1, Moves(26)=0.0, Pins(5)=500.0, Dist=366.0, Win Bonus=0.0
[2026-05-22 10:28:16] SCORE group 99 (red): Final=935.3, Time=67.3, Moves(26)=0.0, Pins(5)=500.0, Dist=368.0, Win Bonus=0.0
[2026-05-22 10:28:16] SCORE Gruppe 10 (blue): Final=907.6, Time=95.6, Moves(27)=0.0, Pins(5)=500.0, Dist=312.0, Win Bonus=0.0
[2026-05-22 10:28:16] SCORE StockWish (yellow): Final=832.0, Time=96.0, Moves(27)=0.0, Pins(4)=400.0, Dist=336.0, Win Bonus=0.0
[2026-05-22 10:28:16] SCORE Gruppe 67 (purple): Final=926.4, Time=68.4, Moves(25)=0.0, Pins(5)=500.0, Dist=358.0, Win Bonus=0.0
[2026-05-22 10:28:16] ALL WRONG MOVES BY COLOUR: {'purple': ['65 (turn timeout)']}
[2026-05-22 10:28:16] MOVE 160: Robert (gray0) 74->64 [0.00ms]
[2026-05-22 10:28:16] SCORE Group7 (lawn green): Final=1165.5, Time=87.5, Moves(27)=0.0, Pins(7)=700.0, Dist=378.0, Win Bonus=0.0
[2026-05-22 10:28:16] SCORE Robert (gray0): Final=958.7, Time=90.7, Moves(27)=0.0, Pins(5)=500.0, Dist=368.0, Win Bonus=0.0
[2026-05-22 10:28:16] SCORE group 99 (red): Final=935.3, Time=67.3, Moves(26)=0.0, Pins(5)=500.0, Dist=368.0, Win Bonus=0.0
[2026-05-22 10:28:16] SCORE Gruppe 10 (blue): Final=907.6, Time=95.6, Moves(27)=0.0, Pins(5)=500.0, Dist=312.0, Win Bonus=0.0
[2026-05-22 10:28:16] SCORE StockWish (yellow): Final=832.0, Time=96.0, Moves(27)=0.0, Pins(4)=400.0, Dist=336.0, Win Bonus=0.0
[2026-05-22 10:28:16] SCORE Gruppe 67 (purple): Final=926.4, Time=68.4, Moves(25)=0.0, Pins(5)=500.0, Dist=358.0, Win Bonus=0.0
[2026-05-22 10:28:16] ALL WRONG MOVES BY COLOUR: {'purple': ['65 (turn timeout)']}
[2026-05-22 10:28:18] MOVE 161: Gruppe 67 (purple) 103->78 [0.01ms]
[2026-05-22 10:28:18] SCORE Group7 (lawn green): Final=1165.5, Time=87.5, Moves(27)=0.0, Pins(7)=700.0, Dist=378.0, Win Bonus=0.0
[2026-05-22 10:28:18] SCORE Robert (gray0): Final=958.7, Time=90.7, Moves(27)=0.0, Pins(5)=500.0, Dist=368.0, Win Bonus=0.0
[2026-05-22 10:28:18] SCORE group 99 (red): Final=935.3, Time=67.3, Moves(26)=0.0, Pins(5)=500.0, Dist=368.0, Win Bonus=0.0
[2026-05-22 10:28:18] SCORE Gruppe 10 (blue): Final=907.6, Time=95.6, Moves(27)=0.0, Pins(5)=500.0, Dist=312.0, Win Bonus=0.0
[2026-05-22 10:28:18] SCORE StockWish (yellow): Final=832.0, Time=96.0, Moves(27)=0.0, Pins(4)=400.0, Dist=336.0, Win Bonus=0.0
[2026-05-22 10:28:18] SCORE Gruppe 67 (purple): Final=928.9, Time=66.9, Moves(26)=0.0, Pins(5)=500.0, Dist=362.0, Win Bonus=0.0
[2026-05-22 10:28:18] ALL WRONG MOVES BY COLOUR: {'purple': ['65 (turn timeout)']}
[2026-05-22 10:28:19] MOVE 162: group 99 (red) 90->67 [0.01ms]
[2026-05-22 10:28:19] SCORE Group7 (lawn green): Final=1165.5, Time=87.5, Moves(27)=0.0, Pins(7)=700.0, Dist=378.0, Win Bonus=0.0
[2026-05-22 10:28:19] SCORE Robert (gray0): Final=958.7, Time=90.7, Moves(27)=0.0, Pins(5)=500.0, Dist=368.0, Win Bonus=0.0
[2026-05-22 10:28:19] SCORE group 99 (red): Final=938.1, Time=66.1, Moves(27)=0.0, Pins(5)=500.0, Dist=372.0, Win Bonus=0.0
[2026-05-22 10:28:19] SCORE Gruppe 10 (blue): Final=907.6, Time=95.6, Moves(27)=0.0, Pins(5)=500.0, Dist=312.0, Win Bonus=0.0
[2026-05-22 10:28:19] SCORE StockWish (yellow): Final=832.0, Time=96.0, Moves(27)=0.0, Pins(4)=400.0, Dist=336.0, Win Bonus=0.0
[2026-05-22 10:28:19] SCORE Gruppe 67 (purple): Final=928.9, Time=66.9, Moves(26)=0.0, Pins(5)=500.0, Dist=362.0, Win Bonus=0.0
[2026-05-22 10:28:19] ALL WRONG MOVES BY COLOUR: {'purple': ['65 (turn timeout)']}
[2026-05-22 10:28:19] MOVE 163: Group7 (lawn green) 29->27 [0.00ms]
[2026-05-22 10:28:19] SCORE Group7 (lawn green): Final=1168.9, Time=86.9, Moves(28)=0.0, Pins(7)=700.0, Dist=382.0, Win Bonus=0.0
[2026-05-22 10:28:19] SCORE Robert (gray0): Final=958.7, Time=90.7, Moves(27)=0.0, Pins(5)=500.0, Dist=368.0, Win Bonus=0.0
[2026-05-22 10:28:19] SCORE group 99 (red): Final=938.1, Time=66.1, Moves(27)=0.0, Pins(5)=500.0, Dist=372.0, Win Bonus=0.0
[2026-05-22 10:28:19] SCORE Gruppe 10 (blue): Final=907.6, Time=95.6, Moves(27)=0.0, Pins(5)=500.0, Dist=312.0, Win Bonus=0.0
[2026-05-22 10:28:19] SCORE StockWish (yellow): Final=832.0, Time=96.0, Moves(27)=0.0, Pins(4)=400.0, Dist=336.0, Win Bonus=0.0
[2026-05-22 10:28:20] SCORE Gruppe 67 (purple): Final=928.9, Time=66.9, Moves(26)=0.0, Pins(5)=500.0, Dist=362.0, Win Bonus=0.0
[2026-05-22 10:28:20] ALL WRONG MOVES BY COLOUR: {'purple': ['65 (turn timeout)']}
[2026-05-22 10:28:20] MOVE 164: StockWish (yellow) 70->71 [0.00ms]
[2026-05-22 10:28:20] SCORE Group7 (lawn green): Final=1168.9, Time=86.9, Moves(28)=0.0, Pins(7)=700.0, Dist=382.0, Win Bonus=0.0
[2026-05-22 10:28:20] SCORE Robert (gray0): Final=958.7, Time=90.7, Moves(27)=0.0, Pins(5)=500.0, Dist=368.0, Win Bonus=0.0
[2026-05-22 10:28:20] SCORE group 99 (red): Final=938.1, Time=66.1, Moves(27)=0.0, Pins(5)=500.0, Dist=372.0, Win Bonus=0.0
[2026-05-22 10:28:20] SCORE Gruppe 10 (blue): Final=907.6, Time=95.6, Moves(27)=0.0, Pins(5)=500.0, Dist=312.0, Win Bonus=0.0
[2026-05-22 10:28:20] SCORE StockWish (yellow): Final=833.9, Time=95.9, Moves(28)=0.0, Pins(4)=400.0, Dist=338.0, Win Bonus=0.0
[2026-05-22 10:28:20] SCORE Gruppe 67 (purple): Final=928.9, Time=66.9, Moves(26)=0.0, Pins(5)=500.0, Dist=362.0, Win Bonus=0.0
[2026-05-22 10:28:20] ALL WRONG MOVES BY COLOUR: {'purple': ['65 (turn timeout)']}
[2026-05-22 10:28:20] MOVE 165: Gruppe 10 (blue) 1->4 [0.01ms]
[2026-05-22 10:28:20] SCORE Group7 (lawn green): Final=1168.9, Time=86.9, Moves(28)=0.0, Pins(7)=700.0, Dist=382.0, Win Bonus=0.0
[2026-05-22 10:28:20] SCORE Robert (gray0): Final=958.7, Time=90.7, Moves(27)=0.0, Pins(5)=500.0, Dist=368.0, Win Bonus=0.0
[2026-05-22 10:28:20] SCORE group 99 (red): Final=938.1, Time=66.1, Moves(27)=0.0, Pins(5)=500.0, Dist=372.0, Win Bonus=0.0
[2026-05-22 10:28:20] SCORE Gruppe 10 (blue): Final=909.5, Time=95.5, Moves(28)=0.0, Pins(5)=500.0, Dist=314.0, Win Bonus=0.0
[2026-05-22 10:28:20] SCORE StockWish (yellow): Final=833.9, Time=95.9, Moves(28)=0.0, Pins(4)=400.0, Dist=338.0, Win Bonus=0.0
[2026-05-22 10:28:20] SCORE Gruppe 67 (purple): Final=928.9, Time=66.9, Moves(26)=0.0, Pins(5)=500.0, Dist=362.0, Win Bonus=0.0
[2026-05-22 10:28:20] ALL WRONG MOVES BY COLOUR: {'purple': ['65 (turn timeout)']}
[2026-05-22 10:28:20] MOVE 166: Robert (gray0) 77->45 [0.01ms]
[2026-05-22 10:28:20] SCORE Group7 (lawn green): Final=1168.9, Time=86.9, Moves(28)=0.0, Pins(7)=700.0, Dist=382.0, Win Bonus=0.0
[2026-05-22 10:28:20] SCORE Robert (gray0): Final=1076.3, Time=90.3, Moves(28)=0.0, Pins(6)=600.0, Dist=386.0, Win Bonus=0.0
[2026-05-22 10:28:20] SCORE group 99 (red): Final=938.1, Time=66.1, Moves(27)=0.0, Pins(5)=500.0, Dist=372.0, Win Bonus=0.0
[2026-05-22 10:28:20] SCORE Gruppe 10 (blue): Final=909.5, Time=95.5, Moves(28)=0.0, Pins(5)=500.0, Dist=314.0, Win Bonus=0.0
[2026-05-22 10:28:20] SCORE StockWish (yellow): Final=833.9, Time=95.9, Moves(28)=0.0, Pins(4)=400.0, Dist=338.0, Win Bonus=0.0
[2026-05-22 10:28:20] SCORE Gruppe 67 (purple): Final=928.9, Time=66.9, Moves(26)=0.0, Pins(5)=500.0, Dist=362.0, Win Bonus=0.0
[2026-05-22 10:28:20] ALL WRONG MOVES BY COLOUR: {'purple': ['65 (turn timeout)']}
[2026-05-22 10:28:22] MOVE 167: Gruppe 67 (purple) 50->46 [0.00ms]
[2026-05-22 10:28:22] SCORE Group7 (lawn green): Final=1168.9, Time=86.9, Moves(28)=0.0, Pins(7)=700.0, Dist=382.0, Win Bonus=0.0
[2026-05-22 10:28:22] SCORE Robert (gray0): Final=1076.3, Time=90.3, Moves(28)=0.0, Pins(6)=600.0, Dist=386.0, Win Bonus=0.0
[2026-05-22 10:28:22] SCORE group 99 (red): Final=938.1, Time=66.1, Moves(27)=0.0, Pins(5)=500.0, Dist=372.0, Win Bonus=0.0
[2026-05-22 10:28:22] SCORE Gruppe 10 (blue): Final=909.5, Time=95.5, Moves(28)=0.0, Pins(5)=500.0, Dist=314.0, Win Bonus=0.0
[2026-05-22 10:28:22] SCORE StockWish (yellow): Final=833.9, Time=95.9, Moves(28)=0.0, Pins(4)=400.0, Dist=338.0, Win Bonus=0.0
[2026-05-22 10:28:22] SCORE Gruppe 67 (purple): Final=1035.4, Time=65.4, Moves(27)=0.0, Pins(6)=600.0, Dist=370.0, Win Bonus=0.0
[2026-05-22 10:28:22] ALL WRONG MOVES BY COLOUR: {'purple': ['65 (turn timeout)']}
[2026-05-22 10:28:23] MOVE 168: group 99 (red) 3->1 [0.01ms]
[2026-05-22 10:28:23] SCORE Group7 (lawn green): Final=1168.9, Time=86.9, Moves(28)=0.0, Pins(7)=700.0, Dist=382.0, Win Bonus=0.0
[2026-05-22 10:28:23] SCORE Robert (gray0): Final=1076.3, Time=90.3, Moves(28)=0.0, Pins(6)=600.0, Dist=386.0, Win Bonus=0.0
[2026-05-22 10:28:23] SCORE group 99 (red): Final=937.1, Time=65.1, Moves(28)=0.0, Pins(5)=500.0, Dist=372.0, Win Bonus=0.0
[2026-05-22 10:28:23] SCORE Gruppe 10 (blue): Final=909.5, Time=95.5, Moves(28)=0.0, Pins(5)=500.0, Dist=314.0, Win Bonus=0.0
[2026-05-22 10:28:23] SCORE StockWish (yellow): Final=833.9, Time=95.9, Moves(28)=0.0, Pins(4)=400.0, Dist=338.0, Win Bonus=0.0
[2026-05-22 10:28:23] SCORE Gruppe 67 (purple): Final=1035.4, Time=65.4, Moves(27)=0.0, Pins(6)=600.0, Dist=370.0, Win Bonus=0.0
[2026-05-22 10:28:23] ALL WRONG MOVES BY COLOUR: {'purple': ['65 (turn timeout)']}
[2026-05-22 10:28:23] MOVE 169: Group7 (lawn green) 27->26 [0.01ms]
[2026-05-22 10:28:23] SCORE Group7 (lawn green): Final=1170.6, Time=86.5, Moves(29)=0.0, Pins(7)=700.0, Dist=384.0, Win Bonus=0.0
[2026-05-22 10:28:23] SCORE Robert (gray0): Final=1076.3, Time=90.3, Moves(28)=0.0, Pins(6)=600.0, Dist=386.0, Win Bonus=0.0
[2026-05-22 10:28:23] SCORE group 99 (red): Final=937.1, Time=65.1, Moves(28)=0.0, Pins(5)=500.0, Dist=372.0, Win Bonus=0.0
[2026-05-22 10:28:23] SCORE Gruppe 10 (blue): Final=909.5, Time=95.5, Moves(28)=0.0, Pins(5)=500.0, Dist=314.0, Win Bonus=0.0
[2026-05-22 10:28:23] SCORE StockWish (yellow): Final=833.9, Time=95.9, Moves(28)=0.0, Pins(4)=400.0, Dist=338.0, Win Bonus=0.0
[2026-05-22 10:28:23] SCORE Gruppe 67 (purple): Final=1035.4, Time=65.4, Moves(27)=0.0, Pins(6)=600.0, Dist=370.0, Win Bonus=0.0
[2026-05-22 10:28:23] ALL WRONG MOVES BY COLOUR: {'purple': ['65 (turn timeout)']}
[2026-05-22 10:28:23] MOVE 170: StockWish (yellow) 83->85 [0.01ms]
[2026-05-22 10:28:23] SCORE Group7 (lawn green): Final=1170.6, Time=86.5, Moves(29)=0.0, Pins(7)=700.0, Dist=384.0, Win Bonus=0.0
[2026-05-22 10:28:23] SCORE Robert (gray0): Final=1076.3, Time=90.3, Moves(28)=0.0, Pins(6)=600.0, Dist=386.0, Win Bonus=0.0
[2026-05-22 10:28:23] SCORE group 99 (red): Final=937.1, Time=65.1, Moves(28)=0.0, Pins(5)=500.0, Dist=372.0, Win Bonus=0.0
[2026-05-22 10:28:23] SCORE Gruppe 10 (blue): Final=909.5, Time=95.5, Moves(28)=0.0, Pins(5)=500.0, Dist=314.0, Win Bonus=0.0
[2026-05-22 10:28:23] SCORE StockWish (yellow): Final=935.9, Time=95.8, Moves(29)=0.0, Pins(5)=500.0, Dist=340.0, Win Bonus=0.0
[2026-05-22 10:28:23] SCORE Gruppe 67 (purple): Final=1035.4, Time=65.4, Moves(27)=0.0, Pins(6)=600.0, Dist=370.0, Win Bonus=0.0
[2026-05-22 10:28:23] ALL WRONG MOVES BY COLOUR: {'purple': ['65 (turn timeout)']}
[2026-05-22 10:28:23] MOVE 171: Gruppe 10 (blue) 61->40 [0.01ms]
[2026-05-22 10:28:23] SCORE Group7 (lawn green): Final=1170.6, Time=86.5, Moves(29)=0.0, Pins(7)=700.0, Dist=384.0, Win Bonus=0.0
[2026-05-22 10:28:23] SCORE Robert (gray0): Final=1076.3, Time=90.3, Moves(28)=0.0, Pins(6)=600.0, Dist=386.0, Win Bonus=0.0
[2026-05-22 10:28:23] SCORE group 99 (red): Final=937.1, Time=65.1, Moves(28)=0.0, Pins(5)=500.0, Dist=372.0, Win Bonus=0.0
[2026-05-22 10:28:23] SCORE Gruppe 10 (blue): Final=905.4, Time=95.4, Moves(29)=0.0, Pins(5)=500.0, Dist=310.0, Win Bonus=0.0
[2026-05-22 10:28:23] SCORE StockWish (yellow): Final=935.9, Time=95.8, Moves(29)=0.0, Pins(5)=500.0, Dist=340.0, Win Bonus=0.0
[2026-05-22 10:28:23] SCORE Gruppe 67 (purple): Final=1035.4, Time=65.4, Moves(27)=0.0, Pins(6)=600.0, Dist=370.0, Win Bonus=0.0
[2026-05-22 10:28:23] ALL WRONG MOVES BY COLOUR: {'purple': ['65 (turn timeout)']}
[2026-05-22 10:28:24] MOVE 172: Robert (gray0) 5->20 [0.01ms]
[2026-05-22 10:28:24] SCORE Group7 (lawn green): Final=1170.6, Time=86.5, Moves(29)=0.0, Pins(7)=700.0, Dist=384.0, Win Bonus=0.0
[2026-05-22 10:28:24] SCORE Robert (gray0): Final=1181.8, Time=89.8, Moves(29)=0.0, Pins(7)=700.0, Dist=392.0, Win Bonus=0.0
[2026-05-22 10:28:24] SCORE group 99 (red): Final=937.1, Time=65.1, Moves(28)=0.0, Pins(5)=500.0, Dist=372.0, Win Bonus=0.0
[2026-05-22 10:28:24] SCORE Gruppe 10 (blue): Final=905.4, Time=95.4, Moves(29)=0.0, Pins(5)=500.0, Dist=310.0, Win Bonus=0.0
[2026-05-22 10:28:24] SCORE StockWish (yellow): Final=935.9, Time=95.8, Moves(29)=0.0, Pins(5)=500.0, Dist=340.0, Win Bonus=0.0
[2026-05-22 10:28:24] SCORE Gruppe 67 (purple): Final=1035.4, Time=65.4, Moves(27)=0.0, Pins(6)=600.0, Dist=370.0, Win Bonus=0.0
[2026-05-22 10:28:24] ALL WRONG MOVES BY COLOUR: {'purple': ['65 (turn timeout)']}
[2026-05-22 10:28:25] MOVE 173: Gruppe 67 (purple) 28->27 [0.01ms]
[2026-05-22 10:28:25] SCORE Group7 (lawn green): Final=1170.6, Time=86.5, Moves(29)=0.0, Pins(7)=700.0, Dist=384.0, Win Bonus=0.0
[2026-05-22 10:28:25] SCORE Robert (gray0): Final=1181.8, Time=89.8, Moves(29)=0.0, Pins(7)=700.0, Dist=392.0, Win Bonus=0.0
[2026-05-22 10:28:25] SCORE group 99 (red): Final=937.1, Time=65.1, Moves(28)=0.0, Pins(5)=500.0, Dist=372.0, Win Bonus=0.0
[2026-05-22 10:28:25] SCORE Gruppe 10 (blue): Final=905.4, Time=95.4, Moves(29)=0.0, Pins(5)=500.0, Dist=310.0, Win Bonus=0.0
[2026-05-22 10:28:25] SCORE StockWish (yellow): Final=935.9, Time=95.8, Moves(29)=0.0, Pins(5)=500.0, Dist=340.0, Win Bonus=0.0
[2026-05-22 10:28:25] SCORE Gruppe 67 (purple): Final=1035.9, Time=63.9, Moves(28)=0.0, Pins(6)=600.0, Dist=372.0, Win Bonus=0.0
[2026-05-22 10:28:25] ALL WRONG MOVES BY COLOUR: {'purple': ['65 (turn timeout)']}
[2026-05-22 10:28:26] MOVE 174: group 99 (red) 16->0 [0.00ms]
[2026-05-22 10:28:26] SCORE Group7 (lawn green): Final=1170.6, Time=86.5, Moves(29)=0.0, Pins(7)=700.0, Dist=384.0, Win Bonus=0.0
[2026-05-22 10:28:26] SCORE Robert (gray0): Final=1181.8, Time=89.8, Moves(29)=0.0, Pins(7)=700.0, Dist=392.0, Win Bonus=0.0
[2026-05-22 10:28:26] SCORE group 99 (red): Final=1037.9, Time=63.9, Moves(29)=0.0, Pins(6)=600.0, Dist=374.0, Win Bonus=0.0
[2026-05-22 10:28:26] SCORE Gruppe 10 (blue): Final=905.4, Time=95.4, Moves(29)=0.0, Pins(5)=500.0, Dist=310.0, Win Bonus=0.0
[2026-05-22 10:28:26] SCORE StockWish (yellow): Final=935.9, Time=95.8, Moves(29)=0.0, Pins(5)=500.0, Dist=340.0, Win Bonus=0.0
[2026-05-22 10:28:26] SCORE Gruppe 67 (purple): Final=1035.9, Time=63.9, Moves(28)=0.0, Pins(6)=600.0, Dist=372.0, Win Bonus=0.0
[2026-05-22 10:28:26] ALL WRONG MOVES BY COLOUR: {'purple': ['65 (turn timeout)']}
[2026-05-22 10:28:27] MOVE 175: Group7 (lawn green) 26->37 [0.01ms]
[2026-05-22 10:28:27] SCORE Group7 (lawn green): Final=1172.2, Time=86.1, Moves(30)=0.1, Pins(7)=700.0, Dist=386.0, Win Bonus=0.0
[2026-05-22 10:28:27] SCORE Robert (gray0): Final=1181.8, Time=89.8, Moves(29)=0.0, Pins(7)=700.0, Dist=392.0, Win Bonus=0.0
[2026-05-22 10:28:27] SCORE group 99 (red): Final=1037.9, Time=63.9, Moves(29)=0.0, Pins(6)=600.0, Dist=374.0, Win Bonus=0.0
[2026-05-22 10:28:27] SCORE Gruppe 10 (blue): Final=905.4, Time=95.4, Moves(29)=0.0, Pins(5)=500.0, Dist=310.0, Win Bonus=0.0
[2026-05-22 10:28:27] SCORE StockWish (yellow): Final=935.9, Time=95.8, Moves(29)=0.0, Pins(5)=500.0, Dist=340.0, Win Bonus=0.0
[2026-05-22 10:28:27] SCORE Gruppe 67 (purple): Final=1035.9, Time=63.9, Moves(28)=0.0, Pins(6)=600.0, Dist=372.0, Win Bonus=0.0
[2026-05-22 10:28:27] ALL WRONG MOVES BY COLOUR: {'purple': ['65 (turn timeout)']}
[2026-05-22 10:28:27] MOVE 176: StockWish (yellow) 59->60 [0.01ms]
[2026-05-22 10:28:27] SCORE Group7 (lawn green): Final=1172.2, Time=86.1, Moves(30)=0.1, Pins(7)=700.0, Dist=386.0, Win Bonus=0.0
[2026-05-22 10:28:27] SCORE Robert (gray0): Final=1181.8, Time=89.8, Moves(29)=0.0, Pins(7)=700.0, Dist=392.0, Win Bonus=0.0
[2026-05-22 10:28:27] SCORE group 99 (red): Final=1037.9, Time=63.9, Moves(29)=0.0, Pins(6)=600.0, Dist=374.0, Win Bonus=0.0
[2026-05-22 10:28:27] SCORE Gruppe 10 (blue): Final=905.4, Time=95.4, Moves(29)=0.0, Pins(5)=500.0, Dist=310.0, Win Bonus=0.0
[2026-05-22 10:28:27] SCORE StockWish (yellow): Final=937.8, Time=95.7, Moves(30)=0.1, Pins(5)=500.0, Dist=342.0, Win Bonus=0.0
[2026-05-22 10:28:27] SCORE Gruppe 67 (purple): Final=1035.9, Time=63.9, Moves(28)=0.0, Pins(6)=600.0, Dist=372.0, Win Bonus=0.0
[2026-05-22 10:28:27] ALL WRONG MOVES BY COLOUR: {'purple': ['65 (turn timeout)']}
[2026-05-22 10:28:27] MOVE 177: Gruppe 10 (blue) 40->29 [0.00ms]
[2026-05-22 10:28:27] SCORE Group7 (lawn green): Final=1172.2, Time=86.1, Moves(30)=0.1, Pins(7)=700.0, Dist=386.0, Win Bonus=0.0
[2026-05-22 10:28:27] SCORE Robert (gray0): Final=1181.8, Time=89.8, Moves(29)=0.0, Pins(7)=700.0, Dist=392.0, Win Bonus=0.0
[2026-05-22 10:28:27] SCORE group 99 (red): Final=1037.9, Time=63.9, Moves(29)=0.0, Pins(6)=600.0, Dist=374.0, Win Bonus=0.0
[2026-05-22 10:28:27] SCORE Gruppe 10 (blue): Final=903.3, Time=95.3, Moves(30)=0.1, Pins(5)=500.0, Dist=308.0, Win Bonus=0.0
[2026-05-22 10:28:27] SCORE StockWish (yellow): Final=937.8, Time=95.7, Moves(30)=0.1, Pins(5)=500.0, Dist=342.0, Win Bonus=0.0
[2026-05-22 10:28:27] SCORE Gruppe 67 (purple): Final=1035.9, Time=63.9, Moves(28)=0.0, Pins(6)=600.0, Dist=372.0, Win Bonus=0.0
[2026-05-22 10:28:27] ALL WRONG MOVES BY COLOUR: {'purple': ['65 (turn timeout)']}
[2026-05-22 10:28:27] MOVE 178: Robert (gray0) 53->43 [0.01ms]
[2026-05-22 10:28:27] SCORE Group7 (lawn green): Final=1172.2, Time=86.1, Moves(30)=0.1, Pins(7)=700.0, Dist=386.0, Win Bonus=0.0
[2026-05-22 10:28:27] SCORE Robert (gray0): Final=1183.7, Time=89.6, Moves(30)=0.1, Pins(7)=700.0, Dist=394.0, Win Bonus=0.0
[2026-05-22 10:28:27] SCORE group 99 (red): Final=1037.9, Time=63.9, Moves(29)=0.0, Pins(6)=600.0, Dist=374.0, Win Bonus=0.0
[2026-05-22 10:28:27] SCORE Gruppe 10 (blue): Final=903.3, Time=95.3, Moves(30)=0.1, Pins(5)=500.0, Dist=308.0, Win Bonus=0.0
[2026-05-22 10:28:27] SCORE StockWish (yellow): Final=937.8, Time=95.7, Moves(30)=0.1, Pins(5)=500.0, Dist=342.0, Win Bonus=0.0
[2026-05-22 10:28:27] SCORE Gruppe 67 (purple): Final=1035.9, Time=63.9, Moves(28)=0.0, Pins(6)=600.0, Dist=372.0, Win Bonus=0.0
[2026-05-22 10:28:27] ALL WRONG MOVES BY COLOUR: {'purple': ['65 (turn timeout)']}
[2026-05-22 10:28:29] MOVE 179: Gruppe 67 (purple) 80->69 [0.01ms]
[2026-05-22 10:28:29] SCORE Group7 (lawn green): Final=1172.2, Time=86.1, Moves(30)=0.1, Pins(7)=700.0, Dist=386.0, Win Bonus=0.0
[2026-05-22 10:28:29] SCORE Robert (gray0): Final=1183.7, Time=89.6, Moves(30)=0.1, Pins(7)=700.0, Dist=394.0, Win Bonus=0.0
[2026-05-22 10:28:29] SCORE group 99 (red): Final=1037.9, Time=63.9, Moves(29)=0.0, Pins(6)=600.0, Dist=374.0, Win Bonus=0.0
[2026-05-22 10:28:29] SCORE Gruppe 10 (blue): Final=903.3, Time=95.3, Moves(30)=0.1, Pins(5)=500.0, Dist=308.0, Win Bonus=0.0
[2026-05-22 10:28:29] SCORE StockWish (yellow): Final=937.8, Time=95.7, Moves(30)=0.1, Pins(5)=500.0, Dist=342.0, Win Bonus=0.0
[2026-05-22 10:28:29] SCORE Gruppe 67 (purple): Final=1036.5, Time=62.5, Moves(29)=0.0, Pins(6)=600.0, Dist=374.0, Win Bonus=0.0
[2026-05-22 10:28:29] ALL WRONG MOVES BY COLOUR: {'purple': ['65 (turn timeout)']}
[2026-05-22 10:28:30] MOVE 180: group 99 (red) 18->3 [0.02ms]
[2026-05-22 10:28:30] SCORE Group7 (lawn green): Final=1172.2, Time=86.1, Moves(30)=0.1, Pins(7)=700.0, Dist=386.0, Win Bonus=0.0
[2026-05-22 10:28:30] SCORE Robert (gray0): Final=1183.7, Time=89.6, Moves(30)=0.1, Pins(7)=700.0, Dist=394.0, Win Bonus=0.0
[2026-05-22 10:28:30] SCORE group 99 (red): Final=1138.8, Time=62.7, Moves(30)=0.1, Pins(7)=700.0, Dist=376.0, Win Bonus=0.0
[2026-05-22 10:28:30] SCORE Gruppe 10 (blue): Final=903.3, Time=95.3, Moves(30)=0.1, Pins(5)=500.0, Dist=308.0, Win Bonus=0.0
[2026-05-22 10:28:30] SCORE StockWish (yellow): Final=937.8, Time=95.7, Moves(30)=0.1, Pins(5)=500.0, Dist=342.0, Win Bonus=0.0
[2026-05-22 10:28:30] SCORE Gruppe 67 (purple): Final=1036.5, Time=62.5, Moves(29)=0.0, Pins(6)=600.0, Dist=374.0, Win Bonus=0.0
[2026-05-22 10:28:30] ALL WRONG MOVES BY COLOUR: {'purple': ['65 (turn timeout)']}
[2026-05-22 10:28:30] MOVE 181: Group7 (lawn green) 37->77 [0.01ms]
[2026-05-22 10:28:30] SCORE Group7 (lawn green): Final=1176.0, Time=85.8, Moves(31)=0.2, Pins(7)=700.0, Dist=390.0, Win Bonus=0.0
[2026-05-22 10:28:30] SCORE Robert (gray0): Final=1183.7, Time=89.6, Moves(30)=0.1, Pins(7)=700.0, Dist=394.0, Win Bonus=0.0
[2026-05-22 10:28:30] SCORE group 99 (red): Final=1138.8, Time=62.7, Moves(30)=0.1, Pins(7)=700.0, Dist=376.0, Win Bonus=0.0
[2026-05-22 10:28:30] SCORE Gruppe 10 (blue): Final=903.3, Time=95.3, Moves(30)=0.1, Pins(5)=500.0, Dist=308.0, Win Bonus=0.0
[2026-05-22 10:28:30] SCORE StockWish (yellow): Final=937.8, Time=95.7, Moves(30)=0.1, Pins(5)=500.0, Dist=342.0, Win Bonus=0.0
[2026-05-22 10:28:30] SCORE Gruppe 67 (purple): Final=1036.5, Time=62.5, Moves(29)=0.0, Pins(6)=600.0, Dist=374.0, Win Bonus=0.0
[2026-05-22 10:28:30] ALL WRONG MOVES BY COLOUR: {'purple': ['65 (turn timeout)']}
[2026-05-22 10:28:30] MOVE 182: StockWish (yellow) 60->70 [0.01ms]
[2026-05-22 10:28:30] SCORE Group7 (lawn green): Final=1176.0, Time=85.8, Moves(31)=0.2, Pins(7)=700.0, Dist=390.0, Win Bonus=0.0
[2026-05-22 10:28:30] SCORE Robert (gray0): Final=1183.7, Time=89.6, Moves(30)=0.1, Pins(7)=700.0, Dist=394.0, Win Bonus=0.0
[2026-05-22 10:28:30] SCORE group 99 (red): Final=1138.8, Time=62.7, Moves(30)=0.1, Pins(7)=700.0, Dist=376.0, Win Bonus=0.0
[2026-05-22 10:28:30] SCORE Gruppe 10 (blue): Final=903.3, Time=95.3, Moves(30)=0.1, Pins(5)=500.0, Dist=308.0, Win Bonus=0.0
[2026-05-22 10:28:30] SCORE StockWish (yellow): Final=939.9, Time=95.6, Moves(31)=0.2, Pins(5)=500.0, Dist=344.0, Win Bonus=0.0
[2026-05-22 10:28:30] SCORE Gruppe 67 (purple): Final=1036.5, Time=62.5, Moves(29)=0.0, Pins(6)=600.0, Dist=374.0, Win Bonus=0.0
[2026-05-22 10:28:30] ALL WRONG MOVES BY COLOUR: {'purple': ['65 (turn timeout)']}
[2026-05-22 10:28:31] MOVE 183: Gruppe 10 (blue) 17->80 [0.00ms]
[2026-05-22 10:28:31] SCORE Group7 (lawn green): Final=1176.0, Time=85.8, Moves(31)=0.2, Pins(7)=700.0, Dist=390.0, Win Bonus=0.0
[2026-05-22 10:28:31] SCORE Robert (gray0): Final=1183.7, Time=89.6, Moves(30)=0.1, Pins(7)=700.0, Dist=394.0, Win Bonus=0.0
[2026-05-22 10:28:31] SCORE group 99 (red): Final=1138.8, Time=62.7, Moves(30)=0.1, Pins(7)=700.0, Dist=376.0, Win Bonus=0.0
[2026-05-22 10:28:31] SCORE Gruppe 10 (blue): Final=915.3, Time=95.1, Moves(31)=0.2, Pins(5)=500.0, Dist=320.0, Win Bonus=0.0
[2026-05-22 10:28:31] SCORE StockWish (yellow): Final=939.9, Time=95.6, Moves(31)=0.2, Pins(5)=500.0, Dist=344.0, Win Bonus=0.0
[2026-05-22 10:28:31] SCORE Gruppe 67 (purple): Final=1036.5, Time=62.5, Moves(29)=0.0, Pins(6)=600.0, Dist=374.0, Win Bonus=0.0
[2026-05-22 10:28:31] ALL WRONG MOVES BY COLOUR: {'purple': ['65 (turn timeout)']}
[2026-05-22 10:28:31] MOVE 184: Robert (gray0) 54->44 [0.01ms]
[2026-05-22 10:28:31] SCORE Group7 (lawn green): Final=1176.0, Time=85.8, Moves(31)=0.2, Pins(7)=700.0, Dist=390.0, Win Bonus=0.0
[2026-05-22 10:28:31] SCORE Robert (gray0): Final=1285.6, Time=89.4, Moves(31)=0.2, Pins(8)=800.0, Dist=396.0, Win Bonus=0.0
[2026-05-22 10:28:31] SCORE group 99 (red): Final=1138.8, Time=62.7, Moves(30)=0.1, Pins(7)=700.0, Dist=376.0, Win Bonus=0.0
[2026-05-22 10:28:31] SCORE Gruppe 10 (blue): Final=915.3, Time=95.1, Moves(31)=0.2, Pins(5)=500.0, Dist=320.0, Win Bonus=0.0
[2026-05-22 10:28:31] SCORE StockWish (yellow): Final=939.9, Time=95.6, Moves(31)=0.2, Pins(5)=500.0, Dist=344.0, Win Bonus=0.0
[2026-05-22 10:28:31] SCORE Gruppe 67 (purple): Final=1036.5, Time=62.5, Moves(29)=0.0, Pins(6)=600.0, Dist=374.0, Win Bonus=0.0
[2026-05-22 10:28:31] ALL WRONG MOVES BY COLOUR: {'purple': ['65 (turn timeout)']}
[2026-05-22 10:28:32] MOVE 185: Gruppe 67 (purple) 27->14 [0.01ms]
[2026-05-22 10:28:32] SCORE Group7 (lawn green): Final=1176.0, Time=85.8, Moves(31)=0.2, Pins(7)=700.0, Dist=390.0, Win Bonus=0.0
[2026-05-22 10:28:32] SCORE Robert (gray0): Final=1285.6, Time=89.4, Moves(31)=0.2, Pins(8)=800.0, Dist=396.0, Win Bonus=0.0
[2026-05-22 10:28:32] SCORE group 99 (red): Final=1138.8, Time=62.7, Moves(30)=0.1, Pins(7)=700.0, Dist=376.0, Win Bonus=0.0
[2026-05-22 10:28:32] SCORE Gruppe 10 (blue): Final=915.3, Time=95.1, Moves(31)=0.2, Pins(5)=500.0, Dist=320.0, Win Bonus=0.0
[2026-05-22 10:28:32] SCORE StockWish (yellow): Final=939.9, Time=95.6, Moves(31)=0.2, Pins(5)=500.0, Dist=344.0, Win Bonus=0.0
[2026-05-22 10:28:32] SCORE Gruppe 67 (purple): Final=1037.0, Time=60.9, Moves(30)=0.1, Pins(6)=600.0, Dist=376.0, Win Bonus=0.0
[2026-05-22 10:28:32] ALL WRONG MOVES BY COLOUR: {'purple': ['65 (turn timeout)']}
[2026-05-22 10:28:34] MOVE 186: group 99 (red) 67->58 [0.01ms]
[2026-05-22 10:28:34] SCORE Group7 (lawn green): Final=1176.0, Time=85.8, Moves(31)=0.2, Pins(7)=700.0, Dist=390.0, Win Bonus=0.0
[2026-05-22 10:28:34] SCORE Robert (gray0): Final=1285.6, Time=89.4, Moves(31)=0.2, Pins(8)=800.0, Dist=396.0, Win Bonus=0.0
[2026-05-22 10:28:34] SCORE group 99 (red): Final=1139.7, Time=61.4, Moves(31)=0.2, Pins(7)=700.0, Dist=378.0, Win Bonus=0.0
[2026-05-22 10:28:34] SCORE Gruppe 10 (blue): Final=915.3, Time=95.1, Moves(31)=0.2, Pins(5)=500.0, Dist=320.0, Win Bonus=0.0
[2026-05-22 10:28:34] SCORE StockWish (yellow): Final=939.9, Time=95.6, Moves(31)=0.2, Pins(5)=500.0, Dist=344.0, Win Bonus=0.0
[2026-05-22 10:28:34] SCORE Gruppe 67 (purple): Final=1037.0, Time=60.9, Moves(30)=0.1, Pins(6)=600.0, Dist=376.0, Win Bonus=0.0
[2026-05-22 10:28:34] ALL WRONG MOVES BY COLOUR: {'purple': ['65 (turn timeout)']}
[2026-05-22 10:28:34] MOVE 187: Group7 (lawn green) 77->88 [0.01ms]
[2026-05-22 10:28:34] SCORE Group7 (lawn green): Final=1277.9, Time=85.4, Moves(32)=0.5, Pins(8)=800.0, Dist=392.0, Win Bonus=0.0
[2026-05-22 10:28:34] SCORE Robert (gray0): Final=1285.6, Time=89.4, Moves(31)=0.2, Pins(8)=800.0, Dist=396.0, Win Bonus=0.0
[2026-05-22 10:28:34] SCORE group 99 (red): Final=1139.7, Time=61.4, Moves(31)=0.2, Pins(7)=700.0, Dist=378.0, Win Bonus=0.0
[2026-05-22 10:28:34] SCORE Gruppe 10 (blue): Final=915.3, Time=95.1, Moves(31)=0.2, Pins(5)=500.0, Dist=320.0, Win Bonus=0.0
[2026-05-22 10:28:34] SCORE StockWish (yellow): Final=939.9, Time=95.6, Moves(31)=0.2, Pins(5)=500.0, Dist=344.0, Win Bonus=0.0
[2026-05-22 10:28:34] SCORE Gruppe 67 (purple): Final=1037.0, Time=60.9, Moves(30)=0.1, Pins(6)=600.0, Dist=376.0, Win Bonus=0.0
[2026-05-22 10:28:34] ALL WRONG MOVES BY COLOUR: {'purple': ['65 (turn timeout)']}
[2026-05-22 10:28:34] MOVE 188: StockWish (yellow) 94->82 [0.01ms]
[2026-05-22 10:28:34] SCORE Group7 (lawn green): Final=1277.9, Time=85.4, Moves(32)=0.5, Pins(8)=800.0, Dist=392.0, Win Bonus=0.0
[2026-05-22 10:28:34] SCORE Robert (gray0): Final=1285.6, Time=89.4, Moves(31)=0.2, Pins(8)=800.0, Dist=396.0, Win Bonus=0.0
[2026-05-22 10:28:34] SCORE group 99 (red): Final=1139.7, Time=61.4, Moves(31)=0.2, Pins(7)=700.0, Dist=378.0, Win Bonus=0.0
[2026-05-22 10:28:34] SCORE Gruppe 10 (blue): Final=915.3, Time=95.1, Moves(31)=0.2, Pins(5)=500.0, Dist=320.0, Win Bonus=0.0
[2026-05-22 10:28:34] SCORE StockWish (yellow): Final=938.1, Time=95.6, Moves(32)=0.5, Pins(5)=500.0, Dist=342.0, Win Bonus=0.0
[2026-05-22 10:28:34] SCORE Gruppe 67 (purple): Final=1037.0, Time=60.9, Moves(30)=0.1, Pins(6)=600.0, Dist=376.0, Win Bonus=0.0
[2026-05-22 10:28:34] ALL WRONG MOVES BY COLOUR: {'purple': ['65 (turn timeout)']}
[2026-05-22 10:28:34] MOVE 189: Gruppe 10 (blue) 4->61 [0.01ms]
[2026-05-22 10:28:34] SCORE Group7 (lawn green): Final=1277.9, Time=85.4, Moves(32)=0.5, Pins(8)=800.0, Dist=392.0, Win Bonus=0.0
[2026-05-22 10:28:34] SCORE Robert (gray0): Final=1285.6, Time=89.4, Moves(31)=0.2, Pins(8)=800.0, Dist=396.0, Win Bonus=0.0
[2026-05-22 10:28:34] SCORE group 99 (red): Final=1139.7, Time=61.4, Moves(31)=0.2, Pins(7)=700.0, Dist=378.0, Win Bonus=0.0
[2026-05-22 10:28:34] SCORE Gruppe 10 (blue): Final=927.4, Time=94.9, Moves(32)=0.5, Pins(5)=500.0, Dist=332.0, Win Bonus=0.0
[2026-05-22 10:28:34] SCORE StockWish (yellow): Final=938.1, Time=95.6, Moves(32)=0.5, Pins(5)=500.0, Dist=342.0, Win Bonus=0.0
[2026-05-22 10:28:34] SCORE Gruppe 67 (purple): Final=1037.0, Time=60.9, Moves(30)=0.1, Pins(6)=600.0, Dist=376.0, Win Bonus=0.0
[2026-05-22 10:28:34] ALL WRONG MOVES BY COLOUR: {'purple': ['65 (turn timeout)']}
[2026-05-22 10:28:34] MOVE 190: Robert (gray0) 55->34 [0.01ms]
[2026-05-22 10:28:34] SCORE Group7 (lawn green): Final=1277.9, Time=85.4, Moves(32)=0.5, Pins(8)=800.0, Dist=392.0, Win Bonus=0.0
[2026-05-22 10:28:34] SCORE Robert (gray0): Final=1285.8, Time=89.3, Moves(32)=0.5, Pins(8)=800.0, Dist=396.0, Win Bonus=0.0
[2026-05-22 10:28:34] SCORE group 99 (red): Final=1139.7, Time=61.4, Moves(31)=0.2, Pins(7)=700.0, Dist=378.0, Win Bonus=0.0
[2026-05-22 10:28:34] SCORE Gruppe 10 (blue): Final=927.4, Time=94.9, Moves(32)=0.5, Pins(5)=500.0, Dist=332.0, Win Bonus=0.0
[2026-05-22 10:28:34] SCORE StockWish (yellow): Final=938.1, Time=95.6, Moves(32)=0.5, Pins(5)=500.0, Dist=342.0, Win Bonus=0.0
[2026-05-22 10:28:34] SCORE Gruppe 67 (purple): Final=1037.0, Time=60.9, Moves(30)=0.1, Pins(6)=600.0, Dist=376.0, Win Bonus=0.0
[2026-05-22 10:28:34] ALL WRONG MOVES BY COLOUR: {'purple': ['65 (turn timeout)']}
[2026-05-22 10:28:36] MOVE 191: Gruppe 67 (purple) 78->77 [0.00ms]
[2026-05-22 10:28:36] SCORE Group7 (lawn green): Final=1277.9, Time=85.4, Moves(32)=0.5, Pins(8)=800.0, Dist=392.0, Win Bonus=0.0
[2026-05-22 10:28:36] SCORE Robert (gray0): Final=1285.8, Time=89.3, Moves(32)=0.5, Pins(8)=800.0, Dist=396.0, Win Bonus=0.0
[2026-05-22 10:28:36] SCORE group 99 (red): Final=1139.7, Time=61.4, Moves(31)=0.2, Pins(7)=700.0, Dist=378.0, Win Bonus=0.0
[2026-05-22 10:28:36] SCORE Gruppe 10 (blue): Final=927.4, Time=94.9, Moves(32)=0.5, Pins(5)=500.0, Dist=332.0, Win Bonus=0.0
[2026-05-22 10:28:36] SCORE StockWish (yellow): Final=938.1, Time=95.6, Moves(32)=0.5, Pins(5)=500.0, Dist=342.0, Win Bonus=0.0
[2026-05-22 10:28:36] SCORE Gruppe 67 (purple): Final=1037.8, Time=59.5, Moves(31)=0.2, Pins(6)=600.0, Dist=378.0, Win Bonus=0.0
[2026-05-22 10:28:36] ALL WRONG MOVES BY COLOUR: {'purple': ['65 (turn timeout)']}
[2026-05-22 10:28:37] MOVE 192: group 99 (red) 58->12 [0.01ms]
[2026-05-22 10:28:37] SCORE Group7 (lawn green): Final=1277.9, Time=85.4, Moves(32)=0.5, Pins(8)=800.0, Dist=392.0, Win Bonus=0.0
[2026-05-22 10:28:37] SCORE Robert (gray0): Final=1285.8, Time=89.3, Moves(32)=0.5, Pins(8)=800.0, Dist=396.0, Win Bonus=0.0
[2026-05-22 10:28:37] SCORE group 99 (red): Final=1142.8, Time=60.3, Moves(32)=0.5, Pins(7)=700.0, Dist=382.0, Win Bonus=0.0
[2026-05-22 10:28:37] SCORE Gruppe 10 (blue): Final=927.4, Time=94.9, Moves(32)=0.5, Pins(5)=500.0, Dist=332.0, Win Bonus=0.0
[2026-05-22 10:28:37] SCORE StockWish (yellow): Final=938.1, Time=95.6, Moves(32)=0.5, Pins(5)=500.0, Dist=342.0, Win Bonus=0.0
[2026-05-22 10:28:37] SCORE Gruppe 67 (purple): Final=1037.8, Time=59.5, Moves(31)=0.2, Pins(6)=600.0, Dist=378.0, Win Bonus=0.0
[2026-05-22 10:28:37] ALL WRONG MOVES BY COLOUR: {'purple': ['65 (turn timeout)']}
[2026-05-22 10:28:37] MOVE 193: Group7 (lawn green) 76->99 [0.01ms]
[2026-05-22 10:28:37] SCORE Group7 (lawn green): Final=1278.1, Time=85.0, Moves(33)=1.1, Pins(8)=800.0, Dist=392.0, Win Bonus=0.0
[2026-05-22 10:28:37] SCORE Robert (gray0): Final=1285.8, Time=89.3, Moves(32)=0.5, Pins(8)=800.0, Dist=396.0, Win Bonus=0.0
[2026-05-22 10:28:37] SCORE group 99 (red): Final=1142.8, Time=60.3, Moves(32)=0.5, Pins(7)=700.0, Dist=382.0, Win Bonus=0.0
[2026-05-22 10:28:37] SCORE Gruppe 10 (blue): Final=927.4, Time=94.9, Moves(32)=0.5, Pins(5)=500.0, Dist=332.0, Win Bonus=0.0
[2026-05-22 10:28:37] SCORE StockWish (yellow): Final=938.1, Time=95.6, Moves(32)=0.5, Pins(5)=500.0, Dist=342.0, Win Bonus=0.0
[2026-05-22 10:28:37] SCORE Gruppe 67 (purple): Final=1037.8, Time=59.5, Moves(31)=0.2, Pins(6)=600.0, Dist=378.0, Win Bonus=0.0
[2026-05-22 10:28:37] ALL WRONG MOVES BY COLOUR: {'purple': ['65 (turn timeout)']}
[2026-05-22 10:28:37] MOVE 194: StockWish (yellow) 71->94 [0.01ms]
[2026-05-22 10:28:37] SCORE Group7 (lawn green): Final=1278.1, Time=85.0, Moves(33)=1.1, Pins(8)=800.0, Dist=392.0, Win Bonus=0.0
[2026-05-22 10:28:37] SCORE Robert (gray0): Final=1285.8, Time=89.3, Moves(32)=0.5, Pins(8)=800.0, Dist=396.0, Win Bonus=0.0
[2026-05-22 10:28:37] SCORE group 99 (red): Final=1142.8, Time=60.3, Moves(32)=0.5, Pins(7)=700.0, Dist=382.0, Win Bonus=0.0
[2026-05-22 10:28:37] SCORE Gruppe 10 (blue): Final=927.4, Time=94.9, Moves(32)=0.5, Pins(5)=500.0, Dist=332.0, Win Bonus=0.0
[2026-05-22 10:28:37] SCORE StockWish (yellow): Final=942.6, Time=95.4, Moves(33)=1.1, Pins(5)=500.0, Dist=346.0, Win Bonus=0.0
[2026-05-22 10:28:37] SCORE Gruppe 67 (purple): Final=1037.8, Time=59.5, Moves(31)=0.2, Pins(6)=600.0, Dist=378.0, Win Bonus=0.0
[2026-05-22 10:28:37] ALL WRONG MOVES BY COLOUR: {'purple': ['65 (turn timeout)']}
[2026-05-22 10:28:38] MOVE 195: Gruppe 10 (blue) 29->17 [0.00ms]
[2026-05-22 10:28:38] SCORE Group7 (lawn green): Final=1278.1, Time=85.0, Moves(33)=1.1, Pins(8)=800.0, Dist=392.0, Win Bonus=0.0
[2026-05-22 10:28:38] SCORE Robert (gray0): Final=1285.8, Time=89.3, Moves(32)=0.5, Pins(8)=800.0, Dist=396.0, Win Bonus=0.0
[2026-05-22 10:28:38] SCORE group 99 (red): Final=1142.8, Time=60.3, Moves(32)=0.5, Pins(7)=700.0, Dist=382.0, Win Bonus=0.0
[2026-05-22 10:28:38] SCORE Gruppe 10 (blue): Final=925.9, Time=94.8, Moves(33)=1.1, Pins(5)=500.0, Dist=330.0, Win Bonus=0.0
[2026-05-22 10:28:38] SCORE StockWish (yellow): Final=942.6, Time=95.4, Moves(33)=1.1, Pins(5)=500.0, Dist=346.0, Win Bonus=0.0
[2026-05-22 10:28:38] SCORE Gruppe 67 (purple): Final=1037.8, Time=59.5, Moves(31)=0.2, Pins(6)=600.0, Dist=378.0, Win Bonus=0.0
[2026-05-22 10:28:38] ALL WRONG MOVES BY COLOUR: {'purple': ['65 (turn timeout)']}
[2026-05-22 10:28:38] MOVE 196: Robert (gray0) 64->54 [0.01ms]
[2026-05-22 10:28:38] SCORE Group7 (lawn green): Final=1278.1, Time=85.0, Moves(33)=1.1, Pins(8)=800.0, Dist=392.0, Win Bonus=0.0
[2026-05-22 10:28:38] SCORE Robert (gray0): Final=1286.2, Time=89.1, Moves(33)=1.1, Pins(8)=800.0, Dist=396.0, Win Bonus=0.0
[2026-05-22 10:28:38] SCORE group 99 (red): Final=1142.8, Time=60.3, Moves(32)=0.5, Pins(7)=700.0, Dist=382.0, Win Bonus=0.0
[2026-05-22 10:28:38] SCORE Gruppe 10 (blue): Final=925.9, Time=94.8, Moves(33)=1.1, Pins(5)=500.0, Dist=330.0, Win Bonus=0.0
[2026-05-22 10:28:38] SCORE StockWish (yellow): Final=942.6, Time=95.4, Moves(33)=1.1, Pins(5)=500.0, Dist=346.0, Win Bonus=0.0
[2026-05-22 10:28:38] SCORE Gruppe 67 (purple): Final=1037.8, Time=59.5, Moves(31)=0.2, Pins(6)=600.0, Dist=378.0, Win Bonus=0.0
[2026-05-22 10:28:38] ALL WRONG MOVES BY COLOUR: {'purple': ['65 (turn timeout)']}
[2026-05-22 10:28:39] MOVE 197: Gruppe 67 (purple) 69->59 [0.01ms]
[2026-05-22 10:28:39] SCORE Group7 (lawn green): Final=1278.1, Time=85.0, Moves(33)=1.1, Pins(8)=800.0, Dist=392.0, Win Bonus=0.0
[2026-05-22 10:28:39] SCORE Robert (gray0): Final=1286.2, Time=89.1, Moves(33)=1.1, Pins(8)=800.0, Dist=396.0, Win Bonus=0.0
[2026-05-22 10:28:39] SCORE group 99 (red): Final=1142.8, Time=60.3, Moves(32)=0.5, Pins(7)=700.0, Dist=382.0, Win Bonus=0.0
[2026-05-22 10:28:39] SCORE Gruppe 10 (blue): Final=925.9, Time=94.8, Moves(33)=1.1, Pins(5)=500.0, Dist=330.0, Win Bonus=0.0
[2026-05-22 10:28:39] SCORE StockWish (yellow): Final=942.6, Time=95.4, Moves(33)=1.1, Pins(5)=500.0, Dist=346.0, Win Bonus=0.0
[2026-05-22 10:28:39] SCORE Gruppe 67 (purple): Final=1038.8, Time=58.3, Moves(32)=0.5, Pins(6)=600.0, Dist=380.0, Win Bonus=0.0
[2026-05-22 10:28:39] ALL WRONG MOVES BY COLOUR: {'purple': ['65 (turn timeout)']}
[2026-05-22 10:28:40] MOVE 198: group 99 (red) 12->41 [0.00ms]
[2026-05-22 10:28:40] SCORE Group7 (lawn green): Final=1278.1, Time=85.0, Moves(33)=1.1, Pins(8)=800.0, Dist=392.0, Win Bonus=0.0
[2026-05-22 10:28:40] SCORE Robert (gray0): Final=1286.2, Time=89.1, Moves(33)=1.1, Pins(8)=800.0, Dist=396.0, Win Bonus=0.0
[2026-05-22 10:28:40] SCORE group 99 (red): Final=1142.3, Time=59.2, Moves(33)=1.1, Pins(7)=700.0, Dist=382.0, Win Bonus=0.0
[2026-05-22 10:28:40] SCORE Gruppe 10 (blue): Final=925.9, Time=94.8, Moves(33)=1.1, Pins(5)=500.0, Dist=330.0, Win Bonus=0.0
[2026-05-22 10:28:40] SCORE StockWish (yellow): Final=942.6, Time=95.4, Moves(33)=1.1, Pins(5)=500.0, Dist=346.0, Win Bonus=0.0
[2026-05-22 10:28:40] SCORE Gruppe 67 (purple): Final=1038.8, Time=58.3, Moves(32)=0.5, Pins(6)=600.0, Dist=380.0, Win Bonus=0.0
[2026-05-22 10:28:40] ALL WRONG MOVES BY COLOUR: {'purple': ['65 (turn timeout)']}
[2026-05-22 10:28:41] MOVE 199: Group7 (lawn green) 36->37 [0.00ms]
[2026-05-22 10:28:41] SCORE Group7 (lawn green): Final=1278.8, Time=84.5, Moves(34)=2.3, Pins(8)=800.0, Dist=392.0, Win Bonus=0.0
[2026-05-22 10:28:41] SCORE Robert (gray0): Final=1286.2, Time=89.1, Moves(33)=1.1, Pins(8)=800.0, Dist=396.0, Win Bonus=0.0
[2026-05-22 10:28:41] SCORE group 99 (red): Final=1142.3, Time=59.2, Moves(33)=1.1, Pins(7)=700.0, Dist=382.0, Win Bonus=0.0
[2026-05-22 10:28:41] SCORE Gruppe 10 (blue): Final=925.9, Time=94.8, Moves(33)=1.1, Pins(5)=500.0, Dist=330.0, Win Bonus=0.0
[2026-05-22 10:28:41] SCORE StockWish (yellow): Final=942.6, Time=95.4, Moves(33)=1.1, Pins(5)=500.0, Dist=346.0, Win Bonus=0.0
[2026-05-22 10:28:41] SCORE Gruppe 67 (purple): Final=1038.8, Time=58.3, Moves(32)=0.5, Pins(6)=600.0, Dist=380.0, Win Bonus=0.0
[2026-05-22 10:28:41] ALL WRONG MOVES BY COLOUR: {'purple': ['65 (turn timeout)']}
[2026-05-22 10:28:41] MOVE 200: StockWish (yellow) 94->95 [0.00ms]
[2026-05-22 10:28:41] SCORE Group7 (lawn green): Final=1278.8, Time=84.5, Moves(34)=2.3, Pins(8)=800.0, Dist=392.0, Win Bonus=0.0
[2026-05-22 10:28:41] SCORE Robert (gray0): Final=1286.2, Time=89.1, Moves(33)=1.1, Pins(8)=800.0, Dist=396.0, Win Bonus=0.0
[2026-05-22 10:28:41] SCORE group 99 (red): Final=1142.3, Time=59.2, Moves(33)=1.1, Pins(7)=700.0, Dist=382.0, Win Bonus=0.0
[2026-05-22 10:28:41] SCORE Gruppe 10 (blue): Final=925.9, Time=94.8, Moves(33)=1.1, Pins(5)=500.0, Dist=330.0, Win Bonus=0.0
[2026-05-22 10:28:41] SCORE StockWish (yellow): Final=1045.6, Time=95.3, Moves(34)=2.3, Pins(6)=600.0, Dist=348.0, Win Bonus=0.0
[2026-05-22 10:28:41] SCORE Gruppe 67 (purple): Final=1038.8, Time=58.3, Moves(32)=0.5, Pins(6)=600.0, Dist=380.0, Win Bonus=0.0
[2026-05-22 10:28:41] ALL WRONG MOVES BY COLOUR: {'purple': ['65 (turn timeout)']}
[2026-05-22 10:28:41] MOVE 201: Gruppe 10 (blue) 2->5 [0.01ms]
[2026-05-22 10:28:41] SCORE Group7 (lawn green): Final=1278.8, Time=84.5, Moves(34)=2.3, Pins(8)=800.0, Dist=392.0, Win Bonus=0.0
[2026-05-22 10:28:41] SCORE Robert (gray0): Final=1286.2, Time=89.1, Moves(33)=1.1, Pins(8)=800.0, Dist=396.0, Win Bonus=0.0
[2026-05-22 10:28:41] SCORE group 99 (red): Final=1142.3, Time=59.2, Moves(33)=1.1, Pins(7)=700.0, Dist=382.0, Win Bonus=0.0
[2026-05-22 10:28:41] SCORE Gruppe 10 (blue): Final=928.9, Time=94.6, Moves(34)=2.3, Pins(5)=500.0, Dist=332.0, Win Bonus=0.0
[2026-05-22 10:28:41] SCORE StockWish (yellow): Final=1045.6, Time=95.3, Moves(34)=2.3, Pins(6)=600.0, Dist=348.0, Win Bonus=0.0
[2026-05-22 10:28:41] SCORE Gruppe 67 (purple): Final=1038.8, Time=58.3, Moves(32)=0.5, Pins(6)=600.0, Dist=380.0, Win Bonus=0.0
[2026-05-22 10:28:41] ALL WRONG MOVES BY COLOUR: {'purple': ['65 (turn timeout)']}
[2026-05-22 10:28:41] MOVE 202: Robert (gray0) 54->55 [0.00ms]
[2026-05-22 10:28:41] SCORE Group7 (lawn green): Final=1278.8, Time=84.5, Moves(34)=2.3, Pins(8)=800.0, Dist=392.0, Win Bonus=0.0
[2026-05-22 10:28:41] SCORE Robert (gray0): Final=1389.3, Time=89.0, Moves(34)=2.3, Pins(9)=900.0, Dist=398.0, Win Bonus=0.0
[2026-05-22 10:28:41] SCORE group 99 (red): Final=1142.3, Time=59.2, Moves(33)=1.1, Pins(7)=700.0, Dist=382.0, Win Bonus=0.0
[2026-05-22 10:28:41] SCORE Gruppe 10 (blue): Final=928.9, Time=94.6, Moves(34)=2.3, Pins(5)=500.0, Dist=332.0, Win Bonus=0.0
[2026-05-22 10:28:41] SCORE StockWish (yellow): Final=1045.6, Time=95.3, Moves(34)=2.3, Pins(6)=600.0, Dist=348.0, Win Bonus=0.0
[2026-05-22 10:28:41] SCORE Gruppe 67 (purple): Final=1038.8, Time=58.3, Moves(32)=0.5, Pins(6)=600.0, Dist=380.0, Win Bonus=0.0
[2026-05-22 10:28:41] ALL WRONG MOVES BY COLOUR: {'purple': ['65 (turn timeout)']}
[2026-05-22 10:28:42] MOVE 203: Gruppe 67 (purple) 57->36 [0.01ms]
[2026-05-22 10:28:42] SCORE Group7 (lawn green): Final=1278.8, Time=84.5, Moves(34)=2.3, Pins(8)=800.0, Dist=392.0, Win Bonus=0.0
[2026-05-22 10:28:42] SCORE Robert (gray0): Final=1389.3, Time=89.0, Moves(34)=2.3, Pins(9)=900.0, Dist=398.0, Win Bonus=0.0
[2026-05-22 10:28:42] SCORE group 99 (red): Final=1142.3, Time=59.2, Moves(33)=1.1, Pins(7)=700.0, Dist=382.0, Win Bonus=0.0
[2026-05-22 10:28:42] SCORE Gruppe 10 (blue): Final=928.9, Time=94.6, Moves(34)=2.3, Pins(5)=500.0, Dist=332.0, Win Bonus=0.0
[2026-05-22 10:28:42] SCORE StockWish (yellow): Final=1045.6, Time=95.3, Moves(34)=2.3, Pins(6)=600.0, Dist=348.0, Win Bonus=0.0
[2026-05-22 10:28:42] SCORE Gruppe 67 (purple): Final=1141.9, Time=56.8, Moves(33)=1.1, Pins(7)=700.0, Dist=384.0, Win Bonus=0.0
[2026-05-22 10:28:42] ALL WRONG MOVES BY COLOUR: {'purple': ['65 (turn timeout)']}
[2026-05-22 10:28:44] MOVE 204: group 99 (red) 47->26 [0.01ms]
[2026-05-22 10:28:44] SCORE Group7 (lawn green): Final=1278.8, Time=84.5, Moves(34)=2.3, Pins(8)=800.0, Dist=392.0, Win Bonus=0.0
[2026-05-22 10:28:44] SCORE Robert (gray0): Final=1389.3, Time=89.0, Moves(34)=2.3, Pins(9)=900.0, Dist=398.0, Win Bonus=0.0
[2026-05-22 10:28:44] SCORE group 99 (red): Final=1146.4, Time=58.1, Moves(34)=2.3, Pins(7)=700.0, Dist=386.0, Win Bonus=0.0
[2026-05-22 10:28:44] SCORE Gruppe 10 (blue): Final=928.9, Time=94.6, Moves(34)=2.3, Pins(5)=500.0, Dist=332.0, Win Bonus=0.0
[2026-05-22 10:28:44] SCORE StockWish (yellow): Final=1045.6, Time=95.3, Moves(34)=2.3, Pins(6)=600.0, Dist=348.0, Win Bonus=0.0
[2026-05-22 10:28:44] SCORE Gruppe 67 (purple): Final=1141.9, Time=56.8, Moves(33)=1.1, Pins(7)=700.0, Dist=384.0, Win Bonus=0.0
[2026-05-22 10:28:44] ALL WRONG MOVES BY COLOUR: {'purple': ['65 (turn timeout)']}
[2026-05-22 10:28:44] MOVE 205: Group7 (lawn green) 37->47 [0.01ms]
[2026-05-22 10:28:44] SCORE Group7 (lawn green): Final=1282.4, Time=84.0, Moves(35)=4.4, Pins(8)=800.0, Dist=394.0, Win Bonus=0.0
[2026-05-22 10:28:44] SCORE Robert (gray0): Final=1389.3, Time=89.0, Moves(34)=2.3, Pins(9)=900.0, Dist=398.0, Win Bonus=0.0
[2026-05-22 10:28:44] SCORE group 99 (red): Final=1146.4, Time=58.1, Moves(34)=2.3, Pins(7)=700.0, Dist=386.0, Win Bonus=0.0
[2026-05-22 10:28:44] SCORE Gruppe 10 (blue): Final=928.9, Time=94.6, Moves(34)=2.3, Pins(5)=500.0, Dist=332.0, Win Bonus=0.0
[2026-05-22 10:28:44] SCORE StockWish (yellow): Final=1045.6, Time=95.3, Moves(34)=2.3, Pins(6)=600.0, Dist=348.0, Win Bonus=0.0
[2026-05-22 10:28:44] SCORE Gruppe 67 (purple): Final=1141.9, Time=56.8, Moves(33)=1.1, Pins(7)=700.0, Dist=384.0, Win Bonus=0.0
[2026-05-22 10:28:44] ALL WRONG MOVES BY COLOUR: {'purple': ['65 (turn timeout)']}
[2026-05-22 10:28:44] MOVE 206: StockWish (yellow) 95->96 [0.01ms]
[2026-05-22 10:28:44] SCORE Group7 (lawn green): Final=1282.4, Time=84.0, Moves(35)=4.4, Pins(8)=800.0, Dist=394.0, Win Bonus=0.0
[2026-05-22 10:28:44] SCORE Robert (gray0): Final=1389.3, Time=89.0, Moves(34)=2.3, Pins(9)=900.0, Dist=398.0, Win Bonus=0.0
[2026-05-22 10:28:44] SCORE group 99 (red): Final=1146.4, Time=58.1, Moves(34)=2.3, Pins(7)=700.0, Dist=386.0, Win Bonus=0.0
[2026-05-22 10:28:44] SCORE Gruppe 10 (blue): Final=928.9, Time=94.6, Moves(34)=2.3, Pins(5)=500.0, Dist=332.0, Win Bonus=0.0
[2026-05-22 10:28:44] SCORE StockWish (yellow): Final=1047.7, Time=95.3, Moves(35)=4.4, Pins(6)=600.0, Dist=348.0, Win Bonus=0.0
[2026-05-22 10:28:44] SCORE Gruppe 67 (purple): Final=1141.9, Time=56.8, Moves(33)=1.1, Pins(7)=700.0, Dist=384.0, Win Bonus=0.0
[2026-05-22 10:28:44] ALL WRONG MOVES BY COLOUR: {'purple': ['65 (turn timeout)']}
[2026-05-22 10:28:44] MOVE 207: Gruppe 10 (blue) 17->16 [0.01ms]
[2026-05-22 10:28:44] SCORE Group7 (lawn green): Final=1282.4, Time=84.0, Moves(35)=4.4, Pins(8)=800.0, Dist=394.0, Win Bonus=0.0
[2026-05-22 10:28:44] SCORE Robert (gray0): Final=1389.3, Time=89.0, Moves(34)=2.3, Pins(9)=900.0, Dist=398.0, Win Bonus=0.0
[2026-05-22 10:28:44] SCORE group 99 (red): Final=1146.4, Time=58.1, Moves(34)=2.3, Pins(7)=700.0, Dist=386.0, Win Bonus=0.0
[2026-05-22 10:28:44] SCORE Gruppe 10 (blue): Final=930.9, Time=94.5, Moves(35)=4.4, Pins(5)=500.0, Dist=332.0, Win Bonus=0.0
[2026-05-22 10:28:44] SCORE StockWish (yellow): Final=1047.7, Time=95.3, Moves(35)=4.4, Pins(6)=600.0, Dist=348.0, Win Bonus=0.0
[2026-05-22 10:28:44] SCORE Gruppe 67 (purple): Final=1141.9, Time=56.8, Moves(33)=1.1, Pins(7)=700.0, Dist=384.0, Win Bonus=0.0
[2026-05-22 10:28:44] ALL WRONG MOVES BY COLOUR: {'purple': ['65 (turn timeout)']}
[2026-05-22 10:28:44] MOVE 208: Robert (gray0) 43->53 [0.00ms]
[2026-05-22 10:28:44] SCORE Group7 (lawn green): Final=1282.4, Time=84.0, Moves(35)=4.4, Pins(8)=800.0, Dist=394.0, Win Bonus=0.0
[2026-05-22 10:28:44] SCORE Robert (gray0): Final=1389.3, Time=88.9, Moves(35)=4.4, Pins(9)=900.0, Dist=396.0, Win Bonus=0.0
[2026-05-22 10:28:44] SCORE group 99 (red): Final=1146.4, Time=58.1, Moves(34)=2.3, Pins(7)=700.0, Dist=386.0, Win Bonus=0.0
[2026-05-22 10:28:44] SCORE Gruppe 10 (blue): Final=930.9, Time=94.5, Moves(35)=4.4, Pins(5)=500.0, Dist=332.0, Win Bonus=0.0
[2026-05-22 10:28:44] SCORE StockWish (yellow): Final=1047.7, Time=95.3, Moves(35)=4.4, Pins(6)=600.0, Dist=348.0, Win Bonus=0.0
[2026-05-22 10:28:44] SCORE Gruppe 67 (purple): Final=1141.9, Time=56.8, Moves(33)=1.1, Pins(7)=700.0, Dist=384.0, Win Bonus=0.0
[2026-05-22 10:28:44] ALL WRONG MOVES BY COLOUR: {'purple': ['65 (turn timeout)']}
[2026-05-22 10:28:46] MOVE 209: Gruppe 67 (purple) 14->12 [0.01ms]
[2026-05-22 10:28:46] SCORE Group7 (lawn green): Final=1282.4, Time=84.0, Moves(35)=4.4, Pins(8)=800.0, Dist=394.0, Win Bonus=0.0
[2026-05-22 10:28:46] SCORE Robert (gray0): Final=1389.3, Time=88.9, Moves(35)=4.4, Pins(9)=900.0, Dist=396.0, Win Bonus=0.0
[2026-05-22 10:28:46] SCORE group 99 (red): Final=1146.4, Time=58.1, Moves(34)=2.3, Pins(7)=700.0, Dist=386.0, Win Bonus=0.0
[2026-05-22 10:28:46] SCORE Gruppe 10 (blue): Final=930.9, Time=94.5, Moves(35)=4.4, Pins(5)=500.0, Dist=332.0, Win Bonus=0.0
[2026-05-22 10:28:46] SCORE StockWish (yellow): Final=1047.7, Time=95.3, Moves(35)=4.4, Pins(6)=600.0, Dist=348.0, Win Bonus=0.0
[2026-05-22 10:28:46] SCORE Gruppe 67 (purple): Final=1243.6, Time=55.3, Moves(34)=2.3, Pins(8)=800.0, Dist=386.0, Win Bonus=0.0
[2026-05-22 10:28:46] ALL WRONG MOVES BY COLOUR: {'purple': ['65 (turn timeout)']}
[2026-05-22 10:28:47] MOVE 210: group 99 (red) 41->14 [0.00ms]
[2026-05-22 10:28:47] SCORE Group7 (lawn green): Final=1282.4, Time=84.0, Moves(35)=4.4, Pins(8)=800.0, Dist=394.0, Win Bonus=0.0
[2026-05-22 10:28:47] SCORE Robert (gray0): Final=1389.3, Time=88.9, Moves(35)=4.4, Pins(9)=900.0, Dist=396.0, Win Bonus=0.0
[2026-05-22 10:28:47] SCORE group 99 (red): Final=1151.5, Time=57.1, Moves(35)=4.4, Pins(7)=700.0, Dist=390.0, Win Bonus=0.0
[2026-05-22 10:28:47] SCORE Gruppe 10 (blue): Final=930.9, Time=94.5, Moves(35)=4.4, Pins(5)=500.0, Dist=332.0, Win Bonus=0.0
[2026-05-22 10:28:47] SCORE StockWish (yellow): Final=1047.7, Time=95.3, Moves(35)=4.4, Pins(6)=600.0, Dist=348.0, Win Bonus=0.0
[2026-05-22 10:28:47] SCORE Gruppe 67 (purple): Final=1243.6, Time=55.3, Moves(34)=2.3, Pins(8)=800.0, Dist=386.0, Win Bonus=0.0
[2026-05-22 10:28:47] ALL WRONG MOVES BY COLOUR: {'purple': ['65 (turn timeout)']}
[2026-05-22 10:28:47] MOVE 211: Group7 (lawn green) 100->98 [0.01ms]
[2026-05-22 10:28:47] SCORE Group7 (lawn green): Final=1285.5, Time=83.6, Moves(36)=8.0, Pins(8)=800.0, Dist=394.0, Win Bonus=0.0
[2026-05-22 10:28:47] SCORE Robert (gray0): Final=1389.3, Time=88.9, Moves(35)=4.4, Pins(9)=900.0, Dist=396.0, Win Bonus=0.0
[2026-05-22 10:28:47] SCORE group 99 (red): Final=1151.5, Time=57.1, Moves(35)=4.4, Pins(7)=700.0, Dist=390.0, Win Bonus=0.0
[2026-05-22 10:28:47] SCORE Gruppe 10 (blue): Final=930.9, Time=94.5, Moves(35)=4.4, Pins(5)=500.0, Dist=332.0, Win Bonus=0.0
[2026-05-22 10:28:47] SCORE StockWish (yellow): Final=1047.7, Time=95.3, Moves(35)=4.4, Pins(6)=600.0, Dist=348.0, Win Bonus=0.0
[2026-05-22 10:28:47] SCORE Gruppe 67 (purple): Final=1243.6, Time=55.3, Moves(34)=2.3, Pins(8)=800.0, Dist=386.0, Win Bonus=0.0
[2026-05-22 10:28:47] ALL WRONG MOVES BY COLOUR: {'purple': ['65 (turn timeout)']}
[2026-05-22 10:28:47] MOVE 212: StockWish (yellow) 82->71 [0.01ms]
[2026-05-22 10:28:47] SCORE Group7 (lawn green): Final=1285.5, Time=83.6, Moves(36)=8.0, Pins(8)=800.0, Dist=394.0, Win Bonus=0.0
[2026-05-22 10:28:47] SCORE Robert (gray0): Final=1389.3, Time=88.9, Moves(35)=4.4, Pins(9)=900.0, Dist=396.0, Win Bonus=0.0
[2026-05-22 10:28:47] SCORE group 99 (red): Final=1151.5, Time=57.1, Moves(35)=4.4, Pins(7)=700.0, Dist=390.0, Win Bonus=0.0
[2026-05-22 10:28:47] SCORE Gruppe 10 (blue): Final=930.9, Time=94.5, Moves(35)=4.4, Pins(5)=500.0, Dist=332.0, Win Bonus=0.0
[2026-05-22 10:28:47] SCORE StockWish (yellow): Final=1049.1, Time=95.2, Moves(36)=8.0, Pins(6)=600.0, Dist=346.0, Win Bonus=0.0
[2026-05-22 10:28:47] SCORE Gruppe 67 (purple): Final=1243.6, Time=55.3, Moves(34)=2.3, Pins(8)=800.0, Dist=386.0, Win Bonus=0.0
[2026-05-22 10:28:47] ALL WRONG MOVES BY COLOUR: {'purple': ['65 (turn timeout)']}
[2026-05-22 10:28:48] MOVE 213: Gruppe 10 (blue) 118->115 [0.01ms]
[2026-05-22 10:28:48] SCORE Group7 (lawn green): Final=1285.5, Time=83.6, Moves(36)=8.0, Pins(8)=800.0, Dist=394.0, Win Bonus=0.0
[2026-05-22 10:28:48] SCORE Robert (gray0): Final=1389.3, Time=88.9, Moves(35)=4.4, Pins(9)=900.0, Dist=396.0, Win Bonus=0.0
[2026-05-22 10:28:48] SCORE group 99 (red): Final=1151.5, Time=57.1, Moves(35)=4.4, Pins(7)=700.0, Dist=390.0, Win Bonus=0.0
[2026-05-22 10:28:48] SCORE Gruppe 10 (blue): Final=934.3, Time=94.3, Moves(36)=8.0, Pins(5)=500.0, Dist=332.0, Win Bonus=0.0
[2026-05-22 10:28:48] SCORE StockWish (yellow): Final=1049.1, Time=95.2, Moves(36)=8.0, Pins(6)=600.0, Dist=346.0, Win Bonus=0.0
[2026-05-22 10:28:48] SCORE Gruppe 67 (purple): Final=1243.6, Time=55.3, Moves(34)=2.3, Pins(8)=800.0, Dist=386.0, Win Bonus=0.0
[2026-05-22 10:28:48] ALL WRONG MOVES BY COLOUR: {'purple': ['65 (turn timeout)']}
[2026-05-22 10:28:48] MOVE 214: Robert (gray0) 53->54 [0.00ms]
[2026-05-22 10:28:48] SCORE Group7 (lawn green): Final=1285.5, Time=83.6, Moves(36)=8.0, Pins(8)=800.0, Dist=394.0, Win Bonus=0.0
[2026-05-22 10:28:48] SCORE Robert (gray0): Final=1394.7, Time=88.7, Moves(36)=8.0, Pins(9)=900.0, Dist=398.0, Win Bonus=0.0
[2026-05-22 10:28:48] SCORE group 99 (red): Final=1151.5, Time=57.1, Moves(35)=4.4, Pins(7)=700.0, Dist=390.0, Win Bonus=0.0
[2026-05-22 10:28:48] SCORE Gruppe 10 (blue): Final=934.3, Time=94.3, Moves(36)=8.0, Pins(5)=500.0, Dist=332.0, Win Bonus=0.0
[2026-05-22 10:28:48] SCORE StockWish (yellow): Final=1049.1, Time=95.2, Moves(36)=8.0, Pins(6)=600.0, Dist=346.0, Win Bonus=0.0
[2026-05-22 10:28:48] SCORE Gruppe 67 (purple): Final=1243.6, Time=55.3, Moves(34)=2.3, Pins(8)=800.0, Dist=386.0, Win Bonus=0.0
[2026-05-22 10:28:48] ALL WRONG MOVES BY COLOUR: {'purple': ['65 (turn timeout)']}
[2026-05-22 10:28:49] MOVE 215: Gruppe 67 (purple) 59->58 [0.01ms]
[2026-05-22 10:28:49] SCORE Group7 (lawn green): Final=1285.5, Time=83.6, Moves(36)=8.0, Pins(8)=800.0, Dist=394.0, Win Bonus=0.0
[2026-05-22 10:28:49] SCORE Robert (gray0): Final=1394.7, Time=88.7, Moves(36)=8.0, Pins(9)=900.0, Dist=398.0, Win Bonus=0.0
[2026-05-22 10:28:49] SCORE group 99 (red): Final=1151.5, Time=57.1, Moves(35)=4.4, Pins(7)=700.0, Dist=390.0, Win Bonus=0.0
[2026-05-22 10:28:49] SCORE Gruppe 10 (blue): Final=934.3, Time=94.3, Moves(36)=8.0, Pins(5)=500.0, Dist=332.0, Win Bonus=0.0
[2026-05-22 10:28:49] SCORE StockWish (yellow): Final=1049.1, Time=95.2, Moves(36)=8.0, Pins(6)=600.0, Dist=346.0, Win Bonus=0.0
[2026-05-22 10:28:49] SCORE Gruppe 67 (purple): Final=1246.3, Time=53.9, Moves(35)=4.4, Pins(8)=800.0, Dist=388.0, Win Bonus=0.0
[2026-05-22 10:28:49] ALL WRONG MOVES BY COLOUR: {'purple': ['65 (turn timeout)']}
[2026-05-22 10:28:50] MOVE 216: group 99 (red) 3->4 [0.01ms]
[2026-05-22 10:28:50] SCORE Group7 (lawn green): Final=1285.5, Time=83.6, Moves(36)=8.0, Pins(8)=800.0, Dist=394.0, Win Bonus=0.0
[2026-05-22 10:28:50] SCORE Robert (gray0): Final=1394.7, Time=88.7, Moves(36)=8.0, Pins(9)=900.0, Dist=398.0, Win Bonus=0.0
[2026-05-22 10:28:50] SCORE group 99 (red): Final=1153.9, Time=55.9, Moves(36)=8.0, Pins(7)=700.0, Dist=390.0, Win Bonus=0.0
[2026-05-22 10:28:50] SCORE Gruppe 10 (blue): Final=934.3, Time=94.3, Moves(36)=8.0, Pins(5)=500.0, Dist=332.0, Win Bonus=0.0
[2026-05-22 10:28:50] SCORE StockWish (yellow): Final=1049.1, Time=95.2, Moves(36)=8.0, Pins(6)=600.0, Dist=346.0, Win Bonus=0.0
[2026-05-22 10:28:50] SCORE Gruppe 67 (purple): Final=1246.3, Time=53.9, Moves(35)=4.4, Pins(8)=800.0, Dist=388.0, Win Bonus=0.0
[2026-05-22 10:28:50] ALL WRONG MOVES BY COLOUR: {'purple': ['65 (turn timeout)']}
[2026-05-22 10:28:51] MOVE 217: Group7 (lawn green) 99->76 [0.01ms]
[2026-05-22 10:28:51] SCORE Group7 (lawn green): Final=1290.6, Time=83.1, Moves(37)=13.5, Pins(8)=800.0, Dist=394.0, Win Bonus=0.0
[2026-05-22 10:28:51] SCORE Robert (gray0): Final=1394.7, Time=88.7, Moves(36)=8.0, Pins(9)=900.0, Dist=398.0, Win Bonus=0.0
[2026-05-22 10:28:51] SCORE group 99 (red): Final=1153.9, Time=55.9, Moves(36)=8.0, Pins(7)=700.0, Dist=390.0, Win Bonus=0.0
[2026-05-22 10:28:51] SCORE Gruppe 10 (blue): Final=934.3, Time=94.3, Moves(36)=8.0, Pins(5)=500.0, Dist=332.0, Win Bonus=0.0
[2026-05-22 10:28:51] SCORE StockWish (yellow): Final=1049.1, Time=95.2, Moves(36)=8.0, Pins(6)=600.0, Dist=346.0, Win Bonus=0.0
[2026-05-22 10:28:51] SCORE Gruppe 67 (purple): Final=1246.3, Time=53.9, Moves(35)=4.4, Pins(8)=800.0, Dist=388.0, Win Bonus=0.0
[2026-05-22 10:28:51] ALL WRONG MOVES BY COLOUR: {'purple': ['65 (turn timeout)']}
[2026-05-22 10:28:51] MOVE 218: StockWish (yellow) 70->81 [0.01ms]
[2026-05-22 10:28:51] SCORE Group7 (lawn green): Final=1290.6, Time=83.1, Moves(37)=13.5, Pins(8)=800.0, Dist=394.0, Win Bonus=0.0
[2026-05-22 10:28:51] SCORE Robert (gray0): Final=1394.7, Time=88.7, Moves(36)=8.0, Pins(9)=900.0, Dist=398.0, Win Bonus=0.0
[2026-05-22 10:28:51] SCORE group 99 (red): Final=1153.9, Time=55.9, Moves(36)=8.0, Pins(7)=700.0, Dist=390.0, Win Bonus=0.0
[2026-05-22 10:28:51] SCORE Gruppe 10 (blue): Final=934.3, Time=94.3, Moves(36)=8.0, Pins(5)=500.0, Dist=332.0, Win Bonus=0.0
[2026-05-22 10:28:51] SCORE StockWish (yellow): Final=1056.6, Time=95.1, Moves(37)=13.5, Pins(6)=600.0, Dist=348.0, Win Bonus=0.0
[2026-05-22 10:28:51] SCORE Gruppe 67 (purple): Final=1246.3, Time=53.9, Moves(35)=4.4, Pins(8)=800.0, Dist=388.0, Win Bonus=0.0
[2026-05-22 10:28:51] ALL WRONG MOVES BY COLOUR: {'purple': ['65 (turn timeout)']}
[2026-05-22 10:28:51] MOVE 219: Gruppe 10 (blue) 61->62 [0.01ms]
[2026-05-22 10:28:51] SCORE Group7 (lawn green): Final=1290.6, Time=83.1, Moves(37)=13.5, Pins(8)=800.0, Dist=394.0, Win Bonus=0.0
[2026-05-22 10:28:51] SCORE Robert (gray0): Final=1394.7, Time=88.7, Moves(36)=8.0, Pins(9)=900.0, Dist=398.0, Win Bonus=0.0
[2026-05-22 10:28:51] SCORE group 99 (red): Final=1153.9, Time=55.9, Moves(36)=8.0, Pins(7)=700.0, Dist=390.0, Win Bonus=0.0
[2026-05-22 10:28:51] SCORE Gruppe 10 (blue): Final=939.7, Time=94.1, Moves(37)=13.5, Pins(5)=500.0, Dist=332.0, Win Bonus=0.0
[2026-05-22 10:28:51] SCORE StockWish (yellow): Final=1056.6, Time=95.1, Moves(37)=13.5, Pins(6)=600.0, Dist=348.0, Win Bonus=0.0
[2026-05-22 10:28:51] SCORE Gruppe 67 (purple): Final=1246.3, Time=53.9, Moves(35)=4.4, Pins(8)=800.0, Dist=388.0, Win Bonus=0.0
[2026-05-22 10:28:51] ALL WRONG MOVES BY COLOUR: {'purple': ['65 (turn timeout)']}
[2026-05-22 10:28:51] MOVE 220: Robert (gray0) 44->40 [0.01ms]
[2026-05-22 10:28:51] SCORE Group7 (lawn green): Final=1290.6, Time=83.1, Moves(37)=13.5, Pins(8)=800.0, Dist=394.0, Win Bonus=0.0
[2026-05-22 10:28:51] SCORE Robert (gray0): Final=1292.1, Time=88.6, Moves(37)=13.5, Pins(8)=800.0, Dist=390.0, Win Bonus=0.0
[2026-05-22 10:28:51] SCORE group 99 (red): Final=1153.9, Time=55.9, Moves(36)=8.0, Pins(7)=700.0, Dist=390.0, Win Bonus=0.0
[2026-05-22 10:28:51] SCORE Gruppe 10 (blue): Final=939.7, Time=94.1, Moves(37)=13.5, Pins(5)=500.0, Dist=332.0, Win Bonus=0.0
[2026-05-22 10:28:51] SCORE StockWish (yellow): Final=1056.6, Time=95.1, Moves(37)=13.5, Pins(6)=600.0, Dist=348.0, Win Bonus=0.0
[2026-05-22 10:28:51] SCORE Gruppe 67 (purple): Final=1246.3, Time=53.9, Moves(35)=4.4, Pins(8)=800.0, Dist=388.0, Win Bonus=0.0
[2026-05-22 10:28:51] ALL WRONG MOVES BY COLOUR: {'purple': ['65 (turn timeout)']}
[2026-05-22 10:28:53] MOVE 221: Gruppe 67 (purple) 58->37 [0.01ms]
[2026-05-22 10:28:53] SCORE Group7 (lawn green): Final=1290.6, Time=83.1, Moves(37)=13.5, Pins(8)=800.0, Dist=394.0, Win Bonus=0.0
[2026-05-22 10:28:53] SCORE Robert (gray0): Final=1292.1, Time=88.6, Moves(37)=13.5, Pins(8)=800.0, Dist=390.0, Win Bonus=0.0
[2026-05-22 10:28:53] SCORE group 99 (red): Final=1153.9, Time=55.9, Moves(36)=8.0, Pins(7)=700.0, Dist=390.0, Win Bonus=0.0
[2026-05-22 10:28:53] SCORE Gruppe 10 (blue): Final=939.7, Time=94.1, Moves(37)=13.5, Pins(5)=500.0, Dist=332.0, Win Bonus=0.0
[2026-05-22 10:28:53] SCORE StockWish (yellow): Final=1056.6, Time=95.1, Moves(37)=13.5, Pins(6)=600.0, Dist=348.0, Win Bonus=0.0
[2026-05-22 10:28:53] SCORE Gruppe 67 (purple): Final=1252.3, Time=52.3, Moves(36)=8.0, Pins(8)=800.0, Dist=392.0, Win Bonus=0.0
[2026-05-22 10:28:53] ALL WRONG MOVES BY COLOUR: {'purple': ['65 (turn timeout)']}
[2026-05-22 10:28:54] MOVE 222: group 99 (red) 14->3 [0.01ms]
[2026-05-22 10:28:54] SCORE Group7 (lawn green): Final=1290.6, Time=83.1, Moves(37)=13.5, Pins(8)=800.0, Dist=394.0, Win Bonus=0.0
[2026-05-22 10:28:54] SCORE Robert (gray0): Final=1292.1, Time=88.6, Moves(37)=13.5, Pins(8)=800.0, Dist=390.0, Win Bonus=0.0
[2026-05-22 10:28:54] SCORE group 99 (red): Final=1260.4, Time=54.8, Moves(37)=13.5, Pins(8)=800.0, Dist=392.0, Win Bonus=0.0
[2026-05-22 10:28:54] SCORE Gruppe 10 (blue): Final=939.7, Time=94.1, Moves(37)=13.5, Pins(5)=500.0, Dist=332.0, Win Bonus=0.0
[2026-05-22 10:28:54] SCORE StockWish (yellow): Final=1056.6, Time=95.1, Moves(37)=13.5, Pins(6)=600.0, Dist=348.0, Win Bonus=0.0
[2026-05-22 10:28:54] SCORE Gruppe 67 (purple): Final=1252.3, Time=52.3, Moves(36)=8.0, Pins(8)=800.0, Dist=392.0, Win Bonus=0.0
[2026-05-22 10:28:54] ALL WRONG MOVES BY COLOUR: {'purple': ['65 (turn timeout)']}
[2026-05-22 10:28:55] MOVE 223: Group7 (lawn green) 76->99 [0.00ms]
[2026-05-22 10:28:55] SCORE Group7 (lawn green): Final=1297.8, Time=82.2, Moves(38)=21.6, Pins(8)=800.0, Dist=394.0, Win Bonus=0.0
[2026-05-22 10:28:55] SCORE Robert (gray0): Final=1292.1, Time=88.6, Moves(37)=13.5, Pins(8)=800.0, Dist=390.0, Win Bonus=0.0
[2026-05-22 10:28:55] SCORE group 99 (red): Final=1260.4, Time=54.8, Moves(37)=13.5, Pins(8)=800.0, Dist=392.0, Win Bonus=0.0
[2026-05-22 10:28:55] SCORE Gruppe 10 (blue): Final=939.7, Time=94.1, Moves(37)=13.5, Pins(5)=500.0, Dist=332.0, Win Bonus=0.0
[2026-05-22 10:28:55] SCORE StockWish (yellow): Final=1056.6, Time=95.1, Moves(37)=13.5, Pins(6)=600.0, Dist=348.0, Win Bonus=0.0
[2026-05-22 10:28:55] SCORE Gruppe 67 (purple): Final=1252.3, Time=52.3, Moves(36)=8.0, Pins(8)=800.0, Dist=392.0, Win Bonus=0.0
[2026-05-22 10:28:55] ALL WRONG MOVES BY COLOUR: {'purple': ['65 (turn timeout)']}
[2026-05-22 10:28:55] MOVE 224: StockWish (yellow) 81->82 [0.00ms]
[2026-05-22 10:28:55] SCORE Group7 (lawn green): Final=1297.8, Time=82.2, Moves(38)=21.6, Pins(8)=800.0, Dist=394.0, Win Bonus=0.0
[2026-05-22 10:28:55] SCORE Robert (gray0): Final=1292.1, Time=88.6, Moves(37)=13.5, Pins(8)=800.0, Dist=390.0, Win Bonus=0.0
[2026-05-22 10:28:55] SCORE group 99 (red): Final=1260.4, Time=54.8, Moves(37)=13.5, Pins(8)=800.0, Dist=392.0, Win Bonus=0.0
[2026-05-22 10:28:55] SCORE Gruppe 10 (blue): Final=939.7, Time=94.1, Moves(37)=13.5, Pins(5)=500.0, Dist=332.0, Win Bonus=0.0
[2026-05-22 10:28:55] SCORE StockWish (yellow): Final=1066.6, Time=95.0, Moves(38)=21.6, Pins(6)=600.0, Dist=350.0, Win Bonus=0.0
[2026-05-22 10:28:55] SCORE Gruppe 67 (purple): Final=1252.3, Time=52.3, Moves(36)=8.0, Pins(8)=800.0, Dist=392.0, Win Bonus=0.0
[2026-05-22 10:28:55] ALL WRONG MOVES BY COLOUR: {'purple': ['65 (turn timeout)']}
[2026-05-22 10:28:55] MOVE 225: Gruppe 10 (blue) 62->81 [0.00ms]
[2026-05-22 10:28:55] SCORE Group7 (lawn green): Final=1297.8, Time=82.2, Moves(38)=21.6, Pins(8)=800.0, Dist=394.0, Win Bonus=0.0
[2026-05-22 10:28:55] SCORE Robert (gray0): Final=1292.1, Time=88.6, Moves(37)=13.5, Pins(8)=800.0, Dist=390.0, Win Bonus=0.0
[2026-05-22 10:28:55] SCORE group 99 (red): Final=1260.4, Time=54.8, Moves(37)=13.5, Pins(8)=800.0, Dist=392.0, Win Bonus=0.0
[2026-05-22 10:28:55] SCORE Gruppe 10 (blue): Final=951.6, Time=94.0, Moves(38)=21.6, Pins(5)=500.0, Dist=336.0, Win Bonus=0.0
[2026-05-22 10:28:55] SCORE StockWish (yellow): Final=1066.6, Time=95.0, Moves(38)=21.6, Pins(6)=600.0, Dist=350.0, Win Bonus=0.0
[2026-05-22 10:28:55] SCORE Gruppe 67 (purple): Final=1252.3, Time=52.3, Moves(36)=8.0, Pins(8)=800.0, Dist=392.0, Win Bonus=0.0
[2026-05-22 10:28:55] ALL WRONG MOVES BY COLOUR: {'purple': ['65 (turn timeout)']}
[2026-05-22 10:28:55] MOVE 226: Robert (gray0) 40->41 [0.01ms]
[2026-05-22 10:28:55] SCORE Group7 (lawn green): Final=1297.8, Time=82.2, Moves(38)=21.6, Pins(8)=800.0, Dist=394.0, Win Bonus=0.0
[2026-05-22 10:28:55] SCORE Robert (gray0): Final=1302.0, Time=88.4, Moves(38)=21.6, Pins(8)=800.0, Dist=392.0, Win Bonus=0.0
[2026-05-22 10:28:55] SCORE group 99 (red): Final=1260.4, Time=54.8, Moves(37)=13.5, Pins(8)=800.0, Dist=392.0, Win Bonus=0.0
[2026-05-22 10:28:55] SCORE Gruppe 10 (blue): Final=951.6, Time=94.0, Moves(38)=21.6, Pins(5)=500.0, Dist=336.0, Win Bonus=0.0
[2026-05-22 10:28:55] SCORE StockWish (yellow): Final=1066.6, Time=95.0, Moves(38)=21.6, Pins(6)=600.0, Dist=350.0, Win Bonus=0.0
[2026-05-22 10:28:55] SCORE Gruppe 67 (purple): Final=1252.3, Time=52.3, Moves(36)=8.0, Pins(8)=800.0, Dist=392.0, Win Bonus=0.0
[2026-05-22 10:28:55] ALL WRONG MOVES BY COLOUR: {'purple': ['65 (turn timeout)']}
[2026-05-22 10:28:57] MOVE 227: Gruppe 67 (purple) 77->66 [0.01ms]
[2026-05-22 10:28:57] SCORE Group7 (lawn green): Final=1297.8, Time=82.2, Moves(38)=21.6, Pins(8)=800.0, Dist=394.0, Win Bonus=0.0
[2026-05-22 10:28:57] SCORE Robert (gray0): Final=1302.0, Time=88.4, Moves(38)=21.6, Pins(8)=800.0, Dist=392.0, Win Bonus=0.0
[2026-05-22 10:28:57] SCORE group 99 (red): Final=1260.4, Time=54.8, Moves(37)=13.5, Pins(8)=800.0, Dist=392.0, Win Bonus=0.0
[2026-05-22 10:28:57] SCORE Gruppe 10 (blue): Final=951.6, Time=94.0, Moves(38)=21.6, Pins(5)=500.0, Dist=336.0, Win Bonus=0.0
[2026-05-22 10:28:57] SCORE StockWish (yellow): Final=1066.6, Time=95.0, Moves(38)=21.6, Pins(6)=600.0, Dist=350.0, Win Bonus=0.0
[2026-05-22 10:28:57] SCORE Gruppe 67 (purple): Final=1258.4, Time=50.8, Moves(37)=13.5, Pins(8)=800.0, Dist=394.0, Win Bonus=0.0
[2026-05-22 10:28:57] ALL WRONG MOVES BY COLOUR: {'purple': ['65 (turn timeout)']}
[2026-05-22 10:28:58] MOVE 228: group 99 (red) 19->18 [0.01ms]
[2026-05-22 10:28:58] SCORE Group7 (lawn green): Final=1297.8, Time=82.2, Moves(38)=21.6, Pins(8)=800.0, Dist=394.0, Win Bonus=0.0
[2026-05-22 10:28:58] SCORE Robert (gray0): Final=1302.0, Time=88.4, Moves(38)=21.6, Pins(8)=800.0, Dist=392.0, Win Bonus=0.0
[2026-05-22 10:28:58] SCORE group 99 (red): Final=1269.4, Time=53.7, Moves(38)=21.6, Pins(8)=800.0, Dist=394.0, Win Bonus=0.0
[2026-05-22 10:28:58] SCORE Gruppe 10 (blue): Final=951.6, Time=94.0, Moves(38)=21.6, Pins(5)=500.0, Dist=336.0, Win Bonus=0.0
[2026-05-22 10:28:58] SCORE StockWish (yellow): Final=1066.6, Time=95.0, Moves(38)=21.6, Pins(6)=600.0, Dist=350.0, Win Bonus=0.0
[2026-05-22 10:28:58] SCORE Gruppe 67 (purple): Final=1258.4, Time=50.8, Moves(37)=13.5, Pins(8)=800.0, Dist=394.0, Win Bonus=0.0
[2026-05-22 10:28:58] ALL WRONG MOVES BY COLOUR: {'purple': ['65 (turn timeout)']}
[2026-05-22 10:28:58] MOVE 229: Group7 (lawn green) 56->100 [0.01ms]
[2026-05-22 10:28:58] SCORE Group7 (lawn green): Final=1410.1, Time=81.6, Moves(39)=32.5, Pins(9)=900.0, Dist=396.0, Win Bonus=0.0
[2026-05-22 10:28:58] SCORE Robert (gray0): Final=1302.0, Time=88.4, Moves(38)=21.6, Pins(8)=800.0, Dist=392.0, Win Bonus=0.0
[2026-05-22 10:28:58] SCORE group 99 (red): Final=1269.4, Time=53.7, Moves(38)=21.6, Pins(8)=800.0, Dist=394.0, Win Bonus=0.0
[2026-05-22 10:28:58] SCORE Gruppe 10 (blue): Final=951.6, Time=94.0, Moves(38)=21.6, Pins(5)=500.0, Dist=336.0, Win Bonus=0.0
[2026-05-22 10:28:58] SCORE StockWish (yellow): Final=1066.6, Time=95.0, Moves(38)=21.6, Pins(6)=600.0, Dist=350.0, Win Bonus=0.0
[2026-05-22 10:28:58] SCORE Gruppe 67 (purple): Final=1258.4, Time=50.8, Moves(37)=13.5, Pins(8)=800.0, Dist=394.0, Win Bonus=0.0
[2026-05-22 10:28:58] ALL WRONG MOVES BY COLOUR: {'purple': ['65 (turn timeout)']}
[2026-05-22 10:28:58] MOVE 230: StockWish (yellow) 71->69 [0.00ms]
[2026-05-22 10:28:58] SCORE Group7 (lawn green): Final=1410.1, Time=81.6, Moves(39)=32.5, Pins(9)=900.0, Dist=396.0, Win Bonus=0.0
[2026-05-22 10:28:58] SCORE Robert (gray0): Final=1302.0, Time=88.4, Moves(38)=21.6, Pins(8)=800.0, Dist=392.0, Win Bonus=0.0
[2026-05-22 10:28:58] SCORE group 99 (red): Final=1269.4, Time=53.7, Moves(38)=21.6, Pins(8)=800.0, Dist=394.0, Win Bonus=0.0
[2026-05-22 10:28:58] SCORE Gruppe 10 (blue): Final=951.6, Time=94.0, Moves(38)=21.6, Pins(5)=500.0, Dist=336.0, Win Bonus=0.0
[2026-05-22 10:28:58] SCORE StockWish (yellow): Final=1073.4, Time=94.9, Moves(39)=32.5, Pins(6)=600.0, Dist=346.0, Win Bonus=0.0
[2026-05-22 10:28:58] SCORE Gruppe 67 (purple): Final=1258.4, Time=50.8, Moves(37)=13.5, Pins(8)=800.0, Dist=394.0, Win Bonus=0.0
[2026-05-22 10:28:58] ALL WRONG MOVES BY COLOUR: {'purple': ['65 (turn timeout)']}
[2026-05-22 10:28:59] MOVE 231: Gruppe 10 (blue) 117->119 [0.01ms]
[2026-05-22 10:28:59] SCORE Group7 (lawn green): Final=1410.1, Time=81.6, Moves(39)=32.5, Pins(9)=900.0, Dist=396.0, Win Bonus=0.0
[2026-05-22 10:28:59] SCORE Robert (gray0): Final=1302.0, Time=88.4, Moves(38)=21.6, Pins(8)=800.0, Dist=392.0, Win Bonus=0.0
[2026-05-22 10:28:59] SCORE group 99 (red): Final=1269.4, Time=53.7, Moves(38)=21.6, Pins(8)=800.0, Dist=394.0, Win Bonus=0.0
[2026-05-22 10:28:59] SCORE Gruppe 10 (blue): Final=962.3, Time=93.8, Moves(39)=32.5, Pins(5)=500.0, Dist=336.0, Win Bonus=0.0
[2026-05-22 10:28:59] SCORE StockWish (yellow): Final=1073.4, Time=94.9, Moves(39)=32.5, Pins(6)=600.0, Dist=346.0, Win Bonus=0.0
[2026-05-22 10:28:59] SCORE Gruppe 67 (purple): Final=1258.4, Time=50.8, Moves(37)=13.5, Pins(8)=800.0, Dist=394.0, Win Bonus=0.0
[2026-05-22 10:28:59] ALL WRONG MOVES BY COLOUR: {'purple': ['65 (turn timeout)']}
[2026-05-22 10:28:59] MOVE 232: Robert (gray0) 54->44 [0.00ms]
[2026-05-22 10:28:59] SCORE Group7 (lawn green): Final=1410.1, Time=81.6, Moves(39)=32.5, Pins(9)=900.0, Dist=396.0, Win Bonus=0.0
[2026-05-22 10:28:59] SCORE Robert (gray0): Final=1414.7, Time=88.3, Moves(39)=32.5, Pins(9)=900.0, Dist=394.0, Win Bonus=0.0
[2026-05-22 10:28:59] SCORE group 99 (red): Final=1269.4, Time=53.7, Moves(38)=21.6, Pins(8)=800.0, Dist=394.0, Win Bonus=0.0
[2026-05-22 10:28:59] SCORE Gruppe 10 (blue): Final=962.3, Time=93.8, Moves(39)=32.5, Pins(5)=500.0, Dist=336.0, Win Bonus=0.0
[2026-05-22 10:28:59] SCORE StockWish (yellow): Final=1073.4, Time=94.9, Moves(39)=32.5, Pins(6)=600.0, Dist=346.0, Win Bonus=0.0
[2026-05-22 10:28:59] SCORE Gruppe 67 (purple): Final=1258.4, Time=50.8, Moves(37)=13.5, Pins(8)=800.0, Dist=394.0, Win Bonus=0.0
[2026-05-22 10:28:59] ALL WRONG MOVES BY COLOUR: {'purple': ['65 (turn timeout)']}
[2026-05-22 10:29:00] MOVE 233: Gruppe 67 (purple) 66->56 [0.01ms]
[2026-05-22 10:29:00] SCORE Group7 (lawn green): Final=1410.1, Time=81.6, Moves(39)=32.5, Pins(9)=900.0, Dist=396.0, Win Bonus=0.0
[2026-05-22 10:29:00] SCORE Robert (gray0): Final=1414.7, Time=88.3, Moves(39)=32.5, Pins(9)=900.0, Dist=394.0, Win Bonus=0.0
[2026-05-22 10:29:00] SCORE group 99 (red): Final=1269.4, Time=53.7, Moves(38)=21.6, Pins(8)=800.0, Dist=394.0, Win Bonus=0.0
[2026-05-22 10:29:00] SCORE Gruppe 10 (blue): Final=962.3, Time=93.8, Moves(39)=32.5, Pins(5)=500.0, Dist=336.0, Win Bonus=0.0
[2026-05-22 10:29:00] SCORE StockWish (yellow): Final=1073.4, Time=94.9, Moves(39)=32.5, Pins(6)=600.0, Dist=346.0, Win Bonus=0.0
[2026-05-22 10:29:00] SCORE Gruppe 67 (purple): Final=1267.1, Time=49.5, Moves(38)=21.6, Pins(8)=800.0, Dist=396.0, Win Bonus=0.0
[2026-05-22 10:29:00] ALL WRONG MOVES BY COLOUR: {'purple': ['65 (turn timeout)']}
[2026-05-22 10:29:01] MOVE 234: group 99 (red) 26->14 [0.00ms]
[2026-05-22 10:29:01] SCORE Group7 (lawn green): Final=1410.1, Time=81.6, Moves(39)=32.5, Pins(9)=900.0, Dist=396.0, Win Bonus=0.0
[2026-05-22 10:29:01] SCORE Robert (gray0): Final=1414.7, Time=88.3, Moves(39)=32.5, Pins(9)=900.0, Dist=394.0, Win Bonus=0.0
[2026-05-22 10:29:01] SCORE group 99 (red): Final=1280.9, Time=52.4, Moves(39)=32.5, Pins(8)=800.0, Dist=396.0, Win Bonus=0.0
[2026-05-22 10:29:01] SCORE Gruppe 10 (blue): Final=962.3, Time=93.8, Moves(39)=32.5, Pins(5)=500.0, Dist=336.0, Win Bonus=0.0
[2026-05-22 10:29:01] SCORE StockWish (yellow): Final=1073.4, Time=94.9, Moves(39)=32.5, Pins(6)=600.0, Dist=346.0, Win Bonus=0.0
[2026-05-22 10:29:01] SCORE Gruppe 67 (purple): Final=1267.1, Time=49.5, Moves(38)=21.6, Pins(8)=800.0, Dist=396.0, Win Bonus=0.0
[2026-05-22 10:29:01] ALL WRONG MOVES BY COLOUR: {'purple': ['65 (turn timeout)']}
[2026-05-22 10:29:02] MOVE 235: Group7 (lawn green) 99->76 [0.02ms]
[2026-05-22 10:29:02] SCORE Group7 (lawn green): Final=1423.0, Time=81.2, Moves(40)=45.8, Pins(9)=900.0, Dist=396.0, Win Bonus=0.0
[2026-05-22 10:29:02] SCORE Robert (gray0): Final=1414.7, Time=88.3, Moves(39)=32.5, Pins(9)=900.0, Dist=394.0, Win Bonus=0.0
[2026-05-22 10:29:02] SCORE group 99 (red): Final=1280.9, Time=52.4, Moves(39)=32.5, Pins(8)=800.0, Dist=396.0, Win Bonus=0.0
[2026-05-22 10:29:02] SCORE Gruppe 10 (blue): Final=962.3, Time=93.8, Moves(39)=32.5, Pins(5)=500.0, Dist=336.0, Win Bonus=0.0
[2026-05-22 10:29:02] SCORE StockWish (yellow): Final=1073.4, Time=94.9, Moves(39)=32.5, Pins(6)=600.0, Dist=346.0, Win Bonus=0.0
[2026-05-22 10:29:02] SCORE Gruppe 67 (purple): Final=1267.1, Time=49.5, Moves(38)=21.6, Pins(8)=800.0, Dist=396.0, Win Bonus=0.0
[2026-05-22 10:29:02] ALL WRONG MOVES BY COLOUR: {'purple': ['65 (turn timeout)']}
[2026-05-22 10:29:02] MOVE 236: StockWish (yellow) 69->70 [0.01ms]
[2026-05-22 10:29:02] SCORE Group7 (lawn green): Final=1423.0, Time=81.2, Moves(40)=45.8, Pins(9)=900.0, Dist=396.0, Win Bonus=0.0
[2026-05-22 10:29:02] SCORE Robert (gray0): Final=1414.7, Time=88.3, Moves(39)=32.5, Pins(9)=900.0, Dist=394.0, Win Bonus=0.0
[2026-05-22 10:29:02] SCORE group 99 (red): Final=1280.9, Time=52.4, Moves(39)=32.5, Pins(8)=800.0, Dist=396.0, Win Bonus=0.0
[2026-05-22 10:29:02] SCORE Gruppe 10 (blue): Final=962.3, Time=93.8, Moves(39)=32.5, Pins(5)=500.0, Dist=336.0, Win Bonus=0.0
[2026-05-22 10:29:02] SCORE StockWish (yellow): Final=1088.6, Time=94.9, Moves(40)=45.8, Pins(6)=600.0, Dist=348.0, Win Bonus=0.0
[2026-05-22 10:29:02] SCORE Gruppe 67 (purple): Final=1267.1, Time=49.5, Moves(38)=21.6, Pins(8)=800.0, Dist=396.0, Win Bonus=0.0
[2026-05-22 10:29:02] ALL WRONG MOVES BY COLOUR: {'purple': ['65 (turn timeout)']}
[2026-05-22 10:29:02] MOVE 237: Gruppe 10 (blue) 119->118 [0.00ms]
[2026-05-22 10:29:02] SCORE Group7 (lawn green): Final=1423.0, Time=81.2, Moves(40)=45.8, Pins(9)=900.0, Dist=396.0, Win Bonus=0.0
[2026-05-22 10:29:02] SCORE Robert (gray0): Final=1414.7, Time=88.3, Moves(39)=32.5, Pins(9)=900.0, Dist=394.0, Win Bonus=0.0
[2026-05-22 10:29:02] SCORE group 99 (red): Final=1280.9, Time=52.4, Moves(39)=32.5, Pins(8)=800.0, Dist=396.0, Win Bonus=0.0
[2026-05-22 10:29:02] SCORE Gruppe 10 (blue): Final=975.5, Time=93.8, Moves(40)=45.8, Pins(5)=500.0, Dist=336.0, Win Bonus=0.0
[2026-05-22 10:29:02] SCORE StockWish (yellow): Final=1088.6, Time=94.9, Moves(40)=45.8, Pins(6)=600.0, Dist=348.0, Win Bonus=0.0
[2026-05-22 10:29:02] SCORE Gruppe 67 (purple): Final=1267.1, Time=49.5, Moves(38)=21.6, Pins(8)=800.0, Dist=396.0, Win Bonus=0.0
[2026-05-22 10:29:02] ALL WRONG MOVES BY COLOUR: {'purple': ['65 (turn timeout)']}
[2026-05-22 10:29:02] MOVE 238: Robert (gray0) 41->42 [0.01ms]
[2026-05-22 10:29:02] SCORE Group7 (lawn green): Final=1423.0, Time=81.2, Moves(40)=45.8, Pins(9)=900.0, Dist=396.0, Win Bonus=0.0
[2026-05-22 10:29:02] SCORE Robert (gray0): Final=1429.9, Time=88.1, Moves(40)=45.8, Pins(9)=900.0, Dist=396.0, Win Bonus=0.0
[2026-05-22 10:29:02] SCORE group 99 (red): Final=1280.9, Time=52.4, Moves(39)=32.5, Pins(8)=800.0, Dist=396.0, Win Bonus=0.0
[2026-05-22 10:29:02] SCORE Gruppe 10 (blue): Final=975.5, Time=93.8, Moves(40)=45.8, Pins(5)=500.0, Dist=336.0, Win Bonus=0.0
[2026-05-22 10:29:02] SCORE StockWish (yellow): Final=1088.6, Time=94.9, Moves(40)=45.8, Pins(6)=600.0, Dist=348.0, Win Bonus=0.0
[2026-05-22 10:29:02] SCORE Gruppe 67 (purple): Final=1267.1, Time=49.5, Moves(38)=21.6, Pins(8)=800.0, Dist=396.0, Win Bonus=0.0
[2026-05-22 10:29:02] ALL WRONG MOVES BY COLOUR: {'purple': ['65 (turn timeout)']}
[2026-05-22 10:29:03] MOVE 239: Gruppe 67 (purple) 46->23 [0.01ms]
[2026-05-22 10:29:03] SCORE Group7 (lawn green): Final=1423.0, Time=81.2, Moves(40)=45.8, Pins(9)=900.0, Dist=396.0, Win Bonus=0.0
[2026-05-22 10:29:03] SCORE Robert (gray0): Final=1429.9, Time=88.1, Moves(40)=45.8, Pins(9)=900.0, Dist=396.0, Win Bonus=0.0
[2026-05-22 10:29:03] SCORE group 99 (red): Final=1280.9, Time=52.4, Moves(39)=32.5, Pins(8)=800.0, Dist=396.0, Win Bonus=0.0
[2026-05-22 10:29:03] SCORE Gruppe 10 (blue): Final=975.5, Time=93.8, Moves(40)=45.8, Pins(5)=500.0, Dist=336.0, Win Bonus=0.0
[2026-05-22 10:29:03] SCORE StockWish (yellow): Final=1088.6, Time=94.9, Moves(40)=45.8, Pins(6)=600.0, Dist=348.0, Win Bonus=0.0
[2026-05-22 10:29:03] SCORE Gruppe 67 (purple): Final=1276.7, Time=48.2, Moves(39)=32.5, Pins(8)=800.0, Dist=396.0, Win Bonus=0.0
[2026-05-22 10:29:03] ALL WRONG MOVES BY COLOUR: {'purple': ['65 (turn timeout)']}
[2026-05-22 10:29:04] MOVE 240: group 99 (red) 4->2 [0.01ms]
[2026-05-22 10:29:04] SCORE Group7 (lawn green): Final=1423.0, Time=81.2, Moves(40)=45.8, Pins(9)=900.0, Dist=396.0, Win Bonus=0.0
[2026-05-22 10:29:04] SCORE Robert (gray0): Final=1429.9, Time=88.1, Moves(40)=45.8, Pins(9)=900.0, Dist=396.0, Win Bonus=0.0
[2026-05-22 10:29:04] SCORE group 99 (red): Final=1293.3, Time=51.5, Moves(40)=45.8, Pins(8)=800.0, Dist=396.0, Win Bonus=0.0
[2026-05-22 10:29:04] SCORE Gruppe 10 (blue): Final=975.5, Time=93.8, Moves(40)=45.8, Pins(5)=500.0, Dist=336.0, Win Bonus=0.0
[2026-05-22 10:29:04] SCORE StockWish (yellow): Final=1088.6, Time=94.9, Moves(40)=45.8, Pins(6)=600.0, Dist=348.0, Win Bonus=0.0
[2026-05-22 10:29:04] SCORE Gruppe 67 (purple): Final=1276.7, Time=48.2, Moves(39)=32.5, Pins(8)=800.0, Dist=396.0, Win Bonus=0.0
[2026-05-22 10:29:04] ALL WRONG MOVES BY COLOUR: {'purple': ['65 (turn timeout)']}
[2026-05-22 10:29:05] MOVE 241: Group7 (lawn green) 47->57 [0.01ms]
[2026-05-22 10:29:05] SCORE Group7 (lawn green): Final=1437.4, Time=80.8, Moves(41)=60.7, Pins(9)=900.0, Dist=396.0, Win Bonus=0.0
[2026-05-22 10:29:05] SCORE Robert (gray0): Final=1429.9, Time=88.1, Moves(40)=45.8, Pins(9)=900.0, Dist=396.0, Win Bonus=0.0
[2026-05-22 10:29:05] SCORE group 99 (red): Final=1293.3, Time=51.5, Moves(40)=45.8, Pins(8)=800.0, Dist=396.0, Win Bonus=0.0
[2026-05-22 10:29:05] SCORE Gruppe 10 (blue): Final=975.5, Time=93.8, Moves(40)=45.8, Pins(5)=500.0, Dist=336.0, Win Bonus=0.0
[2026-05-22 10:29:05] SCORE StockWish (yellow): Final=1088.6, Time=94.9, Moves(40)=45.8, Pins(6)=600.0, Dist=348.0, Win Bonus=0.0
[2026-05-22 10:29:05] SCORE Gruppe 67 (purple): Final=1276.7, Time=48.2, Moves(39)=32.5, Pins(8)=800.0, Dist=396.0, Win Bonus=0.0
[2026-05-22 10:29:05] ALL WRONG MOVES BY COLOUR: {'purple': ['65 (turn timeout)']}
[2026-05-22 10:29:05] MOVE 242: StockWish (yellow) 48->49 [0.01ms]
[2026-05-22 10:29:05] SCORE Group7 (lawn green): Final=1437.4, Time=80.8, Moves(41)=60.7, Pins(9)=900.0, Dist=396.0, Win Bonus=0.0
[2026-05-22 10:29:05] SCORE Robert (gray0): Final=1429.9, Time=88.1, Moves(40)=45.8, Pins(9)=900.0, Dist=396.0, Win Bonus=0.0
[2026-05-22 10:29:05] SCORE group 99 (red): Final=1293.3, Time=51.5, Moves(40)=45.8, Pins(8)=800.0, Dist=396.0, Win Bonus=0.0
[2026-05-22 10:29:05] SCORE Gruppe 10 (blue): Final=975.5, Time=93.8, Moves(40)=45.8, Pins(5)=500.0, Dist=336.0, Win Bonus=0.0
[2026-05-22 10:29:05] SCORE StockWish (yellow): Final=1105.3, Time=94.6, Moves(41)=60.7, Pins(6)=600.0, Dist=350.0, Win Bonus=0.0
[2026-05-22 10:29:05] SCORE Gruppe 67 (purple): Final=1276.7, Time=48.2, Moves(39)=32.5, Pins(8)=800.0, Dist=396.0, Win Bonus=0.0
[2026-05-22 10:29:05] ALL WRONG MOVES BY COLOUR: {'purple': ['65 (turn timeout)']}
[2026-05-22 10:29:05] MOVE 243: Gruppe 10 (blue) 80->69 [0.01ms]
[2026-05-22 10:29:05] SCORE Group7 (lawn green): Final=1437.4, Time=80.8, Moves(41)=60.7, Pins(9)=900.0, Dist=396.0, Win Bonus=0.0
[2026-05-22 10:29:05] SCORE Robert (gray0): Final=1429.9, Time=88.1, Moves(40)=45.8, Pins(9)=900.0, Dist=396.0, Win Bonus=0.0
[2026-05-22 10:29:05] SCORE group 99 (red): Final=1293.3, Time=51.5, Moves(40)=45.8, Pins(8)=800.0, Dist=396.0, Win Bonus=0.0
[2026-05-22 10:29:05] SCORE Gruppe 10 (blue): Final=988.3, Time=93.6, Moves(41)=60.7, Pins(5)=500.0, Dist=334.0, Win Bonus=0.0
[2026-05-22 10:29:05] SCORE StockWish (yellow): Final=1105.3, Time=94.6, Moves(41)=60.7, Pins(6)=600.0, Dist=350.0, Win Bonus=0.0
[2026-05-22 10:29:05] SCORE Gruppe 67 (purple): Final=1276.7, Time=48.2, Moves(39)=32.5, Pins(8)=800.0, Dist=396.0, Win Bonus=0.0
[2026-05-22 10:29:05] ALL WRONG MOVES BY COLOUR: {'purple': ['65 (turn timeout)']}
[2026-05-22 10:29:05] MOVE 244: Robert (gray0) 42->31 [0.01ms]
[2026-05-22 10:29:05] SCORE Group7 (lawn green): Final=1437.4, Time=80.8, Moves(41)=60.7, Pins(9)=900.0, Dist=396.0, Win Bonus=0.0
[2026-05-22 10:29:05] SCORE Robert (gray0): Final=1446.5, Time=87.9, Moves(41)=60.7, Pins(9)=900.0, Dist=398.0, Win Bonus=0.0
[2026-05-22 10:29:05] SCORE group 99 (red): Final=1293.3, Time=51.5, Moves(40)=45.8, Pins(8)=800.0, Dist=396.0, Win Bonus=0.0
[2026-05-22 10:29:05] SCORE Gruppe 10 (blue): Final=988.3, Time=93.6, Moves(41)=60.7, Pins(5)=500.0, Dist=334.0, Win Bonus=0.0
[2026-05-22 10:29:05] SCORE StockWish (yellow): Final=1105.3, Time=94.6, Moves(41)=60.7, Pins(6)=600.0, Dist=350.0, Win Bonus=0.0
[2026-05-22 10:29:05] SCORE Gruppe 67 (purple): Final=1276.7, Time=48.2, Moves(39)=32.5, Pins(8)=800.0, Dist=396.0, Win Bonus=0.0
[2026-05-22 10:29:05] ALL WRONG MOVES BY COLOUR: {'purple': ['65 (turn timeout)']}
[2026-05-22 10:29:06] MOVE 245: Gruppe 67 (purple) 56->46 [0.01ms]
[2026-05-22 10:29:06] SCORE Group7 (lawn green): Final=1437.4, Time=80.8, Moves(41)=60.7, Pins(9)=900.0, Dist=396.0, Win Bonus=0.0
[2026-05-22 10:29:07] SCORE Robert (gray0): Final=1446.5, Time=87.9, Moves(41)=60.7, Pins(9)=900.0, Dist=398.0, Win Bonus=0.0
[2026-05-22 10:29:07] SCORE group 99 (red): Final=1293.3, Time=51.5, Moves(40)=45.8, Pins(8)=800.0, Dist=396.0, Win Bonus=0.0
[2026-05-22 10:29:07] SCORE Gruppe 10 (blue): Final=988.3, Time=93.6, Moves(41)=60.7, Pins(5)=500.0, Dist=334.0, Win Bonus=0.0
[2026-05-22 10:29:07] SCORE StockWish (yellow): Final=1105.3, Time=94.6, Moves(41)=60.7, Pins(6)=600.0, Dist=350.0, Win Bonus=0.0
[2026-05-22 10:29:07] SCORE Gruppe 67 (purple): Final=1391.0, Time=47.2, Moves(40)=45.8, Pins(9)=900.0, Dist=398.0, Win Bonus=0.0
[2026-05-22 10:29:07] ALL WRONG MOVES BY COLOUR: {'purple': ['65 (turn timeout)']}
[2026-05-22 10:29:08] MOVE 246: group 99 (red) 3->4 [0.01ms]
[2026-05-22 10:29:08] SCORE Group7 (lawn green): Final=1437.4, Time=80.8, Moves(41)=60.7, Pins(9)=900.0, Dist=396.0, Win Bonus=0.0
[2026-05-22 10:29:08] SCORE Robert (gray0): Final=1446.5, Time=87.9, Moves(41)=60.7, Pins(9)=900.0, Dist=398.0, Win Bonus=0.0
[2026-05-22 10:29:08] SCORE group 99 (red): Final=1307.1, Time=50.4, Moves(41)=60.7, Pins(8)=800.0, Dist=396.0, Win Bonus=0.0
[2026-05-22 10:29:08] SCORE Gruppe 10 (blue): Final=988.3, Time=93.6, Moves(41)=60.7, Pins(5)=500.0, Dist=334.0, Win Bonus=0.0
[2026-05-22 10:29:08] SCORE StockWish (yellow): Final=1105.3, Time=94.6, Moves(41)=60.7, Pins(6)=600.0, Dist=350.0, Win Bonus=0.0
[2026-05-22 10:29:08] SCORE Gruppe 67 (purple): Final=1391.0, Time=47.2, Moves(40)=45.8, Pins(9)=900.0, Dist=398.0, Win Bonus=0.0
[2026-05-22 10:29:08] ALL WRONG MOVES BY COLOUR: {'purple': ['65 (turn timeout)']}
[2026-05-22 10:29:08] MOVE 247: Group7 (lawn green) 57->56 [0.00ms]
[2026-05-22 10:29:08] SCORE Group7 (lawn green): Final=1453.9, Time=80.4, Moves(42)=75.5, Pins(9)=900.0, Dist=398.0, Win Bonus=0.0
[2026-05-22 10:29:08] SCORE Robert (gray0): Final=1446.5, Time=87.9, Moves(41)=60.7, Pins(9)=900.0, Dist=398.0, Win Bonus=0.0
[2026-05-22 10:29:08] SCORE group 99 (red): Final=1307.1, Time=50.4, Moves(41)=60.7, Pins(8)=800.0, Dist=396.0, Win Bonus=0.0
[2026-05-22 10:29:08] SCORE Gruppe 10 (blue): Final=988.3, Time=93.6, Moves(41)=60.7, Pins(5)=500.0, Dist=334.0, Win Bonus=0.0
[2026-05-22 10:29:08] SCORE StockWish (yellow): Final=1105.3, Time=94.6, Moves(41)=60.7, Pins(6)=600.0, Dist=350.0, Win Bonus=0.0
[2026-05-22 10:29:08] SCORE Gruppe 67 (purple): Final=1391.0, Time=47.2, Moves(40)=45.8, Pins(9)=900.0, Dist=398.0, Win Bonus=0.0
[2026-05-22 10:29:08] ALL WRONG MOVES BY COLOUR: {'purple': ['65 (turn timeout)']}
[2026-05-22 10:29:08] MOVE 248: StockWish (yellow) 82->83 [0.00ms]
[2026-05-22 10:29:08] SCORE Group7 (lawn green): Final=1453.9, Time=80.4, Moves(42)=75.5, Pins(9)=900.0, Dist=398.0, Win Bonus=0.0
[2026-05-22 10:29:08] SCORE Robert (gray0): Final=1446.5, Time=87.9, Moves(41)=60.7, Pins(9)=900.0, Dist=398.0, Win Bonus=0.0
[2026-05-22 10:29:08] SCORE group 99 (red): Final=1307.1, Time=50.4, Moves(41)=60.7, Pins(8)=800.0, Dist=396.0, Win Bonus=0.0
[2026-05-22 10:29:08] SCORE Gruppe 10 (blue): Final=988.3, Time=93.6, Moves(41)=60.7, Pins(5)=500.0, Dist=334.0, Win Bonus=0.0
[2026-05-22 10:29:08] SCORE StockWish (yellow): Final=1122.0, Time=94.6, Moves(42)=75.5, Pins(6)=600.0, Dist=352.0, Win Bonus=0.0
[2026-05-22 10:29:08] SCORE Gruppe 67 (purple): Final=1391.0, Time=47.2, Moves(40)=45.8, Pins(9)=900.0, Dist=398.0, Win Bonus=0.0
[2026-05-22 10:29:08] ALL WRONG MOVES BY COLOUR: {'purple': ['65 (turn timeout)']}
[2026-05-22 10:29:08] MOVE 249: Gruppe 10 (blue) 69->68 [0.01ms]
[2026-05-22 10:29:08] SCORE Group7 (lawn green): Final=1453.9, Time=80.4, Moves(42)=75.5, Pins(9)=900.0, Dist=398.0, Win Bonus=0.0
[2026-05-22 10:29:08] SCORE Robert (gray0): Final=1446.5, Time=87.9, Moves(41)=60.7, Pins(9)=900.0, Dist=398.0, Win Bonus=0.0
[2026-05-22 10:29:08] SCORE group 99 (red): Final=1307.1, Time=50.4, Moves(41)=60.7, Pins(8)=800.0, Dist=396.0, Win Bonus=0.0
[2026-05-22 10:29:08] SCORE Gruppe 10 (blue): Final=1002.9, Time=93.4, Moves(42)=75.5, Pins(5)=500.0, Dist=334.0, Win Bonus=0.0
[2026-05-22 10:29:08] SCORE StockWish (yellow): Final=1122.0, Time=94.6, Moves(42)=75.5, Pins(6)=600.0, Dist=352.0, Win Bonus=0.0
[2026-05-22 10:29:08] SCORE Gruppe 67 (purple): Final=1391.0, Time=47.2, Moves(40)=45.8, Pins(9)=900.0, Dist=398.0, Win Bonus=0.0
[2026-05-22 10:29:08] ALL WRONG MOVES BY COLOUR: {'purple': ['65 (turn timeout)']}
[2026-05-22 10:29:08] MOVE 250: Robert (gray0) 31->19 [0.01ms]
[2026-05-22 10:29:08] SCORE Group7 (lawn green): Final=1453.9, Time=80.4, Moves(42)=75.5, Pins(9)=900.0, Dist=398.0, Win Bonus=0.0
[2026-05-22 10:29:08] SCORE Robert (gray0): Final=2563.2, Time=87.7, Moves(42)=75.5, Pins(10)=1000.0, Dist=400.0, Win Bonus=1000.0
[2026-05-22 10:29:08] SCORE group 99 (red): Final=1307.1, Time=50.4, Moves(41)=60.7, Pins(8)=800.0, Dist=396.0, Win Bonus=0.0
[2026-05-22 10:29:08] SCORE Gruppe 10 (blue): Final=1002.9, Time=93.4, Moves(42)=75.5, Pins(5)=500.0, Dist=334.0, Win Bonus=0.0
[2026-05-22 10:29:08] SCORE StockWish (yellow): Final=1122.0, Time=94.6, Moves(42)=75.5, Pins(6)=600.0, Dist=352.0, Win Bonus=0.0
[2026-05-22 10:29:08] SCORE Gruppe 67 (purple): Final=1391.0, Time=47.2, Moves(40)=45.8, Pins(9)=900.0, Dist=398.0, Win Bonus=0.0
[2026-05-22 10:29:08] ALL WRONG MOVES BY COLOUR: {'purple': ['65 (turn timeout)']}
