[2026-05-22 11:12:27] GAME CREATED
[2026-05-22 11:12:29] PLAYER JOINED: Gruppe 69 as lawn green
[2026-05-22 11:12:32] PLAYER JOINED: jat as gray0
[2026-05-22 11:12:34] PLAYER JOINED: group 99 as yellow
[2026-05-22 11:12:37] PLAYER JOINED: CybSec as purple
[2026-05-22 11:12:43] PLAYER JOINED: HelloWorld as red
[2026-05-22 11:12:43] PLAYER START: Gruppe 69 (lawn green)
[2026-05-22 11:12:43] PLAYER START: jat (gray0)
[2026-05-22 11:12:43] PLAYER START: group 99 (yellow)
[2026-05-22 11:12:43] PLAYER START: CybSec (purple)
[2026-05-22 11:12:43] PLAYER START: HelloWorld (red)
[2026-05-22 11:12:43] GAME START — turn order ['lawn green', 'yellow', 'gray0', 'purple', 'red']
[2026-05-22 11:12:43] MOVE 1: Gruppe 69 (lawn green) 45->43 [0.01ms]
[2026-05-22 11:12:43] SCORE Gruppe 69 (lawn green): Final=283.9, Time=99.9, Moves(1)=0.0, Pins(0)=0.0, Dist=184.0, Win Bonus=0.0
[2026-05-22 11:12:43] SCORE jat (gray0): Final=0.0, Time=0.0, Moves(0)=0.0, Pins(0)=0.0, Dist=0.0, Win Bonus=0.0
[2026-05-22 11:12:43] SCORE group 99 (yellow): Final=0.0, Time=0.0, Moves(0)=0.0, Pins(0)=0.0, Dist=0.0, Win Bonus=0.0
[2026-05-22 11:12:43] SCORE CybSec (purple): Final=0.0, Time=0.0, Moves(0)=0.0, Pins(0)=0.0, Dist=0.0, Win Bonus=0.0
[2026-05-22 11:12:43] SCORE HelloWorld (red): Final=0.0, Time=0.0, Moves(0)=0.0, Pins(0)=0.0, Dist=0.0, Win Bonus=0.0
[2026-05-22 11:12:43] ALL WRONG MOVES BY COLOUR: {}
[2026-05-22 11:12:43] PLAYER START: Gruppe 69 (lawn green)
[2026-05-22 11:12:43] PLAYER START: jat (gray0)
[2026-05-22 11:12:43] PLAYER START: group 99 (yellow)
[2026-05-22 11:12:43] PLAYER START: CybSec (purple)
[2026-05-22 11:12:43] PLAYER START: HelloWorld (red)
[2026-05-22 11:12:43] PLAYER START: Gruppe 69 (lawn green)
[2026-05-22 11:12:43] PLAYER START: jat (gray0)
[2026-05-22 11:12:43] PLAYER START: group 99 (yellow)
[2026-05-22 11:12:43] PLAYER START: CybSec (purple)
[2026-05-22 11:12:43] PLAYER START: HelloWorld (red)
[2026-05-22 11:12:43] PLAYER START: Gruppe 69 (lawn green)
[2026-05-22 11:12:43] PLAYER START: jat (gray0)
[2026-05-22 11:12:43] PLAYER START: group 99 (yellow)
[2026-05-22 11:12:43] PLAYER START: CybSec (purple)
[2026-05-22 11:12:43] PLAYER START: HelloWorld (red)
[2026-05-22 11:12:45] MOVE 2: group 99 (yellow) 12->14 [0.01ms]
[2026-05-22 11:12:45] SCORE Gruppe 69 (lawn green): Final=283.9, Time=99.9, Moves(1)=0.0, Pins(0)=0.0, Dist=184.0, Win Bonus=0.0
[2026-05-22 11:12:45] SCORE jat (gray0): Final=0.0, Time=0.0, Moves(0)=0.0, Pins(0)=0.0, Dist=0.0, Win Bonus=0.0
[2026-05-22 11:12:45] SCORE group 99 (yellow): Final=282.5, Time=98.5, Moves(1)=0.0, Pins(0)=0.0, Dist=184.0, Win Bonus=0.0
[2026-05-22 11:12:45] SCORE CybSec (purple): Final=0.0, Time=0.0, Moves(0)=0.0, Pins(0)=0.0, Dist=0.0, Win Bonus=0.0
[2026-05-22 11:12:45] SCORE HelloWorld (red): Final=0.0, Time=0.0, Moves(0)=0.0, Pins(0)=0.0, Dist=0.0, Win Bonus=0.0
[2026-05-22 11:12:45] ALL WRONG MOVES BY COLOUR: {}
[2026-05-22 11:12:46] MOVE 3: jat (gray0) 75->77 [0.00ms]
[2026-05-22 11:12:46] SCORE Gruppe 69 (lawn green): Final=283.9, Time=99.9, Moves(1)=0.0, Pins(0)=0.0, Dist=184.0, Win Bonus=0.0
[2026-05-22 11:12:46] SCORE jat (gray0): Final=282.6, Time=98.6, Moves(1)=0.0, Pins(0)=0.0, Dist=184.0, Win Bonus=0.0
[2026-05-22 11:12:46] SCORE group 99 (yellow): Final=282.5, Time=98.5, Moves(1)=0.0, Pins(0)=0.0, Dist=184.0, Win Bonus=0.0
[2026-05-22 11:12:46] SCORE CybSec (purple): Final=0.0, Time=0.0, Moves(0)=0.0, Pins(0)=0.0, Dist=0.0, Win Bonus=0.0
[2026-05-22 11:12:46] SCORE HelloWorld (red): Final=0.0, Time=0.0, Moves(0)=0.0, Pins(0)=0.0, Dist=0.0, Win Bonus=0.0
[2026-05-22 11:12:46] ALL WRONG MOVES BY COLOUR: {}
[2026-05-22 11:12:47] MOVE 4: CybSec (purple) 85->64 [0.00ms]
[2026-05-22 11:12:47] SCORE Gruppe 69 (lawn green): Final=283.9, Time=99.9, Moves(1)=0.0, Pins(0)=0.0, Dist=184.0, Win Bonus=0.0
[2026-05-22 11:12:47] SCORE jat (gray0): Final=282.6, Time=98.6, Moves(1)=0.0, Pins(0)=0.0, Dist=184.0, Win Bonus=0.0
[2026-05-22 11:12:47] SCORE group 99 (yellow): Final=282.5, Time=98.5, Moves(1)=0.0, Pins(0)=0.0, Dist=184.0, Win Bonus=0.0
[2026-05-22 11:12:47] SCORE CybSec (purple): Final=283.6, Time=99.6, Moves(1)=0.0, Pins(0)=0.0, Dist=184.0, Win Bonus=0.0
[2026-05-22 11:12:47] SCORE HelloWorld (red): Final=0.0, Time=0.0, Moves(0)=0.0, Pins(0)=0.0, Dist=0.0, Win Bonus=0.0
[2026-05-22 11:12:47] ALL WRONG MOVES BY COLOUR: {}
[2026-05-22 11:12:48] PLAYER START: Gruppe 69 (lawn green)
[2026-05-22 11:12:48] PLAYER START: jat (gray0)
[2026-05-22 11:12:48] PLAYER START: group 99 (yellow)
[2026-05-22 11:12:48] PLAYER START: CybSec (purple)
[2026-05-22 11:12:48] PLAYER START: HelloWorld (red)
[2026-05-22 11:12:48] MOVE 5: HelloWorld (red) 115->104 [0.01ms]
[2026-05-22 11:12:48] SCORE Gruppe 69 (lawn green): Final=283.9, Time=99.9, Moves(1)=0.0, Pins(0)=0.0, Dist=184.0, Win Bonus=0.0
[2026-05-22 11:12:48] SCORE jat (gray0): Final=282.6, Time=98.6, Moves(1)=0.0, Pins(0)=0.0, Dist=184.0, Win Bonus=0.0
[2026-05-22 11:12:48] SCORE group 99 (yellow): Final=282.5, Time=98.5, Moves(1)=0.0, Pins(0)=0.0, Dist=184.0, Win Bonus=0.0
[2026-05-22 11:12:48] SCORE CybSec (purple): Final=283.6, Time=99.6, Moves(1)=0.0, Pins(0)=0.0, Dist=184.0, Win Bonus=0.0
[2026-05-22 11:12:48] SCORE HelloWorld (red): Final=282.6, Time=98.6, Moves(1)=0.0, Pins(0)=0.0, Dist=184.0, Win Bonus=0.0
[2026-05-22 11:12:48] ALL WRONG MOVES BY COLOUR: {}
[2026-05-22 11:12:48] MOVE 6: Gruppe 69 (lawn green) 43->42 [0.00ms]
[2026-05-22 11:12:48] SCORE Gruppe 69 (lawn green): Final=285.9, Time=99.9, Moves(2)=0.0, Pins(0)=0.0, Dist=186.0, Win Bonus=0.0
[2026-05-22 11:12:48] SCORE jat (gray0): Final=282.6, Time=98.6, Moves(1)=0.0, Pins(0)=0.0, Dist=184.0, Win Bonus=0.0
[2026-05-22 11:12:48] SCORE group 99 (yellow): Final=282.5, Time=98.5, Moves(1)=0.0, Pins(0)=0.0, Dist=184.0, Win Bonus=0.0
[2026-05-22 11:12:48] SCORE CybSec (purple): Final=283.6, Time=99.6, Moves(1)=0.0, Pins(0)=0.0, Dist=184.0, Win Bonus=0.0
[2026-05-22 11:12:48] SCORE HelloWorld (red): Final=282.6, Time=98.6, Moves(1)=0.0, Pins(0)=0.0, Dist=184.0, Win Bonus=0.0
[2026-05-22 11:12:48] ALL WRONG MOVES BY COLOUR: {}
[2026-05-22 11:12:49] MOVE 7: group 99 (yellow) 10->37 [0.01ms]
[2026-05-22 11:12:49] SCORE Gruppe 69 (lawn green): Final=285.9, Time=99.9, Moves(2)=0.0, Pins(0)=0.0, Dist=186.0, Win Bonus=0.0
[2026-05-22 11:12:49] SCORE jat (gray0): Final=282.6, Time=98.6, Moves(1)=0.0, Pins(0)=0.0, Dist=184.0, Win Bonus=0.0
[2026-05-22 11:12:49] SCORE group 99 (yellow): Final=289.2, Time=97.2, Moves(2)=0.0, Pins(0)=0.0, Dist=192.0, Win Bonus=0.0
[2026-05-22 11:12:49] SCORE CybSec (purple): Final=283.6, Time=99.6, Moves(1)=0.0, Pins(0)=0.0, Dist=184.0, Win Bonus=0.0
[2026-05-22 11:12:49] SCORE HelloWorld (red): Final=282.6, Time=98.6, Moves(1)=0.0, Pins(0)=0.0, Dist=184.0, Win Bonus=0.0
[2026-05-22 11:12:49] ALL WRONG MOVES BY COLOUR: {}
[2026-05-22 11:12:51] MOVE 8: jat (gray0) 98->56 [0.00ms]
[2026-05-22 11:12:51] SCORE Gruppe 69 (lawn green): Final=285.9, Time=99.9, Moves(2)=0.0, Pins(0)=0.0, Dist=186.0, Win Bonus=0.0
[2026-05-22 11:12:51] SCORE jat (gray0): Final=289.2, Time=97.2, Moves(2)=0.0, Pins(0)=0.0, Dist=192.0, Win Bonus=0.0
[2026-05-22 11:12:51] SCORE group 99 (yellow): Final=289.2, Time=97.2, Moves(2)=0.0, Pins(0)=0.0, Dist=192.0, Win Bonus=0.0
[2026-05-22 11:12:51] SCORE CybSec (purple): Final=283.6, Time=99.6, Moves(1)=0.0, Pins(0)=0.0, Dist=184.0, Win Bonus=0.0
[2026-05-22 11:12:51] SCORE HelloWorld (red): Final=282.6, Time=98.6, Moves(1)=0.0, Pins(0)=0.0, Dist=184.0, Win Bonus=0.0
[2026-05-22 11:12:51] ALL WRONG MOVES BY COLOUR: {}
[2026-05-22 11:12:51] MOVE 9: CybSec (purple) 74->73 [0.00ms]
[2026-05-22 11:12:51] SCORE Gruppe 69 (lawn green): Final=285.9, Time=99.9, Moves(2)=0.0, Pins(0)=0.0, Dist=186.0, Win Bonus=0.0
[2026-05-22 11:12:51] SCORE jat (gray0): Final=289.2, Time=97.2, Moves(2)=0.0, Pins(0)=0.0, Dist=192.0, Win Bonus=0.0
[2026-05-22 11:12:51] SCORE group 99 (yellow): Final=289.2, Time=97.2, Moves(2)=0.0, Pins(0)=0.0, Dist=192.0, Win Bonus=0.0
[2026-05-22 11:12:51] SCORE CybSec (purple): Final=285.4, Time=99.4, Moves(2)=0.0, Pins(0)=0.0, Dist=186.0, Win Bonus=0.0
[2026-05-22 11:12:51] SCORE HelloWorld (red): Final=282.6, Time=98.6, Moves(1)=0.0, Pins(0)=0.0, Dist=184.0, Win Bonus=0.0
[2026-05-22 11:12:51] ALL WRONG MOVES BY COLOUR: {}
[2026-05-22 11:12:52] MOVE 10: HelloWorld (red) 120->102 [0.00ms]
[2026-05-22 11:12:52] SCORE Gruppe 69 (lawn green): Final=285.9, Time=99.9, Moves(2)=0.0, Pins(0)=0.0, Dist=186.0, Win Bonus=0.0
[2026-05-22 11:12:52] SCORE jat (gray0): Final=289.2, Time=97.2, Moves(2)=0.0, Pins(0)=0.0, Dist=192.0, Win Bonus=0.0
[2026-05-22 11:12:52] SCORE group 99 (yellow): Final=289.2, Time=97.2, Moves(2)=0.0, Pins(0)=0.0, Dist=192.0, Win Bonus=0.0
[2026-05-22 11:12:52] SCORE CybSec (purple): Final=285.4, Time=99.4, Moves(2)=0.0, Pins(0)=0.0, Dist=186.0, Win Bonus=0.0
[2026-05-22 11:12:52] SCORE HelloWorld (red): Final=289.8, Time=97.8, Moves(2)=0.0, Pins(0)=0.0, Dist=192.0, Win Bonus=0.0
[2026-05-22 11:12:52] ALL WRONG MOVES BY COLOUR: {}
[2026-05-22 11:12:52] MOVE 11: Gruppe 69 (lawn green) 33->52 [0.00ms]
[2026-05-22 11:12:52] SCORE Gruppe 69 (lawn green): Final=293.8, Time=99.8, Moves(3)=0.0, Pins(0)=0.0, Dist=194.0, Win Bonus=0.0
[2026-05-22 11:12:52] SCORE jat (gray0): Final=289.2, Time=97.2, Moves(2)=0.0, Pins(0)=0.0, Dist=192.0, Win Bonus=0.0
[2026-05-22 11:12:52] SCORE group 99 (yellow): Final=289.2, Time=97.2, Moves(2)=0.0, Pins(0)=0.0, Dist=192.0, Win Bonus=0.0
[2026-05-22 11:12:52] SCORE CybSec (purple): Final=285.4, Time=99.4, Moves(2)=0.0, Pins(0)=0.0, Dist=186.0, Win Bonus=0.0
[2026-05-22 11:12:52] SCORE HelloWorld (red): Final=289.8, Time=97.8, Moves(2)=0.0, Pins(0)=0.0, Dist=192.0, Win Bonus=0.0
[2026-05-22 11:12:52] ALL WRONG MOVES BY COLOUR: {}
[2026-05-22 11:12:53] MOVE 12: group 99 (yellow) 46->89 [0.00ms]
[2026-05-22 11:12:53] SCORE Gruppe 69 (lawn green): Final=293.8, Time=99.8, Moves(3)=0.0, Pins(0)=0.0, Dist=194.0, Win Bonus=0.0
[2026-05-22 11:12:53] SCORE jat (gray0): Final=289.2, Time=97.2, Moves(2)=0.0, Pins(0)=0.0, Dist=192.0, Win Bonus=0.0
[2026-05-22 11:12:53] SCORE group 99 (yellow): Final=295.8, Time=95.8, Moves(3)=0.0, Pins(0)=0.0, Dist=200.0, Win Bonus=0.0
[2026-05-22 11:12:53] SCORE CybSec (purple): Final=285.4, Time=99.4, Moves(2)=0.0, Pins(0)=0.0, Dist=186.0, Win Bonus=0.0
[2026-05-22 11:12:53] SCORE HelloWorld (red): Final=289.8, Time=97.8, Moves(2)=0.0, Pins(0)=0.0, Dist=192.0, Win Bonus=0.0
[2026-05-22 11:12:53] ALL WRONG MOVES BY COLOUR: {}
[2026-05-22 11:12:54] MOVE 13: jat (gray0) 101->105 [0.01ms]
[2026-05-22 11:12:54] SCORE Gruppe 69 (lawn green): Final=293.8, Time=99.8, Moves(3)=0.0, Pins(0)=0.0, Dist=194.0, Win Bonus=0.0
[2026-05-22 11:12:54] SCORE jat (gray0): Final=296.0, Time=96.0, Moves(3)=0.0, Pins(0)=0.0, Dist=200.0, Win Bonus=0.0
[2026-05-22 11:12:54] SCORE group 99 (yellow): Final=295.8, Time=95.8, Moves(3)=0.0, Pins(0)=0.0, Dist=200.0, Win Bonus=0.0
[2026-05-22 11:12:54] SCORE CybSec (purple): Final=285.4, Time=99.4, Moves(2)=0.0, Pins(0)=0.0, Dist=186.0, Win Bonus=0.0
[2026-05-22 11:12:54] SCORE HelloWorld (red): Final=289.8, Time=97.8, Moves(2)=0.0, Pins(0)=0.0, Dist=192.0, Win Bonus=0.0
[2026-05-22 11:12:54] ALL WRONG MOVES BY COLOUR: {}
[2026-05-22 11:12:55] MOVE 14: CybSec (purple) 108->106 [0.00ms]
[2026-05-22 11:12:55] SCORE Gruppe 69 (lawn green): Final=293.8, Time=99.8, Moves(3)=0.0, Pins(0)=0.0, Dist=194.0, Win Bonus=0.0
[2026-05-22 11:12:55] SCORE jat (gray0): Final=296.0, Time=96.0, Moves(3)=0.0, Pins(0)=0.0, Dist=200.0, Win Bonus=0.0
[2026-05-22 11:12:55] SCORE group 99 (yellow): Final=295.8, Time=95.8, Moves(3)=0.0, Pins(0)=0.0, Dist=200.0, Win Bonus=0.0
[2026-05-22 11:12:55] SCORE CybSec (purple): Final=289.0, Time=99.0, Moves(3)=0.0, Pins(0)=0.0, Dist=190.0, Win Bonus=0.0
[2026-05-22 11:12:55] SCORE HelloWorld (red): Final=289.8, Time=97.8, Moves(2)=0.0, Pins(0)=0.0, Dist=192.0, Win Bonus=0.0
[2026-05-22 11:12:55] ALL WRONG MOVES BY COLOUR: {}
[2026-05-22 11:12:55] MOVE 15: HelloWorld (red) 116->78 [0.00ms]
[2026-05-22 11:12:55] SCORE Gruppe 69 (lawn green): Final=293.8, Time=99.8, Moves(3)=0.0, Pins(0)=0.0, Dist=194.0, Win Bonus=0.0
[2026-05-22 11:12:55] SCORE jat (gray0): Final=296.0, Time=96.0, Moves(3)=0.0, Pins(0)=0.0, Dist=200.0, Win Bonus=0.0
[2026-05-22 11:12:55] SCORE group 99 (yellow): Final=295.8, Time=95.8, Moves(3)=0.0, Pins(0)=0.0, Dist=200.0, Win Bonus=0.0
[2026-05-22 11:12:55] SCORE CybSec (purple): Final=289.0, Time=99.0, Moves(3)=0.0, Pins(0)=0.0, Dist=190.0, Win Bonus=0.0
[2026-05-22 11:12:55] SCORE HelloWorld (red): Final=297.4, Time=97.4, Moves(3)=0.0, Pins(0)=0.0, Dist=200.0, Win Bonus=0.0
[2026-05-22 11:12:55] ALL WRONG MOVES BY COLOUR: {}
[2026-05-22 11:12:55] MOVE 16: Gruppe 69 (lawn green) 52->51 [0.00ms]
[2026-05-22 11:12:55] SCORE Gruppe 69 (lawn green): Final=295.7, Time=99.7, Moves(4)=0.0, Pins(0)=0.0, Dist=196.0, Win Bonus=0.0
[2026-05-22 11:12:55] SCORE jat (gray0): Final=296.0, Time=96.0, Moves(3)=0.0, Pins(0)=0.0, Dist=200.0, Win Bonus=0.0
[2026-05-22 11:12:55] SCORE group 99 (yellow): Final=295.8, Time=95.8, Moves(3)=0.0, Pins(0)=0.0, Dist=200.0, Win Bonus=0.0
[2026-05-22 11:12:55] SCORE CybSec (purple): Final=289.0, Time=99.0, Moves(3)=0.0, Pins(0)=0.0, Dist=190.0, Win Bonus=0.0
[2026-05-22 11:12:55] SCORE HelloWorld (red): Final=297.4, Time=97.4, Moves(3)=0.0, Pins(0)=0.0, Dist=200.0, Win Bonus=0.0
[2026-05-22 11:12:55] ALL WRONG MOVES BY COLOUR: {}
[2026-05-22 11:12:56] MOVE 17: group 99 (yellow) 36->38 [0.00ms]
[2026-05-22 11:12:56] SCORE Gruppe 69 (lawn green): Final=295.7, Time=99.7, Moves(4)=0.0, Pins(0)=0.0, Dist=196.0, Win Bonus=0.0
[2026-05-22 11:12:56] SCORE jat (gray0): Final=296.0, Time=96.0, Moves(3)=0.0, Pins(0)=0.0, Dist=200.0, Win Bonus=0.0
[2026-05-22 11:12:56] SCORE group 99 (yellow): Final=298.6, Time=94.6, Moves(4)=0.0, Pins(0)=0.0, Dist=204.0, Win Bonus=0.0
[2026-05-22 11:12:56] SCORE CybSec (purple): Final=289.0, Time=99.0, Moves(3)=0.0, Pins(0)=0.0, Dist=190.0, Win Bonus=0.0
[2026-05-22 11:12:56] SCORE HelloWorld (red): Final=297.4, Time=97.4, Moves(3)=0.0, Pins(0)=0.0, Dist=200.0, Win Bonus=0.0
[2026-05-22 11:12:56] ALL WRONG MOVES BY COLOUR: {}
[2026-05-22 11:12:58] MOVE 18: jat (gray0) 65->6 [0.01ms]
[2026-05-22 11:12:58] SCORE Gruppe 69 (lawn green): Final=295.7, Time=99.7, Moves(4)=0.0, Pins(0)=0.0, Dist=196.0, Win Bonus=0.0
[2026-05-22 11:12:58] SCORE jat (gray0): Final=304.6, Time=94.6, Moves(4)=0.0, Pins(0)=0.0, Dist=210.0, Win Bonus=0.0
[2026-05-22 11:12:58] SCORE group 99 (yellow): Final=298.6, Time=94.6, Moves(4)=0.0, Pins(0)=0.0, Dist=204.0, Win Bonus=0.0
[2026-05-22 11:12:58] SCORE CybSec (purple): Final=289.0, Time=99.0, Moves(3)=0.0, Pins(0)=0.0, Dist=190.0, Win Bonus=0.0
[2026-05-22 11:12:58] SCORE HelloWorld (red): Final=297.4, Time=97.4, Moves(3)=0.0, Pins(0)=0.0, Dist=200.0, Win Bonus=0.0
[2026-05-22 11:12:58] ALL WRONG MOVES BY COLOUR: {}
[2026-05-22 11:12:58] MOVE 19: CybSec (purple) 95->50 [0.00ms]
[2026-05-22 11:12:58] SCORE Gruppe 69 (lawn green): Final=295.7, Time=99.7, Moves(4)=0.0, Pins(0)=0.0, Dist=196.0, Win Bonus=0.0
[2026-05-22 11:12:58] SCORE jat (gray0): Final=304.6, Time=94.6, Moves(4)=0.0, Pins(0)=0.0, Dist=210.0, Win Bonus=0.0
[2026-05-22 11:12:58] SCORE group 99 (yellow): Final=298.6, Time=94.6, Moves(4)=0.0, Pins(0)=0.0, Dist=204.0, Win Bonus=0.0
[2026-05-22 11:12:58] SCORE CybSec (purple): Final=300.8, Time=98.8, Moves(4)=0.0, Pins(0)=0.0, Dist=202.0, Win Bonus=0.0
[2026-05-22 11:12:58] SCORE HelloWorld (red): Final=297.4, Time=97.4, Moves(3)=0.0, Pins(0)=0.0, Dist=200.0, Win Bonus=0.0
[2026-05-22 11:12:58] ALL WRONG MOVES BY COLOUR: {}
[2026-05-22 11:12:59] MOVE 20: HelloWorld (red) 113->93 [0.00ms]
[2026-05-22 11:12:59] SCORE Gruppe 69 (lawn green): Final=295.7, Time=99.7, Moves(4)=0.0, Pins(0)=0.0, Dist=196.0, Win Bonus=0.0
[2026-05-22 11:12:59] SCORE jat (gray0): Final=304.6, Time=94.6, Moves(4)=0.0, Pins(0)=0.0, Dist=210.0, Win Bonus=0.0
[2026-05-22 11:12:59] SCORE group 99 (yellow): Final=298.6, Time=94.6, Moves(4)=0.0, Pins(0)=0.0, Dist=204.0, Win Bonus=0.0
[2026-05-22 11:12:59] SCORE CybSec (purple): Final=300.8, Time=98.8, Moves(4)=0.0, Pins(0)=0.0, Dist=202.0, Win Bonus=0.0
[2026-05-22 11:12:59] SCORE HelloWorld (red): Final=300.8, Time=96.8, Moves(4)=0.0, Pins(0)=0.0, Dist=204.0, Win Bonus=0.0
[2026-05-22 11:12:59] ALL WRONG MOVES BY COLOUR: {}
[2026-05-22 11:12:59] MOVE 21: Gruppe 69 (lawn green) 22->60 [0.00ms]
[2026-05-22 11:12:59] SCORE Gruppe 69 (lawn green): Final=311.6, Time=99.6, Moves(5)=0.0, Pins(0)=0.0, Dist=212.0, Win Bonus=0.0
[2026-05-22 11:12:59] SCORE jat (gray0): Final=304.6, Time=94.6, Moves(4)=0.0, Pins(0)=0.0, Dist=210.0, Win Bonus=0.0
[2026-05-22 11:12:59] SCORE group 99 (yellow): Final=298.6, Time=94.6, Moves(4)=0.0, Pins(0)=0.0, Dist=204.0, Win Bonus=0.0
[2026-05-22 11:12:59] SCORE CybSec (purple): Final=300.8, Time=98.8, Moves(4)=0.0, Pins(0)=0.0, Dist=202.0, Win Bonus=0.0
[2026-05-22 11:12:59] SCORE HelloWorld (red): Final=300.8, Time=96.8, Moves(4)=0.0, Pins(0)=0.0, Dist=204.0, Win Bonus=0.0
[2026-05-22 11:12:59] ALL WRONG MOVES BY COLOUR: {}
[2026-05-22 11:13:00] MOVE 22: group 99 (yellow) 24->49 [0.01ms]
[2026-05-22 11:13:00] SCORE Gruppe 69 (lawn green): Final=311.6, Time=99.6, Moves(5)=0.0, Pins(0)=0.0, Dist=212.0, Win Bonus=0.0
[2026-05-22 11:13:00] SCORE jat (gray0): Final=304.6, Time=94.6, Moves(4)=0.0, Pins(0)=0.0, Dist=210.0, Win Bonus=0.0
[2026-05-22 11:13:00] SCORE group 99 (yellow): Final=305.2, Time=93.2, Moves(5)=0.0, Pins(0)=0.0, Dist=212.0, Win Bonus=0.0
[2026-05-22 11:13:00] SCORE CybSec (purple): Final=300.8, Time=98.8, Moves(4)=0.0, Pins(0)=0.0, Dist=202.0, Win Bonus=0.0
[2026-05-22 11:13:00] SCORE HelloWorld (red): Final=300.8, Time=96.8, Moves(4)=0.0, Pins(0)=0.0, Dist=204.0, Win Bonus=0.0
[2026-05-22 11:13:00] ALL WRONG MOVES BY COLOUR: {}
[2026-05-22 11:13:02] MOVE 23: jat (gray0) 88->26 [0.00ms]
[2026-05-22 11:13:02] SCORE Gruppe 69 (lawn green): Final=311.6, Time=99.6, Moves(5)=0.0, Pins(0)=0.0, Dist=212.0, Win Bonus=0.0
[2026-05-22 11:13:02] SCORE jat (gray0): Final=311.1, Time=93.1, Moves(5)=0.0, Pins(0)=0.0, Dist=218.0, Win Bonus=0.0
[2026-05-22 11:13:02] SCORE group 99 (yellow): Final=305.2, Time=93.2, Moves(5)=0.0, Pins(0)=0.0, Dist=212.0, Win Bonus=0.0
[2026-05-22 11:13:02] SCORE CybSec (purple): Final=300.8, Time=98.8, Moves(4)=0.0, Pins(0)=0.0, Dist=202.0, Win Bonus=0.0
[2026-05-22 11:13:02] SCORE HelloWorld (red): Final=300.8, Time=96.8, Moves(4)=0.0, Pins(0)=0.0, Dist=204.0, Win Bonus=0.0
[2026-05-22 11:13:02] ALL WRONG MOVES BY COLOUR: {}
[2026-05-22 11:13:02] MOVE 24: CybSec (purple) 97->52 [0.00ms]
[2026-05-22 11:13:02] SCORE Gruppe 69 (lawn green): Final=311.6, Time=99.6, Moves(5)=0.0, Pins(0)=0.0, Dist=212.0, Win Bonus=0.0
[2026-05-22 11:13:02] SCORE jat (gray0): Final=311.1, Time=93.1, Moves(5)=0.0, Pins(0)=0.0, Dist=218.0, Win Bonus=0.0
[2026-05-22 11:13:02] SCORE group 99 (yellow): Final=305.2, Time=93.2, Moves(5)=0.0, Pins(0)=0.0, Dist=212.0, Win Bonus=0.0
[2026-05-22 11:13:02] SCORE CybSec (purple): Final=312.5, Time=98.5, Moves(5)=0.0, Pins(0)=0.0, Dist=214.0, Win Bonus=0.0
[2026-05-22 11:13:02] SCORE HelloWorld (red): Final=300.8, Time=96.8, Moves(4)=0.0, Pins(0)=0.0, Dist=204.0, Win Bonus=0.0
[2026-05-22 11:13:02] ALL WRONG MOVES BY COLOUR: {}
[2026-05-22 11:13:02] MOVE 25: HelloWorld (red) 112->94 [0.00ms]
[2026-05-22 11:13:02] SCORE Gruppe 69 (lawn green): Final=311.6, Time=99.6, Moves(5)=0.0, Pins(0)=0.0, Dist=212.0, Win Bonus=0.0
[2026-05-22 11:13:02] SCORE jat (gray0): Final=311.1, Time=93.1, Moves(5)=0.0, Pins(0)=0.0, Dist=218.0, Win Bonus=0.0
[2026-05-22 11:13:02] SCORE group 99 (yellow): Final=305.2, Time=93.2, Moves(5)=0.0, Pins(0)=0.0, Dist=212.0, Win Bonus=0.0
[2026-05-22 11:13:02] SCORE CybSec (purple): Final=312.5, Time=98.5, Moves(5)=0.0, Pins(0)=0.0, Dist=214.0, Win Bonus=0.0
[2026-05-22 11:13:02] SCORE HelloWorld (red): Final=304.4, Time=96.4, Moves(5)=0.0, Pins(0)=0.0, Dist=208.0, Win Bonus=0.0
[2026-05-22 11:13:02] ALL WRONG MOVES BY COLOUR: {}
[2026-05-22 11:13:03] MOVE 26: Gruppe 69 (lawn green) 20->62 [0.00ms]
[2026-05-22 11:13:03] SCORE Gruppe 69 (lawn green): Final=319.5, Time=99.5, Moves(6)=0.0, Pins(0)=0.0, Dist=220.0, Win Bonus=0.0
[2026-05-22 11:13:03] SCORE jat (gray0): Final=311.1, Time=93.1, Moves(5)=0.0, Pins(0)=0.0, Dist=218.0, Win Bonus=0.0
[2026-05-22 11:13:03] SCORE group 99 (yellow): Final=305.2, Time=93.2, Moves(5)=0.0, Pins(0)=0.0, Dist=212.0, Win Bonus=0.0
[2026-05-22 11:13:03] SCORE CybSec (purple): Final=312.5, Time=98.5, Moves(5)=0.0, Pins(0)=0.0, Dist=214.0, Win Bonus=0.0
[2026-05-22 11:13:03] SCORE HelloWorld (red): Final=304.4, Time=96.4, Moves(5)=0.0, Pins(0)=0.0, Dist=208.0, Win Bonus=0.0
[2026-05-22 11:13:03] ALL WRONG MOVES BY COLOUR: {}
[2026-05-22 11:13:04] MOVE 27: group 99 (yellow) 38->63 [0.00ms]
[2026-05-22 11:13:04] SCORE Gruppe 69 (lawn green): Final=319.5, Time=99.5, Moves(6)=0.0, Pins(0)=0.0, Dist=220.0, Win Bonus=0.0
[2026-05-22 11:13:04] SCORE jat (gray0): Final=311.1, Time=93.1, Moves(5)=0.0, Pins(0)=0.0, Dist=218.0, Win Bonus=0.0
[2026-05-22 11:13:04] SCORE group 99 (yellow): Final=316.0, Time=92.0, Moves(6)=0.0, Pins(0)=0.0, Dist=224.0, Win Bonus=0.0
[2026-05-22 11:13:04] SCORE CybSec (purple): Final=312.5, Time=98.5, Moves(5)=0.0, Pins(0)=0.0, Dist=214.0, Win Bonus=0.0
[2026-05-22 11:13:04] SCORE HelloWorld (red): Final=304.4, Time=96.4, Moves(5)=0.0, Pins(0)=0.0, Dist=208.0, Win Bonus=0.0
[2026-05-22 11:13:04] ALL WRONG MOVES BY COLOUR: {}
[2026-05-22 11:13:05] MOVE 28: jat (gray0) 86->67 [0.00ms]
[2026-05-22 11:13:05] SCORE Gruppe 69 (lawn green): Final=319.5, Time=99.5, Moves(6)=0.0, Pins(0)=0.0, Dist=220.0, Win Bonus=0.0
[2026-05-22 11:13:05] SCORE jat (gray0): Final=317.7, Time=91.7, Moves(6)=0.0, Pins(0)=0.0, Dist=226.0, Win Bonus=0.0
[2026-05-22 11:13:05] SCORE group 99 (yellow): Final=316.0, Time=92.0, Moves(6)=0.0, Pins(0)=0.0, Dist=224.0, Win Bonus=0.0
[2026-05-22 11:13:05] SCORE CybSec (purple): Final=312.5, Time=98.5, Moves(5)=0.0, Pins(0)=0.0, Dist=214.0, Win Bonus=0.0
[2026-05-22 11:13:05] SCORE HelloWorld (red): Final=304.4, Time=96.4, Moves(5)=0.0, Pins(0)=0.0, Dist=208.0, Win Bonus=0.0
[2026-05-22 11:13:05] ALL WRONG MOVES BY COLOUR: {}
[2026-05-22 11:13:05] MOVE 29: CybSec (purple) 64->18 [0.01ms]
[2026-05-22 11:13:05] SCORE Gruppe 69 (lawn green): Final=319.5, Time=99.5, Moves(6)=0.0, Pins(0)=0.0, Dist=220.0, Win Bonus=0.0
[2026-05-22 11:13:05] SCORE jat (gray0): Final=317.7, Time=91.7, Moves(6)=0.0, Pins(0)=0.0, Dist=226.0, Win Bonus=0.0
[2026-05-22 11:13:05] SCORE group 99 (yellow): Final=316.0, Time=92.0, Moves(6)=0.0, Pins(0)=0.0, Dist=224.0, Win Bonus=0.0
[2026-05-22 11:13:05] SCORE CybSec (purple): Final=320.3, Time=98.3, Moves(6)=0.0, Pins(0)=0.0, Dist=222.0, Win Bonus=0.0
[2026-05-22 11:13:05] SCORE HelloWorld (red): Final=304.4, Time=96.4, Moves(5)=0.0, Pins(0)=0.0, Dist=208.0, Win Bonus=0.0
[2026-05-22 11:13:05] ALL WRONG MOVES BY COLOUR: {}
[2026-05-22 11:13:06] MOVE 30: HelloWorld (red) 93->9 [0.00ms]
[2026-05-22 11:13:06] SCORE Gruppe 69 (lawn green): Final=319.5, Time=99.5, Moves(6)=0.0, Pins(0)=0.0, Dist=220.0, Win Bonus=0.0
[2026-05-22 11:13:06] SCORE jat (gray0): Final=317.7, Time=91.7, Moves(6)=0.0, Pins(0)=0.0, Dist=226.0, Win Bonus=0.0
[2026-05-22 11:13:06] SCORE group 99 (yellow): Final=316.0, Time=92.0, Moves(6)=0.0, Pins(0)=0.0, Dist=224.0, Win Bonus=0.0
[2026-05-22 11:13:06] SCORE CybSec (purple): Final=320.3, Time=98.3, Moves(6)=0.0, Pins(0)=0.0, Dist=222.0, Win Bonus=0.0
[2026-05-22 11:13:06] SCORE HelloWorld (red): Final=419.9, Time=95.9, Moves(6)=0.0, Pins(1)=100.0, Dist=224.0, Win Bonus=0.0
[2026-05-22 11:13:06] ALL WRONG MOVES BY COLOUR: {}
[2026-05-22 11:13:06] MOVE 31: Gruppe 69 (lawn green) 42->36 [0.00ms]
[2026-05-22 11:13:06] SCORE Gruppe 69 (lawn green): Final=329.4, Time=99.4, Moves(7)=0.0, Pins(0)=0.0, Dist=230.0, Win Bonus=0.0
[2026-05-22 11:13:06] SCORE jat (gray0): Final=317.7, Time=91.7, Moves(6)=0.0, Pins(0)=0.0, Dist=226.0, Win Bonus=0.0
[2026-05-22 11:13:06] SCORE group 99 (yellow): Final=316.0, Time=92.0, Moves(6)=0.0, Pins(0)=0.0, Dist=224.0, Win Bonus=0.0
[2026-05-22 11:13:06] SCORE CybSec (purple): Final=320.3, Time=98.3, Moves(6)=0.0, Pins(0)=0.0, Dist=222.0, Win Bonus=0.0
[2026-05-22 11:13:06] SCORE HelloWorld (red): Final=419.9, Time=95.9, Moves(6)=0.0, Pins(1)=100.0, Dist=224.0, Win Bonus=0.0
[2026-05-22 11:13:06] ALL WRONG MOVES BY COLOUR: {}
[2026-05-22 11:13:07] MOVE 32: group 99 (yellow) 23->68 [0.00ms]
[2026-05-22 11:13:07] SCORE Gruppe 69 (lawn green): Final=329.4, Time=99.4, Moves(7)=0.0, Pins(0)=0.0, Dist=230.0, Win Bonus=0.0
[2026-05-22 11:13:07] SCORE jat (gray0): Final=317.7, Time=91.7, Moves(6)=0.0, Pins(0)=0.0, Dist=226.0, Win Bonus=0.0
[2026-05-22 11:13:07] SCORE group 99 (yellow): Final=326.7, Time=90.7, Moves(7)=0.0, Pins(0)=0.0, Dist=236.0, Win Bonus=0.0
[2026-05-22 11:13:07] SCORE CybSec (purple): Final=320.3, Time=98.3, Moves(6)=0.0, Pins(0)=0.0, Dist=222.0, Win Bonus=0.0
[2026-05-22 11:13:07] SCORE HelloWorld (red): Final=419.9, Time=95.9, Moves(6)=0.0, Pins(1)=100.0, Dist=224.0, Win Bonus=0.0
[2026-05-22 11:13:07] ALL WRONG MOVES BY COLOUR: {}
[2026-05-22 11:13:09] MOVE 33: jat (gray0) 77->39 [0.00ms]
[2026-05-22 11:13:09] SCORE Gruppe 69 (lawn green): Final=329.4, Time=99.4, Moves(7)=0.0, Pins(0)=0.0, Dist=230.0, Win Bonus=0.0
[2026-05-22 11:13:09] SCORE jat (gray0): Final=324.4, Time=90.4, Moves(7)=0.0, Pins(0)=0.0, Dist=234.0, Win Bonus=0.0
[2026-05-22 11:13:09] SCORE group 99 (yellow): Final=326.7, Time=90.7, Moves(7)=0.0, Pins(0)=0.0, Dist=236.0, Win Bonus=0.0
[2026-05-22 11:13:09] SCORE CybSec (purple): Final=320.3, Time=98.3, Moves(6)=0.0, Pins(0)=0.0, Dist=222.0, Win Bonus=0.0
[2026-05-22 11:13:09] SCORE HelloWorld (red): Final=419.9, Time=95.9, Moves(6)=0.0, Pins(1)=100.0, Dist=224.0, Win Bonus=0.0
[2026-05-22 11:13:09] ALL WRONG MOVES BY COLOUR: {}
[2026-05-22 11:13:09] MOVE 34: CybSec (purple) 106->93 [0.01ms]
[2026-05-22 11:13:09] SCORE Gruppe 69 (lawn green): Final=329.4, Time=99.4, Moves(7)=0.0, Pins(0)=0.0, Dist=230.0, Win Bonus=0.0
[2026-05-22 11:13:09] SCORE jat (gray0): Final=324.4, Time=90.4, Moves(7)=0.0, Pins(0)=0.0, Dist=234.0, Win Bonus=0.0
[2026-05-22 11:13:09] SCORE group 99 (yellow): Final=326.7, Time=90.7, Moves(7)=0.0, Pins(0)=0.0, Dist=236.0, Win Bonus=0.0
[2026-05-22 11:13:09] SCORE CybSec (purple): Final=322.0, Time=98.0, Moves(7)=0.0, Pins(0)=0.0, Dist=224.0, Win Bonus=0.0
[2026-05-22 11:13:09] SCORE HelloWorld (red): Final=419.9, Time=95.9, Moves(6)=0.0, Pins(1)=100.0, Dist=224.0, Win Bonus=0.0
[2026-05-22 11:13:09] ALL WRONG MOVES BY COLOUR: {}
[2026-05-22 11:13:10] MOVE 35: HelloWorld (red) 117->20 [0.00ms]
[2026-05-22 11:13:10] SCORE Gruppe 69 (lawn green): Final=329.4, Time=99.4, Moves(7)=0.0, Pins(0)=0.0, Dist=230.0, Win Bonus=0.0
[2026-05-22 11:13:10] SCORE jat (gray0): Final=324.4, Time=90.4, Moves(7)=0.0, Pins(0)=0.0, Dist=234.0, Win Bonus=0.0
[2026-05-22 11:13:10] SCORE group 99 (yellow): Final=326.7, Time=90.7, Moves(7)=0.0, Pins(0)=0.0, Dist=236.0, Win Bonus=0.0
[2026-05-22 11:13:10] SCORE CybSec (purple): Final=322.0, Time=98.0, Moves(7)=0.0, Pins(0)=0.0, Dist=224.0, Win Bonus=0.0
[2026-05-22 11:13:10] SCORE HelloWorld (red): Final=435.0, Time=95.0, Moves(7)=0.0, Pins(1)=100.0, Dist=240.0, Win Bonus=0.0
[2026-05-22 11:13:10] ALL WRONG MOVES BY COLOUR: {}
[2026-05-22 11:13:10] MOVE 36: Gruppe 69 (lawn green) 62->115 [0.00ms]
[2026-05-22 11:13:10] SCORE Gruppe 69 (lawn green): Final=337.3, Time=99.3, Moves(8)=0.0, Pins(0)=0.0, Dist=238.0, Win Bonus=0.0
[2026-05-22 11:13:10] SCORE jat (gray0): Final=324.4, Time=90.4, Moves(7)=0.0, Pins(0)=0.0, Dist=234.0, Win Bonus=0.0
[2026-05-22 11:13:10] SCORE group 99 (yellow): Final=326.7, Time=90.7, Moves(7)=0.0, Pins(0)=0.0, Dist=236.0, Win Bonus=0.0
[2026-05-22 11:13:10] SCORE CybSec (purple): Final=322.0, Time=98.0, Moves(7)=0.0, Pins(0)=0.0, Dist=224.0, Win Bonus=0.0
[2026-05-22 11:13:10] SCORE HelloWorld (red): Final=435.0, Time=95.0, Moves(7)=0.0, Pins(1)=100.0, Dist=240.0, Win Bonus=0.0
[2026-05-22 11:13:10] ALL WRONG MOVES BY COLOUR: {}
[2026-05-22 11:13:11] MOVE 37: group 99 (yellow) 13->42 [0.01ms]
[2026-05-22 11:13:11] SCORE Gruppe 69 (lawn green): Final=337.3, Time=99.3, Moves(8)=0.0, Pins(0)=0.0, Dist=238.0, Win Bonus=0.0
[2026-05-22 11:13:11] SCORE jat (gray0): Final=324.4, Time=90.4, Moves(7)=0.0, Pins(0)=0.0, Dist=234.0, Win Bonus=0.0
[2026-05-22 11:13:11] SCORE group 99 (yellow): Final=337.6, Time=89.6, Moves(8)=0.0, Pins(0)=0.0, Dist=248.0, Win Bonus=0.0
[2026-05-22 11:13:11] SCORE CybSec (purple): Final=322.0, Time=98.0, Moves(7)=0.0, Pins(0)=0.0, Dist=224.0, Win Bonus=0.0
[2026-05-22 11:13:11] SCORE HelloWorld (red): Final=435.0, Time=95.0, Moves(7)=0.0, Pins(1)=100.0, Dist=240.0, Win Bonus=0.0
[2026-05-22 11:13:11] ALL WRONG MOVES BY COLOUR: {}
[2026-05-22 11:13:12] MOVE 38: jat (gray0) 100->79 [0.01ms]
[2026-05-22 11:13:12] SCORE Gruppe 69 (lawn green): Final=337.3, Time=99.3, Moves(8)=0.0, Pins(0)=0.0, Dist=238.0, Win Bonus=0.0
[2026-05-22 11:13:12] SCORE jat (gray0): Final=330.9, Time=88.9, Moves(8)=0.0, Pins(0)=0.0, Dist=242.0, Win Bonus=0.0
[2026-05-22 11:13:13] SCORE group 99 (yellow): Final=337.6, Time=89.6, Moves(8)=0.0, Pins(0)=0.0, Dist=248.0, Win Bonus=0.0
[2026-05-22 11:13:13] SCORE CybSec (purple): Final=322.0, Time=98.0, Moves(7)=0.0, Pins(0)=0.0, Dist=224.0, Win Bonus=0.0
[2026-05-22 11:13:13] SCORE HelloWorld (red): Final=435.0, Time=95.0, Moves(7)=0.0, Pins(1)=100.0, Dist=240.0, Win Bonus=0.0
[2026-05-22 11:13:13] ALL WRONG MOVES BY COLOUR: {}
[2026-05-22 11:13:13] MOVE 39: CybSec (purple) 110->43 [0.00ms]
[2026-05-22 11:13:13] SCORE Gruppe 69 (lawn green): Final=337.3, Time=99.3, Moves(8)=0.0, Pins(0)=0.0, Dist=238.0, Win Bonus=0.0
[2026-05-22 11:13:13] SCORE jat (gray0): Final=330.9, Time=88.9, Moves(8)=0.0, Pins(0)=0.0, Dist=242.0, Win Bonus=0.0
[2026-05-22 11:13:13] SCORE group 99 (yellow): Final=337.6, Time=89.6, Moves(8)=0.0, Pins(0)=0.0, Dist=248.0, Win Bonus=0.0
[2026-05-22 11:13:13] SCORE CybSec (purple): Final=333.6, Time=97.6, Moves(8)=0.0, Pins(0)=0.0, Dist=236.0, Win Bonus=0.0
[2026-05-22 11:13:13] SCORE HelloWorld (red): Final=435.0, Time=95.0, Moves(7)=0.0, Pins(1)=100.0, Dist=240.0, Win Bonus=0.0
[2026-05-22 11:13:13] ALL WRONG MOVES BY COLOUR: {}
[2026-05-22 11:13:13] MOVE 40: HelloWorld (red) 104->22 [0.01ms]
[2026-05-22 11:13:13] SCORE Gruppe 69 (lawn green): Final=337.3, Time=99.3, Moves(8)=0.0, Pins(0)=0.0, Dist=238.0, Win Bonus=0.0
[2026-05-22 11:13:13] SCORE jat (gray0): Final=330.9, Time=88.9, Moves(8)=0.0, Pins(0)=0.0, Dist=242.0, Win Bonus=0.0
[2026-05-22 11:13:13] SCORE group 99 (yellow): Final=337.6, Time=89.6, Moves(8)=0.0, Pins(0)=0.0, Dist=248.0, Win Bonus=0.0
[2026-05-22 11:13:13] SCORE CybSec (purple): Final=333.6, Time=97.6, Moves(8)=0.0, Pins(0)=0.0, Dist=236.0, Win Bonus=0.0
[2026-05-22 11:13:13] SCORE HelloWorld (red): Final=442.5, Time=94.5, Moves(8)=0.0, Pins(1)=100.0, Dist=248.0, Win Bonus=0.0
[2026-05-22 11:13:13] ALL WRONG MOVES BY COLOUR: {}
[2026-05-22 11:13:14] MOVE 41: Gruppe 69 (lawn green) 51->88 [0.01ms]
[2026-05-22 11:13:14] SCORE Gruppe 69 (lawn green): Final=449.1, Time=99.1, Moves(9)=0.0, Pins(1)=100.0, Dist=250.0, Win Bonus=0.0
[2026-05-22 11:13:14] SCORE jat (gray0): Final=330.9, Time=88.9, Moves(8)=0.0, Pins(0)=0.0, Dist=242.0, Win Bonus=0.0
[2026-05-22 11:13:14] SCORE group 99 (yellow): Final=337.6, Time=89.6, Moves(8)=0.0, Pins(0)=0.0, Dist=248.0, Win Bonus=0.0
[2026-05-22 11:13:14] SCORE CybSec (purple): Final=333.6, Time=97.6, Moves(8)=0.0, Pins(0)=0.0, Dist=236.0, Win Bonus=0.0
[2026-05-22 11:13:14] SCORE HelloWorld (red): Final=442.5, Time=94.5, Moves(8)=0.0, Pins(1)=100.0, Dist=248.0, Win Bonus=0.0
[2026-05-22 11:13:14] ALL WRONG MOVES BY COLOUR: {}
[2026-05-22 11:13:15] MOVE 42: group 99 (yellow) 49->53 [0.00ms]
[2026-05-22 11:13:15] SCORE Gruppe 69 (lawn green): Final=449.1, Time=99.1, Moves(9)=0.0, Pins(1)=100.0, Dist=250.0, Win Bonus=0.0
[2026-05-22 11:13:15] SCORE jat (gray0): Final=330.9, Time=88.9, Moves(8)=0.0, Pins(0)=0.0, Dist=242.0, Win Bonus=0.0
[2026-05-22 11:13:15] SCORE group 99 (yellow): Final=344.4, Time=88.4, Moves(9)=0.0, Pins(0)=0.0, Dist=256.0, Win Bonus=0.0
[2026-05-22 11:13:15] SCORE CybSec (purple): Final=333.6, Time=97.6, Moves(8)=0.0, Pins(0)=0.0, Dist=236.0, Win Bonus=0.0
[2026-05-22 11:13:15] SCORE HelloWorld (red): Final=442.5, Time=94.5, Moves(8)=0.0, Pins(1)=100.0, Dist=248.0, Win Bonus=0.0
[2026-05-22 11:13:15] ALL WRONG MOVES BY COLOUR: {}
[2026-05-22 11:13:16] MOVE 43: jat (gray0) 67->51 [0.00ms]
[2026-05-22 11:13:16] SCORE Gruppe 69 (lawn green): Final=449.1, Time=99.1, Moves(9)=0.0, Pins(1)=100.0, Dist=250.0, Win Bonus=0.0
[2026-05-22 11:13:16] SCORE jat (gray0): Final=337.4, Time=87.4, Moves(9)=0.0, Pins(0)=0.0, Dist=250.0, Win Bonus=0.0
[2026-05-22 11:13:16] SCORE group 99 (yellow): Final=344.4, Time=88.4, Moves(9)=0.0, Pins(0)=0.0, Dist=256.0, Win Bonus=0.0
[2026-05-22 11:13:16] SCORE CybSec (purple): Final=333.6, Time=97.6, Moves(8)=0.0, Pins(0)=0.0, Dist=236.0, Win Bonus=0.0
[2026-05-22 11:13:16] SCORE HelloWorld (red): Final=442.5, Time=94.5, Moves(8)=0.0, Pins(1)=100.0, Dist=248.0, Win Bonus=0.0
[2026-05-22 11:13:16] ALL WRONG MOVES BY COLOUR: {}
[2026-05-22 11:13:17] MOVE 44: CybSec (purple) 50->27 [0.00ms]
[2026-05-22 11:13:17] SCORE Gruppe 69 (lawn green): Final=449.1, Time=99.1, Moves(9)=0.0, Pins(1)=100.0, Dist=250.0, Win Bonus=0.0
[2026-05-22 11:13:17] SCORE jat (gray0): Final=337.4, Time=87.4, Moves(9)=0.0, Pins(0)=0.0, Dist=250.0, Win Bonus=0.0
[2026-05-22 11:13:17] SCORE group 99 (yellow): Final=344.4, Time=88.4, Moves(9)=0.0, Pins(0)=0.0, Dist=256.0, Win Bonus=0.0
[2026-05-22 11:13:17] SCORE CybSec (purple): Final=337.3, Time=97.3, Moves(9)=0.0, Pins(0)=0.0, Dist=240.0, Win Bonus=0.0
[2026-05-22 11:13:17] SCORE HelloWorld (red): Final=442.5, Time=94.5, Moves(8)=0.0, Pins(1)=100.0, Dist=248.0, Win Bonus=0.0
[2026-05-22 11:13:17] ALL WRONG MOVES BY COLOUR: {}
[2026-05-22 11:13:19] SCORE Gruppe 69 (lawn green): Final=449.1, Time=99.1, Moves(9)=0.0, Pins(1)=100.0, Dist=250.0, Win Bonus=0.0
[2026-05-22 11:13:19] SCORE jat (gray0): Final=337.4, Time=87.4, Moves(9)=0.0, Pins(0)=0.0, Dist=250.0, Win Bonus=0.0
[2026-05-22 11:13:19] SCORE group 99 (yellow): Final=344.4, Time=88.4, Moves(9)=0.0, Pins(0)=0.0, Dist=256.0, Win Bonus=0.0
[2026-05-22 11:13:19] SCORE CybSec (purple): Final=337.3, Time=97.3, Moves(9)=0.0, Pins(0)=0.0, Dist=240.0, Win Bonus=0.0
[2026-05-22 11:13:19] SCORE HelloWorld (red): Final=442.5, Time=94.5, Moves(8)=0.0, Pins(1)=100.0, Dist=248.0, Win Bonus=0.0
[2026-05-22 11:13:19] ALL WRONG MOVES BY COLOUR: {'red': ['45 (turn timeout)']}
[2026-05-22 11:13:19] TURN TIMEOUT: Player with colour red exceeded 2s at move 45. Turn skipped.
[2026-05-22 11:13:19] MOVE 46: Gruppe 69 (lawn green) 19->17 [0.00ms]
[2026-05-22 11:13:19] SCORE Gruppe 69 (lawn green): Final=453.0, Time=99.0, Moves(10)=0.0, Pins(1)=100.0, Dist=254.0, Win Bonus=0.0
[2026-05-22 11:13:19] SCORE jat (gray0): Final=337.4, Time=87.4, Moves(9)=0.0, Pins(0)=0.0, Dist=250.0, Win Bonus=0.0
[2026-05-22 11:13:19] SCORE group 99 (yellow): Final=344.4, Time=88.4, Moves(9)=0.0, Pins(0)=0.0, Dist=256.0, Win Bonus=0.0
[2026-05-22 11:13:19] SCORE CybSec (purple): Final=337.3, Time=97.3, Moves(9)=0.0, Pins(0)=0.0, Dist=240.0, Win Bonus=0.0
[2026-05-22 11:13:19] SCORE HelloWorld (red): Final=442.5, Time=94.5, Moves(8)=0.0, Pins(1)=100.0, Dist=248.0, Win Bonus=0.0
[2026-05-22 11:13:19] ALL WRONG MOVES BY COLOUR: {'red': ['45 (turn timeout)']}
[2026-05-22 11:13:20] MOVE 47: group 99 (yellow) 25->66 [0.00ms]
[2026-05-22 11:13:20] SCORE Gruppe 69 (lawn green): Final=453.0, Time=99.0, Moves(10)=0.0, Pins(1)=100.0, Dist=254.0, Win Bonus=0.0
[2026-05-22 11:13:20] SCORE jat (gray0): Final=337.4, Time=87.4, Moves(9)=0.0, Pins(0)=0.0, Dist=250.0, Win Bonus=0.0
[2026-05-22 11:13:20] SCORE group 99 (yellow): Final=347.2, Time=87.2, Moves(10)=0.0, Pins(0)=0.0, Dist=260.0, Win Bonus=0.0
[2026-05-22 11:13:20] SCORE CybSec (purple): Final=337.3, Time=97.3, Moves(9)=0.0, Pins(0)=0.0, Dist=240.0, Win Bonus=0.0
[2026-05-22 11:13:20] SCORE HelloWorld (red): Final=442.5, Time=94.5, Moves(8)=0.0, Pins(1)=100.0, Dist=248.0, Win Bonus=0.0
[2026-05-22 11:13:20] ALL WRONG MOVES BY COLOUR: {'red': ['45 (turn timeout)']}
[2026-05-22 11:13:21] MOVE 48: jat (gray0) 76->77 [0.00ms]
[2026-05-22 11:13:21] SCORE Gruppe 69 (lawn green): Final=453.0, Time=99.0, Moves(10)=0.0, Pins(1)=100.0, Dist=254.0, Win Bonus=0.0
[2026-05-22 11:13:21] SCORE jat (gray0): Final=338.0, Time=86.0, Moves(10)=0.0, Pins(0)=0.0, Dist=252.0, Win Bonus=0.0
[2026-05-22 11:13:21] SCORE group 99 (yellow): Final=347.2, Time=87.2, Moves(10)=0.0, Pins(0)=0.0, Dist=260.0, Win Bonus=0.0
[2026-05-22 11:13:21] SCORE CybSec (purple): Final=337.3, Time=97.3, Moves(9)=0.0, Pins(0)=0.0, Dist=240.0, Win Bonus=0.0
[2026-05-22 11:13:21] SCORE HelloWorld (red): Final=442.5, Time=94.5, Moves(8)=0.0, Pins(1)=100.0, Dist=248.0, Win Bonus=0.0
[2026-05-22 11:13:21] ALL WRONG MOVES BY COLOUR: {'red': ['45 (turn timeout)']}
[2026-05-22 11:13:22] MOVE 49: CybSec (purple) 109->108 [0.00ms]
[2026-05-22 11:13:22] SCORE Gruppe 69 (lawn green): Final=453.0, Time=99.0, Moves(10)=0.0, Pins(1)=100.0, Dist=254.0, Win Bonus=0.0
[2026-05-22 11:13:22] SCORE jat (gray0): Final=338.0, Time=86.0, Moves(10)=0.0, Pins(0)=0.0, Dist=252.0, Win Bonus=0.0
[2026-05-22 11:13:22] SCORE group 99 (yellow): Final=347.2, Time=87.2, Moves(10)=0.0, Pins(0)=0.0, Dist=260.0, Win Bonus=0.0
[2026-05-22 11:13:22] SCORE CybSec (purple): Final=338.9, Time=96.9, Moves(10)=0.0, Pins(0)=0.0, Dist=242.0, Win Bonus=0.0
[2026-05-22 11:13:22] SCORE HelloWorld (red): Final=442.5, Time=94.5, Moves(8)=0.0, Pins(1)=100.0, Dist=248.0, Win Bonus=0.0
[2026-05-22 11:13:22] ALL WRONG MOVES BY COLOUR: {'red': ['45 (turn timeout)']}
[2026-05-22 11:13:24] SCORE Gruppe 69 (lawn green): Final=453.0, Time=99.0, Moves(10)=0.0, Pins(1)=100.0, Dist=254.0, Win Bonus=0.0
[2026-05-22 11:13:24] SCORE jat (gray0): Final=338.0, Time=86.0, Moves(10)=0.0, Pins(0)=0.0, Dist=252.0, Win Bonus=0.0
[2026-05-22 11:13:24] SCORE group 99 (yellow): Final=347.2, Time=87.2, Moves(10)=0.0, Pins(0)=0.0, Dist=260.0, Win Bonus=0.0
[2026-05-22 11:13:24] SCORE CybSec (purple): Final=338.9, Time=96.9, Moves(10)=0.0, Pins(0)=0.0, Dist=242.0, Win Bonus=0.0
[2026-05-22 11:13:24] SCORE HelloWorld (red): Final=442.5, Time=94.5, Moves(8)=0.0, Pins(1)=100.0, Dist=248.0, Win Bonus=0.0
[2026-05-22 11:13:24] ALL WRONG MOVES BY COLOUR: {'red': ['45 (turn timeout)', '50 (turn timeout)']}
[2026-05-22 11:13:24] TURN TIMEOUT: Player with colour red exceeded 2s at move 50. Turn skipped.
[2026-05-22 11:13:24] MOVE 51: Gruppe 69 (lawn green) 21->19 [0.00ms]
[2026-05-22 11:13:24] SCORE Gruppe 69 (lawn green): Final=456.9, Time=98.9, Moves(11)=0.0, Pins(1)=100.0, Dist=258.0, Win Bonus=0.0
[2026-05-22 11:13:24] SCORE jat (gray0): Final=338.0, Time=86.0, Moves(10)=0.0, Pins(0)=0.0, Dist=252.0, Win Bonus=0.0
[2026-05-22 11:13:24] SCORE group 99 (yellow): Final=347.2, Time=87.2, Moves(10)=0.0, Pins(0)=0.0, Dist=260.0, Win Bonus=0.0
[2026-05-22 11:13:24] SCORE CybSec (purple): Final=338.9, Time=96.9, Moves(10)=0.0, Pins(0)=0.0, Dist=242.0, Win Bonus=0.0
[2026-05-22 11:13:24] SCORE HelloWorld (red): Final=442.5, Time=94.5, Moves(8)=0.0, Pins(1)=100.0, Dist=248.0, Win Bonus=0.0
[2026-05-22 11:13:24] ALL WRONG MOVES BY COLOUR: {'red': ['45 (turn timeout)', '50 (turn timeout)']}
[2026-05-22 11:13:25] MOVE 52: group 99 (yellow) 68->91 [0.00ms]
[2026-05-22 11:13:25] SCORE Gruppe 69 (lawn green): Final=456.9, Time=98.9, Moves(11)=0.0, Pins(1)=100.0, Dist=258.0, Win Bonus=0.0
[2026-05-22 11:13:25] SCORE jat (gray0): Final=338.0, Time=86.0, Moves(10)=0.0, Pins(0)=0.0, Dist=252.0, Win Bonus=0.0
[2026-05-22 11:13:25] SCORE group 99 (yellow): Final=350.2, Time=86.2, Moves(11)=0.0, Pins(0)=0.0, Dist=264.0, Win Bonus=0.0
[2026-05-22 11:13:25] SCORE CybSec (purple): Final=338.9, Time=96.9, Moves(10)=0.0, Pins(0)=0.0, Dist=242.0, Win Bonus=0.0
[2026-05-22 11:13:25] SCORE HelloWorld (red): Final=442.5, Time=94.5, Moves(8)=0.0, Pins(1)=100.0, Dist=248.0, Win Bonus=0.0
[2026-05-22 11:13:25] ALL WRONG MOVES BY COLOUR: {'red': ['45 (turn timeout)', '50 (turn timeout)']}
[2026-05-22 11:13:26] MOVE 53: jat (gray0) 79->45 [0.00ms]
[2026-05-22 11:13:26] SCORE Gruppe 69 (lawn green): Final=456.9, Time=98.9, Moves(11)=0.0, Pins(1)=100.0, Dist=258.0, Win Bonus=0.0
[2026-05-22 11:13:26] SCORE jat (gray0): Final=450.4, Time=84.4, Moves(11)=0.0, Pins(1)=100.0, Dist=266.0, Win Bonus=0.0
[2026-05-22 11:13:26] SCORE group 99 (yellow): Final=350.2, Time=86.2, Moves(11)=0.0, Pins(0)=0.0, Dist=264.0, Win Bonus=0.0
[2026-05-22 11:13:26] SCORE CybSec (purple): Final=338.9, Time=96.9, Moves(10)=0.0, Pins(0)=0.0, Dist=242.0, Win Bonus=0.0
[2026-05-22 11:13:26] SCORE HelloWorld (red): Final=442.5, Time=94.5, Moves(8)=0.0, Pins(1)=100.0, Dist=248.0, Win Bonus=0.0
[2026-05-22 11:13:26] ALL WRONG MOVES BY COLOUR: {'red': ['45 (turn timeout)', '50 (turn timeout)']}
[2026-05-22 11:13:27] MOVE 54: CybSec (purple) 108->62 [0.00ms]
[2026-05-22 11:13:27] SCORE Gruppe 69 (lawn green): Final=456.9, Time=98.9, Moves(11)=0.0, Pins(1)=100.0, Dist=258.0, Win Bonus=0.0
[2026-05-22 11:13:27] SCORE jat (gray0): Final=450.4, Time=84.4, Moves(11)=0.0, Pins(1)=100.0, Dist=266.0, Win Bonus=0.0
[2026-05-22 11:13:27] SCORE group 99 (yellow): Final=350.2, Time=86.2, Moves(11)=0.0, Pins(0)=0.0, Dist=264.0, Win Bonus=0.0
[2026-05-22 11:13:27] SCORE CybSec (purple): Final=346.6, Time=96.6, Moves(11)=0.0, Pins(0)=0.0, Dist=250.0, Win Bonus=0.0
[2026-05-22 11:13:27] SCORE HelloWorld (red): Final=442.5, Time=94.5, Moves(8)=0.0, Pins(1)=100.0, Dist=248.0, Win Bonus=0.0
[2026-05-22 11:13:27] ALL WRONG MOVES BY COLOUR: {'red': ['45 (turn timeout)', '50 (turn timeout)']}
[2026-05-22 11:13:29] SCORE Gruppe 69 (lawn green): Final=456.9, Time=98.9, Moves(11)=0.0, Pins(1)=100.0, Dist=258.0, Win Bonus=0.0
[2026-05-22 11:13:29] SCORE jat (gray0): Final=450.4, Time=84.4, Moves(11)=0.0, Pins(1)=100.0, Dist=266.0, Win Bonus=0.0
[2026-05-22 11:13:29] SCORE group 99 (yellow): Final=350.2, Time=86.2, Moves(11)=0.0, Pins(0)=0.0, Dist=264.0, Win Bonus=0.0
[2026-05-22 11:13:29] SCORE CybSec (purple): Final=346.6, Time=96.6, Moves(11)=0.0, Pins(0)=0.0, Dist=250.0, Win Bonus=0.0
[2026-05-22 11:13:29] SCORE HelloWorld (red): Final=442.5, Time=94.5, Moves(8)=0.0, Pins(1)=100.0, Dist=248.0, Win Bonus=0.0
[2026-05-22 11:13:29] ALL WRONG MOVES BY COLOUR: {'red': ['45 (turn timeout)', '50 (turn timeout)', '55 (turn timeout)']}
[2026-05-22 11:13:29] TURN TIMEOUT: Player with colour red exceeded 2s at move 55. Turn skipped.
[2026-05-22 11:13:29] MOVE 56: Gruppe 69 (lawn green) 34->33 [0.00ms]
[2026-05-22 11:13:29] SCORE Gruppe 69 (lawn green): Final=458.7, Time=98.7, Moves(12)=0.0, Pins(1)=100.0, Dist=260.0, Win Bonus=0.0
[2026-05-22 11:13:29] SCORE jat (gray0): Final=450.4, Time=84.4, Moves(11)=0.0, Pins(1)=100.0, Dist=266.0, Win Bonus=0.0
[2026-05-22 11:13:29] SCORE group 99 (yellow): Final=350.2, Time=86.2, Moves(11)=0.0, Pins(0)=0.0, Dist=264.0, Win Bonus=0.0
[2026-05-22 11:13:29] SCORE CybSec (purple): Final=346.6, Time=96.6, Moves(11)=0.0, Pins(0)=0.0, Dist=250.0, Win Bonus=0.0
[2026-05-22 11:13:29] SCORE HelloWorld (red): Final=442.5, Time=94.5, Moves(8)=0.0, Pins(1)=100.0, Dist=248.0, Win Bonus=0.0
[2026-05-22 11:13:29] ALL WRONG MOVES BY COLOUR: {'red': ['45 (turn timeout)', '50 (turn timeout)', '55 (turn timeout)']}
[2026-05-22 11:13:30] MOVE 57: group 99 (yellow) 63->64 [0.00ms]
[2026-05-22 11:13:30] SCORE Gruppe 69 (lawn green): Final=458.7, Time=98.7, Moves(12)=0.0, Pins(1)=100.0, Dist=260.0, Win Bonus=0.0
[2026-05-22 11:13:30] SCORE jat (gray0): Final=450.4, Time=84.4, Moves(11)=0.0, Pins(1)=100.0, Dist=266.0, Win Bonus=0.0
[2026-05-22 11:13:30] SCORE group 99 (yellow): Final=350.8, Time=84.8, Moves(12)=0.0, Pins(0)=0.0, Dist=266.0, Win Bonus=0.0
[2026-05-22 11:13:30] SCORE CybSec (purple): Final=346.6, Time=96.6, Moves(11)=0.0, Pins(0)=0.0, Dist=250.0, Win Bonus=0.0
[2026-05-22 11:13:30] SCORE HelloWorld (red): Final=442.5, Time=94.5, Moves(8)=0.0, Pins(1)=100.0, Dist=248.0, Win Bonus=0.0
[2026-05-22 11:13:30] ALL WRONG MOVES BY COLOUR: {'red': ['45 (turn timeout)', '50 (turn timeout)', '55 (turn timeout)']}
[2026-05-22 11:13:32] MOVE 58: jat (gray0) 99->80 [0.01ms]
[2026-05-22 11:13:32] SCORE Gruppe 69 (lawn green): Final=458.7, Time=98.7, Moves(12)=0.0, Pins(1)=100.0, Dist=260.0, Win Bonus=0.0
[2026-05-22 11:13:32] SCORE jat (gray0): Final=461.2, Time=83.2, Moves(12)=0.0, Pins(1)=100.0, Dist=278.0, Win Bonus=0.0
[2026-05-22 11:13:32] SCORE group 99 (yellow): Final=350.8, Time=84.8, Moves(12)=0.0, Pins(0)=0.0, Dist=266.0, Win Bonus=0.0
[2026-05-22 11:13:32] SCORE CybSec (purple): Final=346.6, Time=96.6, Moves(11)=0.0, Pins(0)=0.0, Dist=250.0, Win Bonus=0.0
[2026-05-22 11:13:32] SCORE HelloWorld (red): Final=442.5, Time=94.5, Moves(8)=0.0, Pins(1)=100.0, Dist=248.0, Win Bonus=0.0
[2026-05-22 11:13:32] ALL WRONG MOVES BY COLOUR: {'red': ['45 (turn timeout)', '50 (turn timeout)', '55 (turn timeout)']}
[2026-05-22 11:13:32] MOVE 59: CybSec (purple) 84->13 [0.01ms]
[2026-05-22 11:13:32] SCORE Gruppe 69 (lawn green): Final=458.7, Time=98.7, Moves(12)=0.0, Pins(1)=100.0, Dist=260.0, Win Bonus=0.0
[2026-05-22 11:13:32] SCORE jat (gray0): Final=461.2, Time=83.2, Moves(12)=0.0, Pins(1)=100.0, Dist=278.0, Win Bonus=0.0
[2026-05-22 11:13:32] SCORE group 99 (yellow): Final=350.8, Time=84.8, Moves(12)=0.0, Pins(0)=0.0, Dist=266.0, Win Bonus=0.0
[2026-05-22 11:13:32] SCORE CybSec (purple): Final=466.1, Time=96.1, Moves(12)=0.0, Pins(1)=100.0, Dist=270.0, Win Bonus=0.0
[2026-05-22 11:13:32] SCORE HelloWorld (red): Final=442.5, Time=94.5, Moves(8)=0.0, Pins(1)=100.0, Dist=248.0, Win Bonus=0.0
[2026-05-22 11:13:32] ALL WRONG MOVES BY COLOUR: {'red': ['45 (turn timeout)', '50 (turn timeout)', '55 (turn timeout)']}
[2026-05-22 11:13:34] SCORE Gruppe 69 (lawn green): Final=458.7, Time=98.7, Moves(12)=0.0, Pins(1)=100.0, Dist=260.0, Win Bonus=0.0
[2026-05-22 11:13:34] SCORE jat (gray0): Final=461.2, Time=83.2, Moves(12)=0.0, Pins(1)=100.0, Dist=278.0, Win Bonus=0.0
[2026-05-22 11:13:34] SCORE group 99 (yellow): Final=350.8, Time=84.8, Moves(12)=0.0, Pins(0)=0.0, Dist=266.0, Win Bonus=0.0
[2026-05-22 11:13:34] SCORE CybSec (purple): Final=466.1, Time=96.1, Moves(12)=0.0, Pins(1)=100.0, Dist=270.0, Win Bonus=0.0
[2026-05-22 11:13:34] SCORE HelloWorld (red): Final=442.5, Time=94.5, Moves(8)=0.0, Pins(1)=100.0, Dist=248.0, Win Bonus=0.0
[2026-05-22 11:13:34] ALL WRONG MOVES BY COLOUR: {'red': ['45 (turn timeout)', '50 (turn timeout)', '55 (turn timeout)', '60 (turn timeout)']}
[2026-05-22 11:13:34] TURN TIMEOUT: Player with colour red exceeded 2s at move 60. Turn skipped.
[2026-05-22 11:13:34] MOVE 61: Gruppe 69 (lawn green) 33->72 [0.01ms]
[2026-05-22 11:13:34] SCORE Gruppe 69 (lawn green): Final=466.5, Time=98.5, Moves(13)=0.0, Pins(1)=100.0, Dist=268.0, Win Bonus=0.0
[2026-05-22 11:13:34] SCORE jat (gray0): Final=461.2, Time=83.2, Moves(12)=0.0, Pins(1)=100.0, Dist=278.0, Win Bonus=0.0
[2026-05-22 11:13:34] SCORE group 99 (yellow): Final=350.8, Time=84.8, Moves(12)=0.0, Pins(0)=0.0, Dist=266.0, Win Bonus=0.0
[2026-05-22 11:13:34] SCORE CybSec (purple): Final=466.1, Time=96.1, Moves(12)=0.0, Pins(1)=100.0, Dist=270.0, Win Bonus=0.0
[2026-05-22 11:13:34] SCORE HelloWorld (red): Final=442.5, Time=94.5, Moves(8)=0.0, Pins(1)=100.0, Dist=248.0, Win Bonus=0.0
[2026-05-22 11:13:34] ALL WRONG MOVES BY COLOUR: {'red': ['45 (turn timeout)', '50 (turn timeout)', '55 (turn timeout)', '60 (turn timeout)']}
[2026-05-22 11:13:35] MOVE 62: group 99 (yellow) 42->109 [0.00ms]
[2026-05-22 11:13:35] SCORE Gruppe 69 (lawn green): Final=466.5, Time=98.5, Moves(13)=0.0, Pins(1)=100.0, Dist=268.0, Win Bonus=0.0
[2026-05-22 11:13:35] SCORE jat (gray0): Final=461.2, Time=83.2, Moves(12)=0.0, Pins(1)=100.0, Dist=278.0, Win Bonus=0.0
[2026-05-22 11:13:35] SCORE group 99 (yellow): Final=457.7, Time=83.7, Moves(13)=0.0, Pins(1)=100.0, Dist=274.0, Win Bonus=0.0
[2026-05-22 11:13:35] SCORE CybSec (purple): Final=466.1, Time=96.1, Moves(12)=0.0, Pins(1)=100.0, Dist=270.0, Win Bonus=0.0
[2026-05-22 11:13:35] SCORE HelloWorld (red): Final=442.5, Time=94.5, Moves(8)=0.0, Pins(1)=100.0, Dist=248.0, Win Bonus=0.0
[2026-05-22 11:13:35] ALL WRONG MOVES BY COLOUR: {'red': ['45 (turn timeout)', '50 (turn timeout)', '55 (turn timeout)', '60 (turn timeout)']}
[2026-05-22 11:13:37] MOVE 63: jat (gray0) 77->83 [0.01ms]
[2026-05-22 11:13:37] SCORE Gruppe 69 (lawn green): Final=466.5, Time=98.5, Moves(13)=0.0, Pins(1)=100.0, Dist=268.0, Win Bonus=0.0
[2026-05-22 11:13:37] SCORE jat (gray0): Final=471.7, Time=81.7, Moves(13)=0.0, Pins(1)=100.0, Dist=290.0, Win Bonus=0.0
[2026-05-22 11:13:37] SCORE group 99 (yellow): Final=457.7, Time=83.7, Moves(13)=0.0, Pins(1)=100.0, Dist=274.0, Win Bonus=0.0
[2026-05-22 11:13:37] SCORE CybSec (purple): Final=466.1, Time=96.1, Moves(12)=0.0, Pins(1)=100.0, Dist=270.0, Win Bonus=0.0
[2026-05-22 11:13:37] SCORE HelloWorld (red): Final=442.5, Time=94.5, Moves(8)=0.0, Pins(1)=100.0, Dist=248.0, Win Bonus=0.0
[2026-05-22 11:13:37] ALL WRONG MOVES BY COLOUR: {'red': ['45 (turn timeout)', '50 (turn timeout)', '55 (turn timeout)', '60 (turn timeout)']}
[2026-05-22 11:13:37] MOVE 64: CybSec (purple) 107->15 [0.00ms]
[2026-05-22 11:13:37] SCORE Gruppe 69 (lawn green): Final=466.5, Time=98.5, Moves(13)=0.0, Pins(1)=100.0, Dist=268.0, Win Bonus=0.0
[2026-05-22 11:13:37] SCORE jat (gray0): Final=471.7, Time=81.7, Moves(13)=0.0, Pins(1)=100.0, Dist=290.0, Win Bonus=0.0
[2026-05-22 11:13:37] SCORE group 99 (yellow): Final=457.7, Time=83.7, Moves(13)=0.0, Pins(1)=100.0, Dist=274.0, Win Bonus=0.0
[2026-05-22 11:13:37] SCORE CybSec (purple): Final=482.0, Time=96.0, Moves(13)=0.0, Pins(1)=100.0, Dist=286.0, Win Bonus=0.0
[2026-05-22 11:13:37] SCORE HelloWorld (red): Final=442.5, Time=94.5, Moves(8)=0.0, Pins(1)=100.0, Dist=248.0, Win Bonus=0.0
[2026-05-22 11:13:37] ALL WRONG MOVES BY COLOUR: {'red': ['45 (turn timeout)', '50 (turn timeout)', '55 (turn timeout)', '60 (turn timeout)']}
[2026-05-22 11:13:39] SCORE Gruppe 69 (lawn green): Final=466.5, Time=98.5, Moves(13)=0.0, Pins(1)=100.0, Dist=268.0, Win Bonus=0.0
[2026-05-22 11:13:39] SCORE jat (gray0): Final=471.7, Time=81.7, Moves(13)=0.0, Pins(1)=100.0, Dist=290.0, Win Bonus=0.0
[2026-05-22 11:13:39] SCORE group 99 (yellow): Final=457.7, Time=83.7, Moves(13)=0.0, Pins(1)=100.0, Dist=274.0, Win Bonus=0.0
[2026-05-22 11:13:39] SCORE CybSec (purple): Final=482.0, Time=96.0, Moves(13)=0.0, Pins(1)=100.0, Dist=286.0, Win Bonus=0.0
[2026-05-22 11:13:39] SCORE HelloWorld (red): Final=442.5, Time=94.5, Moves(8)=0.0, Pins(1)=100.0, Dist=248.0, Win Bonus=0.0
[2026-05-22 11:13:39] ALL WRONG MOVES BY COLOUR: {'red': ['45 (turn timeout)', '50 (turn timeout)', '55 (turn timeout)', '60 (turn timeout)', '65 (turn timeout)']}
[2026-05-22 11:13:39] TURN TIMEOUT: Player with colour red exceeded 2s at move 65. Turn skipped.
[2026-05-22 11:13:39] MOVE 66: Gruppe 69 (lawn green) 44->59 [0.00ms]
[2026-05-22 11:13:39] SCORE Gruppe 69 (lawn green): Final=478.4, Time=98.4, Moves(14)=0.0, Pins(1)=100.0, Dist=280.0, Win Bonus=0.0
[2026-05-22 11:13:39] SCORE jat (gray0): Final=471.7, Time=81.7, Moves(13)=0.0, Pins(1)=100.0, Dist=290.0, Win Bonus=0.0
[2026-05-22 11:13:39] SCORE group 99 (yellow): Final=457.7, Time=83.7, Moves(13)=0.0, Pins(1)=100.0, Dist=274.0, Win Bonus=0.0
[2026-05-22 11:13:39] SCORE CybSec (purple): Final=482.0, Time=96.0, Moves(13)=0.0, Pins(1)=100.0, Dist=286.0, Win Bonus=0.0
[2026-05-22 11:13:39] SCORE HelloWorld (red): Final=442.5, Time=94.5, Moves(8)=0.0, Pins(1)=100.0, Dist=248.0, Win Bonus=0.0
[2026-05-22 11:13:39] ALL WRONG MOVES BY COLOUR: {'red': ['45 (turn timeout)', '50 (turn timeout)', '55 (turn timeout)', '60 (turn timeout)', '65 (turn timeout)']}
[2026-05-22 11:13:40] MOVE 67: group 99 (yellow) 64->74 [0.00ms]
[2026-05-22 11:13:40] SCORE Gruppe 69 (lawn green): Final=478.4, Time=98.4, Moves(14)=0.0, Pins(1)=100.0, Dist=280.0, Win Bonus=0.0
[2026-05-22 11:13:40] SCORE jat (gray0): Final=471.7, Time=81.7, Moves(13)=0.0, Pins(1)=100.0, Dist=290.0, Win Bonus=0.0
[2026-05-22 11:13:40] SCORE group 99 (yellow): Final=558.4, Time=82.4, Moves(14)=0.0, Pins(2)=200.0, Dist=276.0, Win Bonus=0.0
[2026-05-22 11:13:40] SCORE CybSec (purple): Final=482.0, Time=96.0, Moves(13)=0.0, Pins(1)=100.0, Dist=286.0, Win Bonus=0.0
[2026-05-22 11:13:40] SCORE HelloWorld (red): Final=442.5, Time=94.5, Moves(8)=0.0, Pins(1)=100.0, Dist=248.0, Win Bonus=0.0
[2026-05-22 11:13:40] ALL WRONG MOVES BY COLOUR: {'red': ['45 (turn timeout)', '50 (turn timeout)', '55 (turn timeout)', '60 (turn timeout)', '65 (turn timeout)']}
[2026-05-22 11:13:42] MOVE 68: jat (gray0) 105->44 [0.01ms]
[2026-05-22 11:13:42] SCORE Gruppe 69 (lawn green): Final=478.4, Time=98.4, Moves(14)=0.0, Pins(1)=100.0, Dist=280.0, Win Bonus=0.0
[2026-05-22 11:13:42] SCORE jat (gray0): Final=582.2, Time=80.2, Moves(14)=0.0, Pins(2)=200.0, Dist=302.0, Win Bonus=0.0
[2026-05-22 11:13:42] SCORE group 99 (yellow): Final=558.4, Time=82.4, Moves(14)=0.0, Pins(2)=200.0, Dist=276.0, Win Bonus=0.0
[2026-05-22 11:13:42] SCORE CybSec (purple): Final=482.0, Time=96.0, Moves(13)=0.0, Pins(1)=100.0, Dist=286.0, Win Bonus=0.0
[2026-05-22 11:13:42] SCORE HelloWorld (red): Final=442.5, Time=94.5, Moves(8)=0.0, Pins(1)=100.0, Dist=248.0, Win Bonus=0.0
[2026-05-22 11:13:42] ALL WRONG MOVES BY COLOUR: {'red': ['45 (turn timeout)', '50 (turn timeout)', '55 (turn timeout)', '60 (turn timeout)', '65 (turn timeout)']}
[2026-05-22 11:13:42] MOVE 69: CybSec (purple) 93->81 [0.00ms]
[2026-05-22 11:13:42] SCORE Gruppe 69 (lawn green): Final=478.4, Time=98.4, Moves(14)=0.0, Pins(1)=100.0, Dist=280.0, Win Bonus=0.0
[2026-05-22 11:13:42] SCORE jat (gray0): Final=582.2, Time=80.2, Moves(14)=0.0, Pins(2)=200.0, Dist=302.0, Win Bonus=0.0
[2026-05-22 11:13:42] SCORE group 99 (yellow): Final=558.4, Time=82.4, Moves(14)=0.0, Pins(2)=200.0, Dist=276.0, Win Bonus=0.0
[2026-05-22 11:13:42] SCORE CybSec (purple): Final=483.6, Time=95.6, Moves(14)=0.0, Pins(1)=100.0, Dist=288.0, Win Bonus=0.0
[2026-05-22 11:13:42] SCORE HelloWorld (red): Final=442.5, Time=94.5, Moves(8)=0.0, Pins(1)=100.0, Dist=248.0, Win Bonus=0.0
[2026-05-22 11:13:42] ALL WRONG MOVES BY COLOUR: {'red': ['45 (turn timeout)', '50 (turn timeout)', '55 (turn timeout)', '60 (turn timeout)', '65 (turn timeout)']}
[2026-05-22 11:13:44] SCORE Gruppe 69 (lawn green): Final=478.4, Time=98.4, Moves(14)=0.0, Pins(1)=100.0, Dist=280.0, Win Bonus=0.0
[2026-05-22 11:13:44] SCORE jat (gray0): Final=582.2, Time=80.2, Moves(14)=0.0, Pins(2)=200.0, Dist=302.0, Win Bonus=0.0
[2026-05-22 11:13:44] SCORE group 99 (yellow): Final=558.4, Time=82.4, Moves(14)=0.0, Pins(2)=200.0, Dist=276.0, Win Bonus=0.0
[2026-05-22 11:13:44] SCORE CybSec (purple): Final=483.6, Time=95.6, Moves(14)=0.0, Pins(1)=100.0, Dist=288.0, Win Bonus=0.0
[2026-05-22 11:13:44] SCORE HelloWorld (red): Final=442.5, Time=94.5, Moves(8)=0.0, Pins(1)=100.0, Dist=248.0, Win Bonus=0.0
[2026-05-22 11:13:44] ALL WRONG MOVES BY COLOUR: {'red': ['45 (turn timeout)', '50 (turn timeout)', '55 (turn timeout)', '60 (turn timeout)', '65 (turn timeout)', '70 (turn timeout)']}
[2026-05-22 11:13:44] TURN TIMEOUT: Player with colour red exceeded 2s at move 70. Turn skipped.
[2026-05-22 11:13:45] MOVE 71: Gruppe 69 (lawn green) 72->68 [0.00ms]
[2026-05-22 11:13:45] SCORE Gruppe 69 (lawn green): Final=486.2, Time=98.2, Moves(15)=0.0, Pins(1)=100.0, Dist=288.0, Win Bonus=0.0
[2026-05-22 11:13:45] SCORE jat (gray0): Final=582.2, Time=80.2, Moves(14)=0.0, Pins(2)=200.0, Dist=302.0, Win Bonus=0.0
[2026-05-22 11:13:45] SCORE group 99 (yellow): Final=558.4, Time=82.4, Moves(14)=0.0, Pins(2)=200.0, Dist=276.0, Win Bonus=0.0
[2026-05-22 11:13:45] SCORE CybSec (purple): Final=483.6, Time=95.6, Moves(14)=0.0, Pins(1)=100.0, Dist=288.0, Win Bonus=0.0
[2026-05-22 11:13:45] SCORE HelloWorld (red): Final=442.5, Time=94.5, Moves(8)=0.0, Pins(1)=100.0, Dist=248.0, Win Bonus=0.0
[2026-05-22 11:13:45] ALL WRONG MOVES BY COLOUR: {'red': ['45 (turn timeout)', '50 (turn timeout)', '55 (turn timeout)', '60 (turn timeout)', '65 (turn timeout)', '70 (turn timeout)']}
[2026-05-22 11:13:46] MOVE 72: group 99 (yellow) 109->97 [0.00ms]
[2026-05-22 11:13:46] SCORE Gruppe 69 (lawn green): Final=486.2, Time=98.2, Moves(15)=0.0, Pins(1)=100.0, Dist=288.0, Win Bonus=0.0
[2026-05-22 11:13:46] SCORE jat (gray0): Final=582.2, Time=80.2, Moves(14)=0.0, Pins(2)=200.0, Dist=302.0, Win Bonus=0.0
[2026-05-22 11:13:46] SCORE group 99 (yellow): Final=557.0, Time=81.0, Moves(15)=0.0, Pins(2)=200.0, Dist=276.0, Win Bonus=0.0
[2026-05-22 11:13:46] SCORE CybSec (purple): Final=483.6, Time=95.6, Moves(14)=0.0, Pins(1)=100.0, Dist=288.0, Win Bonus=0.0
[2026-05-22 11:13:46] SCORE HelloWorld (red): Final=442.5, Time=94.5, Moves(8)=0.0, Pins(1)=100.0, Dist=248.0, Win Bonus=0.0
[2026-05-22 11:13:46] ALL WRONG MOVES BY COLOUR: {'red': ['45 (turn timeout)', '50 (turn timeout)', '55 (turn timeout)', '60 (turn timeout)', '65 (turn timeout)', '70 (turn timeout)']}
[2026-05-22 11:13:48] MOVE 73: jat (gray0) 80->63 [0.00ms]
[2026-05-22 11:13:48] SCORE Gruppe 69 (lawn green): Final=486.2, Time=98.2, Moves(15)=0.0, Pins(1)=100.0, Dist=288.0, Win Bonus=0.0
[2026-05-22 11:13:48] SCORE jat (gray0): Final=588.7, Time=78.7, Moves(15)=0.0, Pins(2)=200.0, Dist=310.0, Win Bonus=0.0
[2026-05-22 11:13:48] SCORE group 99 (yellow): Final=557.0, Time=81.0, Moves(15)=0.0, Pins(2)=200.0, Dist=276.0, Win Bonus=0.0
[2026-05-22 11:13:48] SCORE CybSec (purple): Final=483.6, Time=95.6, Moves(14)=0.0, Pins(1)=100.0, Dist=288.0, Win Bonus=0.0
[2026-05-22 11:13:48] SCORE HelloWorld (red): Final=442.5, Time=94.5, Moves(8)=0.0, Pins(1)=100.0, Dist=248.0, Win Bonus=0.0
[2026-05-22 11:13:48] ALL WRONG MOVES BY COLOUR: {'red': ['45 (turn timeout)', '50 (turn timeout)', '55 (turn timeout)', '60 (turn timeout)', '65 (turn timeout)', '70 (turn timeout)']}
[2026-05-22 11:13:48] MOVE 74: CybSec (purple) 52->50 [0.00ms]
[2026-05-22 11:13:48] SCORE Gruppe 69 (lawn green): Final=486.2, Time=98.2, Moves(15)=0.0, Pins(1)=100.0, Dist=288.0, Win Bonus=0.0
[2026-05-22 11:13:48] SCORE jat (gray0): Final=588.7, Time=78.7, Moves(15)=0.0, Pins(2)=200.0, Dist=310.0, Win Bonus=0.0
[2026-05-22 11:13:48] SCORE group 99 (yellow): Final=557.0, Time=81.0, Moves(15)=0.0, Pins(2)=200.0, Dist=276.0, Win Bonus=0.0
[2026-05-22 11:13:48] SCORE CybSec (purple): Final=487.3, Time=95.3, Moves(15)=0.0, Pins(1)=100.0, Dist=292.0, Win Bonus=0.0
[2026-05-22 11:13:48] SCORE HelloWorld (red): Final=442.5, Time=94.5, Moves(8)=0.0, Pins(1)=100.0, Dist=248.0, Win Bonus=0.0
[2026-05-22 11:13:48] ALL WRONG MOVES BY COLOUR: {'red': ['45 (turn timeout)', '50 (turn timeout)', '55 (turn timeout)', '60 (turn timeout)', '65 (turn timeout)', '70 (turn timeout)']}
[2026-05-22 11:13:50] SCORE Gruppe 69 (lawn green): Final=486.2, Time=98.2, Moves(15)=0.0, Pins(1)=100.0, Dist=288.0, Win Bonus=0.0
[2026-05-22 11:13:50] SCORE jat (gray0): Final=588.7, Time=78.7, Moves(15)=0.0, Pins(2)=200.0, Dist=310.0, Win Bonus=0.0
[2026-05-22 11:13:50] SCORE group 99 (yellow): Final=557.0, Time=81.0, Moves(15)=0.0, Pins(2)=200.0, Dist=276.0, Win Bonus=0.0
[2026-05-22 11:13:50] SCORE CybSec (purple): Final=487.3, Time=95.3, Moves(15)=0.0, Pins(1)=100.0, Dist=292.0, Win Bonus=0.0
[2026-05-22 11:13:50] SCORE HelloWorld (red): Final=442.5, Time=94.5, Moves(8)=0.0, Pins(1)=100.0, Dist=248.0, Win Bonus=0.0
[2026-05-22 11:13:50] ALL WRONG MOVES BY COLOUR: {'red': ['45 (turn timeout)', '50 (turn timeout)', '55 (turn timeout)', '60 (turn timeout)', '65 (turn timeout)', '70 (turn timeout)', '75 (turn timeout)']}
[2026-05-22 11:13:50] TURN TIMEOUT: Player with colour red exceeded 2s at move 75. Turn skipped.
[2026-05-22 11:13:50] MOVE 76: Gruppe 69 (lawn green) 60->100 [0.00ms]
[2026-05-22 11:13:50] SCORE Gruppe 69 (lawn green): Final=596.1, Time=98.1, Moves(16)=0.0, Pins(2)=200.0, Dist=298.0, Win Bonus=0.0
[2026-05-22 11:13:50] SCORE jat (gray0): Final=588.7, Time=78.7, Moves(15)=0.0, Pins(2)=200.0, Dist=310.0, Win Bonus=0.0
[2026-05-22 11:13:50] SCORE group 99 (yellow): Final=557.0, Time=81.0, Moves(15)=0.0, Pins(2)=200.0, Dist=276.0, Win Bonus=0.0
[2026-05-22 11:13:50] SCORE CybSec (purple): Final=487.3, Time=95.3, Moves(15)=0.0, Pins(1)=100.0, Dist=292.0, Win Bonus=0.0
[2026-05-22 11:13:50] SCORE HelloWorld (red): Final=442.5, Time=94.5, Moves(8)=0.0, Pins(1)=100.0, Dist=248.0, Win Bonus=0.0
[2026-05-22 11:13:50] ALL WRONG MOVES BY COLOUR: {'red': ['45 (turn timeout)', '50 (turn timeout)', '55 (turn timeout)', '60 (turn timeout)', '65 (turn timeout)', '70 (turn timeout)', '75 (turn timeout)']}
[2026-05-22 11:13:51] MOVE 77: group 99 (yellow) 14->16 [0.00ms]
[2026-05-22 11:13:51] SCORE Gruppe 69 (lawn green): Final=596.1, Time=98.1, Moves(16)=0.0, Pins(2)=200.0, Dist=298.0, Win Bonus=0.0
[2026-05-22 11:13:51] SCORE jat (gray0): Final=588.7, Time=78.7, Moves(15)=0.0, Pins(2)=200.0, Dist=310.0, Win Bonus=0.0
[2026-05-22 11:13:51] SCORE group 99 (yellow): Final=559.7, Time=79.7, Moves(16)=0.0, Pins(2)=200.0, Dist=280.0, Win Bonus=0.0
[2026-05-22 11:13:51] SCORE CybSec (purple): Final=487.3, Time=95.3, Moves(15)=0.0, Pins(1)=100.0, Dist=292.0, Win Bonus=0.0
[2026-05-22 11:13:51] SCORE HelloWorld (red): Final=442.5, Time=94.5, Moves(8)=0.0, Pins(1)=100.0, Dist=248.0, Win Bonus=0.0
[2026-05-22 11:13:51] ALL WRONG MOVES BY COLOUR: {'red': ['45 (turn timeout)', '50 (turn timeout)', '55 (turn timeout)', '60 (turn timeout)', '65 (turn timeout)', '70 (turn timeout)', '75 (turn timeout)']}
[2026-05-22 11:13:53] MOVE 78: jat (gray0) 56->41 [0.00ms]
[2026-05-22 11:13:53] SCORE Gruppe 69 (lawn green): Final=596.1, Time=98.1, Moves(16)=0.0, Pins(2)=200.0, Dist=298.0, Win Bonus=0.0
[2026-05-22 11:13:53] SCORE jat (gray0): Final=599.2, Time=77.2, Moves(16)=0.0, Pins(2)=200.0, Dist=322.0, Win Bonus=0.0
[2026-05-22 11:13:53] SCORE group 99 (yellow): Final=559.7, Time=79.7, Moves(16)=0.0, Pins(2)=200.0, Dist=280.0, Win Bonus=0.0
[2026-05-22 11:13:53] SCORE CybSec (purple): Final=487.3, Time=95.3, Moves(15)=0.0, Pins(1)=100.0, Dist=292.0, Win Bonus=0.0
[2026-05-22 11:13:53] SCORE HelloWorld (red): Final=442.5, Time=94.5, Moves(8)=0.0, Pins(1)=100.0, Dist=248.0, Win Bonus=0.0
[2026-05-22 11:13:53] ALL WRONG MOVES BY COLOUR: {'red': ['45 (turn timeout)', '50 (turn timeout)', '55 (turn timeout)', '60 (turn timeout)', '65 (turn timeout)', '70 (turn timeout)', '75 (turn timeout)']}
[2026-05-22 11:13:53] MOVE 79: CybSec (purple) 81->70 [0.00ms]
[2026-05-22 11:13:53] SCORE Gruppe 69 (lawn green): Final=596.1, Time=98.1, Moves(16)=0.0, Pins(2)=200.0, Dist=298.0, Win Bonus=0.0
[2026-05-22 11:13:53] SCORE jat (gray0): Final=599.2, Time=77.2, Moves(16)=0.0, Pins(2)=200.0, Dist=322.0, Win Bonus=0.0
[2026-05-22 11:13:53] SCORE group 99 (yellow): Final=559.7, Time=79.7, Moves(16)=0.0, Pins(2)=200.0, Dist=280.0, Win Bonus=0.0
[2026-05-22 11:13:53] SCORE CybSec (purple): Final=489.2, Time=95.2, Moves(16)=0.0, Pins(1)=100.0, Dist=294.0, Win Bonus=0.0
[2026-05-22 11:13:53] SCORE HelloWorld (red): Final=442.5, Time=94.5, Moves(8)=0.0, Pins(1)=100.0, Dist=248.0, Win Bonus=0.0
[2026-05-22 11:13:53] ALL WRONG MOVES BY COLOUR: {'red': ['45 (turn timeout)', '50 (turn timeout)', '55 (turn timeout)', '60 (turn timeout)', '65 (turn timeout)', '70 (turn timeout)', '75 (turn timeout)']}
[2026-05-22 11:13:55] SCORE Gruppe 69 (lawn green): Final=596.1, Time=98.1, Moves(16)=0.0, Pins(2)=200.0, Dist=298.0, Win Bonus=0.0
[2026-05-22 11:13:55] SCORE jat (gray0): Final=599.2, Time=77.2, Moves(16)=0.0, Pins(2)=200.0, Dist=322.0, Win Bonus=0.0
[2026-05-22 11:13:55] SCORE group 99 (yellow): Final=559.7, Time=79.7, Moves(16)=0.0, Pins(2)=200.0, Dist=280.0, Win Bonus=0.0
[2026-05-22 11:13:55] SCORE CybSec (purple): Final=489.2, Time=95.2, Moves(16)=0.0, Pins(1)=100.0, Dist=294.0, Win Bonus=0.0
[2026-05-22 11:13:55] SCORE HelloWorld (red): Final=442.5, Time=94.5, Moves(8)=0.0, Pins(1)=100.0, Dist=248.0, Win Bonus=0.0
[2026-05-22 11:13:55] ALL WRONG MOVES BY COLOUR: {'red': ['45 (turn timeout)', '50 (turn timeout)', '55 (turn timeout)', '60 (turn timeout)', '65 (turn timeout)', '70 (turn timeout)', '75 (turn timeout)', '80 (turn timeout)']}
[2026-05-22 11:13:55] TURN TIMEOUT: Player with colour red exceeded 2s at move 80. Turn skipped.
[2026-05-22 11:13:55] MOVE 81: Gruppe 69 (lawn green) 59->76 [0.01ms]
[2026-05-22 11:13:55] SCORE Gruppe 69 (lawn green): Final=704.0, Time=98.0, Moves(17)=0.0, Pins(3)=300.0, Dist=306.0, Win Bonus=0.0
[2026-05-22 11:13:55] SCORE jat (gray0): Final=599.2, Time=77.2, Moves(16)=0.0, Pins(2)=200.0, Dist=322.0, Win Bonus=0.0
[2026-05-22 11:13:55] SCORE group 99 (yellow): Final=559.7, Time=79.7, Moves(16)=0.0, Pins(2)=200.0, Dist=280.0, Win Bonus=0.0
[2026-05-22 11:13:55] SCORE CybSec (purple): Final=489.2, Time=95.2, Moves(16)=0.0, Pins(1)=100.0, Dist=294.0, Win Bonus=0.0
[2026-05-22 11:13:55] SCORE HelloWorld (red): Final=442.5, Time=94.5, Moves(8)=0.0, Pins(1)=100.0, Dist=248.0, Win Bonus=0.0
[2026-05-22 11:13:55] ALL WRONG MOVES BY COLOUR: {'red': ['45 (turn timeout)', '50 (turn timeout)', '55 (turn timeout)', '60 (turn timeout)', '65 (turn timeout)', '70 (turn timeout)', '75 (turn timeout)', '80 (turn timeout)']}
[2026-05-22 11:13:56] MOVE 82: group 99 (yellow) 91->92 [0.00ms]
[2026-05-22 11:13:56] SCORE Gruppe 69 (lawn green): Final=704.0, Time=98.0, Moves(17)=0.0, Pins(3)=300.0, Dist=306.0, Win Bonus=0.0
[2026-05-22 11:13:56] SCORE jat (gray0): Final=599.2, Time=77.2, Moves(16)=0.0, Pins(2)=200.0, Dist=322.0, Win Bonus=0.0
[2026-05-22 11:13:56] SCORE group 99 (yellow): Final=560.5, Time=78.5, Moves(17)=0.0, Pins(2)=200.0, Dist=282.0, Win Bonus=0.0
[2026-05-22 11:13:56] SCORE CybSec (purple): Final=489.2, Time=95.2, Moves(16)=0.0, Pins(1)=100.0, Dist=294.0, Win Bonus=0.0
[2026-05-22 11:13:56] SCORE HelloWorld (red): Final=442.5, Time=94.5, Moves(8)=0.0, Pins(1)=100.0, Dist=248.0, Win Bonus=0.0
[2026-05-22 11:13:56] ALL WRONG MOVES BY COLOUR: {'red': ['45 (turn timeout)', '50 (turn timeout)', '55 (turn timeout)', '60 (turn timeout)', '65 (turn timeout)', '70 (turn timeout)', '75 (turn timeout)', '80 (turn timeout)']}
[2026-05-22 11:13:58] MOVE 83: jat (gray0) 6->30 [0.00ms]
[2026-05-22 11:13:58] SCORE Gruppe 69 (lawn green): Final=704.0, Time=98.0, Moves(17)=0.0, Pins(3)=300.0, Dist=306.0, Win Bonus=0.0
[2026-05-22 11:13:58] SCORE jat (gray0): Final=603.7, Time=75.7, Moves(17)=0.0, Pins(2)=200.0, Dist=328.0, Win Bonus=0.0
[2026-05-22 11:13:58] SCORE group 99 (yellow): Final=560.5, Time=78.5, Moves(17)=0.0, Pins(2)=200.0, Dist=282.0, Win Bonus=0.0
[2026-05-22 11:13:58] SCORE CybSec (purple): Final=489.2, Time=95.2, Moves(16)=0.0, Pins(1)=100.0, Dist=294.0, Win Bonus=0.0
[2026-05-22 11:13:58] SCORE HelloWorld (red): Final=442.5, Time=94.5, Moves(8)=0.0, Pins(1)=100.0, Dist=248.0, Win Bonus=0.0
[2026-05-22 11:13:58] ALL WRONG MOVES BY COLOUR: {'red': ['45 (turn timeout)', '50 (turn timeout)', '55 (turn timeout)', '60 (turn timeout)', '65 (turn timeout)', '70 (turn timeout)', '75 (turn timeout)', '80 (turn timeout)']}
[2026-05-22 11:13:58] MOVE 84: CybSec (purple) 27->23 [0.00ms]
[2026-05-22 11:13:58] SCORE Gruppe 69 (lawn green): Final=704.0, Time=98.0, Moves(17)=0.0, Pins(3)=300.0, Dist=306.0, Win Bonus=0.0
[2026-05-22 11:13:58] SCORE jat (gray0): Final=603.7, Time=75.7, Moves(17)=0.0, Pins(2)=200.0, Dist=328.0, Win Bonus=0.0
[2026-05-22 11:13:58] SCORE group 99 (yellow): Final=560.5, Time=78.5, Moves(17)=0.0, Pins(2)=200.0, Dist=282.0, Win Bonus=0.0
[2026-05-22 11:13:58] SCORE CybSec (purple): Final=592.9, Time=94.9, Moves(17)=0.0, Pins(2)=200.0, Dist=298.0, Win Bonus=0.0
[2026-05-22 11:13:58] SCORE HelloWorld (red): Final=442.5, Time=94.5, Moves(8)=0.0, Pins(1)=100.0, Dist=248.0, Win Bonus=0.0
[2026-05-22 11:13:58] ALL WRONG MOVES BY COLOUR: {'red': ['45 (turn timeout)', '50 (turn timeout)', '55 (turn timeout)', '60 (turn timeout)', '65 (turn timeout)', '70 (turn timeout)', '75 (turn timeout)', '80 (turn timeout)']}
[2026-05-22 11:14:00] SCORE Gruppe 69 (lawn green): Final=704.0, Time=98.0, Moves(17)=0.0, Pins(3)=300.0, Dist=306.0, Win Bonus=0.0
[2026-05-22 11:14:00] SCORE jat (gray0): Final=603.7, Time=75.7, Moves(17)=0.0, Pins(2)=200.0, Dist=328.0, Win Bonus=0.0
[2026-05-22 11:14:00] SCORE group 99 (yellow): Final=560.5, Time=78.5, Moves(17)=0.0, Pins(2)=200.0, Dist=282.0, Win Bonus=0.0
[2026-05-22 11:14:00] SCORE CybSec (purple): Final=592.9, Time=94.9, Moves(17)=0.0, Pins(2)=200.0, Dist=298.0, Win Bonus=0.0
[2026-05-22 11:14:00] SCORE HelloWorld (red): Final=442.5, Time=94.5, Moves(8)=0.0, Pins(1)=100.0, Dist=248.0, Win Bonus=0.0
[2026-05-22 11:14:00] ALL WRONG MOVES BY COLOUR: {'red': ['45 (turn timeout)', '50 (turn timeout)', '55 (turn timeout)', '60 (turn timeout)', '65 (turn timeout)', '70 (turn timeout)', '75 (turn timeout)', '80 (turn timeout)', '85 (turn timeout)']}
[2026-05-22 11:14:00] TURN TIMEOUT: Player with colour red exceeded 2s at move 85. Turn skipped.
[2026-05-22 11:14:00] MOVE 86: Gruppe 69 (lawn green) 17->59 [0.00ms]
[2026-05-22 11:14:00] SCORE Gruppe 69 (lawn green): Final=711.9, Time=97.9, Moves(18)=0.0, Pins(3)=300.0, Dist=314.0, Win Bonus=0.0
[2026-05-22 11:14:00] SCORE jat (gray0): Final=603.7, Time=75.7, Moves(17)=0.0, Pins(2)=200.0, Dist=328.0, Win Bonus=0.0
[2026-05-22 11:14:00] SCORE group 99 (yellow): Final=560.5, Time=78.5, Moves(17)=0.0, Pins(2)=200.0, Dist=282.0, Win Bonus=0.0
[2026-05-22 11:14:00] SCORE CybSec (purple): Final=592.9, Time=94.9, Moves(17)=0.0, Pins(2)=200.0, Dist=298.0, Win Bonus=0.0
[2026-05-22 11:14:00] SCORE HelloWorld (red): Final=442.5, Time=94.5, Moves(8)=0.0, Pins(1)=100.0, Dist=248.0, Win Bonus=0.0
[2026-05-22 11:14:00] ALL WRONG MOVES BY COLOUR: {'red': ['45 (turn timeout)', '50 (turn timeout)', '55 (turn timeout)', '60 (turn timeout)', '65 (turn timeout)', '70 (turn timeout)', '75 (turn timeout)', '80 (turn timeout)', '85 (turn timeout)']}
[2026-05-22 11:14:01] MOVE 87: group 99 (yellow) 35->14 [0.00ms]
[2026-05-22 11:14:01] SCORE Gruppe 69 (lawn green): Final=711.9, Time=97.9, Moves(18)=0.0, Pins(3)=300.0, Dist=314.0, Win Bonus=0.0
[2026-05-22 11:14:01] SCORE jat (gray0): Final=603.7, Time=75.7, Moves(17)=0.0, Pins(2)=200.0, Dist=328.0, Win Bonus=0.0
[2026-05-22 11:14:01] SCORE group 99 (yellow): Final=563.3, Time=77.3, Moves(18)=0.0, Pins(2)=200.0, Dist=286.0, Win Bonus=0.0
[2026-05-22 11:14:01] SCORE CybSec (purple): Final=592.9, Time=94.9, Moves(17)=0.0, Pins(2)=200.0, Dist=298.0, Win Bonus=0.0
[2026-05-22 11:14:01] SCORE HelloWorld (red): Final=442.5, Time=94.5, Moves(8)=0.0, Pins(1)=100.0, Dist=248.0, Win Bonus=0.0
[2026-05-22 11:14:01] ALL WRONG MOVES BY COLOUR: {'red': ['45 (turn timeout)', '50 (turn timeout)', '55 (turn timeout)', '60 (turn timeout)', '65 (turn timeout)', '70 (turn timeout)', '75 (turn timeout)', '80 (turn timeout)', '85 (turn timeout)']}
[2026-05-22 11:14:03] MOVE 88: jat (gray0) 26->8 [0.00ms]
[2026-05-22 11:14:03] SCORE Gruppe 69 (lawn green): Final=711.9, Time=97.9, Moves(18)=0.0, Pins(3)=300.0, Dist=314.0, Win Bonus=0.0
[2026-05-22 11:14:03] SCORE jat (gray0): Final=608.3, Time=74.3, Moves(18)=0.0, Pins(2)=200.0, Dist=334.0, Win Bonus=0.0
[2026-05-22 11:14:03] SCORE group 99 (yellow): Final=563.3, Time=77.3, Moves(18)=0.0, Pins(2)=200.0, Dist=286.0, Win Bonus=0.0
[2026-05-22 11:14:03] SCORE CybSec (purple): Final=592.9, Time=94.9, Moves(17)=0.0, Pins(2)=200.0, Dist=298.0, Win Bonus=0.0
[2026-05-22 11:14:03] SCORE HelloWorld (red): Final=442.5, Time=94.5, Moves(8)=0.0, Pins(1)=100.0, Dist=248.0, Win Bonus=0.0
[2026-05-22 11:14:03] ALL WRONG MOVES BY COLOUR: {'red': ['45 (turn timeout)', '50 (turn timeout)', '55 (turn timeout)', '60 (turn timeout)', '65 (turn timeout)', '70 (turn timeout)', '75 (turn timeout)', '80 (turn timeout)', '85 (turn timeout)']}
[2026-05-22 11:14:03] MOVE 89: CybSec (purple) 50->27 [0.00ms]
[2026-05-22 11:14:03] SCORE Gruppe 69 (lawn green): Final=711.9, Time=97.9, Moves(18)=0.0, Pins(3)=300.0, Dist=314.0, Win Bonus=0.0
[2026-05-22 11:14:03] SCORE jat (gray0): Final=608.3, Time=74.3, Moves(18)=0.0, Pins(2)=200.0, Dist=334.0, Win Bonus=0.0
[2026-05-22 11:14:03] SCORE group 99 (yellow): Final=563.3, Time=77.3, Moves(18)=0.0, Pins(2)=200.0, Dist=286.0, Win Bonus=0.0
[2026-05-22 11:14:03] SCORE CybSec (purple): Final=596.6, Time=94.6, Moves(18)=0.0, Pins(2)=200.0, Dist=302.0, Win Bonus=0.0
[2026-05-22 11:14:03] SCORE HelloWorld (red): Final=442.5, Time=94.5, Moves(8)=0.0, Pins(1)=100.0, Dist=248.0, Win Bonus=0.0
[2026-05-22 11:14:03] ALL WRONG MOVES BY COLOUR: {'red': ['45 (turn timeout)', '50 (turn timeout)', '55 (turn timeout)', '60 (turn timeout)', '65 (turn timeout)', '70 (turn timeout)', '75 (turn timeout)', '80 (turn timeout)', '85 (turn timeout)']}
[2026-05-22 11:14:05] SCORE Gruppe 69 (lawn green): Final=711.9, Time=97.9, Moves(18)=0.0, Pins(3)=300.0, Dist=314.0, Win Bonus=0.0
[2026-05-22 11:14:05] SCORE jat (gray0): Final=608.3, Time=74.3, Moves(18)=0.0, Pins(2)=200.0, Dist=334.0, Win Bonus=0.0
[2026-05-22 11:14:05] SCORE group 99 (yellow): Final=563.3, Time=77.3, Moves(18)=0.0, Pins(2)=200.0, Dist=286.0, Win Bonus=0.0
[2026-05-22 11:14:05] SCORE CybSec (purple): Final=596.6, Time=94.6, Moves(18)=0.0, Pins(2)=200.0, Dist=302.0, Win Bonus=0.0
[2026-05-22 11:14:05] SCORE HelloWorld (red): Final=442.5, Time=94.5, Moves(8)=0.0, Pins(1)=100.0, Dist=248.0, Win Bonus=0.0
[2026-05-22 11:14:05] ALL WRONG MOVES BY COLOUR: {'red': ['45 (turn timeout)', '50 (turn timeout)', '55 (turn timeout)', '60 (turn timeout)', '65 (turn timeout)', '70 (turn timeout)', '75 (turn timeout)', '80 (turn timeout)', '85 (turn timeout)', '90 (turn timeout)']}
[2026-05-22 11:14:05] TURN TIMEOUT: Player with colour red exceeded 2s at move 90. Turn skipped.
[2026-05-22 11:14:05] MOVE 91: Gruppe 69 (lawn green) 19->80 [0.00ms]
[2026-05-22 11:14:05] SCORE Gruppe 69 (lawn green): Final=723.8, Time=97.8, Moves(19)=0.0, Pins(3)=300.0, Dist=326.0, Win Bonus=0.0
[2026-05-22 11:14:05] SCORE jat (gray0): Final=608.3, Time=74.3, Moves(18)=0.0, Pins(2)=200.0, Dist=334.0, Win Bonus=0.0
[2026-05-22 11:14:05] SCORE group 99 (yellow): Final=563.3, Time=77.3, Moves(18)=0.0, Pins(2)=200.0, Dist=286.0, Win Bonus=0.0
[2026-05-22 11:14:05] SCORE CybSec (purple): Final=596.6, Time=94.6, Moves(18)=0.0, Pins(2)=200.0, Dist=302.0, Win Bonus=0.0
[2026-05-22 11:14:05] SCORE HelloWorld (red): Final=442.5, Time=94.5, Moves(8)=0.0, Pins(1)=100.0, Dist=248.0, Win Bonus=0.0
[2026-05-22 11:14:05] ALL WRONG MOVES BY COLOUR: {'red': ['45 (turn timeout)', '50 (turn timeout)', '55 (turn timeout)', '60 (turn timeout)', '65 (turn timeout)', '70 (turn timeout)', '75 (turn timeout)', '80 (turn timeout)', '85 (turn timeout)', '90 (turn timeout)']}
[2026-05-22 11:14:07] MOVE 92: group 99 (yellow) 92->105 [0.01ms]
[2026-05-22 11:14:07] SCORE Gruppe 69 (lawn green): Final=723.8, Time=97.8, Moves(19)=0.0, Pins(3)=300.0, Dist=326.0, Win Bonus=0.0
[2026-05-22 11:14:07] SCORE jat (gray0): Final=608.3, Time=74.3, Moves(18)=0.0, Pins(2)=200.0, Dist=334.0, Win Bonus=0.0
[2026-05-22 11:14:07] SCORE group 99 (yellow): Final=564.0, Time=76.0, Moves(19)=0.0, Pins(2)=200.0, Dist=288.0, Win Bonus=0.0
[2026-05-22 11:14:07] SCORE CybSec (purple): Final=596.6, Time=94.6, Moves(18)=0.0, Pins(2)=200.0, Dist=302.0, Win Bonus=0.0
[2026-05-22 11:14:07] SCORE HelloWorld (red): Final=442.5, Time=94.5, Moves(8)=0.0, Pins(1)=100.0, Dist=248.0, Win Bonus=0.0
[2026-05-22 11:14:07] ALL WRONG MOVES BY COLOUR: {'red': ['45 (turn timeout)', '50 (turn timeout)', '55 (turn timeout)', '60 (turn timeout)', '65 (turn timeout)', '70 (turn timeout)', '75 (turn timeout)', '80 (turn timeout)', '85 (turn timeout)', '90 (turn timeout)']}
[2026-05-22 11:14:08] MOVE 93: jat (gray0) 63->21 [0.01ms]
[2026-05-22 11:14:08] SCORE Gruppe 69 (lawn green): Final=723.8, Time=97.8, Moves(19)=0.0, Pins(3)=300.0, Dist=326.0, Win Bonus=0.0
[2026-05-22 11:14:08] SCORE jat (gray0): Final=710.8, Time=72.8, Moves(19)=0.0, Pins(3)=300.0, Dist=338.0, Win Bonus=0.0
[2026-05-22 11:14:08] SCORE group 99 (yellow): Final=564.0, Time=76.0, Moves(19)=0.0, Pins(2)=200.0, Dist=288.0, Win Bonus=0.0
[2026-05-22 11:14:08] SCORE CybSec (purple): Final=596.6, Time=94.6, Moves(18)=0.0, Pins(2)=200.0, Dist=302.0, Win Bonus=0.0
[2026-05-22 11:14:08] SCORE HelloWorld (red): Final=442.5, Time=94.5, Moves(8)=0.0, Pins(1)=100.0, Dist=248.0, Win Bonus=0.0
[2026-05-22 11:14:08] ALL WRONG MOVES BY COLOUR: {'red': ['45 (turn timeout)', '50 (turn timeout)', '55 (turn timeout)', '60 (turn timeout)', '65 (turn timeout)', '70 (turn timeout)', '75 (turn timeout)', '80 (turn timeout)', '85 (turn timeout)', '90 (turn timeout)']}
[2026-05-22 11:14:08] MOVE 94: CybSec (purple) 73->63 [0.00ms]
[2026-05-22 11:14:08] SCORE Gruppe 69 (lawn green): Final=723.8, Time=97.8, Moves(19)=0.0, Pins(3)=300.0, Dist=326.0, Win Bonus=0.0
[2026-05-22 11:14:08] SCORE jat (gray0): Final=710.8, Time=72.8, Moves(19)=0.0, Pins(3)=300.0, Dist=338.0, Win Bonus=0.0
[2026-05-22 11:14:08] SCORE group 99 (yellow): Final=564.0, Time=76.0, Moves(19)=0.0, Pins(2)=200.0, Dist=288.0, Win Bonus=0.0
[2026-05-22 11:14:08] SCORE CybSec (purple): Final=598.3, Time=94.3, Moves(19)=0.0, Pins(2)=200.0, Dist=304.0, Win Bonus=0.0
[2026-05-22 11:14:08] SCORE HelloWorld (red): Final=442.5, Time=94.5, Moves(8)=0.0, Pins(1)=100.0, Dist=248.0, Win Bonus=0.0
[2026-05-22 11:14:08] ALL WRONG MOVES BY COLOUR: {'red': ['45 (turn timeout)', '50 (turn timeout)', '55 (turn timeout)', '60 (turn timeout)', '65 (turn timeout)', '70 (turn timeout)', '75 (turn timeout)', '80 (turn timeout)', '85 (turn timeout)', '90 (turn timeout)']}
[2026-05-22 11:14:10] SCORE Gruppe 69 (lawn green): Final=723.8, Time=97.8, Moves(19)=0.0, Pins(3)=300.0, Dist=326.0, Win Bonus=0.0
[2026-05-22 11:14:10] SCORE jat (gray0): Final=710.8, Time=72.8, Moves(19)=0.0, Pins(3)=300.0, Dist=338.0, Win Bonus=0.0
[2026-05-22 11:14:10] SCORE group 99 (yellow): Final=564.0, Time=76.0, Moves(19)=0.0, Pins(2)=200.0, Dist=288.0, Win Bonus=0.0
[2026-05-22 11:14:10] SCORE CybSec (purple): Final=598.3, Time=94.3, Moves(19)=0.0, Pins(2)=200.0, Dist=304.0, Win Bonus=0.0
[2026-05-22 11:14:10] SCORE HelloWorld (red): Final=442.5, Time=94.5, Moves(8)=0.0, Pins(1)=100.0, Dist=248.0, Win Bonus=0.0
[2026-05-22 11:14:10] ALL WRONG MOVES BY COLOUR: {'red': ['45 (turn timeout)', '50 (turn timeout)', '55 (turn timeout)', '60 (turn timeout)', '65 (turn timeout)', '70 (turn timeout)', '75 (turn timeout)', '80 (turn timeout)', '85 (turn timeout)', '90 (turn timeout)', '95 (turn timeout)']}
[2026-05-22 11:14:10] TURN TIMEOUT: Player with colour red exceeded 2s at move 95. Turn skipped.
[2026-05-22 11:14:10] MOVE 96: Gruppe 69 (lawn green) 36->47 [0.00ms]
[2026-05-22 11:14:10] SCORE Gruppe 69 (lawn green): Final=725.7, Time=97.7, Moves(20)=0.0, Pins(3)=300.0, Dist=328.0, Win Bonus=0.0
[2026-05-22 11:14:10] SCORE jat (gray0): Final=710.8, Time=72.8, Moves(19)=0.0, Pins(3)=300.0, Dist=338.0, Win Bonus=0.0
[2026-05-22 11:14:10] SCORE group 99 (yellow): Final=564.0, Time=76.0, Moves(19)=0.0, Pins(2)=200.0, Dist=288.0, Win Bonus=0.0
[2026-05-22 11:14:10] SCORE CybSec (purple): Final=598.3, Time=94.3, Moves(19)=0.0, Pins(2)=200.0, Dist=304.0, Win Bonus=0.0
[2026-05-22 11:14:10] SCORE HelloWorld (red): Final=442.5, Time=94.5, Moves(8)=0.0, Pins(1)=100.0, Dist=248.0, Win Bonus=0.0
[2026-05-22 11:14:10] ALL WRONG MOVES BY COLOUR: {'red': ['45 (turn timeout)', '50 (turn timeout)', '55 (turn timeout)', '60 (turn timeout)', '65 (turn timeout)', '70 (turn timeout)', '75 (turn timeout)', '80 (turn timeout)', '85 (turn timeout)', '90 (turn timeout)', '95 (turn timeout)']}
[2026-05-22 11:14:12] MOVE 97: group 99 (yellow) 37->81 [0.00ms]
[2026-05-22 11:14:12] SCORE Gruppe 69 (lawn green): Final=725.7, Time=97.7, Moves(20)=0.0, Pins(3)=300.0, Dist=328.0, Win Bonus=0.0
[2026-05-22 11:14:12] SCORE jat (gray0): Final=710.8, Time=72.8, Moves(19)=0.0, Pins(3)=300.0, Dist=338.0, Win Bonus=0.0
[2026-05-22 11:14:12] SCORE group 99 (yellow): Final=574.6, Time=74.6, Moves(20)=0.0, Pins(2)=200.0, Dist=300.0, Win Bonus=0.0
[2026-05-22 11:14:12] SCORE CybSec (purple): Final=598.3, Time=94.3, Moves(19)=0.0, Pins(2)=200.0, Dist=304.0, Win Bonus=0.0
[2026-05-22 11:14:12] SCORE HelloWorld (red): Final=442.5, Time=94.5, Moves(8)=0.0, Pins(1)=100.0, Dist=248.0, Win Bonus=0.0
[2026-05-22 11:14:12] ALL WRONG MOVES BY COLOUR: {'red': ['45 (turn timeout)', '50 (turn timeout)', '55 (turn timeout)', '60 (turn timeout)', '65 (turn timeout)', '70 (turn timeout)', '75 (turn timeout)', '80 (turn timeout)', '85 (turn timeout)', '90 (turn timeout)', '95 (turn timeout)']}
[2026-05-22 11:14:13] MOVE 98: jat (gray0) 87->75 [0.00ms]
[2026-05-22 11:14:13] SCORE Gruppe 69 (lawn green): Final=725.7, Time=97.7, Moves(20)=0.0, Pins(3)=300.0, Dist=328.0, Win Bonus=0.0
[2026-05-22 11:14:13] SCORE jat (gray0): Final=709.3, Time=71.3, Moves(20)=0.0, Pins(3)=300.0, Dist=338.0, Win Bonus=0.0
[2026-05-22 11:14:13] SCORE group 99 (yellow): Final=574.6, Time=74.6, Moves(20)=0.0, Pins(2)=200.0, Dist=300.0, Win Bonus=0.0
[2026-05-22 11:14:13] SCORE CybSec (purple): Final=598.3, Time=94.3, Moves(19)=0.0, Pins(2)=200.0, Dist=304.0, Win Bonus=0.0
[2026-05-22 11:14:13] SCORE HelloWorld (red): Final=442.5, Time=94.5, Moves(8)=0.0, Pins(1)=100.0, Dist=248.0, Win Bonus=0.0
[2026-05-22 11:14:13] ALL WRONG MOVES BY COLOUR: {'red': ['45 (turn timeout)', '50 (turn timeout)', '55 (turn timeout)', '60 (turn timeout)', '65 (turn timeout)', '70 (turn timeout)', '75 (turn timeout)', '80 (turn timeout)', '85 (turn timeout)', '90 (turn timeout)', '95 (turn timeout)']}
[2026-05-22 11:14:14] MOVE 99: CybSec (purple) 63->38 [0.00ms]
[2026-05-22 11:14:14] SCORE Gruppe 69 (lawn green): Final=725.7, Time=97.7, Moves(20)=0.0, Pins(3)=300.0, Dist=328.0, Win Bonus=0.0
[2026-05-22 11:14:14] SCORE jat (gray0): Final=709.3, Time=71.3, Moves(20)=0.0, Pins(3)=300.0, Dist=338.0, Win Bonus=0.0
[2026-05-22 11:14:14] SCORE group 99 (yellow): Final=574.6, Time=74.6, Moves(20)=0.0, Pins(2)=200.0, Dist=300.0, Win Bonus=0.0
[2026-05-22 11:14:14] SCORE CybSec (purple): Final=609.9, Time=93.9, Moves(20)=0.0, Pins(2)=200.0, Dist=316.0, Win Bonus=0.0
[2026-05-22 11:14:14] SCORE HelloWorld (red): Final=442.5, Time=94.5, Moves(8)=0.0, Pins(1)=100.0, Dist=248.0, Win Bonus=0.0
[2026-05-22 11:14:14] ALL WRONG MOVES BY COLOUR: {'red': ['45 (turn timeout)', '50 (turn timeout)', '55 (turn timeout)', '60 (turn timeout)', '65 (turn timeout)', '70 (turn timeout)', '75 (turn timeout)', '80 (turn timeout)', '85 (turn timeout)', '90 (turn timeout)', '95 (turn timeout)']}
[2026-05-22 11:14:16] SCORE Gruppe 69 (lawn green): Final=725.7, Time=97.7, Moves(20)=0.0, Pins(3)=300.0, Dist=328.0, Win Bonus=0.0
[2026-05-22 11:14:16] SCORE jat (gray0): Final=709.3, Time=71.3, Moves(20)=0.0, Pins(3)=300.0, Dist=338.0, Win Bonus=0.0
[2026-05-22 11:14:16] SCORE group 99 (yellow): Final=574.6, Time=74.6, Moves(20)=0.0, Pins(2)=200.0, Dist=300.0, Win Bonus=0.0
[2026-05-22 11:14:16] SCORE CybSec (purple): Final=609.9, Time=93.9, Moves(20)=0.0, Pins(2)=200.0, Dist=316.0, Win Bonus=0.0
[2026-05-22 11:14:16] SCORE HelloWorld (red): Final=442.5, Time=94.5, Moves(8)=0.0, Pins(1)=100.0, Dist=248.0, Win Bonus=0.0
[2026-05-22 11:14:16] ALL WRONG MOVES BY COLOUR: {'red': ['45 (turn timeout)', '50 (turn timeout)', '55 (turn timeout)', '60 (turn timeout)', '65 (turn timeout)', '70 (turn timeout)', '75 (turn timeout)', '80 (turn timeout)', '85 (turn timeout)', '90 (turn timeout)', '95 (turn timeout)', '100 (turn timeout)']}
[2026-05-22 11:14:16] TURN TIMEOUT: Player with colour red exceeded 2s at move 100. Turn skipped.
[2026-05-22 11:14:16] MOVE 101: Gruppe 69 (lawn green) 55->54 [0.00ms]
[2026-05-22 11:14:16] SCORE Gruppe 69 (lawn green): Final=727.6, Time=97.6, Moves(21)=0.0, Pins(3)=300.0, Dist=330.0, Win Bonus=0.0
[2026-05-22 11:14:16] SCORE jat (gray0): Final=709.3, Time=71.3, Moves(20)=0.0, Pins(3)=300.0, Dist=338.0, Win Bonus=0.0
[2026-05-22 11:14:16] SCORE group 99 (yellow): Final=574.6, Time=74.6, Moves(20)=0.0, Pins(2)=200.0, Dist=300.0, Win Bonus=0.0
[2026-05-22 11:14:16] SCORE CybSec (purple): Final=609.9, Time=93.9, Moves(20)=0.0, Pins(2)=200.0, Dist=316.0, Win Bonus=0.0
[2026-05-22 11:14:16] SCORE HelloWorld (red): Final=442.5, Time=94.5, Moves(8)=0.0, Pins(1)=100.0, Dist=248.0, Win Bonus=0.0
[2026-05-22 11:14:16] ALL WRONG MOVES BY COLOUR: {'red': ['45 (turn timeout)', '50 (turn timeout)', '55 (turn timeout)', '60 (turn timeout)', '65 (turn timeout)', '70 (turn timeout)', '75 (turn timeout)', '80 (turn timeout)', '85 (turn timeout)', '90 (turn timeout)', '95 (turn timeout)', '100 (turn timeout)']}
[2026-05-22 11:14:17] MOVE 102: group 99 (yellow) 53->55 [0.00ms]
[2026-05-22 11:14:17] SCORE Gruppe 69 (lawn green): Final=727.6, Time=97.6, Moves(21)=0.0, Pins(3)=300.0, Dist=330.0, Win Bonus=0.0
[2026-05-22 11:14:17] SCORE jat (gray0): Final=709.3, Time=71.3, Moves(20)=0.0, Pins(3)=300.0, Dist=338.0, Win Bonus=0.0
[2026-05-22 11:14:17] SCORE group 99 (yellow): Final=575.4, Time=73.4, Moves(21)=0.0, Pins(2)=200.0, Dist=302.0, Win Bonus=0.0
[2026-05-22 11:14:17] SCORE CybSec (purple): Final=609.9, Time=93.9, Moves(20)=0.0, Pins(2)=200.0, Dist=316.0, Win Bonus=0.0
[2026-05-22 11:14:17] SCORE HelloWorld (red): Final=442.5, Time=94.5, Moves(8)=0.0, Pins(1)=100.0, Dist=248.0, Win Bonus=0.0
[2026-05-22 11:14:17] ALL WRONG MOVES BY COLOUR: {'red': ['45 (turn timeout)', '50 (turn timeout)', '55 (turn timeout)', '60 (turn timeout)', '65 (turn timeout)', '70 (turn timeout)', '75 (turn timeout)', '80 (turn timeout)', '85 (turn timeout)', '90 (turn timeout)', '95 (turn timeout)', '100 (turn timeout)']}
[2026-05-22 11:14:19] MOVE 103: jat (gray0) 75->60 [0.00ms]
[2026-05-22 11:14:19] SCORE Gruppe 69 (lawn green): Final=727.6, Time=97.6, Moves(21)=0.0, Pins(3)=300.0, Dist=330.0, Win Bonus=0.0
[2026-05-22 11:14:19] SCORE jat (gray0): Final=719.6, Time=69.6, Moves(21)=0.0, Pins(3)=300.0, Dist=350.0, Win Bonus=0.0
[2026-05-22 11:14:19] SCORE group 99 (yellow): Final=575.4, Time=73.4, Moves(21)=0.0, Pins(2)=200.0, Dist=302.0, Win Bonus=0.0
[2026-05-22 11:14:19] SCORE CybSec (purple): Final=609.9, Time=93.9, Moves(20)=0.0, Pins(2)=200.0, Dist=316.0, Win Bonus=0.0
[2026-05-22 11:14:19] SCORE HelloWorld (red): Final=442.5, Time=94.5, Moves(8)=0.0, Pins(1)=100.0, Dist=248.0, Win Bonus=0.0
[2026-05-22 11:14:19] ALL WRONG MOVES BY COLOUR: {'red': ['45 (turn timeout)', '50 (turn timeout)', '55 (turn timeout)', '60 (turn timeout)', '65 (turn timeout)', '70 (turn timeout)', '75 (turn timeout)', '80 (turn timeout)', '85 (turn timeout)', '90 (turn timeout)', '95 (turn timeout)', '100 (turn timeout)']}
[2026-05-22 11:14:19] MOVE 104: CybSec (purple) 70->29 [0.00ms]
[2026-05-22 11:14:19] SCORE Gruppe 69 (lawn green): Final=727.6, Time=97.6, Moves(21)=0.0, Pins(3)=300.0, Dist=330.0, Win Bonus=0.0
[2026-05-22 11:14:19] SCORE jat (gray0): Final=719.6, Time=69.6, Moves(21)=0.0, Pins(3)=300.0, Dist=350.0, Win Bonus=0.0
[2026-05-22 11:14:19] SCORE group 99 (yellow): Final=575.4, Time=73.4, Moves(21)=0.0, Pins(2)=200.0, Dist=302.0, Win Bonus=0.0
[2026-05-22 11:14:19] SCORE CybSec (purple): Final=613.6, Time=93.6, Moves(21)=0.0, Pins(2)=200.0, Dist=320.0, Win Bonus=0.0
[2026-05-22 11:14:19] SCORE HelloWorld (red): Final=442.5, Time=94.5, Moves(8)=0.0, Pins(1)=100.0, Dist=248.0, Win Bonus=0.0
[2026-05-22 11:14:19] ALL WRONG MOVES BY COLOUR: {'red': ['45 (turn timeout)', '50 (turn timeout)', '55 (turn timeout)', '60 (turn timeout)', '65 (turn timeout)', '70 (turn timeout)', '75 (turn timeout)', '80 (turn timeout)', '85 (turn timeout)', '90 (turn timeout)', '95 (turn timeout)', '100 (turn timeout)']}
[2026-05-22 11:14:21] SCORE Gruppe 69 (lawn green): Final=727.6, Time=97.6, Moves(21)=0.0, Pins(3)=300.0, Dist=330.0, Win Bonus=0.0
[2026-05-22 11:14:21] SCORE jat (gray0): Final=719.6, Time=69.6, Moves(21)=0.0, Pins(3)=300.0, Dist=350.0, Win Bonus=0.0
[2026-05-22 11:14:21] SCORE group 99 (yellow): Final=575.4, Time=73.4, Moves(21)=0.0, Pins(2)=200.0, Dist=302.0, Win Bonus=0.0
[2026-05-22 11:14:21] SCORE CybSec (purple): Final=613.6, Time=93.6, Moves(21)=0.0, Pins(2)=200.0, Dist=320.0, Win Bonus=0.0
[2026-05-22 11:14:21] SCORE HelloWorld (red): Final=442.5, Time=94.5, Moves(8)=0.0, Pins(1)=100.0, Dist=248.0, Win Bonus=0.0
[2026-05-22 11:14:21] ALL WRONG MOVES BY COLOUR: {'red': ['45 (turn timeout)', '50 (turn timeout)', '55 (turn timeout)', '60 (turn timeout)', '65 (turn timeout)', '70 (turn timeout)', '75 (turn timeout)', '80 (turn timeout)', '85 (turn timeout)', '90 (turn timeout)', '95 (turn timeout)', '100 (turn timeout)', '105 (turn timeout)']}
[2026-05-22 11:14:21] TURN TIMEOUT: Player with colour red exceeded 2s at move 105. Turn skipped.
[2026-05-22 11:14:21] MOVE 106: Gruppe 69 (lawn green) 32->65 [0.00ms]
[2026-05-22 11:14:21] SCORE Gruppe 69 (lawn green): Final=847.5, Time=97.5, Moves(22)=0.0, Pins(4)=400.0, Dist=350.0, Win Bonus=0.0
[2026-05-22 11:14:21] SCORE jat (gray0): Final=719.6, Time=69.6, Moves(21)=0.0, Pins(3)=300.0, Dist=350.0, Win Bonus=0.0
[2026-05-22 11:14:21] SCORE group 99 (yellow): Final=575.4, Time=73.4, Moves(21)=0.0, Pins(2)=200.0, Dist=302.0, Win Bonus=0.0
[2026-05-22 11:14:21] SCORE CybSec (purple): Final=613.6, Time=93.6, Moves(21)=0.0, Pins(2)=200.0, Dist=320.0, Win Bonus=0.0
[2026-05-22 11:14:21] SCORE HelloWorld (red): Final=442.5, Time=94.5, Moves(8)=0.0, Pins(1)=100.0, Dist=248.0, Win Bonus=0.0
[2026-05-22 11:14:21] ALL WRONG MOVES BY COLOUR: {'red': ['45 (turn timeout)', '50 (turn timeout)', '55 (turn timeout)', '60 (turn timeout)', '65 (turn timeout)', '70 (turn timeout)', '75 (turn timeout)', '80 (turn timeout)', '85 (turn timeout)', '90 (turn timeout)', '95 (turn timeout)', '100 (turn timeout)', '105 (turn timeout)']}
[2026-05-22 11:14:22] MOVE 107: group 99 (yellow) 105->106 [0.00ms]
[2026-05-22 11:14:22] SCORE Gruppe 69 (lawn green): Final=847.5, Time=97.5, Moves(22)=0.0, Pins(4)=400.0, Dist=350.0, Win Bonus=0.0
[2026-05-22 11:14:22] SCORE jat (gray0): Final=719.6, Time=69.6, Moves(21)=0.0, Pins(3)=300.0, Dist=350.0, Win Bonus=0.0
[2026-05-22 11:14:22] SCORE group 99 (yellow): Final=576.1, Time=72.1, Moves(22)=0.0, Pins(2)=200.0, Dist=304.0, Win Bonus=0.0
[2026-05-22 11:14:22] SCORE CybSec (purple): Final=613.6, Time=93.6, Moves(21)=0.0, Pins(2)=200.0, Dist=320.0, Win Bonus=0.0
[2026-05-22 11:14:22] SCORE HelloWorld (red): Final=442.5, Time=94.5, Moves(8)=0.0, Pins(1)=100.0, Dist=248.0, Win Bonus=0.0
[2026-05-22 11:14:22] ALL WRONG MOVES BY COLOUR: {'red': ['45 (turn timeout)', '50 (turn timeout)', '55 (turn timeout)', '60 (turn timeout)', '65 (turn timeout)', '70 (turn timeout)', '75 (turn timeout)', '80 (turn timeout)', '85 (turn timeout)', '90 (turn timeout)', '95 (turn timeout)', '100 (turn timeout)', '105 (turn timeout)']}
[2026-05-22 11:14:24] MOVE 108: jat (gray0) 51->32 [0.00ms]
[2026-05-22 11:14:24] SCORE Gruppe 69 (lawn green): Final=847.5, Time=97.5, Moves(22)=0.0, Pins(4)=400.0, Dist=350.0, Win Bonus=0.0
[2026-05-22 11:14:24] SCORE jat (gray0): Final=826.1, Time=68.1, Moves(22)=0.0, Pins(4)=400.0, Dist=358.0, Win Bonus=0.0
[2026-05-22 11:14:24] SCORE group 99 (yellow): Final=576.1, Time=72.1, Moves(22)=0.0, Pins(2)=200.0, Dist=304.0, Win Bonus=0.0
[2026-05-22 11:14:24] SCORE CybSec (purple): Final=613.6, Time=93.6, Moves(21)=0.0, Pins(2)=200.0, Dist=320.0, Win Bonus=0.0
[2026-05-22 11:14:24] SCORE HelloWorld (red): Final=442.5, Time=94.5, Moves(8)=0.0, Pins(1)=100.0, Dist=248.0, Win Bonus=0.0
[2026-05-22 11:14:24] ALL WRONG MOVES BY COLOUR: {'red': ['45 (turn timeout)', '50 (turn timeout)', '55 (turn timeout)', '60 (turn timeout)', '65 (turn timeout)', '70 (turn timeout)', '75 (turn timeout)', '80 (turn timeout)', '85 (turn timeout)', '90 (turn timeout)', '95 (turn timeout)', '100 (turn timeout)', '105 (turn timeout)']}
[2026-05-22 11:14:24] MOVE 109: CybSec (purple) 96->95 [0.00ms]
[2026-05-22 11:14:24] SCORE Gruppe 69 (lawn green): Final=847.5, Time=97.5, Moves(22)=0.0, Pins(4)=400.0, Dist=350.0, Win Bonus=0.0
[2026-05-22 11:14:24] SCORE jat (gray0): Final=826.1, Time=68.1, Moves(22)=0.0, Pins(4)=400.0, Dist=358.0, Win Bonus=0.0
[2026-05-22 11:14:24] SCORE group 99 (yellow): Final=576.1, Time=72.1, Moves(22)=0.0, Pins(2)=200.0, Dist=304.0, Win Bonus=0.0
[2026-05-22 11:14:24] SCORE CybSec (purple): Final=615.3, Time=93.3, Moves(22)=0.0, Pins(2)=200.0, Dist=322.0, Win Bonus=0.0
[2026-05-22 11:14:24] SCORE HelloWorld (red): Final=442.5, Time=94.5, Moves(8)=0.0, Pins(1)=100.0, Dist=248.0, Win Bonus=0.0
[2026-05-22 11:14:24] ALL WRONG MOVES BY COLOUR: {'red': ['45 (turn timeout)', '50 (turn timeout)', '55 (turn timeout)', '60 (turn timeout)', '65 (turn timeout)', '70 (turn timeout)', '75 (turn timeout)', '80 (turn timeout)', '85 (turn timeout)', '90 (turn timeout)', '95 (turn timeout)', '100 (turn timeout)', '105 (turn timeout)']}
[2026-05-22 11:14:26] SCORE Gruppe 69 (lawn green): Final=847.5, Time=97.5, Moves(22)=0.0, Pins(4)=400.0, Dist=350.0, Win Bonus=0.0
[2026-05-22 11:14:26] SCORE jat (gray0): Final=826.1, Time=68.1, Moves(22)=0.0, Pins(4)=400.0, Dist=358.0, Win Bonus=0.0
[2026-05-22 11:14:26] SCORE group 99 (yellow): Final=576.1, Time=72.1, Moves(22)=0.0, Pins(2)=200.0, Dist=304.0, Win Bonus=0.0
[2026-05-22 11:14:26] SCORE CybSec (purple): Final=615.3, Time=93.3, Moves(22)=0.0, Pins(2)=200.0, Dist=322.0, Win Bonus=0.0
[2026-05-22 11:14:26] SCORE HelloWorld (red): Final=442.5, Time=94.5, Moves(8)=0.0, Pins(1)=100.0, Dist=248.0, Win Bonus=0.0
[2026-05-22 11:14:26] ALL WRONG MOVES BY COLOUR: {'red': ['45 (turn timeout)', '50 (turn timeout)', '55 (turn timeout)', '60 (turn timeout)', '65 (turn timeout)', '70 (turn timeout)', '75 (turn timeout)', '80 (turn timeout)', '85 (turn timeout)', '90 (turn timeout)', '95 (turn timeout)', '100 (turn timeout)', '105 (turn timeout)', '110 (turn timeout)']}
[2026-05-22 11:14:26] TURN TIMEOUT: Player with colour red exceeded 2s at move 110. Turn skipped.
[2026-05-22 11:14:26] MOVE 111: Gruppe 69 (lawn green) 54->53 [0.01ms]
[2026-05-22 11:14:26] SCORE Gruppe 69 (lawn green): Final=849.4, Time=97.4, Moves(23)=0.0, Pins(4)=400.0, Dist=352.0, Win Bonus=0.0
[2026-05-22 11:14:26] SCORE jat (gray0): Final=826.1, Time=68.1, Moves(22)=0.0, Pins(4)=400.0, Dist=358.0, Win Bonus=0.0
[2026-05-22 11:14:26] SCORE group 99 (yellow): Final=576.1, Time=72.1, Moves(22)=0.0, Pins(2)=200.0, Dist=304.0, Win Bonus=0.0
[2026-05-22 11:14:26] SCORE CybSec (purple): Final=615.3, Time=93.3, Moves(22)=0.0, Pins(2)=200.0, Dist=322.0, Win Bonus=0.0
[2026-05-22 11:14:26] SCORE HelloWorld (red): Final=442.5, Time=94.5, Moves(8)=0.0, Pins(1)=100.0, Dist=248.0, Win Bonus=0.0
[2026-05-22 11:14:26] ALL WRONG MOVES BY COLOUR: {'red': ['45 (turn timeout)', '50 (turn timeout)', '55 (turn timeout)', '60 (turn timeout)', '65 (turn timeout)', '70 (turn timeout)', '75 (turn timeout)', '80 (turn timeout)', '85 (turn timeout)', '90 (turn timeout)', '95 (turn timeout)', '100 (turn timeout)', '105 (turn timeout)', '110 (turn timeout)']}
[2026-05-22 11:14:28] MOVE 112: group 99 (yellow) 106->107 [0.00ms]
[2026-05-22 11:14:28] SCORE Gruppe 69 (lawn green): Final=849.4, Time=97.4, Moves(23)=0.0, Pins(4)=400.0, Dist=352.0, Win Bonus=0.0
[2026-05-22 11:14:28] SCORE jat (gray0): Final=826.1, Time=68.1, Moves(22)=0.0, Pins(4)=400.0, Dist=358.0, Win Bonus=0.0
[2026-05-22 11:14:28] SCORE group 99 (yellow): Final=676.8, Time=70.8, Moves(23)=0.0, Pins(3)=300.0, Dist=306.0, Win Bonus=0.0
[2026-05-22 11:14:28] SCORE CybSec (purple): Final=615.3, Time=93.3, Moves(22)=0.0, Pins(2)=200.0, Dist=322.0, Win Bonus=0.0
[2026-05-22 11:14:28] SCORE HelloWorld (red): Final=442.5, Time=94.5, Moves(8)=0.0, Pins(1)=100.0, Dist=248.0, Win Bonus=0.0
[2026-05-22 11:14:28] ALL WRONG MOVES BY COLOUR: {'red': ['45 (turn timeout)', '50 (turn timeout)', '55 (turn timeout)', '60 (turn timeout)', '65 (turn timeout)', '70 (turn timeout)', '75 (turn timeout)', '80 (turn timeout)', '85 (turn timeout)', '90 (turn timeout)', '95 (turn timeout)', '100 (turn timeout)', '105 (turn timeout)', '110 (turn timeout)']}
[2026-05-22 11:14:29] MOVE 113: jat (gray0) 8->17 [0.01ms]
[2026-05-22 11:14:29] SCORE Gruppe 69 (lawn green): Final=849.4, Time=97.4, Moves(23)=0.0, Pins(4)=400.0, Dist=352.0, Win Bonus=0.0
[2026-05-22 11:14:29] SCORE jat (gray0): Final=826.6, Time=66.6, Moves(23)=0.0, Pins(4)=400.0, Dist=360.0, Win Bonus=0.0
[2026-05-22 11:14:29] SCORE group 99 (yellow): Final=676.8, Time=70.8, Moves(23)=0.0, Pins(3)=300.0, Dist=306.0, Win Bonus=0.0
[2026-05-22 11:14:29] SCORE CybSec (purple): Final=615.3, Time=93.3, Moves(22)=0.0, Pins(2)=200.0, Dist=322.0, Win Bonus=0.0
[2026-05-22 11:14:29] SCORE HelloWorld (red): Final=442.5, Time=94.5, Moves(8)=0.0, Pins(1)=100.0, Dist=248.0, Win Bonus=0.0
[2026-05-22 11:14:29] ALL WRONG MOVES BY COLOUR: {'red': ['45 (turn timeout)', '50 (turn timeout)', '55 (turn timeout)', '60 (turn timeout)', '65 (turn timeout)', '70 (turn timeout)', '75 (turn timeout)', '80 (turn timeout)', '85 (turn timeout)', '90 (turn timeout)', '95 (turn timeout)', '100 (turn timeout)', '105 (turn timeout)', '110 (turn timeout)']}
[2026-05-22 11:14:30] MOVE 114: CybSec (purple) 95->50 [0.02ms]
[2026-05-22 11:14:30] SCORE Gruppe 69 (lawn green): Final=849.4, Time=97.4, Moves(23)=0.0, Pins(4)=400.0, Dist=352.0, Win Bonus=0.0
[2026-05-22 11:14:30] SCORE jat (gray0): Final=826.6, Time=66.6, Moves(23)=0.0, Pins(4)=400.0, Dist=360.0, Win Bonus=0.0
[2026-05-22 11:14:30] SCORE group 99 (yellow): Final=676.8, Time=70.8, Moves(23)=0.0, Pins(3)=300.0, Dist=306.0, Win Bonus=0.0
[2026-05-22 11:14:30] SCORE CybSec (purple): Final=626.9, Time=92.9, Moves(23)=0.0, Pins(2)=200.0, Dist=334.0, Win Bonus=0.0
[2026-05-22 11:14:30] SCORE HelloWorld (red): Final=442.5, Time=94.5, Moves(8)=0.0, Pins(1)=100.0, Dist=248.0, Win Bonus=0.0
[2026-05-22 11:14:30] ALL WRONG MOVES BY COLOUR: {'red': ['45 (turn timeout)', '50 (turn timeout)', '55 (turn timeout)', '60 (turn timeout)', '65 (turn timeout)', '70 (turn timeout)', '75 (turn timeout)', '80 (turn timeout)', '85 (turn timeout)', '90 (turn timeout)', '95 (turn timeout)', '100 (turn timeout)', '105 (turn timeout)', '110 (turn timeout)']}
[2026-05-22 11:14:32] SCORE Gruppe 69 (lawn green): Final=849.4, Time=97.4, Moves(23)=0.0, Pins(4)=400.0, Dist=352.0, Win Bonus=0.0
[2026-05-22 11:14:32] SCORE jat (gray0): Final=826.6, Time=66.6, Moves(23)=0.0, Pins(4)=400.0, Dist=360.0, Win Bonus=0.0
[2026-05-22 11:14:32] SCORE group 99 (yellow): Final=676.8, Time=70.8, Moves(23)=0.0, Pins(3)=300.0, Dist=306.0, Win Bonus=0.0
[2026-05-22 11:14:32] SCORE CybSec (purple): Final=626.9, Time=92.9, Moves(23)=0.0, Pins(2)=200.0, Dist=334.0, Win Bonus=0.0
[2026-05-22 11:14:32] SCORE HelloWorld (red): Final=442.5, Time=94.5, Moves(8)=0.0, Pins(1)=100.0, Dist=248.0, Win Bonus=0.0
[2026-05-22 11:14:32] ALL WRONG MOVES BY COLOUR: {'red': ['45 (turn timeout)', '50 (turn timeout)', '55 (turn timeout)', '60 (turn timeout)', '65 (turn timeout)', '70 (turn timeout)', '75 (turn timeout)', '80 (turn timeout)', '85 (turn timeout)', '90 (turn timeout)', '95 (turn timeout)', '100 (turn timeout)', '105 (turn timeout)', '110 (turn timeout)', '115 (turn timeout)']}
[2026-05-22 11:14:32] TURN TIMEOUT: Player with colour red exceeded 2s at move 115. Turn skipped.
[2026-05-22 11:14:32] MOVE 116: Gruppe 69 (lawn green) 53->67 [0.00ms]
[2026-05-22 11:14:32] SCORE Gruppe 69 (lawn green): Final=861.3, Time=97.3, Moves(24)=0.0, Pins(4)=400.0, Dist=364.0, Win Bonus=0.0
[2026-05-22 11:14:32] SCORE jat (gray0): Final=826.6, Time=66.6, Moves(23)=0.0, Pins(4)=400.0, Dist=360.0, Win Bonus=0.0
[2026-05-22 11:14:32] SCORE group 99 (yellow): Final=676.8, Time=70.8, Moves(23)=0.0, Pins(3)=300.0, Dist=306.0, Win Bonus=0.0
[2026-05-22 11:14:32] SCORE CybSec (purple): Final=626.9, Time=92.9, Moves(23)=0.0, Pins(2)=200.0, Dist=334.0, Win Bonus=0.0
[2026-05-22 11:14:32] SCORE HelloWorld (red): Final=442.5, Time=94.5, Moves(8)=0.0, Pins(1)=100.0, Dist=248.0, Win Bonus=0.0
[2026-05-22 11:14:32] ALL WRONG MOVES BY COLOUR: {'red': ['45 (turn timeout)', '50 (turn timeout)', '55 (turn timeout)', '60 (turn timeout)', '65 (turn timeout)', '70 (turn timeout)', '75 (turn timeout)', '80 (turn timeout)', '85 (turn timeout)', '90 (turn timeout)', '95 (turn timeout)', '100 (turn timeout)', '105 (turn timeout)', '110 (turn timeout)', '115 (turn timeout)']}
[2026-05-22 11:14:33] MOVE 117: group 99 (yellow) 81->93 [0.00ms]
[2026-05-22 11:14:33] SCORE Gruppe 69 (lawn green): Final=861.3, Time=97.3, Moves(24)=0.0, Pins(4)=400.0, Dist=364.0, Win Bonus=0.0
[2026-05-22 11:14:33] SCORE jat (gray0): Final=826.6, Time=66.6, Moves(23)=0.0, Pins(4)=400.0, Dist=360.0, Win Bonus=0.0
[2026-05-22 11:14:33] SCORE group 99 (yellow): Final=677.4, Time=69.4, Moves(24)=0.0, Pins(3)=300.0, Dist=308.0, Win Bonus=0.0
[2026-05-22 11:14:33] SCORE CybSec (purple): Final=626.9, Time=92.9, Moves(23)=0.0, Pins(2)=200.0, Dist=334.0, Win Bonus=0.0
[2026-05-22 11:14:33] SCORE HelloWorld (red): Final=442.5, Time=94.5, Moves(8)=0.0, Pins(1)=100.0, Dist=248.0, Win Bonus=0.0
[2026-05-22 11:14:33] ALL WRONG MOVES BY COLOUR: {'red': ['45 (turn timeout)', '50 (turn timeout)', '55 (turn timeout)', '60 (turn timeout)', '65 (turn timeout)', '70 (turn timeout)', '75 (turn timeout)', '80 (turn timeout)', '85 (turn timeout)', '90 (turn timeout)', '95 (turn timeout)', '100 (turn timeout)', '105 (turn timeout)', '110 (turn timeout)', '115 (turn timeout)']}
[2026-05-22 11:14:35] MOVE 118: jat (gray0) 17->19 [0.00ms]
[2026-05-22 11:14:35] SCORE Gruppe 69 (lawn green): Final=861.3, Time=97.3, Moves(24)=0.0, Pins(4)=400.0, Dist=364.0, Win Bonus=0.0
[2026-05-22 11:14:35] SCORE jat (gray0): Final=929.2, Time=65.2, Moves(24)=0.0, Pins(5)=500.0, Dist=364.0, Win Bonus=0.0
[2026-05-22 11:14:35] SCORE group 99 (yellow): Final=677.4, Time=69.4, Moves(24)=0.0, Pins(3)=300.0, Dist=308.0, Win Bonus=0.0
[2026-05-22 11:14:35] SCORE CybSec (purple): Final=626.9, Time=92.9, Moves(23)=0.0, Pins(2)=200.0, Dist=334.0, Win Bonus=0.0
[2026-05-22 11:14:35] SCORE HelloWorld (red): Final=442.5, Time=94.5, Moves(8)=0.0, Pins(1)=100.0, Dist=248.0, Win Bonus=0.0
[2026-05-22 11:14:35] ALL WRONG MOVES BY COLOUR: {'red': ['45 (turn timeout)', '50 (turn timeout)', '55 (turn timeout)', '60 (turn timeout)', '65 (turn timeout)', '70 (turn timeout)', '75 (turn timeout)', '80 (turn timeout)', '85 (turn timeout)', '90 (turn timeout)', '95 (turn timeout)', '100 (turn timeout)', '105 (turn timeout)', '110 (turn timeout)', '115 (turn timeout)']}
[2026-05-22 11:14:35] MOVE 119: CybSec (purple) 27->46 [0.01ms]
[2026-05-22 11:14:35] SCORE Gruppe 69 (lawn green): Final=861.3, Time=97.3, Moves(24)=0.0, Pins(4)=400.0, Dist=364.0, Win Bonus=0.0
[2026-05-22 11:14:35] SCORE jat (gray0): Final=929.2, Time=65.2, Moves(24)=0.0, Pins(5)=500.0, Dist=364.0, Win Bonus=0.0
[2026-05-22 11:14:35] SCORE group 99 (yellow): Final=677.4, Time=69.4, Moves(24)=0.0, Pins(3)=300.0, Dist=308.0, Win Bonus=0.0
[2026-05-22 11:14:35] SCORE CybSec (purple): Final=730.5, Time=92.5, Moves(24)=0.0, Pins(3)=300.0, Dist=338.0, Win Bonus=0.0
[2026-05-22 11:14:35] SCORE HelloWorld (red): Final=442.5, Time=94.5, Moves(8)=0.0, Pins(1)=100.0, Dist=248.0, Win Bonus=0.0
[2026-05-22 11:14:35] ALL WRONG MOVES BY COLOUR: {'red': ['45 (turn timeout)', '50 (turn timeout)', '55 (turn timeout)', '60 (turn timeout)', '65 (turn timeout)', '70 (turn timeout)', '75 (turn timeout)', '80 (turn timeout)', '85 (turn timeout)', '90 (turn timeout)', '95 (turn timeout)', '100 (turn timeout)', '105 (turn timeout)', '110 (turn timeout)', '115 (turn timeout)']}
[2026-05-22 11:14:37] SCORE Gruppe 69 (lawn green): Final=861.3, Time=97.3, Moves(24)=0.0, Pins(4)=400.0, Dist=364.0, Win Bonus=0.0
[2026-05-22 11:14:37] SCORE jat (gray0): Final=929.2, Time=65.2, Moves(24)=0.0, Pins(5)=500.0, Dist=364.0, Win Bonus=0.0
[2026-05-22 11:14:37] SCORE group 99 (yellow): Final=677.4, Time=69.4, Moves(24)=0.0, Pins(3)=300.0, Dist=308.0, Win Bonus=0.0
[2026-05-22 11:14:37] SCORE CybSec (purple): Final=730.5, Time=92.5, Moves(24)=0.0, Pins(3)=300.0, Dist=338.0, Win Bonus=0.0
[2026-05-22 11:14:37] SCORE HelloWorld (red): Final=442.5, Time=94.5, Moves(8)=0.0, Pins(1)=100.0, Dist=248.0, Win Bonus=0.0
[2026-05-22 11:14:37] ALL WRONG MOVES BY COLOUR: {'red': ['45 (turn timeout)', '50 (turn timeout)', '55 (turn timeout)', '60 (turn timeout)', '65 (turn timeout)', '70 (turn timeout)', '75 (turn timeout)', '80 (turn timeout)', '85 (turn timeout)', '90 (turn timeout)', '95 (turn timeout)', '100 (turn timeout)', '105 (turn timeout)', '110 (turn timeout)', '115 (turn timeout)', '120 (turn timeout)']}
[2026-05-22 11:14:37] TURN TIMEOUT: Player with colour red exceeded 2s at move 120. Turn skipped.
[2026-05-22 11:14:37] MOVE 121: Gruppe 69 (lawn green) 115->75 [0.00ms]
[2026-05-22 11:14:37] SCORE Gruppe 69 (lawn green): Final=967.1, Time=97.1, Moves(25)=0.0, Pins(5)=500.0, Dist=370.0, Win Bonus=0.0
[2026-05-22 11:14:37] SCORE jat (gray0): Final=929.2, Time=65.2, Moves(24)=0.0, Pins(5)=500.0, Dist=364.0, Win Bonus=0.0
[2026-05-22 11:14:37] SCORE group 99 (yellow): Final=677.4, Time=69.4, Moves(24)=0.0, Pins(3)=300.0, Dist=308.0, Win Bonus=0.0
[2026-05-22 11:14:37] SCORE CybSec (purple): Final=730.5, Time=92.5, Moves(24)=0.0, Pins(3)=300.0, Dist=338.0, Win Bonus=0.0
[2026-05-22 11:14:37] SCORE HelloWorld (red): Final=442.5, Time=94.5, Moves(8)=0.0, Pins(1)=100.0, Dist=248.0, Win Bonus=0.0
[2026-05-22 11:14:37] ALL WRONG MOVES BY COLOUR: {'red': ['45 (turn timeout)', '50 (turn timeout)', '55 (turn timeout)', '60 (turn timeout)', '65 (turn timeout)', '70 (turn timeout)', '75 (turn timeout)', '80 (turn timeout)', '85 (turn timeout)', '90 (turn timeout)', '95 (turn timeout)', '100 (turn timeout)', '105 (turn timeout)', '110 (turn timeout)', '115 (turn timeout)', '120 (turn timeout)']}
[2026-05-22 11:14:39] MOVE 122: group 99 (yellow) 14->108 [0.00ms]
[2026-05-22 11:14:39] SCORE Gruppe 69 (lawn green): Final=967.1, Time=97.1, Moves(25)=0.0, Pins(5)=500.0, Dist=370.0, Win Bonus=0.0
[2026-05-22 11:14:39] SCORE jat (gray0): Final=929.2, Time=65.2, Moves(24)=0.0, Pins(5)=500.0, Dist=364.0, Win Bonus=0.0
[2026-05-22 11:14:39] SCORE group 99 (yellow): Final=794.2, Time=68.2, Moves(25)=0.0, Pins(4)=400.0, Dist=326.0, Win Bonus=0.0
[2026-05-22 11:14:39] SCORE CybSec (purple): Final=730.5, Time=92.5, Moves(24)=0.0, Pins(3)=300.0, Dist=338.0, Win Bonus=0.0
[2026-05-22 11:14:39] SCORE HelloWorld (red): Final=442.5, Time=94.5, Moves(8)=0.0, Pins(1)=100.0, Dist=248.0, Win Bonus=0.0
[2026-05-22 11:14:39] ALL WRONG MOVES BY COLOUR: {'red': ['45 (turn timeout)', '50 (turn timeout)', '55 (turn timeout)', '60 (turn timeout)', '65 (turn timeout)', '70 (turn timeout)', '75 (turn timeout)', '80 (turn timeout)', '85 (turn timeout)', '90 (turn timeout)', '95 (turn timeout)', '100 (turn timeout)', '105 (turn timeout)', '110 (turn timeout)', '115 (turn timeout)', '120 (turn timeout)']}
[2026-05-22 11:14:40] MOVE 123: jat (gray0) 39->40 [0.00ms]
[2026-05-22 11:14:40] SCORE Gruppe 69 (lawn green): Final=967.1, Time=97.1, Moves(25)=0.0, Pins(5)=500.0, Dist=370.0, Win Bonus=0.0
[2026-05-22 11:14:40] SCORE jat (gray0): Final=929.8, Time=63.8, Moves(25)=0.0, Pins(5)=500.0, Dist=366.0, Win Bonus=0.0
[2026-05-22 11:14:40] SCORE group 99 (yellow): Final=794.2, Time=68.2, Moves(25)=0.0, Pins(4)=400.0, Dist=326.0, Win Bonus=0.0
[2026-05-22 11:14:40] SCORE CybSec (purple): Final=730.5, Time=92.5, Moves(24)=0.0, Pins(3)=300.0, Dist=338.0, Win Bonus=0.0
[2026-05-22 11:14:40] SCORE HelloWorld (red): Final=442.5, Time=94.5, Moves(8)=0.0, Pins(1)=100.0, Dist=248.0, Win Bonus=0.0
[2026-05-22 11:14:40] ALL WRONG MOVES BY COLOUR: {'red': ['45 (turn timeout)', '50 (turn timeout)', '55 (turn timeout)', '60 (turn timeout)', '65 (turn timeout)', '70 (turn timeout)', '75 (turn timeout)', '80 (turn timeout)', '85 (turn timeout)', '90 (turn timeout)', '95 (turn timeout)', '100 (turn timeout)', '105 (turn timeout)', '110 (turn timeout)', '115 (turn timeout)', '120 (turn timeout)']}
[2026-05-22 11:14:40] MOVE 124: CybSec (purple) 29->27 [0.00ms]
[2026-05-22 11:14:40] SCORE Gruppe 69 (lawn green): Final=967.1, Time=97.1, Moves(25)=0.0, Pins(5)=500.0, Dist=370.0, Win Bonus=0.0
[2026-05-22 11:14:40] SCORE jat (gray0): Final=929.8, Time=63.8, Moves(25)=0.0, Pins(5)=500.0, Dist=366.0, Win Bonus=0.0
[2026-05-22 11:14:40] SCORE group 99 (yellow): Final=794.2, Time=68.2, Moves(25)=0.0, Pins(4)=400.0, Dist=326.0, Win Bonus=0.0
[2026-05-22 11:14:40] SCORE CybSec (purple): Final=734.1, Time=92.1, Moves(25)=0.0, Pins(3)=300.0, Dist=342.0, Win Bonus=0.0
[2026-05-22 11:14:40] SCORE HelloWorld (red): Final=442.5, Time=94.5, Moves(8)=0.0, Pins(1)=100.0, Dist=248.0, Win Bonus=0.0
[2026-05-22 11:14:40] ALL WRONG MOVES BY COLOUR: {'red': ['45 (turn timeout)', '50 (turn timeout)', '55 (turn timeout)', '60 (turn timeout)', '65 (turn timeout)', '70 (turn timeout)', '75 (turn timeout)', '80 (turn timeout)', '85 (turn timeout)', '90 (turn timeout)', '95 (turn timeout)', '100 (turn timeout)', '105 (turn timeout)', '110 (turn timeout)', '115 (turn timeout)', '120 (turn timeout)']}
[2026-05-22 11:14:42] SCORE Gruppe 69 (lawn green): Final=967.1, Time=97.1, Moves(25)=0.0, Pins(5)=500.0, Dist=370.0, Win Bonus=0.0
[2026-05-22 11:14:42] SCORE jat (gray0): Final=929.8, Time=63.8, Moves(25)=0.0, Pins(5)=500.0, Dist=366.0, Win Bonus=0.0
[2026-05-22 11:14:42] SCORE group 99 (yellow): Final=794.2, Time=68.2, Moves(25)=0.0, Pins(4)=400.0, Dist=326.0, Win Bonus=0.0
[2026-05-22 11:14:42] SCORE CybSec (purple): Final=734.1, Time=92.1, Moves(25)=0.0, Pins(3)=300.0, Dist=342.0, Win Bonus=0.0
[2026-05-22 11:14:42] SCORE HelloWorld (red): Final=442.5, Time=94.5, Moves(8)=0.0, Pins(1)=100.0, Dist=248.0, Win Bonus=0.0
[2026-05-22 11:14:42] ALL WRONG MOVES BY COLOUR: {'red': ['45 (turn timeout)', '50 (turn timeout)', '55 (turn timeout)', '60 (turn timeout)', '65 (turn timeout)', '70 (turn timeout)', '75 (turn timeout)', '80 (turn timeout)', '85 (turn timeout)', '90 (turn timeout)', '95 (turn timeout)', '100 (turn timeout)', '105 (turn timeout)', '110 (turn timeout)', '115 (turn timeout)', '120 (turn timeout)', '125 (turn timeout)']}
[2026-05-22 11:14:42] TURN TIMEOUT: Player with colour red exceeded 2s at move 125. Turn skipped.
[2026-05-22 11:14:43] MOVE 126: Gruppe 69 (lawn green) 67->77 [0.00ms]
[2026-05-22 11:14:43] SCORE Gruppe 69 (lawn green): Final=969.0, Time=97.0, Moves(26)=0.0, Pins(5)=500.0, Dist=372.0, Win Bonus=0.0
[2026-05-22 11:14:43] SCORE jat (gray0): Final=929.8, Time=63.8, Moves(25)=0.0, Pins(5)=500.0, Dist=366.0, Win Bonus=0.0
[2026-05-22 11:14:43] SCORE group 99 (yellow): Final=794.2, Time=68.2, Moves(25)=0.0, Pins(4)=400.0, Dist=326.0, Win Bonus=0.0
[2026-05-22 11:14:43] SCORE CybSec (purple): Final=734.1, Time=92.1, Moves(25)=0.0, Pins(3)=300.0, Dist=342.0, Win Bonus=0.0
[2026-05-22 11:14:43] SCORE HelloWorld (red): Final=442.5, Time=94.5, Moves(8)=0.0, Pins(1)=100.0, Dist=248.0, Win Bonus=0.0
[2026-05-22 11:14:43] ALL WRONG MOVES BY COLOUR: {'red': ['45 (turn timeout)', '50 (turn timeout)', '55 (turn timeout)', '60 (turn timeout)', '65 (turn timeout)', '70 (turn timeout)', '75 (turn timeout)', '80 (turn timeout)', '85 (turn timeout)', '90 (turn timeout)', '95 (turn timeout)', '100 (turn timeout)', '105 (turn timeout)', '110 (turn timeout)', '115 (turn timeout)', '120 (turn timeout)', '125 (turn timeout)']}
[2026-05-22 11:14:44] MOVE 127: group 99 (yellow) 93->95 [0.00ms]
[2026-05-22 11:14:44] SCORE Gruppe 69 (lawn green): Final=969.0, Time=97.0, Moves(26)=0.0, Pins(5)=500.0, Dist=372.0, Win Bonus=0.0
[2026-05-22 11:14:44] SCORE jat (gray0): Final=929.8, Time=63.8, Moves(25)=0.0, Pins(5)=500.0, Dist=366.0, Win Bonus=0.0
[2026-05-22 11:14:44] SCORE group 99 (yellow): Final=897.0, Time=67.0, Moves(26)=0.0, Pins(5)=500.0, Dist=330.0, Win Bonus=0.0
[2026-05-22 11:14:44] SCORE CybSec (purple): Final=734.1, Time=92.1, Moves(25)=0.0, Pins(3)=300.0, Dist=342.0, Win Bonus=0.0
[2026-05-22 11:14:44] SCORE HelloWorld (red): Final=442.5, Time=94.5, Moves(8)=0.0, Pins(1)=100.0, Dist=248.0, Win Bonus=0.0
[2026-05-22 11:14:44] ALL WRONG MOVES BY COLOUR: {'red': ['45 (turn timeout)', '50 (turn timeout)', '55 (turn timeout)', '60 (turn timeout)', '65 (turn timeout)', '70 (turn timeout)', '75 (turn timeout)', '80 (turn timeout)', '85 (turn timeout)', '90 (turn timeout)', '95 (turn timeout)', '100 (turn timeout)', '105 (turn timeout)', '110 (turn timeout)', '115 (turn timeout)', '120 (turn timeout)', '125 (turn timeout)']}
[2026-05-22 11:14:45] MOVE 128: jat (gray0) 40->42 [0.00ms]
[2026-05-22 11:14:45] SCORE Gruppe 69 (lawn green): Final=969.0, Time=97.0, Moves(26)=0.0, Pins(5)=500.0, Dist=372.0, Win Bonus=0.0
[2026-05-22 11:14:45] SCORE jat (gray0): Final=932.4, Time=62.4, Moves(26)=0.0, Pins(5)=500.0, Dist=370.0, Win Bonus=0.0
[2026-05-22 11:14:45] SCORE group 99 (yellow): Final=897.0, Time=67.0, Moves(26)=0.0, Pins(5)=500.0, Dist=330.0, Win Bonus=0.0
[2026-05-22 11:14:45] SCORE CybSec (purple): Final=734.1, Time=92.1, Moves(25)=0.0, Pins(3)=300.0, Dist=342.0, Win Bonus=0.0
[2026-05-22 11:14:45] SCORE HelloWorld (red): Final=442.5, Time=94.5, Moves(8)=0.0, Pins(1)=100.0, Dist=248.0, Win Bonus=0.0
[2026-05-22 11:14:45] ALL WRONG MOVES BY COLOUR: {'red': ['45 (turn timeout)', '50 (turn timeout)', '55 (turn timeout)', '60 (turn timeout)', '65 (turn timeout)', '70 (turn timeout)', '75 (turn timeout)', '80 (turn timeout)', '85 (turn timeout)', '90 (turn timeout)', '95 (turn timeout)', '100 (turn timeout)', '105 (turn timeout)', '110 (turn timeout)', '115 (turn timeout)', '120 (turn timeout)', '125 (turn timeout)']}
[2026-05-22 11:14:45] MOVE 129: CybSec (purple) 38->26 [0.00ms]
[2026-05-22 11:14:45] SCORE Gruppe 69 (lawn green): Final=969.0, Time=97.0, Moves(26)=0.0, Pins(5)=500.0, Dist=372.0, Win Bonus=0.0
[2026-05-22 11:14:45] SCORE jat (gray0): Final=932.4, Time=62.4, Moves(26)=0.0, Pins(5)=500.0, Dist=370.0, Win Bonus=0.0
[2026-05-22 11:14:45] SCORE group 99 (yellow): Final=897.0, Time=67.0, Moves(26)=0.0, Pins(5)=500.0, Dist=330.0, Win Bonus=0.0
[2026-05-22 11:14:45] SCORE CybSec (purple): Final=735.7, Time=91.7, Moves(26)=0.0, Pins(3)=300.0, Dist=344.0, Win Bonus=0.0
[2026-05-22 11:14:46] SCORE HelloWorld (red): Final=442.5, Time=94.5, Moves(8)=0.0, Pins(1)=100.0, Dist=248.0, Win Bonus=0.0
[2026-05-22 11:14:46] ALL WRONG MOVES BY COLOUR: {'red': ['45 (turn timeout)', '50 (turn timeout)', '55 (turn timeout)', '60 (turn timeout)', '65 (turn timeout)', '70 (turn timeout)', '75 (turn timeout)', '80 (turn timeout)', '85 (turn timeout)', '90 (turn timeout)', '95 (turn timeout)', '100 (turn timeout)', '105 (turn timeout)', '110 (turn timeout)', '115 (turn timeout)', '120 (turn timeout)', '125 (turn timeout)']}
[2026-05-22 11:14:48] SCORE Gruppe 69 (lawn green): Final=969.0, Time=97.0, Moves(26)=0.0, Pins(5)=500.0, Dist=372.0, Win Bonus=0.0
[2026-05-22 11:14:48] SCORE jat (gray0): Final=932.4, Time=62.4, Moves(26)=0.0, Pins(5)=500.0, Dist=370.0, Win Bonus=0.0
[2026-05-22 11:14:48] SCORE group 99 (yellow): Final=897.0, Time=67.0, Moves(26)=0.0, Pins(5)=500.0, Dist=330.0, Win Bonus=0.0
[2026-05-22 11:14:48] SCORE CybSec (purple): Final=735.7, Time=91.7, Moves(26)=0.0, Pins(3)=300.0, Dist=344.0, Win Bonus=0.0
[2026-05-22 11:14:48] SCORE HelloWorld (red): Final=442.5, Time=94.5, Moves(8)=0.0, Pins(1)=100.0, Dist=248.0, Win Bonus=0.0
[2026-05-22 11:14:48] ALL WRONG MOVES BY COLOUR: {'red': ['45 (turn timeout)', '50 (turn timeout)', '55 (turn timeout)', '60 (turn timeout)', '65 (turn timeout)', '70 (turn timeout)', '75 (turn timeout)', '80 (turn timeout)', '85 (turn timeout)', '90 (turn timeout)', '95 (turn timeout)', '100 (turn timeout)', '105 (turn timeout)', '110 (turn timeout)', '115 (turn timeout)', '120 (turn timeout)', '125 (turn timeout)', '130 (turn timeout)']}
[2026-05-22 11:14:48] TURN TIMEOUT: Player with colour red exceeded 2s at move 130. Turn skipped.
[2026-05-22 11:14:48] MOVE 131: Gruppe 69 (lawn green) 80->79 [0.00ms]
[2026-05-22 11:14:48] SCORE Gruppe 69 (lawn green): Final=971.0, Time=97.0, Moves(27)=0.0, Pins(5)=500.0, Dist=374.0, Win Bonus=0.0
[2026-05-22 11:14:48] SCORE jat (gray0): Final=932.4, Time=62.4, Moves(26)=0.0, Pins(5)=500.0, Dist=370.0, Win Bonus=0.0
[2026-05-22 11:14:48] SCORE group 99 (yellow): Final=897.0, Time=67.0, Moves(26)=0.0, Pins(5)=500.0, Dist=330.0, Win Bonus=0.0
[2026-05-22 11:14:48] SCORE CybSec (purple): Final=735.7, Time=91.7, Moves(26)=0.0, Pins(3)=300.0, Dist=344.0, Win Bonus=0.0
[2026-05-22 11:14:48] SCORE HelloWorld (red): Final=442.5, Time=94.5, Moves(8)=0.0, Pins(1)=100.0, Dist=248.0, Win Bonus=0.0
[2026-05-22 11:14:48] ALL WRONG MOVES BY COLOUR: {'red': ['45 (turn timeout)', '50 (turn timeout)', '55 (turn timeout)', '60 (turn timeout)', '65 (turn timeout)', '70 (turn timeout)', '75 (turn timeout)', '80 (turn timeout)', '85 (turn timeout)', '90 (turn timeout)', '95 (turn timeout)', '100 (turn timeout)', '105 (turn timeout)', '110 (turn timeout)', '115 (turn timeout)', '120 (turn timeout)', '125 (turn timeout)', '130 (turn timeout)']}
[2026-05-22 11:14:49] MOVE 132: group 99 (yellow) 66->67 [0.01ms]
[2026-05-22 11:14:49] SCORE Gruppe 69 (lawn green): Final=971.0, Time=97.0, Moves(27)=0.0, Pins(5)=500.0, Dist=374.0, Win Bonus=0.0
[2026-05-22 11:14:49] SCORE jat (gray0): Final=932.4, Time=62.4, Moves(26)=0.0, Pins(5)=500.0, Dist=370.0, Win Bonus=0.0
[2026-05-22 11:14:49] SCORE group 99 (yellow): Final=897.7, Time=65.7, Moves(27)=0.0, Pins(5)=500.0, Dist=332.0, Win Bonus=0.0
[2026-05-22 11:14:49] SCORE CybSec (purple): Final=735.7, Time=91.7, Moves(26)=0.0, Pins(3)=300.0, Dist=344.0, Win Bonus=0.0
[2026-05-22 11:14:49] SCORE HelloWorld (red): Final=442.5, Time=94.5, Moves(8)=0.0, Pins(1)=100.0, Dist=248.0, Win Bonus=0.0
[2026-05-22 11:14:49] ALL WRONG MOVES BY COLOUR: {'red': ['45 (turn timeout)', '50 (turn timeout)', '55 (turn timeout)', '60 (turn timeout)', '65 (turn timeout)', '70 (turn timeout)', '75 (turn timeout)', '80 (turn timeout)', '85 (turn timeout)', '90 (turn timeout)', '95 (turn timeout)', '100 (turn timeout)', '105 (turn timeout)', '110 (turn timeout)', '115 (turn timeout)', '120 (turn timeout)', '125 (turn timeout)', '130 (turn timeout)']}
[2026-05-22 11:14:50] MOVE 133: jat (gray0) 60->51 [0.00ms]
[2026-05-22 11:14:50] SCORE Gruppe 69 (lawn green): Final=971.0, Time=97.0, Moves(27)=0.0, Pins(5)=500.0, Dist=374.0, Win Bonus=0.0
[2026-05-22 11:14:50] SCORE jat (gray0): Final=933.0, Time=61.0, Moves(27)=0.0, Pins(5)=500.0, Dist=372.0, Win Bonus=0.0
[2026-05-22 11:14:50] SCORE group 99 (yellow): Final=897.7, Time=65.7, Moves(27)=0.0, Pins(5)=500.0, Dist=332.0, Win Bonus=0.0
[2026-05-22 11:14:50] SCORE CybSec (purple): Final=735.7, Time=91.7, Moves(26)=0.0, Pins(3)=300.0, Dist=344.0, Win Bonus=0.0
[2026-05-22 11:14:50] SCORE HelloWorld (red): Final=442.5, Time=94.5, Moves(8)=0.0, Pins(1)=100.0, Dist=248.0, Win Bonus=0.0
[2026-05-22 11:14:50] ALL WRONG MOVES BY COLOUR: {'red': ['45 (turn timeout)', '50 (turn timeout)', '55 (turn timeout)', '60 (turn timeout)', '65 (turn timeout)', '70 (turn timeout)', '75 (turn timeout)', '80 (turn timeout)', '85 (turn timeout)', '90 (turn timeout)', '95 (turn timeout)', '100 (turn timeout)', '105 (turn timeout)', '110 (turn timeout)', '115 (turn timeout)', '120 (turn timeout)', '125 (turn timeout)', '130 (turn timeout)']}
[2026-05-22 11:14:51] MOVE 134: CybSec (purple) 18->17 [0.00ms]
[2026-05-22 11:14:51] SCORE Gruppe 69 (lawn green): Final=971.0, Time=97.0, Moves(27)=0.0, Pins(5)=500.0, Dist=374.0, Win Bonus=0.0
[2026-05-22 11:14:51] SCORE jat (gray0): Final=933.0, Time=61.0, Moves(27)=0.0, Pins(5)=500.0, Dist=372.0, Win Bonus=0.0
[2026-05-22 11:14:51] SCORE group 99 (yellow): Final=897.7, Time=65.7, Moves(27)=0.0, Pins(5)=500.0, Dist=332.0, Win Bonus=0.0
[2026-05-22 11:14:51] SCORE CybSec (purple): Final=737.3, Time=91.3, Moves(27)=0.0, Pins(3)=300.0, Dist=346.0, Win Bonus=0.0
[2026-05-22 11:14:51] SCORE HelloWorld (red): Final=442.5, Time=94.5, Moves(8)=0.0, Pins(1)=100.0, Dist=248.0, Win Bonus=0.0
[2026-05-22 11:14:51] ALL WRONG MOVES BY COLOUR: {'red': ['45 (turn timeout)', '50 (turn timeout)', '55 (turn timeout)', '60 (turn timeout)', '65 (turn timeout)', '70 (turn timeout)', '75 (turn timeout)', '80 (turn timeout)', '85 (turn timeout)', '90 (turn timeout)', '95 (turn timeout)', '100 (turn timeout)', '105 (turn timeout)', '110 (turn timeout)', '115 (turn timeout)', '120 (turn timeout)', '125 (turn timeout)', '130 (turn timeout)']}
[2026-05-22 11:14:53] SCORE Gruppe 69 (lawn green): Final=971.0, Time=97.0, Moves(27)=0.0, Pins(5)=500.0, Dist=374.0, Win Bonus=0.0
[2026-05-22 11:14:53] SCORE jat (gray0): Final=933.0, Time=61.0, Moves(27)=0.0, Pins(5)=500.0, Dist=372.0, Win Bonus=0.0
[2026-05-22 11:14:53] SCORE group 99 (yellow): Final=897.7, Time=65.7, Moves(27)=0.0, Pins(5)=500.0, Dist=332.0, Win Bonus=0.0
[2026-05-22 11:14:53] SCORE CybSec (purple): Final=737.3, Time=91.3, Moves(27)=0.0, Pins(3)=300.0, Dist=346.0, Win Bonus=0.0
[2026-05-22 11:14:53] SCORE HelloWorld (red): Final=442.5, Time=94.5, Moves(8)=0.0, Pins(1)=100.0, Dist=248.0, Win Bonus=0.0
[2026-05-22 11:14:53] ALL WRONG MOVES BY COLOUR: {'red': ['45 (turn timeout)', '50 (turn timeout)', '55 (turn timeout)', '60 (turn timeout)', '65 (turn timeout)', '70 (turn timeout)', '75 (turn timeout)', '80 (turn timeout)', '85 (turn timeout)', '90 (turn timeout)', '95 (turn timeout)', '100 (turn timeout)', '105 (turn timeout)', '110 (turn timeout)', '115 (turn timeout)', '120 (turn timeout)', '125 (turn timeout)', '130 (turn timeout)', '135 (turn timeout)']}
[2026-05-22 11:14:53] TURN TIMEOUT: Player with colour red exceeded 2s at move 135. Turn skipped.
[2026-05-22 11:14:53] MOVE 136: Gruppe 69 (lawn green) 68->87 [0.00ms]
[2026-05-22 11:14:53] SCORE Gruppe 69 (lawn green): Final=1076.9, Time=96.9, Moves(28)=0.0, Pins(6)=600.0, Dist=380.0, Win Bonus=0.0
[2026-05-22 11:14:53] SCORE jat (gray0): Final=933.0, Time=61.0, Moves(27)=0.0, Pins(5)=500.0, Dist=372.0, Win Bonus=0.0
[2026-05-22 11:14:53] SCORE group 99 (yellow): Final=897.7, Time=65.7, Moves(27)=0.0, Pins(5)=500.0, Dist=332.0, Win Bonus=0.0
[2026-05-22 11:14:53] SCORE CybSec (purple): Final=737.3, Time=91.3, Moves(27)=0.0, Pins(3)=300.0, Dist=346.0, Win Bonus=0.0
[2026-05-22 11:14:53] SCORE HelloWorld (red): Final=442.5, Time=94.5, Moves(8)=0.0, Pins(1)=100.0, Dist=248.0, Win Bonus=0.0
[2026-05-22 11:14:53] ALL WRONG MOVES BY COLOUR: {'red': ['45 (turn timeout)', '50 (turn timeout)', '55 (turn timeout)', '60 (turn timeout)', '65 (turn timeout)', '70 (turn timeout)', '75 (turn timeout)', '80 (turn timeout)', '85 (turn timeout)', '90 (turn timeout)', '95 (turn timeout)', '100 (turn timeout)', '105 (turn timeout)', '110 (turn timeout)', '115 (turn timeout)', '120 (turn timeout)', '125 (turn timeout)', '130 (turn timeout)', '135 (turn timeout)']}
[2026-05-22 11:14:54] MOVE 137: group 99 (yellow) 16->60 [0.01ms]
[2026-05-22 11:14:54] SCORE Gruppe 69 (lawn green): Final=1076.9, Time=96.9, Moves(28)=0.0, Pins(6)=600.0, Dist=380.0, Win Bonus=0.0
[2026-05-22 11:14:54] SCORE jat (gray0): Final=933.0, Time=61.0, Moves(27)=0.0, Pins(5)=500.0, Dist=372.0, Win Bonus=0.0
[2026-05-22 11:14:54] SCORE group 99 (yellow): Final=900.3, Time=64.3, Moves(28)=0.0, Pins(5)=500.0, Dist=336.0, Win Bonus=0.0
[2026-05-22 11:14:54] SCORE CybSec (purple): Final=737.3, Time=91.3, Moves(27)=0.0, Pins(3)=300.0, Dist=346.0, Win Bonus=0.0
[2026-05-22 11:14:54] SCORE HelloWorld (red): Final=442.5, Time=94.5, Moves(8)=0.0, Pins(1)=100.0, Dist=248.0, Win Bonus=0.0
[2026-05-22 11:14:54] ALL WRONG MOVES BY COLOUR: {'red': ['45 (turn timeout)', '50 (turn timeout)', '55 (turn timeout)', '60 (turn timeout)', '65 (turn timeout)', '70 (turn timeout)', '75 (turn timeout)', '80 (turn timeout)', '85 (turn timeout)', '90 (turn timeout)', '95 (turn timeout)', '100 (turn timeout)', '105 (turn timeout)', '110 (turn timeout)', '115 (turn timeout)', '120 (turn timeout)', '125 (turn timeout)', '130 (turn timeout)', '135 (turn timeout)']}
[2026-05-22 11:14:56] MOVE 138: jat (gray0) 41->18 [0.00ms]
[2026-05-22 11:14:56] SCORE Gruppe 69 (lawn green): Final=1076.9, Time=96.9, Moves(28)=0.0, Pins(6)=600.0, Dist=380.0, Win Bonus=0.0
[2026-05-22 11:14:56] SCORE jat (gray0): Final=935.6, Time=59.6, Moves(28)=0.0, Pins(5)=500.0, Dist=376.0, Win Bonus=0.0
[2026-05-22 11:14:56] SCORE group 99 (yellow): Final=900.3, Time=64.3, Moves(28)=0.0, Pins(5)=500.0, Dist=336.0, Win Bonus=0.0
[2026-05-22 11:14:56] SCORE CybSec (purple): Final=737.3, Time=91.3, Moves(27)=0.0, Pins(3)=300.0, Dist=346.0, Win Bonus=0.0
[2026-05-22 11:14:56] SCORE HelloWorld (red): Final=442.5, Time=94.5, Moves(8)=0.0, Pins(1)=100.0, Dist=248.0, Win Bonus=0.0
[2026-05-22 11:14:56] ALL WRONG MOVES BY COLOUR: {'red': ['45 (turn timeout)', '50 (turn timeout)', '55 (turn timeout)', '60 (turn timeout)', '65 (turn timeout)', '70 (turn timeout)', '75 (turn timeout)', '80 (turn timeout)', '85 (turn timeout)', '90 (turn timeout)', '95 (turn timeout)', '100 (turn timeout)', '105 (turn timeout)', '110 (turn timeout)', '115 (turn timeout)', '120 (turn timeout)', '125 (turn timeout)', '130 (turn timeout)', '135 (turn timeout)']}
[2026-05-22 11:14:56] MOVE 139: CybSec (purple) 27->25 [0.00ms]
[2026-05-22 11:14:56] SCORE Gruppe 69 (lawn green): Final=1076.9, Time=96.9, Moves(28)=0.0, Pins(6)=600.0, Dist=380.0, Win Bonus=0.0
[2026-05-22 11:14:56] SCORE jat (gray0): Final=935.6, Time=59.6, Moves(28)=0.0, Pins(5)=500.0, Dist=376.0, Win Bonus=0.0
[2026-05-22 11:14:56] SCORE group 99 (yellow): Final=900.3, Time=64.3, Moves(28)=0.0, Pins(5)=500.0, Dist=336.0, Win Bonus=0.0
[2026-05-22 11:14:56] SCORE CybSec (purple): Final=841.0, Time=90.9, Moves(28)=0.0, Pins(4)=400.0, Dist=350.0, Win Bonus=0.0
[2026-05-22 11:14:56] SCORE HelloWorld (red): Final=442.5, Time=94.5, Moves(8)=0.0, Pins(1)=100.0, Dist=248.0, Win Bonus=0.0
[2026-05-22 11:14:56] ALL WRONG MOVES BY COLOUR: {'red': ['45 (turn timeout)', '50 (turn timeout)', '55 (turn timeout)', '60 (turn timeout)', '65 (turn timeout)', '70 (turn timeout)', '75 (turn timeout)', '80 (turn timeout)', '85 (turn timeout)', '90 (turn timeout)', '95 (turn timeout)', '100 (turn timeout)', '105 (turn timeout)', '110 (turn timeout)', '115 (turn timeout)', '120 (turn timeout)', '125 (turn timeout)', '130 (turn timeout)', '135 (turn timeout)']}
[2026-05-22 11:14:58] SCORE Gruppe 69 (lawn green): Final=1076.9, Time=96.9, Moves(28)=0.0, Pins(6)=600.0, Dist=380.0, Win Bonus=0.0
[2026-05-22 11:14:58] SCORE jat (gray0): Final=935.6, Time=59.6, Moves(28)=0.0, Pins(5)=500.0, Dist=376.0, Win Bonus=0.0
[2026-05-22 11:14:58] SCORE group 99 (yellow): Final=900.3, Time=64.3, Moves(28)=0.0, Pins(5)=500.0, Dist=336.0, Win Bonus=0.0
[2026-05-22 11:14:58] SCORE CybSec (purple): Final=841.0, Time=90.9, Moves(28)=0.0, Pins(4)=400.0, Dist=350.0, Win Bonus=0.0
[2026-05-22 11:14:58] SCORE HelloWorld (red): Final=442.5, Time=94.5, Moves(8)=0.0, Pins(1)=100.0, Dist=248.0, Win Bonus=0.0
[2026-05-22 11:14:58] ALL WRONG MOVES BY COLOUR: {'red': ['45 (turn timeout)', '50 (turn timeout)', '55 (turn timeout)', '60 (turn timeout)', '65 (turn timeout)', '70 (turn timeout)', '75 (turn timeout)', '80 (turn timeout)', '85 (turn timeout)', '90 (turn timeout)', '95 (turn timeout)', '100 (turn timeout)', '105 (turn timeout)', '110 (turn timeout)', '115 (turn timeout)', '120 (turn timeout)', '125 (turn timeout)', '130 (turn timeout)', '135 (turn timeout)', '140 (turn timeout)']}
[2026-05-22 11:14:58] TURN TIMEOUT: Player with colour red exceeded 2s at move 140. Turn skipped.
[2026-05-22 11:14:58] MOVE 141: Gruppe 69 (lawn green) 47->56 [0.00ms]
[2026-05-22 11:14:58] SCORE Gruppe 69 (lawn green): Final=1078.8, Time=96.8, Moves(29)=0.0, Pins(6)=600.0, Dist=382.0, Win Bonus=0.0
[2026-05-22 11:14:58] SCORE jat (gray0): Final=935.6, Time=59.6, Moves(28)=0.0, Pins(5)=500.0, Dist=376.0, Win Bonus=0.0
[2026-05-22 11:14:58] SCORE group 99 (yellow): Final=900.3, Time=64.3, Moves(28)=0.0, Pins(5)=500.0, Dist=336.0, Win Bonus=0.0
[2026-05-22 11:14:58] SCORE CybSec (purple): Final=841.0, Time=90.9, Moves(28)=0.0, Pins(4)=400.0, Dist=350.0, Win Bonus=0.0
[2026-05-22 11:14:58] SCORE HelloWorld (red): Final=442.5, Time=94.5, Moves(8)=0.0, Pins(1)=100.0, Dist=248.0, Win Bonus=0.0
[2026-05-22 11:14:58] ALL WRONG MOVES BY COLOUR: {'red': ['45 (turn timeout)', '50 (turn timeout)', '55 (turn timeout)', '60 (turn timeout)', '65 (turn timeout)', '70 (turn timeout)', '75 (turn timeout)', '80 (turn timeout)', '85 (turn timeout)', '90 (turn timeout)', '95 (turn timeout)', '100 (turn timeout)', '105 (turn timeout)', '110 (turn timeout)', '115 (turn timeout)', '120 (turn timeout)', '125 (turn timeout)', '130 (turn timeout)', '135 (turn timeout)', '140 (turn timeout)']}
[2026-05-22 11:14:59] MOVE 142: group 99 (yellow) 89->91 [0.00ms]
[2026-05-22 11:14:59] SCORE Gruppe 69 (lawn green): Final=1078.8, Time=96.8, Moves(29)=0.0, Pins(6)=600.0, Dist=382.0, Win Bonus=0.0
[2026-05-22 11:14:59] SCORE jat (gray0): Final=935.6, Time=59.6, Moves(28)=0.0, Pins(5)=500.0, Dist=376.0, Win Bonus=0.0
[2026-05-22 11:14:59] SCORE group 99 (yellow): Final=903.0, Time=63.0, Moves(29)=0.0, Pins(5)=500.0, Dist=340.0, Win Bonus=0.0
[2026-05-22 11:14:59] SCORE CybSec (purple): Final=841.0, Time=90.9, Moves(28)=0.0, Pins(4)=400.0, Dist=350.0, Win Bonus=0.0
[2026-05-22 11:14:59] SCORE HelloWorld (red): Final=442.5, Time=94.5, Moves(8)=0.0, Pins(1)=100.0, Dist=248.0, Win Bonus=0.0
[2026-05-22 11:14:59] ALL WRONG MOVES BY COLOUR: {'red': ['45 (turn timeout)', '50 (turn timeout)', '55 (turn timeout)', '60 (turn timeout)', '65 (turn timeout)', '70 (turn timeout)', '75 (turn timeout)', '80 (turn timeout)', '85 (turn timeout)', '90 (turn timeout)', '95 (turn timeout)', '100 (turn timeout)', '105 (turn timeout)', '110 (turn timeout)', '115 (turn timeout)', '120 (turn timeout)', '125 (turn timeout)', '130 (turn timeout)', '135 (turn timeout)', '140 (turn timeout)']}
[2026-05-22 11:15:01] MOVE 143: jat (gray0) 51->41 [0.00ms]
[2026-05-22 11:15:01] SCORE Gruppe 69 (lawn green): Final=1078.8, Time=96.8, Moves(29)=0.0, Pins(6)=600.0, Dist=382.0, Win Bonus=0.0
[2026-05-22 11:15:01] SCORE jat (gray0): Final=936.2, Time=58.1, Moves(29)=0.0, Pins(5)=500.0, Dist=378.0, Win Bonus=0.0
[2026-05-22 11:15:01] SCORE group 99 (yellow): Final=903.0, Time=63.0, Moves(29)=0.0, Pins(5)=500.0, Dist=340.0, Win Bonus=0.0
[2026-05-22 11:15:01] SCORE CybSec (purple): Final=841.0, Time=90.9, Moves(28)=0.0, Pins(4)=400.0, Dist=350.0, Win Bonus=0.0
[2026-05-22 11:15:01] SCORE HelloWorld (red): Final=442.5, Time=94.5, Moves(8)=0.0, Pins(1)=100.0, Dist=248.0, Win Bonus=0.0
[2026-05-22 11:15:01] ALL WRONG MOVES BY COLOUR: {'red': ['45 (turn timeout)', '50 (turn timeout)', '55 (turn timeout)', '60 (turn timeout)', '65 (turn timeout)', '70 (turn timeout)', '75 (turn timeout)', '80 (turn timeout)', '85 (turn timeout)', '90 (turn timeout)', '95 (turn timeout)', '100 (turn timeout)', '105 (turn timeout)', '110 (turn timeout)', '115 (turn timeout)', '120 (turn timeout)', '125 (turn timeout)', '130 (turn timeout)', '135 (turn timeout)', '140 (turn timeout)']}
[2026-05-22 11:15:01] MOVE 144: CybSec (purple) 50->66 [0.00ms]
[2026-05-22 11:15:01] SCORE Gruppe 69 (lawn green): Final=1078.8, Time=96.8, Moves(29)=0.0, Pins(6)=600.0, Dist=382.0, Win Bonus=0.0
[2026-05-22 11:15:01] SCORE jat (gray0): Final=936.2, Time=58.1, Moves(29)=0.0, Pins(5)=500.0, Dist=378.0, Win Bonus=0.0
[2026-05-22 11:15:01] SCORE group 99 (yellow): Final=903.0, Time=63.0, Moves(29)=0.0, Pins(5)=500.0, Dist=340.0, Win Bonus=0.0
[2026-05-22 11:15:01] SCORE CybSec (purple): Final=844.4, Time=90.4, Moves(29)=0.0, Pins(4)=400.0, Dist=354.0, Win Bonus=0.0
[2026-05-22 11:15:01] SCORE HelloWorld (red): Final=442.5, Time=94.5, Moves(8)=0.0, Pins(1)=100.0, Dist=248.0, Win Bonus=0.0
[2026-05-22 11:15:01] ALL WRONG MOVES BY COLOUR: {'red': ['45 (turn timeout)', '50 (turn timeout)', '55 (turn timeout)', '60 (turn timeout)', '65 (turn timeout)', '70 (turn timeout)', '75 (turn timeout)', '80 (turn timeout)', '85 (turn timeout)', '90 (turn timeout)', '95 (turn timeout)', '100 (turn timeout)', '105 (turn timeout)', '110 (turn timeout)', '115 (turn timeout)', '120 (turn timeout)', '125 (turn timeout)', '130 (turn timeout)', '135 (turn timeout)', '140 (turn timeout)']}
[2026-05-22 11:15:03] SCORE Gruppe 69 (lawn green): Final=1078.8, Time=96.8, Moves(29)=0.0, Pins(6)=600.0, Dist=382.0, Win Bonus=0.0
[2026-05-22 11:15:03] SCORE jat (gray0): Final=936.2, Time=58.1, Moves(29)=0.0, Pins(5)=500.0, Dist=378.0, Win Bonus=0.0
[2026-05-22 11:15:03] SCORE group 99 (yellow): Final=903.0, Time=63.0, Moves(29)=0.0, Pins(5)=500.0, Dist=340.0, Win Bonus=0.0
[2026-05-22 11:15:03] SCORE CybSec (purple): Final=844.4, Time=90.4, Moves(29)=0.0, Pins(4)=400.0, Dist=354.0, Win Bonus=0.0
[2026-05-22 11:15:03] SCORE HelloWorld (red): Final=442.5, Time=94.5, Moves(8)=0.0, Pins(1)=100.0, Dist=248.0, Win Bonus=0.0
[2026-05-22 11:15:03] ALL WRONG MOVES BY COLOUR: {'red': ['45 (turn timeout)', '50 (turn timeout)', '55 (turn timeout)', '60 (turn timeout)', '65 (turn timeout)', '70 (turn timeout)', '75 (turn timeout)', '80 (turn timeout)', '85 (turn timeout)', '90 (turn timeout)', '95 (turn timeout)', '100 (turn timeout)', '105 (turn timeout)', '110 (turn timeout)', '115 (turn timeout)', '120 (turn timeout)', '125 (turn timeout)', '130 (turn timeout)', '135 (turn timeout)', '140 (turn timeout)', '145 (turn timeout)']}
[2026-05-22 11:15:03] TURN TIMEOUT: Player with colour red exceeded 2s at move 145. Turn skipped.
[2026-05-22 11:15:04] MOVE 146: Gruppe 69 (lawn green) 59->68 [0.01ms]
[2026-05-22 11:15:04] SCORE Gruppe 69 (lawn green): Final=1080.8, Time=96.7, Moves(30)=0.1, Pins(6)=600.0, Dist=384.0, Win Bonus=0.0
[2026-05-22 11:15:04] SCORE jat (gray0): Final=936.2, Time=58.1, Moves(29)=0.0, Pins(5)=500.0, Dist=378.0, Win Bonus=0.0
[2026-05-22 11:15:04] SCORE group 99 (yellow): Final=903.0, Time=63.0, Moves(29)=0.0, Pins(5)=500.0, Dist=340.0, Win Bonus=0.0
[2026-05-22 11:15:04] SCORE CybSec (purple): Final=844.4, Time=90.4, Moves(29)=0.0, Pins(4)=400.0, Dist=354.0, Win Bonus=0.0
[2026-05-22 11:15:04] SCORE HelloWorld (red): Final=442.5, Time=94.5, Moves(8)=0.0, Pins(1)=100.0, Dist=248.0, Win Bonus=0.0
[2026-05-22 11:15:04] ALL WRONG MOVES BY COLOUR: {'red': ['45 (turn timeout)', '50 (turn timeout)', '55 (turn timeout)', '60 (turn timeout)', '65 (turn timeout)', '70 (turn timeout)', '75 (turn timeout)', '80 (turn timeout)', '85 (turn timeout)', '90 (turn timeout)', '95 (turn timeout)', '100 (turn timeout)', '105 (turn timeout)', '110 (turn timeout)', '115 (turn timeout)', '120 (turn timeout)', '125 (turn timeout)', '130 (turn timeout)', '135 (turn timeout)', '140 (turn timeout)', '145 (turn timeout)']}
[2026-05-22 11:15:05] MOVE 147: group 99 (yellow) 67->92 [0.00ms]
[2026-05-22 11:15:05] SCORE Gruppe 69 (lawn green): Final=1080.8, Time=96.7, Moves(30)=0.1, Pins(6)=600.0, Dist=384.0, Win Bonus=0.0
[2026-05-22 11:15:05] SCORE jat (gray0): Final=936.2, Time=58.1, Moves(29)=0.0, Pins(5)=500.0, Dist=378.0, Win Bonus=0.0
[2026-05-22 11:15:05] SCORE group 99 (yellow): Final=910.0, Time=61.9, Moves(30)=0.1, Pins(5)=500.0, Dist=348.0, Win Bonus=0.0
[2026-05-22 11:15:05] SCORE CybSec (purple): Final=844.4, Time=90.4, Moves(29)=0.0, Pins(4)=400.0, Dist=354.0, Win Bonus=0.0
[2026-05-22 11:15:05] SCORE HelloWorld (red): Final=442.5, Time=94.5, Moves(8)=0.0, Pins(1)=100.0, Dist=248.0, Win Bonus=0.0
[2026-05-22 11:15:05] ALL WRONG MOVES BY COLOUR: {'red': ['45 (turn timeout)', '50 (turn timeout)', '55 (turn timeout)', '60 (turn timeout)', '65 (turn timeout)', '70 (turn timeout)', '75 (turn timeout)', '80 (turn timeout)', '85 (turn timeout)', '90 (turn timeout)', '95 (turn timeout)', '100 (turn timeout)', '105 (turn timeout)', '110 (turn timeout)', '115 (turn timeout)', '120 (turn timeout)', '125 (turn timeout)', '130 (turn timeout)', '135 (turn timeout)', '140 (turn timeout)', '145 (turn timeout)']}
[2026-05-22 11:15:06] MOVE 148: jat (gray0) 42->31 [0.01ms]
[2026-05-22 11:15:06] SCORE Gruppe 69 (lawn green): Final=1080.8, Time=96.7, Moves(30)=0.1, Pins(6)=600.0, Dist=384.0, Win Bonus=0.0
[2026-05-22 11:15:06] SCORE jat (gray0): Final=936.8, Time=56.7, Moves(30)=0.1, Pins(5)=500.0, Dist=380.0, Win Bonus=0.0
[2026-05-22 11:15:06] SCORE group 99 (yellow): Final=910.0, Time=61.9, Moves(30)=0.1, Pins(5)=500.0, Dist=348.0, Win Bonus=0.0
[2026-05-22 11:15:06] SCORE CybSec (purple): Final=844.4, Time=90.4, Moves(29)=0.0, Pins(4)=400.0, Dist=354.0, Win Bonus=0.0
[2026-05-22 11:15:06] SCORE HelloWorld (red): Final=442.5, Time=94.5, Moves(8)=0.0, Pins(1)=100.0, Dist=248.0, Win Bonus=0.0
[2026-05-22 11:15:06] ALL WRONG MOVES BY COLOUR: {'red': ['45 (turn timeout)', '50 (turn timeout)', '55 (turn timeout)', '60 (turn timeout)', '65 (turn timeout)', '70 (turn timeout)', '75 (turn timeout)', '80 (turn timeout)', '85 (turn timeout)', '90 (turn timeout)', '95 (turn timeout)', '100 (turn timeout)', '105 (turn timeout)', '110 (turn timeout)', '115 (turn timeout)', '120 (turn timeout)', '125 (turn timeout)', '130 (turn timeout)', '135 (turn timeout)', '140 (turn timeout)', '145 (turn timeout)']}
[2026-05-22 11:15:07] MOVE 149: CybSec (purple) 17->16 [0.01ms]
[2026-05-22 11:15:07] SCORE Gruppe 69 (lawn green): Final=1080.8, Time=96.7, Moves(30)=0.1, Pins(6)=600.0, Dist=384.0, Win Bonus=0.0
[2026-05-22 11:15:07] SCORE jat (gray0): Final=936.8, Time=56.7, Moves(30)=0.1, Pins(5)=500.0, Dist=380.0, Win Bonus=0.0
[2026-05-22 11:15:07] SCORE group 99 (yellow): Final=910.0, Time=61.9, Moves(30)=0.1, Pins(5)=500.0, Dist=348.0, Win Bonus=0.0
[2026-05-22 11:15:07] SCORE CybSec (purple): Final=845.9, Time=89.8, Moves(30)=0.1, Pins(4)=400.0, Dist=356.0, Win Bonus=0.0
[2026-05-22 11:15:07] SCORE HelloWorld (red): Final=442.5, Time=94.5, Moves(8)=0.0, Pins(1)=100.0, Dist=248.0, Win Bonus=0.0
[2026-05-22 11:15:07] ALL WRONG MOVES BY COLOUR: {'red': ['45 (turn timeout)', '50 (turn timeout)', '55 (turn timeout)', '60 (turn timeout)', '65 (turn timeout)', '70 (turn timeout)', '75 (turn timeout)', '80 (turn timeout)', '85 (turn timeout)', '90 (turn timeout)', '95 (turn timeout)', '100 (turn timeout)', '105 (turn timeout)', '110 (turn timeout)', '115 (turn timeout)', '120 (turn timeout)', '125 (turn timeout)', '130 (turn timeout)', '135 (turn timeout)', '140 (turn timeout)', '145 (turn timeout)']}
[2026-05-22 11:15:09] SCORE Gruppe 69 (lawn green): Final=1080.8, Time=96.7, Moves(30)=0.1, Pins(6)=600.0, Dist=384.0, Win Bonus=0.0
[2026-05-22 11:15:09] SCORE jat (gray0): Final=936.8, Time=56.7, Moves(30)=0.1, Pins(5)=500.0, Dist=380.0, Win Bonus=0.0
[2026-05-22 11:15:09] SCORE group 99 (yellow): Final=910.0, Time=61.9, Moves(30)=0.1, Pins(5)=500.0, Dist=348.0, Win Bonus=0.0
[2026-05-22 11:15:09] SCORE CybSec (purple): Final=845.9, Time=89.8, Moves(30)=0.1, Pins(4)=400.0, Dist=356.0, Win Bonus=0.0
[2026-05-22 11:15:09] SCORE HelloWorld (red): Final=442.5, Time=94.5, Moves(8)=0.0, Pins(1)=100.0, Dist=248.0, Win Bonus=0.0
[2026-05-22 11:15:09] ALL WRONG MOVES BY COLOUR: {'red': ['45 (turn timeout)', '50 (turn timeout)', '55 (turn timeout)', '60 (turn timeout)', '65 (turn timeout)', '70 (turn timeout)', '75 (turn timeout)', '80 (turn timeout)', '85 (turn timeout)', '90 (turn timeout)', '95 (turn timeout)', '100 (turn timeout)', '105 (turn timeout)', '110 (turn timeout)', '115 (turn timeout)', '120 (turn timeout)', '125 (turn timeout)', '130 (turn timeout)', '135 (turn timeout)', '140 (turn timeout)', '145 (turn timeout)', '150 (turn timeout)']}
[2026-05-22 11:15:09] TURN TIMEOUT: Player with colour red exceeded 2s at move 150. Turn skipped.
[2026-05-22 11:15:09] MOVE 151: Gruppe 69 (lawn green) 68->89 [0.00ms]
[2026-05-22 11:15:09] SCORE Gruppe 69 (lawn green): Final=1084.9, Time=96.6, Moves(31)=0.2, Pins(6)=600.0, Dist=388.0, Win Bonus=0.0
[2026-05-22 11:15:09] SCORE jat (gray0): Final=936.8, Time=56.7, Moves(30)=0.1, Pins(5)=500.0, Dist=380.0, Win Bonus=0.0
[2026-05-22 11:15:09] SCORE group 99 (yellow): Final=910.0, Time=61.9, Moves(30)=0.1, Pins(5)=500.0, Dist=348.0, Win Bonus=0.0
[2026-05-22 11:15:09] SCORE CybSec (purple): Final=845.9, Time=89.8, Moves(30)=0.1, Pins(4)=400.0, Dist=356.0, Win Bonus=0.0
[2026-05-22 11:15:09] SCORE HelloWorld (red): Final=442.5, Time=94.5, Moves(8)=0.0, Pins(1)=100.0, Dist=248.0, Win Bonus=0.0
[2026-05-22 11:15:09] ALL WRONG MOVES BY COLOUR: {'red': ['45 (turn timeout)', '50 (turn timeout)', '55 (turn timeout)', '60 (turn timeout)', '65 (turn timeout)', '70 (turn timeout)', '75 (turn timeout)', '80 (turn timeout)', '85 (turn timeout)', '90 (turn timeout)', '95 (turn timeout)', '100 (turn timeout)', '105 (turn timeout)', '110 (turn timeout)', '115 (turn timeout)', '120 (turn timeout)', '125 (turn timeout)', '130 (turn timeout)', '135 (turn timeout)', '140 (turn timeout)', '145 (turn timeout)', '150 (turn timeout)']}
[2026-05-22 11:15:10] MOVE 152: group 99 (yellow) 91->93 [0.00ms]
[2026-05-22 11:15:10] SCORE Gruppe 69 (lawn green): Final=1084.9, Time=96.6, Moves(31)=0.2, Pins(6)=600.0, Dist=388.0, Win Bonus=0.0
[2026-05-22 11:15:10] SCORE jat (gray0): Final=936.8, Time=56.7, Moves(30)=0.1, Pins(5)=500.0, Dist=380.0, Win Bonus=0.0
[2026-05-22 11:15:10] SCORE group 99 (yellow): Final=913.0, Time=60.7, Moves(31)=0.2, Pins(5)=500.0, Dist=352.0, Win Bonus=0.0
[2026-05-22 11:15:10] SCORE CybSec (purple): Final=845.9, Time=89.8, Moves(30)=0.1, Pins(4)=400.0, Dist=356.0, Win Bonus=0.0
[2026-05-22 11:15:10] SCORE HelloWorld (red): Final=442.5, Time=94.5, Moves(8)=0.0, Pins(1)=100.0, Dist=248.0, Win Bonus=0.0
[2026-05-22 11:15:10] ALL WRONG MOVES BY COLOUR: {'red': ['45 (turn timeout)', '50 (turn timeout)', '55 (turn timeout)', '60 (turn timeout)', '65 (turn timeout)', '70 (turn timeout)', '75 (turn timeout)', '80 (turn timeout)', '85 (turn timeout)', '90 (turn timeout)', '95 (turn timeout)', '100 (turn timeout)', '105 (turn timeout)', '110 (turn timeout)', '115 (turn timeout)', '120 (turn timeout)', '125 (turn timeout)', '130 (turn timeout)', '135 (turn timeout)', '140 (turn timeout)', '145 (turn timeout)', '150 (turn timeout)']}
[2026-05-22 11:15:11] MOVE 153: jat (gray0) 31->33 [0.00ms]
[2026-05-22 11:15:11] SCORE Gruppe 69 (lawn green): Final=1084.9, Time=96.6, Moves(31)=0.2, Pins(6)=600.0, Dist=388.0, Win Bonus=0.0
[2026-05-22 11:15:11] SCORE jat (gray0): Final=1037.5, Time=55.3, Moves(31)=0.2, Pins(6)=600.0, Dist=382.0, Win Bonus=0.0
[2026-05-22 11:15:11] SCORE group 99 (yellow): Final=913.0, Time=60.7, Moves(31)=0.2, Pins(5)=500.0, Dist=352.0, Win Bonus=0.0
[2026-05-22 11:15:11] SCORE CybSec (purple): Final=845.9, Time=89.8, Moves(30)=0.1, Pins(4)=400.0, Dist=356.0, Win Bonus=0.0
[2026-05-22 11:15:11] SCORE HelloWorld (red): Final=442.5, Time=94.5, Moves(8)=0.0, Pins(1)=100.0, Dist=248.0, Win Bonus=0.0
[2026-05-22 11:15:11] ALL WRONG MOVES BY COLOUR: {'red': ['45 (turn timeout)', '50 (turn timeout)', '55 (turn timeout)', '60 (turn timeout)', '65 (turn timeout)', '70 (turn timeout)', '75 (turn timeout)', '80 (turn timeout)', '85 (turn timeout)', '90 (turn timeout)', '95 (turn timeout)', '100 (turn timeout)', '105 (turn timeout)', '110 (turn timeout)', '115 (turn timeout)', '120 (turn timeout)', '125 (turn timeout)', '130 (turn timeout)', '135 (turn timeout)', '140 (turn timeout)', '145 (turn timeout)', '150 (turn timeout)']}
[2026-05-22 11:15:12] MOVE 154: CybSec (purple) 16->12 [0.00ms]
[2026-05-22 11:15:12] SCORE Gruppe 69 (lawn green): Final=1084.9, Time=96.6, Moves(31)=0.2, Pins(6)=600.0, Dist=388.0, Win Bonus=0.0
[2026-05-22 11:15:12] SCORE jat (gray0): Final=1037.5, Time=55.3, Moves(31)=0.2, Pins(6)=600.0, Dist=382.0, Win Bonus=0.0
[2026-05-22 11:15:12] SCORE group 99 (yellow): Final=913.0, Time=60.7, Moves(31)=0.2, Pins(5)=500.0, Dist=352.0, Win Bonus=0.0
[2026-05-22 11:15:12] SCORE CybSec (purple): Final=951.6, Time=89.3, Moves(31)=0.2, Pins(5)=500.0, Dist=362.0, Win Bonus=0.0
[2026-05-22 11:15:12] SCORE HelloWorld (red): Final=442.5, Time=94.5, Moves(8)=0.0, Pins(1)=100.0, Dist=248.0, Win Bonus=0.0
[2026-05-22 11:15:12] ALL WRONG MOVES BY COLOUR: {'red': ['45 (turn timeout)', '50 (turn timeout)', '55 (turn timeout)', '60 (turn timeout)', '65 (turn timeout)', '70 (turn timeout)', '75 (turn timeout)', '80 (turn timeout)', '85 (turn timeout)', '90 (turn timeout)', '95 (turn timeout)', '100 (turn timeout)', '105 (turn timeout)', '110 (turn timeout)', '115 (turn timeout)', '120 (turn timeout)', '125 (turn timeout)', '130 (turn timeout)', '135 (turn timeout)', '140 (turn timeout)', '145 (turn timeout)', '150 (turn timeout)']}
[2026-05-22 11:15:14] SCORE Gruppe 69 (lawn green): Final=1084.9, Time=96.6, Moves(31)=0.2, Pins(6)=600.0, Dist=388.0, Win Bonus=0.0
[2026-05-22 11:15:14] SCORE jat (gray0): Final=1037.5, Time=55.3, Moves(31)=0.2, Pins(6)=600.0, Dist=382.0, Win Bonus=0.0
[2026-05-22 11:15:14] SCORE group 99 (yellow): Final=913.0, Time=60.7, Moves(31)=0.2, Pins(5)=500.0, Dist=352.0, Win Bonus=0.0
[2026-05-22 11:15:14] SCORE CybSec (purple): Final=951.6, Time=89.3, Moves(31)=0.2, Pins(5)=500.0, Dist=362.0, Win Bonus=0.0
[2026-05-22 11:15:14] SCORE HelloWorld (red): Final=442.5, Time=94.5, Moves(8)=0.0, Pins(1)=100.0, Dist=248.0, Win Bonus=0.0
[2026-05-22 11:15:14] ALL WRONG MOVES BY COLOUR: {'red': ['45 (turn timeout)', '50 (turn timeout)', '55 (turn timeout)', '60 (turn timeout)', '65 (turn timeout)', '70 (turn timeout)', '75 (turn timeout)', '80 (turn timeout)', '85 (turn timeout)', '90 (turn timeout)', '95 (turn timeout)', '100 (turn timeout)', '105 (turn timeout)', '110 (turn timeout)', '115 (turn timeout)', '120 (turn timeout)', '125 (turn timeout)', '130 (turn timeout)', '135 (turn timeout)', '140 (turn timeout)', '145 (turn timeout)', '150 (turn timeout)', '155 (turn timeout)']}
[2026-05-22 11:15:14] TURN TIMEOUT: Player with colour red exceeded 2s at move 155. Turn skipped.
[2026-05-22 11:15:14] MOVE 156: Gruppe 69 (lawn green) 79->90 [0.01ms]
[2026-05-22 11:15:14] SCORE Gruppe 69 (lawn green): Final=1087.1, Time=96.6, Moves(32)=0.5, Pins(6)=600.0, Dist=390.0, Win Bonus=0.0
[2026-05-22 11:15:14] SCORE jat (gray0): Final=1037.5, Time=55.3, Moves(31)=0.2, Pins(6)=600.0, Dist=382.0, Win Bonus=0.0
[2026-05-22 11:15:14] SCORE group 99 (yellow): Final=913.0, Time=60.7, Moves(31)=0.2, Pins(5)=500.0, Dist=352.0, Win Bonus=0.0
[2026-05-22 11:15:14] SCORE CybSec (purple): Final=951.6, Time=89.3, Moves(31)=0.2, Pins(5)=500.0, Dist=362.0, Win Bonus=0.0
[2026-05-22 11:15:14] SCORE HelloWorld (red): Final=442.5, Time=94.5, Moves(8)=0.0, Pins(1)=100.0, Dist=248.0, Win Bonus=0.0
[2026-05-22 11:15:14] ALL WRONG MOVES BY COLOUR: {'red': ['45 (turn timeout)', '50 (turn timeout)', '55 (turn timeout)', '60 (turn timeout)', '65 (turn timeout)', '70 (turn timeout)', '75 (turn timeout)', '80 (turn timeout)', '85 (turn timeout)', '90 (turn timeout)', '95 (turn timeout)', '100 (turn timeout)', '105 (turn timeout)', '110 (turn timeout)', '115 (turn timeout)', '120 (turn timeout)', '125 (turn timeout)', '130 (turn timeout)', '135 (turn timeout)', '140 (turn timeout)', '145 (turn timeout)', '150 (turn timeout)', '155 (turn timeout)']}
[2026-05-22 11:15:15] MOVE 157: group 99 (yellow) 55->64 [0.00ms]
[2026-05-22 11:15:15] SCORE Gruppe 69 (lawn green): Final=1087.1, Time=96.6, Moves(32)=0.5, Pins(6)=600.0, Dist=390.0, Win Bonus=0.0
[2026-05-22 11:15:15] SCORE jat (gray0): Final=1037.5, Time=55.3, Moves(31)=0.2, Pins(6)=600.0, Dist=382.0, Win Bonus=0.0
[2026-05-22 11:15:15] SCORE group 99 (yellow): Final=914.0, Time=59.5, Moves(32)=0.5, Pins(5)=500.0, Dist=354.0, Win Bonus=0.0
[2026-05-22 11:15:15] SCORE CybSec (purple): Final=951.6, Time=89.3, Moves(31)=0.2, Pins(5)=500.0, Dist=362.0, Win Bonus=0.0
[2026-05-22 11:15:15] SCORE HelloWorld (red): Final=442.5, Time=94.5, Moves(8)=0.0, Pins(1)=100.0, Dist=248.0, Win Bonus=0.0
[2026-05-22 11:15:15] ALL WRONG MOVES BY COLOUR: {'red': ['45 (turn timeout)', '50 (turn timeout)', '55 (turn timeout)', '60 (turn timeout)', '65 (turn timeout)', '70 (turn timeout)', '75 (turn timeout)', '80 (turn timeout)', '85 (turn timeout)', '90 (turn timeout)', '95 (turn timeout)', '100 (turn timeout)', '105 (turn timeout)', '110 (turn timeout)', '115 (turn timeout)', '120 (turn timeout)', '125 (turn timeout)', '130 (turn timeout)', '135 (turn timeout)', '140 (turn timeout)', '145 (turn timeout)', '150 (turn timeout)', '155 (turn timeout)']}
[2026-05-22 11:15:17] MOVE 158: jat (gray0) 83->73 [0.00ms]
[2026-05-22 11:15:17] SCORE Gruppe 69 (lawn green): Final=1087.1, Time=96.6, Moves(32)=0.5, Pins(6)=600.0, Dist=390.0, Win Bonus=0.0
[2026-05-22 11:15:17] SCORE jat (gray0): Final=1038.4, Time=53.9, Moves(32)=0.5, Pins(6)=600.0, Dist=384.0, Win Bonus=0.0
[2026-05-22 11:15:17] SCORE group 99 (yellow): Final=914.0, Time=59.5, Moves(32)=0.5, Pins(5)=500.0, Dist=354.0, Win Bonus=0.0
[2026-05-22 11:15:17] SCORE CybSec (purple): Final=951.6, Time=89.3, Moves(31)=0.2, Pins(5)=500.0, Dist=362.0, Win Bonus=0.0
[2026-05-22 11:15:17] SCORE HelloWorld (red): Final=442.5, Time=94.5, Moves(8)=0.0, Pins(1)=100.0, Dist=248.0, Win Bonus=0.0
[2026-05-22 11:15:17] ALL WRONG MOVES BY COLOUR: {'red': ['45 (turn timeout)', '50 (turn timeout)', '55 (turn timeout)', '60 (turn timeout)', '65 (turn timeout)', '70 (turn timeout)', '75 (turn timeout)', '80 (turn timeout)', '85 (turn timeout)', '90 (turn timeout)', '95 (turn timeout)', '100 (turn timeout)', '105 (turn timeout)', '110 (turn timeout)', '115 (turn timeout)', '120 (turn timeout)', '125 (turn timeout)', '130 (turn timeout)', '135 (turn timeout)', '140 (turn timeout)', '145 (turn timeout)', '150 (turn timeout)', '155 (turn timeout)']}
[2026-05-22 11:15:17] MOVE 159: CybSec (purple) 26->24 [0.01ms]
[2026-05-22 11:15:17] SCORE Gruppe 69 (lawn green): Final=1087.1, Time=96.6, Moves(32)=0.5, Pins(6)=600.0, Dist=390.0, Win Bonus=0.0
[2026-05-22 11:15:17] SCORE jat (gray0): Final=1038.4, Time=53.9, Moves(32)=0.5, Pins(6)=600.0, Dist=384.0, Win Bonus=0.0
[2026-05-22 11:15:17] SCORE group 99 (yellow): Final=914.0, Time=59.5, Moves(32)=0.5, Pins(5)=500.0, Dist=354.0, Win Bonus=0.0
[2026-05-22 11:15:17] SCORE CybSec (purple): Final=1053.4, Time=88.9, Moves(32)=0.5, Pins(6)=600.0, Dist=364.0, Win Bonus=0.0
[2026-05-22 11:15:17] SCORE HelloWorld (red): Final=442.5, Time=94.5, Moves(8)=0.0, Pins(1)=100.0, Dist=248.0, Win Bonus=0.0
[2026-05-22 11:15:17] ALL WRONG MOVES BY COLOUR: {'red': ['45 (turn timeout)', '50 (turn timeout)', '55 (turn timeout)', '60 (turn timeout)', '65 (turn timeout)', '70 (turn timeout)', '75 (turn timeout)', '80 (turn timeout)', '85 (turn timeout)', '90 (turn timeout)', '95 (turn timeout)', '100 (turn timeout)', '105 (turn timeout)', '110 (turn timeout)', '115 (turn timeout)', '120 (turn timeout)', '125 (turn timeout)', '130 (turn timeout)', '135 (turn timeout)', '140 (turn timeout)', '145 (turn timeout)', '150 (turn timeout)', '155 (turn timeout)']}
[2026-05-22 11:15:19] SCORE Gruppe 69 (lawn green): Final=1087.1, Time=96.6, Moves(32)=0.5, Pins(6)=600.0, Dist=390.0, Win Bonus=0.0
[2026-05-22 11:15:19] SCORE jat (gray0): Final=1038.4, Time=53.9, Moves(32)=0.5, Pins(6)=600.0, Dist=384.0, Win Bonus=0.0
[2026-05-22 11:15:19] SCORE group 99 (yellow): Final=914.0, Time=59.5, Moves(32)=0.5, Pins(5)=500.0, Dist=354.0, Win Bonus=0.0
[2026-05-22 11:15:19] SCORE CybSec (purple): Final=1053.4, Time=88.9, Moves(32)=0.5, Pins(6)=600.0, Dist=364.0, Win Bonus=0.0
[2026-05-22 11:15:19] SCORE HelloWorld (red): Final=442.5, Time=94.5, Moves(8)=0.0, Pins(1)=100.0, Dist=248.0, Win Bonus=0.0
[2026-05-22 11:15:19] ALL WRONG MOVES BY COLOUR: {'red': ['45 (turn timeout)', '50 (turn timeout)', '55 (turn timeout)', '60 (turn timeout)', '65 (turn timeout)', '70 (turn timeout)', '75 (turn timeout)', '80 (turn timeout)', '85 (turn timeout)', '90 (turn timeout)', '95 (turn timeout)', '100 (turn timeout)', '105 (turn timeout)', '110 (turn timeout)', '115 (turn timeout)', '120 (turn timeout)', '125 (turn timeout)', '130 (turn timeout)', '135 (turn timeout)', '140 (turn timeout)', '145 (turn timeout)', '150 (turn timeout)', '155 (turn timeout)', '160 (turn timeout)']}
[2026-05-22 11:15:19] TURN TIMEOUT: Player with colour red exceeded 2s at move 160. Turn skipped.
[2026-05-22 11:15:19] MOVE 161: Gruppe 69 (lawn green) 89->101 [0.01ms]
[2026-05-22 11:15:19] SCORE Gruppe 69 (lawn green): Final=1189.5, Time=96.4, Moves(33)=1.1, Pins(7)=700.0, Dist=392.0, Win Bonus=0.0
[2026-05-22 11:15:19] SCORE jat (gray0): Final=1038.4, Time=53.9, Moves(32)=0.5, Pins(6)=600.0, Dist=384.0, Win Bonus=0.0
[2026-05-22 11:15:19] SCORE group 99 (yellow): Final=914.0, Time=59.5, Moves(32)=0.5, Pins(5)=500.0, Dist=354.0, Win Bonus=0.0
[2026-05-22 11:15:19] SCORE CybSec (purple): Final=1053.4, Time=88.9, Moves(32)=0.5, Pins(6)=600.0, Dist=364.0, Win Bonus=0.0
[2026-05-22 11:15:19] SCORE HelloWorld (red): Final=442.5, Time=94.5, Moves(8)=0.0, Pins(1)=100.0, Dist=248.0, Win Bonus=0.0
[2026-05-22 11:15:19] ALL WRONG MOVES BY COLOUR: {'red': ['45 (turn timeout)', '50 (turn timeout)', '55 (turn timeout)', '60 (turn timeout)', '65 (turn timeout)', '70 (turn timeout)', '75 (turn timeout)', '80 (turn timeout)', '85 (turn timeout)', '90 (turn timeout)', '95 (turn timeout)', '100 (turn timeout)', '105 (turn timeout)', '110 (turn timeout)', '115 (turn timeout)', '120 (turn timeout)', '125 (turn timeout)', '130 (turn timeout)', '135 (turn timeout)', '140 (turn timeout)', '145 (turn timeout)', '150 (turn timeout)', '155 (turn timeout)', '160 (turn timeout)']}
[2026-05-22 11:15:20] MOVE 162: group 99 (yellow) 97->110 [0.01ms]
[2026-05-22 11:15:20] SCORE Gruppe 69 (lawn green): Final=1189.5, Time=96.4, Moves(33)=1.1, Pins(7)=700.0, Dist=392.0, Win Bonus=0.0
[2026-05-22 11:15:20] SCORE jat (gray0): Final=1038.4, Time=53.9, Moves(32)=0.5, Pins(6)=600.0, Dist=384.0, Win Bonus=0.0
[2026-05-22 11:15:20] SCORE group 99 (yellow): Final=913.5, Time=58.4, Moves(33)=1.1, Pins(5)=500.0, Dist=354.0, Win Bonus=0.0
[2026-05-22 11:15:20] SCORE CybSec (purple): Final=1053.4, Time=88.9, Moves(32)=0.5, Pins(6)=600.0, Dist=364.0, Win Bonus=0.0
[2026-05-22 11:15:20] SCORE HelloWorld (red): Final=442.5, Time=94.5, Moves(8)=0.0, Pins(1)=100.0, Dist=248.0, Win Bonus=0.0
[2026-05-22 11:15:20] ALL WRONG MOVES BY COLOUR: {'red': ['45 (turn timeout)', '50 (turn timeout)', '55 (turn timeout)', '60 (turn timeout)', '65 (turn timeout)', '70 (turn timeout)', '75 (turn timeout)', '80 (turn timeout)', '85 (turn timeout)', '90 (turn timeout)', '95 (turn timeout)', '100 (turn timeout)', '105 (turn timeout)', '110 (turn timeout)', '115 (turn timeout)', '120 (turn timeout)', '125 (turn timeout)', '130 (turn timeout)', '135 (turn timeout)', '140 (turn timeout)', '145 (turn timeout)', '150 (turn timeout)', '155 (turn timeout)', '160 (turn timeout)']}
[2026-05-22 11:15:22] MOVE 163: jat (gray0) 73->34 [0.01ms]
[2026-05-22 11:15:22] SCORE Gruppe 69 (lawn green): Final=1189.5, Time=96.4, Moves(33)=1.1, Pins(7)=700.0, Dist=392.0, Win Bonus=0.0
[2026-05-22 11:15:22] SCORE jat (gray0): Final=1141.5, Time=52.4, Moves(33)=1.1, Pins(7)=700.0, Dist=388.0, Win Bonus=0.0
[2026-05-22 11:15:22] SCORE group 99 (yellow): Final=913.5, Time=58.4, Moves(33)=1.1, Pins(5)=500.0, Dist=354.0, Win Bonus=0.0
[2026-05-22 11:15:22] SCORE CybSec (purple): Final=1053.4, Time=88.9, Moves(32)=0.5, Pins(6)=600.0, Dist=364.0, Win Bonus=0.0
[2026-05-22 11:15:22] SCORE HelloWorld (red): Final=442.5, Time=94.5, Moves(8)=0.0, Pins(1)=100.0, Dist=248.0, Win Bonus=0.0
[2026-05-22 11:15:22] ALL WRONG MOVES BY COLOUR: {'red': ['45 (turn timeout)', '50 (turn timeout)', '55 (turn timeout)', '60 (turn timeout)', '65 (turn timeout)', '70 (turn timeout)', '75 (turn timeout)', '80 (turn timeout)', '85 (turn timeout)', '90 (turn timeout)', '95 (turn timeout)', '100 (turn timeout)', '105 (turn timeout)', '110 (turn timeout)', '115 (turn timeout)', '120 (turn timeout)', '125 (turn timeout)', '130 (turn timeout)', '135 (turn timeout)', '140 (turn timeout)', '145 (turn timeout)', '150 (turn timeout)', '155 (turn timeout)', '160 (turn timeout)']}
[2026-05-22 11:15:22] MOVE 164: CybSec (purple) 62->52 [0.00ms]
[2026-05-22 11:15:22] SCORE Gruppe 69 (lawn green): Final=1189.5, Time=96.4, Moves(33)=1.1, Pins(7)=700.0, Dist=392.0, Win Bonus=0.0
[2026-05-22 11:15:22] SCORE jat (gray0): Final=1141.5, Time=52.4, Moves(33)=1.1, Pins(7)=700.0, Dist=388.0, Win Bonus=0.0
[2026-05-22 11:15:22] SCORE group 99 (yellow): Final=913.5, Time=58.4, Moves(33)=1.1, Pins(5)=500.0, Dist=354.0, Win Bonus=0.0
[2026-05-22 11:15:22] SCORE CybSec (purple): Final=1055.4, Time=88.3, Moves(33)=1.1, Pins(6)=600.0, Dist=366.0, Win Bonus=0.0
[2026-05-22 11:15:22] SCORE HelloWorld (red): Final=442.5, Time=94.5, Moves(8)=0.0, Pins(1)=100.0, Dist=248.0, Win Bonus=0.0
[2026-05-22 11:15:22] ALL WRONG MOVES BY COLOUR: {'red': ['45 (turn timeout)', '50 (turn timeout)', '55 (turn timeout)', '60 (turn timeout)', '65 (turn timeout)', '70 (turn timeout)', '75 (turn timeout)', '80 (turn timeout)', '85 (turn timeout)', '90 (turn timeout)', '95 (turn timeout)', '100 (turn timeout)', '105 (turn timeout)', '110 (turn timeout)', '115 (turn timeout)', '120 (turn timeout)', '125 (turn timeout)', '130 (turn timeout)', '135 (turn timeout)', '140 (turn timeout)', '145 (turn timeout)', '150 (turn timeout)', '155 (turn timeout)', '160 (turn timeout)']}
[2026-05-22 11:15:24] SCORE Gruppe 69 (lawn green): Final=1189.5, Time=96.4, Moves(33)=1.1, Pins(7)=700.0, Dist=392.0, Win Bonus=0.0
[2026-05-22 11:15:24] SCORE jat (gray0): Final=1141.5, Time=52.4, Moves(33)=1.1, Pins(7)=700.0, Dist=388.0, Win Bonus=0.0
[2026-05-22 11:15:24] SCORE group 99 (yellow): Final=913.5, Time=58.4, Moves(33)=1.1, Pins(5)=500.0, Dist=354.0, Win Bonus=0.0
[2026-05-22 11:15:24] SCORE CybSec (purple): Final=1055.4, Time=88.3, Moves(33)=1.1, Pins(6)=600.0, Dist=366.0, Win Bonus=0.0
[2026-05-22 11:15:24] SCORE HelloWorld (red): Final=442.5, Time=94.5, Moves(8)=0.0, Pins(1)=100.0, Dist=248.0, Win Bonus=0.0
[2026-05-22 11:15:24] ALL WRONG MOVES BY COLOUR: {'red': ['45 (turn timeout)', '50 (turn timeout)', '55 (turn timeout)', '60 (turn timeout)', '65 (turn timeout)', '70 (turn timeout)', '75 (turn timeout)', '80 (turn timeout)', '85 (turn timeout)', '90 (turn timeout)', '95 (turn timeout)', '100 (turn timeout)', '105 (turn timeout)', '110 (turn timeout)', '115 (turn timeout)', '120 (turn timeout)', '125 (turn timeout)', '130 (turn timeout)', '135 (turn timeout)', '140 (turn timeout)', '145 (turn timeout)', '150 (turn timeout)', '155 (turn timeout)', '160 (turn timeout)', '165 (turn timeout)']}
[2026-05-22 11:15:24] TURN TIMEOUT: Player with colour red exceeded 2s at move 165. Turn skipped.
[2026-05-22 11:15:25] MOVE 166: Gruppe 69 (lawn green) 90->89 [0.00ms]
[2026-05-22 11:15:25] SCORE Gruppe 69 (lawn green): Final=1192.6, Time=96.3, Moves(34)=2.3, Pins(7)=700.0, Dist=394.0, Win Bonus=0.0
[2026-05-22 11:15:25] SCORE jat (gray0): Final=1141.5, Time=52.4, Moves(33)=1.1, Pins(7)=700.0, Dist=388.0, Win Bonus=0.0
[2026-05-22 11:15:25] SCORE group 99 (yellow): Final=913.5, Time=58.4, Moves(33)=1.1, Pins(5)=500.0, Dist=354.0, Win Bonus=0.0
[2026-05-22 11:15:25] SCORE CybSec (purple): Final=1055.4, Time=88.3, Moves(33)=1.1, Pins(6)=600.0, Dist=366.0, Win Bonus=0.0
[2026-05-22 11:15:25] SCORE HelloWorld (red): Final=442.5, Time=94.5, Moves(8)=0.0, Pins(1)=100.0, Dist=248.0, Win Bonus=0.0
[2026-05-22 11:15:25] ALL WRONG MOVES BY COLOUR: {'red': ['45 (turn timeout)', '50 (turn timeout)', '55 (turn timeout)', '60 (turn timeout)', '65 (turn timeout)', '70 (turn timeout)', '75 (turn timeout)', '80 (turn timeout)', '85 (turn timeout)', '90 (turn timeout)', '95 (turn timeout)', '100 (turn timeout)', '105 (turn timeout)', '110 (turn timeout)', '115 (turn timeout)', '120 (turn timeout)', '125 (turn timeout)', '130 (turn timeout)', '135 (turn timeout)', '140 (turn timeout)', '145 (turn timeout)', '150 (turn timeout)', '155 (turn timeout)', '160 (turn timeout)', '165 (turn timeout)']}
[2026-05-22 11:15:26] MOVE 167: group 99 (yellow) 64->85 [0.01ms]
[2026-05-22 11:15:26] SCORE Gruppe 69 (lawn green): Final=1192.6, Time=96.3, Moves(34)=2.3, Pins(7)=700.0, Dist=394.0, Win Bonus=0.0
[2026-05-22 11:15:26] SCORE jat (gray0): Final=1141.5, Time=52.4, Moves(33)=1.1, Pins(7)=700.0, Dist=388.0, Win Bonus=0.0
[2026-05-22 11:15:26] SCORE group 99 (yellow): Final=1015.6, Time=57.3, Moves(34)=2.3, Pins(6)=600.0, Dist=356.0, Win Bonus=0.0
[2026-05-22 11:15:26] SCORE CybSec (purple): Final=1055.4, Time=88.3, Moves(33)=1.1, Pins(6)=600.0, Dist=366.0, Win Bonus=0.0
[2026-05-22 11:15:26] SCORE HelloWorld (red): Final=442.5, Time=94.5, Moves(8)=0.0, Pins(1)=100.0, Dist=248.0, Win Bonus=0.0
[2026-05-22 11:15:26] ALL WRONG MOVES BY COLOUR: {'red': ['45 (turn timeout)', '50 (turn timeout)', '55 (turn timeout)', '60 (turn timeout)', '65 (turn timeout)', '70 (turn timeout)', '75 (turn timeout)', '80 (turn timeout)', '85 (turn timeout)', '90 (turn timeout)', '95 (turn timeout)', '100 (turn timeout)', '105 (turn timeout)', '110 (turn timeout)', '115 (turn timeout)', '120 (turn timeout)', '125 (turn timeout)', '130 (turn timeout)', '135 (turn timeout)', '140 (turn timeout)', '145 (turn timeout)', '150 (turn timeout)', '155 (turn timeout)', '160 (turn timeout)', '165 (turn timeout)']}
[2026-05-22 11:15:27] MOVE 168: jat (gray0) 41->42 [0.01ms]
[2026-05-22 11:15:27] SCORE Gruppe 69 (lawn green): Final=1192.6, Time=96.3, Moves(34)=2.3, Pins(7)=700.0, Dist=394.0, Win Bonus=0.0
[2026-05-22 11:15:27] SCORE jat (gray0): Final=1143.3, Time=51.1, Moves(34)=2.3, Pins(7)=700.0, Dist=390.0, Win Bonus=0.0
[2026-05-22 11:15:27] SCORE group 99 (yellow): Final=1015.6, Time=57.3, Moves(34)=2.3, Pins(6)=600.0, Dist=356.0, Win Bonus=0.0
[2026-05-22 11:15:27] SCORE CybSec (purple): Final=1055.4, Time=88.3, Moves(33)=1.1, Pins(6)=600.0, Dist=366.0, Win Bonus=0.0
[2026-05-22 11:15:27] SCORE HelloWorld (red): Final=442.5, Time=94.5, Moves(8)=0.0, Pins(1)=100.0, Dist=248.0, Win Bonus=0.0
[2026-05-22 11:15:27] ALL WRONG MOVES BY COLOUR: {'red': ['45 (turn timeout)', '50 (turn timeout)', '55 (turn timeout)', '60 (turn timeout)', '65 (turn timeout)', '70 (turn timeout)', '75 (turn timeout)', '80 (turn timeout)', '85 (turn timeout)', '90 (turn timeout)', '95 (turn timeout)', '100 (turn timeout)', '105 (turn timeout)', '110 (turn timeout)', '115 (turn timeout)', '120 (turn timeout)', '125 (turn timeout)', '130 (turn timeout)', '135 (turn timeout)', '140 (turn timeout)', '145 (turn timeout)', '150 (turn timeout)', '155 (turn timeout)', '160 (turn timeout)', '165 (turn timeout)']}
[2026-05-22 11:15:28] MOVE 169: CybSec (purple) 52->29 [0.01ms]
[2026-05-22 11:15:28] SCORE Gruppe 69 (lawn green): Final=1192.6, Time=96.3, Moves(34)=2.3, Pins(7)=700.0, Dist=394.0, Win Bonus=0.0
[2026-05-22 11:15:28] SCORE jat (gray0): Final=1143.3, Time=51.1, Moves(34)=2.3, Pins(7)=700.0, Dist=390.0, Win Bonus=0.0
[2026-05-22 11:15:28] SCORE group 99 (yellow): Final=1015.6, Time=57.3, Moves(34)=2.3, Pins(6)=600.0, Dist=356.0, Win Bonus=0.0
[2026-05-22 11:15:28] SCORE CybSec (purple): Final=1060.1, Time=87.8, Moves(34)=2.3, Pins(6)=600.0, Dist=370.0, Win Bonus=0.0
[2026-05-22 11:15:28] SCORE HelloWorld (red): Final=442.5, Time=94.5, Moves(8)=0.0, Pins(1)=100.0, Dist=248.0, Win Bonus=0.0
[2026-05-22 11:15:28] ALL WRONG MOVES BY COLOUR: {'red': ['45 (turn timeout)', '50 (turn timeout)', '55 (turn timeout)', '60 (turn timeout)', '65 (turn timeout)', '70 (turn timeout)', '75 (turn timeout)', '80 (turn timeout)', '85 (turn timeout)', '90 (turn timeout)', '95 (turn timeout)', '100 (turn timeout)', '105 (turn timeout)', '110 (turn timeout)', '115 (turn timeout)', '120 (turn timeout)', '125 (turn timeout)', '130 (turn timeout)', '135 (turn timeout)', '140 (turn timeout)', '145 (turn timeout)', '150 (turn timeout)', '155 (turn timeout)', '160 (turn timeout)', '165 (turn timeout)']}
[2026-05-22 11:15:30] SCORE Gruppe 69 (lawn green): Final=1192.6, Time=96.3, Moves(34)=2.3, Pins(7)=700.0, Dist=394.0, Win Bonus=0.0
[2026-05-22 11:15:30] SCORE jat (gray0): Final=1143.3, Time=51.1, Moves(34)=2.3, Pins(7)=700.0, Dist=390.0, Win Bonus=0.0
[2026-05-22 11:15:30] SCORE group 99 (yellow): Final=1015.6, Time=57.3, Moves(34)=2.3, Pins(6)=600.0, Dist=356.0, Win Bonus=0.0
[2026-05-22 11:15:30] SCORE CybSec (purple): Final=1060.1, Time=87.8, Moves(34)=2.3, Pins(6)=600.0, Dist=370.0, Win Bonus=0.0
[2026-05-22 11:15:30] SCORE HelloWorld (red): Final=442.5, Time=94.5, Moves(8)=0.0, Pins(1)=100.0, Dist=248.0, Win Bonus=0.0
[2026-05-22 11:15:30] ALL WRONG MOVES BY COLOUR: {'red': ['45 (turn timeout)', '50 (turn timeout)', '55 (turn timeout)', '60 (turn timeout)', '65 (turn timeout)', '70 (turn timeout)', '75 (turn timeout)', '80 (turn timeout)', '85 (turn timeout)', '90 (turn timeout)', '95 (turn timeout)', '100 (turn timeout)', '105 (turn timeout)', '110 (turn timeout)', '115 (turn timeout)', '120 (turn timeout)', '125 (turn timeout)', '130 (turn timeout)', '135 (turn timeout)', '140 (turn timeout)', '145 (turn timeout)', '150 (turn timeout)', '155 (turn timeout)', '160 (turn timeout)', '165 (turn timeout)', '170 (turn timeout)']}
[2026-05-22 11:15:30] TURN TIMEOUT: Player with colour red exceeded 2s at move 170. Turn skipped.
[2026-05-22 11:15:30] MOVE 171: Gruppe 69 (lawn green) 75->86 [0.01ms]
[2026-05-22 11:15:30] SCORE Gruppe 69 (lawn green): Final=1194.5, Time=96.1, Moves(35)=4.4, Pins(7)=700.0, Dist=394.0, Win Bonus=0.0
[2026-05-22 11:15:30] SCORE jat (gray0): Final=1143.3, Time=51.1, Moves(34)=2.3, Pins(7)=700.0, Dist=390.0, Win Bonus=0.0
[2026-05-22 11:15:30] SCORE group 99 (yellow): Final=1015.6, Time=57.3, Moves(34)=2.3, Pins(6)=600.0, Dist=356.0, Win Bonus=0.0
[2026-05-22 11:15:30] SCORE CybSec (purple): Final=1060.1, Time=87.8, Moves(34)=2.3, Pins(6)=600.0, Dist=370.0, Win Bonus=0.0
[2026-05-22 11:15:30] SCORE HelloWorld (red): Final=442.5, Time=94.5, Moves(8)=0.0, Pins(1)=100.0, Dist=248.0, Win Bonus=0.0
[2026-05-22 11:15:30] ALL WRONG MOVES BY COLOUR: {'red': ['45 (turn timeout)', '50 (turn timeout)', '55 (turn timeout)', '60 (turn timeout)', '65 (turn timeout)', '70 (turn timeout)', '75 (turn timeout)', '80 (turn timeout)', '85 (turn timeout)', '90 (turn timeout)', '95 (turn timeout)', '100 (turn timeout)', '105 (turn timeout)', '110 (turn timeout)', '115 (turn timeout)', '120 (turn timeout)', '125 (turn timeout)', '130 (turn timeout)', '135 (turn timeout)', '140 (turn timeout)', '145 (turn timeout)', '150 (turn timeout)', '155 (turn timeout)', '160 (turn timeout)', '165 (turn timeout)', '170 (turn timeout)']}
[2026-05-22 11:15:31] MOVE 172: group 99 (yellow) 11->36 [0.01ms]
[2026-05-22 11:15:31] SCORE Gruppe 69 (lawn green): Final=1194.5, Time=96.1, Moves(35)=4.4, Pins(7)=700.0, Dist=394.0, Win Bonus=0.0
[2026-05-22 11:15:31] SCORE jat (gray0): Final=1143.3, Time=51.1, Moves(34)=2.3, Pins(7)=700.0, Dist=390.0, Win Bonus=0.0
[2026-05-22 11:15:31] SCORE group 99 (yellow): Final=1020.4, Time=56.0, Moves(35)=4.4, Pins(6)=600.0, Dist=360.0, Win Bonus=0.0
[2026-05-22 11:15:31] SCORE CybSec (purple): Final=1060.1, Time=87.8, Moves(34)=2.3, Pins(6)=600.0, Dist=370.0, Win Bonus=0.0
[2026-05-22 11:15:31] SCORE HelloWorld (red): Final=442.5, Time=94.5, Moves(8)=0.0, Pins(1)=100.0, Dist=248.0, Win Bonus=0.0
[2026-05-22 11:15:31] ALL WRONG MOVES BY COLOUR: {'red': ['45 (turn timeout)', '50 (turn timeout)', '55 (turn timeout)', '60 (turn timeout)', '65 (turn timeout)', '70 (turn timeout)', '75 (turn timeout)', '80 (turn timeout)', '85 (turn timeout)', '90 (turn timeout)', '95 (turn timeout)', '100 (turn timeout)', '105 (turn timeout)', '110 (turn timeout)', '115 (turn timeout)', '120 (turn timeout)', '125 (turn timeout)', '130 (turn timeout)', '135 (turn timeout)', '140 (turn timeout)', '145 (turn timeout)', '150 (turn timeout)', '155 (turn timeout)', '160 (turn timeout)', '165 (turn timeout)', '170 (turn timeout)']}
[2026-05-22 11:15:32] MOVE 173: jat (gray0) 42->31 [0.01ms]
[2026-05-22 11:15:32] SCORE Gruppe 69 (lawn green): Final=1194.5, Time=96.1, Moves(35)=4.4, Pins(7)=700.0, Dist=394.0, Win Bonus=0.0
[2026-05-22 11:15:32] SCORE jat (gray0): Final=1146.1, Time=49.7, Moves(35)=4.4, Pins(7)=700.0, Dist=392.0, Win Bonus=0.0
[2026-05-22 11:15:32] SCORE group 99 (yellow): Final=1020.4, Time=56.0, Moves(35)=4.4, Pins(6)=600.0, Dist=360.0, Win Bonus=0.0
[2026-05-22 11:15:32] SCORE CybSec (purple): Final=1060.1, Time=87.8, Moves(34)=2.3, Pins(6)=600.0, Dist=370.0, Win Bonus=0.0
[2026-05-22 11:15:32] SCORE HelloWorld (red): Final=442.5, Time=94.5, Moves(8)=0.0, Pins(1)=100.0, Dist=248.0, Win Bonus=0.0
[2026-05-22 11:15:32] ALL WRONG MOVES BY COLOUR: {'red': ['45 (turn timeout)', '50 (turn timeout)', '55 (turn timeout)', '60 (turn timeout)', '65 (turn timeout)', '70 (turn timeout)', '75 (turn timeout)', '80 (turn timeout)', '85 (turn timeout)', '90 (turn timeout)', '95 (turn timeout)', '100 (turn timeout)', '105 (turn timeout)', '110 (turn timeout)', '115 (turn timeout)', '120 (turn timeout)', '125 (turn timeout)', '130 (turn timeout)', '135 (turn timeout)', '140 (turn timeout)', '145 (turn timeout)', '150 (turn timeout)', '155 (turn timeout)', '160 (turn timeout)', '165 (turn timeout)', '170 (turn timeout)']}
[2026-05-22 11:15:33] MOVE 174: CybSec (purple) 43->42 [0.01ms]
[2026-05-22 11:15:33] SCORE Gruppe 69 (lawn green): Final=1194.5, Time=96.1, Moves(35)=4.4, Pins(7)=700.0, Dist=394.0, Win Bonus=0.0
[2026-05-22 11:15:33] SCORE jat (gray0): Final=1146.1, Time=49.7, Moves(35)=4.4, Pins(7)=700.0, Dist=392.0, Win Bonus=0.0
[2026-05-22 11:15:33] SCORE group 99 (yellow): Final=1020.4, Time=56.0, Moves(35)=4.4, Pins(6)=600.0, Dist=360.0, Win Bonus=0.0
[2026-05-22 11:15:33] SCORE CybSec (purple): Final=1063.6, Time=87.2, Moves(35)=4.4, Pins(6)=600.0, Dist=372.0, Win Bonus=0.0
[2026-05-22 11:15:33] SCORE HelloWorld (red): Final=442.5, Time=94.5, Moves(8)=0.0, Pins(1)=100.0, Dist=248.0, Win Bonus=0.0
[2026-05-22 11:15:33] ALL WRONG MOVES BY COLOUR: {'red': ['45 (turn timeout)', '50 (turn timeout)', '55 (turn timeout)', '60 (turn timeout)', '65 (turn timeout)', '70 (turn timeout)', '75 (turn timeout)', '80 (turn timeout)', '85 (turn timeout)', '90 (turn timeout)', '95 (turn timeout)', '100 (turn timeout)', '105 (turn timeout)', '110 (turn timeout)', '115 (turn timeout)', '120 (turn timeout)', '125 (turn timeout)', '130 (turn timeout)', '135 (turn timeout)', '140 (turn timeout)', '145 (turn timeout)', '150 (turn timeout)', '155 (turn timeout)', '160 (turn timeout)', '165 (turn timeout)', '170 (turn timeout)']}
[2026-05-22 11:15:35] SCORE Gruppe 69 (lawn green): Final=1194.5, Time=96.1, Moves(35)=4.4, Pins(7)=700.0, Dist=394.0, Win Bonus=0.0
[2026-05-22 11:15:35] SCORE jat (gray0): Final=1146.1, Time=49.7, Moves(35)=4.4, Pins(7)=700.0, Dist=392.0, Win Bonus=0.0
[2026-05-22 11:15:35] SCORE group 99 (yellow): Final=1020.4, Time=56.0, Moves(35)=4.4, Pins(6)=600.0, Dist=360.0, Win Bonus=0.0
[2026-05-22 11:15:35] SCORE CybSec (purple): Final=1063.6, Time=87.2, Moves(35)=4.4, Pins(6)=600.0, Dist=372.0, Win Bonus=0.0
[2026-05-22 11:15:35] SCORE HelloWorld (red): Final=442.5, Time=94.5, Moves(8)=0.0, Pins(1)=100.0, Dist=248.0, Win Bonus=0.0
[2026-05-22 11:15:35] ALL WRONG MOVES BY COLOUR: {'red': ['45 (turn timeout)', '50 (turn timeout)', '55 (turn timeout)', '60 (turn timeout)', '65 (turn timeout)', '70 (turn timeout)', '75 (turn timeout)', '80 (turn timeout)', '85 (turn timeout)', '90 (turn timeout)', '95 (turn timeout)', '100 (turn timeout)', '105 (turn timeout)', '110 (turn timeout)', '115 (turn timeout)', '120 (turn timeout)', '125 (turn timeout)', '130 (turn timeout)', '135 (turn timeout)', '140 (turn timeout)', '145 (turn timeout)', '150 (turn timeout)', '155 (turn timeout)', '160 (turn timeout)', '165 (turn timeout)', '170 (turn timeout)', '175 (turn timeout)']}
[2026-05-22 11:15:35] TURN TIMEOUT: Player with colour red exceeded 2s at move 175. Turn skipped.
[2026-05-22 11:15:35] MOVE 176: Gruppe 69 (lawn green) 56->98 [0.01ms]
[2026-05-22 11:15:35] SCORE Gruppe 69 (lawn green): Final=1300.0, Time=96.0, Moves(36)=8.0, Pins(8)=800.0, Dist=396.0, Win Bonus=0.0
[2026-05-22 11:15:35] SCORE jat (gray0): Final=1146.1, Time=49.7, Moves(35)=4.4, Pins(7)=700.0, Dist=392.0, Win Bonus=0.0
[2026-05-22 11:15:35] SCORE group 99 (yellow): Final=1020.4, Time=56.0, Moves(35)=4.4, Pins(6)=600.0, Dist=360.0, Win Bonus=0.0
[2026-05-22 11:15:35] SCORE CybSec (purple): Final=1063.6, Time=87.2, Moves(35)=4.4, Pins(6)=600.0, Dist=372.0, Win Bonus=0.0
[2026-05-22 11:15:35] SCORE HelloWorld (red): Final=442.5, Time=94.5, Moves(8)=0.0, Pins(1)=100.0, Dist=248.0, Win Bonus=0.0
[2026-05-22 11:15:35] ALL WRONG MOVES BY COLOUR: {'red': ['45 (turn timeout)', '50 (turn timeout)', '55 (turn timeout)', '60 (turn timeout)', '65 (turn timeout)', '70 (turn timeout)', '75 (turn timeout)', '80 (turn timeout)', '85 (turn timeout)', '90 (turn timeout)', '95 (turn timeout)', '100 (turn timeout)', '105 (turn timeout)', '110 (turn timeout)', '115 (turn timeout)', '120 (turn timeout)', '125 (turn timeout)', '130 (turn timeout)', '135 (turn timeout)', '140 (turn timeout)', '145 (turn timeout)', '150 (turn timeout)', '155 (turn timeout)', '160 (turn timeout)', '165 (turn timeout)', '170 (turn timeout)', '175 (turn timeout)']}
[2026-05-22 11:15:36] MOVE 177: group 99 (yellow) 60->61 [0.00ms]
[2026-05-22 11:15:36] SCORE Gruppe 69 (lawn green): Final=1300.0, Time=96.0, Moves(36)=8.0, Pins(8)=800.0, Dist=396.0, Win Bonus=0.0
[2026-05-22 11:15:36] SCORE jat (gray0): Final=1146.1, Time=49.7, Moves(35)=4.4, Pins(7)=700.0, Dist=392.0, Win Bonus=0.0
[2026-05-22 11:15:36] SCORE group 99 (yellow): Final=1024.8, Time=54.9, Moves(36)=8.0, Pins(6)=600.0, Dist=362.0, Win Bonus=0.0
[2026-05-22 11:15:36] SCORE CybSec (purple): Final=1063.6, Time=87.2, Moves(35)=4.4, Pins(6)=600.0, Dist=372.0, Win Bonus=0.0
[2026-05-22 11:15:36] SCORE HelloWorld (red): Final=442.5, Time=94.5, Moves(8)=0.0, Pins(1)=100.0, Dist=248.0, Win Bonus=0.0
[2026-05-22 11:15:36] ALL WRONG MOVES BY COLOUR: {'red': ['45 (turn timeout)', '50 (turn timeout)', '55 (turn timeout)', '60 (turn timeout)', '65 (turn timeout)', '70 (turn timeout)', '75 (turn timeout)', '80 (turn timeout)', '85 (turn timeout)', '90 (turn timeout)', '95 (turn timeout)', '100 (turn timeout)', '105 (turn timeout)', '110 (turn timeout)', '115 (turn timeout)', '120 (turn timeout)', '125 (turn timeout)', '130 (turn timeout)', '135 (turn timeout)', '140 (turn timeout)', '145 (turn timeout)', '150 (turn timeout)', '155 (turn timeout)', '160 (turn timeout)', '165 (turn timeout)', '170 (turn timeout)', '175 (turn timeout)']}
[2026-05-22 11:15:38] MOVE 178: jat (gray0) 32->55 [0.00ms]
[2026-05-22 11:15:38] SCORE Gruppe 69 (lawn green): Final=1300.0, Time=96.0, Moves(36)=8.0, Pins(8)=800.0, Dist=396.0, Win Bonus=0.0
[2026-05-22 11:15:38] SCORE jat (gray0): Final=1148.2, Time=48.3, Moves(36)=8.0, Pins(7)=700.0, Dist=392.0, Win Bonus=0.0
[2026-05-22 11:15:38] SCORE group 99 (yellow): Final=1024.8, Time=54.9, Moves(36)=8.0, Pins(6)=600.0, Dist=362.0, Win Bonus=0.0
[2026-05-22 11:15:38] SCORE CybSec (purple): Final=1063.6, Time=87.2, Moves(35)=4.4, Pins(6)=600.0, Dist=372.0, Win Bonus=0.0
[2026-05-22 11:15:38] SCORE HelloWorld (red): Final=442.5, Time=94.5, Moves(8)=0.0, Pins(1)=100.0, Dist=248.0, Win Bonus=0.0
[2026-05-22 11:15:38] ALL WRONG MOVES BY COLOUR: {'red': ['45 (turn timeout)', '50 (turn timeout)', '55 (turn timeout)', '60 (turn timeout)', '65 (turn timeout)', '70 (turn timeout)', '75 (turn timeout)', '80 (turn timeout)', '85 (turn timeout)', '90 (turn timeout)', '95 (turn timeout)', '100 (turn timeout)', '105 (turn timeout)', '110 (turn timeout)', '115 (turn timeout)', '120 (turn timeout)', '125 (turn timeout)', '130 (turn timeout)', '135 (turn timeout)', '140 (turn timeout)', '145 (turn timeout)', '150 (turn timeout)', '155 (turn timeout)', '160 (turn timeout)', '165 (turn timeout)', '170 (turn timeout)', '175 (turn timeout)']}
[2026-05-22 11:15:38] MOVE 179: CybSec (purple) 42->17 [0.01ms]
[2026-05-22 11:15:38] SCORE Gruppe 69 (lawn green): Final=1300.0, Time=96.0, Moves(36)=8.0, Pins(8)=800.0, Dist=396.0, Win Bonus=0.0
[2026-05-22 11:15:38] SCORE jat (gray0): Final=1148.2, Time=48.3, Moves(36)=8.0, Pins(7)=700.0, Dist=392.0, Win Bonus=0.0
[2026-05-22 11:15:38] SCORE group 99 (yellow): Final=1024.8, Time=54.9, Moves(36)=8.0, Pins(6)=600.0, Dist=362.0, Win Bonus=0.0
[2026-05-22 11:15:38] SCORE CybSec (purple): Final=1070.6, Time=86.7, Moves(36)=8.0, Pins(6)=600.0, Dist=376.0, Win Bonus=0.0
[2026-05-22 11:15:38] SCORE HelloWorld (red): Final=442.5, Time=94.5, Moves(8)=0.0, Pins(1)=100.0, Dist=248.0, Win Bonus=0.0
[2026-05-22 11:15:38] ALL WRONG MOVES BY COLOUR: {'red': ['45 (turn timeout)', '50 (turn timeout)', '55 (turn timeout)', '60 (turn timeout)', '65 (turn timeout)', '70 (turn timeout)', '75 (turn timeout)', '80 (turn timeout)', '85 (turn timeout)', '90 (turn timeout)', '95 (turn timeout)', '100 (turn timeout)', '105 (turn timeout)', '110 (turn timeout)', '115 (turn timeout)', '120 (turn timeout)', '125 (turn timeout)', '130 (turn timeout)', '135 (turn timeout)', '140 (turn timeout)', '145 (turn timeout)', '150 (turn timeout)', '155 (turn timeout)', '160 (turn timeout)', '165 (turn timeout)', '170 (turn timeout)', '175 (turn timeout)']}
[2026-05-22 11:15:40] SCORE Gruppe 69 (lawn green): Final=1300.0, Time=96.0, Moves(36)=8.0, Pins(8)=800.0, Dist=396.0, Win Bonus=0.0
[2026-05-22 11:15:40] SCORE jat (gray0): Final=1148.2, Time=48.3, Moves(36)=8.0, Pins(7)=700.0, Dist=392.0, Win Bonus=0.0
[2026-05-22 11:15:40] SCORE group 99 (yellow): Final=1024.8, Time=54.9, Moves(36)=8.0, Pins(6)=600.0, Dist=362.0, Win Bonus=0.0
[2026-05-22 11:15:40] SCORE CybSec (purple): Final=1070.6, Time=86.7, Moves(36)=8.0, Pins(6)=600.0, Dist=376.0, Win Bonus=0.0
[2026-05-22 11:15:40] SCORE HelloWorld (red): Final=442.5, Time=94.5, Moves(8)=0.0, Pins(1)=100.0, Dist=248.0, Win Bonus=0.0
[2026-05-22 11:15:40] ALL WRONG MOVES BY COLOUR: {'red': ['45 (turn timeout)', '50 (turn timeout)', '55 (turn timeout)', '60 (turn timeout)', '65 (turn timeout)', '70 (turn timeout)', '75 (turn timeout)', '80 (turn timeout)', '85 (turn timeout)', '90 (turn timeout)', '95 (turn timeout)', '100 (turn timeout)', '105 (turn timeout)', '110 (turn timeout)', '115 (turn timeout)', '120 (turn timeout)', '125 (turn timeout)', '130 (turn timeout)', '135 (turn timeout)', '140 (turn timeout)', '145 (turn timeout)', '150 (turn timeout)', '155 (turn timeout)', '160 (turn timeout)', '165 (turn timeout)', '170 (turn timeout)', '175 (turn timeout)', '180 (turn timeout)']}
[2026-05-22 11:15:40] TURN TIMEOUT: Player with colour red exceeded 2s at move 180. Turn skipped.
[2026-05-22 11:15:40] MOVE 181: Gruppe 69 (lawn green) 77->75 [0.00ms]
[2026-05-22 11:15:40] SCORE Gruppe 69 (lawn green): Final=1407.5, Time=96.0, Moves(37)=13.5, Pins(9)=900.0, Dist=398.0, Win Bonus=0.0
[2026-05-22 11:15:40] SCORE jat (gray0): Final=1148.2, Time=48.3, Moves(36)=8.0, Pins(7)=700.0, Dist=392.0, Win Bonus=0.0
[2026-05-22 11:15:40] SCORE group 99 (yellow): Final=1024.8, Time=54.9, Moves(36)=8.0, Pins(6)=600.0, Dist=362.0, Win Bonus=0.0
[2026-05-22 11:15:40] SCORE CybSec (purple): Final=1070.6, Time=86.7, Moves(36)=8.0, Pins(6)=600.0, Dist=376.0, Win Bonus=0.0
[2026-05-22 11:15:40] SCORE HelloWorld (red): Final=442.5, Time=94.5, Moves(8)=0.0, Pins(1)=100.0, Dist=248.0, Win Bonus=0.0
[2026-05-22 11:15:40] ALL WRONG MOVES BY COLOUR: {'red': ['45 (turn timeout)', '50 (turn timeout)', '55 (turn timeout)', '60 (turn timeout)', '65 (turn timeout)', '70 (turn timeout)', '75 (turn timeout)', '80 (turn timeout)', '85 (turn timeout)', '90 (turn timeout)', '95 (turn timeout)', '100 (turn timeout)', '105 (turn timeout)', '110 (turn timeout)', '115 (turn timeout)', '120 (turn timeout)', '125 (turn timeout)', '130 (turn timeout)', '135 (turn timeout)', '140 (turn timeout)', '145 (turn timeout)', '150 (turn timeout)', '155 (turn timeout)', '160 (turn timeout)', '165 (turn timeout)', '170 (turn timeout)', '175 (turn timeout)', '180 (turn timeout)']}
[2026-05-22 11:15:42] MOVE 182: group 99 (yellow) 92->105 [0.01ms]
[2026-05-22 11:15:42] SCORE Gruppe 69 (lawn green): Final=1407.5, Time=96.0, Moves(37)=13.5, Pins(9)=900.0, Dist=398.0, Win Bonus=0.0
[2026-05-22 11:15:42] SCORE jat (gray0): Final=1148.2, Time=48.3, Moves(36)=8.0, Pins(7)=700.0, Dist=392.0, Win Bonus=0.0
[2026-05-22 11:15:42] SCORE group 99 (yellow): Final=1031.1, Time=53.6, Moves(37)=13.5, Pins(6)=600.0, Dist=364.0, Win Bonus=0.0
[2026-05-22 11:15:42] SCORE CybSec (purple): Final=1070.6, Time=86.7, Moves(36)=8.0, Pins(6)=600.0, Dist=376.0, Win Bonus=0.0
[2026-05-22 11:15:42] SCORE HelloWorld (red): Final=442.5, Time=94.5, Moves(8)=0.0, Pins(1)=100.0, Dist=248.0, Win Bonus=0.0
[2026-05-22 11:15:42] ALL WRONG MOVES BY COLOUR: {'red': ['45 (turn timeout)', '50 (turn timeout)', '55 (turn timeout)', '60 (turn timeout)', '65 (turn timeout)', '70 (turn timeout)', '75 (turn timeout)', '80 (turn timeout)', '85 (turn timeout)', '90 (turn timeout)', '95 (turn timeout)', '100 (turn timeout)', '105 (turn timeout)', '110 (turn timeout)', '115 (turn timeout)', '120 (turn timeout)', '125 (turn timeout)', '130 (turn timeout)', '135 (turn timeout)', '140 (turn timeout)', '145 (turn timeout)', '150 (turn timeout)', '155 (turn timeout)', '160 (turn timeout)', '165 (turn timeout)', '170 (turn timeout)', '175 (turn timeout)', '180 (turn timeout)']}
[2026-05-22 11:15:42] MOVE 183: jat (gray0) 30->32 [0.01ms]
[2026-05-22 11:15:42] SCORE Gruppe 69 (lawn green): Final=1407.5, Time=96.0, Moves(37)=13.5, Pins(9)=900.0, Dist=398.0, Win Bonus=0.0
[2026-05-22 11:15:42] SCORE jat (gray0): Final=1257.0, Time=47.5, Moves(37)=13.5, Pins(8)=800.0, Dist=396.0, Win Bonus=0.0
[2026-05-22 11:15:42] SCORE group 99 (yellow): Final=1031.1, Time=53.6, Moves(37)=13.5, Pins(6)=600.0, Dist=364.0, Win Bonus=0.0
[2026-05-22 11:15:42] SCORE CybSec (purple): Final=1070.6, Time=86.7, Moves(36)=8.0, Pins(6)=600.0, Dist=376.0, Win Bonus=0.0
[2026-05-22 11:15:42] SCORE HelloWorld (red): Final=442.5, Time=94.5, Moves(8)=0.0, Pins(1)=100.0, Dist=248.0, Win Bonus=0.0
[2026-05-22 11:15:42] ALL WRONG MOVES BY COLOUR: {'red': ['45 (turn timeout)', '50 (turn timeout)', '55 (turn timeout)', '60 (turn timeout)', '65 (turn timeout)', '70 (turn timeout)', '75 (turn timeout)', '80 (turn timeout)', '85 (turn timeout)', '90 (turn timeout)', '95 (turn timeout)', '100 (turn timeout)', '105 (turn timeout)', '110 (turn timeout)', '115 (turn timeout)', '120 (turn timeout)', '125 (turn timeout)', '130 (turn timeout)', '135 (turn timeout)', '140 (turn timeout)', '145 (turn timeout)', '150 (turn timeout)', '155 (turn timeout)', '160 (turn timeout)', '165 (turn timeout)', '170 (turn timeout)', '175 (turn timeout)', '180 (turn timeout)']}
[2026-05-22 11:15:43] MOVE 184: CybSec (purple) 29->28 [0.00ms]
[2026-05-22 11:15:43] SCORE Gruppe 69 (lawn green): Final=1407.5, Time=96.0, Moves(37)=13.5, Pins(9)=900.0, Dist=398.0, Win Bonus=0.0
[2026-05-22 11:15:43] SCORE jat (gray0): Final=1257.0, Time=47.5, Moves(37)=13.5, Pins(8)=800.0, Dist=396.0, Win Bonus=0.0
[2026-05-22 11:15:43] SCORE group 99 (yellow): Final=1031.1, Time=53.6, Moves(37)=13.5, Pins(6)=600.0, Dist=364.0, Win Bonus=0.0
[2026-05-22 11:15:43] SCORE CybSec (purple): Final=1077.8, Time=86.2, Moves(37)=13.5, Pins(6)=600.0, Dist=378.0, Win Bonus=0.0
[2026-05-22 11:15:43] SCORE HelloWorld (red): Final=442.5, Time=94.5, Moves(8)=0.0, Pins(1)=100.0, Dist=248.0, Win Bonus=0.0
[2026-05-22 11:15:43] ALL WRONG MOVES BY COLOUR: {'red': ['45 (turn timeout)', '50 (turn timeout)', '55 (turn timeout)', '60 (turn timeout)', '65 (turn timeout)', '70 (turn timeout)', '75 (turn timeout)', '80 (turn timeout)', '85 (turn timeout)', '90 (turn timeout)', '95 (turn timeout)', '100 (turn timeout)', '105 (turn timeout)', '110 (turn timeout)', '115 (turn timeout)', '120 (turn timeout)', '125 (turn timeout)', '130 (turn timeout)', '135 (turn timeout)', '140 (turn timeout)', '145 (turn timeout)', '150 (turn timeout)', '155 (turn timeout)', '160 (turn timeout)', '165 (turn timeout)', '170 (turn timeout)', '175 (turn timeout)', '180 (turn timeout)']}
[2026-05-22 11:15:45] SCORE Gruppe 69 (lawn green): Final=1407.5, Time=96.0, Moves(37)=13.5, Pins(9)=900.0, Dist=398.0, Win Bonus=0.0
[2026-05-22 11:15:45] SCORE jat (gray0): Final=1257.0, Time=47.5, Moves(37)=13.5, Pins(8)=800.0, Dist=396.0, Win Bonus=0.0
[2026-05-22 11:15:45] SCORE group 99 (yellow): Final=1031.1, Time=53.6, Moves(37)=13.5, Pins(6)=600.0, Dist=364.0, Win Bonus=0.0
[2026-05-22 11:15:45] SCORE CybSec (purple): Final=1077.8, Time=86.2, Moves(37)=13.5, Pins(6)=600.0, Dist=378.0, Win Bonus=0.0
[2026-05-22 11:15:45] SCORE HelloWorld (red): Final=442.5, Time=94.5, Moves(8)=0.0, Pins(1)=100.0, Dist=248.0, Win Bonus=0.0
[2026-05-22 11:15:45] ALL WRONG MOVES BY COLOUR: {'red': ['45 (turn timeout)', '50 (turn timeout)', '55 (turn timeout)', '60 (turn timeout)', '65 (turn timeout)', '70 (turn timeout)', '75 (turn timeout)', '80 (turn timeout)', '85 (turn timeout)', '90 (turn timeout)', '95 (turn timeout)', '100 (turn timeout)', '105 (turn timeout)', '110 (turn timeout)', '115 (turn timeout)', '120 (turn timeout)', '125 (turn timeout)', '130 (turn timeout)', '135 (turn timeout)', '140 (turn timeout)', '145 (turn timeout)', '150 (turn timeout)', '155 (turn timeout)', '160 (turn timeout)', '165 (turn timeout)', '170 (turn timeout)', '175 (turn timeout)', '180 (turn timeout)', '185 (turn timeout)']}
[2026-05-22 11:15:45] TURN TIMEOUT: Player with colour red exceeded 2s at move 185. Turn skipped.
[2026-05-22 11:15:47] SCORE Gruppe 69 (lawn green): Final=1407.5, Time=96.0, Moves(37)=13.5, Pins(9)=900.0, Dist=398.0, Win Bonus=0.0
[2026-05-22 11:15:47] SCORE jat (gray0): Final=1257.0, Time=47.5, Moves(37)=13.5, Pins(8)=800.0, Dist=396.0, Win Bonus=0.0
[2026-05-22 11:15:47] SCORE group 99 (yellow): Final=1031.1, Time=53.6, Moves(37)=13.5, Pins(6)=600.0, Dist=364.0, Win Bonus=0.0
[2026-05-22 11:15:47] SCORE CybSec (purple): Final=1077.8, Time=86.2, Moves(37)=13.5, Pins(6)=600.0, Dist=378.0, Win Bonus=0.0
[2026-05-22 11:15:47] SCORE HelloWorld (red): Final=442.5, Time=94.5, Moves(8)=0.0, Pins(1)=100.0, Dist=248.0, Win Bonus=0.0
[2026-05-22 11:15:47] ALL WRONG MOVES BY COLOUR: {'red': ['45 (turn timeout)', '50 (turn timeout)', '55 (turn timeout)', '60 (turn timeout)', '65 (turn timeout)', '70 (turn timeout)', '75 (turn timeout)', '80 (turn timeout)', '85 (turn timeout)', '90 (turn timeout)', '95 (turn timeout)', '100 (turn timeout)', '105 (turn timeout)', '110 (turn timeout)', '115 (turn timeout)', '120 (turn timeout)', '125 (turn timeout)', '130 (turn timeout)', '135 (turn timeout)', '140 (turn timeout)', '145 (turn timeout)', '150 (turn timeout)', '155 (turn timeout)', '160 (turn timeout)', '165 (turn timeout)', '170 (turn timeout)', '175 (turn timeout)', '180 (turn timeout)', '185 (turn timeout)'], 'lawn green': ['186 (turn timeout)']}
[2026-05-22 11:15:47] TURN TIMEOUT: Player with colour lawn green exceeded 2s at move 186. Turn skipped.
[2026-05-22 11:15:48] MOVE 187: group 99 (yellow) 61->71 [0.01ms]
[2026-05-22 11:15:48] SCORE Gruppe 69 (lawn green): Final=1407.5, Time=96.0, Moves(37)=13.5, Pins(9)=900.0, Dist=398.0, Win Bonus=0.0
[2026-05-22 11:15:48] SCORE jat (gray0): Final=1257.0, Time=47.5, Moves(37)=13.5, Pins(8)=800.0, Dist=396.0, Win Bonus=0.0
[2026-05-22 11:15:48] SCORE group 99 (yellow): Final=1040.0, Time=52.4, Moves(38)=21.6, Pins(6)=600.0, Dist=366.0, Win Bonus=0.0
[2026-05-22 11:15:48] SCORE CybSec (purple): Final=1077.8, Time=86.2, Moves(37)=13.5, Pins(6)=600.0, Dist=378.0, Win Bonus=0.0
[2026-05-22 11:15:48] SCORE HelloWorld (red): Final=442.5, Time=94.5, Moves(8)=0.0, Pins(1)=100.0, Dist=248.0, Win Bonus=0.0
[2026-05-22 11:15:48] ALL WRONG MOVES BY COLOUR: {'red': ['45 (turn timeout)', '50 (turn timeout)', '55 (turn timeout)', '60 (turn timeout)', '65 (turn timeout)', '70 (turn timeout)', '75 (turn timeout)', '80 (turn timeout)', '85 (turn timeout)', '90 (turn timeout)', '95 (turn timeout)', '100 (turn timeout)', '105 (turn timeout)', '110 (turn timeout)', '115 (turn timeout)', '120 (turn timeout)', '125 (turn timeout)', '130 (turn timeout)', '135 (turn timeout)', '140 (turn timeout)', '145 (turn timeout)', '150 (turn timeout)', '155 (turn timeout)', '160 (turn timeout)', '165 (turn timeout)', '170 (turn timeout)', '175 (turn timeout)', '180 (turn timeout)', '185 (turn timeout)'], 'lawn green': ['186 (turn timeout)']}
[2026-05-22 11:15:49] MOVE 188: jat (gray0) 18->43 [0.01ms]
[2026-05-22 11:15:49] SCORE Gruppe 69 (lawn green): Final=1407.5, Time=96.0, Moves(37)=13.5, Pins(9)=900.0, Dist=398.0, Win Bonus=0.0
[2026-05-22 11:15:49] SCORE jat (gray0): Final=1264.4, Time=46.7, Moves(38)=21.6, Pins(8)=800.0, Dist=396.0, Win Bonus=0.0
[2026-05-22 11:15:49] SCORE group 99 (yellow): Final=1040.0, Time=52.4, Moves(38)=21.6, Pins(6)=600.0, Dist=366.0, Win Bonus=0.0
[2026-05-22 11:15:49] SCORE CybSec (purple): Final=1077.8, Time=86.2, Moves(37)=13.5, Pins(6)=600.0, Dist=378.0, Win Bonus=0.0
[2026-05-22 11:15:49] SCORE HelloWorld (red): Final=442.5, Time=94.5, Moves(8)=0.0, Pins(1)=100.0, Dist=248.0, Win Bonus=0.0
[2026-05-22 11:15:49] ALL WRONG MOVES BY COLOUR: {'red': ['45 (turn timeout)', '50 (turn timeout)', '55 (turn timeout)', '60 (turn timeout)', '65 (turn timeout)', '70 (turn timeout)', '75 (turn timeout)', '80 (turn timeout)', '85 (turn timeout)', '90 (turn timeout)', '95 (turn timeout)', '100 (turn timeout)', '105 (turn timeout)', '110 (turn timeout)', '115 (turn timeout)', '120 (turn timeout)', '125 (turn timeout)', '130 (turn timeout)', '135 (turn timeout)', '140 (turn timeout)', '145 (turn timeout)', '150 (turn timeout)', '155 (turn timeout)', '160 (turn timeout)', '165 (turn timeout)', '170 (turn timeout)', '175 (turn timeout)', '180 (turn timeout)', '185 (turn timeout)'], 'lawn green': ['186 (turn timeout)']}
[2026-05-22 11:15:49] MOVE 189: CybSec (purple) 15->14 [0.01ms]
[2026-05-22 11:15:49] SCORE Gruppe 69 (lawn green): Final=1407.5, Time=96.0, Moves(37)=13.5, Pins(9)=900.0, Dist=398.0, Win Bonus=0.0
[2026-05-22 11:15:49] SCORE jat (gray0): Final=1264.4, Time=46.7, Moves(38)=21.6, Pins(8)=800.0, Dist=396.0, Win Bonus=0.0
[2026-05-22 11:15:49] SCORE group 99 (yellow): Final=1040.0, Time=52.4, Moves(38)=21.6, Pins(6)=600.0, Dist=366.0, Win Bonus=0.0
[2026-05-22 11:15:49] SCORE CybSec (purple): Final=1087.5, Time=85.9, Moves(38)=21.6, Pins(6)=600.0, Dist=380.0, Win Bonus=0.0
[2026-05-22 11:15:49] SCORE HelloWorld (red): Final=442.5, Time=94.5, Moves(8)=0.0, Pins(1)=100.0, Dist=248.0, Win Bonus=0.0
[2026-05-22 11:15:49] ALL WRONG MOVES BY COLOUR: {'red': ['45 (turn timeout)', '50 (turn timeout)', '55 (turn timeout)', '60 (turn timeout)', '65 (turn timeout)', '70 (turn timeout)', '75 (turn timeout)', '80 (turn timeout)', '85 (turn timeout)', '90 (turn timeout)', '95 (turn timeout)', '100 (turn timeout)', '105 (turn timeout)', '110 (turn timeout)', '115 (turn timeout)', '120 (turn timeout)', '125 (turn timeout)', '130 (turn timeout)', '135 (turn timeout)', '140 (turn timeout)', '145 (turn timeout)', '150 (turn timeout)', '155 (turn timeout)', '160 (turn timeout)', '165 (turn timeout)', '170 (turn timeout)', '175 (turn timeout)', '180 (turn timeout)', '185 (turn timeout)'], 'lawn green': ['186 (turn timeout)']}
[2026-05-22 11:15:51] SCORE Gruppe 69 (lawn green): Final=1407.5, Time=96.0, Moves(37)=13.5, Pins(9)=900.0, Dist=398.0, Win Bonus=0.0
[2026-05-22 11:15:51] SCORE jat (gray0): Final=1264.4, Time=46.7, Moves(38)=21.6, Pins(8)=800.0, Dist=396.0, Win Bonus=0.0
[2026-05-22 11:15:51] SCORE group 99 (yellow): Final=1040.0, Time=52.4, Moves(38)=21.6, Pins(6)=600.0, Dist=366.0, Win Bonus=0.0
[2026-05-22 11:15:51] SCORE CybSec (purple): Final=1087.5, Time=85.9, Moves(38)=21.6, Pins(6)=600.0, Dist=380.0, Win Bonus=0.0
[2026-05-22 11:15:51] SCORE HelloWorld (red): Final=442.5, Time=94.5, Moves(8)=0.0, Pins(1)=100.0, Dist=248.0, Win Bonus=0.0
[2026-05-22 11:15:51] ALL WRONG MOVES BY COLOUR: {'red': ['45 (turn timeout)', '50 (turn timeout)', '55 (turn timeout)', '60 (turn timeout)', '65 (turn timeout)', '70 (turn timeout)', '75 (turn timeout)', '80 (turn timeout)', '85 (turn timeout)', '90 (turn timeout)', '95 (turn timeout)', '100 (turn timeout)', '105 (turn timeout)', '110 (turn timeout)', '115 (turn timeout)', '120 (turn timeout)', '125 (turn timeout)', '130 (turn timeout)', '135 (turn timeout)', '140 (turn timeout)', '145 (turn timeout)', '150 (turn timeout)', '155 (turn timeout)', '160 (turn timeout)', '165 (turn timeout)', '170 (turn timeout)', '175 (turn timeout)', '180 (turn timeout)', '185 (turn timeout)', '190 (turn timeout)'], 'lawn green': ['186 (turn timeout)']}
[2026-05-22 11:15:51] TURN TIMEOUT: Player with colour red exceeded 2s at move 190. Turn skipped.
[2026-05-22 11:15:53] SCORE Gruppe 69 (lawn green): Final=1407.5, Time=96.0, Moves(37)=13.5, Pins(9)=900.0, Dist=398.0, Win Bonus=0.0
[2026-05-22 11:15:53] SCORE jat (gray0): Final=1264.4, Time=46.7, Moves(38)=21.6, Pins(8)=800.0, Dist=396.0, Win Bonus=0.0
[2026-05-22 11:15:53] SCORE group 99 (yellow): Final=1040.0, Time=52.4, Moves(38)=21.6, Pins(6)=600.0, Dist=366.0, Win Bonus=0.0
[2026-05-22 11:15:53] SCORE CybSec (purple): Final=1087.5, Time=85.9, Moves(38)=21.6, Pins(6)=600.0, Dist=380.0, Win Bonus=0.0
[2026-05-22 11:15:53] SCORE HelloWorld (red): Final=442.5, Time=94.5, Moves(8)=0.0, Pins(1)=100.0, Dist=248.0, Win Bonus=0.0
[2026-05-22 11:15:53] ALL WRONG MOVES BY COLOUR: {'red': ['45 (turn timeout)', '50 (turn timeout)', '55 (turn timeout)', '60 (turn timeout)', '65 (turn timeout)', '70 (turn timeout)', '75 (turn timeout)', '80 (turn timeout)', '85 (turn timeout)', '90 (turn timeout)', '95 (turn timeout)', '100 (turn timeout)', '105 (turn timeout)', '110 (turn timeout)', '115 (turn timeout)', '120 (turn timeout)', '125 (turn timeout)', '130 (turn timeout)', '135 (turn timeout)', '140 (turn timeout)', '145 (turn timeout)', '150 (turn timeout)', '155 (turn timeout)', '160 (turn timeout)', '165 (turn timeout)', '170 (turn timeout)', '175 (turn timeout)', '180 (turn timeout)', '185 (turn timeout)', '190 (turn timeout)'], 'lawn green': ['186 (turn timeout)', '191 (turn timeout)']}
[2026-05-22 11:15:53] TURN TIMEOUT: Player with colour lawn green exceeded 2s at move 191. Turn skipped.
[2026-05-22 11:15:54] MOVE 192: group 99 (yellow) 71->72 [0.01ms]
[2026-05-22 11:15:54] SCORE Gruppe 69 (lawn green): Final=1407.5, Time=96.0, Moves(37)=13.5, Pins(9)=900.0, Dist=398.0, Win Bonus=0.0
[2026-05-22 11:15:54] SCORE jat (gray0): Final=1264.4, Time=46.7, Moves(38)=21.6, Pins(8)=800.0, Dist=396.0, Win Bonus=0.0
[2026-05-22 11:15:54] SCORE group 99 (yellow): Final=1051.8, Time=51.3, Moves(39)=32.5, Pins(6)=600.0, Dist=368.0, Win Bonus=0.0
[2026-05-22 11:15:54] SCORE CybSec (purple): Final=1087.5, Time=85.9, Moves(38)=21.6, Pins(6)=600.0, Dist=380.0, Win Bonus=0.0
[2026-05-22 11:15:54] SCORE HelloWorld (red): Final=442.5, Time=94.5, Moves(8)=0.0, Pins(1)=100.0, Dist=248.0, Win Bonus=0.0
[2026-05-22 11:15:54] ALL WRONG MOVES BY COLOUR: {'red': ['45 (turn timeout)', '50 (turn timeout)', '55 (turn timeout)', '60 (turn timeout)', '65 (turn timeout)', '70 (turn timeout)', '75 (turn timeout)', '80 (turn timeout)', '85 (turn timeout)', '90 (turn timeout)', '95 (turn timeout)', '100 (turn timeout)', '105 (turn timeout)', '110 (turn timeout)', '115 (turn timeout)', '120 (turn timeout)', '125 (turn timeout)', '130 (turn timeout)', '135 (turn timeout)', '140 (turn timeout)', '145 (turn timeout)', '150 (turn timeout)', '155 (turn timeout)', '160 (turn timeout)', '165 (turn timeout)', '170 (turn timeout)', '175 (turn timeout)', '180 (turn timeout)', '185 (turn timeout)', '190 (turn timeout)'], 'lawn green': ['186 (turn timeout)', '191 (turn timeout)']}
[2026-05-22 11:15:55] MOVE 193: jat (gray0) 31->54 [0.01ms]
[2026-05-22 11:15:55] SCORE Gruppe 69 (lawn green): Final=1407.5, Time=96.0, Moves(37)=13.5, Pins(9)=900.0, Dist=398.0, Win Bonus=0.0
[2026-05-22 11:15:55] SCORE jat (gray0): Final=1274.4, Time=46.0, Moves(39)=32.5, Pins(8)=800.0, Dist=396.0, Win Bonus=0.0
[2026-05-22 11:15:55] SCORE group 99 (yellow): Final=1051.8, Time=51.3, Moves(39)=32.5, Pins(6)=600.0, Dist=368.0, Win Bonus=0.0
[2026-05-22 11:15:55] SCORE CybSec (purple): Final=1087.5, Time=85.9, Moves(38)=21.6, Pins(6)=600.0, Dist=380.0, Win Bonus=0.0
[2026-05-22 11:15:55] SCORE HelloWorld (red): Final=442.5, Time=94.5, Moves(8)=0.0, Pins(1)=100.0, Dist=248.0, Win Bonus=0.0
[2026-05-22 11:15:55] ALL WRONG MOVES BY COLOUR: {'red': ['45 (turn timeout)', '50 (turn timeout)', '55 (turn timeout)', '60 (turn timeout)', '65 (turn timeout)', '70 (turn timeout)', '75 (turn timeout)', '80 (turn timeout)', '85 (turn timeout)', '90 (turn timeout)', '95 (turn timeout)', '100 (turn timeout)', '105 (turn timeout)', '110 (turn timeout)', '115 (turn timeout)', '120 (turn timeout)', '125 (turn timeout)', '130 (turn timeout)', '135 (turn timeout)', '140 (turn timeout)', '145 (turn timeout)', '150 (turn timeout)', '155 (turn timeout)', '160 (turn timeout)', '165 (turn timeout)', '170 (turn timeout)', '175 (turn timeout)', '180 (turn timeout)', '185 (turn timeout)', '190 (turn timeout)'], 'lawn green': ['186 (turn timeout)', '191 (turn timeout)']}
[2026-05-22 11:15:56] MOVE 194: CybSec (purple) 28->27 [0.00ms]
[2026-05-22 11:15:56] SCORE Gruppe 69 (lawn green): Final=1407.5, Time=96.0, Moves(37)=13.5, Pins(9)=900.0, Dist=398.0, Win Bonus=0.0
[2026-05-22 11:15:56] SCORE jat (gray0): Final=1274.4, Time=46.0, Moves(39)=32.5, Pins(8)=800.0, Dist=396.0, Win Bonus=0.0
[2026-05-22 11:15:56] SCORE group 99 (yellow): Final=1051.8, Time=51.3, Moves(39)=32.5, Pins(6)=600.0, Dist=368.0, Win Bonus=0.0
[2026-05-22 11:15:56] SCORE CybSec (purple): Final=1100.0, Time=85.5, Moves(39)=32.5, Pins(6)=600.0, Dist=382.0, Win Bonus=0.0
[2026-05-22 11:15:56] SCORE HelloWorld (red): Final=442.5, Time=94.5, Moves(8)=0.0, Pins(1)=100.0, Dist=248.0, Win Bonus=0.0
[2026-05-22 11:15:56] ALL WRONG MOVES BY COLOUR: {'red': ['45 (turn timeout)', '50 (turn timeout)', '55 (turn timeout)', '60 (turn timeout)', '65 (turn timeout)', '70 (turn timeout)', '75 (turn timeout)', '80 (turn timeout)', '85 (turn timeout)', '90 (turn timeout)', '95 (turn timeout)', '100 (turn timeout)', '105 (turn timeout)', '110 (turn timeout)', '115 (turn timeout)', '120 (turn timeout)', '125 (turn timeout)', '130 (turn timeout)', '135 (turn timeout)', '140 (turn timeout)', '145 (turn timeout)', '150 (turn timeout)', '155 (turn timeout)', '160 (turn timeout)', '165 (turn timeout)', '170 (turn timeout)', '175 (turn timeout)', '180 (turn timeout)', '185 (turn timeout)', '190 (turn timeout)'], 'lawn green': ['186 (turn timeout)', '191 (turn timeout)']}
[2026-05-22 11:15:58] SCORE Gruppe 69 (lawn green): Final=1407.5, Time=96.0, Moves(37)=13.5, Pins(9)=900.0, Dist=398.0, Win Bonus=0.0
[2026-05-22 11:15:58] SCORE jat (gray0): Final=1274.4, Time=46.0, Moves(39)=32.5, Pins(8)=800.0, Dist=396.0, Win Bonus=0.0
[2026-05-22 11:15:58] SCORE group 99 (yellow): Final=1051.8, Time=51.3, Moves(39)=32.5, Pins(6)=600.0, Dist=368.0, Win Bonus=0.0
[2026-05-22 11:15:58] SCORE CybSec (purple): Final=1100.0, Time=85.5, Moves(39)=32.5, Pins(6)=600.0, Dist=382.0, Win Bonus=0.0
[2026-05-22 11:15:58] SCORE HelloWorld (red): Final=442.5, Time=94.5, Moves(8)=0.0, Pins(1)=100.0, Dist=248.0, Win Bonus=0.0
[2026-05-22 11:15:58] ALL WRONG MOVES BY COLOUR: {'red': ['45 (turn timeout)', '50 (turn timeout)', '55 (turn timeout)', '60 (turn timeout)', '65 (turn timeout)', '70 (turn timeout)', '75 (turn timeout)', '80 (turn timeout)', '85 (turn timeout)', '90 (turn timeout)', '95 (turn timeout)', '100 (turn timeout)', '105 (turn timeout)', '110 (turn timeout)', '115 (turn timeout)', '120 (turn timeout)', '125 (turn timeout)', '130 (turn timeout)', '135 (turn timeout)', '140 (turn timeout)', '145 (turn timeout)', '150 (turn timeout)', '155 (turn timeout)', '160 (turn timeout)', '165 (turn timeout)', '170 (turn timeout)', '175 (turn timeout)', '180 (turn timeout)', '185 (turn timeout)', '190 (turn timeout)', '195 (turn timeout)'], 'lawn green': ['186 (turn timeout)', '191 (turn timeout)']}
[2026-05-22 11:15:58] TURN TIMEOUT: Player with colour red exceeded 2s at move 195. Turn skipped.
[2026-05-22 11:16:00] SCORE Gruppe 69 (lawn green): Final=1407.5, Time=96.0, Moves(37)=13.5, Pins(9)=900.0, Dist=398.0, Win Bonus=0.0
[2026-05-22 11:16:00] SCORE jat (gray0): Final=1274.4, Time=46.0, Moves(39)=32.5, Pins(8)=800.0, Dist=396.0, Win Bonus=0.0
[2026-05-22 11:16:00] SCORE group 99 (yellow): Final=1051.8, Time=51.3, Moves(39)=32.5, Pins(6)=600.0, Dist=368.0, Win Bonus=0.0
[2026-05-22 11:16:00] SCORE CybSec (purple): Final=1100.0, Time=85.5, Moves(39)=32.5, Pins(6)=600.0, Dist=382.0, Win Bonus=0.0
[2026-05-22 11:16:00] SCORE HelloWorld (red): Final=442.5, Time=94.5, Moves(8)=0.0, Pins(1)=100.0, Dist=248.0, Win Bonus=0.0
[2026-05-22 11:16:00] ALL WRONG MOVES BY COLOUR: {'red': ['45 (turn timeout)', '50 (turn timeout)', '55 (turn timeout)', '60 (turn timeout)', '65 (turn timeout)', '70 (turn timeout)', '75 (turn timeout)', '80 (turn timeout)', '85 (turn timeout)', '90 (turn timeout)', '95 (turn timeout)', '100 (turn timeout)', '105 (turn timeout)', '110 (turn timeout)', '115 (turn timeout)', '120 (turn timeout)', '125 (turn timeout)', '130 (turn timeout)', '135 (turn timeout)', '140 (turn timeout)', '145 (turn timeout)', '150 (turn timeout)', '155 (turn timeout)', '160 (turn timeout)', '165 (turn timeout)', '170 (turn timeout)', '175 (turn timeout)', '180 (turn timeout)', '185 (turn timeout)', '190 (turn timeout)', '195 (turn timeout)'], 'lawn green': ['186 (turn timeout)', '191 (turn timeout)', '196 (turn timeout)']}
[2026-05-22 11:16:00] TURN TIMEOUT: Player with colour lawn green exceeded 2s at move 196. Turn skipped.
[2026-05-22 11:16:01] MOVE 197: group 99 (yellow) 72->73 [0.01ms]
[2026-05-22 11:16:01] SCORE Gruppe 69 (lawn green): Final=1407.5, Time=96.0, Moves(37)=13.5, Pins(9)=900.0, Dist=398.0, Win Bonus=0.0
[2026-05-22 11:16:01] SCORE jat (gray0): Final=1274.4, Time=46.0, Moves(39)=32.5, Pins(8)=800.0, Dist=396.0, Win Bonus=0.0
[2026-05-22 11:16:01] SCORE group 99 (yellow): Final=1066.1, Time=50.3, Moves(40)=45.8, Pins(6)=600.0, Dist=370.0, Win Bonus=0.0
[2026-05-22 11:16:01] SCORE CybSec (purple): Final=1100.0, Time=85.5, Moves(39)=32.5, Pins(6)=600.0, Dist=382.0, Win Bonus=0.0
[2026-05-22 11:16:01] SCORE HelloWorld (red): Final=442.5, Time=94.5, Moves(8)=0.0, Pins(1)=100.0, Dist=248.0, Win Bonus=0.0
[2026-05-22 11:16:01] ALL WRONG MOVES BY COLOUR: {'red': ['45 (turn timeout)', '50 (turn timeout)', '55 (turn timeout)', '60 (turn timeout)', '65 (turn timeout)', '70 (turn timeout)', '75 (turn timeout)', '80 (turn timeout)', '85 (turn timeout)', '90 (turn timeout)', '95 (turn timeout)', '100 (turn timeout)', '105 (turn timeout)', '110 (turn timeout)', '115 (turn timeout)', '120 (turn timeout)', '125 (turn timeout)', '130 (turn timeout)', '135 (turn timeout)', '140 (turn timeout)', '145 (turn timeout)', '150 (turn timeout)', '155 (turn timeout)', '160 (turn timeout)', '165 (turn timeout)', '170 (turn timeout)', '175 (turn timeout)', '180 (turn timeout)', '185 (turn timeout)', '190 (turn timeout)', '195 (turn timeout)'], 'lawn green': ['186 (turn timeout)', '191 (turn timeout)', '196 (turn timeout)']}
[2026-05-22 11:16:02] MOVE 198: jat (gray0) 43->64 [0.00ms]
[2026-05-22 11:16:02] SCORE Gruppe 69 (lawn green): Final=1407.5, Time=96.0, Moves(37)=13.5, Pins(9)=900.0, Dist=398.0, Win Bonus=0.0
[2026-05-22 11:16:02] SCORE jat (gray0): Final=1287.0, Time=45.2, Moves(40)=45.8, Pins(8)=800.0, Dist=396.0, Win Bonus=0.0
[2026-05-22 11:16:02] SCORE group 99 (yellow): Final=1066.1, Time=50.3, Moves(40)=45.8, Pins(6)=600.0, Dist=370.0, Win Bonus=0.0
[2026-05-22 11:16:02] SCORE CybSec (purple): Final=1100.0, Time=85.5, Moves(39)=32.5, Pins(6)=600.0, Dist=382.0, Win Bonus=0.0
[2026-05-22 11:16:02] SCORE HelloWorld (red): Final=442.5, Time=94.5, Moves(8)=0.0, Pins(1)=100.0, Dist=248.0, Win Bonus=0.0
[2026-05-22 11:16:02] ALL WRONG MOVES BY COLOUR: {'red': ['45 (turn timeout)', '50 (turn timeout)', '55 (turn timeout)', '60 (turn timeout)', '65 (turn timeout)', '70 (turn timeout)', '75 (turn timeout)', '80 (turn timeout)', '85 (turn timeout)', '90 (turn timeout)', '95 (turn timeout)', '100 (turn timeout)', '105 (turn timeout)', '110 (turn timeout)', '115 (turn timeout)', '120 (turn timeout)', '125 (turn timeout)', '130 (turn timeout)', '135 (turn timeout)', '140 (turn timeout)', '145 (turn timeout)', '150 (turn timeout)', '155 (turn timeout)', '160 (turn timeout)', '165 (turn timeout)', '170 (turn timeout)', '175 (turn timeout)', '180 (turn timeout)', '185 (turn timeout)', '190 (turn timeout)', '195 (turn timeout)'], 'lawn green': ['186 (turn timeout)', '191 (turn timeout)', '196 (turn timeout)']}
[2026-05-22 11:16:02] MOVE 199: CybSec (purple) 66->56 [0.01ms]
[2026-05-22 11:16:02] SCORE Gruppe 69 (lawn green): Final=1407.5, Time=96.0, Moves(37)=13.5, Pins(9)=900.0, Dist=398.0, Win Bonus=0.0
[2026-05-22 11:16:02] SCORE jat (gray0): Final=1287.0, Time=45.2, Moves(40)=45.8, Pins(8)=800.0, Dist=396.0, Win Bonus=0.0
[2026-05-22 11:16:02] SCORE group 99 (yellow): Final=1066.1, Time=50.3, Moves(40)=45.8, Pins(6)=600.0, Dist=370.0, Win Bonus=0.0
[2026-05-22 11:16:02] SCORE CybSec (purple): Final=1114.9, Time=85.1, Moves(40)=45.8, Pins(6)=600.0, Dist=384.0, Win Bonus=0.0
[2026-05-22 11:16:02] SCORE HelloWorld (red): Final=442.5, Time=94.5, Moves(8)=0.0, Pins(1)=100.0, Dist=248.0, Win Bonus=0.0
[2026-05-22 11:16:02] ALL WRONG MOVES BY COLOUR: {'red': ['45 (turn timeout)', '50 (turn timeout)', '55 (turn timeout)', '60 (turn timeout)', '65 (turn timeout)', '70 (turn timeout)', '75 (turn timeout)', '80 (turn timeout)', '85 (turn timeout)', '90 (turn timeout)', '95 (turn timeout)', '100 (turn timeout)', '105 (turn timeout)', '110 (turn timeout)', '115 (turn timeout)', '120 (turn timeout)', '125 (turn timeout)', '130 (turn timeout)', '135 (turn timeout)', '140 (turn timeout)', '145 (turn timeout)', '150 (turn timeout)', '155 (turn timeout)', '160 (turn timeout)', '165 (turn timeout)', '170 (turn timeout)', '175 (turn timeout)', '180 (turn timeout)', '185 (turn timeout)', '190 (turn timeout)', '195 (turn timeout)'], 'lawn green': ['186 (turn timeout)', '191 (turn timeout)', '196 (turn timeout)']}
[2026-05-22 11:16:04] SCORE Gruppe 69 (lawn green): Final=1407.5, Time=96.0, Moves(37)=13.5, Pins(9)=900.0, Dist=398.0, Win Bonus=0.0
[2026-05-22 11:16:04] SCORE jat (gray0): Final=1287.0, Time=45.2, Moves(40)=45.8, Pins(8)=800.0, Dist=396.0, Win Bonus=0.0
[2026-05-22 11:16:04] SCORE group 99 (yellow): Final=1066.1, Time=50.3, Moves(40)=45.8, Pins(6)=600.0, Dist=370.0, Win Bonus=0.0
[2026-05-22 11:16:04] SCORE CybSec (purple): Final=1114.9, Time=85.1, Moves(40)=45.8, Pins(6)=600.0, Dist=384.0, Win Bonus=0.0
[2026-05-22 11:16:04] SCORE HelloWorld (red): Final=442.5, Time=94.5, Moves(8)=0.0, Pins(1)=100.0, Dist=248.0, Win Bonus=0.0
[2026-05-22 11:16:04] ALL WRONG MOVES BY COLOUR: {'red': ['45 (turn timeout)', '50 (turn timeout)', '55 (turn timeout)', '60 (turn timeout)', '65 (turn timeout)', '70 (turn timeout)', '75 (turn timeout)', '80 (turn timeout)', '85 (turn timeout)', '90 (turn timeout)', '95 (turn timeout)', '100 (turn timeout)', '105 (turn timeout)', '110 (turn timeout)', '115 (turn timeout)', '120 (turn timeout)', '125 (turn timeout)', '130 (turn timeout)', '135 (turn timeout)', '140 (turn timeout)', '145 (turn timeout)', '150 (turn timeout)', '155 (turn timeout)', '160 (turn timeout)', '165 (turn timeout)', '170 (turn timeout)', '175 (turn timeout)', '180 (turn timeout)', '185 (turn timeout)', '190 (turn timeout)', '195 (turn timeout)', '200 (turn timeout)'], 'lawn green': ['186 (turn timeout)', '191 (turn timeout)', '196 (turn timeout)']}
[2026-05-22 11:16:04] TURN TIMEOUT: Player with colour red exceeded 2s at move 200. Turn skipped.
[2026-05-22 11:16:06] SCORE Gruppe 69 (lawn green): Final=1407.5, Time=96.0, Moves(37)=13.5, Pins(9)=900.0, Dist=398.0, Win Bonus=0.0
[2026-05-22 11:16:06] SCORE jat (gray0): Final=1287.0, Time=45.2, Moves(40)=45.8, Pins(8)=800.0, Dist=396.0, Win Bonus=0.0
[2026-05-22 11:16:06] SCORE group 99 (yellow): Final=1066.1, Time=50.3, Moves(40)=45.8, Pins(6)=600.0, Dist=370.0, Win Bonus=0.0
[2026-05-22 11:16:06] SCORE CybSec (purple): Final=1114.9, Time=85.1, Moves(40)=45.8, Pins(6)=600.0, Dist=384.0, Win Bonus=0.0
[2026-05-22 11:16:06] SCORE HelloWorld (red): Final=442.5, Time=94.5, Moves(8)=0.0, Pins(1)=100.0, Dist=248.0, Win Bonus=0.0
[2026-05-22 11:16:06] ALL WRONG MOVES BY COLOUR: {'red': ['45 (turn timeout)', '50 (turn timeout)', '55 (turn timeout)', '60 (turn timeout)', '65 (turn timeout)', '70 (turn timeout)', '75 (turn timeout)', '80 (turn timeout)', '85 (turn timeout)', '90 (turn timeout)', '95 (turn timeout)', '100 (turn timeout)', '105 (turn timeout)', '110 (turn timeout)', '115 (turn timeout)', '120 (turn timeout)', '125 (turn timeout)', '130 (turn timeout)', '135 (turn timeout)', '140 (turn timeout)', '145 (turn timeout)', '150 (turn timeout)', '155 (turn timeout)', '160 (turn timeout)', '165 (turn timeout)', '170 (turn timeout)', '175 (turn timeout)', '180 (turn timeout)', '185 (turn timeout)', '190 (turn timeout)', '195 (turn timeout)', '200 (turn timeout)'], 'lawn green': ['186 (turn timeout)', '191 (turn timeout)', '196 (turn timeout)', '201 (turn timeout)']}
[2026-05-22 11:16:06] TURN TIMEOUT: Player with colour lawn green exceeded 2s at move 201. Turn skipped.
[2026-05-22 11:16:07] MOVE 202: group 99 (yellow) 107->84 [0.01ms]
[2026-05-22 11:16:07] SCORE Gruppe 69 (lawn green): Final=1407.5, Time=96.0, Moves(37)=13.5, Pins(9)=900.0, Dist=398.0, Win Bonus=0.0
[2026-05-22 11:16:07] SCORE jat (gray0): Final=1287.0, Time=45.2, Moves(40)=45.8, Pins(8)=800.0, Dist=396.0, Win Bonus=0.0
[2026-05-22 11:16:07] SCORE group 99 (yellow): Final=1079.9, Time=49.3, Moves(41)=60.7, Pins(6)=600.0, Dist=370.0, Win Bonus=0.0
[2026-05-22 11:16:07] SCORE CybSec (purple): Final=1114.9, Time=85.1, Moves(40)=45.8, Pins(6)=600.0, Dist=384.0, Win Bonus=0.0
[2026-05-22 11:16:07] SCORE HelloWorld (red): Final=442.5, Time=94.5, Moves(8)=0.0, Pins(1)=100.0, Dist=248.0, Win Bonus=0.0
[2026-05-22 11:16:07] ALL WRONG MOVES BY COLOUR: {'red': ['45 (turn timeout)', '50 (turn timeout)', '55 (turn timeout)', '60 (turn timeout)', '65 (turn timeout)', '70 (turn timeout)', '75 (turn timeout)', '80 (turn timeout)', '85 (turn timeout)', '90 (turn timeout)', '95 (turn timeout)', '100 (turn timeout)', '105 (turn timeout)', '110 (turn timeout)', '115 (turn timeout)', '120 (turn timeout)', '125 (turn timeout)', '130 (turn timeout)', '135 (turn timeout)', '140 (turn timeout)', '145 (turn timeout)', '150 (turn timeout)', '155 (turn timeout)', '160 (turn timeout)', '165 (turn timeout)', '170 (turn timeout)', '175 (turn timeout)', '180 (turn timeout)', '185 (turn timeout)', '190 (turn timeout)', '195 (turn timeout)', '200 (turn timeout)'], 'lawn green': ['186 (turn timeout)', '191 (turn timeout)', '196 (turn timeout)', '201 (turn timeout)']}
[2026-05-22 11:16:08] MOVE 203: jat (gray0) 64->43 [0.01ms]
[2026-05-22 11:16:08] SCORE Gruppe 69 (lawn green): Final=1407.5, Time=96.0, Moves(37)=13.5, Pins(9)=900.0, Dist=398.0, Win Bonus=0.0
[2026-05-22 11:16:08] SCORE jat (gray0): Final=1301.1, Time=44.4, Moves(41)=60.7, Pins(8)=800.0, Dist=396.0, Win Bonus=0.0
[2026-05-22 11:16:08] SCORE group 99 (yellow): Final=1079.9, Time=49.3, Moves(41)=60.7, Pins(6)=600.0, Dist=370.0, Win Bonus=0.0
[2026-05-22 11:16:08] SCORE CybSec (purple): Final=1114.9, Time=85.1, Moves(40)=45.8, Pins(6)=600.0, Dist=384.0, Win Bonus=0.0
[2026-05-22 11:16:08] SCORE HelloWorld (red): Final=442.5, Time=94.5, Moves(8)=0.0, Pins(1)=100.0, Dist=248.0, Win Bonus=0.0
[2026-05-22 11:16:08] ALL WRONG MOVES BY COLOUR: {'red': ['45 (turn timeout)', '50 (turn timeout)', '55 (turn timeout)', '60 (turn timeout)', '65 (turn timeout)', '70 (turn timeout)', '75 (turn timeout)', '80 (turn timeout)', '85 (turn timeout)', '90 (turn timeout)', '95 (turn timeout)', '100 (turn timeout)', '105 (turn timeout)', '110 (turn timeout)', '115 (turn timeout)', '120 (turn timeout)', '125 (turn timeout)', '130 (turn timeout)', '135 (turn timeout)', '140 (turn timeout)', '145 (turn timeout)', '150 (turn timeout)', '155 (turn timeout)', '160 (turn timeout)', '165 (turn timeout)', '170 (turn timeout)', '175 (turn timeout)', '180 (turn timeout)', '185 (turn timeout)', '190 (turn timeout)', '195 (turn timeout)', '200 (turn timeout)'], 'lawn green': ['186 (turn timeout)', '191 (turn timeout)', '196 (turn timeout)', '201 (turn timeout)']}
[2026-05-22 11:16:08] MOVE 204: CybSec (purple) 56->10 [0.01ms]
[2026-05-22 11:16:08] SCORE Gruppe 69 (lawn green): Final=1407.5, Time=96.0, Moves(37)=13.5, Pins(9)=900.0, Dist=398.0, Win Bonus=0.0
[2026-05-22 11:16:08] SCORE jat (gray0): Final=1301.1, Time=44.4, Moves(41)=60.7, Pins(8)=800.0, Dist=396.0, Win Bonus=0.0
[2026-05-22 11:16:08] SCORE group 99 (yellow): Final=1079.9, Time=49.3, Moves(41)=60.7, Pins(6)=600.0, Dist=370.0, Win Bonus=0.0
[2026-05-22 11:16:08] SCORE CybSec (purple): Final=1231.1, Time=84.5, Moves(41)=60.7, Pins(7)=700.0, Dist=386.0, Win Bonus=0.0
[2026-05-22 11:16:08] SCORE HelloWorld (red): Final=442.5, Time=94.5, Moves(8)=0.0, Pins(1)=100.0, Dist=248.0, Win Bonus=0.0
[2026-05-22 11:16:08] ALL WRONG MOVES BY COLOUR: {'red': ['45 (turn timeout)', '50 (turn timeout)', '55 (turn timeout)', '60 (turn timeout)', '65 (turn timeout)', '70 (turn timeout)', '75 (turn timeout)', '80 (turn timeout)', '85 (turn timeout)', '90 (turn timeout)', '95 (turn timeout)', '100 (turn timeout)', '105 (turn timeout)', '110 (turn timeout)', '115 (turn timeout)', '120 (turn timeout)', '125 (turn timeout)', '130 (turn timeout)', '135 (turn timeout)', '140 (turn timeout)', '145 (turn timeout)', '150 (turn timeout)', '155 (turn timeout)', '160 (turn timeout)', '165 (turn timeout)', '170 (turn timeout)', '175 (turn timeout)', '180 (turn timeout)', '185 (turn timeout)', '190 (turn timeout)', '195 (turn timeout)', '200 (turn timeout)'], 'lawn green': ['186 (turn timeout)', '191 (turn timeout)', '196 (turn timeout)', '201 (turn timeout)']}
[2026-05-22 11:16:10] SCORE Gruppe 69 (lawn green): Final=1407.5, Time=96.0, Moves(37)=13.5, Pins(9)=900.0, Dist=398.0, Win Bonus=0.0
[2026-05-22 11:16:10] SCORE jat (gray0): Final=1301.1, Time=44.4, Moves(41)=60.7, Pins(8)=800.0, Dist=396.0, Win Bonus=0.0
[2026-05-22 11:16:10] SCORE group 99 (yellow): Final=1079.9, Time=49.3, Moves(41)=60.7, Pins(6)=600.0, Dist=370.0, Win Bonus=0.0
[2026-05-22 11:16:10] SCORE CybSec (purple): Final=1231.1, Time=84.5, Moves(41)=60.7, Pins(7)=700.0, Dist=386.0, Win Bonus=0.0
[2026-05-22 11:16:10] SCORE HelloWorld (red): Final=442.5, Time=94.5, Moves(8)=0.0, Pins(1)=100.0, Dist=248.0, Win Bonus=0.0
[2026-05-22 11:16:10] ALL WRONG MOVES BY COLOUR: {'red': ['45 (turn timeout)', '50 (turn timeout)', '55 (turn timeout)', '60 (turn timeout)', '65 (turn timeout)', '70 (turn timeout)', '75 (turn timeout)', '80 (turn timeout)', '85 (turn timeout)', '90 (turn timeout)', '95 (turn timeout)', '100 (turn timeout)', '105 (turn timeout)', '110 (turn timeout)', '115 (turn timeout)', '120 (turn timeout)', '125 (turn timeout)', '130 (turn timeout)', '135 (turn timeout)', '140 (turn timeout)', '145 (turn timeout)', '150 (turn timeout)', '155 (turn timeout)', '160 (turn timeout)', '165 (turn timeout)', '170 (turn timeout)', '175 (turn timeout)', '180 (turn timeout)', '185 (turn timeout)', '190 (turn timeout)', '195 (turn timeout)', '200 (turn timeout)', '205 (turn timeout)'], 'lawn green': ['186 (turn timeout)', '191 (turn timeout)', '196 (turn timeout)', '201 (turn timeout)']}
[2026-05-22 11:16:10] TURN TIMEOUT: Player with colour red exceeded 2s at move 205. Turn skipped.
[2026-05-22 11:16:13] SCORE Gruppe 69 (lawn green): Final=1407.5, Time=96.0, Moves(37)=13.5, Pins(9)=900.0, Dist=398.0, Win Bonus=0.0
[2026-05-22 11:16:13] SCORE jat (gray0): Final=1301.1, Time=44.4, Moves(41)=60.7, Pins(8)=800.0, Dist=396.0, Win Bonus=0.0
[2026-05-22 11:16:13] SCORE group 99 (yellow): Final=1079.9, Time=49.3, Moves(41)=60.7, Pins(6)=600.0, Dist=370.0, Win Bonus=0.0
[2026-05-22 11:16:13] SCORE CybSec (purple): Final=1231.1, Time=84.5, Moves(41)=60.7, Pins(7)=700.0, Dist=386.0, Win Bonus=0.0
[2026-05-22 11:16:13] SCORE HelloWorld (red): Final=442.5, Time=94.5, Moves(8)=0.0, Pins(1)=100.0, Dist=248.0, Win Bonus=0.0
[2026-05-22 11:16:13] ALL WRONG MOVES BY COLOUR: {'red': ['45 (turn timeout)', '50 (turn timeout)', '55 (turn timeout)', '60 (turn timeout)', '65 (turn timeout)', '70 (turn timeout)', '75 (turn timeout)', '80 (turn timeout)', '85 (turn timeout)', '90 (turn timeout)', '95 (turn timeout)', '100 (turn timeout)', '105 (turn timeout)', '110 (turn timeout)', '115 (turn timeout)', '120 (turn timeout)', '125 (turn timeout)', '130 (turn timeout)', '135 (turn timeout)', '140 (turn timeout)', '145 (turn timeout)', '150 (turn timeout)', '155 (turn timeout)', '160 (turn timeout)', '165 (turn timeout)', '170 (turn timeout)', '175 (turn timeout)', '180 (turn timeout)', '185 (turn timeout)', '190 (turn timeout)', '195 (turn timeout)', '200 (turn timeout)', '205 (turn timeout)'], 'lawn green': ['186 (turn timeout)', '191 (turn timeout)', '196 (turn timeout)', '201 (turn timeout)', '206 (turn timeout)']}
[2026-05-22 11:16:13] TURN TIMEOUT: Player with colour lawn green exceeded 2s at move 206. Turn skipped.
[2026-05-22 11:16:14] MOVE 207: group 99 (yellow) 105->109 [0.01ms]
[2026-05-22 11:16:14] SCORE Gruppe 69 (lawn green): Final=1407.5, Time=96.0, Moves(37)=13.5, Pins(9)=900.0, Dist=398.0, Win Bonus=0.0
[2026-05-22 11:16:14] SCORE jat (gray0): Final=1301.1, Time=44.4, Moves(41)=60.7, Pins(8)=800.0, Dist=396.0, Win Bonus=0.0
[2026-05-22 11:16:14] SCORE group 99 (yellow): Final=1197.7, Time=48.2, Moves(42)=75.5, Pins(7)=700.0, Dist=374.0, Win Bonus=0.0
[2026-05-22 11:16:14] SCORE CybSec (purple): Final=1231.1, Time=84.5, Moves(41)=60.7, Pins(7)=700.0, Dist=386.0, Win Bonus=0.0
[2026-05-22 11:16:14] SCORE HelloWorld (red): Final=442.5, Time=94.5, Moves(8)=0.0, Pins(1)=100.0, Dist=248.0, Win Bonus=0.0
[2026-05-22 11:16:14] ALL WRONG MOVES BY COLOUR: {'red': ['45 (turn timeout)', '50 (turn timeout)', '55 (turn timeout)', '60 (turn timeout)', '65 (turn timeout)', '70 (turn timeout)', '75 (turn timeout)', '80 (turn timeout)', '85 (turn timeout)', '90 (turn timeout)', '95 (turn timeout)', '100 (turn timeout)', '105 (turn timeout)', '110 (turn timeout)', '115 (turn timeout)', '120 (turn timeout)', '125 (turn timeout)', '130 (turn timeout)', '135 (turn timeout)', '140 (turn timeout)', '145 (turn timeout)', '150 (turn timeout)', '155 (turn timeout)', '160 (turn timeout)', '165 (turn timeout)', '170 (turn timeout)', '175 (turn timeout)', '180 (turn timeout)', '185 (turn timeout)', '190 (turn timeout)', '195 (turn timeout)', '200 (turn timeout)', '205 (turn timeout)'], 'lawn green': ['186 (turn timeout)', '191 (turn timeout)', '196 (turn timeout)', '201 (turn timeout)', '206 (turn timeout)']}
[2026-05-22 11:16:14] MOVE 208: jat (gray0) 43->64 [0.01ms]
[2026-05-22 11:16:14] SCORE Gruppe 69 (lawn green): Final=1407.5, Time=96.0, Moves(37)=13.5, Pins(9)=900.0, Dist=398.0, Win Bonus=0.0
[2026-05-22 11:16:14] SCORE jat (gray0): Final=1315.4, Time=43.9, Moves(42)=75.5, Pins(8)=800.0, Dist=396.0, Win Bonus=0.0
[2026-05-22 11:16:14] SCORE group 99 (yellow): Final=1197.7, Time=48.2, Moves(42)=75.5, Pins(7)=700.0, Dist=374.0, Win Bonus=0.0
[2026-05-22 11:16:14] SCORE CybSec (purple): Final=1231.1, Time=84.5, Moves(41)=60.7, Pins(7)=700.0, Dist=386.0, Win Bonus=0.0
[2026-05-22 11:16:14] SCORE HelloWorld (red): Final=442.5, Time=94.5, Moves(8)=0.0, Pins(1)=100.0, Dist=248.0, Win Bonus=0.0
[2026-05-22 11:16:14] ALL WRONG MOVES BY COLOUR: {'red': ['45 (turn timeout)', '50 (turn timeout)', '55 (turn timeout)', '60 (turn timeout)', '65 (turn timeout)', '70 (turn timeout)', '75 (turn timeout)', '80 (turn timeout)', '85 (turn timeout)', '90 (turn timeout)', '95 (turn timeout)', '100 (turn timeout)', '105 (turn timeout)', '110 (turn timeout)', '115 (turn timeout)', '120 (turn timeout)', '125 (turn timeout)', '130 (turn timeout)', '135 (turn timeout)', '140 (turn timeout)', '145 (turn timeout)', '150 (turn timeout)', '155 (turn timeout)', '160 (turn timeout)', '165 (turn timeout)', '170 (turn timeout)', '175 (turn timeout)', '180 (turn timeout)', '185 (turn timeout)', '190 (turn timeout)', '195 (turn timeout)', '200 (turn timeout)', '205 (turn timeout)'], 'lawn green': ['186 (turn timeout)', '191 (turn timeout)', '196 (turn timeout)', '201 (turn timeout)', '206 (turn timeout)']}
[2026-05-22 11:16:15] MOVE 209: CybSec (purple) 27->26 [0.01ms]
[2026-05-22 11:16:15] SCORE Gruppe 69 (lawn green): Final=1407.5, Time=96.0, Moves(37)=13.5, Pins(9)=900.0, Dist=398.0, Win Bonus=0.0
[2026-05-22 11:16:15] SCORE jat (gray0): Final=1315.4, Time=43.9, Moves(42)=75.5, Pins(8)=800.0, Dist=396.0, Win Bonus=0.0
[2026-05-22 11:16:15] SCORE group 99 (yellow): Final=1197.7, Time=48.2, Moves(42)=75.5, Pins(7)=700.0, Dist=374.0, Win Bonus=0.0
[2026-05-22 11:16:15] SCORE CybSec (purple): Final=1247.4, Time=83.9, Moves(42)=75.5, Pins(7)=700.0, Dist=388.0, Win Bonus=0.0
[2026-05-22 11:16:15] SCORE HelloWorld (red): Final=442.5, Time=94.5, Moves(8)=0.0, Pins(1)=100.0, Dist=248.0, Win Bonus=0.0
[2026-05-22 11:16:15] ALL WRONG MOVES BY COLOUR: {'red': ['45 (turn timeout)', '50 (turn timeout)', '55 (turn timeout)', '60 (turn timeout)', '65 (turn timeout)', '70 (turn timeout)', '75 (turn timeout)', '80 (turn timeout)', '85 (turn timeout)', '90 (turn timeout)', '95 (turn timeout)', '100 (turn timeout)', '105 (turn timeout)', '110 (turn timeout)', '115 (turn timeout)', '120 (turn timeout)', '125 (turn timeout)', '130 (turn timeout)', '135 (turn timeout)', '140 (turn timeout)', '145 (turn timeout)', '150 (turn timeout)', '155 (turn timeout)', '160 (turn timeout)', '165 (turn timeout)', '170 (turn timeout)', '175 (turn timeout)', '180 (turn timeout)', '185 (turn timeout)', '190 (turn timeout)', '195 (turn timeout)', '200 (turn timeout)', '205 (turn timeout)'], 'lawn green': ['186 (turn timeout)', '191 (turn timeout)', '196 (turn timeout)', '201 (turn timeout)', '206 (turn timeout)']}
[2026-05-22 11:16:17] SCORE Gruppe 69 (lawn green): Final=1407.5, Time=96.0, Moves(37)=13.5, Pins(9)=900.0, Dist=398.0, Win Bonus=0.0
[2026-05-22 11:16:17] SCORE jat (gray0): Final=1315.4, Time=43.9, Moves(42)=75.5, Pins(8)=800.0, Dist=396.0, Win Bonus=0.0
[2026-05-22 11:16:17] SCORE group 99 (yellow): Final=1197.7, Time=48.2, Moves(42)=75.5, Pins(7)=700.0, Dist=374.0, Win Bonus=0.0
[2026-05-22 11:16:17] SCORE CybSec (purple): Final=1247.4, Time=83.9, Moves(42)=75.5, Pins(7)=700.0, Dist=388.0, Win Bonus=0.0
[2026-05-22 11:16:17] SCORE HelloWorld (red): Final=442.5, Time=94.5, Moves(8)=0.0, Pins(1)=100.0, Dist=248.0, Win Bonus=0.0
[2026-05-22 11:16:17] ALL WRONG MOVES BY COLOUR: {'red': ['45 (turn timeout)', '50 (turn timeout)', '55 (turn timeout)', '60 (turn timeout)', '65 (turn timeout)', '70 (turn timeout)', '75 (turn timeout)', '80 (turn timeout)', '85 (turn timeout)', '90 (turn timeout)', '95 (turn timeout)', '100 (turn timeout)', '105 (turn timeout)', '110 (turn timeout)', '115 (turn timeout)', '120 (turn timeout)', '125 (turn timeout)', '130 (turn timeout)', '135 (turn timeout)', '140 (turn timeout)', '145 (turn timeout)', '150 (turn timeout)', '155 (turn timeout)', '160 (turn timeout)', '165 (turn timeout)', '170 (turn timeout)', '175 (turn timeout)', '180 (turn timeout)', '185 (turn timeout)', '190 (turn timeout)', '195 (turn timeout)', '200 (turn timeout)', '205 (turn timeout)', '210 (turn timeout)'], 'lawn green': ['186 (turn timeout)', '191 (turn timeout)', '196 (turn timeout)', '201 (turn timeout)', '206 (turn timeout)']}
[2026-05-22 11:16:17] TURN TIMEOUT: Player with colour red exceeded 2s at move 210. Turn skipped.
[2026-05-22 11:16:19] SCORE Gruppe 69 (lawn green): Final=1407.5, Time=96.0, Moves(37)=13.5, Pins(9)=900.0, Dist=398.0, Win Bonus=0.0
[2026-05-22 11:16:19] SCORE jat (gray0): Final=1315.4, Time=43.9, Moves(42)=75.5, Pins(8)=800.0, Dist=396.0, Win Bonus=0.0
[2026-05-22 11:16:19] SCORE group 99 (yellow): Final=1197.7, Time=48.2, Moves(42)=75.5, Pins(7)=700.0, Dist=374.0, Win Bonus=0.0
[2026-05-22 11:16:19] SCORE CybSec (purple): Final=1247.4, Time=83.9, Moves(42)=75.5, Pins(7)=700.0, Dist=388.0, Win Bonus=0.0
[2026-05-22 11:16:19] SCORE HelloWorld (red): Final=442.5, Time=94.5, Moves(8)=0.0, Pins(1)=100.0, Dist=248.0, Win Bonus=0.0
[2026-05-22 11:16:19] ALL WRONG MOVES BY COLOUR: {'red': ['45 (turn timeout)', '50 (turn timeout)', '55 (turn timeout)', '60 (turn timeout)', '65 (turn timeout)', '70 (turn timeout)', '75 (turn timeout)', '80 (turn timeout)', '85 (turn timeout)', '90 (turn timeout)', '95 (turn timeout)', '100 (turn timeout)', '105 (turn timeout)', '110 (turn timeout)', '115 (turn timeout)', '120 (turn timeout)', '125 (turn timeout)', '130 (turn timeout)', '135 (turn timeout)', '140 (turn timeout)', '145 (turn timeout)', '150 (turn timeout)', '155 (turn timeout)', '160 (turn timeout)', '165 (turn timeout)', '170 (turn timeout)', '175 (turn timeout)', '180 (turn timeout)', '185 (turn timeout)', '190 (turn timeout)', '195 (turn timeout)', '200 (turn timeout)', '205 (turn timeout)', '210 (turn timeout)'], 'lawn green': ['186 (turn timeout)', '191 (turn timeout)', '196 (turn timeout)', '201 (turn timeout)', '206 (turn timeout)', '211 (turn timeout)']}
[2026-05-22 11:16:19] TURN TIMEOUT: Player with colour lawn green exceeded 2s at move 211. Turn skipped.
[2026-05-22 11:16:20] MOVE 212: group 99 (yellow) 73->96 [0.00ms]
[2026-05-22 11:16:20] SCORE Gruppe 69 (lawn green): Final=1407.5, Time=96.0, Moves(37)=13.5, Pins(9)=900.0, Dist=398.0, Win Bonus=0.0
[2026-05-22 11:16:20] SCORE jat (gray0): Final=1315.4, Time=43.9, Moves(42)=75.5, Pins(8)=800.0, Dist=396.0, Win Bonus=0.0
[2026-05-22 11:16:20] SCORE group 99 (yellow): Final=1311.4, Time=47.2, Moves(43)=88.2, Pins(8)=800.0, Dist=376.0, Win Bonus=0.0
[2026-05-22 11:16:20] SCORE CybSec (purple): Final=1247.4, Time=83.9, Moves(42)=75.5, Pins(7)=700.0, Dist=388.0, Win Bonus=0.0
[2026-05-22 11:16:20] SCORE HelloWorld (red): Final=442.5, Time=94.5, Moves(8)=0.0, Pins(1)=100.0, Dist=248.0, Win Bonus=0.0
[2026-05-22 11:16:20] ALL WRONG MOVES BY COLOUR: {'red': ['45 (turn timeout)', '50 (turn timeout)', '55 (turn timeout)', '60 (turn timeout)', '65 (turn timeout)', '70 (turn timeout)', '75 (turn timeout)', '80 (turn timeout)', '85 (turn timeout)', '90 (turn timeout)', '95 (turn timeout)', '100 (turn timeout)', '105 (turn timeout)', '110 (turn timeout)', '115 (turn timeout)', '120 (turn timeout)', '125 (turn timeout)', '130 (turn timeout)', '135 (turn timeout)', '140 (turn timeout)', '145 (turn timeout)', '150 (turn timeout)', '155 (turn timeout)', '160 (turn timeout)', '165 (turn timeout)', '170 (turn timeout)', '175 (turn timeout)', '180 (turn timeout)', '185 (turn timeout)', '190 (turn timeout)', '195 (turn timeout)', '200 (turn timeout)', '205 (turn timeout)', '210 (turn timeout)'], 'lawn green': ['186 (turn timeout)', '191 (turn timeout)', '196 (turn timeout)', '201 (turn timeout)', '206 (turn timeout)', '211 (turn timeout)']}
[2026-05-22 11:16:21] MOVE 213: jat (gray0) 64->43 [0.01ms]
[2026-05-22 11:16:21] SCORE Gruppe 69 (lawn green): Final=1407.5, Time=96.0, Moves(37)=13.5, Pins(9)=900.0, Dist=398.0, Win Bonus=0.0
[2026-05-22 11:16:21] SCORE jat (gray0): Final=1327.5, Time=43.3, Moves(43)=88.2, Pins(8)=800.0, Dist=396.0, Win Bonus=0.0
[2026-05-22 11:16:21] SCORE group 99 (yellow): Final=1311.4, Time=47.2, Moves(43)=88.2, Pins(8)=800.0, Dist=376.0, Win Bonus=0.0
[2026-05-22 11:16:21] SCORE CybSec (purple): Final=1247.4, Time=83.9, Moves(42)=75.5, Pins(7)=700.0, Dist=388.0, Win Bonus=0.0
[2026-05-22 11:16:21] SCORE HelloWorld (red): Final=442.5, Time=94.5, Moves(8)=0.0, Pins(1)=100.0, Dist=248.0, Win Bonus=0.0
[2026-05-22 11:16:21] ALL WRONG MOVES BY COLOUR: {'red': ['45 (turn timeout)', '50 (turn timeout)', '55 (turn timeout)', '60 (turn timeout)', '65 (turn timeout)', '70 (turn timeout)', '75 (turn timeout)', '80 (turn timeout)', '85 (turn timeout)', '90 (turn timeout)', '95 (turn timeout)', '100 (turn timeout)', '105 (turn timeout)', '110 (turn timeout)', '115 (turn timeout)', '120 (turn timeout)', '125 (turn timeout)', '130 (turn timeout)', '135 (turn timeout)', '140 (turn timeout)', '145 (turn timeout)', '150 (turn timeout)', '155 (turn timeout)', '160 (turn timeout)', '165 (turn timeout)', '170 (turn timeout)', '175 (turn timeout)', '180 (turn timeout)', '185 (turn timeout)', '190 (turn timeout)', '195 (turn timeout)', '200 (turn timeout)', '205 (turn timeout)', '210 (turn timeout)'], 'lawn green': ['186 (turn timeout)', '191 (turn timeout)', '196 (turn timeout)', '201 (turn timeout)', '206 (turn timeout)', '211 (turn timeout)']}
[2026-05-22 11:16:21] MOVE 214: CybSec (purple) 14->35 [0.01ms]
[2026-05-22 11:16:21] SCORE Gruppe 69 (lawn green): Final=1407.5, Time=96.0, Moves(37)=13.5, Pins(9)=900.0, Dist=398.0, Win Bonus=0.0
[2026-05-22 11:16:21] SCORE jat (gray0): Final=1327.5, Time=43.3, Moves(43)=88.2, Pins(8)=800.0, Dist=396.0, Win Bonus=0.0
[2026-05-22 11:16:21] SCORE group 99 (yellow): Final=1311.4, Time=47.2, Moves(43)=88.2, Pins(8)=800.0, Dist=376.0, Win Bonus=0.0
[2026-05-22 11:16:21] SCORE CybSec (purple): Final=1361.8, Time=83.5, Moves(43)=88.2, Pins(8)=800.0, Dist=390.0, Win Bonus=0.0
[2026-05-22 11:16:21] SCORE HelloWorld (red): Final=442.5, Time=94.5, Moves(8)=0.0, Pins(1)=100.0, Dist=248.0, Win Bonus=0.0
[2026-05-22 11:16:21] ALL WRONG MOVES BY COLOUR: {'red': ['45 (turn timeout)', '50 (turn timeout)', '55 (turn timeout)', '60 (turn timeout)', '65 (turn timeout)', '70 (turn timeout)', '75 (turn timeout)', '80 (turn timeout)', '85 (turn timeout)', '90 (turn timeout)', '95 (turn timeout)', '100 (turn timeout)', '105 (turn timeout)', '110 (turn timeout)', '115 (turn timeout)', '120 (turn timeout)', '125 (turn timeout)', '130 (turn timeout)', '135 (turn timeout)', '140 (turn timeout)', '145 (turn timeout)', '150 (turn timeout)', '155 (turn timeout)', '160 (turn timeout)', '165 (turn timeout)', '170 (turn timeout)', '175 (turn timeout)', '180 (turn timeout)', '185 (turn timeout)', '190 (turn timeout)', '195 (turn timeout)', '200 (turn timeout)', '205 (turn timeout)', '210 (turn timeout)'], 'lawn green': ['186 (turn timeout)', '191 (turn timeout)', '196 (turn timeout)', '201 (turn timeout)', '206 (turn timeout)', '211 (turn timeout)']}
[2026-05-22 11:16:23] SCORE Gruppe 69 (lawn green): Final=1407.5, Time=96.0, Moves(37)=13.5, Pins(9)=900.0, Dist=398.0, Win Bonus=0.0
[2026-05-22 11:16:23] SCORE jat (gray0): Final=1327.5, Time=43.3, Moves(43)=88.2, Pins(8)=800.0, Dist=396.0, Win Bonus=0.0
[2026-05-22 11:16:23] SCORE group 99 (yellow): Final=1311.4, Time=47.2, Moves(43)=88.2, Pins(8)=800.0, Dist=376.0, Win Bonus=0.0
[2026-05-22 11:16:23] SCORE CybSec (purple): Final=1361.8, Time=83.5, Moves(43)=88.2, Pins(8)=800.0, Dist=390.0, Win Bonus=0.0
[2026-05-22 11:16:23] SCORE HelloWorld (red): Final=442.5, Time=94.5, Moves(8)=0.0, Pins(1)=100.0, Dist=248.0, Win Bonus=0.0
[2026-05-22 11:16:23] ALL WRONG MOVES BY COLOUR: {'red': ['45 (turn timeout)', '50 (turn timeout)', '55 (turn timeout)', '60 (turn timeout)', '65 (turn timeout)', '70 (turn timeout)', '75 (turn timeout)', '80 (turn timeout)', '85 (turn timeout)', '90 (turn timeout)', '95 (turn timeout)', '100 (turn timeout)', '105 (turn timeout)', '110 (turn timeout)', '115 (turn timeout)', '120 (turn timeout)', '125 (turn timeout)', '130 (turn timeout)', '135 (turn timeout)', '140 (turn timeout)', '145 (turn timeout)', '150 (turn timeout)', '155 (turn timeout)', '160 (turn timeout)', '165 (turn timeout)', '170 (turn timeout)', '175 (turn timeout)', '180 (turn timeout)', '185 (turn timeout)', '190 (turn timeout)', '195 (turn timeout)', '200 (turn timeout)', '205 (turn timeout)', '210 (turn timeout)', '215 (turn timeout)'], 'lawn green': ['186 (turn timeout)', '191 (turn timeout)', '196 (turn timeout)', '201 (turn timeout)', '206 (turn timeout)', '211 (turn timeout)']}
[2026-05-22 11:16:23] TURN TIMEOUT: Player with colour red exceeded 2s at move 215. Turn skipped.
[2026-05-22 11:16:25] SCORE Gruppe 69 (lawn green): Final=1407.5, Time=96.0, Moves(37)=13.5, Pins(9)=900.0, Dist=398.0, Win Bonus=0.0
[2026-05-22 11:16:25] SCORE jat (gray0): Final=1327.5, Time=43.3, Moves(43)=88.2, Pins(8)=800.0, Dist=396.0, Win Bonus=0.0
[2026-05-22 11:16:25] SCORE group 99 (yellow): Final=1311.4, Time=47.2, Moves(43)=88.2, Pins(8)=800.0, Dist=376.0, Win Bonus=0.0
[2026-05-22 11:16:25] SCORE CybSec (purple): Final=1361.8, Time=83.5, Moves(43)=88.2, Pins(8)=800.0, Dist=390.0, Win Bonus=0.0
[2026-05-22 11:16:25] SCORE HelloWorld (red): Final=442.5, Time=94.5, Moves(8)=0.0, Pins(1)=100.0, Dist=248.0, Win Bonus=0.0
[2026-05-22 11:16:25] ALL WRONG MOVES BY COLOUR: {'red': ['45 (turn timeout)', '50 (turn timeout)', '55 (turn timeout)', '60 (turn timeout)', '65 (turn timeout)', '70 (turn timeout)', '75 (turn timeout)', '80 (turn timeout)', '85 (turn timeout)', '90 (turn timeout)', '95 (turn timeout)', '100 (turn timeout)', '105 (turn timeout)', '110 (turn timeout)', '115 (turn timeout)', '120 (turn timeout)', '125 (turn timeout)', '130 (turn timeout)', '135 (turn timeout)', '140 (turn timeout)', '145 (turn timeout)', '150 (turn timeout)', '155 (turn timeout)', '160 (turn timeout)', '165 (turn timeout)', '170 (turn timeout)', '175 (turn timeout)', '180 (turn timeout)', '185 (turn timeout)', '190 (turn timeout)', '195 (turn timeout)', '200 (turn timeout)', '205 (turn timeout)', '210 (turn timeout)', '215 (turn timeout)'], 'lawn green': ['186 (turn timeout)', '191 (turn timeout)', '196 (turn timeout)', '201 (turn timeout)', '206 (turn timeout)', '211 (turn timeout)', '216 (turn timeout)']}
[2026-05-22 11:16:25] TURN TIMEOUT: Player with colour lawn green exceeded 2s at move 216. Turn skipped.
[2026-05-22 11:16:26] MOVE 217: group 99 (yellow) 36->47 [0.01ms]
[2026-05-22 11:16:26] SCORE Gruppe 69 (lawn green): Final=1407.5, Time=96.0, Moves(37)=13.5, Pins(9)=900.0, Dist=398.0, Win Bonus=0.0
[2026-05-22 11:16:26] SCORE jat (gray0): Final=1327.5, Time=43.3, Moves(43)=88.2, Pins(8)=800.0, Dist=396.0, Win Bonus=0.0
[2026-05-22 11:16:26] SCORE group 99 (yellow): Final=1320.8, Time=45.9, Moves(44)=96.9, Pins(8)=800.0, Dist=378.0, Win Bonus=0.0
[2026-05-22 11:16:26] SCORE CybSec (purple): Final=1361.8, Time=83.5, Moves(43)=88.2, Pins(8)=800.0, Dist=390.0, Win Bonus=0.0
[2026-05-22 11:16:26] SCORE HelloWorld (red): Final=442.5, Time=94.5, Moves(8)=0.0, Pins(1)=100.0, Dist=248.0, Win Bonus=0.0
[2026-05-22 11:16:26] ALL WRONG MOVES BY COLOUR: {'red': ['45 (turn timeout)', '50 (turn timeout)', '55 (turn timeout)', '60 (turn timeout)', '65 (turn timeout)', '70 (turn timeout)', '75 (turn timeout)', '80 (turn timeout)', '85 (turn timeout)', '90 (turn timeout)', '95 (turn timeout)', '100 (turn timeout)', '105 (turn timeout)', '110 (turn timeout)', '115 (turn timeout)', '120 (turn timeout)', '125 (turn timeout)', '130 (turn timeout)', '135 (turn timeout)', '140 (turn timeout)', '145 (turn timeout)', '150 (turn timeout)', '155 (turn timeout)', '160 (turn timeout)', '165 (turn timeout)', '170 (turn timeout)', '175 (turn timeout)', '180 (turn timeout)', '185 (turn timeout)', '190 (turn timeout)', '195 (turn timeout)', '200 (turn timeout)', '205 (turn timeout)', '210 (turn timeout)', '215 (turn timeout)'], 'lawn green': ['186 (turn timeout)', '191 (turn timeout)', '196 (turn timeout)', '201 (turn timeout)', '206 (turn timeout)', '211 (turn timeout)', '216 (turn timeout)']}
[2026-05-22 11:16:27] MOVE 218: jat (gray0) 43->64 [0.01ms]
[2026-05-22 11:16:27] SCORE Gruppe 69 (lawn green): Final=1407.5, Time=96.0, Moves(37)=13.5, Pins(9)=900.0, Dist=398.0, Win Bonus=0.0
[2026-05-22 11:16:27] SCORE jat (gray0): Final=1335.6, Time=42.7, Moves(44)=96.9, Pins(8)=800.0, Dist=396.0, Win Bonus=0.0
[2026-05-22 11:16:27] SCORE group 99 (yellow): Final=1320.8, Time=45.9, Moves(44)=96.9, Pins(8)=800.0, Dist=378.0, Win Bonus=0.0
[2026-05-22 11:16:27] SCORE CybSec (purple): Final=1361.8, Time=83.5, Moves(43)=88.2, Pins(8)=800.0, Dist=390.0, Win Bonus=0.0
[2026-05-22 11:16:27] SCORE HelloWorld (red): Final=442.5, Time=94.5, Moves(8)=0.0, Pins(1)=100.0, Dist=248.0, Win Bonus=0.0
[2026-05-22 11:16:27] ALL WRONG MOVES BY COLOUR: {'red': ['45 (turn timeout)', '50 (turn timeout)', '55 (turn timeout)', '60 (turn timeout)', '65 (turn timeout)', '70 (turn timeout)', '75 (turn timeout)', '80 (turn timeout)', '85 (turn timeout)', '90 (turn timeout)', '95 (turn timeout)', '100 (turn timeout)', '105 (turn timeout)', '110 (turn timeout)', '115 (turn timeout)', '120 (turn timeout)', '125 (turn timeout)', '130 (turn timeout)', '135 (turn timeout)', '140 (turn timeout)', '145 (turn timeout)', '150 (turn timeout)', '155 (turn timeout)', '160 (turn timeout)', '165 (turn timeout)', '170 (turn timeout)', '175 (turn timeout)', '180 (turn timeout)', '185 (turn timeout)', '190 (turn timeout)', '195 (turn timeout)', '200 (turn timeout)', '205 (turn timeout)', '210 (turn timeout)', '215 (turn timeout)'], 'lawn green': ['186 (turn timeout)', '191 (turn timeout)', '196 (turn timeout)', '201 (turn timeout)', '206 (turn timeout)', '211 (turn timeout)', '216 (turn timeout)']}
[2026-05-22 11:16:27] MOVE 219: CybSec (purple) 17->16 [0.01ms]
[2026-05-22 11:16:27] SCORE Gruppe 69 (lawn green): Final=1407.5, Time=96.0, Moves(37)=13.5, Pins(9)=900.0, Dist=398.0, Win Bonus=0.0
[2026-05-22 11:16:27] SCORE jat (gray0): Final=1335.6, Time=42.7, Moves(44)=96.9, Pins(8)=800.0, Dist=396.0, Win Bonus=0.0
[2026-05-22 11:16:27] SCORE group 99 (yellow): Final=1320.8, Time=45.9, Moves(44)=96.9, Pins(8)=800.0, Dist=378.0, Win Bonus=0.0
[2026-05-22 11:16:27] SCORE CybSec (purple): Final=1372.1, Time=83.2, Moves(44)=96.9, Pins(8)=800.0, Dist=392.0, Win Bonus=0.0
[2026-05-22 11:16:27] SCORE HelloWorld (red): Final=442.5, Time=94.5, Moves(8)=0.0, Pins(1)=100.0, Dist=248.0, Win Bonus=0.0
[2026-05-22 11:16:27] ALL WRONG MOVES BY COLOUR: {'red': ['45 (turn timeout)', '50 (turn timeout)', '55 (turn timeout)', '60 (turn timeout)', '65 (turn timeout)', '70 (turn timeout)', '75 (turn timeout)', '80 (turn timeout)', '85 (turn timeout)', '90 (turn timeout)', '95 (turn timeout)', '100 (turn timeout)', '105 (turn timeout)', '110 (turn timeout)', '115 (turn timeout)', '120 (turn timeout)', '125 (turn timeout)', '130 (turn timeout)', '135 (turn timeout)', '140 (turn timeout)', '145 (turn timeout)', '150 (turn timeout)', '155 (turn timeout)', '160 (turn timeout)', '165 (turn timeout)', '170 (turn timeout)', '175 (turn timeout)', '180 (turn timeout)', '185 (turn timeout)', '190 (turn timeout)', '195 (turn timeout)', '200 (turn timeout)', '205 (turn timeout)', '210 (turn timeout)', '215 (turn timeout)'], 'lawn green': ['186 (turn timeout)', '191 (turn timeout)', '196 (turn timeout)', '201 (turn timeout)', '206 (turn timeout)', '211 (turn timeout)', '216 (turn timeout)']}
[2026-05-22 11:16:29] SCORE Gruppe 69 (lawn green): Final=1407.5, Time=96.0, Moves(37)=13.5, Pins(9)=900.0, Dist=398.0, Win Bonus=0.0
[2026-05-22 11:16:29] SCORE jat (gray0): Final=1335.6, Time=42.7, Moves(44)=96.9, Pins(8)=800.0, Dist=396.0, Win Bonus=0.0
[2026-05-22 11:16:29] SCORE group 99 (yellow): Final=1320.8, Time=45.9, Moves(44)=96.9, Pins(8)=800.0, Dist=378.0, Win Bonus=0.0
[2026-05-22 11:16:29] SCORE CybSec (purple): Final=1372.1, Time=83.2, Moves(44)=96.9, Pins(8)=800.0, Dist=392.0, Win Bonus=0.0
[2026-05-22 11:16:29] SCORE HelloWorld (red): Final=442.5, Time=94.5, Moves(8)=0.0, Pins(1)=100.0, Dist=248.0, Win Bonus=0.0
[2026-05-22 11:16:29] ALL WRONG MOVES BY COLOUR: {'red': ['45 (turn timeout)', '50 (turn timeout)', '55 (turn timeout)', '60 (turn timeout)', '65 (turn timeout)', '70 (turn timeout)', '75 (turn timeout)', '80 (turn timeout)', '85 (turn timeout)', '90 (turn timeout)', '95 (turn timeout)', '100 (turn timeout)', '105 (turn timeout)', '110 (turn timeout)', '115 (turn timeout)', '120 (turn timeout)', '125 (turn timeout)', '130 (turn timeout)', '135 (turn timeout)', '140 (turn timeout)', '145 (turn timeout)', '150 (turn timeout)', '155 (turn timeout)', '160 (turn timeout)', '165 (turn timeout)', '170 (turn timeout)', '175 (turn timeout)', '180 (turn timeout)', '185 (turn timeout)', '190 (turn timeout)', '195 (turn timeout)', '200 (turn timeout)', '205 (turn timeout)', '210 (turn timeout)', '215 (turn timeout)', '220 (turn timeout)'], 'lawn green': ['186 (turn timeout)', '191 (turn timeout)', '196 (turn timeout)', '201 (turn timeout)', '206 (turn timeout)', '211 (turn timeout)', '216 (turn timeout)']}
[2026-05-22 11:16:29] TURN TIMEOUT: Player with colour red exceeded 2s at move 220. Turn skipped.
[2026-05-22 11:16:31] SCORE Gruppe 69 (lawn green): Final=1407.5, Time=96.0, Moves(37)=13.5, Pins(9)=900.0, Dist=398.0, Win Bonus=0.0
[2026-05-22 11:16:31] SCORE jat (gray0): Final=1335.6, Time=42.7, Moves(44)=96.9, Pins(8)=800.0, Dist=396.0, Win Bonus=0.0
[2026-05-22 11:16:31] SCORE group 99 (yellow): Final=1320.8, Time=45.9, Moves(44)=96.9, Pins(8)=800.0, Dist=378.0, Win Bonus=0.0
[2026-05-22 11:16:31] SCORE CybSec (purple): Final=1372.1, Time=83.2, Moves(44)=96.9, Pins(8)=800.0, Dist=392.0, Win Bonus=0.0
[2026-05-22 11:16:31] SCORE HelloWorld (red): Final=442.5, Time=94.5, Moves(8)=0.0, Pins(1)=100.0, Dist=248.0, Win Bonus=0.0
[2026-05-22 11:16:31] ALL WRONG MOVES BY COLOUR: {'red': ['45 (turn timeout)', '50 (turn timeout)', '55 (turn timeout)', '60 (turn timeout)', '65 (turn timeout)', '70 (turn timeout)', '75 (turn timeout)', '80 (turn timeout)', '85 (turn timeout)', '90 (turn timeout)', '95 (turn timeout)', '100 (turn timeout)', '105 (turn timeout)', '110 (turn timeout)', '115 (turn timeout)', '120 (turn timeout)', '125 (turn timeout)', '130 (turn timeout)', '135 (turn timeout)', '140 (turn timeout)', '145 (turn timeout)', '150 (turn timeout)', '155 (turn timeout)', '160 (turn timeout)', '165 (turn timeout)', '170 (turn timeout)', '175 (turn timeout)', '180 (turn timeout)', '185 (turn timeout)', '190 (turn timeout)', '195 (turn timeout)', '200 (turn timeout)', '205 (turn timeout)', '210 (turn timeout)', '215 (turn timeout)', '220 (turn timeout)'], 'lawn green': ['186 (turn timeout)', '191 (turn timeout)', '196 (turn timeout)', '201 (turn timeout)', '206 (turn timeout)', '211 (turn timeout)', '216 (turn timeout)', '221 (turn timeout)']}
[2026-05-22 11:16:31] TURN TIMEOUT: Player with colour lawn green exceeded 2s at move 221. Turn skipped.
[2026-05-22 11:16:33] MOVE 222: group 99 (yellow) 47->48 [0.01ms]
[2026-05-22 11:16:33] SCORE Gruppe 69 (lawn green): Final=1407.5, Time=96.0, Moves(37)=13.5, Pins(9)=900.0, Dist=398.0, Win Bonus=0.0
[2026-05-22 11:16:33] SCORE jat (gray0): Final=1335.6, Time=42.7, Moves(44)=96.9, Pins(8)=800.0, Dist=396.0, Win Bonus=0.0
[2026-05-22 11:16:33] SCORE group 99 (yellow): Final=1324.9, Time=44.9, Moves(45)=100.0, Pins(8)=800.0, Dist=380.0, Win Bonus=0.0
[2026-05-22 11:16:33] SCORE CybSec (purple): Final=1372.1, Time=83.2, Moves(44)=96.9, Pins(8)=800.0, Dist=392.0, Win Bonus=0.0
[2026-05-22 11:16:33] SCORE HelloWorld (red): Final=442.5, Time=94.5, Moves(8)=0.0, Pins(1)=100.0, Dist=248.0, Win Bonus=0.0
[2026-05-22 11:16:33] ALL WRONG MOVES BY COLOUR: {'red': ['45 (turn timeout)', '50 (turn timeout)', '55 (turn timeout)', '60 (turn timeout)', '65 (turn timeout)', '70 (turn timeout)', '75 (turn timeout)', '80 (turn timeout)', '85 (turn timeout)', '90 (turn timeout)', '95 (turn timeout)', '100 (turn timeout)', '105 (turn timeout)', '110 (turn timeout)', '115 (turn timeout)', '120 (turn timeout)', '125 (turn timeout)', '130 (turn timeout)', '135 (turn timeout)', '140 (turn timeout)', '145 (turn timeout)', '150 (turn timeout)', '155 (turn timeout)', '160 (turn timeout)', '165 (turn timeout)', '170 (turn timeout)', '175 (turn timeout)', '180 (turn timeout)', '185 (turn timeout)', '190 (turn timeout)', '195 (turn timeout)', '200 (turn timeout)', '205 (turn timeout)', '210 (turn timeout)', '215 (turn timeout)', '220 (turn timeout)'], 'lawn green': ['186 (turn timeout)', '191 (turn timeout)', '196 (turn timeout)', '201 (turn timeout)', '206 (turn timeout)', '211 (turn timeout)', '216 (turn timeout)', '221 (turn timeout)']}
[2026-05-22 11:16:33] MOVE 223: jat (gray0) 64->43 [0.01ms]
[2026-05-22 11:16:33] SCORE Gruppe 69 (lawn green): Final=1407.5, Time=96.0, Moves(37)=13.5, Pins(9)=900.0, Dist=398.0, Win Bonus=0.0
[2026-05-22 11:16:33] SCORE jat (gray0): Final=1338.2, Time=42.2, Moves(45)=100.0, Pins(8)=800.0, Dist=396.0, Win Bonus=0.0
[2026-05-22 11:16:33] SCORE group 99 (yellow): Final=1324.9, Time=44.9, Moves(45)=100.0, Pins(8)=800.0, Dist=380.0, Win Bonus=0.0
[2026-05-22 11:16:33] SCORE CybSec (purple): Final=1372.1, Time=83.2, Moves(44)=96.9, Pins(8)=800.0, Dist=392.0, Win Bonus=0.0
[2026-05-22 11:16:33] SCORE HelloWorld (red): Final=442.5, Time=94.5, Moves(8)=0.0, Pins(1)=100.0, Dist=248.0, Win Bonus=0.0
[2026-05-22 11:16:33] ALL WRONG MOVES BY COLOUR: {'red': ['45 (turn timeout)', '50 (turn timeout)', '55 (turn timeout)', '60 (turn timeout)', '65 (turn timeout)', '70 (turn timeout)', '75 (turn timeout)', '80 (turn timeout)', '85 (turn timeout)', '90 (turn timeout)', '95 (turn timeout)', '100 (turn timeout)', '105 (turn timeout)', '110 (turn timeout)', '115 (turn timeout)', '120 (turn timeout)', '125 (turn timeout)', '130 (turn timeout)', '135 (turn timeout)', '140 (turn timeout)', '145 (turn timeout)', '150 (turn timeout)', '155 (turn timeout)', '160 (turn timeout)', '165 (turn timeout)', '170 (turn timeout)', '175 (turn timeout)', '180 (turn timeout)', '185 (turn timeout)', '190 (turn timeout)', '195 (turn timeout)', '200 (turn timeout)', '205 (turn timeout)', '210 (turn timeout)', '215 (turn timeout)', '220 (turn timeout)'], 'lawn green': ['186 (turn timeout)', '191 (turn timeout)', '196 (turn timeout)', '201 (turn timeout)', '206 (turn timeout)', '211 (turn timeout)', '216 (turn timeout)', '221 (turn timeout)']}
[2026-05-22 11:16:34] MOVE 224: CybSec (purple) 16->15 [0.01ms]
[2026-05-22 11:16:34] SCORE Gruppe 69 (lawn green): Final=1407.5, Time=96.0, Moves(37)=13.5, Pins(9)=900.0, Dist=398.0, Win Bonus=0.0
[2026-05-22 11:16:34] SCORE jat (gray0): Final=1338.2, Time=42.2, Moves(45)=100.0, Pins(8)=800.0, Dist=396.0, Win Bonus=0.0
[2026-05-22 11:16:34] SCORE group 99 (yellow): Final=1324.9, Time=44.9, Moves(45)=100.0, Pins(8)=800.0, Dist=380.0, Win Bonus=0.0
[2026-05-22 11:16:34] SCORE CybSec (purple): Final=1376.6, Time=82.6, Moves(45)=100.0, Pins(8)=800.0, Dist=394.0, Win Bonus=0.0
[2026-05-22 11:16:34] SCORE HelloWorld (red): Final=442.5, Time=94.5, Moves(8)=0.0, Pins(1)=100.0, Dist=248.0, Win Bonus=0.0
[2026-05-22 11:16:34] ALL WRONG MOVES BY COLOUR: {'red': ['45 (turn timeout)', '50 (turn timeout)', '55 (turn timeout)', '60 (turn timeout)', '65 (turn timeout)', '70 (turn timeout)', '75 (turn timeout)', '80 (turn timeout)', '85 (turn timeout)', '90 (turn timeout)', '95 (turn timeout)', '100 (turn timeout)', '105 (turn timeout)', '110 (turn timeout)', '115 (turn timeout)', '120 (turn timeout)', '125 (turn timeout)', '130 (turn timeout)', '135 (turn timeout)', '140 (turn timeout)', '145 (turn timeout)', '150 (turn timeout)', '155 (turn timeout)', '160 (turn timeout)', '165 (turn timeout)', '170 (turn timeout)', '175 (turn timeout)', '180 (turn timeout)', '185 (turn timeout)', '190 (turn timeout)', '195 (turn timeout)', '200 (turn timeout)', '205 (turn timeout)', '210 (turn timeout)', '215 (turn timeout)', '220 (turn timeout)'], 'lawn green': ['186 (turn timeout)', '191 (turn timeout)', '196 (turn timeout)', '201 (turn timeout)', '206 (turn timeout)', '211 (turn timeout)', '216 (turn timeout)', '221 (turn timeout)']}
[2026-05-22 11:16:36] SCORE Gruppe 69 (lawn green): Final=1407.5, Time=96.0, Moves(37)=13.5, Pins(9)=900.0, Dist=398.0, Win Bonus=0.0
[2026-05-22 11:16:36] SCORE jat (gray0): Final=1338.2, Time=42.2, Moves(45)=100.0, Pins(8)=800.0, Dist=396.0, Win Bonus=0.0
[2026-05-22 11:16:36] SCORE group 99 (yellow): Final=1324.9, Time=44.9, Moves(45)=100.0, Pins(8)=800.0, Dist=380.0, Win Bonus=0.0
[2026-05-22 11:16:36] SCORE CybSec (purple): Final=1376.6, Time=82.6, Moves(45)=100.0, Pins(8)=800.0, Dist=394.0, Win Bonus=0.0
[2026-05-22 11:16:36] SCORE HelloWorld (red): Final=442.5, Time=94.5, Moves(8)=0.0, Pins(1)=100.0, Dist=248.0, Win Bonus=0.0
[2026-05-22 11:16:36] ALL WRONG MOVES BY COLOUR: {'red': ['45 (turn timeout)', '50 (turn timeout)', '55 (turn timeout)', '60 (turn timeout)', '65 (turn timeout)', '70 (turn timeout)', '75 (turn timeout)', '80 (turn timeout)', '85 (turn timeout)', '90 (turn timeout)', '95 (turn timeout)', '100 (turn timeout)', '105 (turn timeout)', '110 (turn timeout)', '115 (turn timeout)', '120 (turn timeout)', '125 (turn timeout)', '130 (turn timeout)', '135 (turn timeout)', '140 (turn timeout)', '145 (turn timeout)', '150 (turn timeout)', '155 (turn timeout)', '160 (turn timeout)', '165 (turn timeout)', '170 (turn timeout)', '175 (turn timeout)', '180 (turn timeout)', '185 (turn timeout)', '190 (turn timeout)', '195 (turn timeout)', '200 (turn timeout)', '205 (turn timeout)', '210 (turn timeout)', '215 (turn timeout)', '220 (turn timeout)', '225 (turn timeout)'], 'lawn green': ['186 (turn timeout)', '191 (turn timeout)', '196 (turn timeout)', '201 (turn timeout)', '206 (turn timeout)', '211 (turn timeout)', '216 (turn timeout)', '221 (turn timeout)']}
[2026-05-22 11:16:36] TURN TIMEOUT: Player with colour red exceeded 2s at move 225. Turn skipped.
[2026-05-22 11:16:38] SCORE Gruppe 69 (lawn green): Final=1407.5, Time=96.0, Moves(37)=13.5, Pins(9)=900.0, Dist=398.0, Win Bonus=0.0
[2026-05-22 11:16:38] SCORE jat (gray0): Final=1338.2, Time=42.2, Moves(45)=100.0, Pins(8)=800.0, Dist=396.0, Win Bonus=0.0
[2026-05-22 11:16:38] SCORE group 99 (yellow): Final=1324.9, Time=44.9, Moves(45)=100.0, Pins(8)=800.0, Dist=380.0, Win Bonus=0.0
[2026-05-22 11:16:38] SCORE CybSec (purple): Final=1376.6, Time=82.6, Moves(45)=100.0, Pins(8)=800.0, Dist=394.0, Win Bonus=0.0
[2026-05-22 11:16:38] SCORE HelloWorld (red): Final=442.5, Time=94.5, Moves(8)=0.0, Pins(1)=100.0, Dist=248.0, Win Bonus=0.0
[2026-05-22 11:16:38] ALL WRONG MOVES BY COLOUR: {'red': ['45 (turn timeout)', '50 (turn timeout)', '55 (turn timeout)', '60 (turn timeout)', '65 (turn timeout)', '70 (turn timeout)', '75 (turn timeout)', '80 (turn timeout)', '85 (turn timeout)', '90 (turn timeout)', '95 (turn timeout)', '100 (turn timeout)', '105 (turn timeout)', '110 (turn timeout)', '115 (turn timeout)', '120 (turn timeout)', '125 (turn timeout)', '130 (turn timeout)', '135 (turn timeout)', '140 (turn timeout)', '145 (turn timeout)', '150 (turn timeout)', '155 (turn timeout)', '160 (turn timeout)', '165 (turn timeout)', '170 (turn timeout)', '175 (turn timeout)', '180 (turn timeout)', '185 (turn timeout)', '190 (turn timeout)', '195 (turn timeout)', '200 (turn timeout)', '205 (turn timeout)', '210 (turn timeout)', '215 (turn timeout)', '220 (turn timeout)', '225 (turn timeout)'], 'lawn green': ['186 (turn timeout)', '191 (turn timeout)', '196 (turn timeout)', '201 (turn timeout)', '206 (turn timeout)', '211 (turn timeout)', '216 (turn timeout)', '221 (turn timeout)', '226 (turn timeout)']}
[2026-05-22 11:16:38] TURN TIMEOUT: Player with colour lawn green exceeded 2s at move 226. Turn skipped.
[2026-05-22 11:16:39] MOVE 227: group 99 (yellow) 48->58 [0.01ms]
[2026-05-22 11:16:39] SCORE Gruppe 69 (lawn green): Final=1407.5, Time=96.0, Moves(37)=13.5, Pins(9)=900.0, Dist=398.0, Win Bonus=0.0
[2026-05-22 11:16:39] SCORE jat (gray0): Final=1338.2, Time=42.2, Moves(45)=100.0, Pins(8)=800.0, Dist=396.0, Win Bonus=0.0
[2026-05-22 11:16:39] SCORE group 99 (yellow): Final=1325.4, Time=43.6, Moves(46)=99.8, Pins(8)=800.0, Dist=382.0, Win Bonus=0.0
[2026-05-22 11:16:39] SCORE CybSec (purple): Final=1376.6, Time=82.6, Moves(45)=100.0, Pins(8)=800.0, Dist=394.0, Win Bonus=0.0
[2026-05-22 11:16:39] SCORE HelloWorld (red): Final=442.5, Time=94.5, Moves(8)=0.0, Pins(1)=100.0, Dist=248.0, Win Bonus=0.0
[2026-05-22 11:16:39] ALL WRONG MOVES BY COLOUR: {'red': ['45 (turn timeout)', '50 (turn timeout)', '55 (turn timeout)', '60 (turn timeout)', '65 (turn timeout)', '70 (turn timeout)', '75 (turn timeout)', '80 (turn timeout)', '85 (turn timeout)', '90 (turn timeout)', '95 (turn timeout)', '100 (turn timeout)', '105 (turn timeout)', '110 (turn timeout)', '115 (turn timeout)', '120 (turn timeout)', '125 (turn timeout)', '130 (turn timeout)', '135 (turn timeout)', '140 (turn timeout)', '145 (turn timeout)', '150 (turn timeout)', '155 (turn timeout)', '160 (turn timeout)', '165 (turn timeout)', '170 (turn timeout)', '175 (turn timeout)', '180 (turn timeout)', '185 (turn timeout)', '190 (turn timeout)', '195 (turn timeout)', '200 (turn timeout)', '205 (turn timeout)', '210 (turn timeout)', '215 (turn timeout)', '220 (turn timeout)', '225 (turn timeout)'], 'lawn green': ['186 (turn timeout)', '191 (turn timeout)', '196 (turn timeout)', '201 (turn timeout)', '206 (turn timeout)', '211 (turn timeout)', '216 (turn timeout)', '221 (turn timeout)', '226 (turn timeout)']}
[2026-05-22 11:16:40] MOVE 228: jat (gray0) 43->64 [0.00ms]
[2026-05-22 11:16:40] SCORE Gruppe 69 (lawn green): Final=1407.5, Time=96.0, Moves(37)=13.5, Pins(9)=900.0, Dist=398.0, Win Bonus=0.0
[2026-05-22 11:16:40] SCORE jat (gray0): Final=1337.4, Time=41.6, Moves(46)=99.8, Pins(8)=800.0, Dist=396.0, Win Bonus=0.0
[2026-05-22 11:16:40] SCORE group 99 (yellow): Final=1325.4, Time=43.6, Moves(46)=99.8, Pins(8)=800.0, Dist=382.0, Win Bonus=0.0
[2026-05-22 11:16:40] SCORE CybSec (purple): Final=1376.6, Time=82.6, Moves(45)=100.0, Pins(8)=800.0, Dist=394.0, Win Bonus=0.0
[2026-05-22 11:16:40] SCORE HelloWorld (red): Final=442.5, Time=94.5, Moves(8)=0.0, Pins(1)=100.0, Dist=248.0, Win Bonus=0.0
[2026-05-22 11:16:40] ALL WRONG MOVES BY COLOUR: {'red': ['45 (turn timeout)', '50 (turn timeout)', '55 (turn timeout)', '60 (turn timeout)', '65 (turn timeout)', '70 (turn timeout)', '75 (turn timeout)', '80 (turn timeout)', '85 (turn timeout)', '90 (turn timeout)', '95 (turn timeout)', '100 (turn timeout)', '105 (turn timeout)', '110 (turn timeout)', '115 (turn timeout)', '120 (turn timeout)', '125 (turn timeout)', '130 (turn timeout)', '135 (turn timeout)', '140 (turn timeout)', '145 (turn timeout)', '150 (turn timeout)', '155 (turn timeout)', '160 (turn timeout)', '165 (turn timeout)', '170 (turn timeout)', '175 (turn timeout)', '180 (turn timeout)', '185 (turn timeout)', '190 (turn timeout)', '195 (turn timeout)', '200 (turn timeout)', '205 (turn timeout)', '210 (turn timeout)', '215 (turn timeout)', '220 (turn timeout)', '225 (turn timeout)'], 'lawn green': ['186 (turn timeout)', '191 (turn timeout)', '196 (turn timeout)', '201 (turn timeout)', '206 (turn timeout)', '211 (turn timeout)', '216 (turn timeout)', '221 (turn timeout)', '226 (turn timeout)']}
[2026-05-22 11:16:40] MOVE 229: CybSec (purple) 15->14 [0.00ms]
[2026-05-22 11:16:40] SCORE Gruppe 69 (lawn green): Final=1407.5, Time=96.0, Moves(37)=13.5, Pins(9)=900.0, Dist=398.0, Win Bonus=0.0
[2026-05-22 11:16:40] SCORE jat (gray0): Final=1337.4, Time=41.6, Moves(46)=99.8, Pins(8)=800.0, Dist=396.0, Win Bonus=0.0
[2026-05-22 11:16:40] SCORE group 99 (yellow): Final=1325.4, Time=43.6, Moves(46)=99.8, Pins(8)=800.0, Dist=382.0, Win Bonus=0.0
[2026-05-22 11:16:40] SCORE CybSec (purple): Final=1378.1, Time=82.2, Moves(46)=99.8, Pins(8)=800.0, Dist=396.0, Win Bonus=0.0
[2026-05-22 11:16:40] SCORE HelloWorld (red): Final=442.5, Time=94.5, Moves(8)=0.0, Pins(1)=100.0, Dist=248.0, Win Bonus=0.0
[2026-05-22 11:16:40] ALL WRONG MOVES BY COLOUR: {'red': ['45 (turn timeout)', '50 (turn timeout)', '55 (turn timeout)', '60 (turn timeout)', '65 (turn timeout)', '70 (turn timeout)', '75 (turn timeout)', '80 (turn timeout)', '85 (turn timeout)', '90 (turn timeout)', '95 (turn timeout)', '100 (turn timeout)', '105 (turn timeout)', '110 (turn timeout)', '115 (turn timeout)', '120 (turn timeout)', '125 (turn timeout)', '130 (turn timeout)', '135 (turn timeout)', '140 (turn timeout)', '145 (turn timeout)', '150 (turn timeout)', '155 (turn timeout)', '160 (turn timeout)', '165 (turn timeout)', '170 (turn timeout)', '175 (turn timeout)', '180 (turn timeout)', '185 (turn timeout)', '190 (turn timeout)', '195 (turn timeout)', '200 (turn timeout)', '205 (turn timeout)', '210 (turn timeout)', '215 (turn timeout)', '220 (turn timeout)', '225 (turn timeout)'], 'lawn green': ['186 (turn timeout)', '191 (turn timeout)', '196 (turn timeout)', '201 (turn timeout)', '206 (turn timeout)', '211 (turn timeout)', '216 (turn timeout)', '221 (turn timeout)', '226 (turn timeout)']}
[2026-05-22 11:16:42] SCORE Gruppe 69 (lawn green): Final=1407.5, Time=96.0, Moves(37)=13.5, Pins(9)=900.0, Dist=398.0, Win Bonus=0.0
[2026-05-22 11:16:42] SCORE jat (gray0): Final=1337.4, Time=41.6, Moves(46)=99.8, Pins(8)=800.0, Dist=396.0, Win Bonus=0.0
[2026-05-22 11:16:42] SCORE group 99 (yellow): Final=1325.4, Time=43.6, Moves(46)=99.8, Pins(8)=800.0, Dist=382.0, Win Bonus=0.0
[2026-05-22 11:16:42] SCORE CybSec (purple): Final=1378.1, Time=82.2, Moves(46)=99.8, Pins(8)=800.0, Dist=396.0, Win Bonus=0.0
[2026-05-22 11:16:42] SCORE HelloWorld (red): Final=442.5, Time=94.5, Moves(8)=0.0, Pins(1)=100.0, Dist=248.0, Win Bonus=0.0
[2026-05-22 11:16:42] ALL WRONG MOVES BY COLOUR: {'red': ['45 (turn timeout)', '50 (turn timeout)', '55 (turn timeout)', '60 (turn timeout)', '65 (turn timeout)', '70 (turn timeout)', '75 (turn timeout)', '80 (turn timeout)', '85 (turn timeout)', '90 (turn timeout)', '95 (turn timeout)', '100 (turn timeout)', '105 (turn timeout)', '110 (turn timeout)', '115 (turn timeout)', '120 (turn timeout)', '125 (turn timeout)', '130 (turn timeout)', '135 (turn timeout)', '140 (turn timeout)', '145 (turn timeout)', '150 (turn timeout)', '155 (turn timeout)', '160 (turn timeout)', '165 (turn timeout)', '170 (turn timeout)', '175 (turn timeout)', '180 (turn timeout)', '185 (turn timeout)', '190 (turn timeout)', '195 (turn timeout)', '200 (turn timeout)', '205 (turn timeout)', '210 (turn timeout)', '215 (turn timeout)', '220 (turn timeout)', '225 (turn timeout)', '230 (turn timeout)'], 'lawn green': ['186 (turn timeout)', '191 (turn timeout)', '196 (turn timeout)', '201 (turn timeout)', '206 (turn timeout)', '211 (turn timeout)', '216 (turn timeout)', '221 (turn timeout)', '226 (turn timeout)']}
[2026-05-22 11:16:42] TURN TIMEOUT: Player with colour red exceeded 2s at move 230. Turn skipped.
[2026-05-22 11:16:44] SCORE Gruppe 69 (lawn green): Final=1407.5, Time=96.0, Moves(37)=13.5, Pins(9)=900.0, Dist=398.0, Win Bonus=0.0
[2026-05-22 11:16:44] SCORE jat (gray0): Final=1337.4, Time=41.6, Moves(46)=99.8, Pins(8)=800.0, Dist=396.0, Win Bonus=0.0
[2026-05-22 11:16:44] SCORE group 99 (yellow): Final=1325.4, Time=43.6, Moves(46)=99.8, Pins(8)=800.0, Dist=382.0, Win Bonus=0.0
[2026-05-22 11:16:44] SCORE CybSec (purple): Final=1378.1, Time=82.2, Moves(46)=99.8, Pins(8)=800.0, Dist=396.0, Win Bonus=0.0
[2026-05-22 11:16:44] SCORE HelloWorld (red): Final=442.5, Time=94.5, Moves(8)=0.0, Pins(1)=100.0, Dist=248.0, Win Bonus=0.0
[2026-05-22 11:16:44] ALL WRONG MOVES BY COLOUR: {'red': ['45 (turn timeout)', '50 (turn timeout)', '55 (turn timeout)', '60 (turn timeout)', '65 (turn timeout)', '70 (turn timeout)', '75 (turn timeout)', '80 (turn timeout)', '85 (turn timeout)', '90 (turn timeout)', '95 (turn timeout)', '100 (turn timeout)', '105 (turn timeout)', '110 (turn timeout)', '115 (turn timeout)', '120 (turn timeout)', '125 (turn timeout)', '130 (turn timeout)', '135 (turn timeout)', '140 (turn timeout)', '145 (turn timeout)', '150 (turn timeout)', '155 (turn timeout)', '160 (turn timeout)', '165 (turn timeout)', '170 (turn timeout)', '175 (turn timeout)', '180 (turn timeout)', '185 (turn timeout)', '190 (turn timeout)', '195 (turn timeout)', '200 (turn timeout)', '205 (turn timeout)', '210 (turn timeout)', '215 (turn timeout)', '220 (turn timeout)', '225 (turn timeout)', '230 (turn timeout)'], 'lawn green': ['186 (turn timeout)', '191 (turn timeout)', '196 (turn timeout)', '201 (turn timeout)', '206 (turn timeout)', '211 (turn timeout)', '216 (turn timeout)', '221 (turn timeout)', '226 (turn timeout)', '231 (turn timeout)']}
[2026-05-22 11:16:44] TURN TIMEOUT: Player with colour lawn green exceeded 2s at move 231. Turn skipped.
[2026-05-22 11:16:45] MOVE 232: group 99 (yellow) 58->68 [0.01ms]
[2026-05-22 11:16:45] SCORE Gruppe 69 (lawn green): Final=1407.5, Time=96.0, Moves(37)=13.5, Pins(9)=900.0, Dist=398.0, Win Bonus=0.0
[2026-05-22 11:16:45] SCORE jat (gray0): Final=1337.4, Time=41.6, Moves(46)=99.8, Pins(8)=800.0, Dist=396.0, Win Bonus=0.0
[2026-05-22 11:16:45] SCORE group 99 (yellow): Final=1325.9, Time=42.5, Moves(47)=99.4, Pins(8)=800.0, Dist=384.0, Win Bonus=0.0
[2026-05-22 11:16:45] SCORE CybSec (purple): Final=1378.1, Time=82.2, Moves(46)=99.8, Pins(8)=800.0, Dist=396.0, Win Bonus=0.0
[2026-05-22 11:16:45] SCORE HelloWorld (red): Final=442.5, Time=94.5, Moves(8)=0.0, Pins(1)=100.0, Dist=248.0, Win Bonus=0.0
[2026-05-22 11:16:45] ALL WRONG MOVES BY COLOUR: {'red': ['45 (turn timeout)', '50 (turn timeout)', '55 (turn timeout)', '60 (turn timeout)', '65 (turn timeout)', '70 (turn timeout)', '75 (turn timeout)', '80 (turn timeout)', '85 (turn timeout)', '90 (turn timeout)', '95 (turn timeout)', '100 (turn timeout)', '105 (turn timeout)', '110 (turn timeout)', '115 (turn timeout)', '120 (turn timeout)', '125 (turn timeout)', '130 (turn timeout)', '135 (turn timeout)', '140 (turn timeout)', '145 (turn timeout)', '150 (turn timeout)', '155 (turn timeout)', '160 (turn timeout)', '165 (turn timeout)', '170 (turn timeout)', '175 (turn timeout)', '180 (turn timeout)', '185 (turn timeout)', '190 (turn timeout)', '195 (turn timeout)', '200 (turn timeout)', '205 (turn timeout)', '210 (turn timeout)', '215 (turn timeout)', '220 (turn timeout)', '225 (turn timeout)', '230 (turn timeout)'], 'lawn green': ['186 (turn timeout)', '191 (turn timeout)', '196 (turn timeout)', '201 (turn timeout)', '206 (turn timeout)', '211 (turn timeout)', '216 (turn timeout)', '221 (turn timeout)', '226 (turn timeout)', '231 (turn timeout)']}
[2026-05-22 11:16:46] MOVE 233: jat (gray0) 64->43 [0.01ms]
[2026-05-22 11:16:46] SCORE Gruppe 69 (lawn green): Final=1407.5, Time=96.0, Moves(37)=13.5, Pins(9)=900.0, Dist=398.0, Win Bonus=0.0
[2026-05-22 11:16:46] SCORE jat (gray0): Final=1336.4, Time=41.1, Moves(47)=99.4, Pins(8)=800.0, Dist=396.0, Win Bonus=0.0
[2026-05-22 11:16:46] SCORE group 99 (yellow): Final=1325.9, Time=42.5, Moves(47)=99.4, Pins(8)=800.0, Dist=384.0, Win Bonus=0.0
[2026-05-22 11:16:46] SCORE CybSec (purple): Final=1378.1, Time=82.2, Moves(46)=99.8, Pins(8)=800.0, Dist=396.0, Win Bonus=0.0
[2026-05-22 11:16:46] SCORE HelloWorld (red): Final=442.5, Time=94.5, Moves(8)=0.0, Pins(1)=100.0, Dist=248.0, Win Bonus=0.0
[2026-05-22 11:16:46] ALL WRONG MOVES BY COLOUR: {'red': ['45 (turn timeout)', '50 (turn timeout)', '55 (turn timeout)', '60 (turn timeout)', '65 (turn timeout)', '70 (turn timeout)', '75 (turn timeout)', '80 (turn timeout)', '85 (turn timeout)', '90 (turn timeout)', '95 (turn timeout)', '100 (turn timeout)', '105 (turn timeout)', '110 (turn timeout)', '115 (turn timeout)', '120 (turn timeout)', '125 (turn timeout)', '130 (turn timeout)', '135 (turn timeout)', '140 (turn timeout)', '145 (turn timeout)', '150 (turn timeout)', '155 (turn timeout)', '160 (turn timeout)', '165 (turn timeout)', '170 (turn timeout)', '175 (turn timeout)', '180 (turn timeout)', '185 (turn timeout)', '190 (turn timeout)', '195 (turn timeout)', '200 (turn timeout)', '205 (turn timeout)', '210 (turn timeout)', '215 (turn timeout)', '220 (turn timeout)', '225 (turn timeout)', '230 (turn timeout)'], 'lawn green': ['186 (turn timeout)', '191 (turn timeout)', '196 (turn timeout)', '201 (turn timeout)', '206 (turn timeout)', '211 (turn timeout)', '216 (turn timeout)', '221 (turn timeout)', '226 (turn timeout)', '231 (turn timeout)']}
[2026-05-22 11:16:46] MOVE 234: CybSec (purple) 35->36 [0.01ms]
[2026-05-22 11:16:46] SCORE Gruppe 69 (lawn green): Final=1407.5, Time=96.0, Moves(37)=13.5, Pins(9)=900.0, Dist=398.0, Win Bonus=0.0
[2026-05-22 11:16:46] SCORE jat (gray0): Final=1336.4, Time=41.1, Moves(47)=99.4, Pins(8)=800.0, Dist=396.0, Win Bonus=0.0
[2026-05-22 11:16:46] SCORE group 99 (yellow): Final=1325.9, Time=42.5, Moves(47)=99.4, Pins(8)=800.0, Dist=384.0, Win Bonus=0.0
[2026-05-22 11:16:46] SCORE CybSec (purple): Final=1377.0, Time=81.6, Moves(47)=99.4, Pins(8)=800.0, Dist=396.0, Win Bonus=0.0
[2026-05-22 11:16:46] SCORE HelloWorld (red): Final=442.5, Time=94.5, Moves(8)=0.0, Pins(1)=100.0, Dist=248.0, Win Bonus=0.0
[2026-05-22 11:16:46] ALL WRONG MOVES BY COLOUR: {'red': ['45 (turn timeout)', '50 (turn timeout)', '55 (turn timeout)', '60 (turn timeout)', '65 (turn timeout)', '70 (turn timeout)', '75 (turn timeout)', '80 (turn timeout)', '85 (turn timeout)', '90 (turn timeout)', '95 (turn timeout)', '100 (turn timeout)', '105 (turn timeout)', '110 (turn timeout)', '115 (turn timeout)', '120 (turn timeout)', '125 (turn timeout)', '130 (turn timeout)', '135 (turn timeout)', '140 (turn timeout)', '145 (turn timeout)', '150 (turn timeout)', '155 (turn timeout)', '160 (turn timeout)', '165 (turn timeout)', '170 (turn timeout)', '175 (turn timeout)', '180 (turn timeout)', '185 (turn timeout)', '190 (turn timeout)', '195 (turn timeout)', '200 (turn timeout)', '205 (turn timeout)', '210 (turn timeout)', '215 (turn timeout)', '220 (turn timeout)', '225 (turn timeout)', '230 (turn timeout)'], 'lawn green': ['186 (turn timeout)', '191 (turn timeout)', '196 (turn timeout)', '201 (turn timeout)', '206 (turn timeout)', '211 (turn timeout)', '216 (turn timeout)', '221 (turn timeout)', '226 (turn timeout)', '231 (turn timeout)']}
[2026-05-22 11:16:48] SCORE Gruppe 69 (lawn green): Final=1407.5, Time=96.0, Moves(37)=13.5, Pins(9)=900.0, Dist=398.0, Win Bonus=0.0
[2026-05-22 11:16:48] SCORE jat (gray0): Final=1336.4, Time=41.1, Moves(47)=99.4, Pins(8)=800.0, Dist=396.0, Win Bonus=0.0
[2026-05-22 11:16:48] SCORE group 99 (yellow): Final=1325.9, Time=42.5, Moves(47)=99.4, Pins(8)=800.0, Dist=384.0, Win Bonus=0.0
[2026-05-22 11:16:48] SCORE CybSec (purple): Final=1377.0, Time=81.6, Moves(47)=99.4, Pins(8)=800.0, Dist=396.0, Win Bonus=0.0
[2026-05-22 11:16:48] SCORE HelloWorld (red): Final=442.5, Time=94.5, Moves(8)=0.0, Pins(1)=100.0, Dist=248.0, Win Bonus=0.0
[2026-05-22 11:16:48] ALL WRONG MOVES BY COLOUR: {'red': ['45 (turn timeout)', '50 (turn timeout)', '55 (turn timeout)', '60 (turn timeout)', '65 (turn timeout)', '70 (turn timeout)', '75 (turn timeout)', '80 (turn timeout)', '85 (turn timeout)', '90 (turn timeout)', '95 (turn timeout)', '100 (turn timeout)', '105 (turn timeout)', '110 (turn timeout)', '115 (turn timeout)', '120 (turn timeout)', '125 (turn timeout)', '130 (turn timeout)', '135 (turn timeout)', '140 (turn timeout)', '145 (turn timeout)', '150 (turn timeout)', '155 (turn timeout)', '160 (turn timeout)', '165 (turn timeout)', '170 (turn timeout)', '175 (turn timeout)', '180 (turn timeout)', '185 (turn timeout)', '190 (turn timeout)', '195 (turn timeout)', '200 (turn timeout)', '205 (turn timeout)', '210 (turn timeout)', '215 (turn timeout)', '220 (turn timeout)', '225 (turn timeout)', '230 (turn timeout)', '235 (turn timeout)'], 'lawn green': ['186 (turn timeout)', '191 (turn timeout)', '196 (turn timeout)', '201 (turn timeout)', '206 (turn timeout)', '211 (turn timeout)', '216 (turn timeout)', '221 (turn timeout)', '226 (turn timeout)', '231 (turn timeout)']}
[2026-05-22 11:16:48] TURN TIMEOUT: Player with colour red exceeded 2s at move 235. Turn skipped.
[2026-05-22 11:16:50] SCORE Gruppe 69 (lawn green): Final=1407.5, Time=96.0, Moves(37)=13.5, Pins(9)=900.0, Dist=398.0, Win Bonus=0.0
[2026-05-22 11:16:50] SCORE jat (gray0): Final=1336.4, Time=41.1, Moves(47)=99.4, Pins(8)=800.0, Dist=396.0, Win Bonus=0.0
[2026-05-22 11:16:50] SCORE group 99 (yellow): Final=1325.9, Time=42.5, Moves(47)=99.4, Pins(8)=800.0, Dist=384.0, Win Bonus=0.0
[2026-05-22 11:16:50] SCORE CybSec (purple): Final=1377.0, Time=81.6, Moves(47)=99.4, Pins(8)=800.0, Dist=396.0, Win Bonus=0.0
[2026-05-22 11:16:50] SCORE HelloWorld (red): Final=442.5, Time=94.5, Moves(8)=0.0, Pins(1)=100.0, Dist=248.0, Win Bonus=0.0
[2026-05-22 11:16:50] ALL WRONG MOVES BY COLOUR: {'red': ['45 (turn timeout)', '50 (turn timeout)', '55 (turn timeout)', '60 (turn timeout)', '65 (turn timeout)', '70 (turn timeout)', '75 (turn timeout)', '80 (turn timeout)', '85 (turn timeout)', '90 (turn timeout)', '95 (turn timeout)', '100 (turn timeout)', '105 (turn timeout)', '110 (turn timeout)', '115 (turn timeout)', '120 (turn timeout)', '125 (turn timeout)', '130 (turn timeout)', '135 (turn timeout)', '140 (turn timeout)', '145 (turn timeout)', '150 (turn timeout)', '155 (turn timeout)', '160 (turn timeout)', '165 (turn timeout)', '170 (turn timeout)', '175 (turn timeout)', '180 (turn timeout)', '185 (turn timeout)', '190 (turn timeout)', '195 (turn timeout)', '200 (turn timeout)', '205 (turn timeout)', '210 (turn timeout)', '215 (turn timeout)', '220 (turn timeout)', '225 (turn timeout)', '230 (turn timeout)', '235 (turn timeout)'], 'lawn green': ['186 (turn timeout)', '191 (turn timeout)', '196 (turn timeout)', '201 (turn timeout)', '206 (turn timeout)', '211 (turn timeout)', '216 (turn timeout)', '221 (turn timeout)', '226 (turn timeout)', '231 (turn timeout)', '236 (turn timeout)']}
[2026-05-22 11:16:50] TURN TIMEOUT: Player with colour lawn green exceeded 2s at move 236. Turn skipped.
[2026-05-22 11:16:52] MOVE 237: group 99 (yellow) 95->97 [0.00ms]
[2026-05-22 11:16:52] SCORE Gruppe 69 (lawn green): Final=1407.5, Time=96.0, Moves(37)=13.5, Pins(9)=900.0, Dist=398.0, Win Bonus=0.0
[2026-05-22 11:16:52] SCORE jat (gray0): Final=1336.4, Time=41.1, Moves(47)=99.4, Pins(8)=800.0, Dist=396.0, Win Bonus=0.0
[2026-05-22 11:16:52] SCORE group 99 (yellow): Final=1324.0, Time=41.3, Moves(48)=98.6, Pins(8)=800.0, Dist=384.0, Win Bonus=0.0
[2026-05-22 11:16:52] SCORE CybSec (purple): Final=1377.0, Time=81.6, Moves(47)=99.4, Pins(8)=800.0, Dist=396.0, Win Bonus=0.0
[2026-05-22 11:16:52] SCORE HelloWorld (red): Final=442.5, Time=94.5, Moves(8)=0.0, Pins(1)=100.0, Dist=248.0, Win Bonus=0.0
[2026-05-22 11:16:52] ALL WRONG MOVES BY COLOUR: {'red': ['45 (turn timeout)', '50 (turn timeout)', '55 (turn timeout)', '60 (turn timeout)', '65 (turn timeout)', '70 (turn timeout)', '75 (turn timeout)', '80 (turn timeout)', '85 (turn timeout)', '90 (turn timeout)', '95 (turn timeout)', '100 (turn timeout)', '105 (turn timeout)', '110 (turn timeout)', '115 (turn timeout)', '120 (turn timeout)', '125 (turn timeout)', '130 (turn timeout)', '135 (turn timeout)', '140 (turn timeout)', '145 (turn timeout)', '150 (turn timeout)', '155 (turn timeout)', '160 (turn timeout)', '165 (turn timeout)', '170 (turn timeout)', '175 (turn timeout)', '180 (turn timeout)', '185 (turn timeout)', '190 (turn timeout)', '195 (turn timeout)', '200 (turn timeout)', '205 (turn timeout)', '210 (turn timeout)', '215 (turn timeout)', '220 (turn timeout)', '225 (turn timeout)', '230 (turn timeout)', '235 (turn timeout)'], 'lawn green': ['186 (turn timeout)', '191 (turn timeout)', '196 (turn timeout)', '201 (turn timeout)', '206 (turn timeout)', '211 (turn timeout)', '216 (turn timeout)', '221 (turn timeout)', '226 (turn timeout)', '231 (turn timeout)', '236 (turn timeout)']}
[2026-05-22 11:16:52] MOVE 238: jat (gray0) 54->64 [0.01ms]
[2026-05-22 11:16:52] SCORE Gruppe 69 (lawn green): Final=1407.5, Time=96.0, Moves(37)=13.5, Pins(9)=900.0, Dist=398.0, Win Bonus=0.0
[2026-05-22 11:16:52] SCORE jat (gray0): Final=1335.1, Time=40.5, Moves(48)=98.6, Pins(8)=800.0, Dist=396.0, Win Bonus=0.0
[2026-05-22 11:16:52] SCORE group 99 (yellow): Final=1324.0, Time=41.3, Moves(48)=98.6, Pins(8)=800.0, Dist=384.0, Win Bonus=0.0
[2026-05-22 11:16:52] SCORE CybSec (purple): Final=1377.0, Time=81.6, Moves(47)=99.4, Pins(8)=800.0, Dist=396.0, Win Bonus=0.0
[2026-05-22 11:16:52] SCORE HelloWorld (red): Final=442.5, Time=94.5, Moves(8)=0.0, Pins(1)=100.0, Dist=248.0, Win Bonus=0.0
[2026-05-22 11:16:52] ALL WRONG MOVES BY COLOUR: {'red': ['45 (turn timeout)', '50 (turn timeout)', '55 (turn timeout)', '60 (turn timeout)', '65 (turn timeout)', '70 (turn timeout)', '75 (turn timeout)', '80 (turn timeout)', '85 (turn timeout)', '90 (turn timeout)', '95 (turn timeout)', '100 (turn timeout)', '105 (turn timeout)', '110 (turn timeout)', '115 (turn timeout)', '120 (turn timeout)', '125 (turn timeout)', '130 (turn timeout)', '135 (turn timeout)', '140 (turn timeout)', '145 (turn timeout)', '150 (turn timeout)', '155 (turn timeout)', '160 (turn timeout)', '165 (turn timeout)', '170 (turn timeout)', '175 (turn timeout)', '180 (turn timeout)', '185 (turn timeout)', '190 (turn timeout)', '195 (turn timeout)', '200 (turn timeout)', '205 (turn timeout)', '210 (turn timeout)', '215 (turn timeout)', '220 (turn timeout)', '225 (turn timeout)', '230 (turn timeout)', '235 (turn timeout)'], 'lawn green': ['186 (turn timeout)', '191 (turn timeout)', '196 (turn timeout)', '201 (turn timeout)', '206 (turn timeout)', '211 (turn timeout)', '216 (turn timeout)', '221 (turn timeout)', '226 (turn timeout)', '231 (turn timeout)', '236 (turn timeout)']}
[2026-05-22 11:16:53] MOVE 239: CybSec (purple) 14->35 [0.01ms]
[2026-05-22 11:16:53] SCORE Gruppe 69 (lawn green): Final=1407.5, Time=96.0, Moves(37)=13.5, Pins(9)=900.0, Dist=398.0, Win Bonus=0.0
[2026-05-22 11:16:53] SCORE jat (gray0): Final=1335.1, Time=40.5, Moves(48)=98.6, Pins(8)=800.0, Dist=396.0, Win Bonus=0.0
[2026-05-22 11:16:53] SCORE group 99 (yellow): Final=1324.0, Time=41.3, Moves(48)=98.6, Pins(8)=800.0, Dist=384.0, Win Bonus=0.0
[2026-05-22 11:16:53] SCORE CybSec (purple): Final=1477.7, Time=81.1, Moves(48)=98.6, Pins(9)=900.0, Dist=398.0, Win Bonus=0.0
[2026-05-22 11:16:53] SCORE HelloWorld (red): Final=442.5, Time=94.5, Moves(8)=0.0, Pins(1)=100.0, Dist=248.0, Win Bonus=0.0
[2026-05-22 11:16:53] ALL WRONG MOVES BY COLOUR: {'red': ['45 (turn timeout)', '50 (turn timeout)', '55 (turn timeout)', '60 (turn timeout)', '65 (turn timeout)', '70 (turn timeout)', '75 (turn timeout)', '80 (turn timeout)', '85 (turn timeout)', '90 (turn timeout)', '95 (turn timeout)', '100 (turn timeout)', '105 (turn timeout)', '110 (turn timeout)', '115 (turn timeout)', '120 (turn timeout)', '125 (turn timeout)', '130 (turn timeout)', '135 (turn timeout)', '140 (turn timeout)', '145 (turn timeout)', '150 (turn timeout)', '155 (turn timeout)', '160 (turn timeout)', '165 (turn timeout)', '170 (turn timeout)', '175 (turn timeout)', '180 (turn timeout)', '185 (turn timeout)', '190 (turn timeout)', '195 (turn timeout)', '200 (turn timeout)', '205 (turn timeout)', '210 (turn timeout)', '215 (turn timeout)', '220 (turn timeout)', '225 (turn timeout)', '230 (turn timeout)', '235 (turn timeout)'], 'lawn green': ['186 (turn timeout)', '191 (turn timeout)', '196 (turn timeout)', '201 (turn timeout)', '206 (turn timeout)', '211 (turn timeout)', '216 (turn timeout)', '221 (turn timeout)', '226 (turn timeout)', '231 (turn timeout)', '236 (turn timeout)']}
[2026-05-22 11:16:55] SCORE Gruppe 69 (lawn green): Final=1407.5, Time=96.0, Moves(37)=13.5, Pins(9)=900.0, Dist=398.0, Win Bonus=0.0
[2026-05-22 11:16:55] SCORE jat (gray0): Final=1335.1, Time=40.5, Moves(48)=98.6, Pins(8)=800.0, Dist=396.0, Win Bonus=0.0
[2026-05-22 11:16:55] SCORE group 99 (yellow): Final=1324.0, Time=41.3, Moves(48)=98.6, Pins(8)=800.0, Dist=384.0, Win Bonus=0.0
[2026-05-22 11:16:55] SCORE CybSec (purple): Final=1477.7, Time=81.1, Moves(48)=98.6, Pins(9)=900.0, Dist=398.0, Win Bonus=0.0
[2026-05-22 11:16:55] SCORE HelloWorld (red): Final=442.5, Time=94.5, Moves(8)=0.0, Pins(1)=100.0, Dist=248.0, Win Bonus=0.0
[2026-05-22 11:16:55] ALL WRONG MOVES BY COLOUR: {'red': ['45 (turn timeout)', '50 (turn timeout)', '55 (turn timeout)', '60 (turn timeout)', '65 (turn timeout)', '70 (turn timeout)', '75 (turn timeout)', '80 (turn timeout)', '85 (turn timeout)', '90 (turn timeout)', '95 (turn timeout)', '100 (turn timeout)', '105 (turn timeout)', '110 (turn timeout)', '115 (turn timeout)', '120 (turn timeout)', '125 (turn timeout)', '130 (turn timeout)', '135 (turn timeout)', '140 (turn timeout)', '145 (turn timeout)', '150 (turn timeout)', '155 (turn timeout)', '160 (turn timeout)', '165 (turn timeout)', '170 (turn timeout)', '175 (turn timeout)', '180 (turn timeout)', '185 (turn timeout)', '190 (turn timeout)', '195 (turn timeout)', '200 (turn timeout)', '205 (turn timeout)', '210 (turn timeout)', '215 (turn timeout)', '220 (turn timeout)', '225 (turn timeout)', '230 (turn timeout)', '235 (turn timeout)', '240 (turn timeout)'], 'lawn green': ['186 (turn timeout)', '191 (turn timeout)', '196 (turn timeout)', '201 (turn timeout)', '206 (turn timeout)', '211 (turn timeout)', '216 (turn timeout)', '221 (turn timeout)', '226 (turn timeout)', '231 (turn timeout)', '236 (turn timeout)']}
[2026-05-22 11:16:55] TURN TIMEOUT: Player with colour red exceeded 2s at move 240. Turn skipped.
[2026-05-22 11:16:57] SCORE Gruppe 69 (lawn green): Final=1407.5, Time=96.0, Moves(37)=13.5, Pins(9)=900.0, Dist=398.0, Win Bonus=0.0
[2026-05-22 11:16:57] SCORE jat (gray0): Final=1335.1, Time=40.5, Moves(48)=98.6, Pins(8)=800.0, Dist=396.0, Win Bonus=0.0
[2026-05-22 11:16:57] SCORE group 99 (yellow): Final=1324.0, Time=41.3, Moves(48)=98.6, Pins(8)=800.0, Dist=384.0, Win Bonus=0.0
[2026-05-22 11:16:57] SCORE CybSec (purple): Final=1477.7, Time=81.1, Moves(48)=98.6, Pins(9)=900.0, Dist=398.0, Win Bonus=0.0
[2026-05-22 11:16:57] SCORE HelloWorld (red): Final=442.5, Time=94.5, Moves(8)=0.0, Pins(1)=100.0, Dist=248.0, Win Bonus=0.0
[2026-05-22 11:16:57] ALL WRONG MOVES BY COLOUR: {'red': ['45 (turn timeout)', '50 (turn timeout)', '55 (turn timeout)', '60 (turn timeout)', '65 (turn timeout)', '70 (turn timeout)', '75 (turn timeout)', '80 (turn timeout)', '85 (turn timeout)', '90 (turn timeout)', '95 (turn timeout)', '100 (turn timeout)', '105 (turn timeout)', '110 (turn timeout)', '115 (turn timeout)', '120 (turn timeout)', '125 (turn timeout)', '130 (turn timeout)', '135 (turn timeout)', '140 (turn timeout)', '145 (turn timeout)', '150 (turn timeout)', '155 (turn timeout)', '160 (turn timeout)', '165 (turn timeout)', '170 (turn timeout)', '175 (turn timeout)', '180 (turn timeout)', '185 (turn timeout)', '190 (turn timeout)', '195 (turn timeout)', '200 (turn timeout)', '205 (turn timeout)', '210 (turn timeout)', '215 (turn timeout)', '220 (turn timeout)', '225 (turn timeout)', '230 (turn timeout)', '235 (turn timeout)', '240 (turn timeout)'], 'lawn green': ['186 (turn timeout)', '191 (turn timeout)', '196 (turn timeout)', '201 (turn timeout)', '206 (turn timeout)', '211 (turn timeout)', '216 (turn timeout)', '221 (turn timeout)', '226 (turn timeout)', '231 (turn timeout)', '236 (turn timeout)', '241 (turn timeout)']}
[2026-05-22 11:16:57] TURN TIMEOUT: Player with colour lawn green exceeded 2s at move 241. Turn skipped.
[2026-05-22 11:16:58] MOVE 242: group 99 (yellow) 93->95 [0.00ms]
[2026-05-22 11:16:58] SCORE Gruppe 69 (lawn green): Final=1407.5, Time=96.0, Moves(37)=13.5, Pins(9)=900.0, Dist=398.0, Win Bonus=0.0
[2026-05-22 11:16:58] SCORE jat (gray0): Final=1335.1, Time=40.5, Moves(48)=98.6, Pins(8)=800.0, Dist=396.0, Win Bonus=0.0
[2026-05-22 11:16:58] SCORE group 99 (yellow): Final=1425.9, Time=40.3, Moves(49)=97.6, Pins(9)=900.0, Dist=388.0, Win Bonus=0.0
[2026-05-22 11:16:58] SCORE CybSec (purple): Final=1477.7, Time=81.1, Moves(48)=98.6, Pins(9)=900.0, Dist=398.0, Win Bonus=0.0
[2026-05-22 11:16:58] SCORE HelloWorld (red): Final=442.5, Time=94.5, Moves(8)=0.0, Pins(1)=100.0, Dist=248.0, Win Bonus=0.0
[2026-05-22 11:16:58] ALL WRONG MOVES BY COLOUR: {'red': ['45 (turn timeout)', '50 (turn timeout)', '55 (turn timeout)', '60 (turn timeout)', '65 (turn timeout)', '70 (turn timeout)', '75 (turn timeout)', '80 (turn timeout)', '85 (turn timeout)', '90 (turn timeout)', '95 (turn timeout)', '100 (turn timeout)', '105 (turn timeout)', '110 (turn timeout)', '115 (turn timeout)', '120 (turn timeout)', '125 (turn timeout)', '130 (turn timeout)', '135 (turn timeout)', '140 (turn timeout)', '145 (turn timeout)', '150 (turn timeout)', '155 (turn timeout)', '160 (turn timeout)', '165 (turn timeout)', '170 (turn timeout)', '175 (turn timeout)', '180 (turn timeout)', '185 (turn timeout)', '190 (turn timeout)', '195 (turn timeout)', '200 (turn timeout)', '205 (turn timeout)', '210 (turn timeout)', '215 (turn timeout)', '220 (turn timeout)', '225 (turn timeout)', '230 (turn timeout)', '235 (turn timeout)', '240 (turn timeout)'], 'lawn green': ['186 (turn timeout)', '191 (turn timeout)', '196 (turn timeout)', '201 (turn timeout)', '206 (turn timeout)', '211 (turn timeout)', '216 (turn timeout)', '221 (turn timeout)', '226 (turn timeout)', '231 (turn timeout)', '236 (turn timeout)', '241 (turn timeout)']}
[2026-05-22 11:16:58] MOVE 243: jat (gray0) 64->54 [0.01ms]
[2026-05-22 11:16:58] SCORE Gruppe 69 (lawn green): Final=1407.5, Time=96.0, Moves(37)=13.5, Pins(9)=900.0, Dist=398.0, Win Bonus=0.0
[2026-05-22 11:16:58] SCORE jat (gray0): Final=1333.7, Time=40.1, Moves(49)=97.6, Pins(8)=800.0, Dist=396.0, Win Bonus=0.0
[2026-05-22 11:16:58] SCORE group 99 (yellow): Final=1425.9, Time=40.3, Moves(49)=97.6, Pins(9)=900.0, Dist=388.0, Win Bonus=0.0
[2026-05-22 11:16:58] SCORE CybSec (purple): Final=1477.7, Time=81.1, Moves(48)=98.6, Pins(9)=900.0, Dist=398.0, Win Bonus=0.0
[2026-05-22 11:16:58] SCORE HelloWorld (red): Final=442.5, Time=94.5, Moves(8)=0.0, Pins(1)=100.0, Dist=248.0, Win Bonus=0.0
[2026-05-22 11:16:58] ALL WRONG MOVES BY COLOUR: {'red': ['45 (turn timeout)', '50 (turn timeout)', '55 (turn timeout)', '60 (turn timeout)', '65 (turn timeout)', '70 (turn timeout)', '75 (turn timeout)', '80 (turn timeout)', '85 (turn timeout)', '90 (turn timeout)', '95 (turn timeout)', '100 (turn timeout)', '105 (turn timeout)', '110 (turn timeout)', '115 (turn timeout)', '120 (turn timeout)', '125 (turn timeout)', '130 (turn timeout)', '135 (turn timeout)', '140 (turn timeout)', '145 (turn timeout)', '150 (turn timeout)', '155 (turn timeout)', '160 (turn timeout)', '165 (turn timeout)', '170 (turn timeout)', '175 (turn timeout)', '180 (turn timeout)', '185 (turn timeout)', '190 (turn timeout)', '195 (turn timeout)', '200 (turn timeout)', '205 (turn timeout)', '210 (turn timeout)', '215 (turn timeout)', '220 (turn timeout)', '225 (turn timeout)', '230 (turn timeout)', '235 (turn timeout)', '240 (turn timeout)'], 'lawn green': ['186 (turn timeout)', '191 (turn timeout)', '196 (turn timeout)', '201 (turn timeout)', '206 (turn timeout)', '211 (turn timeout)', '216 (turn timeout)', '221 (turn timeout)', '226 (turn timeout)', '231 (turn timeout)', '236 (turn timeout)', '241 (turn timeout)']}
[2026-05-22 11:16:58] MOVE 244: CybSec (purple) 26->14 [0.01ms]
[2026-05-22 11:16:58] SCORE Gruppe 69 (lawn green): Final=1407.5, Time=96.0, Moves(37)=13.5, Pins(9)=900.0, Dist=398.0, Win Bonus=0.0
[2026-05-22 11:16:58] SCORE jat (gray0): Final=1333.7, Time=40.1, Moves(49)=97.6, Pins(8)=800.0, Dist=396.0, Win Bonus=0.0
[2026-05-22 11:16:58] SCORE group 99 (yellow): Final=1425.9, Time=40.3, Moves(49)=97.6, Pins(9)=900.0, Dist=388.0, Win Bonus=0.0
[2026-05-22 11:16:58] SCORE CybSec (purple): Final=1476.4, Time=80.8, Moves(49)=97.6, Pins(9)=900.0, Dist=398.0, Win Bonus=0.0
[2026-05-22 11:16:58] SCORE HelloWorld (red): Final=442.5, Time=94.5, Moves(8)=0.0, Pins(1)=100.0, Dist=248.0, Win Bonus=0.0
[2026-05-22 11:16:59] ALL WRONG MOVES BY COLOUR: {'red': ['45 (turn timeout)', '50 (turn timeout)', '55 (turn timeout)', '60 (turn timeout)', '65 (turn timeout)', '70 (turn timeout)', '75 (turn timeout)', '80 (turn timeout)', '85 (turn timeout)', '90 (turn timeout)', '95 (turn timeout)', '100 (turn timeout)', '105 (turn timeout)', '110 (turn timeout)', '115 (turn timeout)', '120 (turn timeout)', '125 (turn timeout)', '130 (turn timeout)', '135 (turn timeout)', '140 (turn timeout)', '145 (turn timeout)', '150 (turn timeout)', '155 (turn timeout)', '160 (turn timeout)', '165 (turn timeout)', '170 (turn timeout)', '175 (turn timeout)', '180 (turn timeout)', '185 (turn timeout)', '190 (turn timeout)', '195 (turn timeout)', '200 (turn timeout)', '205 (turn timeout)', '210 (turn timeout)', '215 (turn timeout)', '220 (turn timeout)', '225 (turn timeout)', '230 (turn timeout)', '235 (turn timeout)', '240 (turn timeout)'], 'lawn green': ['186 (turn timeout)', '191 (turn timeout)', '196 (turn timeout)', '201 (turn timeout)', '206 (turn timeout)', '211 (turn timeout)', '216 (turn timeout)', '221 (turn timeout)', '226 (turn timeout)', '231 (turn timeout)', '236 (turn timeout)', '241 (turn timeout)']}
[2026-05-22 11:17:01] SCORE Gruppe 69 (lawn green): Final=1407.5, Time=96.0, Moves(37)=13.5, Pins(9)=900.0, Dist=398.0, Win Bonus=0.0
[2026-05-22 11:17:01] SCORE jat (gray0): Final=1333.7, Time=40.1, Moves(49)=97.6, Pins(8)=800.0, Dist=396.0, Win Bonus=0.0
[2026-05-22 11:17:01] SCORE group 99 (yellow): Final=1425.9, Time=40.3, Moves(49)=97.6, Pins(9)=900.0, Dist=388.0, Win Bonus=0.0
[2026-05-22 11:17:01] SCORE CybSec (purple): Final=1476.4, Time=80.8, Moves(49)=97.6, Pins(9)=900.0, Dist=398.0, Win Bonus=0.0
[2026-05-22 11:17:01] SCORE HelloWorld (red): Final=442.5, Time=94.5, Moves(8)=0.0, Pins(1)=100.0, Dist=248.0, Win Bonus=0.0
[2026-05-22 11:17:01] ALL WRONG MOVES BY COLOUR: {'red': ['45 (turn timeout)', '50 (turn timeout)', '55 (turn timeout)', '60 (turn timeout)', '65 (turn timeout)', '70 (turn timeout)', '75 (turn timeout)', '80 (turn timeout)', '85 (turn timeout)', '90 (turn timeout)', '95 (turn timeout)', '100 (turn timeout)', '105 (turn timeout)', '110 (turn timeout)', '115 (turn timeout)', '120 (turn timeout)', '125 (turn timeout)', '130 (turn timeout)', '135 (turn timeout)', '140 (turn timeout)', '145 (turn timeout)', '150 (turn timeout)', '155 (turn timeout)', '160 (turn timeout)', '165 (turn timeout)', '170 (turn timeout)', '175 (turn timeout)', '180 (turn timeout)', '185 (turn timeout)', '190 (turn timeout)', '195 (turn timeout)', '200 (turn timeout)', '205 (turn timeout)', '210 (turn timeout)', '215 (turn timeout)', '220 (turn timeout)', '225 (turn timeout)', '230 (turn timeout)', '235 (turn timeout)', '240 (turn timeout)', '245 (turn timeout)'], 'lawn green': ['186 (turn timeout)', '191 (turn timeout)', '196 (turn timeout)', '201 (turn timeout)', '206 (turn timeout)', '211 (turn timeout)', '216 (turn timeout)', '221 (turn timeout)', '226 (turn timeout)', '231 (turn timeout)', '236 (turn timeout)', '241 (turn timeout)']}
[2026-05-22 11:17:01] TURN TIMEOUT: Player with colour red exceeded 2s at move 245. Turn skipped.
[2026-05-22 11:17:03] SCORE Gruppe 69 (lawn green): Final=1407.5, Time=96.0, Moves(37)=13.5, Pins(9)=900.0, Dist=398.0, Win Bonus=0.0
[2026-05-22 11:17:03] SCORE jat (gray0): Final=1333.7, Time=40.1, Moves(49)=97.6, Pins(8)=800.0, Dist=396.0, Win Bonus=0.0
[2026-05-22 11:17:03] SCORE group 99 (yellow): Final=1425.9, Time=40.3, Moves(49)=97.6, Pins(9)=900.0, Dist=388.0, Win Bonus=0.0
[2026-05-22 11:17:03] SCORE CybSec (purple): Final=1476.4, Time=80.8, Moves(49)=97.6, Pins(9)=900.0, Dist=398.0, Win Bonus=0.0
[2026-05-22 11:17:03] SCORE HelloWorld (red): Final=442.5, Time=94.5, Moves(8)=0.0, Pins(1)=100.0, Dist=248.0, Win Bonus=0.0
[2026-05-22 11:17:03] ALL WRONG MOVES BY COLOUR: {'red': ['45 (turn timeout)', '50 (turn timeout)', '55 (turn timeout)', '60 (turn timeout)', '65 (turn timeout)', '70 (turn timeout)', '75 (turn timeout)', '80 (turn timeout)', '85 (turn timeout)', '90 (turn timeout)', '95 (turn timeout)', '100 (turn timeout)', '105 (turn timeout)', '110 (turn timeout)', '115 (turn timeout)', '120 (turn timeout)', '125 (turn timeout)', '130 (turn timeout)', '135 (turn timeout)', '140 (turn timeout)', '145 (turn timeout)', '150 (turn timeout)', '155 (turn timeout)', '160 (turn timeout)', '165 (turn timeout)', '170 (turn timeout)', '175 (turn timeout)', '180 (turn timeout)', '185 (turn timeout)', '190 (turn timeout)', '195 (turn timeout)', '200 (turn timeout)', '205 (turn timeout)', '210 (turn timeout)', '215 (turn timeout)', '220 (turn timeout)', '225 (turn timeout)', '230 (turn timeout)', '235 (turn timeout)', '240 (turn timeout)', '245 (turn timeout)'], 'lawn green': ['186 (turn timeout)', '191 (turn timeout)', '196 (turn timeout)', '201 (turn timeout)', '206 (turn timeout)', '211 (turn timeout)', '216 (turn timeout)', '221 (turn timeout)', '226 (turn timeout)', '231 (turn timeout)', '236 (turn timeout)', '241 (turn timeout)', '246 (turn timeout)']}
[2026-05-22 11:17:03] TURN TIMEOUT: Player with colour lawn green exceeded 2s at move 246. Turn skipped.
[2026-05-22 11:17:04] MOVE 247: group 99 (yellow) 68->69 [0.00ms]
[2026-05-22 11:17:04] SCORE Gruppe 69 (lawn green): Final=1407.5, Time=96.0, Moves(37)=13.5, Pins(9)=900.0, Dist=398.0, Win Bonus=0.0
[2026-05-22 11:17:04] SCORE jat (gray0): Final=1333.7, Time=40.1, Moves(49)=97.6, Pins(8)=800.0, Dist=396.0, Win Bonus=0.0
[2026-05-22 11:17:04] SCORE group 99 (yellow): Final=1425.5, Time=39.3, Moves(50)=96.2, Pins(9)=900.0, Dist=390.0, Win Bonus=0.0
[2026-05-22 11:17:04] SCORE CybSec (purple): Final=1476.4, Time=80.8, Moves(49)=97.6, Pins(9)=900.0, Dist=398.0, Win Bonus=0.0
[2026-05-22 11:17:04] SCORE HelloWorld (red): Final=442.5, Time=94.5, Moves(8)=0.0, Pins(1)=100.0, Dist=248.0, Win Bonus=0.0
[2026-05-22 11:17:04] ALL WRONG MOVES BY COLOUR: {'red': ['45 (turn timeout)', '50 (turn timeout)', '55 (turn timeout)', '60 (turn timeout)', '65 (turn timeout)', '70 (turn timeout)', '75 (turn timeout)', '80 (turn timeout)', '85 (turn timeout)', '90 (turn timeout)', '95 (turn timeout)', '100 (turn timeout)', '105 (turn timeout)', '110 (turn timeout)', '115 (turn timeout)', '120 (turn timeout)', '125 (turn timeout)', '130 (turn timeout)', '135 (turn timeout)', '140 (turn timeout)', '145 (turn timeout)', '150 (turn timeout)', '155 (turn timeout)', '160 (turn timeout)', '165 (turn timeout)', '170 (turn timeout)', '175 (turn timeout)', '180 (turn timeout)', '185 (turn timeout)', '190 (turn timeout)', '195 (turn timeout)', '200 (turn timeout)', '205 (turn timeout)', '210 (turn timeout)', '215 (turn timeout)', '220 (turn timeout)', '225 (turn timeout)', '230 (turn timeout)', '235 (turn timeout)', '240 (turn timeout)', '245 (turn timeout)'], 'lawn green': ['186 (turn timeout)', '191 (turn timeout)', '196 (turn timeout)', '201 (turn timeout)', '206 (turn timeout)', '211 (turn timeout)', '216 (turn timeout)', '221 (turn timeout)', '226 (turn timeout)', '231 (turn timeout)', '236 (turn timeout)', '241 (turn timeout)', '246 (turn timeout)']}
[2026-05-22 11:17:04] MOVE 248: jat (gray0) 43->64 [0.01ms]
[2026-05-22 11:17:04] SCORE Gruppe 69 (lawn green): Final=1407.5, Time=96.0, Moves(37)=13.5, Pins(9)=900.0, Dist=398.0, Win Bonus=0.0
[2026-05-22 11:17:04] SCORE jat (gray0): Final=1331.9, Time=39.7, Moves(50)=96.2, Pins(8)=800.0, Dist=396.0, Win Bonus=0.0
[2026-05-22 11:17:04] SCORE group 99 (yellow): Final=1425.5, Time=39.3, Moves(50)=96.2, Pins(9)=900.0, Dist=390.0, Win Bonus=0.0
[2026-05-22 11:17:04] SCORE CybSec (purple): Final=1476.4, Time=80.8, Moves(49)=97.6, Pins(9)=900.0, Dist=398.0, Win Bonus=0.0
[2026-05-22 11:17:04] SCORE HelloWorld (red): Final=442.5, Time=94.5, Moves(8)=0.0, Pins(1)=100.0, Dist=248.0, Win Bonus=0.0
[2026-05-22 11:17:04] ALL WRONG MOVES BY COLOUR: {'red': ['45 (turn timeout)', '50 (turn timeout)', '55 (turn timeout)', '60 (turn timeout)', '65 (turn timeout)', '70 (turn timeout)', '75 (turn timeout)', '80 (turn timeout)', '85 (turn timeout)', '90 (turn timeout)', '95 (turn timeout)', '100 (turn timeout)', '105 (turn timeout)', '110 (turn timeout)', '115 (turn timeout)', '120 (turn timeout)', '125 (turn timeout)', '130 (turn timeout)', '135 (turn timeout)', '140 (turn timeout)', '145 (turn timeout)', '150 (turn timeout)', '155 (turn timeout)', '160 (turn timeout)', '165 (turn timeout)', '170 (turn timeout)', '175 (turn timeout)', '180 (turn timeout)', '185 (turn timeout)', '190 (turn timeout)', '195 (turn timeout)', '200 (turn timeout)', '205 (turn timeout)', '210 (turn timeout)', '215 (turn timeout)', '220 (turn timeout)', '225 (turn timeout)', '230 (turn timeout)', '235 (turn timeout)', '240 (turn timeout)', '245 (turn timeout)'], 'lawn green': ['186 (turn timeout)', '191 (turn timeout)', '196 (turn timeout)', '201 (turn timeout)', '206 (turn timeout)', '211 (turn timeout)', '216 (turn timeout)', '221 (turn timeout)', '226 (turn timeout)', '231 (turn timeout)', '236 (turn timeout)', '241 (turn timeout)', '246 (turn timeout)']}
[2026-05-22 11:17:05] MOVE 249: CybSec (purple) 13->26 [0.01ms]
[2026-05-22 11:17:05] SCORE Gruppe 69 (lawn green): Final=1407.5, Time=96.0, Moves(37)=13.5, Pins(9)=900.0, Dist=398.0, Win Bonus=0.0
[2026-05-22 11:17:05] SCORE jat (gray0): Final=1331.9, Time=39.7, Moves(50)=96.2, Pins(8)=800.0, Dist=396.0, Win Bonus=0.0
[2026-05-22 11:17:05] SCORE group 99 (yellow): Final=1425.5, Time=39.3, Moves(50)=96.2, Pins(9)=900.0, Dist=390.0, Win Bonus=0.0
[2026-05-22 11:17:05] SCORE CybSec (purple): Final=1372.4, Time=80.2, Moves(50)=96.2, Pins(8)=800.0, Dist=396.0, Win Bonus=0.0
[2026-05-22 11:17:05] SCORE HelloWorld (red): Final=442.5, Time=94.5, Moves(8)=0.0, Pins(1)=100.0, Dist=248.0, Win Bonus=0.0
[2026-05-22 11:17:05] ALL WRONG MOVES BY COLOUR: {'red': ['45 (turn timeout)', '50 (turn timeout)', '55 (turn timeout)', '60 (turn timeout)', '65 (turn timeout)', '70 (turn timeout)', '75 (turn timeout)', '80 (turn timeout)', '85 (turn timeout)', '90 (turn timeout)', '95 (turn timeout)', '100 (turn timeout)', '105 (turn timeout)', '110 (turn timeout)', '115 (turn timeout)', '120 (turn timeout)', '125 (turn timeout)', '130 (turn timeout)', '135 (turn timeout)', '140 (turn timeout)', '145 (turn timeout)', '150 (turn timeout)', '155 (turn timeout)', '160 (turn timeout)', '165 (turn timeout)', '170 (turn timeout)', '175 (turn timeout)', '180 (turn timeout)', '185 (turn timeout)', '190 (turn timeout)', '195 (turn timeout)', '200 (turn timeout)', '205 (turn timeout)', '210 (turn timeout)', '215 (turn timeout)', '220 (turn timeout)', '225 (turn timeout)', '230 (turn timeout)', '235 (turn timeout)', '240 (turn timeout)', '245 (turn timeout)'], 'lawn green': ['186 (turn timeout)', '191 (turn timeout)', '196 (turn timeout)', '201 (turn timeout)', '206 (turn timeout)', '211 (turn timeout)', '216 (turn timeout)', '221 (turn timeout)', '226 (turn timeout)', '231 (turn timeout)', '236 (turn timeout)', '241 (turn timeout)', '246 (turn timeout)']}
[2026-05-22 11:17:07] SCORE Gruppe 69 (lawn green): Final=1407.5, Time=96.0, Moves(37)=13.5, Pins(9)=900.0, Dist=398.0, Win Bonus=0.0
[2026-05-22 11:17:07] SCORE jat (gray0): Final=1331.9, Time=39.7, Moves(50)=96.2, Pins(8)=800.0, Dist=396.0, Win Bonus=0.0
[2026-05-22 11:17:07] SCORE group 99 (yellow): Final=1425.5, Time=39.3, Moves(50)=96.2, Pins(9)=900.0, Dist=390.0, Win Bonus=0.0
[2026-05-22 11:17:07] SCORE CybSec (purple): Final=1372.4, Time=80.2, Moves(50)=96.2, Pins(8)=800.0, Dist=396.0, Win Bonus=0.0
[2026-05-22 11:17:07] SCORE HelloWorld (red): Final=442.5, Time=94.5, Moves(8)=0.0, Pins(1)=100.0, Dist=248.0, Win Bonus=0.0
[2026-05-22 11:17:07] ALL WRONG MOVES BY COLOUR: {'red': ['45 (turn timeout)', '50 (turn timeout)', '55 (turn timeout)', '60 (turn timeout)', '65 (turn timeout)', '70 (turn timeout)', '75 (turn timeout)', '80 (turn timeout)', '85 (turn timeout)', '90 (turn timeout)', '95 (turn timeout)', '100 (turn timeout)', '105 (turn timeout)', '110 (turn timeout)', '115 (turn timeout)', '120 (turn timeout)', '125 (turn timeout)', '130 (turn timeout)', '135 (turn timeout)', '140 (turn timeout)', '145 (turn timeout)', '150 (turn timeout)', '155 (turn timeout)', '160 (turn timeout)', '165 (turn timeout)', '170 (turn timeout)', '175 (turn timeout)', '180 (turn timeout)', '185 (turn timeout)', '190 (turn timeout)', '195 (turn timeout)', '200 (turn timeout)', '205 (turn timeout)', '210 (turn timeout)', '215 (turn timeout)', '220 (turn timeout)', '225 (turn timeout)', '230 (turn timeout)', '235 (turn timeout)', '240 (turn timeout)', '245 (turn timeout)', '250 (turn timeout)'], 'lawn green': ['186 (turn timeout)', '191 (turn timeout)', '196 (turn timeout)', '201 (turn timeout)', '206 (turn timeout)', '211 (turn timeout)', '216 (turn timeout)', '221 (turn timeout)', '226 (turn timeout)', '231 (turn timeout)', '236 (turn timeout)', '241 (turn timeout)', '246 (turn timeout)']}
[2026-05-22 11:17:07] TURN TIMEOUT: Player with colour red exceeded 2s at move 250. Turn skipped.
[2026-05-22 11:17:09] SCORE Gruppe 69 (lawn green): Final=1407.5, Time=96.0, Moves(37)=13.5, Pins(9)=900.0, Dist=398.0, Win Bonus=0.0
[2026-05-22 11:17:09] SCORE jat (gray0): Final=1331.9, Time=39.7, Moves(50)=96.2, Pins(8)=800.0, Dist=396.0, Win Bonus=0.0
[2026-05-22 11:17:09] SCORE group 99 (yellow): Final=1425.5, Time=39.3, Moves(50)=96.2, Pins(9)=900.0, Dist=390.0, Win Bonus=0.0
[2026-05-22 11:17:09] SCORE CybSec (purple): Final=1372.4, Time=80.2, Moves(50)=96.2, Pins(8)=800.0, Dist=396.0, Win Bonus=0.0
[2026-05-22 11:17:09] SCORE HelloWorld (red): Final=442.5, Time=94.5, Moves(8)=0.0, Pins(1)=100.0, Dist=248.0, Win Bonus=0.0
[2026-05-22 11:17:09] ALL WRONG MOVES BY COLOUR: {'red': ['45 (turn timeout)', '50 (turn timeout)', '55 (turn timeout)', '60 (turn timeout)', '65 (turn timeout)', '70 (turn timeout)', '75 (turn timeout)', '80 (turn timeout)', '85 (turn timeout)', '90 (turn timeout)', '95 (turn timeout)', '100 (turn timeout)', '105 (turn timeout)', '110 (turn timeout)', '115 (turn timeout)', '120 (turn timeout)', '125 (turn timeout)', '130 (turn timeout)', '135 (turn timeout)', '140 (turn timeout)', '145 (turn timeout)', '150 (turn timeout)', '155 (turn timeout)', '160 (turn timeout)', '165 (turn timeout)', '170 (turn timeout)', '175 (turn timeout)', '180 (turn timeout)', '185 (turn timeout)', '190 (turn timeout)', '195 (turn timeout)', '200 (turn timeout)', '205 (turn timeout)', '210 (turn timeout)', '215 (turn timeout)', '220 (turn timeout)', '225 (turn timeout)', '230 (turn timeout)', '235 (turn timeout)', '240 (turn timeout)', '245 (turn timeout)', '250 (turn timeout)'], 'lawn green': ['186 (turn timeout)', '191 (turn timeout)', '196 (turn timeout)', '201 (turn timeout)', '206 (turn timeout)', '211 (turn timeout)', '216 (turn timeout)', '221 (turn timeout)', '226 (turn timeout)', '231 (turn timeout)', '236 (turn timeout)', '241 (turn timeout)', '246 (turn timeout)', '251 (turn timeout)']}
[2026-05-22 11:17:09] TURN TIMEOUT: Player with colour lawn green exceeded 2s at move 251. Turn skipped.
[2026-05-22 11:17:10] MOVE 252: group 99 (yellow) 69->80 [0.01ms]
[2026-05-22 11:17:10] SCORE Gruppe 69 (lawn green): Final=1407.5, Time=96.0, Moves(37)=13.5, Pins(9)=900.0, Dist=398.0, Win Bonus=0.0
[2026-05-22 11:17:10] SCORE jat (gray0): Final=1331.9, Time=39.7, Moves(50)=96.2, Pins(8)=800.0, Dist=396.0, Win Bonus=0.0
[2026-05-22 11:17:10] SCORE group 99 (yellow): Final=1424.9, Time=38.3, Moves(51)=94.6, Pins(9)=900.0, Dist=392.0, Win Bonus=0.0
[2026-05-22 11:17:10] SCORE CybSec (purple): Final=1372.4, Time=80.2, Moves(50)=96.2, Pins(8)=800.0, Dist=396.0, Win Bonus=0.0
[2026-05-22 11:17:10] SCORE HelloWorld (red): Final=442.5, Time=94.5, Moves(8)=0.0, Pins(1)=100.0, Dist=248.0, Win Bonus=0.0
[2026-05-22 11:17:10] ALL WRONG MOVES BY COLOUR: {'red': ['45 (turn timeout)', '50 (turn timeout)', '55 (turn timeout)', '60 (turn timeout)', '65 (turn timeout)', '70 (turn timeout)', '75 (turn timeout)', '80 (turn timeout)', '85 (turn timeout)', '90 (turn timeout)', '95 (turn timeout)', '100 (turn timeout)', '105 (turn timeout)', '110 (turn timeout)', '115 (turn timeout)', '120 (turn timeout)', '125 (turn timeout)', '130 (turn timeout)', '135 (turn timeout)', '140 (turn timeout)', '145 (turn timeout)', '150 (turn timeout)', '155 (turn timeout)', '160 (turn timeout)', '165 (turn timeout)', '170 (turn timeout)', '175 (turn timeout)', '180 (turn timeout)', '185 (turn timeout)', '190 (turn timeout)', '195 (turn timeout)', '200 (turn timeout)', '205 (turn timeout)', '210 (turn timeout)', '215 (turn timeout)', '220 (turn timeout)', '225 (turn timeout)', '230 (turn timeout)', '235 (turn timeout)', '240 (turn timeout)', '245 (turn timeout)', '250 (turn timeout)'], 'lawn green': ['186 (turn timeout)', '191 (turn timeout)', '196 (turn timeout)', '201 (turn timeout)', '206 (turn timeout)', '211 (turn timeout)', '216 (turn timeout)', '221 (turn timeout)', '226 (turn timeout)', '231 (turn timeout)', '236 (turn timeout)', '241 (turn timeout)', '246 (turn timeout)', '251 (turn timeout)']}
[2026-05-22 11:17:10] MOVE 253: jat (gray0) 64->43 [0.01ms]
[2026-05-22 11:17:10] SCORE Gruppe 69 (lawn green): Final=1407.5, Time=96.0, Moves(37)=13.5, Pins(9)=900.0, Dist=398.0, Win Bonus=0.0
[2026-05-22 11:17:10] SCORE jat (gray0): Final=1329.9, Time=39.3, Moves(51)=94.6, Pins(8)=800.0, Dist=396.0, Win Bonus=0.0
[2026-05-22 11:17:10] SCORE group 99 (yellow): Final=1424.9, Time=38.3, Moves(51)=94.6, Pins(9)=900.0, Dist=392.0, Win Bonus=0.0
[2026-05-22 11:17:10] SCORE CybSec (purple): Final=1372.4, Time=80.2, Moves(50)=96.2, Pins(8)=800.0, Dist=396.0, Win Bonus=0.0
[2026-05-22 11:17:10] SCORE HelloWorld (red): Final=442.5, Time=94.5, Moves(8)=0.0, Pins(1)=100.0, Dist=248.0, Win Bonus=0.0
[2026-05-22 11:17:10] ALL WRONG MOVES BY COLOUR: {'red': ['45 (turn timeout)', '50 (turn timeout)', '55 (turn timeout)', '60 (turn timeout)', '65 (turn timeout)', '70 (turn timeout)', '75 (turn timeout)', '80 (turn timeout)', '85 (turn timeout)', '90 (turn timeout)', '95 (turn timeout)', '100 (turn timeout)', '105 (turn timeout)', '110 (turn timeout)', '115 (turn timeout)', '120 (turn timeout)', '125 (turn timeout)', '130 (turn timeout)', '135 (turn timeout)', '140 (turn timeout)', '145 (turn timeout)', '150 (turn timeout)', '155 (turn timeout)', '160 (turn timeout)', '165 (turn timeout)', '170 (turn timeout)', '175 (turn timeout)', '180 (turn timeout)', '185 (turn timeout)', '190 (turn timeout)', '195 (turn timeout)', '200 (turn timeout)', '205 (turn timeout)', '210 (turn timeout)', '215 (turn timeout)', '220 (turn timeout)', '225 (turn timeout)', '230 (turn timeout)', '235 (turn timeout)', '240 (turn timeout)', '245 (turn timeout)', '250 (turn timeout)'], 'lawn green': ['186 (turn timeout)', '191 (turn timeout)', '196 (turn timeout)', '201 (turn timeout)', '206 (turn timeout)', '211 (turn timeout)', '216 (turn timeout)', '221 (turn timeout)', '226 (turn timeout)', '231 (turn timeout)', '236 (turn timeout)', '241 (turn timeout)', '246 (turn timeout)', '251 (turn timeout)']}
[2026-05-22 11:17:11] MOVE 254: CybSec (purple) 14->13 [0.01ms]
[2026-05-22 11:17:11] SCORE Gruppe 69 (lawn green): Final=1407.5, Time=96.0, Moves(37)=13.5, Pins(9)=900.0, Dist=398.0, Win Bonus=0.0
[2026-05-22 11:17:11] SCORE jat (gray0): Final=1329.9, Time=39.3, Moves(51)=94.6, Pins(8)=800.0, Dist=396.0, Win Bonus=0.0
[2026-05-22 11:17:11] SCORE group 99 (yellow): Final=1424.9, Time=38.3, Moves(51)=94.6, Pins(9)=900.0, Dist=392.0, Win Bonus=0.0
[2026-05-22 11:17:11] SCORE CybSec (purple): Final=1472.2, Time=79.6, Moves(51)=94.6, Pins(9)=900.0, Dist=398.0, Win Bonus=0.0
[2026-05-22 11:17:11] SCORE HelloWorld (red): Final=442.5, Time=94.5, Moves(8)=0.0, Pins(1)=100.0, Dist=248.0, Win Bonus=0.0
[2026-05-22 11:17:11] ALL WRONG MOVES BY COLOUR: {'red': ['45 (turn timeout)', '50 (turn timeout)', '55 (turn timeout)', '60 (turn timeout)', '65 (turn timeout)', '70 (turn timeout)', '75 (turn timeout)', '80 (turn timeout)', '85 (turn timeout)', '90 (turn timeout)', '95 (turn timeout)', '100 (turn timeout)', '105 (turn timeout)', '110 (turn timeout)', '115 (turn timeout)', '120 (turn timeout)', '125 (turn timeout)', '130 (turn timeout)', '135 (turn timeout)', '140 (turn timeout)', '145 (turn timeout)', '150 (turn timeout)', '155 (turn timeout)', '160 (turn timeout)', '165 (turn timeout)', '170 (turn timeout)', '175 (turn timeout)', '180 (turn timeout)', '185 (turn timeout)', '190 (turn timeout)', '195 (turn timeout)', '200 (turn timeout)', '205 (turn timeout)', '210 (turn timeout)', '215 (turn timeout)', '220 (turn timeout)', '225 (turn timeout)', '230 (turn timeout)', '235 (turn timeout)', '240 (turn timeout)', '245 (turn timeout)', '250 (turn timeout)'], 'lawn green': ['186 (turn timeout)', '191 (turn timeout)', '196 (turn timeout)', '201 (turn timeout)', '206 (turn timeout)', '211 (turn timeout)', '216 (turn timeout)', '221 (turn timeout)', '226 (turn timeout)', '231 (turn timeout)', '236 (turn timeout)', '241 (turn timeout)', '246 (turn timeout)', '251 (turn timeout)']}
[2026-05-22 11:17:13] SCORE Gruppe 69 (lawn green): Final=1407.5, Time=96.0, Moves(37)=13.5, Pins(9)=900.0, Dist=398.0, Win Bonus=0.0
[2026-05-22 11:17:13] SCORE jat (gray0): Final=1329.9, Time=39.3, Moves(51)=94.6, Pins(8)=800.0, Dist=396.0, Win Bonus=0.0
[2026-05-22 11:17:13] SCORE group 99 (yellow): Final=1424.9, Time=38.3, Moves(51)=94.6, Pins(9)=900.0, Dist=392.0, Win Bonus=0.0
[2026-05-22 11:17:13] SCORE CybSec (purple): Final=1472.2, Time=79.6, Moves(51)=94.6, Pins(9)=900.0, Dist=398.0, Win Bonus=0.0
[2026-05-22 11:17:13] SCORE HelloWorld (red): Final=442.5, Time=94.5, Moves(8)=0.0, Pins(1)=100.0, Dist=248.0, Win Bonus=0.0
[2026-05-22 11:17:13] ALL WRONG MOVES BY COLOUR: {'red': ['45 (turn timeout)', '50 (turn timeout)', '55 (turn timeout)', '60 (turn timeout)', '65 (turn timeout)', '70 (turn timeout)', '75 (turn timeout)', '80 (turn timeout)', '85 (turn timeout)', '90 (turn timeout)', '95 (turn timeout)', '100 (turn timeout)', '105 (turn timeout)', '110 (turn timeout)', '115 (turn timeout)', '120 (turn timeout)', '125 (turn timeout)', '130 (turn timeout)', '135 (turn timeout)', '140 (turn timeout)', '145 (turn timeout)', '150 (turn timeout)', '155 (turn timeout)', '160 (turn timeout)', '165 (turn timeout)', '170 (turn timeout)', '175 (turn timeout)', '180 (turn timeout)', '185 (turn timeout)', '190 (turn timeout)', '195 (turn timeout)', '200 (turn timeout)', '205 (turn timeout)', '210 (turn timeout)', '215 (turn timeout)', '220 (turn timeout)', '225 (turn timeout)', '230 (turn timeout)', '235 (turn timeout)', '240 (turn timeout)', '245 (turn timeout)', '250 (turn timeout)', '255 (turn timeout)'], 'lawn green': ['186 (turn timeout)', '191 (turn timeout)', '196 (turn timeout)', '201 (turn timeout)', '206 (turn timeout)', '211 (turn timeout)', '216 (turn timeout)', '221 (turn timeout)', '226 (turn timeout)', '231 (turn timeout)', '236 (turn timeout)', '241 (turn timeout)', '246 (turn timeout)', '251 (turn timeout)']}
[2026-05-22 11:17:13] TURN TIMEOUT: Player with colour red exceeded 2s at move 255. Turn skipped.
[2026-05-22 11:17:15] SCORE Gruppe 69 (lawn green): Final=1407.5, Time=96.0, Moves(37)=13.5, Pins(9)=900.0, Dist=398.0, Win Bonus=0.0
[2026-05-22 11:17:15] SCORE jat (gray0): Final=1329.9, Time=39.3, Moves(51)=94.6, Pins(8)=800.0, Dist=396.0, Win Bonus=0.0
[2026-05-22 11:17:15] SCORE group 99 (yellow): Final=1424.9, Time=38.3, Moves(51)=94.6, Pins(9)=900.0, Dist=392.0, Win Bonus=0.0
[2026-05-22 11:17:15] SCORE CybSec (purple): Final=1472.2, Time=79.6, Moves(51)=94.6, Pins(9)=900.0, Dist=398.0, Win Bonus=0.0
[2026-05-22 11:17:15] SCORE HelloWorld (red): Final=442.5, Time=94.5, Moves(8)=0.0, Pins(1)=100.0, Dist=248.0, Win Bonus=0.0
[2026-05-22 11:17:15] ALL WRONG MOVES BY COLOUR: {'red': ['45 (turn timeout)', '50 (turn timeout)', '55 (turn timeout)', '60 (turn timeout)', '65 (turn timeout)', '70 (turn timeout)', '75 (turn timeout)', '80 (turn timeout)', '85 (turn timeout)', '90 (turn timeout)', '95 (turn timeout)', '100 (turn timeout)', '105 (turn timeout)', '110 (turn timeout)', '115 (turn timeout)', '120 (turn timeout)', '125 (turn timeout)', '130 (turn timeout)', '135 (turn timeout)', '140 (turn timeout)', '145 (turn timeout)', '150 (turn timeout)', '155 (turn timeout)', '160 (turn timeout)', '165 (turn timeout)', '170 (turn timeout)', '175 (turn timeout)', '180 (turn timeout)', '185 (turn timeout)', '190 (turn timeout)', '195 (turn timeout)', '200 (turn timeout)', '205 (turn timeout)', '210 (turn timeout)', '215 (turn timeout)', '220 (turn timeout)', '225 (turn timeout)', '230 (turn timeout)', '235 (turn timeout)', '240 (turn timeout)', '245 (turn timeout)', '250 (turn timeout)', '255 (turn timeout)'], 'lawn green': ['186 (turn timeout)', '191 (turn timeout)', '196 (turn timeout)', '201 (turn timeout)', '206 (turn timeout)', '211 (turn timeout)', '216 (turn timeout)', '221 (turn timeout)', '226 (turn timeout)', '231 (turn timeout)', '236 (turn timeout)', '241 (turn timeout)', '246 (turn timeout)', '251 (turn timeout)', '256 (turn timeout)']}
[2026-05-22 11:17:15] TURN TIMEOUT: Player with colour lawn green exceeded 2s at move 256. Turn skipped.
[2026-05-22 11:17:16] MOVE 257: group 99 (yellow) 80->92 [0.01ms]
[2026-05-22 11:17:16] SCORE Gruppe 69 (lawn green): Final=1407.5, Time=96.0, Moves(37)=13.5, Pins(9)=900.0, Dist=398.0, Win Bonus=0.0
[2026-05-22 11:17:16] SCORE jat (gray0): Final=1329.9, Time=39.3, Moves(51)=94.6, Pins(8)=800.0, Dist=396.0, Win Bonus=0.0
[2026-05-22 11:17:16] SCORE group 99 (yellow): Final=1424.0, Time=37.3, Moves(52)=92.7, Pins(9)=900.0, Dist=394.0, Win Bonus=0.0
[2026-05-22 11:17:16] SCORE CybSec (purple): Final=1472.2, Time=79.6, Moves(51)=94.6, Pins(9)=900.0, Dist=398.0, Win Bonus=0.0
[2026-05-22 11:17:16] SCORE HelloWorld (red): Final=442.5, Time=94.5, Moves(8)=0.0, Pins(1)=100.0, Dist=248.0, Win Bonus=0.0
[2026-05-22 11:17:16] ALL WRONG MOVES BY COLOUR: {'red': ['45 (turn timeout)', '50 (turn timeout)', '55 (turn timeout)', '60 (turn timeout)', '65 (turn timeout)', '70 (turn timeout)', '75 (turn timeout)', '80 (turn timeout)', '85 (turn timeout)', '90 (turn timeout)', '95 (turn timeout)', '100 (turn timeout)', '105 (turn timeout)', '110 (turn timeout)', '115 (turn timeout)', '120 (turn timeout)', '125 (turn timeout)', '130 (turn timeout)', '135 (turn timeout)', '140 (turn timeout)', '145 (turn timeout)', '150 (turn timeout)', '155 (turn timeout)', '160 (turn timeout)', '165 (turn timeout)', '170 (turn timeout)', '175 (turn timeout)', '180 (turn timeout)', '185 (turn timeout)', '190 (turn timeout)', '195 (turn timeout)', '200 (turn timeout)', '205 (turn timeout)', '210 (turn timeout)', '215 (turn timeout)', '220 (turn timeout)', '225 (turn timeout)', '230 (turn timeout)', '235 (turn timeout)', '240 (turn timeout)', '245 (turn timeout)', '250 (turn timeout)', '255 (turn timeout)'], 'lawn green': ['186 (turn timeout)', '191 (turn timeout)', '196 (turn timeout)', '201 (turn timeout)', '206 (turn timeout)', '211 (turn timeout)', '216 (turn timeout)', '221 (turn timeout)', '226 (turn timeout)', '231 (turn timeout)', '236 (turn timeout)', '241 (turn timeout)', '246 (turn timeout)', '251 (turn timeout)', '256 (turn timeout)']}
[2026-05-22 11:17:16] MOVE 258: jat (gray0) 43->64 [0.01ms]
[2026-05-22 11:17:16] SCORE Gruppe 69 (lawn green): Final=1407.5, Time=96.0, Moves(37)=13.5, Pins(9)=900.0, Dist=398.0, Win Bonus=0.0
[2026-05-22 11:17:16] SCORE jat (gray0): Final=1327.7, Time=39.0, Moves(52)=92.7, Pins(8)=800.0, Dist=396.0, Win Bonus=0.0
[2026-05-22 11:17:16] SCORE group 99 (yellow): Final=1424.0, Time=37.3, Moves(52)=92.7, Pins(9)=900.0, Dist=394.0, Win Bonus=0.0
[2026-05-22 11:17:16] SCORE CybSec (purple): Final=1472.2, Time=79.6, Moves(51)=94.6, Pins(9)=900.0, Dist=398.0, Win Bonus=0.0
[2026-05-22 11:17:16] SCORE HelloWorld (red): Final=442.5, Time=94.5, Moves(8)=0.0, Pins(1)=100.0, Dist=248.0, Win Bonus=0.0
[2026-05-22 11:17:16] ALL WRONG MOVES BY COLOUR: {'red': ['45 (turn timeout)', '50 (turn timeout)', '55 (turn timeout)', '60 (turn timeout)', '65 (turn timeout)', '70 (turn timeout)', '75 (turn timeout)', '80 (turn timeout)', '85 (turn timeout)', '90 (turn timeout)', '95 (turn timeout)', '100 (turn timeout)', '105 (turn timeout)', '110 (turn timeout)', '115 (turn timeout)', '120 (turn timeout)', '125 (turn timeout)', '130 (turn timeout)', '135 (turn timeout)', '140 (turn timeout)', '145 (turn timeout)', '150 (turn timeout)', '155 (turn timeout)', '160 (turn timeout)', '165 (turn timeout)', '170 (turn timeout)', '175 (turn timeout)', '180 (turn timeout)', '185 (turn timeout)', '190 (turn timeout)', '195 (turn timeout)', '200 (turn timeout)', '205 (turn timeout)', '210 (turn timeout)', '215 (turn timeout)', '220 (turn timeout)', '225 (turn timeout)', '230 (turn timeout)', '235 (turn timeout)', '240 (turn timeout)', '245 (turn timeout)', '250 (turn timeout)', '255 (turn timeout)'], 'lawn green': ['186 (turn timeout)', '191 (turn timeout)', '196 (turn timeout)', '201 (turn timeout)', '206 (turn timeout)', '211 (turn timeout)', '216 (turn timeout)', '221 (turn timeout)', '226 (turn timeout)', '231 (turn timeout)', '236 (turn timeout)', '241 (turn timeout)', '246 (turn timeout)', '251 (turn timeout)', '256 (turn timeout)']}
[2026-05-22 11:17:17] MOVE 259: CybSec (purple) 24->11 [0.01ms]
[2026-05-22 11:17:17] SCORE Gruppe 69 (lawn green): Final=1407.5, Time=96.0, Moves(37)=13.5, Pins(9)=900.0, Dist=398.0, Win Bonus=0.0
[2026-05-22 11:17:17] SCORE jat (gray0): Final=1327.7, Time=39.0, Moves(52)=92.7, Pins(8)=800.0, Dist=396.0, Win Bonus=0.0
[2026-05-22 11:17:17] SCORE group 99 (yellow): Final=1424.0, Time=37.3, Moves(52)=92.7, Pins(9)=900.0, Dist=394.0, Win Bonus=0.0
[2026-05-22 11:17:17] SCORE CybSec (purple): Final=1469.8, Time=79.1, Moves(52)=92.7, Pins(9)=900.0, Dist=398.0, Win Bonus=0.0
[2026-05-22 11:17:17] SCORE HelloWorld (red): Final=442.5, Time=94.5, Moves(8)=0.0, Pins(1)=100.0, Dist=248.0, Win Bonus=0.0
[2026-05-22 11:17:17] ALL WRONG MOVES BY COLOUR: {'red': ['45 (turn timeout)', '50 (turn timeout)', '55 (turn timeout)', '60 (turn timeout)', '65 (turn timeout)', '70 (turn timeout)', '75 (turn timeout)', '80 (turn timeout)', '85 (turn timeout)', '90 (turn timeout)', '95 (turn timeout)', '100 (turn timeout)', '105 (turn timeout)', '110 (turn timeout)', '115 (turn timeout)', '120 (turn timeout)', '125 (turn timeout)', '130 (turn timeout)', '135 (turn timeout)', '140 (turn timeout)', '145 (turn timeout)', '150 (turn timeout)', '155 (turn timeout)', '160 (turn timeout)', '165 (turn timeout)', '170 (turn timeout)', '175 (turn timeout)', '180 (turn timeout)', '185 (turn timeout)', '190 (turn timeout)', '195 (turn timeout)', '200 (turn timeout)', '205 (turn timeout)', '210 (turn timeout)', '215 (turn timeout)', '220 (turn timeout)', '225 (turn timeout)', '230 (turn timeout)', '235 (turn timeout)', '240 (turn timeout)', '245 (turn timeout)', '250 (turn timeout)', '255 (turn timeout)'], 'lawn green': ['186 (turn timeout)', '191 (turn timeout)', '196 (turn timeout)', '201 (turn timeout)', '206 (turn timeout)', '211 (turn timeout)', '216 (turn timeout)', '221 (turn timeout)', '226 (turn timeout)', '231 (turn timeout)', '236 (turn timeout)', '241 (turn timeout)', '246 (turn timeout)', '251 (turn timeout)', '256 (turn timeout)']}
[2026-05-22 11:17:19] SCORE Gruppe 69 (lawn green): Final=1407.5, Time=96.0, Moves(37)=13.5, Pins(9)=900.0, Dist=398.0, Win Bonus=0.0
[2026-05-22 11:17:19] SCORE jat (gray0): Final=1327.7, Time=39.0, Moves(52)=92.7, Pins(8)=800.0, Dist=396.0, Win Bonus=0.0
[2026-05-22 11:17:19] SCORE group 99 (yellow): Final=1424.0, Time=37.3, Moves(52)=92.7, Pins(9)=900.0, Dist=394.0, Win Bonus=0.0
[2026-05-22 11:17:19] SCORE CybSec (purple): Final=1469.8, Time=79.1, Moves(52)=92.7, Pins(9)=900.0, Dist=398.0, Win Bonus=0.0
[2026-05-22 11:17:19] SCORE HelloWorld (red): Final=442.5, Time=94.5, Moves(8)=0.0, Pins(1)=100.0, Dist=248.0, Win Bonus=0.0
[2026-05-22 11:17:19] ALL WRONG MOVES BY COLOUR: {'red': ['45 (turn timeout)', '50 (turn timeout)', '55 (turn timeout)', '60 (turn timeout)', '65 (turn timeout)', '70 (turn timeout)', '75 (turn timeout)', '80 (turn timeout)', '85 (turn timeout)', '90 (turn timeout)', '95 (turn timeout)', '100 (turn timeout)', '105 (turn timeout)', '110 (turn timeout)', '115 (turn timeout)', '120 (turn timeout)', '125 (turn timeout)', '130 (turn timeout)', '135 (turn timeout)', '140 (turn timeout)', '145 (turn timeout)', '150 (turn timeout)', '155 (turn timeout)', '160 (turn timeout)', '165 (turn timeout)', '170 (turn timeout)', '175 (turn timeout)', '180 (turn timeout)', '185 (turn timeout)', '190 (turn timeout)', '195 (turn timeout)', '200 (turn timeout)', '205 (turn timeout)', '210 (turn timeout)', '215 (turn timeout)', '220 (turn timeout)', '225 (turn timeout)', '230 (turn timeout)', '235 (turn timeout)', '240 (turn timeout)', '245 (turn timeout)', '250 (turn timeout)', '255 (turn timeout)', '260 (turn timeout)'], 'lawn green': ['186 (turn timeout)', '191 (turn timeout)', '196 (turn timeout)', '201 (turn timeout)', '206 (turn timeout)', '211 (turn timeout)', '216 (turn timeout)', '221 (turn timeout)', '226 (turn timeout)', '231 (turn timeout)', '236 (turn timeout)', '241 (turn timeout)', '246 (turn timeout)', '251 (turn timeout)', '256 (turn timeout)']}
[2026-05-22 11:17:19] TURN TIMEOUT: Player with colour red exceeded 2s at move 260. Turn skipped.
[2026-05-22 11:17:21] SCORE Gruppe 69 (lawn green): Final=1407.5, Time=96.0, Moves(37)=13.5, Pins(9)=900.0, Dist=398.0, Win Bonus=0.0
[2026-05-22 11:17:21] SCORE jat (gray0): Final=1327.7, Time=39.0, Moves(52)=92.7, Pins(8)=800.0, Dist=396.0, Win Bonus=0.0
[2026-05-22 11:17:21] SCORE group 99 (yellow): Final=1424.0, Time=37.3, Moves(52)=92.7, Pins(9)=900.0, Dist=394.0, Win Bonus=0.0
[2026-05-22 11:17:21] SCORE CybSec (purple): Final=1469.8, Time=79.1, Moves(52)=92.7, Pins(9)=900.0, Dist=398.0, Win Bonus=0.0
[2026-05-22 11:17:21] SCORE HelloWorld (red): Final=442.5, Time=94.5, Moves(8)=0.0, Pins(1)=100.0, Dist=248.0, Win Bonus=0.0
[2026-05-22 11:17:21] ALL WRONG MOVES BY COLOUR: {'red': ['45 (turn timeout)', '50 (turn timeout)', '55 (turn timeout)', '60 (turn timeout)', '65 (turn timeout)', '70 (turn timeout)', '75 (turn timeout)', '80 (turn timeout)', '85 (turn timeout)', '90 (turn timeout)', '95 (turn timeout)', '100 (turn timeout)', '105 (turn timeout)', '110 (turn timeout)', '115 (turn timeout)', '120 (turn timeout)', '125 (turn timeout)', '130 (turn timeout)', '135 (turn timeout)', '140 (turn timeout)', '145 (turn timeout)', '150 (turn timeout)', '155 (turn timeout)', '160 (turn timeout)', '165 (turn timeout)', '170 (turn timeout)', '175 (turn timeout)', '180 (turn timeout)', '185 (turn timeout)', '190 (turn timeout)', '195 (turn timeout)', '200 (turn timeout)', '205 (turn timeout)', '210 (turn timeout)', '215 (turn timeout)', '220 (turn timeout)', '225 (turn timeout)', '230 (turn timeout)', '235 (turn timeout)', '240 (turn timeout)', '245 (turn timeout)', '250 (turn timeout)', '255 (turn timeout)', '260 (turn timeout)'], 'lawn green': ['186 (turn timeout)', '191 (turn timeout)', '196 (turn timeout)', '201 (turn timeout)', '206 (turn timeout)', '211 (turn timeout)', '216 (turn timeout)', '221 (turn timeout)', '226 (turn timeout)', '231 (turn timeout)', '236 (turn timeout)', '241 (turn timeout)', '246 (turn timeout)', '251 (turn timeout)', '256 (turn timeout)', '261 (turn timeout)']}
[2026-05-22 11:17:21] TURN TIMEOUT: Player with colour lawn green exceeded 2s at move 261. Turn skipped.
[2026-05-22 11:17:22] MOVE 262: group 99 (yellow) 92->105 [0.01ms]
[2026-05-22 11:17:22] SCORE Gruppe 69 (lawn green): Final=1407.5, Time=96.0, Moves(37)=13.5, Pins(9)=900.0, Dist=398.0, Win Bonus=0.0
[2026-05-22 11:17:22] SCORE jat (gray0): Final=1327.7, Time=39.0, Moves(52)=92.7, Pins(8)=800.0, Dist=396.0, Win Bonus=0.0
[2026-05-22 11:17:22] SCORE group 99 (yellow): Final=1422.9, Time=36.3, Moves(53)=90.6, Pins(9)=900.0, Dist=396.0, Win Bonus=0.0
[2026-05-22 11:17:22] SCORE CybSec (purple): Final=1469.8, Time=79.1, Moves(52)=92.7, Pins(9)=900.0, Dist=398.0, Win Bonus=0.0
[2026-05-22 11:17:22] SCORE HelloWorld (red): Final=442.5, Time=94.5, Moves(8)=0.0, Pins(1)=100.0, Dist=248.0, Win Bonus=0.0
[2026-05-22 11:17:22] ALL WRONG MOVES BY COLOUR: {'red': ['45 (turn timeout)', '50 (turn timeout)', '55 (turn timeout)', '60 (turn timeout)', '65 (turn timeout)', '70 (turn timeout)', '75 (turn timeout)', '80 (turn timeout)', '85 (turn timeout)', '90 (turn timeout)', '95 (turn timeout)', '100 (turn timeout)', '105 (turn timeout)', '110 (turn timeout)', '115 (turn timeout)', '120 (turn timeout)', '125 (turn timeout)', '130 (turn timeout)', '135 (turn timeout)', '140 (turn timeout)', '145 (turn timeout)', '150 (turn timeout)', '155 (turn timeout)', '160 (turn timeout)', '165 (turn timeout)', '170 (turn timeout)', '175 (turn timeout)', '180 (turn timeout)', '185 (turn timeout)', '190 (turn timeout)', '195 (turn timeout)', '200 (turn timeout)', '205 (turn timeout)', '210 (turn timeout)', '215 (turn timeout)', '220 (turn timeout)', '225 (turn timeout)', '230 (turn timeout)', '235 (turn timeout)', '240 (turn timeout)', '245 (turn timeout)', '250 (turn timeout)', '255 (turn timeout)', '260 (turn timeout)'], 'lawn green': ['186 (turn timeout)', '191 (turn timeout)', '196 (turn timeout)', '201 (turn timeout)', '206 (turn timeout)', '211 (turn timeout)', '216 (turn timeout)', '221 (turn timeout)', '226 (turn timeout)', '231 (turn timeout)', '236 (turn timeout)', '241 (turn timeout)', '246 (turn timeout)', '251 (turn timeout)', '256 (turn timeout)', '261 (turn timeout)']}
[2026-05-22 11:17:22] MOVE 263: jat (gray0) 64->43 [0.01ms]
[2026-05-22 11:17:22] SCORE Gruppe 69 (lawn green): Final=1407.5, Time=96.0, Moves(37)=13.5, Pins(9)=900.0, Dist=398.0, Win Bonus=0.0
[2026-05-22 11:17:22] SCORE jat (gray0): Final=1325.3, Time=38.7, Moves(53)=90.6, Pins(8)=800.0, Dist=396.0, Win Bonus=0.0
[2026-05-22 11:17:22] SCORE group 99 (yellow): Final=1422.9, Time=36.3, Moves(53)=90.6, Pins(9)=900.0, Dist=396.0, Win Bonus=0.0
[2026-05-22 11:17:22] SCORE CybSec (purple): Final=1469.8, Time=79.1, Moves(52)=92.7, Pins(9)=900.0, Dist=398.0, Win Bonus=0.0
[2026-05-22 11:17:22] SCORE HelloWorld (red): Final=442.5, Time=94.5, Moves(8)=0.0, Pins(1)=100.0, Dist=248.0, Win Bonus=0.0
[2026-05-22 11:17:22] ALL WRONG MOVES BY COLOUR: {'red': ['45 (turn timeout)', '50 (turn timeout)', '55 (turn timeout)', '60 (turn timeout)', '65 (turn timeout)', '70 (turn timeout)', '75 (turn timeout)', '80 (turn timeout)', '85 (turn timeout)', '90 (turn timeout)', '95 (turn timeout)', '100 (turn timeout)', '105 (turn timeout)', '110 (turn timeout)', '115 (turn timeout)', '120 (turn timeout)', '125 (turn timeout)', '130 (turn timeout)', '135 (turn timeout)', '140 (turn timeout)', '145 (turn timeout)', '150 (turn timeout)', '155 (turn timeout)', '160 (turn timeout)', '165 (turn timeout)', '170 (turn timeout)', '175 (turn timeout)', '180 (turn timeout)', '185 (turn timeout)', '190 (turn timeout)', '195 (turn timeout)', '200 (turn timeout)', '205 (turn timeout)', '210 (turn timeout)', '215 (turn timeout)', '220 (turn timeout)', '225 (turn timeout)', '230 (turn timeout)', '235 (turn timeout)', '240 (turn timeout)', '245 (turn timeout)', '250 (turn timeout)', '255 (turn timeout)', '260 (turn timeout)'], 'lawn green': ['186 (turn timeout)', '191 (turn timeout)', '196 (turn timeout)', '201 (turn timeout)', '206 (turn timeout)', '211 (turn timeout)', '216 (turn timeout)', '221 (turn timeout)', '226 (turn timeout)', '231 (turn timeout)', '236 (turn timeout)', '241 (turn timeout)', '246 (turn timeout)', '251 (turn timeout)', '256 (turn timeout)', '261 (turn timeout)']}
[2026-05-22 11:17:23] MOVE 264: CybSec (purple) 26->24 [0.01ms]
[2026-05-22 11:17:23] SCORE Gruppe 69 (lawn green): Final=1407.5, Time=96.0, Moves(37)=13.5, Pins(9)=900.0, Dist=398.0, Win Bonus=0.0
[2026-05-22 11:17:23] SCORE jat (gray0): Final=1325.3, Time=38.7, Moves(53)=90.6, Pins(8)=800.0, Dist=396.0, Win Bonus=0.0
[2026-05-22 11:17:23] SCORE group 99 (yellow): Final=1422.9, Time=36.3, Moves(53)=90.6, Pins(9)=900.0, Dist=396.0, Win Bonus=0.0
[2026-05-22 11:17:23] SCORE CybSec (purple): Final=2569.0, Time=78.4, Moves(53)=90.6, Pins(10)=1000.0, Dist=400.0, Win Bonus=1000.0
[2026-05-22 11:17:23] SCORE HelloWorld (red): Final=442.5, Time=94.5, Moves(8)=0.0, Pins(1)=100.0, Dist=248.0, Win Bonus=0.0
[2026-05-22 11:17:23] ALL WRONG MOVES BY COLOUR: {'red': ['45 (turn timeout)', '50 (turn timeout)', '55 (turn timeout)', '60 (turn timeout)', '65 (turn timeout)', '70 (turn timeout)', '75 (turn timeout)', '80 (turn timeout)', '85 (turn timeout)', '90 (turn timeout)', '95 (turn timeout)', '100 (turn timeout)', '105 (turn timeout)', '110 (turn timeout)', '115 (turn timeout)', '120 (turn timeout)', '125 (turn timeout)', '130 (turn timeout)', '135 (turn timeout)', '140 (turn timeout)', '145 (turn timeout)', '150 (turn timeout)', '155 (turn timeout)', '160 (turn timeout)', '165 (turn timeout)', '170 (turn timeout)', '175 (turn timeout)', '180 (turn timeout)', '185 (turn timeout)', '190 (turn timeout)', '195 (turn timeout)', '200 (turn timeout)', '205 (turn timeout)', '210 (turn timeout)', '215 (turn timeout)', '220 (turn timeout)', '225 (turn timeout)', '230 (turn timeout)', '235 (turn timeout)', '240 (turn timeout)', '245 (turn timeout)', '250 (turn timeout)', '255 (turn timeout)', '260 (turn timeout)'], 'lawn green': ['186 (turn timeout)', '191 (turn timeout)', '196 (turn timeout)', '201 (turn timeout)', '206 (turn timeout)', '211 (turn timeout)', '216 (turn timeout)', '221 (turn timeout)', '226 (turn timeout)', '231 (turn timeout)', '236 (turn timeout)', '241 (turn timeout)', '246 (turn timeout)', '251 (turn timeout)', '256 (turn timeout)', '261 (turn timeout)']}
[2026-05-22 11:17:43] SCORE Gruppe 69 (lawn green): Final=1407.5, Time=96.0, Moves(37)=13.5, Pins(9)=900.0, Dist=398.0, Win Bonus=0.0
[2026-05-22 11:17:43] SCORE jat (gray0): Final=1325.3, Time=38.7, Moves(53)=90.6, Pins(8)=800.0, Dist=396.0, Win Bonus=0.0
[2026-05-22 11:17:43] SCORE group 99 (yellow): Final=1422.9, Time=36.3, Moves(53)=90.6, Pins(9)=900.0, Dist=396.0, Win Bonus=0.0
[2026-05-22 11:17:43] SCORE CybSec (purple): Final=2569.0, Time=78.4, Moves(53)=90.6, Pins(10)=1000.0, Dist=400.0, Win Bonus=1000.0
[2026-05-22 11:17:43] SCORE HelloWorld (red): Final=442.5, Time=94.5, Moves(8)=0.0, Pins(1)=100.0, Dist=248.0, Win Bonus=0.0
[2026-05-22 11:17:43] ALL WRONG MOVES BY COLOUR: {'red': ['45 (turn timeout)', '50 (turn timeout)', '55 (turn timeout)', '60 (turn timeout)', '65 (turn timeout)', '70 (turn timeout)', '75 (turn timeout)', '80 (turn timeout)', '85 (turn timeout)', '90 (turn timeout)', '95 (turn timeout)', '100 (turn timeout)', '105 (turn timeout)', '110 (turn timeout)', '115 (turn timeout)', '120 (turn timeout)', '125 (turn timeout)', '130 (turn timeout)', '135 (turn timeout)', '140 (turn timeout)', '145 (turn timeout)', '150 (turn timeout)', '155 (turn timeout)', '160 (turn timeout)', '165 (turn timeout)', '170 (turn timeout)', '175 (turn timeout)', '180 (turn timeout)', '185 (turn timeout)', '190 (turn timeout)', '195 (turn timeout)', '200 (turn timeout)', '205 (turn timeout)', '210 (turn timeout)', '215 (turn timeout)', '220 (turn timeout)', '225 (turn timeout)', '230 (turn timeout)', '235 (turn timeout)', '240 (turn timeout)', '245 (turn timeout)', '250 (turn timeout)', '255 (turn timeout)', '260 (turn timeout)'], 'lawn green': ['186 (turn timeout)', '191 (turn timeout)', '196 (turn timeout)', '201 (turn timeout)', '206 (turn timeout)', '211 (turn timeout)', '216 (turn timeout)', '221 (turn timeout)', '226 (turn timeout)', '231 (turn timeout)', '236 (turn timeout)', '241 (turn timeout)', '246 (turn timeout)', '251 (turn timeout)', '256 (turn timeout)', '261 (turn timeout)']}
[2026-05-22 11:17:43] GAME TIME LIMIT REACHED.
[2026-05-22 11:17:44] SCORE Gruppe 69 (lawn green): Final=1407.5, Time=96.0, Moves(37)=13.5, Pins(9)=900.0, Dist=398.0, Win Bonus=0.0
[2026-05-22 11:17:44] SCORE jat (gray0): Final=1325.3, Time=38.7, Moves(53)=90.6, Pins(8)=800.0, Dist=396.0, Win Bonus=0.0
[2026-05-22 11:17:44] SCORE group 99 (yellow): Final=1422.9, Time=36.3, Moves(53)=90.6, Pins(9)=900.0, Dist=396.0, Win Bonus=0.0
[2026-05-22 11:17:44] SCORE CybSec (purple): Final=2569.0, Time=78.4, Moves(53)=90.6, Pins(10)=1000.0, Dist=400.0, Win Bonus=1000.0
[2026-05-22 11:17:44] SCORE HelloWorld (red): Final=442.5, Time=94.5, Moves(8)=0.0, Pins(1)=100.0, Dist=248.0, Win Bonus=0.0
[2026-05-22 11:17:44] ALL WRONG MOVES BY COLOUR: {'red': ['45 (turn timeout)', '50 (turn timeout)', '55 (turn timeout)', '60 (turn timeout)', '65 (turn timeout)', '70 (turn timeout)', '75 (turn timeout)', '80 (turn timeout)', '85 (turn timeout)', '90 (turn timeout)', '95 (turn timeout)', '100 (turn timeout)', '105 (turn timeout)', '110 (turn timeout)', '115 (turn timeout)', '120 (turn timeout)', '125 (turn timeout)', '130 (turn timeout)', '135 (turn timeout)', '140 (turn timeout)', '145 (turn timeout)', '150 (turn timeout)', '155 (turn timeout)', '160 (turn timeout)', '165 (turn timeout)', '170 (turn timeout)', '175 (turn timeout)', '180 (turn timeout)', '185 (turn timeout)', '190 (turn timeout)', '195 (turn timeout)', '200 (turn timeout)', '205 (turn timeout)', '210 (turn timeout)', '215 (turn timeout)', '220 (turn timeout)', '225 (turn timeout)', '230 (turn timeout)', '235 (turn timeout)', '240 (turn timeout)', '245 (turn timeout)', '250 (turn timeout)', '255 (turn timeout)', '260 (turn timeout)'], 'lawn green': ['186 (turn timeout)', '191 (turn timeout)', '196 (turn timeout)', '201 (turn timeout)', '206 (turn timeout)', '211 (turn timeout)', '216 (turn timeout)', '221 (turn timeout)', '226 (turn timeout)', '231 (turn timeout)', '236 (turn timeout)', '241 (turn timeout)', '246 (turn timeout)', '251 (turn timeout)', '256 (turn timeout)', '261 (turn timeout)']}
[2026-05-22 11:17:44] GAME TIME LIMIT REACHED.
[2026-05-22 11:17:44] SCORE Gruppe 69 (lawn green): Final=1407.5, Time=96.0, Moves(37)=13.5, Pins(9)=900.0, Dist=398.0, Win Bonus=0.0
[2026-05-22 11:17:44] SCORE jat (gray0): Final=1325.3, Time=38.7, Moves(53)=90.6, Pins(8)=800.0, Dist=396.0, Win Bonus=0.0
[2026-05-22 11:17:44] SCORE group 99 (yellow): Final=1422.9, Time=36.3, Moves(53)=90.6, Pins(9)=900.0, Dist=396.0, Win Bonus=0.0
[2026-05-22 11:17:44] SCORE CybSec (purple): Final=2569.0, Time=78.4, Moves(53)=90.6, Pins(10)=1000.0, Dist=400.0, Win Bonus=1000.0
[2026-05-22 11:17:44] SCORE HelloWorld (red): Final=442.5, Time=94.5, Moves(8)=0.0, Pins(1)=100.0, Dist=248.0, Win Bonus=0.0
[2026-05-22 11:17:44] ALL WRONG MOVES BY COLOUR: {'red': ['45 (turn timeout)', '50 (turn timeout)', '55 (turn timeout)', '60 (turn timeout)', '65 (turn timeout)', '70 (turn timeout)', '75 (turn timeout)', '80 (turn timeout)', '85 (turn timeout)', '90 (turn timeout)', '95 (turn timeout)', '100 (turn timeout)', '105 (turn timeout)', '110 (turn timeout)', '115 (turn timeout)', '120 (turn timeout)', '125 (turn timeout)', '130 (turn timeout)', '135 (turn timeout)', '140 (turn timeout)', '145 (turn timeout)', '150 (turn timeout)', '155 (turn timeout)', '160 (turn timeout)', '165 (turn timeout)', '170 (turn timeout)', '175 (turn timeout)', '180 (turn timeout)', '185 (turn timeout)', '190 (turn timeout)', '195 (turn timeout)', '200 (turn timeout)', '205 (turn timeout)', '210 (turn timeout)', '215 (turn timeout)', '220 (turn timeout)', '225 (turn timeout)', '230 (turn timeout)', '235 (turn timeout)', '240 (turn timeout)', '245 (turn timeout)', '250 (turn timeout)', '255 (turn timeout)', '260 (turn timeout)'], 'lawn green': ['186 (turn timeout)', '191 (turn timeout)', '196 (turn timeout)', '201 (turn timeout)', '206 (turn timeout)', '211 (turn timeout)', '216 (turn timeout)', '221 (turn timeout)', '226 (turn timeout)', '231 (turn timeout)', '236 (turn timeout)', '241 (turn timeout)', '246 (turn timeout)', '251 (turn timeout)', '256 (turn timeout)', '261 (turn timeout)']}
[2026-05-22 11:17:44] GAME TIME LIMIT REACHED.
[2026-05-22 11:17:44] SCORE Gruppe 69 (lawn green): Final=1407.5, Time=96.0, Moves(37)=13.5, Pins(9)=900.0, Dist=398.0, Win Bonus=0.0
[2026-05-22 11:17:44] SCORE jat (gray0): Final=1325.3, Time=38.7, Moves(53)=90.6, Pins(8)=800.0, Dist=396.0, Win Bonus=0.0
[2026-05-22 11:17:44] SCORE group 99 (yellow): Final=1422.9, Time=36.3, Moves(53)=90.6, Pins(9)=900.0, Dist=396.0, Win Bonus=0.0
[2026-05-22 11:17:44] SCORE CybSec (purple): Final=2569.0, Time=78.4, Moves(53)=90.6, Pins(10)=1000.0, Dist=400.0, Win Bonus=1000.0
[2026-05-22 11:17:44] SCORE HelloWorld (red): Final=442.5, Time=94.5, Moves(8)=0.0, Pins(1)=100.0, Dist=248.0, Win Bonus=0.0
[2026-05-22 11:17:44] ALL WRONG MOVES BY COLOUR: {'red': ['45 (turn timeout)', '50 (turn timeout)', '55 (turn timeout)', '60 (turn timeout)', '65 (turn timeout)', '70 (turn timeout)', '75 (turn timeout)', '80 (turn timeout)', '85 (turn timeout)', '90 (turn timeout)', '95 (turn timeout)', '100 (turn timeout)', '105 (turn timeout)', '110 (turn timeout)', '115 (turn timeout)', '120 (turn timeout)', '125 (turn timeout)', '130 (turn timeout)', '135 (turn timeout)', '140 (turn timeout)', '145 (turn timeout)', '150 (turn timeout)', '155 (turn timeout)', '160 (turn timeout)', '165 (turn timeout)', '170 (turn timeout)', '175 (turn timeout)', '180 (turn timeout)', '185 (turn timeout)', '190 (turn timeout)', '195 (turn timeout)', '200 (turn timeout)', '205 (turn timeout)', '210 (turn timeout)', '215 (turn timeout)', '220 (turn timeout)', '225 (turn timeout)', '230 (turn timeout)', '235 (turn timeout)', '240 (turn timeout)', '245 (turn timeout)', '250 (turn timeout)', '255 (turn timeout)', '260 (turn timeout)'], 'lawn green': ['186 (turn timeout)', '191 (turn timeout)', '196 (turn timeout)', '201 (turn timeout)', '206 (turn timeout)', '211 (turn timeout)', '216 (turn timeout)', '221 (turn timeout)', '226 (turn timeout)', '231 (turn timeout)', '236 (turn timeout)', '241 (turn timeout)', '246 (turn timeout)', '251 (turn timeout)', '256 (turn timeout)', '261 (turn timeout)']}
[2026-05-22 11:17:44] GAME TIME LIMIT REACHED.
[2026-05-22 11:17:44] SCORE Gruppe 69 (lawn green): Final=1407.5, Time=96.0, Moves(37)=13.5, Pins(9)=900.0, Dist=398.0, Win Bonus=0.0
[2026-05-22 11:17:44] SCORE jat (gray0): Final=1325.3, Time=38.7, Moves(53)=90.6, Pins(8)=800.0, Dist=396.0, Win Bonus=0.0
[2026-05-22 11:17:44] SCORE group 99 (yellow): Final=1422.9, Time=36.3, Moves(53)=90.6, Pins(9)=900.0, Dist=396.0, Win Bonus=0.0
[2026-05-22 11:17:44] SCORE CybSec (purple): Final=2569.0, Time=78.4, Moves(53)=90.6, Pins(10)=1000.0, Dist=400.0, Win Bonus=1000.0
[2026-05-22 11:17:44] SCORE HelloWorld (red): Final=442.5, Time=94.5, Moves(8)=0.0, Pins(1)=100.0, Dist=248.0, Win Bonus=0.0
[2026-05-22 11:17:44] ALL WRONG MOVES BY COLOUR: {'red': ['45 (turn timeout)', '50 (turn timeout)', '55 (turn timeout)', '60 (turn timeout)', '65 (turn timeout)', '70 (turn timeout)', '75 (turn timeout)', '80 (turn timeout)', '85 (turn timeout)', '90 (turn timeout)', '95 (turn timeout)', '100 (turn timeout)', '105 (turn timeout)', '110 (turn timeout)', '115 (turn timeout)', '120 (turn timeout)', '125 (turn timeout)', '130 (turn timeout)', '135 (turn timeout)', '140 (turn timeout)', '145 (turn timeout)', '150 (turn timeout)', '155 (turn timeout)', '160 (turn timeout)', '165 (turn timeout)', '170 (turn timeout)', '175 (turn timeout)', '180 (turn timeout)', '185 (turn timeout)', '190 (turn timeout)', '195 (turn timeout)', '200 (turn timeout)', '205 (turn timeout)', '210 (turn timeout)', '215 (turn timeout)', '220 (turn timeout)', '225 (turn timeout)', '230 (turn timeout)', '235 (turn timeout)', '240 (turn timeout)', '245 (turn timeout)', '250 (turn timeout)', '255 (turn timeout)', '260 (turn timeout)'], 'lawn green': ['186 (turn timeout)', '191 (turn timeout)', '196 (turn timeout)', '201 (turn timeout)', '206 (turn timeout)', '211 (turn timeout)', '216 (turn timeout)', '221 (turn timeout)', '226 (turn timeout)', '231 (turn timeout)', '236 (turn timeout)', '241 (turn timeout)', '246 (turn timeout)', '251 (turn timeout)', '256 (turn timeout)', '261 (turn timeout)']}
[2026-05-22 11:17:44] GAME TIME LIMIT REACHED.
[2026-05-22 11:17:45] SCORE Gruppe 69 (lawn green): Final=1407.5, Time=96.0, Moves(37)=13.5, Pins(9)=900.0, Dist=398.0, Win Bonus=0.0
[2026-05-22 11:17:45] SCORE jat (gray0): Final=1325.3, Time=38.7, Moves(53)=90.6, Pins(8)=800.0, Dist=396.0, Win Bonus=0.0
[2026-05-22 11:17:45] SCORE group 99 (yellow): Final=1422.9, Time=36.3, Moves(53)=90.6, Pins(9)=900.0, Dist=396.0, Win Bonus=0.0
[2026-05-22 11:17:45] SCORE CybSec (purple): Final=2569.0, Time=78.4, Moves(53)=90.6, Pins(10)=1000.0, Dist=400.0, Win Bonus=1000.0
[2026-05-22 11:17:45] SCORE HelloWorld (red): Final=442.5, Time=94.5, Moves(8)=0.0, Pins(1)=100.0, Dist=248.0, Win Bonus=0.0
[2026-05-22 11:17:45] ALL WRONG MOVES BY COLOUR: {'red': ['45 (turn timeout)', '50 (turn timeout)', '55 (turn timeout)', '60 (turn timeout)', '65 (turn timeout)', '70 (turn timeout)', '75 (turn timeout)', '80 (turn timeout)', '85 (turn timeout)', '90 (turn timeout)', '95 (turn timeout)', '100 (turn timeout)', '105 (turn timeout)', '110 (turn timeout)', '115 (turn timeout)', '120 (turn timeout)', '125 (turn timeout)', '130 (turn timeout)', '135 (turn timeout)', '140 (turn timeout)', '145 (turn timeout)', '150 (turn timeout)', '155 (turn timeout)', '160 (turn timeout)', '165 (turn timeout)', '170 (turn timeout)', '175 (turn timeout)', '180 (turn timeout)', '185 (turn timeout)', '190 (turn timeout)', '195 (turn timeout)', '200 (turn timeout)', '205 (turn timeout)', '210 (turn timeout)', '215 (turn timeout)', '220 (turn timeout)', '225 (turn timeout)', '230 (turn timeout)', '235 (turn timeout)', '240 (turn timeout)', '245 (turn timeout)', '250 (turn timeout)', '255 (turn timeout)', '260 (turn timeout)'], 'lawn green': ['186 (turn timeout)', '191 (turn timeout)', '196 (turn timeout)', '201 (turn timeout)', '206 (turn timeout)', '211 (turn timeout)', '216 (turn timeout)', '221 (turn timeout)', '226 (turn timeout)', '231 (turn timeout)', '236 (turn timeout)', '241 (turn timeout)', '246 (turn timeout)', '251 (turn timeout)', '256 (turn timeout)', '261 (turn timeout)']}
[2026-05-22 11:17:45] GAME TIME LIMIT REACHED.
[2026-05-22 11:17:45] SCORE Gruppe 69 (lawn green): Final=1407.5, Time=96.0, Moves(37)=13.5, Pins(9)=900.0, Dist=398.0, Win Bonus=0.0
[2026-05-22 11:17:45] SCORE jat (gray0): Final=1325.3, Time=38.7, Moves(53)=90.6, Pins(8)=800.0, Dist=396.0, Win Bonus=0.0
[2026-05-22 11:17:45] SCORE group 99 (yellow): Final=1422.9, Time=36.3, Moves(53)=90.6, Pins(9)=900.0, Dist=396.0, Win Bonus=0.0
[2026-05-22 11:17:45] SCORE CybSec (purple): Final=2569.0, Time=78.4, Moves(53)=90.6, Pins(10)=1000.0, Dist=400.0, Win Bonus=1000.0
[2026-05-22 11:17:45] SCORE HelloWorld (red): Final=442.5, Time=94.5, Moves(8)=0.0, Pins(1)=100.0, Dist=248.0, Win Bonus=0.0
[2026-05-22 11:17:45] ALL WRONG MOVES BY COLOUR: {'red': ['45 (turn timeout)', '50 (turn timeout)', '55 (turn timeout)', '60 (turn timeout)', '65 (turn timeout)', '70 (turn timeout)', '75 (turn timeout)', '80 (turn timeout)', '85 (turn timeout)', '90 (turn timeout)', '95 (turn timeout)', '100 (turn timeout)', '105 (turn timeout)', '110 (turn timeout)', '115 (turn timeout)', '120 (turn timeout)', '125 (turn timeout)', '130 (turn timeout)', '135 (turn timeout)', '140 (turn timeout)', '145 (turn timeout)', '150 (turn timeout)', '155 (turn timeout)', '160 (turn timeout)', '165 (turn timeout)', '170 (turn timeout)', '175 (turn timeout)', '180 (turn timeout)', '185 (turn timeout)', '190 (turn timeout)', '195 (turn timeout)', '200 (turn timeout)', '205 (turn timeout)', '210 (turn timeout)', '215 (turn timeout)', '220 (turn timeout)', '225 (turn timeout)', '230 (turn timeout)', '235 (turn timeout)', '240 (turn timeout)', '245 (turn timeout)', '250 (turn timeout)', '255 (turn timeout)', '260 (turn timeout)'], 'lawn green': ['186 (turn timeout)', '191 (turn timeout)', '196 (turn timeout)', '201 (turn timeout)', '206 (turn timeout)', '211 (turn timeout)', '216 (turn timeout)', '221 (turn timeout)', '226 (turn timeout)', '231 (turn timeout)', '236 (turn timeout)', '241 (turn timeout)', '246 (turn timeout)', '251 (turn timeout)', '256 (turn timeout)', '261 (turn timeout)']}
[2026-05-22 11:17:45] GAME TIME LIMIT REACHED.
[2026-05-22 11:17:45] SCORE Gruppe 69 (lawn green): Final=1407.5, Time=96.0, Moves(37)=13.5, Pins(9)=900.0, Dist=398.0, Win Bonus=0.0
[2026-05-22 11:17:45] SCORE jat (gray0): Final=1325.3, Time=38.7, Moves(53)=90.6, Pins(8)=800.0, Dist=396.0, Win Bonus=0.0
[2026-05-22 11:17:45] SCORE group 99 (yellow): Final=1422.9, Time=36.3, Moves(53)=90.6, Pins(9)=900.0, Dist=396.0, Win Bonus=0.0
[2026-05-22 11:17:45] SCORE CybSec (purple): Final=2569.0, Time=78.4, Moves(53)=90.6, Pins(10)=1000.0, Dist=400.0, Win Bonus=1000.0
[2026-05-22 11:17:45] SCORE HelloWorld (red): Final=442.5, Time=94.5, Moves(8)=0.0, Pins(1)=100.0, Dist=248.0, Win Bonus=0.0
[2026-05-22 11:17:45] ALL WRONG MOVES BY COLOUR: {'red': ['45 (turn timeout)', '50 (turn timeout)', '55 (turn timeout)', '60 (turn timeout)', '65 (turn timeout)', '70 (turn timeout)', '75 (turn timeout)', '80 (turn timeout)', '85 (turn timeout)', '90 (turn timeout)', '95 (turn timeout)', '100 (turn timeout)', '105 (turn timeout)', '110 (turn timeout)', '115 (turn timeout)', '120 (turn timeout)', '125 (turn timeout)', '130 (turn timeout)', '135 (turn timeout)', '140 (turn timeout)', '145 (turn timeout)', '150 (turn timeout)', '155 (turn timeout)', '160 (turn timeout)', '165 (turn timeout)', '170 (turn timeout)', '175 (turn timeout)', '180 (turn timeout)', '185 (turn timeout)', '190 (turn timeout)', '195 (turn timeout)', '200 (turn timeout)', '205 (turn timeout)', '210 (turn timeout)', '215 (turn timeout)', '220 (turn timeout)', '225 (turn timeout)', '230 (turn timeout)', '235 (turn timeout)', '240 (turn timeout)', '245 (turn timeout)', '250 (turn timeout)', '255 (turn timeout)', '260 (turn timeout)'], 'lawn green': ['186 (turn timeout)', '191 (turn timeout)', '196 (turn timeout)', '201 (turn timeout)', '206 (turn timeout)', '211 (turn timeout)', '216 (turn timeout)', '221 (turn timeout)', '226 (turn timeout)', '231 (turn timeout)', '236 (turn timeout)', '241 (turn timeout)', '246 (turn timeout)', '251 (turn timeout)', '256 (turn timeout)', '261 (turn timeout)']}
[2026-05-22 11:17:45] GAME TIME LIMIT REACHED.
[2026-05-22 11:17:45] SCORE Gruppe 69 (lawn green): Final=1407.5, Time=96.0, Moves(37)=13.5, Pins(9)=900.0, Dist=398.0, Win Bonus=0.0
[2026-05-22 11:17:45] SCORE jat (gray0): Final=1325.3, Time=38.7, Moves(53)=90.6, Pins(8)=800.0, Dist=396.0, Win Bonus=0.0
[2026-05-22 11:17:45] SCORE group 99 (yellow): Final=1422.9, Time=36.3, Moves(53)=90.6, Pins(9)=900.0, Dist=396.0, Win Bonus=0.0
[2026-05-22 11:17:45] SCORE CybSec (purple): Final=2569.0, Time=78.4, Moves(53)=90.6, Pins(10)=1000.0, Dist=400.0, Win Bonus=1000.0
[2026-05-22 11:17:45] SCORE HelloWorld (red): Final=442.5, Time=94.5, Moves(8)=0.0, Pins(1)=100.0, Dist=248.0, Win Bonus=0.0
[2026-05-22 11:17:45] ALL WRONG MOVES BY COLOUR: {'red': ['45 (turn timeout)', '50 (turn timeout)', '55 (turn timeout)', '60 (turn timeout)', '65 (turn timeout)', '70 (turn timeout)', '75 (turn timeout)', '80 (turn timeout)', '85 (turn timeout)', '90 (turn timeout)', '95 (turn timeout)', '100 (turn timeout)', '105 (turn timeout)', '110 (turn timeout)', '115 (turn timeout)', '120 (turn timeout)', '125 (turn timeout)', '130 (turn timeout)', '135 (turn timeout)', '140 (turn timeout)', '145 (turn timeout)', '150 (turn timeout)', '155 (turn timeout)', '160 (turn timeout)', '165 (turn timeout)', '170 (turn timeout)', '175 (turn timeout)', '180 (turn timeout)', '185 (turn timeout)', '190 (turn timeout)', '195 (turn timeout)', '200 (turn timeout)', '205 (turn timeout)', '210 (turn timeout)', '215 (turn timeout)', '220 (turn timeout)', '225 (turn timeout)', '230 (turn timeout)', '235 (turn timeout)', '240 (turn timeout)', '245 (turn timeout)', '250 (turn timeout)', '255 (turn timeout)', '260 (turn timeout)'], 'lawn green': ['186 (turn timeout)', '191 (turn timeout)', '196 (turn timeout)', '201 (turn timeout)', '206 (turn timeout)', '211 (turn timeout)', '216 (turn timeout)', '221 (turn timeout)', '226 (turn timeout)', '231 (turn timeout)', '236 (turn timeout)', '241 (turn timeout)', '246 (turn timeout)', '251 (turn timeout)', '256 (turn timeout)', '261 (turn timeout)']}
[2026-05-22 11:17:45] GAME TIME LIMIT REACHED.
[2026-05-22 11:17:46] SCORE Gruppe 69 (lawn green): Final=1407.5, Time=96.0, Moves(37)=13.5, Pins(9)=900.0, Dist=398.0, Win Bonus=0.0
[2026-05-22 11:17:46] SCORE jat (gray0): Final=1325.3, Time=38.7, Moves(53)=90.6, Pins(8)=800.0, Dist=396.0, Win Bonus=0.0
[2026-05-22 11:17:46] SCORE group 99 (yellow): Final=1422.9, Time=36.3, Moves(53)=90.6, Pins(9)=900.0, Dist=396.0, Win Bonus=0.0
[2026-05-22 11:17:46] SCORE CybSec (purple): Final=2569.0, Time=78.4, Moves(53)=90.6, Pins(10)=1000.0, Dist=400.0, Win Bonus=1000.0
[2026-05-22 11:17:46] SCORE HelloWorld (red): Final=442.5, Time=94.5, Moves(8)=0.0, Pins(1)=100.0, Dist=248.0, Win Bonus=0.0
[2026-05-22 11:17:46] ALL WRONG MOVES BY COLOUR: {'red': ['45 (turn timeout)', '50 (turn timeout)', '55 (turn timeout)', '60 (turn timeout)', '65 (turn timeout)', '70 (turn timeout)', '75 (turn timeout)', '80 (turn timeout)', '85 (turn timeout)', '90 (turn timeout)', '95 (turn timeout)', '100 (turn timeout)', '105 (turn timeout)', '110 (turn timeout)', '115 (turn timeout)', '120 (turn timeout)', '125 (turn timeout)', '130 (turn timeout)', '135 (turn timeout)', '140 (turn timeout)', '145 (turn timeout)', '150 (turn timeout)', '155 (turn timeout)', '160 (turn timeout)', '165 (turn timeout)', '170 (turn timeout)', '175 (turn timeout)', '180 (turn timeout)', '185 (turn timeout)', '190 (turn timeout)', '195 (turn timeout)', '200 (turn timeout)', '205 (turn timeout)', '210 (turn timeout)', '215 (turn timeout)', '220 (turn timeout)', '225 (turn timeout)', '230 (turn timeout)', '235 (turn timeout)', '240 (turn timeout)', '245 (turn timeout)', '250 (turn timeout)', '255 (turn timeout)', '260 (turn timeout)'], 'lawn green': ['186 (turn timeout)', '191 (turn timeout)', '196 (turn timeout)', '201 (turn timeout)', '206 (turn timeout)', '211 (turn timeout)', '216 (turn timeout)', '221 (turn timeout)', '226 (turn timeout)', '231 (turn timeout)', '236 (turn timeout)', '241 (turn timeout)', '246 (turn timeout)', '251 (turn timeout)', '256 (turn timeout)', '261 (turn timeout)']}
[2026-05-22 11:17:46] GAME TIME LIMIT REACHED.
[2026-05-22 11:17:46] SCORE Gruppe 69 (lawn green): Final=1407.5, Time=96.0, Moves(37)=13.5, Pins(9)=900.0, Dist=398.0, Win Bonus=0.0
[2026-05-22 11:17:46] SCORE jat (gray0): Final=1325.3, Time=38.7, Moves(53)=90.6, Pins(8)=800.0, Dist=396.0, Win Bonus=0.0
[2026-05-22 11:17:46] SCORE group 99 (yellow): Final=1422.9, Time=36.3, Moves(53)=90.6, Pins(9)=900.0, Dist=396.0, Win Bonus=0.0
[2026-05-22 11:17:46] SCORE CybSec (purple): Final=2569.0, Time=78.4, Moves(53)=90.6, Pins(10)=1000.0, Dist=400.0, Win Bonus=1000.0
[2026-05-22 11:17:46] SCORE HelloWorld (red): Final=442.5, Time=94.5, Moves(8)=0.0, Pins(1)=100.0, Dist=248.0, Win Bonus=0.0
[2026-05-22 11:17:46] ALL WRONG MOVES BY COLOUR: {'red': ['45 (turn timeout)', '50 (turn timeout)', '55 (turn timeout)', '60 (turn timeout)', '65 (turn timeout)', '70 (turn timeout)', '75 (turn timeout)', '80 (turn timeout)', '85 (turn timeout)', '90 (turn timeout)', '95 (turn timeout)', '100 (turn timeout)', '105 (turn timeout)', '110 (turn timeout)', '115 (turn timeout)', '120 (turn timeout)', '125 (turn timeout)', '130 (turn timeout)', '135 (turn timeout)', '140 (turn timeout)', '145 (turn timeout)', '150 (turn timeout)', '155 (turn timeout)', '160 (turn timeout)', '165 (turn timeout)', '170 (turn timeout)', '175 (turn timeout)', '180 (turn timeout)', '185 (turn timeout)', '190 (turn timeout)', '195 (turn timeout)', '200 (turn timeout)', '205 (turn timeout)', '210 (turn timeout)', '215 (turn timeout)', '220 (turn timeout)', '225 (turn timeout)', '230 (turn timeout)', '235 (turn timeout)', '240 (turn timeout)', '245 (turn timeout)', '250 (turn timeout)', '255 (turn timeout)', '260 (turn timeout)'], 'lawn green': ['186 (turn timeout)', '191 (turn timeout)', '196 (turn timeout)', '201 (turn timeout)', '206 (turn timeout)', '211 (turn timeout)', '216 (turn timeout)', '221 (turn timeout)', '226 (turn timeout)', '231 (turn timeout)', '236 (turn timeout)', '241 (turn timeout)', '246 (turn timeout)', '251 (turn timeout)', '256 (turn timeout)', '261 (turn timeout)']}
[2026-05-22 11:17:46] GAME TIME LIMIT REACHED.
[2026-05-22 11:17:46] SCORE Gruppe 69 (lawn green): Final=1407.5, Time=96.0, Moves(37)=13.5, Pins(9)=900.0, Dist=398.0, Win Bonus=0.0
[2026-05-22 11:17:46] SCORE jat (gray0): Final=1325.3, Time=38.7, Moves(53)=90.6, Pins(8)=800.0, Dist=396.0, Win Bonus=0.0
[2026-05-22 11:17:46] SCORE group 99 (yellow): Final=1422.9, Time=36.3, Moves(53)=90.6, Pins(9)=900.0, Dist=396.0, Win Bonus=0.0
[2026-05-22 11:17:46] SCORE CybSec (purple): Final=2569.0, Time=78.4, Moves(53)=90.6, Pins(10)=1000.0, Dist=400.0, Win Bonus=1000.0
[2026-05-22 11:17:46] SCORE HelloWorld (red): Final=442.5, Time=94.5, Moves(8)=0.0, Pins(1)=100.0, Dist=248.0, Win Bonus=0.0
[2026-05-22 11:17:46] ALL WRONG MOVES BY COLOUR: {'red': ['45 (turn timeout)', '50 (turn timeout)', '55 (turn timeout)', '60 (turn timeout)', '65 (turn timeout)', '70 (turn timeout)', '75 (turn timeout)', '80 (turn timeout)', '85 (turn timeout)', '90 (turn timeout)', '95 (turn timeout)', '100 (turn timeout)', '105 (turn timeout)', '110 (turn timeout)', '115 (turn timeout)', '120 (turn timeout)', '125 (turn timeout)', '130 (turn timeout)', '135 (turn timeout)', '140 (turn timeout)', '145 (turn timeout)', '150 (turn timeout)', '155 (turn timeout)', '160 (turn timeout)', '165 (turn timeout)', '170 (turn timeout)', '175 (turn timeout)', '180 (turn timeout)', '185 (turn timeout)', '190 (turn timeout)', '195 (turn timeout)', '200 (turn timeout)', '205 (turn timeout)', '210 (turn timeout)', '215 (turn timeout)', '220 (turn timeout)', '225 (turn timeout)', '230 (turn timeout)', '235 (turn timeout)', '240 (turn timeout)', '245 (turn timeout)', '250 (turn timeout)', '255 (turn timeout)', '260 (turn timeout)'], 'lawn green': ['186 (turn timeout)', '191 (turn timeout)', '196 (turn timeout)', '201 (turn timeout)', '206 (turn timeout)', '211 (turn timeout)', '216 (turn timeout)', '221 (turn timeout)', '226 (turn timeout)', '231 (turn timeout)', '236 (turn timeout)', '241 (turn timeout)', '246 (turn timeout)', '251 (turn timeout)', '256 (turn timeout)', '261 (turn timeout)']}
[2026-05-22 11:17:46] GAME TIME LIMIT REACHED.
[2026-05-22 11:17:46] SCORE Gruppe 69 (lawn green): Final=1407.5, Time=96.0, Moves(37)=13.5, Pins(9)=900.0, Dist=398.0, Win Bonus=0.0
[2026-05-22 11:17:46] SCORE jat (gray0): Final=1325.3, Time=38.7, Moves(53)=90.6, Pins(8)=800.0, Dist=396.0, Win Bonus=0.0
[2026-05-22 11:17:46] SCORE group 99 (yellow): Final=1422.9, Time=36.3, Moves(53)=90.6, Pins(9)=900.0, Dist=396.0, Win Bonus=0.0
[2026-05-22 11:17:46] SCORE CybSec (purple): Final=2569.0, Time=78.4, Moves(53)=90.6, Pins(10)=1000.0, Dist=400.0, Win Bonus=1000.0
[2026-05-22 11:17:46] SCORE HelloWorld (red): Final=442.5, Time=94.5, Moves(8)=0.0, Pins(1)=100.0, Dist=248.0, Win Bonus=0.0
[2026-05-22 11:17:46] ALL WRONG MOVES BY COLOUR: {'red': ['45 (turn timeout)', '50 (turn timeout)', '55 (turn timeout)', '60 (turn timeout)', '65 (turn timeout)', '70 (turn timeout)', '75 (turn timeout)', '80 (turn timeout)', '85 (turn timeout)', '90 (turn timeout)', '95 (turn timeout)', '100 (turn timeout)', '105 (turn timeout)', '110 (turn timeout)', '115 (turn timeout)', '120 (turn timeout)', '125 (turn timeout)', '130 (turn timeout)', '135 (turn timeout)', '140 (turn timeout)', '145 (turn timeout)', '150 (turn timeout)', '155 (turn timeout)', '160 (turn timeout)', '165 (turn timeout)', '170 (turn timeout)', '175 (turn timeout)', '180 (turn timeout)', '185 (turn timeout)', '190 (turn timeout)', '195 (turn timeout)', '200 (turn timeout)', '205 (turn timeout)', '210 (turn timeout)', '215 (turn timeout)', '220 (turn timeout)', '225 (turn timeout)', '230 (turn timeout)', '235 (turn timeout)', '240 (turn timeout)', '245 (turn timeout)', '250 (turn timeout)', '255 (turn timeout)', '260 (turn timeout)'], 'lawn green': ['186 (turn timeout)', '191 (turn timeout)', '196 (turn timeout)', '201 (turn timeout)', '206 (turn timeout)', '211 (turn timeout)', '216 (turn timeout)', '221 (turn timeout)', '226 (turn timeout)', '231 (turn timeout)', '236 (turn timeout)', '241 (turn timeout)', '246 (turn timeout)', '251 (turn timeout)', '256 (turn timeout)', '261 (turn timeout)']}
[2026-05-22 11:17:46] GAME TIME LIMIT REACHED.
[2026-05-22 11:17:47] SCORE Gruppe 69 (lawn green): Final=1407.5, Time=96.0, Moves(37)=13.5, Pins(9)=900.0, Dist=398.0, Win Bonus=0.0
[2026-05-22 11:17:47] SCORE jat (gray0): Final=1325.3, Time=38.7, Moves(53)=90.6, Pins(8)=800.0, Dist=396.0, Win Bonus=0.0
[2026-05-22 11:17:47] SCORE group 99 (yellow): Final=1422.9, Time=36.3, Moves(53)=90.6, Pins(9)=900.0, Dist=396.0, Win Bonus=0.0
[2026-05-22 11:17:47] SCORE CybSec (purple): Final=2569.0, Time=78.4, Moves(53)=90.6, Pins(10)=1000.0, Dist=400.0, Win Bonus=1000.0
[2026-05-22 11:17:47] SCORE HelloWorld (red): Final=442.5, Time=94.5, Moves(8)=0.0, Pins(1)=100.0, Dist=248.0, Win Bonus=0.0
[2026-05-22 11:17:47] ALL WRONG MOVES BY COLOUR: {'red': ['45 (turn timeout)', '50 (turn timeout)', '55 (turn timeout)', '60 (turn timeout)', '65 (turn timeout)', '70 (turn timeout)', '75 (turn timeout)', '80 (turn timeout)', '85 (turn timeout)', '90 (turn timeout)', '95 (turn timeout)', '100 (turn timeout)', '105 (turn timeout)', '110 (turn timeout)', '115 (turn timeout)', '120 (turn timeout)', '125 (turn timeout)', '130 (turn timeout)', '135 (turn timeout)', '140 (turn timeout)', '145 (turn timeout)', '150 (turn timeout)', '155 (turn timeout)', '160 (turn timeout)', '165 (turn timeout)', '170 (turn timeout)', '175 (turn timeout)', '180 (turn timeout)', '185 (turn timeout)', '190 (turn timeout)', '195 (turn timeout)', '200 (turn timeout)', '205 (turn timeout)', '210 (turn timeout)', '215 (turn timeout)', '220 (turn timeout)', '225 (turn timeout)', '230 (turn timeout)', '235 (turn timeout)', '240 (turn timeout)', '245 (turn timeout)', '250 (turn timeout)', '255 (turn timeout)', '260 (turn timeout)'], 'lawn green': ['186 (turn timeout)', '191 (turn timeout)', '196 (turn timeout)', '201 (turn timeout)', '206 (turn timeout)', '211 (turn timeout)', '216 (turn timeout)', '221 (turn timeout)', '226 (turn timeout)', '231 (turn timeout)', '236 (turn timeout)', '241 (turn timeout)', '246 (turn timeout)', '251 (turn timeout)', '256 (turn timeout)', '261 (turn timeout)']}
[2026-05-22 11:17:47] GAME TIME LIMIT REACHED.
[2026-05-22 11:17:47] SCORE Gruppe 69 (lawn green): Final=1407.5, Time=96.0, Moves(37)=13.5, Pins(9)=900.0, Dist=398.0, Win Bonus=0.0
[2026-05-22 11:17:47] SCORE jat (gray0): Final=1325.3, Time=38.7, Moves(53)=90.6, Pins(8)=800.0, Dist=396.0, Win Bonus=0.0
[2026-05-22 11:17:47] SCORE group 99 (yellow): Final=1422.9, Time=36.3, Moves(53)=90.6, Pins(9)=900.0, Dist=396.0, Win Bonus=0.0
[2026-05-22 11:17:47] SCORE CybSec (purple): Final=2569.0, Time=78.4, Moves(53)=90.6, Pins(10)=1000.0, Dist=400.0, Win Bonus=1000.0
[2026-05-22 11:17:47] SCORE HelloWorld (red): Final=442.5, Time=94.5, Moves(8)=0.0, Pins(1)=100.0, Dist=248.0, Win Bonus=0.0
[2026-05-22 11:17:47] ALL WRONG MOVES BY COLOUR: {'red': ['45 (turn timeout)', '50 (turn timeout)', '55 (turn timeout)', '60 (turn timeout)', '65 (turn timeout)', '70 (turn timeout)', '75 (turn timeout)', '80 (turn timeout)', '85 (turn timeout)', '90 (turn timeout)', '95 (turn timeout)', '100 (turn timeout)', '105 (turn timeout)', '110 (turn timeout)', '115 (turn timeout)', '120 (turn timeout)', '125 (turn timeout)', '130 (turn timeout)', '135 (turn timeout)', '140 (turn timeout)', '145 (turn timeout)', '150 (turn timeout)', '155 (turn timeout)', '160 (turn timeout)', '165 (turn timeout)', '170 (turn timeout)', '175 (turn timeout)', '180 (turn timeout)', '185 (turn timeout)', '190 (turn timeout)', '195 (turn timeout)', '200 (turn timeout)', '205 (turn timeout)', '210 (turn timeout)', '215 (turn timeout)', '220 (turn timeout)', '225 (turn timeout)', '230 (turn timeout)', '235 (turn timeout)', '240 (turn timeout)', '245 (turn timeout)', '250 (turn timeout)', '255 (turn timeout)', '260 (turn timeout)'], 'lawn green': ['186 (turn timeout)', '191 (turn timeout)', '196 (turn timeout)', '201 (turn timeout)', '206 (turn timeout)', '211 (turn timeout)', '216 (turn timeout)', '221 (turn timeout)', '226 (turn timeout)', '231 (turn timeout)', '236 (turn timeout)', '241 (turn timeout)', '246 (turn timeout)', '251 (turn timeout)', '256 (turn timeout)', '261 (turn timeout)']}
[2026-05-22 11:17:47] GAME TIME LIMIT REACHED.
[2026-05-22 11:17:47] SCORE Gruppe 69 (lawn green): Final=1407.5, Time=96.0, Moves(37)=13.5, Pins(9)=900.0, Dist=398.0, Win Bonus=0.0
[2026-05-22 11:17:47] SCORE jat (gray0): Final=1325.3, Time=38.7, Moves(53)=90.6, Pins(8)=800.0, Dist=396.0, Win Bonus=0.0
[2026-05-22 11:17:47] SCORE group 99 (yellow): Final=1422.9, Time=36.3, Moves(53)=90.6, Pins(9)=900.0, Dist=396.0, Win Bonus=0.0
[2026-05-22 11:17:47] SCORE CybSec (purple): Final=2569.0, Time=78.4, Moves(53)=90.6, Pins(10)=1000.0, Dist=400.0, Win Bonus=1000.0
[2026-05-22 11:17:47] SCORE HelloWorld (red): Final=442.5, Time=94.5, Moves(8)=0.0, Pins(1)=100.0, Dist=248.0, Win Bonus=0.0
[2026-05-22 11:17:47] ALL WRONG MOVES BY COLOUR: {'red': ['45 (turn timeout)', '50 (turn timeout)', '55 (turn timeout)', '60 (turn timeout)', '65 (turn timeout)', '70 (turn timeout)', '75 (turn timeout)', '80 (turn timeout)', '85 (turn timeout)', '90 (turn timeout)', '95 (turn timeout)', '100 (turn timeout)', '105 (turn timeout)', '110 (turn timeout)', '115 (turn timeout)', '120 (turn timeout)', '125 (turn timeout)', '130 (turn timeout)', '135 (turn timeout)', '140 (turn timeout)', '145 (turn timeout)', '150 (turn timeout)', '155 (turn timeout)', '160 (turn timeout)', '165 (turn timeout)', '170 (turn timeout)', '175 (turn timeout)', '180 (turn timeout)', '185 (turn timeout)', '190 (turn timeout)', '195 (turn timeout)', '200 (turn timeout)', '205 (turn timeout)', '210 (turn timeout)', '215 (turn timeout)', '220 (turn timeout)', '225 (turn timeout)', '230 (turn timeout)', '235 (turn timeout)', '240 (turn timeout)', '245 (turn timeout)', '250 (turn timeout)', '255 (turn timeout)', '260 (turn timeout)'], 'lawn green': ['186 (turn timeout)', '191 (turn timeout)', '196 (turn timeout)', '201 (turn timeout)', '206 (turn timeout)', '211 (turn timeout)', '216 (turn timeout)', '221 (turn timeout)', '226 (turn timeout)', '231 (turn timeout)', '236 (turn timeout)', '241 (turn timeout)', '246 (turn timeout)', '251 (turn timeout)', '256 (turn timeout)', '261 (turn timeout)']}
[2026-05-22 11:17:47] GAME TIME LIMIT REACHED.
[2026-05-22 11:17:47] SCORE Gruppe 69 (lawn green): Final=1407.5, Time=96.0, Moves(37)=13.5, Pins(9)=900.0, Dist=398.0, Win Bonus=0.0
[2026-05-22 11:17:47] SCORE jat (gray0): Final=1325.3, Time=38.7, Moves(53)=90.6, Pins(8)=800.0, Dist=396.0, Win Bonus=0.0
[2026-05-22 11:17:47] SCORE group 99 (yellow): Final=1422.9, Time=36.3, Moves(53)=90.6, Pins(9)=900.0, Dist=396.0, Win Bonus=0.0
[2026-05-22 11:17:47] SCORE CybSec (purple): Final=2569.0, Time=78.4, Moves(53)=90.6, Pins(10)=1000.0, Dist=400.0, Win Bonus=1000.0
[2026-05-22 11:17:47] SCORE HelloWorld (red): Final=442.5, Time=94.5, Moves(8)=0.0, Pins(1)=100.0, Dist=248.0, Win Bonus=0.0
[2026-05-22 11:17:47] ALL WRONG MOVES BY COLOUR: {'red': ['45 (turn timeout)', '50 (turn timeout)', '55 (turn timeout)', '60 (turn timeout)', '65 (turn timeout)', '70 (turn timeout)', '75 (turn timeout)', '80 (turn timeout)', '85 (turn timeout)', '90 (turn timeout)', '95 (turn timeout)', '100 (turn timeout)', '105 (turn timeout)', '110 (turn timeout)', '115 (turn timeout)', '120 (turn timeout)', '125 (turn timeout)', '130 (turn timeout)', '135 (turn timeout)', '140 (turn timeout)', '145 (turn timeout)', '150 (turn timeout)', '155 (turn timeout)', '160 (turn timeout)', '165 (turn timeout)', '170 (turn timeout)', '175 (turn timeout)', '180 (turn timeout)', '185 (turn timeout)', '190 (turn timeout)', '195 (turn timeout)', '200 (turn timeout)', '205 (turn timeout)', '210 (turn timeout)', '215 (turn timeout)', '220 (turn timeout)', '225 (turn timeout)', '230 (turn timeout)', '235 (turn timeout)', '240 (turn timeout)', '245 (turn timeout)', '250 (turn timeout)', '255 (turn timeout)', '260 (turn timeout)'], 'lawn green': ['186 (turn timeout)', '191 (turn timeout)', '196 (turn timeout)', '201 (turn timeout)', '206 (turn timeout)', '211 (turn timeout)', '216 (turn timeout)', '221 (turn timeout)', '226 (turn timeout)', '231 (turn timeout)', '236 (turn timeout)', '241 (turn timeout)', '246 (turn timeout)', '251 (turn timeout)', '256 (turn timeout)', '261 (turn timeout)']}
[2026-05-22 11:17:47] GAME TIME LIMIT REACHED.
[2026-05-22 11:17:48] SCORE Gruppe 69 (lawn green): Final=1407.5, Time=96.0, Moves(37)=13.5, Pins(9)=900.0, Dist=398.0, Win Bonus=0.0
[2026-05-22 11:17:48] SCORE jat (gray0): Final=1325.3, Time=38.7, Moves(53)=90.6, Pins(8)=800.0, Dist=396.0, Win Bonus=0.0
[2026-05-22 11:17:48] SCORE group 99 (yellow): Final=1422.9, Time=36.3, Moves(53)=90.6, Pins(9)=900.0, Dist=396.0, Win Bonus=0.0
[2026-05-22 11:17:48] SCORE CybSec (purple): Final=2569.0, Time=78.4, Moves(53)=90.6, Pins(10)=1000.0, Dist=400.0, Win Bonus=1000.0
[2026-05-22 11:17:48] SCORE HelloWorld (red): Final=442.5, Time=94.5, Moves(8)=0.0, Pins(1)=100.0, Dist=248.0, Win Bonus=0.0
[2026-05-22 11:17:48] ALL WRONG MOVES BY COLOUR: {'red': ['45 (turn timeout)', '50 (turn timeout)', '55 (turn timeout)', '60 (turn timeout)', '65 (turn timeout)', '70 (turn timeout)', '75 (turn timeout)', '80 (turn timeout)', '85 (turn timeout)', '90 (turn timeout)', '95 (turn timeout)', '100 (turn timeout)', '105 (turn timeout)', '110 (turn timeout)', '115 (turn timeout)', '120 (turn timeout)', '125 (turn timeout)', '130 (turn timeout)', '135 (turn timeout)', '140 (turn timeout)', '145 (turn timeout)', '150 (turn timeout)', '155 (turn timeout)', '160 (turn timeout)', '165 (turn timeout)', '170 (turn timeout)', '175 (turn timeout)', '180 (turn timeout)', '185 (turn timeout)', '190 (turn timeout)', '195 (turn timeout)', '200 (turn timeout)', '205 (turn timeout)', '210 (turn timeout)', '215 (turn timeout)', '220 (turn timeout)', '225 (turn timeout)', '230 (turn timeout)', '235 (turn timeout)', '240 (turn timeout)', '245 (turn timeout)', '250 (turn timeout)', '255 (turn timeout)', '260 (turn timeout)'], 'lawn green': ['186 (turn timeout)', '191 (turn timeout)', '196 (turn timeout)', '201 (turn timeout)', '206 (turn timeout)', '211 (turn timeout)', '216 (turn timeout)', '221 (turn timeout)', '226 (turn timeout)', '231 (turn timeout)', '236 (turn timeout)', '241 (turn timeout)', '246 (turn timeout)', '251 (turn timeout)', '256 (turn timeout)', '261 (turn timeout)']}
[2026-05-22 11:17:48] GAME TIME LIMIT REACHED.
[2026-05-22 11:17:48] SCORE Gruppe 69 (lawn green): Final=1407.5, Time=96.0, Moves(37)=13.5, Pins(9)=900.0, Dist=398.0, Win Bonus=0.0
[2026-05-22 11:17:48] SCORE jat (gray0): Final=1325.3, Time=38.7, Moves(53)=90.6, Pins(8)=800.0, Dist=396.0, Win Bonus=0.0
[2026-05-22 11:17:48] SCORE group 99 (yellow): Final=1422.9, Time=36.3, Moves(53)=90.6, Pins(9)=900.0, Dist=396.0, Win Bonus=0.0
[2026-05-22 11:17:48] SCORE CybSec (purple): Final=2569.0, Time=78.4, Moves(53)=90.6, Pins(10)=1000.0, Dist=400.0, Win Bonus=1000.0
[2026-05-22 11:17:48] SCORE HelloWorld (red): Final=442.5, Time=94.5, Moves(8)=0.0, Pins(1)=100.0, Dist=248.0, Win Bonus=0.0
[2026-05-22 11:17:48] ALL WRONG MOVES BY COLOUR: {'red': ['45 (turn timeout)', '50 (turn timeout)', '55 (turn timeout)', '60 (turn timeout)', '65 (turn timeout)', '70 (turn timeout)', '75 (turn timeout)', '80 (turn timeout)', '85 (turn timeout)', '90 (turn timeout)', '95 (turn timeout)', '100 (turn timeout)', '105 (turn timeout)', '110 (turn timeout)', '115 (turn timeout)', '120 (turn timeout)', '125 (turn timeout)', '130 (turn timeout)', '135 (turn timeout)', '140 (turn timeout)', '145 (turn timeout)', '150 (turn timeout)', '155 (turn timeout)', '160 (turn timeout)', '165 (turn timeout)', '170 (turn timeout)', '175 (turn timeout)', '180 (turn timeout)', '185 (turn timeout)', '190 (turn timeout)', '195 (turn timeout)', '200 (turn timeout)', '205 (turn timeout)', '210 (turn timeout)', '215 (turn timeout)', '220 (turn timeout)', '225 (turn timeout)', '230 (turn timeout)', '235 (turn timeout)', '240 (turn timeout)', '245 (turn timeout)', '250 (turn timeout)', '255 (turn timeout)', '260 (turn timeout)'], 'lawn green': ['186 (turn timeout)', '191 (turn timeout)', '196 (turn timeout)', '201 (turn timeout)', '206 (turn timeout)', '211 (turn timeout)', '216 (turn timeout)', '221 (turn timeout)', '226 (turn timeout)', '231 (turn timeout)', '236 (turn timeout)', '241 (turn timeout)', '246 (turn timeout)', '251 (turn timeout)', '256 (turn timeout)', '261 (turn timeout)']}
[2026-05-22 11:17:48] GAME TIME LIMIT REACHED.
[2026-05-22 11:17:48] SCORE Gruppe 69 (lawn green): Final=1407.5, Time=96.0, Moves(37)=13.5, Pins(9)=900.0, Dist=398.0, Win Bonus=0.0
[2026-05-22 11:17:48] SCORE jat (gray0): Final=1325.3, Time=38.7, Moves(53)=90.6, Pins(8)=800.0, Dist=396.0, Win Bonus=0.0
[2026-05-22 11:17:48] SCORE group 99 (yellow): Final=1422.9, Time=36.3, Moves(53)=90.6, Pins(9)=900.0, Dist=396.0, Win Bonus=0.0
[2026-05-22 11:17:48] SCORE CybSec (purple): Final=2569.0, Time=78.4, Moves(53)=90.6, Pins(10)=1000.0, Dist=400.0, Win Bonus=1000.0
[2026-05-22 11:17:48] SCORE HelloWorld (red): Final=442.5, Time=94.5, Moves(8)=0.0, Pins(1)=100.0, Dist=248.0, Win Bonus=0.0
[2026-05-22 11:17:48] ALL WRONG MOVES BY COLOUR: {'red': ['45 (turn timeout)', '50 (turn timeout)', '55 (turn timeout)', '60 (turn timeout)', '65 (turn timeout)', '70 (turn timeout)', '75 (turn timeout)', '80 (turn timeout)', '85 (turn timeout)', '90 (turn timeout)', '95 (turn timeout)', '100 (turn timeout)', '105 (turn timeout)', '110 (turn timeout)', '115 (turn timeout)', '120 (turn timeout)', '125 (turn timeout)', '130 (turn timeout)', '135 (turn timeout)', '140 (turn timeout)', '145 (turn timeout)', '150 (turn timeout)', '155 (turn timeout)', '160 (turn timeout)', '165 (turn timeout)', '170 (turn timeout)', '175 (turn timeout)', '180 (turn timeout)', '185 (turn timeout)', '190 (turn timeout)', '195 (turn timeout)', '200 (turn timeout)', '205 (turn timeout)', '210 (turn timeout)', '215 (turn timeout)', '220 (turn timeout)', '225 (turn timeout)', '230 (turn timeout)', '235 (turn timeout)', '240 (turn timeout)', '245 (turn timeout)', '250 (turn timeout)', '255 (turn timeout)', '260 (turn timeout)'], 'lawn green': ['186 (turn timeout)', '191 (turn timeout)', '196 (turn timeout)', '201 (turn timeout)', '206 (turn timeout)', '211 (turn timeout)', '216 (turn timeout)', '221 (turn timeout)', '226 (turn timeout)', '231 (turn timeout)', '236 (turn timeout)', '241 (turn timeout)', '246 (turn timeout)', '251 (turn timeout)', '256 (turn timeout)', '261 (turn timeout)']}
[2026-05-22 11:17:48] GAME TIME LIMIT REACHED.
[2026-05-22 11:17:49] SCORE Gruppe 69 (lawn green): Final=1407.5, Time=96.0, Moves(37)=13.5, Pins(9)=900.0, Dist=398.0, Win Bonus=0.0
[2026-05-22 11:17:49] SCORE jat (gray0): Final=1325.3, Time=38.7, Moves(53)=90.6, Pins(8)=800.0, Dist=396.0, Win Bonus=0.0
[2026-05-22 11:17:49] SCORE group 99 (yellow): Final=1422.9, Time=36.3, Moves(53)=90.6, Pins(9)=900.0, Dist=396.0, Win Bonus=0.0
[2026-05-22 11:17:49] SCORE CybSec (purple): Final=2569.0, Time=78.4, Moves(53)=90.6, Pins(10)=1000.0, Dist=400.0, Win Bonus=1000.0
[2026-05-22 11:17:49] SCORE HelloWorld (red): Final=442.5, Time=94.5, Moves(8)=0.0, Pins(1)=100.0, Dist=248.0, Win Bonus=0.0
[2026-05-22 11:17:49] ALL WRONG MOVES BY COLOUR: {'red': ['45 (turn timeout)', '50 (turn timeout)', '55 (turn timeout)', '60 (turn timeout)', '65 (turn timeout)', '70 (turn timeout)', '75 (turn timeout)', '80 (turn timeout)', '85 (turn timeout)', '90 (turn timeout)', '95 (turn timeout)', '100 (turn timeout)', '105 (turn timeout)', '110 (turn timeout)', '115 (turn timeout)', '120 (turn timeout)', '125 (turn timeout)', '130 (turn timeout)', '135 (turn timeout)', '140 (turn timeout)', '145 (turn timeout)', '150 (turn timeout)', '155 (turn timeout)', '160 (turn timeout)', '165 (turn timeout)', '170 (turn timeout)', '175 (turn timeout)', '180 (turn timeout)', '185 (turn timeout)', '190 (turn timeout)', '195 (turn timeout)', '200 (turn timeout)', '205 (turn timeout)', '210 (turn timeout)', '215 (turn timeout)', '220 (turn timeout)', '225 (turn timeout)', '230 (turn timeout)', '235 (turn timeout)', '240 (turn timeout)', '245 (turn timeout)', '250 (turn timeout)', '255 (turn timeout)', '260 (turn timeout)'], 'lawn green': ['186 (turn timeout)', '191 (turn timeout)', '196 (turn timeout)', '201 (turn timeout)', '206 (turn timeout)', '211 (turn timeout)', '216 (turn timeout)', '221 (turn timeout)', '226 (turn timeout)', '231 (turn timeout)', '236 (turn timeout)', '241 (turn timeout)', '246 (turn timeout)', '251 (turn timeout)', '256 (turn timeout)', '261 (turn timeout)']}
[2026-05-22 11:17:49] GAME TIME LIMIT REACHED.
[2026-05-22 11:17:49] SCORE Gruppe 69 (lawn green): Final=1407.5, Time=96.0, Moves(37)=13.5, Pins(9)=900.0, Dist=398.0, Win Bonus=0.0
[2026-05-22 11:17:49] SCORE jat (gray0): Final=1325.3, Time=38.7, Moves(53)=90.6, Pins(8)=800.0, Dist=396.0, Win Bonus=0.0
[2026-05-22 11:17:49] SCORE group 99 (yellow): Final=1422.9, Time=36.3, Moves(53)=90.6, Pins(9)=900.0, Dist=396.0, Win Bonus=0.0
[2026-05-22 11:17:49] SCORE CybSec (purple): Final=2569.0, Time=78.4, Moves(53)=90.6, Pins(10)=1000.0, Dist=400.0, Win Bonus=1000.0
[2026-05-22 11:17:49] SCORE HelloWorld (red): Final=442.5, Time=94.5, Moves(8)=0.0, Pins(1)=100.0, Dist=248.0, Win Bonus=0.0
[2026-05-22 11:17:49] ALL WRONG MOVES BY COLOUR: {'red': ['45 (turn timeout)', '50 (turn timeout)', '55 (turn timeout)', '60 (turn timeout)', '65 (turn timeout)', '70 (turn timeout)', '75 (turn timeout)', '80 (turn timeout)', '85 (turn timeout)', '90 (turn timeout)', '95 (turn timeout)', '100 (turn timeout)', '105 (turn timeout)', '110 (turn timeout)', '115 (turn timeout)', '120 (turn timeout)', '125 (turn timeout)', '130 (turn timeout)', '135 (turn timeout)', '140 (turn timeout)', '145 (turn timeout)', '150 (turn timeout)', '155 (turn timeout)', '160 (turn timeout)', '165 (turn timeout)', '170 (turn timeout)', '175 (turn timeout)', '180 (turn timeout)', '185 (turn timeout)', '190 (turn timeout)', '195 (turn timeout)', '200 (turn timeout)', '205 (turn timeout)', '210 (turn timeout)', '215 (turn timeout)', '220 (turn timeout)', '225 (turn timeout)', '230 (turn timeout)', '235 (turn timeout)', '240 (turn timeout)', '245 (turn timeout)', '250 (turn timeout)', '255 (turn timeout)', '260 (turn timeout)'], 'lawn green': ['186 (turn timeout)', '191 (turn timeout)', '196 (turn timeout)', '201 (turn timeout)', '206 (turn timeout)', '211 (turn timeout)', '216 (turn timeout)', '221 (turn timeout)', '226 (turn timeout)', '231 (turn timeout)', '236 (turn timeout)', '241 (turn timeout)', '246 (turn timeout)', '251 (turn timeout)', '256 (turn timeout)', '261 (turn timeout)']}
[2026-05-22 11:17:49] GAME TIME LIMIT REACHED.
[2026-05-22 11:17:49] SCORE Gruppe 69 (lawn green): Final=1407.5, Time=96.0, Moves(37)=13.5, Pins(9)=900.0, Dist=398.0, Win Bonus=0.0
[2026-05-22 11:17:49] SCORE jat (gray0): Final=1325.3, Time=38.7, Moves(53)=90.6, Pins(8)=800.0, Dist=396.0, Win Bonus=0.0
[2026-05-22 11:17:49] SCORE group 99 (yellow): Final=1422.9, Time=36.3, Moves(53)=90.6, Pins(9)=900.0, Dist=396.0, Win Bonus=0.0
[2026-05-22 11:17:49] SCORE CybSec (purple): Final=2569.0, Time=78.4, Moves(53)=90.6, Pins(10)=1000.0, Dist=400.0, Win Bonus=1000.0
[2026-05-22 11:17:49] SCORE HelloWorld (red): Final=442.5, Time=94.5, Moves(8)=0.0, Pins(1)=100.0, Dist=248.0, Win Bonus=0.0
[2026-05-22 11:17:49] ALL WRONG MOVES BY COLOUR: {'red': ['45 (turn timeout)', '50 (turn timeout)', '55 (turn timeout)', '60 (turn timeout)', '65 (turn timeout)', '70 (turn timeout)', '75 (turn timeout)', '80 (turn timeout)', '85 (turn timeout)', '90 (turn timeout)', '95 (turn timeout)', '100 (turn timeout)', '105 (turn timeout)', '110 (turn timeout)', '115 (turn timeout)', '120 (turn timeout)', '125 (turn timeout)', '130 (turn timeout)', '135 (turn timeout)', '140 (turn timeout)', '145 (turn timeout)', '150 (turn timeout)', '155 (turn timeout)', '160 (turn timeout)', '165 (turn timeout)', '170 (turn timeout)', '175 (turn timeout)', '180 (turn timeout)', '185 (turn timeout)', '190 (turn timeout)', '195 (turn timeout)', '200 (turn timeout)', '205 (turn timeout)', '210 (turn timeout)', '215 (turn timeout)', '220 (turn timeout)', '225 (turn timeout)', '230 (turn timeout)', '235 (turn timeout)', '240 (turn timeout)', '245 (turn timeout)', '250 (turn timeout)', '255 (turn timeout)', '260 (turn timeout)'], 'lawn green': ['186 (turn timeout)', '191 (turn timeout)', '196 (turn timeout)', '201 (turn timeout)', '206 (turn timeout)', '211 (turn timeout)', '216 (turn timeout)', '221 (turn timeout)', '226 (turn timeout)', '231 (turn timeout)', '236 (turn timeout)', '241 (turn timeout)', '246 (turn timeout)', '251 (turn timeout)', '256 (turn timeout)', '261 (turn timeout)']}
[2026-05-22 11:17:49] GAME TIME LIMIT REACHED.
[2026-05-22 11:17:50] SCORE Gruppe 69 (lawn green): Final=1407.5, Time=96.0, Moves(37)=13.5, Pins(9)=900.0, Dist=398.0, Win Bonus=0.0
[2026-05-22 11:17:50] SCORE jat (gray0): Final=1325.3, Time=38.7, Moves(53)=90.6, Pins(8)=800.0, Dist=396.0, Win Bonus=0.0
[2026-05-22 11:17:50] SCORE group 99 (yellow): Final=1422.9, Time=36.3, Moves(53)=90.6, Pins(9)=900.0, Dist=396.0, Win Bonus=0.0
[2026-05-22 11:17:50] SCORE CybSec (purple): Final=2569.0, Time=78.4, Moves(53)=90.6, Pins(10)=1000.0, Dist=400.0, Win Bonus=1000.0
[2026-05-22 11:17:50] SCORE HelloWorld (red): Final=442.5, Time=94.5, Moves(8)=0.0, Pins(1)=100.0, Dist=248.0, Win Bonus=0.0
[2026-05-22 11:17:50] ALL WRONG MOVES BY COLOUR: {'red': ['45 (turn timeout)', '50 (turn timeout)', '55 (turn timeout)', '60 (turn timeout)', '65 (turn timeout)', '70 (turn timeout)', '75 (turn timeout)', '80 (turn timeout)', '85 (turn timeout)', '90 (turn timeout)', '95 (turn timeout)', '100 (turn timeout)', '105 (turn timeout)', '110 (turn timeout)', '115 (turn timeout)', '120 (turn timeout)', '125 (turn timeout)', '130 (turn timeout)', '135 (turn timeout)', '140 (turn timeout)', '145 (turn timeout)', '150 (turn timeout)', '155 (turn timeout)', '160 (turn timeout)', '165 (turn timeout)', '170 (turn timeout)', '175 (turn timeout)', '180 (turn timeout)', '185 (turn timeout)', '190 (turn timeout)', '195 (turn timeout)', '200 (turn timeout)', '205 (turn timeout)', '210 (turn timeout)', '215 (turn timeout)', '220 (turn timeout)', '225 (turn timeout)', '230 (turn timeout)', '235 (turn timeout)', '240 (turn timeout)', '245 (turn timeout)', '250 (turn timeout)', '255 (turn timeout)', '260 (turn timeout)'], 'lawn green': ['186 (turn timeout)', '191 (turn timeout)', '196 (turn timeout)', '201 (turn timeout)', '206 (turn timeout)', '211 (turn timeout)', '216 (turn timeout)', '221 (turn timeout)', '226 (turn timeout)', '231 (turn timeout)', '236 (turn timeout)', '241 (turn timeout)', '246 (turn timeout)', '251 (turn timeout)', '256 (turn timeout)', '261 (turn timeout)']}
[2026-05-22 11:17:50] GAME TIME LIMIT REACHED.
[2026-05-22 11:17:50] SCORE Gruppe 69 (lawn green): Final=1407.5, Time=96.0, Moves(37)=13.5, Pins(9)=900.0, Dist=398.0, Win Bonus=0.0
[2026-05-22 11:17:50] SCORE jat (gray0): Final=1325.3, Time=38.7, Moves(53)=90.6, Pins(8)=800.0, Dist=396.0, Win Bonus=0.0
[2026-05-22 11:17:50] SCORE group 99 (yellow): Final=1422.9, Time=36.3, Moves(53)=90.6, Pins(9)=900.0, Dist=396.0, Win Bonus=0.0
[2026-05-22 11:17:50] SCORE CybSec (purple): Final=2569.0, Time=78.4, Moves(53)=90.6, Pins(10)=1000.0, Dist=400.0, Win Bonus=1000.0
[2026-05-22 11:17:50] SCORE HelloWorld (red): Final=442.5, Time=94.5, Moves(8)=0.0, Pins(1)=100.0, Dist=248.0, Win Bonus=0.0
[2026-05-22 11:17:50] ALL WRONG MOVES BY COLOUR: {'red': ['45 (turn timeout)', '50 (turn timeout)', '55 (turn timeout)', '60 (turn timeout)', '65 (turn timeout)', '70 (turn timeout)', '75 (turn timeout)', '80 (turn timeout)', '85 (turn timeout)', '90 (turn timeout)', '95 (turn timeout)', '100 (turn timeout)', '105 (turn timeout)', '110 (turn timeout)', '115 (turn timeout)', '120 (turn timeout)', '125 (turn timeout)', '130 (turn timeout)', '135 (turn timeout)', '140 (turn timeout)', '145 (turn timeout)', '150 (turn timeout)', '155 (turn timeout)', '160 (turn timeout)', '165 (turn timeout)', '170 (turn timeout)', '175 (turn timeout)', '180 (turn timeout)', '185 (turn timeout)', '190 (turn timeout)', '195 (turn timeout)', '200 (turn timeout)', '205 (turn timeout)', '210 (turn timeout)', '215 (turn timeout)', '220 (turn timeout)', '225 (turn timeout)', '230 (turn timeout)', '235 (turn timeout)', '240 (turn timeout)', '245 (turn timeout)', '250 (turn timeout)', '255 (turn timeout)', '260 (turn timeout)'], 'lawn green': ['186 (turn timeout)', '191 (turn timeout)', '196 (turn timeout)', '201 (turn timeout)', '206 (turn timeout)', '211 (turn timeout)', '216 (turn timeout)', '221 (turn timeout)', '226 (turn timeout)', '231 (turn timeout)', '236 (turn timeout)', '241 (turn timeout)', '246 (turn timeout)', '251 (turn timeout)', '256 (turn timeout)', '261 (turn timeout)']}
[2026-05-22 11:17:50] GAME TIME LIMIT REACHED.
[2026-05-22 11:17:50] SCORE Gruppe 69 (lawn green): Final=1407.5, Time=96.0, Moves(37)=13.5, Pins(9)=900.0, Dist=398.0, Win Bonus=0.0
[2026-05-22 11:17:50] SCORE jat (gray0): Final=1325.3, Time=38.7, Moves(53)=90.6, Pins(8)=800.0, Dist=396.0, Win Bonus=0.0
[2026-05-22 11:17:50] SCORE group 99 (yellow): Final=1422.9, Time=36.3, Moves(53)=90.6, Pins(9)=900.0, Dist=396.0, Win Bonus=0.0
[2026-05-22 11:17:50] SCORE CybSec (purple): Final=2569.0, Time=78.4, Moves(53)=90.6, Pins(10)=1000.0, Dist=400.0, Win Bonus=1000.0
[2026-05-22 11:17:50] SCORE HelloWorld (red): Final=442.5, Time=94.5, Moves(8)=0.0, Pins(1)=100.0, Dist=248.0, Win Bonus=0.0
[2026-05-22 11:17:50] ALL WRONG MOVES BY COLOUR: {'red': ['45 (turn timeout)', '50 (turn timeout)', '55 (turn timeout)', '60 (turn timeout)', '65 (turn timeout)', '70 (turn timeout)', '75 (turn timeout)', '80 (turn timeout)', '85 (turn timeout)', '90 (turn timeout)', '95 (turn timeout)', '100 (turn timeout)', '105 (turn timeout)', '110 (turn timeout)', '115 (turn timeout)', '120 (turn timeout)', '125 (turn timeout)', '130 (turn timeout)', '135 (turn timeout)', '140 (turn timeout)', '145 (turn timeout)', '150 (turn timeout)', '155 (turn timeout)', '160 (turn timeout)', '165 (turn timeout)', '170 (turn timeout)', '175 (turn timeout)', '180 (turn timeout)', '185 (turn timeout)', '190 (turn timeout)', '195 (turn timeout)', '200 (turn timeout)', '205 (turn timeout)', '210 (turn timeout)', '215 (turn timeout)', '220 (turn timeout)', '225 (turn timeout)', '230 (turn timeout)', '235 (turn timeout)', '240 (turn timeout)', '245 (turn timeout)', '250 (turn timeout)', '255 (turn timeout)', '260 (turn timeout)'], 'lawn green': ['186 (turn timeout)', '191 (turn timeout)', '196 (turn timeout)', '201 (turn timeout)', '206 (turn timeout)', '211 (turn timeout)', '216 (turn timeout)', '221 (turn timeout)', '226 (turn timeout)', '231 (turn timeout)', '236 (turn timeout)', '241 (turn timeout)', '246 (turn timeout)', '251 (turn timeout)', '256 (turn timeout)', '261 (turn timeout)']}
[2026-05-22 11:17:50] GAME TIME LIMIT REACHED.
[2026-05-22 11:17:50] SCORE Gruppe 69 (lawn green): Final=1407.5, Time=96.0, Moves(37)=13.5, Pins(9)=900.0, Dist=398.0, Win Bonus=0.0
[2026-05-22 11:17:50] SCORE jat (gray0): Final=1325.3, Time=38.7, Moves(53)=90.6, Pins(8)=800.0, Dist=396.0, Win Bonus=0.0
[2026-05-22 11:17:50] SCORE group 99 (yellow): Final=1422.9, Time=36.3, Moves(53)=90.6, Pins(9)=900.0, Dist=396.0, Win Bonus=0.0
[2026-05-22 11:17:50] SCORE CybSec (purple): Final=2569.0, Time=78.4, Moves(53)=90.6, Pins(10)=1000.0, Dist=400.0, Win Bonus=1000.0
[2026-05-22 11:17:50] SCORE HelloWorld (red): Final=442.5, Time=94.5, Moves(8)=0.0, Pins(1)=100.0, Dist=248.0, Win Bonus=0.0
[2026-05-22 11:17:50] ALL WRONG MOVES BY COLOUR: {'red': ['45 (turn timeout)', '50 (turn timeout)', '55 (turn timeout)', '60 (turn timeout)', '65 (turn timeout)', '70 (turn timeout)', '75 (turn timeout)', '80 (turn timeout)', '85 (turn timeout)', '90 (turn timeout)', '95 (turn timeout)', '100 (turn timeout)', '105 (turn timeout)', '110 (turn timeout)', '115 (turn timeout)', '120 (turn timeout)', '125 (turn timeout)', '130 (turn timeout)', '135 (turn timeout)', '140 (turn timeout)', '145 (turn timeout)', '150 (turn timeout)', '155 (turn timeout)', '160 (turn timeout)', '165 (turn timeout)', '170 (turn timeout)', '175 (turn timeout)', '180 (turn timeout)', '185 (turn timeout)', '190 (turn timeout)', '195 (turn timeout)', '200 (turn timeout)', '205 (turn timeout)', '210 (turn timeout)', '215 (turn timeout)', '220 (turn timeout)', '225 (turn timeout)', '230 (turn timeout)', '235 (turn timeout)', '240 (turn timeout)', '245 (turn timeout)', '250 (turn timeout)', '255 (turn timeout)', '260 (turn timeout)'], 'lawn green': ['186 (turn timeout)', '191 (turn timeout)', '196 (turn timeout)', '201 (turn timeout)', '206 (turn timeout)', '211 (turn timeout)', '216 (turn timeout)', '221 (turn timeout)', '226 (turn timeout)', '231 (turn timeout)', '236 (turn timeout)', '241 (turn timeout)', '246 (turn timeout)', '251 (turn timeout)', '256 (turn timeout)', '261 (turn timeout)']}
[2026-05-22 11:17:50] GAME TIME LIMIT REACHED.
[2026-05-22 11:17:51] SCORE Gruppe 69 (lawn green): Final=1407.5, Time=96.0, Moves(37)=13.5, Pins(9)=900.0, Dist=398.0, Win Bonus=0.0
[2026-05-22 11:17:51] SCORE jat (gray0): Final=1325.3, Time=38.7, Moves(53)=90.6, Pins(8)=800.0, Dist=396.0, Win Bonus=0.0
[2026-05-22 11:17:51] SCORE group 99 (yellow): Final=1422.9, Time=36.3, Moves(53)=90.6, Pins(9)=900.0, Dist=396.0, Win Bonus=0.0
[2026-05-22 11:17:51] SCORE CybSec (purple): Final=2569.0, Time=78.4, Moves(53)=90.6, Pins(10)=1000.0, Dist=400.0, Win Bonus=1000.0
[2026-05-22 11:17:51] SCORE HelloWorld (red): Final=442.5, Time=94.5, Moves(8)=0.0, Pins(1)=100.0, Dist=248.0, Win Bonus=0.0
[2026-05-22 11:17:51] ALL WRONG MOVES BY COLOUR: {'red': ['45 (turn timeout)', '50 (turn timeout)', '55 (turn timeout)', '60 (turn timeout)', '65 (turn timeout)', '70 (turn timeout)', '75 (turn timeout)', '80 (turn timeout)', '85 (turn timeout)', '90 (turn timeout)', '95 (turn timeout)', '100 (turn timeout)', '105 (turn timeout)', '110 (turn timeout)', '115 (turn timeout)', '120 (turn timeout)', '125 (turn timeout)', '130 (turn timeout)', '135 (turn timeout)', '140 (turn timeout)', '145 (turn timeout)', '150 (turn timeout)', '155 (turn timeout)', '160 (turn timeout)', '165 (turn timeout)', '170 (turn timeout)', '175 (turn timeout)', '180 (turn timeout)', '185 (turn timeout)', '190 (turn timeout)', '195 (turn timeout)', '200 (turn timeout)', '205 (turn timeout)', '210 (turn timeout)', '215 (turn timeout)', '220 (turn timeout)', '225 (turn timeout)', '230 (turn timeout)', '235 (turn timeout)', '240 (turn timeout)', '245 (turn timeout)', '250 (turn timeout)', '255 (turn timeout)', '260 (turn timeout)'], 'lawn green': ['186 (turn timeout)', '191 (turn timeout)', '196 (turn timeout)', '201 (turn timeout)', '206 (turn timeout)', '211 (turn timeout)', '216 (turn timeout)', '221 (turn timeout)', '226 (turn timeout)', '231 (turn timeout)', '236 (turn timeout)', '241 (turn timeout)', '246 (turn timeout)', '251 (turn timeout)', '256 (turn timeout)', '261 (turn timeout)']}
[2026-05-22 11:17:51] GAME TIME LIMIT REACHED.
[2026-05-22 11:17:51] SCORE Gruppe 69 (lawn green): Final=1407.5, Time=96.0, Moves(37)=13.5, Pins(9)=900.0, Dist=398.0, Win Bonus=0.0
[2026-05-22 11:17:51] SCORE jat (gray0): Final=1325.3, Time=38.7, Moves(53)=90.6, Pins(8)=800.0, Dist=396.0, Win Bonus=0.0
[2026-05-22 11:17:51] SCORE group 99 (yellow): Final=1422.9, Time=36.3, Moves(53)=90.6, Pins(9)=900.0, Dist=396.0, Win Bonus=0.0
[2026-05-22 11:17:51] SCORE CybSec (purple): Final=2569.0, Time=78.4, Moves(53)=90.6, Pins(10)=1000.0, Dist=400.0, Win Bonus=1000.0
[2026-05-22 11:17:51] SCORE HelloWorld (red): Final=442.5, Time=94.5, Moves(8)=0.0, Pins(1)=100.0, Dist=248.0, Win Bonus=0.0
[2026-05-22 11:17:51] ALL WRONG MOVES BY COLOUR: {'red': ['45 (turn timeout)', '50 (turn timeout)', '55 (turn timeout)', '60 (turn timeout)', '65 (turn timeout)', '70 (turn timeout)', '75 (turn timeout)', '80 (turn timeout)', '85 (turn timeout)', '90 (turn timeout)', '95 (turn timeout)', '100 (turn timeout)', '105 (turn timeout)', '110 (turn timeout)', '115 (turn timeout)', '120 (turn timeout)', '125 (turn timeout)', '130 (turn timeout)', '135 (turn timeout)', '140 (turn timeout)', '145 (turn timeout)', '150 (turn timeout)', '155 (turn timeout)', '160 (turn timeout)', '165 (turn timeout)', '170 (turn timeout)', '175 (turn timeout)', '180 (turn timeout)', '185 (turn timeout)', '190 (turn timeout)', '195 (turn timeout)', '200 (turn timeout)', '205 (turn timeout)', '210 (turn timeout)', '215 (turn timeout)', '220 (turn timeout)', '225 (turn timeout)', '230 (turn timeout)', '235 (turn timeout)', '240 (turn timeout)', '245 (turn timeout)', '250 (turn timeout)', '255 (turn timeout)', '260 (turn timeout)'], 'lawn green': ['186 (turn timeout)', '191 (turn timeout)', '196 (turn timeout)', '201 (turn timeout)', '206 (turn timeout)', '211 (turn timeout)', '216 (turn timeout)', '221 (turn timeout)', '226 (turn timeout)', '231 (turn timeout)', '236 (turn timeout)', '241 (turn timeout)', '246 (turn timeout)', '251 (turn timeout)', '256 (turn timeout)', '261 (turn timeout)']}
[2026-05-22 11:17:51] GAME TIME LIMIT REACHED.
[2026-05-22 11:17:51] SCORE Gruppe 69 (lawn green): Final=1407.5, Time=96.0, Moves(37)=13.5, Pins(9)=900.0, Dist=398.0, Win Bonus=0.0
[2026-05-22 11:17:51] SCORE jat (gray0): Final=1325.3, Time=38.7, Moves(53)=90.6, Pins(8)=800.0, Dist=396.0, Win Bonus=0.0
[2026-05-22 11:17:51] SCORE group 99 (yellow): Final=1422.9, Time=36.3, Moves(53)=90.6, Pins(9)=900.0, Dist=396.0, Win Bonus=0.0
[2026-05-22 11:17:51] SCORE CybSec (purple): Final=2569.0, Time=78.4, Moves(53)=90.6, Pins(10)=1000.0, Dist=400.0, Win Bonus=1000.0
[2026-05-22 11:17:51] SCORE HelloWorld (red): Final=442.5, Time=94.5, Moves(8)=0.0, Pins(1)=100.0, Dist=248.0, Win Bonus=0.0
[2026-05-22 11:17:51] ALL WRONG MOVES BY COLOUR: {'red': ['45 (turn timeout)', '50 (turn timeout)', '55 (turn timeout)', '60 (turn timeout)', '65 (turn timeout)', '70 (turn timeout)', '75 (turn timeout)', '80 (turn timeout)', '85 (turn timeout)', '90 (turn timeout)', '95 (turn timeout)', '100 (turn timeout)', '105 (turn timeout)', '110 (turn timeout)', '115 (turn timeout)', '120 (turn timeout)', '125 (turn timeout)', '130 (turn timeout)', '135 (turn timeout)', '140 (turn timeout)', '145 (turn timeout)', '150 (turn timeout)', '155 (turn timeout)', '160 (turn timeout)', '165 (turn timeout)', '170 (turn timeout)', '175 (turn timeout)', '180 (turn timeout)', '185 (turn timeout)', '190 (turn timeout)', '195 (turn timeout)', '200 (turn timeout)', '205 (turn timeout)', '210 (turn timeout)', '215 (turn timeout)', '220 (turn timeout)', '225 (turn timeout)', '230 (turn timeout)', '235 (turn timeout)', '240 (turn timeout)', '245 (turn timeout)', '250 (turn timeout)', '255 (turn timeout)', '260 (turn timeout)'], 'lawn green': ['186 (turn timeout)', '191 (turn timeout)', '196 (turn timeout)', '201 (turn timeout)', '206 (turn timeout)', '211 (turn timeout)', '216 (turn timeout)', '221 (turn timeout)', '226 (turn timeout)', '231 (turn timeout)', '236 (turn timeout)', '241 (turn timeout)', '246 (turn timeout)', '251 (turn timeout)', '256 (turn timeout)', '261 (turn timeout)']}
[2026-05-22 11:17:51] GAME TIME LIMIT REACHED.
[2026-05-22 11:17:51] SCORE Gruppe 69 (lawn green): Final=1407.5, Time=96.0, Moves(37)=13.5, Pins(9)=900.0, Dist=398.0, Win Bonus=0.0
[2026-05-22 11:17:51] SCORE jat (gray0): Final=1325.3, Time=38.7, Moves(53)=90.6, Pins(8)=800.0, Dist=396.0, Win Bonus=0.0
[2026-05-22 11:17:51] SCORE group 99 (yellow): Final=1422.9, Time=36.3, Moves(53)=90.6, Pins(9)=900.0, Dist=396.0, Win Bonus=0.0
[2026-05-22 11:17:51] SCORE CybSec (purple): Final=2569.0, Time=78.4, Moves(53)=90.6, Pins(10)=1000.0, Dist=400.0, Win Bonus=1000.0
[2026-05-22 11:17:51] SCORE HelloWorld (red): Final=442.5, Time=94.5, Moves(8)=0.0, Pins(1)=100.0, Dist=248.0, Win Bonus=0.0
[2026-05-22 11:17:51] ALL WRONG MOVES BY COLOUR: {'red': ['45 (turn timeout)', '50 (turn timeout)', '55 (turn timeout)', '60 (turn timeout)', '65 (turn timeout)', '70 (turn timeout)', '75 (turn timeout)', '80 (turn timeout)', '85 (turn timeout)', '90 (turn timeout)', '95 (turn timeout)', '100 (turn timeout)', '105 (turn timeout)', '110 (turn timeout)', '115 (turn timeout)', '120 (turn timeout)', '125 (turn timeout)', '130 (turn timeout)', '135 (turn timeout)', '140 (turn timeout)', '145 (turn timeout)', '150 (turn timeout)', '155 (turn timeout)', '160 (turn timeout)', '165 (turn timeout)', '170 (turn timeout)', '175 (turn timeout)', '180 (turn timeout)', '185 (turn timeout)', '190 (turn timeout)', '195 (turn timeout)', '200 (turn timeout)', '205 (turn timeout)', '210 (turn timeout)', '215 (turn timeout)', '220 (turn timeout)', '225 (turn timeout)', '230 (turn timeout)', '235 (turn timeout)', '240 (turn timeout)', '245 (turn timeout)', '250 (turn timeout)', '255 (turn timeout)', '260 (turn timeout)'], 'lawn green': ['186 (turn timeout)', '191 (turn timeout)', '196 (turn timeout)', '201 (turn timeout)', '206 (turn timeout)', '211 (turn timeout)', '216 (turn timeout)', '221 (turn timeout)', '226 (turn timeout)', '231 (turn timeout)', '236 (turn timeout)', '241 (turn timeout)', '246 (turn timeout)', '251 (turn timeout)', '256 (turn timeout)', '261 (turn timeout)']}
[2026-05-22 11:17:51] GAME TIME LIMIT REACHED.
[2026-05-22 11:17:52] SCORE Gruppe 69 (lawn green): Final=1407.5, Time=96.0, Moves(37)=13.5, Pins(9)=900.0, Dist=398.0, Win Bonus=0.0
[2026-05-22 11:17:52] SCORE jat (gray0): Final=1325.3, Time=38.7, Moves(53)=90.6, Pins(8)=800.0, Dist=396.0, Win Bonus=0.0
[2026-05-22 11:17:52] SCORE group 99 (yellow): Final=1422.9, Time=36.3, Moves(53)=90.6, Pins(9)=900.0, Dist=396.0, Win Bonus=0.0
[2026-05-22 11:17:52] SCORE CybSec (purple): Final=2569.0, Time=78.4, Moves(53)=90.6, Pins(10)=1000.0, Dist=400.0, Win Bonus=1000.0
[2026-05-22 11:17:52] SCORE HelloWorld (red): Final=442.5, Time=94.5, Moves(8)=0.0, Pins(1)=100.0, Dist=248.0, Win Bonus=0.0
[2026-05-22 11:17:52] ALL WRONG MOVES BY COLOUR: {'red': ['45 (turn timeout)', '50 (turn timeout)', '55 (turn timeout)', '60 (turn timeout)', '65 (turn timeout)', '70 (turn timeout)', '75 (turn timeout)', '80 (turn timeout)', '85 (turn timeout)', '90 (turn timeout)', '95 (turn timeout)', '100 (turn timeout)', '105 (turn timeout)', '110 (turn timeout)', '115 (turn timeout)', '120 (turn timeout)', '125 (turn timeout)', '130 (turn timeout)', '135 (turn timeout)', '140 (turn timeout)', '145 (turn timeout)', '150 (turn timeout)', '155 (turn timeout)', '160 (turn timeout)', '165 (turn timeout)', '170 (turn timeout)', '175 (turn timeout)', '180 (turn timeout)', '185 (turn timeout)', '190 (turn timeout)', '195 (turn timeout)', '200 (turn timeout)', '205 (turn timeout)', '210 (turn timeout)', '215 (turn timeout)', '220 (turn timeout)', '225 (turn timeout)', '230 (turn timeout)', '235 (turn timeout)', '240 (turn timeout)', '245 (turn timeout)', '250 (turn timeout)', '255 (turn timeout)', '260 (turn timeout)'], 'lawn green': ['186 (turn timeout)', '191 (turn timeout)', '196 (turn timeout)', '201 (turn timeout)', '206 (turn timeout)', '211 (turn timeout)', '216 (turn timeout)', '221 (turn timeout)', '226 (turn timeout)', '231 (turn timeout)', '236 (turn timeout)', '241 (turn timeout)', '246 (turn timeout)', '251 (turn timeout)', '256 (turn timeout)', '261 (turn timeout)']}
[2026-05-22 11:17:52] GAME TIME LIMIT REACHED.
[2026-05-22 11:17:52] SCORE Gruppe 69 (lawn green): Final=1407.5, Time=96.0, Moves(37)=13.5, Pins(9)=900.0, Dist=398.0, Win Bonus=0.0
[2026-05-22 11:17:52] SCORE jat (gray0): Final=1325.3, Time=38.7, Moves(53)=90.6, Pins(8)=800.0, Dist=396.0, Win Bonus=0.0
[2026-05-22 11:17:52] SCORE group 99 (yellow): Final=1422.9, Time=36.3, Moves(53)=90.6, Pins(9)=900.0, Dist=396.0, Win Bonus=0.0
[2026-05-22 11:17:52] SCORE CybSec (purple): Final=2569.0, Time=78.4, Moves(53)=90.6, Pins(10)=1000.0, Dist=400.0, Win Bonus=1000.0
[2026-05-22 11:17:52] SCORE HelloWorld (red): Final=442.5, Time=94.5, Moves(8)=0.0, Pins(1)=100.0, Dist=248.0, Win Bonus=0.0
[2026-05-22 11:17:52] ALL WRONG MOVES BY COLOUR: {'red': ['45 (turn timeout)', '50 (turn timeout)', '55 (turn timeout)', '60 (turn timeout)', '65 (turn timeout)', '70 (turn timeout)', '75 (turn timeout)', '80 (turn timeout)', '85 (turn timeout)', '90 (turn timeout)', '95 (turn timeout)', '100 (turn timeout)', '105 (turn timeout)', '110 (turn timeout)', '115 (turn timeout)', '120 (turn timeout)', '125 (turn timeout)', '130 (turn timeout)', '135 (turn timeout)', '140 (turn timeout)', '145 (turn timeout)', '150 (turn timeout)', '155 (turn timeout)', '160 (turn timeout)', '165 (turn timeout)', '170 (turn timeout)', '175 (turn timeout)', '180 (turn timeout)', '185 (turn timeout)', '190 (turn timeout)', '195 (turn timeout)', '200 (turn timeout)', '205 (turn timeout)', '210 (turn timeout)', '215 (turn timeout)', '220 (turn timeout)', '225 (turn timeout)', '230 (turn timeout)', '235 (turn timeout)', '240 (turn timeout)', '245 (turn timeout)', '250 (turn timeout)', '255 (turn timeout)', '260 (turn timeout)'], 'lawn green': ['186 (turn timeout)', '191 (turn timeout)', '196 (turn timeout)', '201 (turn timeout)', '206 (turn timeout)', '211 (turn timeout)', '216 (turn timeout)', '221 (turn timeout)', '226 (turn timeout)', '231 (turn timeout)', '236 (turn timeout)', '241 (turn timeout)', '246 (turn timeout)', '251 (turn timeout)', '256 (turn timeout)', '261 (turn timeout)']}
[2026-05-22 11:17:52] GAME TIME LIMIT REACHED.
[2026-05-22 11:17:52] SCORE Gruppe 69 (lawn green): Final=1407.5, Time=96.0, Moves(37)=13.5, Pins(9)=900.0, Dist=398.0, Win Bonus=0.0
[2026-05-22 11:17:52] SCORE jat (gray0): Final=1325.3, Time=38.7, Moves(53)=90.6, Pins(8)=800.0, Dist=396.0, Win Bonus=0.0
[2026-05-22 11:17:52] SCORE group 99 (yellow): Final=1422.9, Time=36.3, Moves(53)=90.6, Pins(9)=900.0, Dist=396.0, Win Bonus=0.0
[2026-05-22 11:17:52] SCORE CybSec (purple): Final=2569.0, Time=78.4, Moves(53)=90.6, Pins(10)=1000.0, Dist=400.0, Win Bonus=1000.0
[2026-05-22 11:17:52] SCORE HelloWorld (red): Final=442.5, Time=94.5, Moves(8)=0.0, Pins(1)=100.0, Dist=248.0, Win Bonus=0.0
[2026-05-22 11:17:52] ALL WRONG MOVES BY COLOUR: {'red': ['45 (turn timeout)', '50 (turn timeout)', '55 (turn timeout)', '60 (turn timeout)', '65 (turn timeout)', '70 (turn timeout)', '75 (turn timeout)', '80 (turn timeout)', '85 (turn timeout)', '90 (turn timeout)', '95 (turn timeout)', '100 (turn timeout)', '105 (turn timeout)', '110 (turn timeout)', '115 (turn timeout)', '120 (turn timeout)', '125 (turn timeout)', '130 (turn timeout)', '135 (turn timeout)', '140 (turn timeout)', '145 (turn timeout)', '150 (turn timeout)', '155 (turn timeout)', '160 (turn timeout)', '165 (turn timeout)', '170 (turn timeout)', '175 (turn timeout)', '180 (turn timeout)', '185 (turn timeout)', '190 (turn timeout)', '195 (turn timeout)', '200 (turn timeout)', '205 (turn timeout)', '210 (turn timeout)', '215 (turn timeout)', '220 (turn timeout)', '225 (turn timeout)', '230 (turn timeout)', '235 (turn timeout)', '240 (turn timeout)', '245 (turn timeout)', '250 (turn timeout)', '255 (turn timeout)', '260 (turn timeout)'], 'lawn green': ['186 (turn timeout)', '191 (turn timeout)', '196 (turn timeout)', '201 (turn timeout)', '206 (turn timeout)', '211 (turn timeout)', '216 (turn timeout)', '221 (turn timeout)', '226 (turn timeout)', '231 (turn timeout)', '236 (turn timeout)', '241 (turn timeout)', '246 (turn timeout)', '251 (turn timeout)', '256 (turn timeout)', '261 (turn timeout)']}
[2026-05-22 11:17:52] GAME TIME LIMIT REACHED.
[2026-05-22 11:17:52] SCORE Gruppe 69 (lawn green): Final=1407.5, Time=96.0, Moves(37)=13.5, Pins(9)=900.0, Dist=398.0, Win Bonus=0.0
[2026-05-22 11:17:52] SCORE jat (gray0): Final=1325.3, Time=38.7, Moves(53)=90.6, Pins(8)=800.0, Dist=396.0, Win Bonus=0.0
[2026-05-22 11:17:52] SCORE group 99 (yellow): Final=1422.9, Time=36.3, Moves(53)=90.6, Pins(9)=900.0, Dist=396.0, Win Bonus=0.0
[2026-05-22 11:17:52] SCORE CybSec (purple): Final=2569.0, Time=78.4, Moves(53)=90.6, Pins(10)=1000.0, Dist=400.0, Win Bonus=1000.0
[2026-05-22 11:17:52] SCORE HelloWorld (red): Final=442.5, Time=94.5, Moves(8)=0.0, Pins(1)=100.0, Dist=248.0, Win Bonus=0.0
[2026-05-22 11:17:52] ALL WRONG MOVES BY COLOUR: {'red': ['45 (turn timeout)', '50 (turn timeout)', '55 (turn timeout)', '60 (turn timeout)', '65 (turn timeout)', '70 (turn timeout)', '75 (turn timeout)', '80 (turn timeout)', '85 (turn timeout)', '90 (turn timeout)', '95 (turn timeout)', '100 (turn timeout)', '105 (turn timeout)', '110 (turn timeout)', '115 (turn timeout)', '120 (turn timeout)', '125 (turn timeout)', '130 (turn timeout)', '135 (turn timeout)', '140 (turn timeout)', '145 (turn timeout)', '150 (turn timeout)', '155 (turn timeout)', '160 (turn timeout)', '165 (turn timeout)', '170 (turn timeout)', '175 (turn timeout)', '180 (turn timeout)', '185 (turn timeout)', '190 (turn timeout)', '195 (turn timeout)', '200 (turn timeout)', '205 (turn timeout)', '210 (turn timeout)', '215 (turn timeout)', '220 (turn timeout)', '225 (turn timeout)', '230 (turn timeout)', '235 (turn timeout)', '240 (turn timeout)', '245 (turn timeout)', '250 (turn timeout)', '255 (turn timeout)', '260 (turn timeout)'], 'lawn green': ['186 (turn timeout)', '191 (turn timeout)', '196 (turn timeout)', '201 (turn timeout)', '206 (turn timeout)', '211 (turn timeout)', '216 (turn timeout)', '221 (turn timeout)', '226 (turn timeout)', '231 (turn timeout)', '236 (turn timeout)', '241 (turn timeout)', '246 (turn timeout)', '251 (turn timeout)', '256 (turn timeout)', '261 (turn timeout)']}
[2026-05-22 11:17:52] GAME TIME LIMIT REACHED.
[2026-05-22 11:17:53] SCORE Gruppe 69 (lawn green): Final=1407.5, Time=96.0, Moves(37)=13.5, Pins(9)=900.0, Dist=398.0, Win Bonus=0.0
[2026-05-22 11:17:53] SCORE jat (gray0): Final=1325.3, Time=38.7, Moves(53)=90.6, Pins(8)=800.0, Dist=396.0, Win Bonus=0.0
[2026-05-22 11:17:53] SCORE group 99 (yellow): Final=1422.9, Time=36.3, Moves(53)=90.6, Pins(9)=900.0, Dist=396.0, Win Bonus=0.0
[2026-05-22 11:17:53] SCORE CybSec (purple): Final=2569.0, Time=78.4, Moves(53)=90.6, Pins(10)=1000.0, Dist=400.0, Win Bonus=1000.0
[2026-05-22 11:17:53] SCORE HelloWorld (red): Final=442.5, Time=94.5, Moves(8)=0.0, Pins(1)=100.0, Dist=248.0, Win Bonus=0.0
[2026-05-22 11:17:53] ALL WRONG MOVES BY COLOUR: {'red': ['45 (turn timeout)', '50 (turn timeout)', '55 (turn timeout)', '60 (turn timeout)', '65 (turn timeout)', '70 (turn timeout)', '75 (turn timeout)', '80 (turn timeout)', '85 (turn timeout)', '90 (turn timeout)', '95 (turn timeout)', '100 (turn timeout)', '105 (turn timeout)', '110 (turn timeout)', '115 (turn timeout)', '120 (turn timeout)', '125 (turn timeout)', '130 (turn timeout)', '135 (turn timeout)', '140 (turn timeout)', '145 (turn timeout)', '150 (turn timeout)', '155 (turn timeout)', '160 (turn timeout)', '165 (turn timeout)', '170 (turn timeout)', '175 (turn timeout)', '180 (turn timeout)', '185 (turn timeout)', '190 (turn timeout)', '195 (turn timeout)', '200 (turn timeout)', '205 (turn timeout)', '210 (turn timeout)', '215 (turn timeout)', '220 (turn timeout)', '225 (turn timeout)', '230 (turn timeout)', '235 (turn timeout)', '240 (turn timeout)', '245 (turn timeout)', '250 (turn timeout)', '255 (turn timeout)', '260 (turn timeout)'], 'lawn green': ['186 (turn timeout)', '191 (turn timeout)', '196 (turn timeout)', '201 (turn timeout)', '206 (turn timeout)', '211 (turn timeout)', '216 (turn timeout)', '221 (turn timeout)', '226 (turn timeout)', '231 (turn timeout)', '236 (turn timeout)', '241 (turn timeout)', '246 (turn timeout)', '251 (turn timeout)', '256 (turn timeout)', '261 (turn timeout)']}
[2026-05-22 11:17:53] GAME TIME LIMIT REACHED.
[2026-05-22 11:17:53] SCORE Gruppe 69 (lawn green): Final=1407.5, Time=96.0, Moves(37)=13.5, Pins(9)=900.0, Dist=398.0, Win Bonus=0.0
[2026-05-22 11:17:53] SCORE jat (gray0): Final=1325.3, Time=38.7, Moves(53)=90.6, Pins(8)=800.0, Dist=396.0, Win Bonus=0.0
[2026-05-22 11:17:53] SCORE group 99 (yellow): Final=1422.9, Time=36.3, Moves(53)=90.6, Pins(9)=900.0, Dist=396.0, Win Bonus=0.0
[2026-05-22 11:17:53] SCORE CybSec (purple): Final=2569.0, Time=78.4, Moves(53)=90.6, Pins(10)=1000.0, Dist=400.0, Win Bonus=1000.0
[2026-05-22 11:17:53] SCORE HelloWorld (red): Final=442.5, Time=94.5, Moves(8)=0.0, Pins(1)=100.0, Dist=248.0, Win Bonus=0.0
[2026-05-22 11:17:53] ALL WRONG MOVES BY COLOUR: {'red': ['45 (turn timeout)', '50 (turn timeout)', '55 (turn timeout)', '60 (turn timeout)', '65 (turn timeout)', '70 (turn timeout)', '75 (turn timeout)', '80 (turn timeout)', '85 (turn timeout)', '90 (turn timeout)', '95 (turn timeout)', '100 (turn timeout)', '105 (turn timeout)', '110 (turn timeout)', '115 (turn timeout)', '120 (turn timeout)', '125 (turn timeout)', '130 (turn timeout)', '135 (turn timeout)', '140 (turn timeout)', '145 (turn timeout)', '150 (turn timeout)', '155 (turn timeout)', '160 (turn timeout)', '165 (turn timeout)', '170 (turn timeout)', '175 (turn timeout)', '180 (turn timeout)', '185 (turn timeout)', '190 (turn timeout)', '195 (turn timeout)', '200 (turn timeout)', '205 (turn timeout)', '210 (turn timeout)', '215 (turn timeout)', '220 (turn timeout)', '225 (turn timeout)', '230 (turn timeout)', '235 (turn timeout)', '240 (turn timeout)', '245 (turn timeout)', '250 (turn timeout)', '255 (turn timeout)', '260 (turn timeout)'], 'lawn green': ['186 (turn timeout)', '191 (turn timeout)', '196 (turn timeout)', '201 (turn timeout)', '206 (turn timeout)', '211 (turn timeout)', '216 (turn timeout)', '221 (turn timeout)', '226 (turn timeout)', '231 (turn timeout)', '236 (turn timeout)', '241 (turn timeout)', '246 (turn timeout)', '251 (turn timeout)', '256 (turn timeout)', '261 (turn timeout)']}
[2026-05-22 11:17:53] GAME TIME LIMIT REACHED.
[2026-05-22 11:17:53] SCORE Gruppe 69 (lawn green): Final=1407.5, Time=96.0, Moves(37)=13.5, Pins(9)=900.0, Dist=398.0, Win Bonus=0.0
[2026-05-22 11:17:53] SCORE jat (gray0): Final=1325.3, Time=38.7, Moves(53)=90.6, Pins(8)=800.0, Dist=396.0, Win Bonus=0.0
[2026-05-22 11:17:53] SCORE group 99 (yellow): Final=1422.9, Time=36.3, Moves(53)=90.6, Pins(9)=900.0, Dist=396.0, Win Bonus=0.0
[2026-05-22 11:17:53] SCORE CybSec (purple): Final=2569.0, Time=78.4, Moves(53)=90.6, Pins(10)=1000.0, Dist=400.0, Win Bonus=1000.0
[2026-05-22 11:17:53] SCORE HelloWorld (red): Final=442.5, Time=94.5, Moves(8)=0.0, Pins(1)=100.0, Dist=248.0, Win Bonus=0.0
[2026-05-22 11:17:53] ALL WRONG MOVES BY COLOUR: {'red': ['45 (turn timeout)', '50 (turn timeout)', '55 (turn timeout)', '60 (turn timeout)', '65 (turn timeout)', '70 (turn timeout)', '75 (turn timeout)', '80 (turn timeout)', '85 (turn timeout)', '90 (turn timeout)', '95 (turn timeout)', '100 (turn timeout)', '105 (turn timeout)', '110 (turn timeout)', '115 (turn timeout)', '120 (turn timeout)', '125 (turn timeout)', '130 (turn timeout)', '135 (turn timeout)', '140 (turn timeout)', '145 (turn timeout)', '150 (turn timeout)', '155 (turn timeout)', '160 (turn timeout)', '165 (turn timeout)', '170 (turn timeout)', '175 (turn timeout)', '180 (turn timeout)', '185 (turn timeout)', '190 (turn timeout)', '195 (turn timeout)', '200 (turn timeout)', '205 (turn timeout)', '210 (turn timeout)', '215 (turn timeout)', '220 (turn timeout)', '225 (turn timeout)', '230 (turn timeout)', '235 (turn timeout)', '240 (turn timeout)', '245 (turn timeout)', '250 (turn timeout)', '255 (turn timeout)', '260 (turn timeout)'], 'lawn green': ['186 (turn timeout)', '191 (turn timeout)', '196 (turn timeout)', '201 (turn timeout)', '206 (turn timeout)', '211 (turn timeout)', '216 (turn timeout)', '221 (turn timeout)', '226 (turn timeout)', '231 (turn timeout)', '236 (turn timeout)', '241 (turn timeout)', '246 (turn timeout)', '251 (turn timeout)', '256 (turn timeout)', '261 (turn timeout)']}
[2026-05-22 11:17:53] GAME TIME LIMIT REACHED.
[2026-05-22 11:17:53] SCORE Gruppe 69 (lawn green): Final=1407.5, Time=96.0, Moves(37)=13.5, Pins(9)=900.0, Dist=398.0, Win Bonus=0.0
[2026-05-22 11:17:53] SCORE jat (gray0): Final=1325.3, Time=38.7, Moves(53)=90.6, Pins(8)=800.0, Dist=396.0, Win Bonus=0.0
[2026-05-22 11:17:53] SCORE group 99 (yellow): Final=1422.9, Time=36.3, Moves(53)=90.6, Pins(9)=900.0, Dist=396.0, Win Bonus=0.0
[2026-05-22 11:17:53] SCORE CybSec (purple): Final=2569.0, Time=78.4, Moves(53)=90.6, Pins(10)=1000.0, Dist=400.0, Win Bonus=1000.0
[2026-05-22 11:17:53] SCORE HelloWorld (red): Final=442.5, Time=94.5, Moves(8)=0.0, Pins(1)=100.0, Dist=248.0, Win Bonus=0.0
[2026-05-22 11:17:53] ALL WRONG MOVES BY COLOUR: {'red': ['45 (turn timeout)', '50 (turn timeout)', '55 (turn timeout)', '60 (turn timeout)', '65 (turn timeout)', '70 (turn timeout)', '75 (turn timeout)', '80 (turn timeout)', '85 (turn timeout)', '90 (turn timeout)', '95 (turn timeout)', '100 (turn timeout)', '105 (turn timeout)', '110 (turn timeout)', '115 (turn timeout)', '120 (turn timeout)', '125 (turn timeout)', '130 (turn timeout)', '135 (turn timeout)', '140 (turn timeout)', '145 (turn timeout)', '150 (turn timeout)', '155 (turn timeout)', '160 (turn timeout)', '165 (turn timeout)', '170 (turn timeout)', '175 (turn timeout)', '180 (turn timeout)', '185 (turn timeout)', '190 (turn timeout)', '195 (turn timeout)', '200 (turn timeout)', '205 (turn timeout)', '210 (turn timeout)', '215 (turn timeout)', '220 (turn timeout)', '225 (turn timeout)', '230 (turn timeout)', '235 (turn timeout)', '240 (turn timeout)', '245 (turn timeout)', '250 (turn timeout)', '255 (turn timeout)', '260 (turn timeout)'], 'lawn green': ['186 (turn timeout)', '191 (turn timeout)', '196 (turn timeout)', '201 (turn timeout)', '206 (turn timeout)', '211 (turn timeout)', '216 (turn timeout)', '221 (turn timeout)', '226 (turn timeout)', '231 (turn timeout)', '236 (turn timeout)', '241 (turn timeout)', '246 (turn timeout)', '251 (turn timeout)', '256 (turn timeout)', '261 (turn timeout)']}
[2026-05-22 11:17:53] GAME TIME LIMIT REACHED.
[2026-05-22 11:17:54] SCORE Gruppe 69 (lawn green): Final=1407.5, Time=96.0, Moves(37)=13.5, Pins(9)=900.0, Dist=398.0, Win Bonus=0.0
[2026-05-22 11:17:54] SCORE jat (gray0): Final=1325.3, Time=38.7, Moves(53)=90.6, Pins(8)=800.0, Dist=396.0, Win Bonus=0.0
[2026-05-22 11:17:54] SCORE group 99 (yellow): Final=1422.9, Time=36.3, Moves(53)=90.6, Pins(9)=900.0, Dist=396.0, Win Bonus=0.0
[2026-05-22 11:17:54] SCORE CybSec (purple): Final=2569.0, Time=78.4, Moves(53)=90.6, Pins(10)=1000.0, Dist=400.0, Win Bonus=1000.0
[2026-05-22 11:17:54] SCORE HelloWorld (red): Final=442.5, Time=94.5, Moves(8)=0.0, Pins(1)=100.0, Dist=248.0, Win Bonus=0.0
[2026-05-22 11:17:54] ALL WRONG MOVES BY COLOUR: {'red': ['45 (turn timeout)', '50 (turn timeout)', '55 (turn timeout)', '60 (turn timeout)', '65 (turn timeout)', '70 (turn timeout)', '75 (turn timeout)', '80 (turn timeout)', '85 (turn timeout)', '90 (turn timeout)', '95 (turn timeout)', '100 (turn timeout)', '105 (turn timeout)', '110 (turn timeout)', '115 (turn timeout)', '120 (turn timeout)', '125 (turn timeout)', '130 (turn timeout)', '135 (turn timeout)', '140 (turn timeout)', '145 (turn timeout)', '150 (turn timeout)', '155 (turn timeout)', '160 (turn timeout)', '165 (turn timeout)', '170 (turn timeout)', '175 (turn timeout)', '180 (turn timeout)', '185 (turn timeout)', '190 (turn timeout)', '195 (turn timeout)', '200 (turn timeout)', '205 (turn timeout)', '210 (turn timeout)', '215 (turn timeout)', '220 (turn timeout)', '225 (turn timeout)', '230 (turn timeout)', '235 (turn timeout)', '240 (turn timeout)', '245 (turn timeout)', '250 (turn timeout)', '255 (turn timeout)', '260 (turn timeout)'], 'lawn green': ['186 (turn timeout)', '191 (turn timeout)', '196 (turn timeout)', '201 (turn timeout)', '206 (turn timeout)', '211 (turn timeout)', '216 (turn timeout)', '221 (turn timeout)', '226 (turn timeout)', '231 (turn timeout)', '236 (turn timeout)', '241 (turn timeout)', '246 (turn timeout)', '251 (turn timeout)', '256 (turn timeout)', '261 (turn timeout)']}
[2026-05-22 11:17:54] GAME TIME LIMIT REACHED.
[2026-05-22 11:17:54] SCORE Gruppe 69 (lawn green): Final=1407.5, Time=96.0, Moves(37)=13.5, Pins(9)=900.0, Dist=398.0, Win Bonus=0.0
[2026-05-22 11:17:54] SCORE jat (gray0): Final=1325.3, Time=38.7, Moves(53)=90.6, Pins(8)=800.0, Dist=396.0, Win Bonus=0.0
[2026-05-22 11:17:54] SCORE group 99 (yellow): Final=1422.9, Time=36.3, Moves(53)=90.6, Pins(9)=900.0, Dist=396.0, Win Bonus=0.0
[2026-05-22 11:17:54] SCORE CybSec (purple): Final=2569.0, Time=78.4, Moves(53)=90.6, Pins(10)=1000.0, Dist=400.0, Win Bonus=1000.0
[2026-05-22 11:17:54] SCORE HelloWorld (red): Final=442.5, Time=94.5, Moves(8)=0.0, Pins(1)=100.0, Dist=248.0, Win Bonus=0.0
[2026-05-22 11:17:54] ALL WRONG MOVES BY COLOUR: {'red': ['45 (turn timeout)', '50 (turn timeout)', '55 (turn timeout)', '60 (turn timeout)', '65 (turn timeout)', '70 (turn timeout)', '75 (turn timeout)', '80 (turn timeout)', '85 (turn timeout)', '90 (turn timeout)', '95 (turn timeout)', '100 (turn timeout)', '105 (turn timeout)', '110 (turn timeout)', '115 (turn timeout)', '120 (turn timeout)', '125 (turn timeout)', '130 (turn timeout)', '135 (turn timeout)', '140 (turn timeout)', '145 (turn timeout)', '150 (turn timeout)', '155 (turn timeout)', '160 (turn timeout)', '165 (turn timeout)', '170 (turn timeout)', '175 (turn timeout)', '180 (turn timeout)', '185 (turn timeout)', '190 (turn timeout)', '195 (turn timeout)', '200 (turn timeout)', '205 (turn timeout)', '210 (turn timeout)', '215 (turn timeout)', '220 (turn timeout)', '225 (turn timeout)', '230 (turn timeout)', '235 (turn timeout)', '240 (turn timeout)', '245 (turn timeout)', '250 (turn timeout)', '255 (turn timeout)', '260 (turn timeout)'], 'lawn green': ['186 (turn timeout)', '191 (turn timeout)', '196 (turn timeout)', '201 (turn timeout)', '206 (turn timeout)', '211 (turn timeout)', '216 (turn timeout)', '221 (turn timeout)', '226 (turn timeout)', '231 (turn timeout)', '236 (turn timeout)', '241 (turn timeout)', '246 (turn timeout)', '251 (turn timeout)', '256 (turn timeout)', '261 (turn timeout)']}
[2026-05-22 11:17:54] GAME TIME LIMIT REACHED.
[2026-05-22 11:17:54] SCORE Gruppe 69 (lawn green): Final=1407.5, Time=96.0, Moves(37)=13.5, Pins(9)=900.0, Dist=398.0, Win Bonus=0.0
[2026-05-22 11:17:54] SCORE jat (gray0): Final=1325.3, Time=38.7, Moves(53)=90.6, Pins(8)=800.0, Dist=396.0, Win Bonus=0.0
[2026-05-22 11:17:54] SCORE group 99 (yellow): Final=1422.9, Time=36.3, Moves(53)=90.6, Pins(9)=900.0, Dist=396.0, Win Bonus=0.0
[2026-05-22 11:17:54] SCORE CybSec (purple): Final=2569.0, Time=78.4, Moves(53)=90.6, Pins(10)=1000.0, Dist=400.0, Win Bonus=1000.0
[2026-05-22 11:17:54] SCORE HelloWorld (red): Final=442.5, Time=94.5, Moves(8)=0.0, Pins(1)=100.0, Dist=248.0, Win Bonus=0.0
[2026-05-22 11:17:54] ALL WRONG MOVES BY COLOUR: {'red': ['45 (turn timeout)', '50 (turn timeout)', '55 (turn timeout)', '60 (turn timeout)', '65 (turn timeout)', '70 (turn timeout)', '75 (turn timeout)', '80 (turn timeout)', '85 (turn timeout)', '90 (turn timeout)', '95 (turn timeout)', '100 (turn timeout)', '105 (turn timeout)', '110 (turn timeout)', '115 (turn timeout)', '120 (turn timeout)', '125 (turn timeout)', '130 (turn timeout)', '135 (turn timeout)', '140 (turn timeout)', '145 (turn timeout)', '150 (turn timeout)', '155 (turn timeout)', '160 (turn timeout)', '165 (turn timeout)', '170 (turn timeout)', '175 (turn timeout)', '180 (turn timeout)', '185 (turn timeout)', '190 (turn timeout)', '195 (turn timeout)', '200 (turn timeout)', '205 (turn timeout)', '210 (turn timeout)', '215 (turn timeout)', '220 (turn timeout)', '225 (turn timeout)', '230 (turn timeout)', '235 (turn timeout)', '240 (turn timeout)', '245 (turn timeout)', '250 (turn timeout)', '255 (turn timeout)', '260 (turn timeout)'], 'lawn green': ['186 (turn timeout)', '191 (turn timeout)', '196 (turn timeout)', '201 (turn timeout)', '206 (turn timeout)', '211 (turn timeout)', '216 (turn timeout)', '221 (turn timeout)', '226 (turn timeout)', '231 (turn timeout)', '236 (turn timeout)', '241 (turn timeout)', '246 (turn timeout)', '251 (turn timeout)', '256 (turn timeout)', '261 (turn timeout)']}
[2026-05-22 11:17:54] GAME TIME LIMIT REACHED.
[2026-05-22 11:17:54] SCORE Gruppe 69 (lawn green): Final=1407.5, Time=96.0, Moves(37)=13.5, Pins(9)=900.0, Dist=398.0, Win Bonus=0.0
[2026-05-22 11:17:54] SCORE jat (gray0): Final=1325.3, Time=38.7, Moves(53)=90.6, Pins(8)=800.0, Dist=396.0, Win Bonus=0.0
[2026-05-22 11:17:54] SCORE group 99 (yellow): Final=1422.9, Time=36.3, Moves(53)=90.6, Pins(9)=900.0, Dist=396.0, Win Bonus=0.0
[2026-05-22 11:17:54] SCORE CybSec (purple): Final=2569.0, Time=78.4, Moves(53)=90.6, Pins(10)=1000.0, Dist=400.0, Win Bonus=1000.0
[2026-05-22 11:17:54] SCORE HelloWorld (red): Final=442.5, Time=94.5, Moves(8)=0.0, Pins(1)=100.0, Dist=248.0, Win Bonus=0.0
[2026-05-22 11:17:54] ALL WRONG MOVES BY COLOUR: {'red': ['45 (turn timeout)', '50 (turn timeout)', '55 (turn timeout)', '60 (turn timeout)', '65 (turn timeout)', '70 (turn timeout)', '75 (turn timeout)', '80 (turn timeout)', '85 (turn timeout)', '90 (turn timeout)', '95 (turn timeout)', '100 (turn timeout)', '105 (turn timeout)', '110 (turn timeout)', '115 (turn timeout)', '120 (turn timeout)', '125 (turn timeout)', '130 (turn timeout)', '135 (turn timeout)', '140 (turn timeout)', '145 (turn timeout)', '150 (turn timeout)', '155 (turn timeout)', '160 (turn timeout)', '165 (turn timeout)', '170 (turn timeout)', '175 (turn timeout)', '180 (turn timeout)', '185 (turn timeout)', '190 (turn timeout)', '195 (turn timeout)', '200 (turn timeout)', '205 (turn timeout)', '210 (turn timeout)', '215 (turn timeout)', '220 (turn timeout)', '225 (turn timeout)', '230 (turn timeout)', '235 (turn timeout)', '240 (turn timeout)', '245 (turn timeout)', '250 (turn timeout)', '255 (turn timeout)', '260 (turn timeout)'], 'lawn green': ['186 (turn timeout)', '191 (turn timeout)', '196 (turn timeout)', '201 (turn timeout)', '206 (turn timeout)', '211 (turn timeout)', '216 (turn timeout)', '221 (turn timeout)', '226 (turn timeout)', '231 (turn timeout)', '236 (turn timeout)', '241 (turn timeout)', '246 (turn timeout)', '251 (turn timeout)', '256 (turn timeout)', '261 (turn timeout)']}
[2026-05-22 11:17:55] GAME TIME LIMIT REACHED.
[2026-05-22 11:17:55] SCORE Gruppe 69 (lawn green): Final=1407.5, Time=96.0, Moves(37)=13.5, Pins(9)=900.0, Dist=398.0, Win Bonus=0.0
[2026-05-22 11:17:55] SCORE jat (gray0): Final=1325.3, Time=38.7, Moves(53)=90.6, Pins(8)=800.0, Dist=396.0, Win Bonus=0.0
[2026-05-22 11:17:55] SCORE group 99 (yellow): Final=1422.9, Time=36.3, Moves(53)=90.6, Pins(9)=900.0, Dist=396.0, Win Bonus=0.0
[2026-05-22 11:17:55] SCORE CybSec (purple): Final=2569.0, Time=78.4, Moves(53)=90.6, Pins(10)=1000.0, Dist=400.0, Win Bonus=1000.0
[2026-05-22 11:17:55] SCORE HelloWorld (red): Final=442.5, Time=94.5, Moves(8)=0.0, Pins(1)=100.0, Dist=248.0, Win Bonus=0.0
[2026-05-22 11:17:55] ALL WRONG MOVES BY COLOUR: {'red': ['45 (turn timeout)', '50 (turn timeout)', '55 (turn timeout)', '60 (turn timeout)', '65 (turn timeout)', '70 (turn timeout)', '75 (turn timeout)', '80 (turn timeout)', '85 (turn timeout)', '90 (turn timeout)', '95 (turn timeout)', '100 (turn timeout)', '105 (turn timeout)', '110 (turn timeout)', '115 (turn timeout)', '120 (turn timeout)', '125 (turn timeout)', '130 (turn timeout)', '135 (turn timeout)', '140 (turn timeout)', '145 (turn timeout)', '150 (turn timeout)', '155 (turn timeout)', '160 (turn timeout)', '165 (turn timeout)', '170 (turn timeout)', '175 (turn timeout)', '180 (turn timeout)', '185 (turn timeout)', '190 (turn timeout)', '195 (turn timeout)', '200 (turn timeout)', '205 (turn timeout)', '210 (turn timeout)', '215 (turn timeout)', '220 (turn timeout)', '225 (turn timeout)', '230 (turn timeout)', '235 (turn timeout)', '240 (turn timeout)', '245 (turn timeout)', '250 (turn timeout)', '255 (turn timeout)', '260 (turn timeout)'], 'lawn green': ['186 (turn timeout)', '191 (turn timeout)', '196 (turn timeout)', '201 (turn timeout)', '206 (turn timeout)', '211 (turn timeout)', '216 (turn timeout)', '221 (turn timeout)', '226 (turn timeout)', '231 (turn timeout)', '236 (turn timeout)', '241 (turn timeout)', '246 (turn timeout)', '251 (turn timeout)', '256 (turn timeout)', '261 (turn timeout)']}
[2026-05-22 11:17:55] GAME TIME LIMIT REACHED.
[2026-05-22 11:17:55] SCORE Gruppe 69 (lawn green): Final=1407.5, Time=96.0, Moves(37)=13.5, Pins(9)=900.0, Dist=398.0, Win Bonus=0.0
[2026-05-22 11:17:55] SCORE jat (gray0): Final=1325.3, Time=38.7, Moves(53)=90.6, Pins(8)=800.0, Dist=396.0, Win Bonus=0.0
[2026-05-22 11:17:55] SCORE group 99 (yellow): Final=1422.9, Time=36.3, Moves(53)=90.6, Pins(9)=900.0, Dist=396.0, Win Bonus=0.0
[2026-05-22 11:17:55] SCORE CybSec (purple): Final=2569.0, Time=78.4, Moves(53)=90.6, Pins(10)=1000.0, Dist=400.0, Win Bonus=1000.0
[2026-05-22 11:17:55] SCORE HelloWorld (red): Final=442.5, Time=94.5, Moves(8)=0.0, Pins(1)=100.0, Dist=248.0, Win Bonus=0.0
[2026-05-22 11:17:55] ALL WRONG MOVES BY COLOUR: {'red': ['45 (turn timeout)', '50 (turn timeout)', '55 (turn timeout)', '60 (turn timeout)', '65 (turn timeout)', '70 (turn timeout)', '75 (turn timeout)', '80 (turn timeout)', '85 (turn timeout)', '90 (turn timeout)', '95 (turn timeout)', '100 (turn timeout)', '105 (turn timeout)', '110 (turn timeout)', '115 (turn timeout)', '120 (turn timeout)', '125 (turn timeout)', '130 (turn timeout)', '135 (turn timeout)', '140 (turn timeout)', '145 (turn timeout)', '150 (turn timeout)', '155 (turn timeout)', '160 (turn timeout)', '165 (turn timeout)', '170 (turn timeout)', '175 (turn timeout)', '180 (turn timeout)', '185 (turn timeout)', '190 (turn timeout)', '195 (turn timeout)', '200 (turn timeout)', '205 (turn timeout)', '210 (turn timeout)', '215 (turn timeout)', '220 (turn timeout)', '225 (turn timeout)', '230 (turn timeout)', '235 (turn timeout)', '240 (turn timeout)', '245 (turn timeout)', '250 (turn timeout)', '255 (turn timeout)', '260 (turn timeout)'], 'lawn green': ['186 (turn timeout)', '191 (turn timeout)', '196 (turn timeout)', '201 (turn timeout)', '206 (turn timeout)', '211 (turn timeout)', '216 (turn timeout)', '221 (turn timeout)', '226 (turn timeout)', '231 (turn timeout)', '236 (turn timeout)', '241 (turn timeout)', '246 (turn timeout)', '251 (turn timeout)', '256 (turn timeout)', '261 (turn timeout)']}
[2026-05-22 11:17:55] GAME TIME LIMIT REACHED.
[2026-05-22 11:17:55] SCORE Gruppe 69 (lawn green): Final=1407.5, Time=96.0, Moves(37)=13.5, Pins(9)=900.0, Dist=398.0, Win Bonus=0.0
[2026-05-22 11:17:55] SCORE jat (gray0): Final=1325.3, Time=38.7, Moves(53)=90.6, Pins(8)=800.0, Dist=396.0, Win Bonus=0.0
[2026-05-22 11:17:55] SCORE group 99 (yellow): Final=1422.9, Time=36.3, Moves(53)=90.6, Pins(9)=900.0, Dist=396.0, Win Bonus=0.0
[2026-05-22 11:17:55] SCORE CybSec (purple): Final=2569.0, Time=78.4, Moves(53)=90.6, Pins(10)=1000.0, Dist=400.0, Win Bonus=1000.0
[2026-05-22 11:17:55] SCORE HelloWorld (red): Final=442.5, Time=94.5, Moves(8)=0.0, Pins(1)=100.0, Dist=248.0, Win Bonus=0.0
[2026-05-22 11:17:55] ALL WRONG MOVES BY COLOUR: {'red': ['45 (turn timeout)', '50 (turn timeout)', '55 (turn timeout)', '60 (turn timeout)', '65 (turn timeout)', '70 (turn timeout)', '75 (turn timeout)', '80 (turn timeout)', '85 (turn timeout)', '90 (turn timeout)', '95 (turn timeout)', '100 (turn timeout)', '105 (turn timeout)', '110 (turn timeout)', '115 (turn timeout)', '120 (turn timeout)', '125 (turn timeout)', '130 (turn timeout)', '135 (turn timeout)', '140 (turn timeout)', '145 (turn timeout)', '150 (turn timeout)', '155 (turn timeout)', '160 (turn timeout)', '165 (turn timeout)', '170 (turn timeout)', '175 (turn timeout)', '180 (turn timeout)', '185 (turn timeout)', '190 (turn timeout)', '195 (turn timeout)', '200 (turn timeout)', '205 (turn timeout)', '210 (turn timeout)', '215 (turn timeout)', '220 (turn timeout)', '225 (turn timeout)', '230 (turn timeout)', '235 (turn timeout)', '240 (turn timeout)', '245 (turn timeout)', '250 (turn timeout)', '255 (turn timeout)', '260 (turn timeout)'], 'lawn green': ['186 (turn timeout)', '191 (turn timeout)', '196 (turn timeout)', '201 (turn timeout)', '206 (turn timeout)', '211 (turn timeout)', '216 (turn timeout)', '221 (turn timeout)', '226 (turn timeout)', '231 (turn timeout)', '236 (turn timeout)', '241 (turn timeout)', '246 (turn timeout)', '251 (turn timeout)', '256 (turn timeout)', '261 (turn timeout)']}
[2026-05-22 11:17:55] GAME TIME LIMIT REACHED.
[2026-05-22 11:17:55] SCORE Gruppe 69 (lawn green): Final=1407.5, Time=96.0, Moves(37)=13.5, Pins(9)=900.0, Dist=398.0, Win Bonus=0.0
[2026-05-22 11:17:55] SCORE jat (gray0): Final=1325.3, Time=38.7, Moves(53)=90.6, Pins(8)=800.0, Dist=396.0, Win Bonus=0.0
[2026-05-22 11:17:55] SCORE group 99 (yellow): Final=1422.9, Time=36.3, Moves(53)=90.6, Pins(9)=900.0, Dist=396.0, Win Bonus=0.0
[2026-05-22 11:17:56] SCORE CybSec (purple): Final=2569.0, Time=78.4, Moves(53)=90.6, Pins(10)=1000.0, Dist=400.0, Win Bonus=1000.0
[2026-05-22 11:17:56] SCORE HelloWorld (red): Final=442.5, Time=94.5, Moves(8)=0.0, Pins(1)=100.0, Dist=248.0, Win Bonus=0.0
[2026-05-22 11:17:56] ALL WRONG MOVES BY COLOUR: {'red': ['45 (turn timeout)', '50 (turn timeout)', '55 (turn timeout)', '60 (turn timeout)', '65 (turn timeout)', '70 (turn timeout)', '75 (turn timeout)', '80 (turn timeout)', '85 (turn timeout)', '90 (turn timeout)', '95 (turn timeout)', '100 (turn timeout)', '105 (turn timeout)', '110 (turn timeout)', '115 (turn timeout)', '120 (turn timeout)', '125 (turn timeout)', '130 (turn timeout)', '135 (turn timeout)', '140 (turn timeout)', '145 (turn timeout)', '150 (turn timeout)', '155 (turn timeout)', '160 (turn timeout)', '165 (turn timeout)', '170 (turn timeout)', '175 (turn timeout)', '180 (turn timeout)', '185 (turn timeout)', '190 (turn timeout)', '195 (turn timeout)', '200 (turn timeout)', '205 (turn timeout)', '210 (turn timeout)', '215 (turn timeout)', '220 (turn timeout)', '225 (turn timeout)', '230 (turn timeout)', '235 (turn timeout)', '240 (turn timeout)', '245 (turn timeout)', '250 (turn timeout)', '255 (turn timeout)', '260 (turn timeout)'], 'lawn green': ['186 (turn timeout)', '191 (turn timeout)', '196 (turn timeout)', '201 (turn timeout)', '206 (turn timeout)', '211 (turn timeout)', '216 (turn timeout)', '221 (turn timeout)', '226 (turn timeout)', '231 (turn timeout)', '236 (turn timeout)', '241 (turn timeout)', '246 (turn timeout)', '251 (turn timeout)', '256 (turn timeout)', '261 (turn timeout)']}
[2026-05-22 11:17:56] GAME TIME LIMIT REACHED.
[2026-05-22 11:17:56] SCORE Gruppe 69 (lawn green): Final=1407.5, Time=96.0, Moves(37)=13.5, Pins(9)=900.0, Dist=398.0, Win Bonus=0.0
[2026-05-22 11:17:56] SCORE jat (gray0): Final=1325.3, Time=38.7, Moves(53)=90.6, Pins(8)=800.0, Dist=396.0, Win Bonus=0.0
[2026-05-22 11:17:56] SCORE group 99 (yellow): Final=1422.9, Time=36.3, Moves(53)=90.6, Pins(9)=900.0, Dist=396.0, Win Bonus=0.0
[2026-05-22 11:17:56] SCORE CybSec (purple): Final=2569.0, Time=78.4, Moves(53)=90.6, Pins(10)=1000.0, Dist=400.0, Win Bonus=1000.0
[2026-05-22 11:17:56] SCORE HelloWorld (red): Final=442.5, Time=94.5, Moves(8)=0.0, Pins(1)=100.0, Dist=248.0, Win Bonus=0.0
[2026-05-22 11:17:56] ALL WRONG MOVES BY COLOUR: {'red': ['45 (turn timeout)', '50 (turn timeout)', '55 (turn timeout)', '60 (turn timeout)', '65 (turn timeout)', '70 (turn timeout)', '75 (turn timeout)', '80 (turn timeout)', '85 (turn timeout)', '90 (turn timeout)', '95 (turn timeout)', '100 (turn timeout)', '105 (turn timeout)', '110 (turn timeout)', '115 (turn timeout)', '120 (turn timeout)', '125 (turn timeout)', '130 (turn timeout)', '135 (turn timeout)', '140 (turn timeout)', '145 (turn timeout)', '150 (turn timeout)', '155 (turn timeout)', '160 (turn timeout)', '165 (turn timeout)', '170 (turn timeout)', '175 (turn timeout)', '180 (turn timeout)', '185 (turn timeout)', '190 (turn timeout)', '195 (turn timeout)', '200 (turn timeout)', '205 (turn timeout)', '210 (turn timeout)', '215 (turn timeout)', '220 (turn timeout)', '225 (turn timeout)', '230 (turn timeout)', '235 (turn timeout)', '240 (turn timeout)', '245 (turn timeout)', '250 (turn timeout)', '255 (turn timeout)', '260 (turn timeout)'], 'lawn green': ['186 (turn timeout)', '191 (turn timeout)', '196 (turn timeout)', '201 (turn timeout)', '206 (turn timeout)', '211 (turn timeout)', '216 (turn timeout)', '221 (turn timeout)', '226 (turn timeout)', '231 (turn timeout)', '236 (turn timeout)', '241 (turn timeout)', '246 (turn timeout)', '251 (turn timeout)', '256 (turn timeout)', '261 (turn timeout)']}
[2026-05-22 11:17:56] GAME TIME LIMIT REACHED.
[2026-05-22 11:17:56] SCORE Gruppe 69 (lawn green): Final=1407.5, Time=96.0, Moves(37)=13.5, Pins(9)=900.0, Dist=398.0, Win Bonus=0.0
[2026-05-22 11:17:56] SCORE jat (gray0): Final=1325.3, Time=38.7, Moves(53)=90.6, Pins(8)=800.0, Dist=396.0, Win Bonus=0.0
[2026-05-22 11:17:56] SCORE group 99 (yellow): Final=1422.9, Time=36.3, Moves(53)=90.6, Pins(9)=900.0, Dist=396.0, Win Bonus=0.0
[2026-05-22 11:17:56] SCORE CybSec (purple): Final=2569.0, Time=78.4, Moves(53)=90.6, Pins(10)=1000.0, Dist=400.0, Win Bonus=1000.0
[2026-05-22 11:17:56] SCORE HelloWorld (red): Final=442.5, Time=94.5, Moves(8)=0.0, Pins(1)=100.0, Dist=248.0, Win Bonus=0.0
[2026-05-22 11:17:56] ALL WRONG MOVES BY COLOUR: {'red': ['45 (turn timeout)', '50 (turn timeout)', '55 (turn timeout)', '60 (turn timeout)', '65 (turn timeout)', '70 (turn timeout)', '75 (turn timeout)', '80 (turn timeout)', '85 (turn timeout)', '90 (turn timeout)', '95 (turn timeout)', '100 (turn timeout)', '105 (turn timeout)', '110 (turn timeout)', '115 (turn timeout)', '120 (turn timeout)', '125 (turn timeout)', '130 (turn timeout)', '135 (turn timeout)', '140 (turn timeout)', '145 (turn timeout)', '150 (turn timeout)', '155 (turn timeout)', '160 (turn timeout)', '165 (turn timeout)', '170 (turn timeout)', '175 (turn timeout)', '180 (turn timeout)', '185 (turn timeout)', '190 (turn timeout)', '195 (turn timeout)', '200 (turn timeout)', '205 (turn timeout)', '210 (turn timeout)', '215 (turn timeout)', '220 (turn timeout)', '225 (turn timeout)', '230 (turn timeout)', '235 (turn timeout)', '240 (turn timeout)', '245 (turn timeout)', '250 (turn timeout)', '255 (turn timeout)', '260 (turn timeout)'], 'lawn green': ['186 (turn timeout)', '191 (turn timeout)', '196 (turn timeout)', '201 (turn timeout)', '206 (turn timeout)', '211 (turn timeout)', '216 (turn timeout)', '221 (turn timeout)', '226 (turn timeout)', '231 (turn timeout)', '236 (turn timeout)', '241 (turn timeout)', '246 (turn timeout)', '251 (turn timeout)', '256 (turn timeout)', '261 (turn timeout)']}
[2026-05-22 11:17:56] GAME TIME LIMIT REACHED.
[2026-05-22 11:17:56] SCORE Gruppe 69 (lawn green): Final=1407.5, Time=96.0, Moves(37)=13.5, Pins(9)=900.0, Dist=398.0, Win Bonus=0.0
[2026-05-22 11:17:56] SCORE jat (gray0): Final=1325.3, Time=38.7, Moves(53)=90.6, Pins(8)=800.0, Dist=396.0, Win Bonus=0.0
[2026-05-22 11:17:56] SCORE group 99 (yellow): Final=1422.9, Time=36.3, Moves(53)=90.6, Pins(9)=900.0, Dist=396.0, Win Bonus=0.0
[2026-05-22 11:17:56] SCORE CybSec (purple): Final=2569.0, Time=78.4, Moves(53)=90.6, Pins(10)=1000.0, Dist=400.0, Win Bonus=1000.0
[2026-05-22 11:17:56] SCORE HelloWorld (red): Final=442.5, Time=94.5, Moves(8)=0.0, Pins(1)=100.0, Dist=248.0, Win Bonus=0.0
[2026-05-22 11:17:56] ALL WRONG MOVES BY COLOUR: {'red': ['45 (turn timeout)', '50 (turn timeout)', '55 (turn timeout)', '60 (turn timeout)', '65 (turn timeout)', '70 (turn timeout)', '75 (turn timeout)', '80 (turn timeout)', '85 (turn timeout)', '90 (turn timeout)', '95 (turn timeout)', '100 (turn timeout)', '105 (turn timeout)', '110 (turn timeout)', '115 (turn timeout)', '120 (turn timeout)', '125 (turn timeout)', '130 (turn timeout)', '135 (turn timeout)', '140 (turn timeout)', '145 (turn timeout)', '150 (turn timeout)', '155 (turn timeout)', '160 (turn timeout)', '165 (turn timeout)', '170 (turn timeout)', '175 (turn timeout)', '180 (turn timeout)', '185 (turn timeout)', '190 (turn timeout)', '195 (turn timeout)', '200 (turn timeout)', '205 (turn timeout)', '210 (turn timeout)', '215 (turn timeout)', '220 (turn timeout)', '225 (turn timeout)', '230 (turn timeout)', '235 (turn timeout)', '240 (turn timeout)', '245 (turn timeout)', '250 (turn timeout)', '255 (turn timeout)', '260 (turn timeout)'], 'lawn green': ['186 (turn timeout)', '191 (turn timeout)', '196 (turn timeout)', '201 (turn timeout)', '206 (turn timeout)', '211 (turn timeout)', '216 (turn timeout)', '221 (turn timeout)', '226 (turn timeout)', '231 (turn timeout)', '236 (turn timeout)', '241 (turn timeout)', '246 (turn timeout)', '251 (turn timeout)', '256 (turn timeout)', '261 (turn timeout)']}
[2026-05-22 11:17:56] GAME TIME LIMIT REACHED.
[2026-05-22 11:17:57] SCORE Gruppe 69 (lawn green): Final=1407.5, Time=96.0, Moves(37)=13.5, Pins(9)=900.0, Dist=398.0, Win Bonus=0.0
[2026-05-22 11:17:57] SCORE jat (gray0): Final=1325.3, Time=38.7, Moves(53)=90.6, Pins(8)=800.0, Dist=396.0, Win Bonus=0.0
[2026-05-22 11:17:57] SCORE group 99 (yellow): Final=1422.9, Time=36.3, Moves(53)=90.6, Pins(9)=900.0, Dist=396.0, Win Bonus=0.0
[2026-05-22 11:17:57] SCORE CybSec (purple): Final=2569.0, Time=78.4, Moves(53)=90.6, Pins(10)=1000.0, Dist=400.0, Win Bonus=1000.0
[2026-05-22 11:17:57] SCORE HelloWorld (red): Final=442.5, Time=94.5, Moves(8)=0.0, Pins(1)=100.0, Dist=248.0, Win Bonus=0.0
[2026-05-22 11:17:57] ALL WRONG MOVES BY COLOUR: {'red': ['45 (turn timeout)', '50 (turn timeout)', '55 (turn timeout)', '60 (turn timeout)', '65 (turn timeout)', '70 (turn timeout)', '75 (turn timeout)', '80 (turn timeout)', '85 (turn timeout)', '90 (turn timeout)', '95 (turn timeout)', '100 (turn timeout)', '105 (turn timeout)', '110 (turn timeout)', '115 (turn timeout)', '120 (turn timeout)', '125 (turn timeout)', '130 (turn timeout)', '135 (turn timeout)', '140 (turn timeout)', '145 (turn timeout)', '150 (turn timeout)', '155 (turn timeout)', '160 (turn timeout)', '165 (turn timeout)', '170 (turn timeout)', '175 (turn timeout)', '180 (turn timeout)', '185 (turn timeout)', '190 (turn timeout)', '195 (turn timeout)', '200 (turn timeout)', '205 (turn timeout)', '210 (turn timeout)', '215 (turn timeout)', '220 (turn timeout)', '225 (turn timeout)', '230 (turn timeout)', '235 (turn timeout)', '240 (turn timeout)', '245 (turn timeout)', '250 (turn timeout)', '255 (turn timeout)', '260 (turn timeout)'], 'lawn green': ['186 (turn timeout)', '191 (turn timeout)', '196 (turn timeout)', '201 (turn timeout)', '206 (turn timeout)', '211 (turn timeout)', '216 (turn timeout)', '221 (turn timeout)', '226 (turn timeout)', '231 (turn timeout)', '236 (turn timeout)', '241 (turn timeout)', '246 (turn timeout)', '251 (turn timeout)', '256 (turn timeout)', '261 (turn timeout)']}
[2026-05-22 11:17:57] GAME TIME LIMIT REACHED.
[2026-05-22 11:17:57] SCORE Gruppe 69 (lawn green): Final=1407.5, Time=96.0, Moves(37)=13.5, Pins(9)=900.0, Dist=398.0, Win Bonus=0.0
[2026-05-22 11:17:57] SCORE jat (gray0): Final=1325.3, Time=38.7, Moves(53)=90.6, Pins(8)=800.0, Dist=396.0, Win Bonus=0.0
[2026-05-22 11:17:57] SCORE group 99 (yellow): Final=1422.9, Time=36.3, Moves(53)=90.6, Pins(9)=900.0, Dist=396.0, Win Bonus=0.0
[2026-05-22 11:17:57] SCORE CybSec (purple): Final=2569.0, Time=78.4, Moves(53)=90.6, Pins(10)=1000.0, Dist=400.0, Win Bonus=1000.0
[2026-05-22 11:17:57] SCORE HelloWorld (red): Final=442.5, Time=94.5, Moves(8)=0.0, Pins(1)=100.0, Dist=248.0, Win Bonus=0.0
[2026-05-22 11:17:57] ALL WRONG MOVES BY COLOUR: {'red': ['45 (turn timeout)', '50 (turn timeout)', '55 (turn timeout)', '60 (turn timeout)', '65 (turn timeout)', '70 (turn timeout)', '75 (turn timeout)', '80 (turn timeout)', '85 (turn timeout)', '90 (turn timeout)', '95 (turn timeout)', '100 (turn timeout)', '105 (turn timeout)', '110 (turn timeout)', '115 (turn timeout)', '120 (turn timeout)', '125 (turn timeout)', '130 (turn timeout)', '135 (turn timeout)', '140 (turn timeout)', '145 (turn timeout)', '150 (turn timeout)', '155 (turn timeout)', '160 (turn timeout)', '165 (turn timeout)', '170 (turn timeout)', '175 (turn timeout)', '180 (turn timeout)', '185 (turn timeout)', '190 (turn timeout)', '195 (turn timeout)', '200 (turn timeout)', '205 (turn timeout)', '210 (turn timeout)', '215 (turn timeout)', '220 (turn timeout)', '225 (turn timeout)', '230 (turn timeout)', '235 (turn timeout)', '240 (turn timeout)', '245 (turn timeout)', '250 (turn timeout)', '255 (turn timeout)', '260 (turn timeout)'], 'lawn green': ['186 (turn timeout)', '191 (turn timeout)', '196 (turn timeout)', '201 (turn timeout)', '206 (turn timeout)', '211 (turn timeout)', '216 (turn timeout)', '221 (turn timeout)', '226 (turn timeout)', '231 (turn timeout)', '236 (turn timeout)', '241 (turn timeout)', '246 (turn timeout)', '251 (turn timeout)', '256 (turn timeout)', '261 (turn timeout)']}
[2026-05-22 11:17:57] GAME TIME LIMIT REACHED.
[2026-05-22 11:17:57] SCORE Gruppe 69 (lawn green): Final=1407.5, Time=96.0, Moves(37)=13.5, Pins(9)=900.0, Dist=398.0, Win Bonus=0.0
[2026-05-22 11:17:57] SCORE jat (gray0): Final=1325.3, Time=38.7, Moves(53)=90.6, Pins(8)=800.0, Dist=396.0, Win Bonus=0.0
[2026-05-22 11:17:57] SCORE group 99 (yellow): Final=1422.9, Time=36.3, Moves(53)=90.6, Pins(9)=900.0, Dist=396.0, Win Bonus=0.0
[2026-05-22 11:17:57] SCORE CybSec (purple): Final=2569.0, Time=78.4, Moves(53)=90.6, Pins(10)=1000.0, Dist=400.0, Win Bonus=1000.0
[2026-05-22 11:17:57] SCORE HelloWorld (red): Final=442.5, Time=94.5, Moves(8)=0.0, Pins(1)=100.0, Dist=248.0, Win Bonus=0.0
[2026-05-22 11:17:57] ALL WRONG MOVES BY COLOUR: {'red': ['45 (turn timeout)', '50 (turn timeout)', '55 (turn timeout)', '60 (turn timeout)', '65 (turn timeout)', '70 (turn timeout)', '75 (turn timeout)', '80 (turn timeout)', '85 (turn timeout)', '90 (turn timeout)', '95 (turn timeout)', '100 (turn timeout)', '105 (turn timeout)', '110 (turn timeout)', '115 (turn timeout)', '120 (turn timeout)', '125 (turn timeout)', '130 (turn timeout)', '135 (turn timeout)', '140 (turn timeout)', '145 (turn timeout)', '150 (turn timeout)', '155 (turn timeout)', '160 (turn timeout)', '165 (turn timeout)', '170 (turn timeout)', '175 (turn timeout)', '180 (turn timeout)', '185 (turn timeout)', '190 (turn timeout)', '195 (turn timeout)', '200 (turn timeout)', '205 (turn timeout)', '210 (turn timeout)', '215 (turn timeout)', '220 (turn timeout)', '225 (turn timeout)', '230 (turn timeout)', '235 (turn timeout)', '240 (turn timeout)', '245 (turn timeout)', '250 (turn timeout)', '255 (turn timeout)', '260 (turn timeout)'], 'lawn green': ['186 (turn timeout)', '191 (turn timeout)', '196 (turn timeout)', '201 (turn timeout)', '206 (turn timeout)', '211 (turn timeout)', '216 (turn timeout)', '221 (turn timeout)', '226 (turn timeout)', '231 (turn timeout)', '236 (turn timeout)', '241 (turn timeout)', '246 (turn timeout)', '251 (turn timeout)', '256 (turn timeout)', '261 (turn timeout)']}
[2026-05-22 11:17:57] GAME TIME LIMIT REACHED.
[2026-05-22 11:17:58] SCORE Gruppe 69 (lawn green): Final=1407.5, Time=96.0, Moves(37)=13.5, Pins(9)=900.0, Dist=398.0, Win Bonus=0.0
[2026-05-22 11:17:58] SCORE jat (gray0): Final=1325.3, Time=38.7, Moves(53)=90.6, Pins(8)=800.0, Dist=396.0, Win Bonus=0.0
[2026-05-22 11:17:58] SCORE group 99 (yellow): Final=1422.9, Time=36.3, Moves(53)=90.6, Pins(9)=900.0, Dist=396.0, Win Bonus=0.0
[2026-05-22 11:17:58] SCORE CybSec (purple): Final=2569.0, Time=78.4, Moves(53)=90.6, Pins(10)=1000.0, Dist=400.0, Win Bonus=1000.0
[2026-05-22 11:17:58] SCORE HelloWorld (red): Final=442.5, Time=94.5, Moves(8)=0.0, Pins(1)=100.0, Dist=248.0, Win Bonus=0.0
[2026-05-22 11:17:58] ALL WRONG MOVES BY COLOUR: {'red': ['45 (turn timeout)', '50 (turn timeout)', '55 (turn timeout)', '60 (turn timeout)', '65 (turn timeout)', '70 (turn timeout)', '75 (turn timeout)', '80 (turn timeout)', '85 (turn timeout)', '90 (turn timeout)', '95 (turn timeout)', '100 (turn timeout)', '105 (turn timeout)', '110 (turn timeout)', '115 (turn timeout)', '120 (turn timeout)', '125 (turn timeout)', '130 (turn timeout)', '135 (turn timeout)', '140 (turn timeout)', '145 (turn timeout)', '150 (turn timeout)', '155 (turn timeout)', '160 (turn timeout)', '165 (turn timeout)', '170 (turn timeout)', '175 (turn timeout)', '180 (turn timeout)', '185 (turn timeout)', '190 (turn timeout)', '195 (turn timeout)', '200 (turn timeout)', '205 (turn timeout)', '210 (turn timeout)', '215 (turn timeout)', '220 (turn timeout)', '225 (turn timeout)', '230 (turn timeout)', '235 (turn timeout)', '240 (turn timeout)', '245 (turn timeout)', '250 (turn timeout)', '255 (turn timeout)', '260 (turn timeout)'], 'lawn green': ['186 (turn timeout)', '191 (turn timeout)', '196 (turn timeout)', '201 (turn timeout)', '206 (turn timeout)', '211 (turn timeout)', '216 (turn timeout)', '221 (turn timeout)', '226 (turn timeout)', '231 (turn timeout)', '236 (turn timeout)', '241 (turn timeout)', '246 (turn timeout)', '251 (turn timeout)', '256 (turn timeout)', '261 (turn timeout)']}
[2026-05-22 11:17:58] GAME TIME LIMIT REACHED.
[2026-05-22 11:17:58] SCORE Gruppe 69 (lawn green): Final=1407.5, Time=96.0, Moves(37)=13.5, Pins(9)=900.0, Dist=398.0, Win Bonus=0.0
[2026-05-22 11:17:58] SCORE jat (gray0): Final=1325.3, Time=38.7, Moves(53)=90.6, Pins(8)=800.0, Dist=396.0, Win Bonus=0.0
[2026-05-22 11:17:58] SCORE group 99 (yellow): Final=1422.9, Time=36.3, Moves(53)=90.6, Pins(9)=900.0, Dist=396.0, Win Bonus=0.0
[2026-05-22 11:17:58] SCORE CybSec (purple): Final=2569.0, Time=78.4, Moves(53)=90.6, Pins(10)=1000.0, Dist=400.0, Win Bonus=1000.0
[2026-05-22 11:17:58] SCORE HelloWorld (red): Final=442.5, Time=94.5, Moves(8)=0.0, Pins(1)=100.0, Dist=248.0, Win Bonus=0.0
[2026-05-22 11:17:58] ALL WRONG MOVES BY COLOUR: {'red': ['45 (turn timeout)', '50 (turn timeout)', '55 (turn timeout)', '60 (turn timeout)', '65 (turn timeout)', '70 (turn timeout)', '75 (turn timeout)', '80 (turn timeout)', '85 (turn timeout)', '90 (turn timeout)', '95 (turn timeout)', '100 (turn timeout)', '105 (turn timeout)', '110 (turn timeout)', '115 (turn timeout)', '120 (turn timeout)', '125 (turn timeout)', '130 (turn timeout)', '135 (turn timeout)', '140 (turn timeout)', '145 (turn timeout)', '150 (turn timeout)', '155 (turn timeout)', '160 (turn timeout)', '165 (turn timeout)', '170 (turn timeout)', '175 (turn timeout)', '180 (turn timeout)', '185 (turn timeout)', '190 (turn timeout)', '195 (turn timeout)', '200 (turn timeout)', '205 (turn timeout)', '210 (turn timeout)', '215 (turn timeout)', '220 (turn timeout)', '225 (turn timeout)', '230 (turn timeout)', '235 (turn timeout)', '240 (turn timeout)', '245 (turn timeout)', '250 (turn timeout)', '255 (turn timeout)', '260 (turn timeout)'], 'lawn green': ['186 (turn timeout)', '191 (turn timeout)', '196 (turn timeout)', '201 (turn timeout)', '206 (turn timeout)', '211 (turn timeout)', '216 (turn timeout)', '221 (turn timeout)', '226 (turn timeout)', '231 (turn timeout)', '236 (turn timeout)', '241 (turn timeout)', '246 (turn timeout)', '251 (turn timeout)', '256 (turn timeout)', '261 (turn timeout)']}
[2026-05-22 11:17:58] GAME TIME LIMIT REACHED.
[2026-05-22 11:17:58] SCORE Gruppe 69 (lawn green): Final=1407.5, Time=96.0, Moves(37)=13.5, Pins(9)=900.0, Dist=398.0, Win Bonus=0.0
[2026-05-22 11:17:58] SCORE jat (gray0): Final=1325.3, Time=38.7, Moves(53)=90.6, Pins(8)=800.0, Dist=396.0, Win Bonus=0.0
[2026-05-22 11:17:58] SCORE group 99 (yellow): Final=1422.9, Time=36.3, Moves(53)=90.6, Pins(9)=900.0, Dist=396.0, Win Bonus=0.0
[2026-05-22 11:17:58] SCORE CybSec (purple): Final=2569.0, Time=78.4, Moves(53)=90.6, Pins(10)=1000.0, Dist=400.0, Win Bonus=1000.0
[2026-05-22 11:17:58] SCORE HelloWorld (red): Final=442.5, Time=94.5, Moves(8)=0.0, Pins(1)=100.0, Dist=248.0, Win Bonus=0.0
[2026-05-22 11:17:58] ALL WRONG MOVES BY COLOUR: {'red': ['45 (turn timeout)', '50 (turn timeout)', '55 (turn timeout)', '60 (turn timeout)', '65 (turn timeout)', '70 (turn timeout)', '75 (turn timeout)', '80 (turn timeout)', '85 (turn timeout)', '90 (turn timeout)', '95 (turn timeout)', '100 (turn timeout)', '105 (turn timeout)', '110 (turn timeout)', '115 (turn timeout)', '120 (turn timeout)', '125 (turn timeout)', '130 (turn timeout)', '135 (turn timeout)', '140 (turn timeout)', '145 (turn timeout)', '150 (turn timeout)', '155 (turn timeout)', '160 (turn timeout)', '165 (turn timeout)', '170 (turn timeout)', '175 (turn timeout)', '180 (turn timeout)', '185 (turn timeout)', '190 (turn timeout)', '195 (turn timeout)', '200 (turn timeout)', '205 (turn timeout)', '210 (turn timeout)', '215 (turn timeout)', '220 (turn timeout)', '225 (turn timeout)', '230 (turn timeout)', '235 (turn timeout)', '240 (turn timeout)', '245 (turn timeout)', '250 (turn timeout)', '255 (turn timeout)', '260 (turn timeout)'], 'lawn green': ['186 (turn timeout)', '191 (turn timeout)', '196 (turn timeout)', '201 (turn timeout)', '206 (turn timeout)', '211 (turn timeout)', '216 (turn timeout)', '221 (turn timeout)', '226 (turn timeout)', '231 (turn timeout)', '236 (turn timeout)', '241 (turn timeout)', '246 (turn timeout)', '251 (turn timeout)', '256 (turn timeout)', '261 (turn timeout)']}
[2026-05-22 11:17:58] GAME TIME LIMIT REACHED.
[2026-05-22 11:17:59] SCORE Gruppe 69 (lawn green): Final=1407.5, Time=96.0, Moves(37)=13.5, Pins(9)=900.0, Dist=398.0, Win Bonus=0.0
[2026-05-22 11:17:59] SCORE jat (gray0): Final=1325.3, Time=38.7, Moves(53)=90.6, Pins(8)=800.0, Dist=396.0, Win Bonus=0.0
[2026-05-22 11:17:59] SCORE group 99 (yellow): Final=1422.9, Time=36.3, Moves(53)=90.6, Pins(9)=900.0, Dist=396.0, Win Bonus=0.0
[2026-05-22 11:17:59] SCORE CybSec (purple): Final=2569.0, Time=78.4, Moves(53)=90.6, Pins(10)=1000.0, Dist=400.0, Win Bonus=1000.0
[2026-05-22 11:17:59] SCORE HelloWorld (red): Final=442.5, Time=94.5, Moves(8)=0.0, Pins(1)=100.0, Dist=248.0, Win Bonus=0.0
[2026-05-22 11:17:59] ALL WRONG MOVES BY COLOUR: {'red': ['45 (turn timeout)', '50 (turn timeout)', '55 (turn timeout)', '60 (turn timeout)', '65 (turn timeout)', '70 (turn timeout)', '75 (turn timeout)', '80 (turn timeout)', '85 (turn timeout)', '90 (turn timeout)', '95 (turn timeout)', '100 (turn timeout)', '105 (turn timeout)', '110 (turn timeout)', '115 (turn timeout)', '120 (turn timeout)', '125 (turn timeout)', '130 (turn timeout)', '135 (turn timeout)', '140 (turn timeout)', '145 (turn timeout)', '150 (turn timeout)', '155 (turn timeout)', '160 (turn timeout)', '165 (turn timeout)', '170 (turn timeout)', '175 (turn timeout)', '180 (turn timeout)', '185 (turn timeout)', '190 (turn timeout)', '195 (turn timeout)', '200 (turn timeout)', '205 (turn timeout)', '210 (turn timeout)', '215 (turn timeout)', '220 (turn timeout)', '225 (turn timeout)', '230 (turn timeout)', '235 (turn timeout)', '240 (turn timeout)', '245 (turn timeout)', '250 (turn timeout)', '255 (turn timeout)', '260 (turn timeout)'], 'lawn green': ['186 (turn timeout)', '191 (turn timeout)', '196 (turn timeout)', '201 (turn timeout)', '206 (turn timeout)', '211 (turn timeout)', '216 (turn timeout)', '221 (turn timeout)', '226 (turn timeout)', '231 (turn timeout)', '236 (turn timeout)', '241 (turn timeout)', '246 (turn timeout)', '251 (turn timeout)', '256 (turn timeout)', '261 (turn timeout)']}
[2026-05-22 11:17:59] GAME TIME LIMIT REACHED.
[2026-05-22 11:17:59] SCORE Gruppe 69 (lawn green): Final=1407.5, Time=96.0, Moves(37)=13.5, Pins(9)=900.0, Dist=398.0, Win Bonus=0.0
[2026-05-22 11:17:59] SCORE jat (gray0): Final=1325.3, Time=38.7, Moves(53)=90.6, Pins(8)=800.0, Dist=396.0, Win Bonus=0.0
[2026-05-22 11:17:59] SCORE group 99 (yellow): Final=1422.9, Time=36.3, Moves(53)=90.6, Pins(9)=900.0, Dist=396.0, Win Bonus=0.0
[2026-05-22 11:17:59] SCORE CybSec (purple): Final=2569.0, Time=78.4, Moves(53)=90.6, Pins(10)=1000.0, Dist=400.0, Win Bonus=1000.0
[2026-05-22 11:17:59] SCORE HelloWorld (red): Final=442.5, Time=94.5, Moves(8)=0.0, Pins(1)=100.0, Dist=248.0, Win Bonus=0.0
[2026-05-22 11:17:59] ALL WRONG MOVES BY COLOUR: {'red': ['45 (turn timeout)', '50 (turn timeout)', '55 (turn timeout)', '60 (turn timeout)', '65 (turn timeout)', '70 (turn timeout)', '75 (turn timeout)', '80 (turn timeout)', '85 (turn timeout)', '90 (turn timeout)', '95 (turn timeout)', '100 (turn timeout)', '105 (turn timeout)', '110 (turn timeout)', '115 (turn timeout)', '120 (turn timeout)', '125 (turn timeout)', '130 (turn timeout)', '135 (turn timeout)', '140 (turn timeout)', '145 (turn timeout)', '150 (turn timeout)', '155 (turn timeout)', '160 (turn timeout)', '165 (turn timeout)', '170 (turn timeout)', '175 (turn timeout)', '180 (turn timeout)', '185 (turn timeout)', '190 (turn timeout)', '195 (turn timeout)', '200 (turn timeout)', '205 (turn timeout)', '210 (turn timeout)', '215 (turn timeout)', '220 (turn timeout)', '225 (turn timeout)', '230 (turn timeout)', '235 (turn timeout)', '240 (turn timeout)', '245 (turn timeout)', '250 (turn timeout)', '255 (turn timeout)', '260 (turn timeout)'], 'lawn green': ['186 (turn timeout)', '191 (turn timeout)', '196 (turn timeout)', '201 (turn timeout)', '206 (turn timeout)', '211 (turn timeout)', '216 (turn timeout)', '221 (turn timeout)', '226 (turn timeout)', '231 (turn timeout)', '236 (turn timeout)', '241 (turn timeout)', '246 (turn timeout)', '251 (turn timeout)', '256 (turn timeout)', '261 (turn timeout)']}
[2026-05-22 11:17:59] GAME TIME LIMIT REACHED.
[2026-05-22 11:17:59] SCORE Gruppe 69 (lawn green): Final=1407.5, Time=96.0, Moves(37)=13.5, Pins(9)=900.0, Dist=398.0, Win Bonus=0.0
[2026-05-22 11:17:59] SCORE jat (gray0): Final=1325.3, Time=38.7, Moves(53)=90.6, Pins(8)=800.0, Dist=396.0, Win Bonus=0.0
[2026-05-22 11:17:59] SCORE group 99 (yellow): Final=1422.9, Time=36.3, Moves(53)=90.6, Pins(9)=900.0, Dist=396.0, Win Bonus=0.0
[2026-05-22 11:17:59] SCORE CybSec (purple): Final=2569.0, Time=78.4, Moves(53)=90.6, Pins(10)=1000.0, Dist=400.0, Win Bonus=1000.0
[2026-05-22 11:17:59] SCORE HelloWorld (red): Final=442.5, Time=94.5, Moves(8)=0.0, Pins(1)=100.0, Dist=248.0, Win Bonus=0.0
[2026-05-22 11:17:59] ALL WRONG MOVES BY COLOUR: {'red': ['45 (turn timeout)', '50 (turn timeout)', '55 (turn timeout)', '60 (turn timeout)', '65 (turn timeout)', '70 (turn timeout)', '75 (turn timeout)', '80 (turn timeout)', '85 (turn timeout)', '90 (turn timeout)', '95 (turn timeout)', '100 (turn timeout)', '105 (turn timeout)', '110 (turn timeout)', '115 (turn timeout)', '120 (turn timeout)', '125 (turn timeout)', '130 (turn timeout)', '135 (turn timeout)', '140 (turn timeout)', '145 (turn timeout)', '150 (turn timeout)', '155 (turn timeout)', '160 (turn timeout)', '165 (turn timeout)', '170 (turn timeout)', '175 (turn timeout)', '180 (turn timeout)', '185 (turn timeout)', '190 (turn timeout)', '195 (turn timeout)', '200 (turn timeout)', '205 (turn timeout)', '210 (turn timeout)', '215 (turn timeout)', '220 (turn timeout)', '225 (turn timeout)', '230 (turn timeout)', '235 (turn timeout)', '240 (turn timeout)', '245 (turn timeout)', '250 (turn timeout)', '255 (turn timeout)', '260 (turn timeout)'], 'lawn green': ['186 (turn timeout)', '191 (turn timeout)', '196 (turn timeout)', '201 (turn timeout)', '206 (turn timeout)', '211 (turn timeout)', '216 (turn timeout)', '221 (turn timeout)', '226 (turn timeout)', '231 (turn timeout)', '236 (turn timeout)', '241 (turn timeout)', '246 (turn timeout)', '251 (turn timeout)', '256 (turn timeout)', '261 (turn timeout)']}
[2026-05-22 11:17:59] GAME TIME LIMIT REACHED.
[2026-05-22 11:17:59] SCORE Gruppe 69 (lawn green): Final=1407.5, Time=96.0, Moves(37)=13.5, Pins(9)=900.0, Dist=398.0, Win Bonus=0.0
[2026-05-22 11:17:59] SCORE jat (gray0): Final=1325.3, Time=38.7, Moves(53)=90.6, Pins(8)=800.0, Dist=396.0, Win Bonus=0.0
[2026-05-22 11:17:59] SCORE group 99 (yellow): Final=1422.9, Time=36.3, Moves(53)=90.6, Pins(9)=900.0, Dist=396.0, Win Bonus=0.0
[2026-05-22 11:17:59] SCORE CybSec (purple): Final=2569.0, Time=78.4, Moves(53)=90.6, Pins(10)=1000.0, Dist=400.0, Win Bonus=1000.0
[2026-05-22 11:17:59] SCORE HelloWorld (red): Final=442.5, Time=94.5, Moves(8)=0.0, Pins(1)=100.0, Dist=248.0, Win Bonus=0.0
[2026-05-22 11:17:59] ALL WRONG MOVES BY COLOUR: {'red': ['45 (turn timeout)', '50 (turn timeout)', '55 (turn timeout)', '60 (turn timeout)', '65 (turn timeout)', '70 (turn timeout)', '75 (turn timeout)', '80 (turn timeout)', '85 (turn timeout)', '90 (turn timeout)', '95 (turn timeout)', '100 (turn timeout)', '105 (turn timeout)', '110 (turn timeout)', '115 (turn timeout)', '120 (turn timeout)', '125 (turn timeout)', '130 (turn timeout)', '135 (turn timeout)', '140 (turn timeout)', '145 (turn timeout)', '150 (turn timeout)', '155 (turn timeout)', '160 (turn timeout)', '165 (turn timeout)', '170 (turn timeout)', '175 (turn timeout)', '180 (turn timeout)', '185 (turn timeout)', '190 (turn timeout)', '195 (turn timeout)', '200 (turn timeout)', '205 (turn timeout)', '210 (turn timeout)', '215 (turn timeout)', '220 (turn timeout)', '225 (turn timeout)', '230 (turn timeout)', '235 (turn timeout)', '240 (turn timeout)', '245 (turn timeout)', '250 (turn timeout)', '255 (turn timeout)', '260 (turn timeout)'], 'lawn green': ['186 (turn timeout)', '191 (turn timeout)', '196 (turn timeout)', '201 (turn timeout)', '206 (turn timeout)', '211 (turn timeout)', '216 (turn timeout)', '221 (turn timeout)', '226 (turn timeout)', '231 (turn timeout)', '236 (turn timeout)', '241 (turn timeout)', '246 (turn timeout)', '251 (turn timeout)', '256 (turn timeout)', '261 (turn timeout)']}
[2026-05-22 11:17:59] GAME TIME LIMIT REACHED.
[2026-05-22 11:18:00] SCORE Gruppe 69 (lawn green): Final=1407.5, Time=96.0, Moves(37)=13.5, Pins(9)=900.0, Dist=398.0, Win Bonus=0.0
[2026-05-22 11:18:00] SCORE jat (gray0): Final=1325.3, Time=38.7, Moves(53)=90.6, Pins(8)=800.0, Dist=396.0, Win Bonus=0.0
[2026-05-22 11:18:00] SCORE group 99 (yellow): Final=1422.9, Time=36.3, Moves(53)=90.6, Pins(9)=900.0, Dist=396.0, Win Bonus=0.0
[2026-05-22 11:18:00] SCORE CybSec (purple): Final=2569.0, Time=78.4, Moves(53)=90.6, Pins(10)=1000.0, Dist=400.0, Win Bonus=1000.0
[2026-05-22 11:18:00] SCORE HelloWorld (red): Final=442.5, Time=94.5, Moves(8)=0.0, Pins(1)=100.0, Dist=248.0, Win Bonus=0.0
[2026-05-22 11:18:00] ALL WRONG MOVES BY COLOUR: {'red': ['45 (turn timeout)', '50 (turn timeout)', '55 (turn timeout)', '60 (turn timeout)', '65 (turn timeout)', '70 (turn timeout)', '75 (turn timeout)', '80 (turn timeout)', '85 (turn timeout)', '90 (turn timeout)', '95 (turn timeout)', '100 (turn timeout)', '105 (turn timeout)', '110 (turn timeout)', '115 (turn timeout)', '120 (turn timeout)', '125 (turn timeout)', '130 (turn timeout)', '135 (turn timeout)', '140 (turn timeout)', '145 (turn timeout)', '150 (turn timeout)', '155 (turn timeout)', '160 (turn timeout)', '165 (turn timeout)', '170 (turn timeout)', '175 (turn timeout)', '180 (turn timeout)', '185 (turn timeout)', '190 (turn timeout)', '195 (turn timeout)', '200 (turn timeout)', '205 (turn timeout)', '210 (turn timeout)', '215 (turn timeout)', '220 (turn timeout)', '225 (turn timeout)', '230 (turn timeout)', '235 (turn timeout)', '240 (turn timeout)', '245 (turn timeout)', '250 (turn timeout)', '255 (turn timeout)', '260 (turn timeout)'], 'lawn green': ['186 (turn timeout)', '191 (turn timeout)', '196 (turn timeout)', '201 (turn timeout)', '206 (turn timeout)', '211 (turn timeout)', '216 (turn timeout)', '221 (turn timeout)', '226 (turn timeout)', '231 (turn timeout)', '236 (turn timeout)', '241 (turn timeout)', '246 (turn timeout)', '251 (turn timeout)', '256 (turn timeout)', '261 (turn timeout)']}
[2026-05-22 11:18:00] GAME TIME LIMIT REACHED.
[2026-05-22 11:18:00] SCORE Gruppe 69 (lawn green): Final=1407.5, Time=96.0, Moves(37)=13.5, Pins(9)=900.0, Dist=398.0, Win Bonus=0.0
[2026-05-22 11:18:00] SCORE jat (gray0): Final=1325.3, Time=38.7, Moves(53)=90.6, Pins(8)=800.0, Dist=396.0, Win Bonus=0.0
[2026-05-22 11:18:00] SCORE group 99 (yellow): Final=1422.9, Time=36.3, Moves(53)=90.6, Pins(9)=900.0, Dist=396.0, Win Bonus=0.0
[2026-05-22 11:18:00] SCORE CybSec (purple): Final=2569.0, Time=78.4, Moves(53)=90.6, Pins(10)=1000.0, Dist=400.0, Win Bonus=1000.0
[2026-05-22 11:18:00] SCORE HelloWorld (red): Final=442.5, Time=94.5, Moves(8)=0.0, Pins(1)=100.0, Dist=248.0, Win Bonus=0.0
[2026-05-22 11:18:00] ALL WRONG MOVES BY COLOUR: {'red': ['45 (turn timeout)', '50 (turn timeout)', '55 (turn timeout)', '60 (turn timeout)', '65 (turn timeout)', '70 (turn timeout)', '75 (turn timeout)', '80 (turn timeout)', '85 (turn timeout)', '90 (turn timeout)', '95 (turn timeout)', '100 (turn timeout)', '105 (turn timeout)', '110 (turn timeout)', '115 (turn timeout)', '120 (turn timeout)', '125 (turn timeout)', '130 (turn timeout)', '135 (turn timeout)', '140 (turn timeout)', '145 (turn timeout)', '150 (turn timeout)', '155 (turn timeout)', '160 (turn timeout)', '165 (turn timeout)', '170 (turn timeout)', '175 (turn timeout)', '180 (turn timeout)', '185 (turn timeout)', '190 (turn timeout)', '195 (turn timeout)', '200 (turn timeout)', '205 (turn timeout)', '210 (turn timeout)', '215 (turn timeout)', '220 (turn timeout)', '225 (turn timeout)', '230 (turn timeout)', '235 (turn timeout)', '240 (turn timeout)', '245 (turn timeout)', '250 (turn timeout)', '255 (turn timeout)', '260 (turn timeout)'], 'lawn green': ['186 (turn timeout)', '191 (turn timeout)', '196 (turn timeout)', '201 (turn timeout)', '206 (turn timeout)', '211 (turn timeout)', '216 (turn timeout)', '221 (turn timeout)', '226 (turn timeout)', '231 (turn timeout)', '236 (turn timeout)', '241 (turn timeout)', '246 (turn timeout)', '251 (turn timeout)', '256 (turn timeout)', '261 (turn timeout)']}
[2026-05-22 11:18:00] GAME TIME LIMIT REACHED.
[2026-05-22 11:18:00] SCORE Gruppe 69 (lawn green): Final=1407.5, Time=96.0, Moves(37)=13.5, Pins(9)=900.0, Dist=398.0, Win Bonus=0.0
[2026-05-22 11:18:00] SCORE jat (gray0): Final=1325.3, Time=38.7, Moves(53)=90.6, Pins(8)=800.0, Dist=396.0, Win Bonus=0.0
[2026-05-22 11:18:00] SCORE group 99 (yellow): Final=1422.9, Time=36.3, Moves(53)=90.6, Pins(9)=900.0, Dist=396.0, Win Bonus=0.0
[2026-05-22 11:18:00] SCORE CybSec (purple): Final=2569.0, Time=78.4, Moves(53)=90.6, Pins(10)=1000.0, Dist=400.0, Win Bonus=1000.0
[2026-05-22 11:18:00] SCORE HelloWorld (red): Final=442.5, Time=94.5, Moves(8)=0.0, Pins(1)=100.0, Dist=248.0, Win Bonus=0.0
[2026-05-22 11:18:00] ALL WRONG MOVES BY COLOUR: {'red': ['45 (turn timeout)', '50 (turn timeout)', '55 (turn timeout)', '60 (turn timeout)', '65 (turn timeout)', '70 (turn timeout)', '75 (turn timeout)', '80 (turn timeout)', '85 (turn timeout)', '90 (turn timeout)', '95 (turn timeout)', '100 (turn timeout)', '105 (turn timeout)', '110 (turn timeout)', '115 (turn timeout)', '120 (turn timeout)', '125 (turn timeout)', '130 (turn timeout)', '135 (turn timeout)', '140 (turn timeout)', '145 (turn timeout)', '150 (turn timeout)', '155 (turn timeout)', '160 (turn timeout)', '165 (turn timeout)', '170 (turn timeout)', '175 (turn timeout)', '180 (turn timeout)', '185 (turn timeout)', '190 (turn timeout)', '195 (turn timeout)', '200 (turn timeout)', '205 (turn timeout)', '210 (turn timeout)', '215 (turn timeout)', '220 (turn timeout)', '225 (turn timeout)', '230 (turn timeout)', '235 (turn timeout)', '240 (turn timeout)', '245 (turn timeout)', '250 (turn timeout)', '255 (turn timeout)', '260 (turn timeout)'], 'lawn green': ['186 (turn timeout)', '191 (turn timeout)', '196 (turn timeout)', '201 (turn timeout)', '206 (turn timeout)', '211 (turn timeout)', '216 (turn timeout)', '221 (turn timeout)', '226 (turn timeout)', '231 (turn timeout)', '236 (turn timeout)', '241 (turn timeout)', '246 (turn timeout)', '251 (turn timeout)', '256 (turn timeout)', '261 (turn timeout)']}
[2026-05-22 11:18:00] GAME TIME LIMIT REACHED.
[2026-05-22 11:18:01] SCORE Gruppe 69 (lawn green): Final=1407.5, Time=96.0, Moves(37)=13.5, Pins(9)=900.0, Dist=398.0, Win Bonus=0.0
[2026-05-22 11:18:01] SCORE jat (gray0): Final=1325.3, Time=38.7, Moves(53)=90.6, Pins(8)=800.0, Dist=396.0, Win Bonus=0.0
[2026-05-22 11:18:01] SCORE group 99 (yellow): Final=1422.9, Time=36.3, Moves(53)=90.6, Pins(9)=900.0, Dist=396.0, Win Bonus=0.0
[2026-05-22 11:18:01] SCORE CybSec (purple): Final=2569.0, Time=78.4, Moves(53)=90.6, Pins(10)=1000.0, Dist=400.0, Win Bonus=1000.0
[2026-05-22 11:18:01] SCORE HelloWorld (red): Final=442.5, Time=94.5, Moves(8)=0.0, Pins(1)=100.0, Dist=248.0, Win Bonus=0.0
[2026-05-22 11:18:01] ALL WRONG MOVES BY COLOUR: {'red': ['45 (turn timeout)', '50 (turn timeout)', '55 (turn timeout)', '60 (turn timeout)', '65 (turn timeout)', '70 (turn timeout)', '75 (turn timeout)', '80 (turn timeout)', '85 (turn timeout)', '90 (turn timeout)', '95 (turn timeout)', '100 (turn timeout)', '105 (turn timeout)', '110 (turn timeout)', '115 (turn timeout)', '120 (turn timeout)', '125 (turn timeout)', '130 (turn timeout)', '135 (turn timeout)', '140 (turn timeout)', '145 (turn timeout)', '150 (turn timeout)', '155 (turn timeout)', '160 (turn timeout)', '165 (turn timeout)', '170 (turn timeout)', '175 (turn timeout)', '180 (turn timeout)', '185 (turn timeout)', '190 (turn timeout)', '195 (turn timeout)', '200 (turn timeout)', '205 (turn timeout)', '210 (turn timeout)', '215 (turn timeout)', '220 (turn timeout)', '225 (turn timeout)', '230 (turn timeout)', '235 (turn timeout)', '240 (turn timeout)', '245 (turn timeout)', '250 (turn timeout)', '255 (turn timeout)', '260 (turn timeout)'], 'lawn green': ['186 (turn timeout)', '191 (turn timeout)', '196 (turn timeout)', '201 (turn timeout)', '206 (turn timeout)', '211 (turn timeout)', '216 (turn timeout)', '221 (turn timeout)', '226 (turn timeout)', '231 (turn timeout)', '236 (turn timeout)', '241 (turn timeout)', '246 (turn timeout)', '251 (turn timeout)', '256 (turn timeout)', '261 (turn timeout)']}
[2026-05-22 11:18:01] GAME TIME LIMIT REACHED.
[2026-05-22 11:18:01] SCORE Gruppe 69 (lawn green): Final=1407.5, Time=96.0, Moves(37)=13.5, Pins(9)=900.0, Dist=398.0, Win Bonus=0.0
[2026-05-22 11:18:01] SCORE jat (gray0): Final=1325.3, Time=38.7, Moves(53)=90.6, Pins(8)=800.0, Dist=396.0, Win Bonus=0.0
[2026-05-22 11:18:01] SCORE group 99 (yellow): Final=1422.9, Time=36.3, Moves(53)=90.6, Pins(9)=900.0, Dist=396.0, Win Bonus=0.0
[2026-05-22 11:18:01] SCORE CybSec (purple): Final=2569.0, Time=78.4, Moves(53)=90.6, Pins(10)=1000.0, Dist=400.0, Win Bonus=1000.0
[2026-05-22 11:18:01] SCORE HelloWorld (red): Final=442.5, Time=94.5, Moves(8)=0.0, Pins(1)=100.0, Dist=248.0, Win Bonus=0.0
[2026-05-22 11:18:01] ALL WRONG MOVES BY COLOUR: {'red': ['45 (turn timeout)', '50 (turn timeout)', '55 (turn timeout)', '60 (turn timeout)', '65 (turn timeout)', '70 (turn timeout)', '75 (turn timeout)', '80 (turn timeout)', '85 (turn timeout)', '90 (turn timeout)', '95 (turn timeout)', '100 (turn timeout)', '105 (turn timeout)', '110 (turn timeout)', '115 (turn timeout)', '120 (turn timeout)', '125 (turn timeout)', '130 (turn timeout)', '135 (turn timeout)', '140 (turn timeout)', '145 (turn timeout)', '150 (turn timeout)', '155 (turn timeout)', '160 (turn timeout)', '165 (turn timeout)', '170 (turn timeout)', '175 (turn timeout)', '180 (turn timeout)', '185 (turn timeout)', '190 (turn timeout)', '195 (turn timeout)', '200 (turn timeout)', '205 (turn timeout)', '210 (turn timeout)', '215 (turn timeout)', '220 (turn timeout)', '225 (turn timeout)', '230 (turn timeout)', '235 (turn timeout)', '240 (turn timeout)', '245 (turn timeout)', '250 (turn timeout)', '255 (turn timeout)', '260 (turn timeout)'], 'lawn green': ['186 (turn timeout)', '191 (turn timeout)', '196 (turn timeout)', '201 (turn timeout)', '206 (turn timeout)', '211 (turn timeout)', '216 (turn timeout)', '221 (turn timeout)', '226 (turn timeout)', '231 (turn timeout)', '236 (turn timeout)', '241 (turn timeout)', '246 (turn timeout)', '251 (turn timeout)', '256 (turn timeout)', '261 (turn timeout)']}
[2026-05-22 11:18:01] GAME TIME LIMIT REACHED.
[2026-05-22 11:18:01] SCORE Gruppe 69 (lawn green): Final=1407.5, Time=96.0, Moves(37)=13.5, Pins(9)=900.0, Dist=398.0, Win Bonus=0.0
[2026-05-22 11:18:01] SCORE jat (gray0): Final=1325.3, Time=38.7, Moves(53)=90.6, Pins(8)=800.0, Dist=396.0, Win Bonus=0.0
[2026-05-22 11:18:01] SCORE group 99 (yellow): Final=1422.9, Time=36.3, Moves(53)=90.6, Pins(9)=900.0, Dist=396.0, Win Bonus=0.0
[2026-05-22 11:18:01] SCORE CybSec (purple): Final=2569.0, Time=78.4, Moves(53)=90.6, Pins(10)=1000.0, Dist=400.0, Win Bonus=1000.0
[2026-05-22 11:18:01] SCORE HelloWorld (red): Final=442.5, Time=94.5, Moves(8)=0.0, Pins(1)=100.0, Dist=248.0, Win Bonus=0.0
[2026-05-22 11:18:01] ALL WRONG MOVES BY COLOUR: {'red': ['45 (turn timeout)', '50 (turn timeout)', '55 (turn timeout)', '60 (turn timeout)', '65 (turn timeout)', '70 (turn timeout)', '75 (turn timeout)', '80 (turn timeout)', '85 (turn timeout)', '90 (turn timeout)', '95 (turn timeout)', '100 (turn timeout)', '105 (turn timeout)', '110 (turn timeout)', '115 (turn timeout)', '120 (turn timeout)', '125 (turn timeout)', '130 (turn timeout)', '135 (turn timeout)', '140 (turn timeout)', '145 (turn timeout)', '150 (turn timeout)', '155 (turn timeout)', '160 (turn timeout)', '165 (turn timeout)', '170 (turn timeout)', '175 (turn timeout)', '180 (turn timeout)', '185 (turn timeout)', '190 (turn timeout)', '195 (turn timeout)', '200 (turn timeout)', '205 (turn timeout)', '210 (turn timeout)', '215 (turn timeout)', '220 (turn timeout)', '225 (turn timeout)', '230 (turn timeout)', '235 (turn timeout)', '240 (turn timeout)', '245 (turn timeout)', '250 (turn timeout)', '255 (turn timeout)', '260 (turn timeout)'], 'lawn green': ['186 (turn timeout)', '191 (turn timeout)', '196 (turn timeout)', '201 (turn timeout)', '206 (turn timeout)', '211 (turn timeout)', '216 (turn timeout)', '221 (turn timeout)', '226 (turn timeout)', '231 (turn timeout)', '236 (turn timeout)', '241 (turn timeout)', '246 (turn timeout)', '251 (turn timeout)', '256 (turn timeout)', '261 (turn timeout)']}
[2026-05-22 11:18:01] GAME TIME LIMIT REACHED.
[2026-05-22 11:18:01] SCORE Gruppe 69 (lawn green): Final=1407.5, Time=96.0, Moves(37)=13.5, Pins(9)=900.0, Dist=398.0, Win Bonus=0.0
[2026-05-22 11:18:01] SCORE jat (gray0): Final=1325.3, Time=38.7, Moves(53)=90.6, Pins(8)=800.0, Dist=396.0, Win Bonus=0.0
[2026-05-22 11:18:01] SCORE group 99 (yellow): Final=1422.9, Time=36.3, Moves(53)=90.6, Pins(9)=900.0, Dist=396.0, Win Bonus=0.0
[2026-05-22 11:18:01] SCORE CybSec (purple): Final=2569.0, Time=78.4, Moves(53)=90.6, Pins(10)=1000.0, Dist=400.0, Win Bonus=1000.0
[2026-05-22 11:18:01] SCORE HelloWorld (red): Final=442.5, Time=94.5, Moves(8)=0.0, Pins(1)=100.0, Dist=248.0, Win Bonus=0.0
[2026-05-22 11:18:01] ALL WRONG MOVES BY COLOUR: {'red': ['45 (turn timeout)', '50 (turn timeout)', '55 (turn timeout)', '60 (turn timeout)', '65 (turn timeout)', '70 (turn timeout)', '75 (turn timeout)', '80 (turn timeout)', '85 (turn timeout)', '90 (turn timeout)', '95 (turn timeout)', '100 (turn timeout)', '105 (turn timeout)', '110 (turn timeout)', '115 (turn timeout)', '120 (turn timeout)', '125 (turn timeout)', '130 (turn timeout)', '135 (turn timeout)', '140 (turn timeout)', '145 (turn timeout)', '150 (turn timeout)', '155 (turn timeout)', '160 (turn timeout)', '165 (turn timeout)', '170 (turn timeout)', '175 (turn timeout)', '180 (turn timeout)', '185 (turn timeout)', '190 (turn timeout)', '195 (turn timeout)', '200 (turn timeout)', '205 (turn timeout)', '210 (turn timeout)', '215 (turn timeout)', '220 (turn timeout)', '225 (turn timeout)', '230 (turn timeout)', '235 (turn timeout)', '240 (turn timeout)', '245 (turn timeout)', '250 (turn timeout)', '255 (turn timeout)', '260 (turn timeout)'], 'lawn green': ['186 (turn timeout)', '191 (turn timeout)', '196 (turn timeout)', '201 (turn timeout)', '206 (turn timeout)', '211 (turn timeout)', '216 (turn timeout)', '221 (turn timeout)', '226 (turn timeout)', '231 (turn timeout)', '236 (turn timeout)', '241 (turn timeout)', '246 (turn timeout)', '251 (turn timeout)', '256 (turn timeout)', '261 (turn timeout)']}
[2026-05-22 11:18:01] GAME TIME LIMIT REACHED.
[2026-05-22 11:18:02] SCORE Gruppe 69 (lawn green): Final=1407.5, Time=96.0, Moves(37)=13.5, Pins(9)=900.0, Dist=398.0, Win Bonus=0.0
[2026-05-22 11:18:02] SCORE jat (gray0): Final=1325.3, Time=38.7, Moves(53)=90.6, Pins(8)=800.0, Dist=396.0, Win Bonus=0.0
[2026-05-22 11:18:02] SCORE group 99 (yellow): Final=1422.9, Time=36.3, Moves(53)=90.6, Pins(9)=900.0, Dist=396.0, Win Bonus=0.0
[2026-05-22 11:18:02] SCORE CybSec (purple): Final=2569.0, Time=78.4, Moves(53)=90.6, Pins(10)=1000.0, Dist=400.0, Win Bonus=1000.0
[2026-05-22 11:18:02] SCORE HelloWorld (red): Final=442.5, Time=94.5, Moves(8)=0.0, Pins(1)=100.0, Dist=248.0, Win Bonus=0.0
[2026-05-22 11:18:02] ALL WRONG MOVES BY COLOUR: {'red': ['45 (turn timeout)', '50 (turn timeout)', '55 (turn timeout)', '60 (turn timeout)', '65 (turn timeout)', '70 (turn timeout)', '75 (turn timeout)', '80 (turn timeout)', '85 (turn timeout)', '90 (turn timeout)', '95 (turn timeout)', '100 (turn timeout)', '105 (turn timeout)', '110 (turn timeout)', '115 (turn timeout)', '120 (turn timeout)', '125 (turn timeout)', '130 (turn timeout)', '135 (turn timeout)', '140 (turn timeout)', '145 (turn timeout)', '150 (turn timeout)', '155 (turn timeout)', '160 (turn timeout)', '165 (turn timeout)', '170 (turn timeout)', '175 (turn timeout)', '180 (turn timeout)', '185 (turn timeout)', '190 (turn timeout)', '195 (turn timeout)', '200 (turn timeout)', '205 (turn timeout)', '210 (turn timeout)', '215 (turn timeout)', '220 (turn timeout)', '225 (turn timeout)', '230 (turn timeout)', '235 (turn timeout)', '240 (turn timeout)', '245 (turn timeout)', '250 (turn timeout)', '255 (turn timeout)', '260 (turn timeout)'], 'lawn green': ['186 (turn timeout)', '191 (turn timeout)', '196 (turn timeout)', '201 (turn timeout)', '206 (turn timeout)', '211 (turn timeout)', '216 (turn timeout)', '221 (turn timeout)', '226 (turn timeout)', '231 (turn timeout)', '236 (turn timeout)', '241 (turn timeout)', '246 (turn timeout)', '251 (turn timeout)', '256 (turn timeout)', '261 (turn timeout)']}
[2026-05-22 11:18:02] GAME TIME LIMIT REACHED.
[2026-05-22 11:18:02] SCORE Gruppe 69 (lawn green): Final=1407.5, Time=96.0, Moves(37)=13.5, Pins(9)=900.0, Dist=398.0, Win Bonus=0.0
[2026-05-22 11:18:02] SCORE jat (gray0): Final=1325.3, Time=38.7, Moves(53)=90.6, Pins(8)=800.0, Dist=396.0, Win Bonus=0.0
[2026-05-22 11:18:02] SCORE group 99 (yellow): Final=1422.9, Time=36.3, Moves(53)=90.6, Pins(9)=900.0, Dist=396.0, Win Bonus=0.0
[2026-05-22 11:18:02] SCORE CybSec (purple): Final=2569.0, Time=78.4, Moves(53)=90.6, Pins(10)=1000.0, Dist=400.0, Win Bonus=1000.0
[2026-05-22 11:18:02] SCORE HelloWorld (red): Final=442.5, Time=94.5, Moves(8)=0.0, Pins(1)=100.0, Dist=248.0, Win Bonus=0.0
[2026-05-22 11:18:02] ALL WRONG MOVES BY COLOUR: {'red': ['45 (turn timeout)', '50 (turn timeout)', '55 (turn timeout)', '60 (turn timeout)', '65 (turn timeout)', '70 (turn timeout)', '75 (turn timeout)', '80 (turn timeout)', '85 (turn timeout)', '90 (turn timeout)', '95 (turn timeout)', '100 (turn timeout)', '105 (turn timeout)', '110 (turn timeout)', '115 (turn timeout)', '120 (turn timeout)', '125 (turn timeout)', '130 (turn timeout)', '135 (turn timeout)', '140 (turn timeout)', '145 (turn timeout)', '150 (turn timeout)', '155 (turn timeout)', '160 (turn timeout)', '165 (turn timeout)', '170 (turn timeout)', '175 (turn timeout)', '180 (turn timeout)', '185 (turn timeout)', '190 (turn timeout)', '195 (turn timeout)', '200 (turn timeout)', '205 (turn timeout)', '210 (turn timeout)', '215 (turn timeout)', '220 (turn timeout)', '225 (turn timeout)', '230 (turn timeout)', '235 (turn timeout)', '240 (turn timeout)', '245 (turn timeout)', '250 (turn timeout)', '255 (turn timeout)', '260 (turn timeout)'], 'lawn green': ['186 (turn timeout)', '191 (turn timeout)', '196 (turn timeout)', '201 (turn timeout)', '206 (turn timeout)', '211 (turn timeout)', '216 (turn timeout)', '221 (turn timeout)', '226 (turn timeout)', '231 (turn timeout)', '236 (turn timeout)', '241 (turn timeout)', '246 (turn timeout)', '251 (turn timeout)', '256 (turn timeout)', '261 (turn timeout)']}
[2026-05-22 11:18:02] GAME TIME LIMIT REACHED.
[2026-05-22 11:18:02] SCORE Gruppe 69 (lawn green): Final=1407.5, Time=96.0, Moves(37)=13.5, Pins(9)=900.0, Dist=398.0, Win Bonus=0.0
[2026-05-22 11:18:02] SCORE jat (gray0): Final=1325.3, Time=38.7, Moves(53)=90.6, Pins(8)=800.0, Dist=396.0, Win Bonus=0.0
[2026-05-22 11:18:02] SCORE group 99 (yellow): Final=1422.9, Time=36.3, Moves(53)=90.6, Pins(9)=900.0, Dist=396.0, Win Bonus=0.0
[2026-05-22 11:18:02] SCORE CybSec (purple): Final=2569.0, Time=78.4, Moves(53)=90.6, Pins(10)=1000.0, Dist=400.0, Win Bonus=1000.0
[2026-05-22 11:18:02] SCORE HelloWorld (red): Final=442.5, Time=94.5, Moves(8)=0.0, Pins(1)=100.0, Dist=248.0, Win Bonus=0.0
[2026-05-22 11:18:02] ALL WRONG MOVES BY COLOUR: {'red': ['45 (turn timeout)', '50 (turn timeout)', '55 (turn timeout)', '60 (turn timeout)', '65 (turn timeout)', '70 (turn timeout)', '75 (turn timeout)', '80 (turn timeout)', '85 (turn timeout)', '90 (turn timeout)', '95 (turn timeout)', '100 (turn timeout)', '105 (turn timeout)', '110 (turn timeout)', '115 (turn timeout)', '120 (turn timeout)', '125 (turn timeout)', '130 (turn timeout)', '135 (turn timeout)', '140 (turn timeout)', '145 (turn timeout)', '150 (turn timeout)', '155 (turn timeout)', '160 (turn timeout)', '165 (turn timeout)', '170 (turn timeout)', '175 (turn timeout)', '180 (turn timeout)', '185 (turn timeout)', '190 (turn timeout)', '195 (turn timeout)', '200 (turn timeout)', '205 (turn timeout)', '210 (turn timeout)', '215 (turn timeout)', '220 (turn timeout)', '225 (turn timeout)', '230 (turn timeout)', '235 (turn timeout)', '240 (turn timeout)', '245 (turn timeout)', '250 (turn timeout)', '255 (turn timeout)', '260 (turn timeout)'], 'lawn green': ['186 (turn timeout)', '191 (turn timeout)', '196 (turn timeout)', '201 (turn timeout)', '206 (turn timeout)', '211 (turn timeout)', '216 (turn timeout)', '221 (turn timeout)', '226 (turn timeout)', '231 (turn timeout)', '236 (turn timeout)', '241 (turn timeout)', '246 (turn timeout)', '251 (turn timeout)', '256 (turn timeout)', '261 (turn timeout)']}
[2026-05-22 11:18:02] GAME TIME LIMIT REACHED.
[2026-05-22 11:18:02] SCORE Gruppe 69 (lawn green): Final=1407.5, Time=96.0, Moves(37)=13.5, Pins(9)=900.0, Dist=398.0, Win Bonus=0.0
[2026-05-22 11:18:02] SCORE jat (gray0): Final=1325.3, Time=38.7, Moves(53)=90.6, Pins(8)=800.0, Dist=396.0, Win Bonus=0.0
[2026-05-22 11:18:02] SCORE group 99 (yellow): Final=1422.9, Time=36.3, Moves(53)=90.6, Pins(9)=900.0, Dist=396.0, Win Bonus=0.0
[2026-05-22 11:18:02] SCORE CybSec (purple): Final=2569.0, Time=78.4, Moves(53)=90.6, Pins(10)=1000.0, Dist=400.0, Win Bonus=1000.0
[2026-05-22 11:18:02] SCORE HelloWorld (red): Final=442.5, Time=94.5, Moves(8)=0.0, Pins(1)=100.0, Dist=248.0, Win Bonus=0.0
[2026-05-22 11:18:02] ALL WRONG MOVES BY COLOUR: {'red': ['45 (turn timeout)', '50 (turn timeout)', '55 (turn timeout)', '60 (turn timeout)', '65 (turn timeout)', '70 (turn timeout)', '75 (turn timeout)', '80 (turn timeout)', '85 (turn timeout)', '90 (turn timeout)', '95 (turn timeout)', '100 (turn timeout)', '105 (turn timeout)', '110 (turn timeout)', '115 (turn timeout)', '120 (turn timeout)', '125 (turn timeout)', '130 (turn timeout)', '135 (turn timeout)', '140 (turn timeout)', '145 (turn timeout)', '150 (turn timeout)', '155 (turn timeout)', '160 (turn timeout)', '165 (turn timeout)', '170 (turn timeout)', '175 (turn timeout)', '180 (turn timeout)', '185 (turn timeout)', '190 (turn timeout)', '195 (turn timeout)', '200 (turn timeout)', '205 (turn timeout)', '210 (turn timeout)', '215 (turn timeout)', '220 (turn timeout)', '225 (turn timeout)', '230 (turn timeout)', '235 (turn timeout)', '240 (turn timeout)', '245 (turn timeout)', '250 (turn timeout)', '255 (turn timeout)', '260 (turn timeout)'], 'lawn green': ['186 (turn timeout)', '191 (turn timeout)', '196 (turn timeout)', '201 (turn timeout)', '206 (turn timeout)', '211 (turn timeout)', '216 (turn timeout)', '221 (turn timeout)', '226 (turn timeout)', '231 (turn timeout)', '236 (turn timeout)', '241 (turn timeout)', '246 (turn timeout)', '251 (turn timeout)', '256 (turn timeout)', '261 (turn timeout)']}
[2026-05-22 11:18:02] GAME TIME LIMIT REACHED.
[2026-05-22 11:18:03] SCORE Gruppe 69 (lawn green): Final=1407.5, Time=96.0, Moves(37)=13.5, Pins(9)=900.0, Dist=398.0, Win Bonus=0.0
[2026-05-22 11:18:03] SCORE jat (gray0): Final=1325.3, Time=38.7, Moves(53)=90.6, Pins(8)=800.0, Dist=396.0, Win Bonus=0.0
[2026-05-22 11:18:03] SCORE group 99 (yellow): Final=1422.9, Time=36.3, Moves(53)=90.6, Pins(9)=900.0, Dist=396.0, Win Bonus=0.0
[2026-05-22 11:18:03] SCORE CybSec (purple): Final=2569.0, Time=78.4, Moves(53)=90.6, Pins(10)=1000.0, Dist=400.0, Win Bonus=1000.0
[2026-05-22 11:18:03] SCORE HelloWorld (red): Final=442.5, Time=94.5, Moves(8)=0.0, Pins(1)=100.0, Dist=248.0, Win Bonus=0.0
[2026-05-22 11:18:03] ALL WRONG MOVES BY COLOUR: {'red': ['45 (turn timeout)', '50 (turn timeout)', '55 (turn timeout)', '60 (turn timeout)', '65 (turn timeout)', '70 (turn timeout)', '75 (turn timeout)', '80 (turn timeout)', '85 (turn timeout)', '90 (turn timeout)', '95 (turn timeout)', '100 (turn timeout)', '105 (turn timeout)', '110 (turn timeout)', '115 (turn timeout)', '120 (turn timeout)', '125 (turn timeout)', '130 (turn timeout)', '135 (turn timeout)', '140 (turn timeout)', '145 (turn timeout)', '150 (turn timeout)', '155 (turn timeout)', '160 (turn timeout)', '165 (turn timeout)', '170 (turn timeout)', '175 (turn timeout)', '180 (turn timeout)', '185 (turn timeout)', '190 (turn timeout)', '195 (turn timeout)', '200 (turn timeout)', '205 (turn timeout)', '210 (turn timeout)', '215 (turn timeout)', '220 (turn timeout)', '225 (turn timeout)', '230 (turn timeout)', '235 (turn timeout)', '240 (turn timeout)', '245 (turn timeout)', '250 (turn timeout)', '255 (turn timeout)', '260 (turn timeout)'], 'lawn green': ['186 (turn timeout)', '191 (turn timeout)', '196 (turn timeout)', '201 (turn timeout)', '206 (turn timeout)', '211 (turn timeout)', '216 (turn timeout)', '221 (turn timeout)', '226 (turn timeout)', '231 (turn timeout)', '236 (turn timeout)', '241 (turn timeout)', '246 (turn timeout)', '251 (turn timeout)', '256 (turn timeout)', '261 (turn timeout)']}
[2026-05-22 11:18:03] GAME TIME LIMIT REACHED.
[2026-05-22 11:18:03] SCORE Gruppe 69 (lawn green): Final=1407.5, Time=96.0, Moves(37)=13.5, Pins(9)=900.0, Dist=398.0, Win Bonus=0.0
[2026-05-22 11:18:03] SCORE jat (gray0): Final=1325.3, Time=38.7, Moves(53)=90.6, Pins(8)=800.0, Dist=396.0, Win Bonus=0.0
[2026-05-22 11:18:03] SCORE group 99 (yellow): Final=1422.9, Time=36.3, Moves(53)=90.6, Pins(9)=900.0, Dist=396.0, Win Bonus=0.0
[2026-05-22 11:18:03] SCORE CybSec (purple): Final=2569.0, Time=78.4, Moves(53)=90.6, Pins(10)=1000.0, Dist=400.0, Win Bonus=1000.0
[2026-05-22 11:18:03] SCORE HelloWorld (red): Final=442.5, Time=94.5, Moves(8)=0.0, Pins(1)=100.0, Dist=248.0, Win Bonus=0.0
[2026-05-22 11:18:03] ALL WRONG MOVES BY COLOUR: {'red': ['45 (turn timeout)', '50 (turn timeout)', '55 (turn timeout)', '60 (turn timeout)', '65 (turn timeout)', '70 (turn timeout)', '75 (turn timeout)', '80 (turn timeout)', '85 (turn timeout)', '90 (turn timeout)', '95 (turn timeout)', '100 (turn timeout)', '105 (turn timeout)', '110 (turn timeout)', '115 (turn timeout)', '120 (turn timeout)', '125 (turn timeout)', '130 (turn timeout)', '135 (turn timeout)', '140 (turn timeout)', '145 (turn timeout)', '150 (turn timeout)', '155 (turn timeout)', '160 (turn timeout)', '165 (turn timeout)', '170 (turn timeout)', '175 (turn timeout)', '180 (turn timeout)', '185 (turn timeout)', '190 (turn timeout)', '195 (turn timeout)', '200 (turn timeout)', '205 (turn timeout)', '210 (turn timeout)', '215 (turn timeout)', '220 (turn timeout)', '225 (turn timeout)', '230 (turn timeout)', '235 (turn timeout)', '240 (turn timeout)', '245 (turn timeout)', '250 (turn timeout)', '255 (turn timeout)', '260 (turn timeout)'], 'lawn green': ['186 (turn timeout)', '191 (turn timeout)', '196 (turn timeout)', '201 (turn timeout)', '206 (turn timeout)', '211 (turn timeout)', '216 (turn timeout)', '221 (turn timeout)', '226 (turn timeout)', '231 (turn timeout)', '236 (turn timeout)', '241 (turn timeout)', '246 (turn timeout)', '251 (turn timeout)', '256 (turn timeout)', '261 (turn timeout)']}
[2026-05-22 11:18:03] GAME TIME LIMIT REACHED.
[2026-05-22 11:18:03] SCORE Gruppe 69 (lawn green): Final=1407.5, Time=96.0, Moves(37)=13.5, Pins(9)=900.0, Dist=398.0, Win Bonus=0.0
[2026-05-22 11:18:03] SCORE jat (gray0): Final=1325.3, Time=38.7, Moves(53)=90.6, Pins(8)=800.0, Dist=396.0, Win Bonus=0.0
[2026-05-22 11:18:03] SCORE group 99 (yellow): Final=1422.9, Time=36.3, Moves(53)=90.6, Pins(9)=900.0, Dist=396.0, Win Bonus=0.0
[2026-05-22 11:18:03] SCORE CybSec (purple): Final=2569.0, Time=78.4, Moves(53)=90.6, Pins(10)=1000.0, Dist=400.0, Win Bonus=1000.0
[2026-05-22 11:18:03] SCORE HelloWorld (red): Final=442.5, Time=94.5, Moves(8)=0.0, Pins(1)=100.0, Dist=248.0, Win Bonus=0.0
[2026-05-22 11:18:03] ALL WRONG MOVES BY COLOUR: {'red': ['45 (turn timeout)', '50 (turn timeout)', '55 (turn timeout)', '60 (turn timeout)', '65 (turn timeout)', '70 (turn timeout)', '75 (turn timeout)', '80 (turn timeout)', '85 (turn timeout)', '90 (turn timeout)', '95 (turn timeout)', '100 (turn timeout)', '105 (turn timeout)', '110 (turn timeout)', '115 (turn timeout)', '120 (turn timeout)', '125 (turn timeout)', '130 (turn timeout)', '135 (turn timeout)', '140 (turn timeout)', '145 (turn timeout)', '150 (turn timeout)', '155 (turn timeout)', '160 (turn timeout)', '165 (turn timeout)', '170 (turn timeout)', '175 (turn timeout)', '180 (turn timeout)', '185 (turn timeout)', '190 (turn timeout)', '195 (turn timeout)', '200 (turn timeout)', '205 (turn timeout)', '210 (turn timeout)', '215 (turn timeout)', '220 (turn timeout)', '225 (turn timeout)', '230 (turn timeout)', '235 (turn timeout)', '240 (turn timeout)', '245 (turn timeout)', '250 (turn timeout)', '255 (turn timeout)', '260 (turn timeout)'], 'lawn green': ['186 (turn timeout)', '191 (turn timeout)', '196 (turn timeout)', '201 (turn timeout)', '206 (turn timeout)', '211 (turn timeout)', '216 (turn timeout)', '221 (turn timeout)', '226 (turn timeout)', '231 (turn timeout)', '236 (turn timeout)', '241 (turn timeout)', '246 (turn timeout)', '251 (turn timeout)', '256 (turn timeout)', '261 (turn timeout)']}
[2026-05-22 11:18:03] GAME TIME LIMIT REACHED.
[2026-05-22 11:18:03] SCORE Gruppe 69 (lawn green): Final=1407.5, Time=96.0, Moves(37)=13.5, Pins(9)=900.0, Dist=398.0, Win Bonus=0.0
[2026-05-22 11:18:03] SCORE jat (gray0): Final=1325.3, Time=38.7, Moves(53)=90.6, Pins(8)=800.0, Dist=396.0, Win Bonus=0.0
[2026-05-22 11:18:03] SCORE group 99 (yellow): Final=1422.9, Time=36.3, Moves(53)=90.6, Pins(9)=900.0, Dist=396.0, Win Bonus=0.0
[2026-05-22 11:18:03] SCORE CybSec (purple): Final=2569.0, Time=78.4, Moves(53)=90.6, Pins(10)=1000.0, Dist=400.0, Win Bonus=1000.0
[2026-05-22 11:18:03] SCORE HelloWorld (red): Final=442.5, Time=94.5, Moves(8)=0.0, Pins(1)=100.0, Dist=248.0, Win Bonus=0.0
[2026-05-22 11:18:03] ALL WRONG MOVES BY COLOUR: {'red': ['45 (turn timeout)', '50 (turn timeout)', '55 (turn timeout)', '60 (turn timeout)', '65 (turn timeout)', '70 (turn timeout)', '75 (turn timeout)', '80 (turn timeout)', '85 (turn timeout)', '90 (turn timeout)', '95 (turn timeout)', '100 (turn timeout)', '105 (turn timeout)', '110 (turn timeout)', '115 (turn timeout)', '120 (turn timeout)', '125 (turn timeout)', '130 (turn timeout)', '135 (turn timeout)', '140 (turn timeout)', '145 (turn timeout)', '150 (turn timeout)', '155 (turn timeout)', '160 (turn timeout)', '165 (turn timeout)', '170 (turn timeout)', '175 (turn timeout)', '180 (turn timeout)', '185 (turn timeout)', '190 (turn timeout)', '195 (turn timeout)', '200 (turn timeout)', '205 (turn timeout)', '210 (turn timeout)', '215 (turn timeout)', '220 (turn timeout)', '225 (turn timeout)', '230 (turn timeout)', '235 (turn timeout)', '240 (turn timeout)', '245 (turn timeout)', '250 (turn timeout)', '255 (turn timeout)', '260 (turn timeout)'], 'lawn green': ['186 (turn timeout)', '191 (turn timeout)', '196 (turn timeout)', '201 (turn timeout)', '206 (turn timeout)', '211 (turn timeout)', '216 (turn timeout)', '221 (turn timeout)', '226 (turn timeout)', '231 (turn timeout)', '236 (turn timeout)', '241 (turn timeout)', '246 (turn timeout)', '251 (turn timeout)', '256 (turn timeout)', '261 (turn timeout)']}
[2026-05-22 11:18:03] GAME TIME LIMIT REACHED.
[2026-05-22 11:18:04] SCORE Gruppe 69 (lawn green): Final=1407.5, Time=96.0, Moves(37)=13.5, Pins(9)=900.0, Dist=398.0, Win Bonus=0.0
[2026-05-22 11:18:04] SCORE jat (gray0): Final=1325.3, Time=38.7, Moves(53)=90.6, Pins(8)=800.0, Dist=396.0, Win Bonus=0.0
[2026-05-22 11:18:04] SCORE group 99 (yellow): Final=1422.9, Time=36.3, Moves(53)=90.6, Pins(9)=900.0, Dist=396.0, Win Bonus=0.0
[2026-05-22 11:18:04] SCORE CybSec (purple): Final=2569.0, Time=78.4, Moves(53)=90.6, Pins(10)=1000.0, Dist=400.0, Win Bonus=1000.0
[2026-05-22 11:18:04] SCORE HelloWorld (red): Final=442.5, Time=94.5, Moves(8)=0.0, Pins(1)=100.0, Dist=248.0, Win Bonus=0.0
[2026-05-22 11:18:04] ALL WRONG MOVES BY COLOUR: {'red': ['45 (turn timeout)', '50 (turn timeout)', '55 (turn timeout)', '60 (turn timeout)', '65 (turn timeout)', '70 (turn timeout)', '75 (turn timeout)', '80 (turn timeout)', '85 (turn timeout)', '90 (turn timeout)', '95 (turn timeout)', '100 (turn timeout)', '105 (turn timeout)', '110 (turn timeout)', '115 (turn timeout)', '120 (turn timeout)', '125 (turn timeout)', '130 (turn timeout)', '135 (turn timeout)', '140 (turn timeout)', '145 (turn timeout)', '150 (turn timeout)', '155 (turn timeout)', '160 (turn timeout)', '165 (turn timeout)', '170 (turn timeout)', '175 (turn timeout)', '180 (turn timeout)', '185 (turn timeout)', '190 (turn timeout)', '195 (turn timeout)', '200 (turn timeout)', '205 (turn timeout)', '210 (turn timeout)', '215 (turn timeout)', '220 (turn timeout)', '225 (turn timeout)', '230 (turn timeout)', '235 (turn timeout)', '240 (turn timeout)', '245 (turn timeout)', '250 (turn timeout)', '255 (turn timeout)', '260 (turn timeout)'], 'lawn green': ['186 (turn timeout)', '191 (turn timeout)', '196 (turn timeout)', '201 (turn timeout)', '206 (turn timeout)', '211 (turn timeout)', '216 (turn timeout)', '221 (turn timeout)', '226 (turn timeout)', '231 (turn timeout)', '236 (turn timeout)', '241 (turn timeout)', '246 (turn timeout)', '251 (turn timeout)', '256 (turn timeout)', '261 (turn timeout)']}
[2026-05-22 11:18:04] GAME TIME LIMIT REACHED.
[2026-05-22 11:18:04] SCORE Gruppe 69 (lawn green): Final=1407.5, Time=96.0, Moves(37)=13.5, Pins(9)=900.0, Dist=398.0, Win Bonus=0.0
[2026-05-22 11:18:04] SCORE jat (gray0): Final=1325.3, Time=38.7, Moves(53)=90.6, Pins(8)=800.0, Dist=396.0, Win Bonus=0.0
[2026-05-22 11:18:04] SCORE group 99 (yellow): Final=1422.9, Time=36.3, Moves(53)=90.6, Pins(9)=900.0, Dist=396.0, Win Bonus=0.0
[2026-05-22 11:18:04] SCORE CybSec (purple): Final=2569.0, Time=78.4, Moves(53)=90.6, Pins(10)=1000.0, Dist=400.0, Win Bonus=1000.0
[2026-05-22 11:18:04] SCORE HelloWorld (red): Final=442.5, Time=94.5, Moves(8)=0.0, Pins(1)=100.0, Dist=248.0, Win Bonus=0.0
[2026-05-22 11:18:04] ALL WRONG MOVES BY COLOUR: {'red': ['45 (turn timeout)', '50 (turn timeout)', '55 (turn timeout)', '60 (turn timeout)', '65 (turn timeout)', '70 (turn timeout)', '75 (turn timeout)', '80 (turn timeout)', '85 (turn timeout)', '90 (turn timeout)', '95 (turn timeout)', '100 (turn timeout)', '105 (turn timeout)', '110 (turn timeout)', '115 (turn timeout)', '120 (turn timeout)', '125 (turn timeout)', '130 (turn timeout)', '135 (turn timeout)', '140 (turn timeout)', '145 (turn timeout)', '150 (turn timeout)', '155 (turn timeout)', '160 (turn timeout)', '165 (turn timeout)', '170 (turn timeout)', '175 (turn timeout)', '180 (turn timeout)', '185 (turn timeout)', '190 (turn timeout)', '195 (turn timeout)', '200 (turn timeout)', '205 (turn timeout)', '210 (turn timeout)', '215 (turn timeout)', '220 (turn timeout)', '225 (turn timeout)', '230 (turn timeout)', '235 (turn timeout)', '240 (turn timeout)', '245 (turn timeout)', '250 (turn timeout)', '255 (turn timeout)', '260 (turn timeout)'], 'lawn green': ['186 (turn timeout)', '191 (turn timeout)', '196 (turn timeout)', '201 (turn timeout)', '206 (turn timeout)', '211 (turn timeout)', '216 (turn timeout)', '221 (turn timeout)', '226 (turn timeout)', '231 (turn timeout)', '236 (turn timeout)', '241 (turn timeout)', '246 (turn timeout)', '251 (turn timeout)', '256 (turn timeout)', '261 (turn timeout)']}
[2026-05-22 11:18:04] GAME TIME LIMIT REACHED.
[2026-05-22 11:18:04] SCORE Gruppe 69 (lawn green): Final=1407.5, Time=96.0, Moves(37)=13.5, Pins(9)=900.0, Dist=398.0, Win Bonus=0.0
[2026-05-22 11:18:04] SCORE jat (gray0): Final=1325.3, Time=38.7, Moves(53)=90.6, Pins(8)=800.0, Dist=396.0, Win Bonus=0.0
[2026-05-22 11:18:04] SCORE group 99 (yellow): Final=1422.9, Time=36.3, Moves(53)=90.6, Pins(9)=900.0, Dist=396.0, Win Bonus=0.0
[2026-05-22 11:18:04] SCORE CybSec (purple): Final=2569.0, Time=78.4, Moves(53)=90.6, Pins(10)=1000.0, Dist=400.0, Win Bonus=1000.0
[2026-05-22 11:18:04] SCORE HelloWorld (red): Final=442.5, Time=94.5, Moves(8)=0.0, Pins(1)=100.0, Dist=248.0, Win Bonus=0.0
[2026-05-22 11:18:04] ALL WRONG MOVES BY COLOUR: {'red': ['45 (turn timeout)', '50 (turn timeout)', '55 (turn timeout)', '60 (turn timeout)', '65 (turn timeout)', '70 (turn timeout)', '75 (turn timeout)', '80 (turn timeout)', '85 (turn timeout)', '90 (turn timeout)', '95 (turn timeout)', '100 (turn timeout)', '105 (turn timeout)', '110 (turn timeout)', '115 (turn timeout)', '120 (turn timeout)', '125 (turn timeout)', '130 (turn timeout)', '135 (turn timeout)', '140 (turn timeout)', '145 (turn timeout)', '150 (turn timeout)', '155 (turn timeout)', '160 (turn timeout)', '165 (turn timeout)', '170 (turn timeout)', '175 (turn timeout)', '180 (turn timeout)', '185 (turn timeout)', '190 (turn timeout)', '195 (turn timeout)', '200 (turn timeout)', '205 (turn timeout)', '210 (turn timeout)', '215 (turn timeout)', '220 (turn timeout)', '225 (turn timeout)', '230 (turn timeout)', '235 (turn timeout)', '240 (turn timeout)', '245 (turn timeout)', '250 (turn timeout)', '255 (turn timeout)', '260 (turn timeout)'], 'lawn green': ['186 (turn timeout)', '191 (turn timeout)', '196 (turn timeout)', '201 (turn timeout)', '206 (turn timeout)', '211 (turn timeout)', '216 (turn timeout)', '221 (turn timeout)', '226 (turn timeout)', '231 (turn timeout)', '236 (turn timeout)', '241 (turn timeout)', '246 (turn timeout)', '251 (turn timeout)', '256 (turn timeout)', '261 (turn timeout)']}
[2026-05-22 11:18:04] GAME TIME LIMIT REACHED.
[2026-05-22 11:18:04] SCORE Gruppe 69 (lawn green): Final=1407.5, Time=96.0, Moves(37)=13.5, Pins(9)=900.0, Dist=398.0, Win Bonus=0.0
[2026-05-22 11:18:04] SCORE jat (gray0): Final=1325.3, Time=38.7, Moves(53)=90.6, Pins(8)=800.0, Dist=396.0, Win Bonus=0.0
[2026-05-22 11:18:04] SCORE group 99 (yellow): Final=1422.9, Time=36.3, Moves(53)=90.6, Pins(9)=900.0, Dist=396.0, Win Bonus=0.0
[2026-05-22 11:18:04] SCORE CybSec (purple): Final=2569.0, Time=78.4, Moves(53)=90.6, Pins(10)=1000.0, Dist=400.0, Win Bonus=1000.0
[2026-05-22 11:18:04] SCORE HelloWorld (red): Final=442.5, Time=94.5, Moves(8)=0.0, Pins(1)=100.0, Dist=248.0, Win Bonus=0.0
[2026-05-22 11:18:04] ALL WRONG MOVES BY COLOUR: {'red': ['45 (turn timeout)', '50 (turn timeout)', '55 (turn timeout)', '60 (turn timeout)', '65 (turn timeout)', '70 (turn timeout)', '75 (turn timeout)', '80 (turn timeout)', '85 (turn timeout)', '90 (turn timeout)', '95 (turn timeout)', '100 (turn timeout)', '105 (turn timeout)', '110 (turn timeout)', '115 (turn timeout)', '120 (turn timeout)', '125 (turn timeout)', '130 (turn timeout)', '135 (turn timeout)', '140 (turn timeout)', '145 (turn timeout)', '150 (turn timeout)', '155 (turn timeout)', '160 (turn timeout)', '165 (turn timeout)', '170 (turn timeout)', '175 (turn timeout)', '180 (turn timeout)', '185 (turn timeout)', '190 (turn timeout)', '195 (turn timeout)', '200 (turn timeout)', '205 (turn timeout)', '210 (turn timeout)', '215 (turn timeout)', '220 (turn timeout)', '225 (turn timeout)', '230 (turn timeout)', '235 (turn timeout)', '240 (turn timeout)', '245 (turn timeout)', '250 (turn timeout)', '255 (turn timeout)', '260 (turn timeout)'], 'lawn green': ['186 (turn timeout)', '191 (turn timeout)', '196 (turn timeout)', '201 (turn timeout)', '206 (turn timeout)', '211 (turn timeout)', '216 (turn timeout)', '221 (turn timeout)', '226 (turn timeout)', '231 (turn timeout)', '236 (turn timeout)', '241 (turn timeout)', '246 (turn timeout)', '251 (turn timeout)', '256 (turn timeout)', '261 (turn timeout)']}
[2026-05-22 11:18:04] GAME TIME LIMIT REACHED.
[2026-05-22 11:18:05] SCORE Gruppe 69 (lawn green): Final=1407.5, Time=96.0, Moves(37)=13.5, Pins(9)=900.0, Dist=398.0, Win Bonus=0.0
[2026-05-22 11:18:05] SCORE jat (gray0): Final=1325.3, Time=38.7, Moves(53)=90.6, Pins(8)=800.0, Dist=396.0, Win Bonus=0.0
[2026-05-22 11:18:05] SCORE group 99 (yellow): Final=1422.9, Time=36.3, Moves(53)=90.6, Pins(9)=900.0, Dist=396.0, Win Bonus=0.0
[2026-05-22 11:18:05] SCORE CybSec (purple): Final=2569.0, Time=78.4, Moves(53)=90.6, Pins(10)=1000.0, Dist=400.0, Win Bonus=1000.0
[2026-05-22 11:18:05] SCORE HelloWorld (red): Final=442.5, Time=94.5, Moves(8)=0.0, Pins(1)=100.0, Dist=248.0, Win Bonus=0.0
[2026-05-22 11:18:05] ALL WRONG MOVES BY COLOUR: {'red': ['45 (turn timeout)', '50 (turn timeout)', '55 (turn timeout)', '60 (turn timeout)', '65 (turn timeout)', '70 (turn timeout)', '75 (turn timeout)', '80 (turn timeout)', '85 (turn timeout)', '90 (turn timeout)', '95 (turn timeout)', '100 (turn timeout)', '105 (turn timeout)', '110 (turn timeout)', '115 (turn timeout)', '120 (turn timeout)', '125 (turn timeout)', '130 (turn timeout)', '135 (turn timeout)', '140 (turn timeout)', '145 (turn timeout)', '150 (turn timeout)', '155 (turn timeout)', '160 (turn timeout)', '165 (turn timeout)', '170 (turn timeout)', '175 (turn timeout)', '180 (turn timeout)', '185 (turn timeout)', '190 (turn timeout)', '195 (turn timeout)', '200 (turn timeout)', '205 (turn timeout)', '210 (turn timeout)', '215 (turn timeout)', '220 (turn timeout)', '225 (turn timeout)', '230 (turn timeout)', '235 (turn timeout)', '240 (turn timeout)', '245 (turn timeout)', '250 (turn timeout)', '255 (turn timeout)', '260 (turn timeout)'], 'lawn green': ['186 (turn timeout)', '191 (turn timeout)', '196 (turn timeout)', '201 (turn timeout)', '206 (turn timeout)', '211 (turn timeout)', '216 (turn timeout)', '221 (turn timeout)', '226 (turn timeout)', '231 (turn timeout)', '236 (turn timeout)', '241 (turn timeout)', '246 (turn timeout)', '251 (turn timeout)', '256 (turn timeout)', '261 (turn timeout)']}
[2026-05-22 11:18:05] GAME TIME LIMIT REACHED.
[2026-05-22 11:18:05] SCORE Gruppe 69 (lawn green): Final=1407.5, Time=96.0, Moves(37)=13.5, Pins(9)=900.0, Dist=398.0, Win Bonus=0.0
[2026-05-22 11:18:05] SCORE jat (gray0): Final=1325.3, Time=38.7, Moves(53)=90.6, Pins(8)=800.0, Dist=396.0, Win Bonus=0.0
[2026-05-22 11:18:05] SCORE group 99 (yellow): Final=1422.9, Time=36.3, Moves(53)=90.6, Pins(9)=900.0, Dist=396.0, Win Bonus=0.0
[2026-05-22 11:18:05] SCORE CybSec (purple): Final=2569.0, Time=78.4, Moves(53)=90.6, Pins(10)=1000.0, Dist=400.0, Win Bonus=1000.0
[2026-05-22 11:18:05] SCORE HelloWorld (red): Final=442.5, Time=94.5, Moves(8)=0.0, Pins(1)=100.0, Dist=248.0, Win Bonus=0.0
[2026-05-22 11:18:05] ALL WRONG MOVES BY COLOUR: {'red': ['45 (turn timeout)', '50 (turn timeout)', '55 (turn timeout)', '60 (turn timeout)', '65 (turn timeout)', '70 (turn timeout)', '75 (turn timeout)', '80 (turn timeout)', '85 (turn timeout)', '90 (turn timeout)', '95 (turn timeout)', '100 (turn timeout)', '105 (turn timeout)', '110 (turn timeout)', '115 (turn timeout)', '120 (turn timeout)', '125 (turn timeout)', '130 (turn timeout)', '135 (turn timeout)', '140 (turn timeout)', '145 (turn timeout)', '150 (turn timeout)', '155 (turn timeout)', '160 (turn timeout)', '165 (turn timeout)', '170 (turn timeout)', '175 (turn timeout)', '180 (turn timeout)', '185 (turn timeout)', '190 (turn timeout)', '195 (turn timeout)', '200 (turn timeout)', '205 (turn timeout)', '210 (turn timeout)', '215 (turn timeout)', '220 (turn timeout)', '225 (turn timeout)', '230 (turn timeout)', '235 (turn timeout)', '240 (turn timeout)', '245 (turn timeout)', '250 (turn timeout)', '255 (turn timeout)', '260 (turn timeout)'], 'lawn green': ['186 (turn timeout)', '191 (turn timeout)', '196 (turn timeout)', '201 (turn timeout)', '206 (turn timeout)', '211 (turn timeout)', '216 (turn timeout)', '221 (turn timeout)', '226 (turn timeout)', '231 (turn timeout)', '236 (turn timeout)', '241 (turn timeout)', '246 (turn timeout)', '251 (turn timeout)', '256 (turn timeout)', '261 (turn timeout)']}
[2026-05-22 11:18:05] GAME TIME LIMIT REACHED.
[2026-05-22 11:18:05] SCORE Gruppe 69 (lawn green): Final=1407.5, Time=96.0, Moves(37)=13.5, Pins(9)=900.0, Dist=398.0, Win Bonus=0.0
[2026-05-22 11:18:05] SCORE jat (gray0): Final=1325.3, Time=38.7, Moves(53)=90.6, Pins(8)=800.0, Dist=396.0, Win Bonus=0.0
[2026-05-22 11:18:05] SCORE group 99 (yellow): Final=1422.9, Time=36.3, Moves(53)=90.6, Pins(9)=900.0, Dist=396.0, Win Bonus=0.0
[2026-05-22 11:18:05] SCORE CybSec (purple): Final=2569.0, Time=78.4, Moves(53)=90.6, Pins(10)=1000.0, Dist=400.0, Win Bonus=1000.0
[2026-05-22 11:18:05] SCORE HelloWorld (red): Final=442.5, Time=94.5, Moves(8)=0.0, Pins(1)=100.0, Dist=248.0, Win Bonus=0.0
[2026-05-22 11:18:05] ALL WRONG MOVES BY COLOUR: {'red': ['45 (turn timeout)', '50 (turn timeout)', '55 (turn timeout)', '60 (turn timeout)', '65 (turn timeout)', '70 (turn timeout)', '75 (turn timeout)', '80 (turn timeout)', '85 (turn timeout)', '90 (turn timeout)', '95 (turn timeout)', '100 (turn timeout)', '105 (turn timeout)', '110 (turn timeout)', '115 (turn timeout)', '120 (turn timeout)', '125 (turn timeout)', '130 (turn timeout)', '135 (turn timeout)', '140 (turn timeout)', '145 (turn timeout)', '150 (turn timeout)', '155 (turn timeout)', '160 (turn timeout)', '165 (turn timeout)', '170 (turn timeout)', '175 (turn timeout)', '180 (turn timeout)', '185 (turn timeout)', '190 (turn timeout)', '195 (turn timeout)', '200 (turn timeout)', '205 (turn timeout)', '210 (turn timeout)', '215 (turn timeout)', '220 (turn timeout)', '225 (turn timeout)', '230 (turn timeout)', '235 (turn timeout)', '240 (turn timeout)', '245 (turn timeout)', '250 (turn timeout)', '255 (turn timeout)', '260 (turn timeout)'], 'lawn green': ['186 (turn timeout)', '191 (turn timeout)', '196 (turn timeout)', '201 (turn timeout)', '206 (turn timeout)', '211 (turn timeout)', '216 (turn timeout)', '221 (turn timeout)', '226 (turn timeout)', '231 (turn timeout)', '236 (turn timeout)', '241 (turn timeout)', '246 (turn timeout)', '251 (turn timeout)', '256 (turn timeout)', '261 (turn timeout)']}
[2026-05-22 11:18:05] GAME TIME LIMIT REACHED.
[2026-05-22 11:18:05] SCORE Gruppe 69 (lawn green): Final=1407.5, Time=96.0, Moves(37)=13.5, Pins(9)=900.0, Dist=398.0, Win Bonus=0.0
[2026-05-22 11:18:05] SCORE jat (gray0): Final=1325.3, Time=38.7, Moves(53)=90.6, Pins(8)=800.0, Dist=396.0, Win Bonus=0.0
[2026-05-22 11:18:05] SCORE group 99 (yellow): Final=1422.9, Time=36.3, Moves(53)=90.6, Pins(9)=900.0, Dist=396.0, Win Bonus=0.0
[2026-05-22 11:18:05] SCORE CybSec (purple): Final=2569.0, Time=78.4, Moves(53)=90.6, Pins(10)=1000.0, Dist=400.0, Win Bonus=1000.0
[2026-05-22 11:18:05] SCORE HelloWorld (red): Final=442.5, Time=94.5, Moves(8)=0.0, Pins(1)=100.0, Dist=248.0, Win Bonus=0.0
[2026-05-22 11:18:05] ALL WRONG MOVES BY COLOUR: {'red': ['45 (turn timeout)', '50 (turn timeout)', '55 (turn timeout)', '60 (turn timeout)', '65 (turn timeout)', '70 (turn timeout)', '75 (turn timeout)', '80 (turn timeout)', '85 (turn timeout)', '90 (turn timeout)', '95 (turn timeout)', '100 (turn timeout)', '105 (turn timeout)', '110 (turn timeout)', '115 (turn timeout)', '120 (turn timeout)', '125 (turn timeout)', '130 (turn timeout)', '135 (turn timeout)', '140 (turn timeout)', '145 (turn timeout)', '150 (turn timeout)', '155 (turn timeout)', '160 (turn timeout)', '165 (turn timeout)', '170 (turn timeout)', '175 (turn timeout)', '180 (turn timeout)', '185 (turn timeout)', '190 (turn timeout)', '195 (turn timeout)', '200 (turn timeout)', '205 (turn timeout)', '210 (turn timeout)', '215 (turn timeout)', '220 (turn timeout)', '225 (turn timeout)', '230 (turn timeout)', '235 (turn timeout)', '240 (turn timeout)', '245 (turn timeout)', '250 (turn timeout)', '255 (turn timeout)', '260 (turn timeout)'], 'lawn green': ['186 (turn timeout)', '191 (turn timeout)', '196 (turn timeout)', '201 (turn timeout)', '206 (turn timeout)', '211 (turn timeout)', '216 (turn timeout)', '221 (turn timeout)', '226 (turn timeout)', '231 (turn timeout)', '236 (turn timeout)', '241 (turn timeout)', '246 (turn timeout)', '251 (turn timeout)', '256 (turn timeout)', '261 (turn timeout)']}
[2026-05-22 11:18:05] GAME TIME LIMIT REACHED.
[2026-05-22 11:18:06] SCORE Gruppe 69 (lawn green): Final=1407.5, Time=96.0, Moves(37)=13.5, Pins(9)=900.0, Dist=398.0, Win Bonus=0.0
[2026-05-22 11:18:06] SCORE jat (gray0): Final=1325.3, Time=38.7, Moves(53)=90.6, Pins(8)=800.0, Dist=396.0, Win Bonus=0.0
[2026-05-22 11:18:06] SCORE group 99 (yellow): Final=1422.9, Time=36.3, Moves(53)=90.6, Pins(9)=900.0, Dist=396.0, Win Bonus=0.0
[2026-05-22 11:18:06] SCORE CybSec (purple): Final=2569.0, Time=78.4, Moves(53)=90.6, Pins(10)=1000.0, Dist=400.0, Win Bonus=1000.0
[2026-05-22 11:18:06] SCORE HelloWorld (red): Final=442.5, Time=94.5, Moves(8)=0.0, Pins(1)=100.0, Dist=248.0, Win Bonus=0.0
[2026-05-22 11:18:06] ALL WRONG MOVES BY COLOUR: {'red': ['45 (turn timeout)', '50 (turn timeout)', '55 (turn timeout)', '60 (turn timeout)', '65 (turn timeout)', '70 (turn timeout)', '75 (turn timeout)', '80 (turn timeout)', '85 (turn timeout)', '90 (turn timeout)', '95 (turn timeout)', '100 (turn timeout)', '105 (turn timeout)', '110 (turn timeout)', '115 (turn timeout)', '120 (turn timeout)', '125 (turn timeout)', '130 (turn timeout)', '135 (turn timeout)', '140 (turn timeout)', '145 (turn timeout)', '150 (turn timeout)', '155 (turn timeout)', '160 (turn timeout)', '165 (turn timeout)', '170 (turn timeout)', '175 (turn timeout)', '180 (turn timeout)', '185 (turn timeout)', '190 (turn timeout)', '195 (turn timeout)', '200 (turn timeout)', '205 (turn timeout)', '210 (turn timeout)', '215 (turn timeout)', '220 (turn timeout)', '225 (turn timeout)', '230 (turn timeout)', '235 (turn timeout)', '240 (turn timeout)', '245 (turn timeout)', '250 (turn timeout)', '255 (turn timeout)', '260 (turn timeout)'], 'lawn green': ['186 (turn timeout)', '191 (turn timeout)', '196 (turn timeout)', '201 (turn timeout)', '206 (turn timeout)', '211 (turn timeout)', '216 (turn timeout)', '221 (turn timeout)', '226 (turn timeout)', '231 (turn timeout)', '236 (turn timeout)', '241 (turn timeout)', '246 (turn timeout)', '251 (turn timeout)', '256 (turn timeout)', '261 (turn timeout)']}
[2026-05-22 11:18:06] GAME TIME LIMIT REACHED.
[2026-05-22 11:18:06] SCORE Gruppe 69 (lawn green): Final=1407.5, Time=96.0, Moves(37)=13.5, Pins(9)=900.0, Dist=398.0, Win Bonus=0.0
[2026-05-22 11:18:06] SCORE jat (gray0): Final=1325.3, Time=38.7, Moves(53)=90.6, Pins(8)=800.0, Dist=396.0, Win Bonus=0.0
[2026-05-22 11:18:06] SCORE group 99 (yellow): Final=1422.9, Time=36.3, Moves(53)=90.6, Pins(9)=900.0, Dist=396.0, Win Bonus=0.0
[2026-05-22 11:18:06] SCORE CybSec (purple): Final=2569.0, Time=78.4, Moves(53)=90.6, Pins(10)=1000.0, Dist=400.0, Win Bonus=1000.0
[2026-05-22 11:18:06] SCORE HelloWorld (red): Final=442.5, Time=94.5, Moves(8)=0.0, Pins(1)=100.0, Dist=248.0, Win Bonus=0.0
[2026-05-22 11:18:06] ALL WRONG MOVES BY COLOUR: {'red': ['45 (turn timeout)', '50 (turn timeout)', '55 (turn timeout)', '60 (turn timeout)', '65 (turn timeout)', '70 (turn timeout)', '75 (turn timeout)', '80 (turn timeout)', '85 (turn timeout)', '90 (turn timeout)', '95 (turn timeout)', '100 (turn timeout)', '105 (turn timeout)', '110 (turn timeout)', '115 (turn timeout)', '120 (turn timeout)', '125 (turn timeout)', '130 (turn timeout)', '135 (turn timeout)', '140 (turn timeout)', '145 (turn timeout)', '150 (turn timeout)', '155 (turn timeout)', '160 (turn timeout)', '165 (turn timeout)', '170 (turn timeout)', '175 (turn timeout)', '180 (turn timeout)', '185 (turn timeout)', '190 (turn timeout)', '195 (turn timeout)', '200 (turn timeout)', '205 (turn timeout)', '210 (turn timeout)', '215 (turn timeout)', '220 (turn timeout)', '225 (turn timeout)', '230 (turn timeout)', '235 (turn timeout)', '240 (turn timeout)', '245 (turn timeout)', '250 (turn timeout)', '255 (turn timeout)', '260 (turn timeout)'], 'lawn green': ['186 (turn timeout)', '191 (turn timeout)', '196 (turn timeout)', '201 (turn timeout)', '206 (turn timeout)', '211 (turn timeout)', '216 (turn timeout)', '221 (turn timeout)', '226 (turn timeout)', '231 (turn timeout)', '236 (turn timeout)', '241 (turn timeout)', '246 (turn timeout)', '251 (turn timeout)', '256 (turn timeout)', '261 (turn timeout)']}
[2026-05-22 11:18:06] GAME TIME LIMIT REACHED.
[2026-05-22 11:18:06] SCORE Gruppe 69 (lawn green): Final=1407.5, Time=96.0, Moves(37)=13.5, Pins(9)=900.0, Dist=398.0, Win Bonus=0.0
[2026-05-22 11:18:06] SCORE jat (gray0): Final=1325.3, Time=38.7, Moves(53)=90.6, Pins(8)=800.0, Dist=396.0, Win Bonus=0.0
[2026-05-22 11:18:06] SCORE group 99 (yellow): Final=1422.9, Time=36.3, Moves(53)=90.6, Pins(9)=900.0, Dist=396.0, Win Bonus=0.0
[2026-05-22 11:18:06] SCORE CybSec (purple): Final=2569.0, Time=78.4, Moves(53)=90.6, Pins(10)=1000.0, Dist=400.0, Win Bonus=1000.0
[2026-05-22 11:18:06] SCORE HelloWorld (red): Final=442.5, Time=94.5, Moves(8)=0.0, Pins(1)=100.0, Dist=248.0, Win Bonus=0.0
[2026-05-22 11:18:06] ALL WRONG MOVES BY COLOUR: {'red': ['45 (turn timeout)', '50 (turn timeout)', '55 (turn timeout)', '60 (turn timeout)', '65 (turn timeout)', '70 (turn timeout)', '75 (turn timeout)', '80 (turn timeout)', '85 (turn timeout)', '90 (turn timeout)', '95 (turn timeout)', '100 (turn timeout)', '105 (turn timeout)', '110 (turn timeout)', '115 (turn timeout)', '120 (turn timeout)', '125 (turn timeout)', '130 (turn timeout)', '135 (turn timeout)', '140 (turn timeout)', '145 (turn timeout)', '150 (turn timeout)', '155 (turn timeout)', '160 (turn timeout)', '165 (turn timeout)', '170 (turn timeout)', '175 (turn timeout)', '180 (turn timeout)', '185 (turn timeout)', '190 (turn timeout)', '195 (turn timeout)', '200 (turn timeout)', '205 (turn timeout)', '210 (turn timeout)', '215 (turn timeout)', '220 (turn timeout)', '225 (turn timeout)', '230 (turn timeout)', '235 (turn timeout)', '240 (turn timeout)', '245 (turn timeout)', '250 (turn timeout)', '255 (turn timeout)', '260 (turn timeout)'], 'lawn green': ['186 (turn timeout)', '191 (turn timeout)', '196 (turn timeout)', '201 (turn timeout)', '206 (turn timeout)', '211 (turn timeout)', '216 (turn timeout)', '221 (turn timeout)', '226 (turn timeout)', '231 (turn timeout)', '236 (turn timeout)', '241 (turn timeout)', '246 (turn timeout)', '251 (turn timeout)', '256 (turn timeout)', '261 (turn timeout)']}
[2026-05-22 11:18:06] GAME TIME LIMIT REACHED.
[2026-05-22 11:18:06] SCORE Gruppe 69 (lawn green): Final=1407.5, Time=96.0, Moves(37)=13.5, Pins(9)=900.0, Dist=398.0, Win Bonus=0.0
[2026-05-22 11:18:06] SCORE jat (gray0): Final=1325.3, Time=38.7, Moves(53)=90.6, Pins(8)=800.0, Dist=396.0, Win Bonus=0.0
[2026-05-22 11:18:07] SCORE group 99 (yellow): Final=1422.9, Time=36.3, Moves(53)=90.6, Pins(9)=900.0, Dist=396.0, Win Bonus=0.0
[2026-05-22 11:18:07] SCORE CybSec (purple): Final=2569.0, Time=78.4, Moves(53)=90.6, Pins(10)=1000.0, Dist=400.0, Win Bonus=1000.0
[2026-05-22 11:18:07] SCORE HelloWorld (red): Final=442.5, Time=94.5, Moves(8)=0.0, Pins(1)=100.0, Dist=248.0, Win Bonus=0.0
[2026-05-22 11:18:07] ALL WRONG MOVES BY COLOUR: {'red': ['45 (turn timeout)', '50 (turn timeout)', '55 (turn timeout)', '60 (turn timeout)', '65 (turn timeout)', '70 (turn timeout)', '75 (turn timeout)', '80 (turn timeout)', '85 (turn timeout)', '90 (turn timeout)', '95 (turn timeout)', '100 (turn timeout)', '105 (turn timeout)', '110 (turn timeout)', '115 (turn timeout)', '120 (turn timeout)', '125 (turn timeout)', '130 (turn timeout)', '135 (turn timeout)', '140 (turn timeout)', '145 (turn timeout)', '150 (turn timeout)', '155 (turn timeout)', '160 (turn timeout)', '165 (turn timeout)', '170 (turn timeout)', '175 (turn timeout)', '180 (turn timeout)', '185 (turn timeout)', '190 (turn timeout)', '195 (turn timeout)', '200 (turn timeout)', '205 (turn timeout)', '210 (turn timeout)', '215 (turn timeout)', '220 (turn timeout)', '225 (turn timeout)', '230 (turn timeout)', '235 (turn timeout)', '240 (turn timeout)', '245 (turn timeout)', '250 (turn timeout)', '255 (turn timeout)', '260 (turn timeout)'], 'lawn green': ['186 (turn timeout)', '191 (turn timeout)', '196 (turn timeout)', '201 (turn timeout)', '206 (turn timeout)', '211 (turn timeout)', '216 (turn timeout)', '221 (turn timeout)', '226 (turn timeout)', '231 (turn timeout)', '236 (turn timeout)', '241 (turn timeout)', '246 (turn timeout)', '251 (turn timeout)', '256 (turn timeout)', '261 (turn timeout)']}
[2026-05-22 11:18:07] GAME TIME LIMIT REACHED.
[2026-05-22 11:18:07] SCORE Gruppe 69 (lawn green): Final=1407.5, Time=96.0, Moves(37)=13.5, Pins(9)=900.0, Dist=398.0, Win Bonus=0.0
[2026-05-22 11:18:07] SCORE jat (gray0): Final=1325.3, Time=38.7, Moves(53)=90.6, Pins(8)=800.0, Dist=396.0, Win Bonus=0.0
[2026-05-22 11:18:07] SCORE group 99 (yellow): Final=1422.9, Time=36.3, Moves(53)=90.6, Pins(9)=900.0, Dist=396.0, Win Bonus=0.0
[2026-05-22 11:18:07] SCORE CybSec (purple): Final=2569.0, Time=78.4, Moves(53)=90.6, Pins(10)=1000.0, Dist=400.0, Win Bonus=1000.0
[2026-05-22 11:18:07] SCORE HelloWorld (red): Final=442.5, Time=94.5, Moves(8)=0.0, Pins(1)=100.0, Dist=248.0, Win Bonus=0.0
[2026-05-22 11:18:07] ALL WRONG MOVES BY COLOUR: {'red': ['45 (turn timeout)', '50 (turn timeout)', '55 (turn timeout)', '60 (turn timeout)', '65 (turn timeout)', '70 (turn timeout)', '75 (turn timeout)', '80 (turn timeout)', '85 (turn timeout)', '90 (turn timeout)', '95 (turn timeout)', '100 (turn timeout)', '105 (turn timeout)', '110 (turn timeout)', '115 (turn timeout)', '120 (turn timeout)', '125 (turn timeout)', '130 (turn timeout)', '135 (turn timeout)', '140 (turn timeout)', '145 (turn timeout)', '150 (turn timeout)', '155 (turn timeout)', '160 (turn timeout)', '165 (turn timeout)', '170 (turn timeout)', '175 (turn timeout)', '180 (turn timeout)', '185 (turn timeout)', '190 (turn timeout)', '195 (turn timeout)', '200 (turn timeout)', '205 (turn timeout)', '210 (turn timeout)', '215 (turn timeout)', '220 (turn timeout)', '225 (turn timeout)', '230 (turn timeout)', '235 (turn timeout)', '240 (turn timeout)', '245 (turn timeout)', '250 (turn timeout)', '255 (turn timeout)', '260 (turn timeout)'], 'lawn green': ['186 (turn timeout)', '191 (turn timeout)', '196 (turn timeout)', '201 (turn timeout)', '206 (turn timeout)', '211 (turn timeout)', '216 (turn timeout)', '221 (turn timeout)', '226 (turn timeout)', '231 (turn timeout)', '236 (turn timeout)', '241 (turn timeout)', '246 (turn timeout)', '251 (turn timeout)', '256 (turn timeout)', '261 (turn timeout)']}
[2026-05-22 11:18:07] GAME TIME LIMIT REACHED.
[2026-05-22 11:18:07] SCORE Gruppe 69 (lawn green): Final=1407.5, Time=96.0, Moves(37)=13.5, Pins(9)=900.0, Dist=398.0, Win Bonus=0.0
[2026-05-22 11:18:07] SCORE jat (gray0): Final=1325.3, Time=38.7, Moves(53)=90.6, Pins(8)=800.0, Dist=396.0, Win Bonus=0.0
[2026-05-22 11:18:07] SCORE group 99 (yellow): Final=1422.9, Time=36.3, Moves(53)=90.6, Pins(9)=900.0, Dist=396.0, Win Bonus=0.0
[2026-05-22 11:18:07] SCORE CybSec (purple): Final=2569.0, Time=78.4, Moves(53)=90.6, Pins(10)=1000.0, Dist=400.0, Win Bonus=1000.0
[2026-05-22 11:18:07] SCORE HelloWorld (red): Final=442.5, Time=94.5, Moves(8)=0.0, Pins(1)=100.0, Dist=248.0, Win Bonus=0.0
[2026-05-22 11:18:07] ALL WRONG MOVES BY COLOUR: {'red': ['45 (turn timeout)', '50 (turn timeout)', '55 (turn timeout)', '60 (turn timeout)', '65 (turn timeout)', '70 (turn timeout)', '75 (turn timeout)', '80 (turn timeout)', '85 (turn timeout)', '90 (turn timeout)', '95 (turn timeout)', '100 (turn timeout)', '105 (turn timeout)', '110 (turn timeout)', '115 (turn timeout)', '120 (turn timeout)', '125 (turn timeout)', '130 (turn timeout)', '135 (turn timeout)', '140 (turn timeout)', '145 (turn timeout)', '150 (turn timeout)', '155 (turn timeout)', '160 (turn timeout)', '165 (turn timeout)', '170 (turn timeout)', '175 (turn timeout)', '180 (turn timeout)', '185 (turn timeout)', '190 (turn timeout)', '195 (turn timeout)', '200 (turn timeout)', '205 (turn timeout)', '210 (turn timeout)', '215 (turn timeout)', '220 (turn timeout)', '225 (turn timeout)', '230 (turn timeout)', '235 (turn timeout)', '240 (turn timeout)', '245 (turn timeout)', '250 (turn timeout)', '255 (turn timeout)', '260 (turn timeout)'], 'lawn green': ['186 (turn timeout)', '191 (turn timeout)', '196 (turn timeout)', '201 (turn timeout)', '206 (turn timeout)', '211 (turn timeout)', '216 (turn timeout)', '221 (turn timeout)', '226 (turn timeout)', '231 (turn timeout)', '236 (turn timeout)', '241 (turn timeout)', '246 (turn timeout)', '251 (turn timeout)', '256 (turn timeout)', '261 (turn timeout)']}
[2026-05-22 11:18:07] GAME TIME LIMIT REACHED.
[2026-05-22 11:18:07] SCORE Gruppe 69 (lawn green): Final=1407.5, Time=96.0, Moves(37)=13.5, Pins(9)=900.0, Dist=398.0, Win Bonus=0.0
[2026-05-22 11:18:07] SCORE jat (gray0): Final=1325.3, Time=38.7, Moves(53)=90.6, Pins(8)=800.0, Dist=396.0, Win Bonus=0.0
[2026-05-22 11:18:07] SCORE group 99 (yellow): Final=1422.9, Time=36.3, Moves(53)=90.6, Pins(9)=900.0, Dist=396.0, Win Bonus=0.0
[2026-05-22 11:18:07] SCORE CybSec (purple): Final=2569.0, Time=78.4, Moves(53)=90.6, Pins(10)=1000.0, Dist=400.0, Win Bonus=1000.0
[2026-05-22 11:18:07] SCORE HelloWorld (red): Final=442.5, Time=94.5, Moves(8)=0.0, Pins(1)=100.0, Dist=248.0, Win Bonus=0.0
[2026-05-22 11:18:07] ALL WRONG MOVES BY COLOUR: {'red': ['45 (turn timeout)', '50 (turn timeout)', '55 (turn timeout)', '60 (turn timeout)', '65 (turn timeout)', '70 (turn timeout)', '75 (turn timeout)', '80 (turn timeout)', '85 (turn timeout)', '90 (turn timeout)', '95 (turn timeout)', '100 (turn timeout)', '105 (turn timeout)', '110 (turn timeout)', '115 (turn timeout)', '120 (turn timeout)', '125 (turn timeout)', '130 (turn timeout)', '135 (turn timeout)', '140 (turn timeout)', '145 (turn timeout)', '150 (turn timeout)', '155 (turn timeout)', '160 (turn timeout)', '165 (turn timeout)', '170 (turn timeout)', '175 (turn timeout)', '180 (turn timeout)', '185 (turn timeout)', '190 (turn timeout)', '195 (turn timeout)', '200 (turn timeout)', '205 (turn timeout)', '210 (turn timeout)', '215 (turn timeout)', '220 (turn timeout)', '225 (turn timeout)', '230 (turn timeout)', '235 (turn timeout)', '240 (turn timeout)', '245 (turn timeout)', '250 (turn timeout)', '255 (turn timeout)', '260 (turn timeout)'], 'lawn green': ['186 (turn timeout)', '191 (turn timeout)', '196 (turn timeout)', '201 (turn timeout)', '206 (turn timeout)', '211 (turn timeout)', '216 (turn timeout)', '221 (turn timeout)', '226 (turn timeout)', '231 (turn timeout)', '236 (turn timeout)', '241 (turn timeout)', '246 (turn timeout)', '251 (turn timeout)', '256 (turn timeout)', '261 (turn timeout)']}
[2026-05-22 11:18:07] GAME TIME LIMIT REACHED.
[2026-05-22 11:18:08] SCORE Gruppe 69 (lawn green): Final=1407.5, Time=96.0, Moves(37)=13.5, Pins(9)=900.0, Dist=398.0, Win Bonus=0.0
[2026-05-22 11:18:08] SCORE jat (gray0): Final=1325.3, Time=38.7, Moves(53)=90.6, Pins(8)=800.0, Dist=396.0, Win Bonus=0.0
[2026-05-22 11:18:08] SCORE group 99 (yellow): Final=1422.9, Time=36.3, Moves(53)=90.6, Pins(9)=900.0, Dist=396.0, Win Bonus=0.0
[2026-05-22 11:18:08] SCORE CybSec (purple): Final=2569.0, Time=78.4, Moves(53)=90.6, Pins(10)=1000.0, Dist=400.0, Win Bonus=1000.0
[2026-05-22 11:18:08] SCORE HelloWorld (red): Final=442.5, Time=94.5, Moves(8)=0.0, Pins(1)=100.0, Dist=248.0, Win Bonus=0.0
[2026-05-22 11:18:08] ALL WRONG MOVES BY COLOUR: {'red': ['45 (turn timeout)', '50 (turn timeout)', '55 (turn timeout)', '60 (turn timeout)', '65 (turn timeout)', '70 (turn timeout)', '75 (turn timeout)', '80 (turn timeout)', '85 (turn timeout)', '90 (turn timeout)', '95 (turn timeout)', '100 (turn timeout)', '105 (turn timeout)', '110 (turn timeout)', '115 (turn timeout)', '120 (turn timeout)', '125 (turn timeout)', '130 (turn timeout)', '135 (turn timeout)', '140 (turn timeout)', '145 (turn timeout)', '150 (turn timeout)', '155 (turn timeout)', '160 (turn timeout)', '165 (turn timeout)', '170 (turn timeout)', '175 (turn timeout)', '180 (turn timeout)', '185 (turn timeout)', '190 (turn timeout)', '195 (turn timeout)', '200 (turn timeout)', '205 (turn timeout)', '210 (turn timeout)', '215 (turn timeout)', '220 (turn timeout)', '225 (turn timeout)', '230 (turn timeout)', '235 (turn timeout)', '240 (turn timeout)', '245 (turn timeout)', '250 (turn timeout)', '255 (turn timeout)', '260 (turn timeout)'], 'lawn green': ['186 (turn timeout)', '191 (turn timeout)', '196 (turn timeout)', '201 (turn timeout)', '206 (turn timeout)', '211 (turn timeout)', '216 (turn timeout)', '221 (turn timeout)', '226 (turn timeout)', '231 (turn timeout)', '236 (turn timeout)', '241 (turn timeout)', '246 (turn timeout)', '251 (turn timeout)', '256 (turn timeout)', '261 (turn timeout)']}
[2026-05-22 11:18:08] GAME TIME LIMIT REACHED.
[2026-05-22 11:18:08] SCORE Gruppe 69 (lawn green): Final=1407.5, Time=96.0, Moves(37)=13.5, Pins(9)=900.0, Dist=398.0, Win Bonus=0.0
[2026-05-22 11:18:08] SCORE jat (gray0): Final=1325.3, Time=38.7, Moves(53)=90.6, Pins(8)=800.0, Dist=396.0, Win Bonus=0.0
[2026-05-22 11:18:08] SCORE group 99 (yellow): Final=1422.9, Time=36.3, Moves(53)=90.6, Pins(9)=900.0, Dist=396.0, Win Bonus=0.0
[2026-05-22 11:18:08] SCORE CybSec (purple): Final=2569.0, Time=78.4, Moves(53)=90.6, Pins(10)=1000.0, Dist=400.0, Win Bonus=1000.0
[2026-05-22 11:18:08] SCORE HelloWorld (red): Final=442.5, Time=94.5, Moves(8)=0.0, Pins(1)=100.0, Dist=248.0, Win Bonus=0.0
[2026-05-22 11:18:08] ALL WRONG MOVES BY COLOUR: {'red': ['45 (turn timeout)', '50 (turn timeout)', '55 (turn timeout)', '60 (turn timeout)', '65 (turn timeout)', '70 (turn timeout)', '75 (turn timeout)', '80 (turn timeout)', '85 (turn timeout)', '90 (turn timeout)', '95 (turn timeout)', '100 (turn timeout)', '105 (turn timeout)', '110 (turn timeout)', '115 (turn timeout)', '120 (turn timeout)', '125 (turn timeout)', '130 (turn timeout)', '135 (turn timeout)', '140 (turn timeout)', '145 (turn timeout)', '150 (turn timeout)', '155 (turn timeout)', '160 (turn timeout)', '165 (turn timeout)', '170 (turn timeout)', '175 (turn timeout)', '180 (turn timeout)', '185 (turn timeout)', '190 (turn timeout)', '195 (turn timeout)', '200 (turn timeout)', '205 (turn timeout)', '210 (turn timeout)', '215 (turn timeout)', '220 (turn timeout)', '225 (turn timeout)', '230 (turn timeout)', '235 (turn timeout)', '240 (turn timeout)', '245 (turn timeout)', '250 (turn timeout)', '255 (turn timeout)', '260 (turn timeout)'], 'lawn green': ['186 (turn timeout)', '191 (turn timeout)', '196 (turn timeout)', '201 (turn timeout)', '206 (turn timeout)', '211 (turn timeout)', '216 (turn timeout)', '221 (turn timeout)', '226 (turn timeout)', '231 (turn timeout)', '236 (turn timeout)', '241 (turn timeout)', '246 (turn timeout)', '251 (turn timeout)', '256 (turn timeout)', '261 (turn timeout)']}
[2026-05-22 11:18:08] GAME TIME LIMIT REACHED.
[2026-05-22 11:18:08] SCORE Gruppe 69 (lawn green): Final=1407.5, Time=96.0, Moves(37)=13.5, Pins(9)=900.0, Dist=398.0, Win Bonus=0.0
[2026-05-22 11:18:08] SCORE jat (gray0): Final=1325.3, Time=38.7, Moves(53)=90.6, Pins(8)=800.0, Dist=396.0, Win Bonus=0.0
[2026-05-22 11:18:08] SCORE group 99 (yellow): Final=1422.9, Time=36.3, Moves(53)=90.6, Pins(9)=900.0, Dist=396.0, Win Bonus=0.0
[2026-05-22 11:18:08] SCORE CybSec (purple): Final=2569.0, Time=78.4, Moves(53)=90.6, Pins(10)=1000.0, Dist=400.0, Win Bonus=1000.0
[2026-05-22 11:18:08] SCORE HelloWorld (red): Final=442.5, Time=94.5, Moves(8)=0.0, Pins(1)=100.0, Dist=248.0, Win Bonus=0.0
[2026-05-22 11:18:08] ALL WRONG MOVES BY COLOUR: {'red': ['45 (turn timeout)', '50 (turn timeout)', '55 (turn timeout)', '60 (turn timeout)', '65 (turn timeout)', '70 (turn timeout)', '75 (turn timeout)', '80 (turn timeout)', '85 (turn timeout)', '90 (turn timeout)', '95 (turn timeout)', '100 (turn timeout)', '105 (turn timeout)', '110 (turn timeout)', '115 (turn timeout)', '120 (turn timeout)', '125 (turn timeout)', '130 (turn timeout)', '135 (turn timeout)', '140 (turn timeout)', '145 (turn timeout)', '150 (turn timeout)', '155 (turn timeout)', '160 (turn timeout)', '165 (turn timeout)', '170 (turn timeout)', '175 (turn timeout)', '180 (turn timeout)', '185 (turn timeout)', '190 (turn timeout)', '195 (turn timeout)', '200 (turn timeout)', '205 (turn timeout)', '210 (turn timeout)', '215 (turn timeout)', '220 (turn timeout)', '225 (turn timeout)', '230 (turn timeout)', '235 (turn timeout)', '240 (turn timeout)', '245 (turn timeout)', '250 (turn timeout)', '255 (turn timeout)', '260 (turn timeout)'], 'lawn green': ['186 (turn timeout)', '191 (turn timeout)', '196 (turn timeout)', '201 (turn timeout)', '206 (turn timeout)', '211 (turn timeout)', '216 (turn timeout)', '221 (turn timeout)', '226 (turn timeout)', '231 (turn timeout)', '236 (turn timeout)', '241 (turn timeout)', '246 (turn timeout)', '251 (turn timeout)', '256 (turn timeout)', '261 (turn timeout)']}
[2026-05-22 11:18:08] GAME TIME LIMIT REACHED.
[2026-05-22 11:18:08] SCORE Gruppe 69 (lawn green): Final=1407.5, Time=96.0, Moves(37)=13.5, Pins(9)=900.0, Dist=398.0, Win Bonus=0.0
[2026-05-22 11:18:08] SCORE jat (gray0): Final=1325.3, Time=38.7, Moves(53)=90.6, Pins(8)=800.0, Dist=396.0, Win Bonus=0.0
[2026-05-22 11:18:08] SCORE group 99 (yellow): Final=1422.9, Time=36.3, Moves(53)=90.6, Pins(9)=900.0, Dist=396.0, Win Bonus=0.0
[2026-05-22 11:18:08] SCORE CybSec (purple): Final=2569.0, Time=78.4, Moves(53)=90.6, Pins(10)=1000.0, Dist=400.0, Win Bonus=1000.0
[2026-05-22 11:18:08] SCORE HelloWorld (red): Final=442.5, Time=94.5, Moves(8)=0.0, Pins(1)=100.0, Dist=248.0, Win Bonus=0.0
[2026-05-22 11:18:08] ALL WRONG MOVES BY COLOUR: {'red': ['45 (turn timeout)', '50 (turn timeout)', '55 (turn timeout)', '60 (turn timeout)', '65 (turn timeout)', '70 (turn timeout)', '75 (turn timeout)', '80 (turn timeout)', '85 (turn timeout)', '90 (turn timeout)', '95 (turn timeout)', '100 (turn timeout)', '105 (turn timeout)', '110 (turn timeout)', '115 (turn timeout)', '120 (turn timeout)', '125 (turn timeout)', '130 (turn timeout)', '135 (turn timeout)', '140 (turn timeout)', '145 (turn timeout)', '150 (turn timeout)', '155 (turn timeout)', '160 (turn timeout)', '165 (turn timeout)', '170 (turn timeout)', '175 (turn timeout)', '180 (turn timeout)', '185 (turn timeout)', '190 (turn timeout)', '195 (turn timeout)', '200 (turn timeout)', '205 (turn timeout)', '210 (turn timeout)', '215 (turn timeout)', '220 (turn timeout)', '225 (turn timeout)', '230 (turn timeout)', '235 (turn timeout)', '240 (turn timeout)', '245 (turn timeout)', '250 (turn timeout)', '255 (turn timeout)', '260 (turn timeout)'], 'lawn green': ['186 (turn timeout)', '191 (turn timeout)', '196 (turn timeout)', '201 (turn timeout)', '206 (turn timeout)', '211 (turn timeout)', '216 (turn timeout)', '221 (turn timeout)', '226 (turn timeout)', '231 (turn timeout)', '236 (turn timeout)', '241 (turn timeout)', '246 (turn timeout)', '251 (turn timeout)', '256 (turn timeout)', '261 (turn timeout)']}
[2026-05-22 11:18:08] GAME TIME LIMIT REACHED.
[2026-05-22 11:18:09] SCORE Gruppe 69 (lawn green): Final=1407.5, Time=96.0, Moves(37)=13.5, Pins(9)=900.0, Dist=398.0, Win Bonus=0.0
[2026-05-22 11:18:09] SCORE jat (gray0): Final=1325.3, Time=38.7, Moves(53)=90.6, Pins(8)=800.0, Dist=396.0, Win Bonus=0.0
[2026-05-22 11:18:09] SCORE group 99 (yellow): Final=1422.9, Time=36.3, Moves(53)=90.6, Pins(9)=900.0, Dist=396.0, Win Bonus=0.0
[2026-05-22 11:18:09] SCORE CybSec (purple): Final=2569.0, Time=78.4, Moves(53)=90.6, Pins(10)=1000.0, Dist=400.0, Win Bonus=1000.0
[2026-05-22 11:18:09] SCORE HelloWorld (red): Final=442.5, Time=94.5, Moves(8)=0.0, Pins(1)=100.0, Dist=248.0, Win Bonus=0.0
[2026-05-22 11:18:09] ALL WRONG MOVES BY COLOUR: {'red': ['45 (turn timeout)', '50 (turn timeout)', '55 (turn timeout)', '60 (turn timeout)', '65 (turn timeout)', '70 (turn timeout)', '75 (turn timeout)', '80 (turn timeout)', '85 (turn timeout)', '90 (turn timeout)', '95 (turn timeout)', '100 (turn timeout)', '105 (turn timeout)', '110 (turn timeout)', '115 (turn timeout)', '120 (turn timeout)', '125 (turn timeout)', '130 (turn timeout)', '135 (turn timeout)', '140 (turn timeout)', '145 (turn timeout)', '150 (turn timeout)', '155 (turn timeout)', '160 (turn timeout)', '165 (turn timeout)', '170 (turn timeout)', '175 (turn timeout)', '180 (turn timeout)', '185 (turn timeout)', '190 (turn timeout)', '195 (turn timeout)', '200 (turn timeout)', '205 (turn timeout)', '210 (turn timeout)', '215 (turn timeout)', '220 (turn timeout)', '225 (turn timeout)', '230 (turn timeout)', '235 (turn timeout)', '240 (turn timeout)', '245 (turn timeout)', '250 (turn timeout)', '255 (turn timeout)', '260 (turn timeout)'], 'lawn green': ['186 (turn timeout)', '191 (turn timeout)', '196 (turn timeout)', '201 (turn timeout)', '206 (turn timeout)', '211 (turn timeout)', '216 (turn timeout)', '221 (turn timeout)', '226 (turn timeout)', '231 (turn timeout)', '236 (turn timeout)', '241 (turn timeout)', '246 (turn timeout)', '251 (turn timeout)', '256 (turn timeout)', '261 (turn timeout)']}
[2026-05-22 11:18:09] GAME TIME LIMIT REACHED.
[2026-05-22 11:18:09] SCORE Gruppe 69 (lawn green): Final=1407.5, Time=96.0, Moves(37)=13.5, Pins(9)=900.0, Dist=398.0, Win Bonus=0.0
[2026-05-22 11:18:09] SCORE jat (gray0): Final=1325.3, Time=38.7, Moves(53)=90.6, Pins(8)=800.0, Dist=396.0, Win Bonus=0.0
[2026-05-22 11:18:09] SCORE group 99 (yellow): Final=1422.9, Time=36.3, Moves(53)=90.6, Pins(9)=900.0, Dist=396.0, Win Bonus=0.0
[2026-05-22 11:18:09] SCORE CybSec (purple): Final=2569.0, Time=78.4, Moves(53)=90.6, Pins(10)=1000.0, Dist=400.0, Win Bonus=1000.0
[2026-05-22 11:18:09] SCORE HelloWorld (red): Final=442.5, Time=94.5, Moves(8)=0.0, Pins(1)=100.0, Dist=248.0, Win Bonus=0.0
[2026-05-22 11:18:09] ALL WRONG MOVES BY COLOUR: {'red': ['45 (turn timeout)', '50 (turn timeout)', '55 (turn timeout)', '60 (turn timeout)', '65 (turn timeout)', '70 (turn timeout)', '75 (turn timeout)', '80 (turn timeout)', '85 (turn timeout)', '90 (turn timeout)', '95 (turn timeout)', '100 (turn timeout)', '105 (turn timeout)', '110 (turn timeout)', '115 (turn timeout)', '120 (turn timeout)', '125 (turn timeout)', '130 (turn timeout)', '135 (turn timeout)', '140 (turn timeout)', '145 (turn timeout)', '150 (turn timeout)', '155 (turn timeout)', '160 (turn timeout)', '165 (turn timeout)', '170 (turn timeout)', '175 (turn timeout)', '180 (turn timeout)', '185 (turn timeout)', '190 (turn timeout)', '195 (turn timeout)', '200 (turn timeout)', '205 (turn timeout)', '210 (turn timeout)', '215 (turn timeout)', '220 (turn timeout)', '225 (turn timeout)', '230 (turn timeout)', '235 (turn timeout)', '240 (turn timeout)', '245 (turn timeout)', '250 (turn timeout)', '255 (turn timeout)', '260 (turn timeout)'], 'lawn green': ['186 (turn timeout)', '191 (turn timeout)', '196 (turn timeout)', '201 (turn timeout)', '206 (turn timeout)', '211 (turn timeout)', '216 (turn timeout)', '221 (turn timeout)', '226 (turn timeout)', '231 (turn timeout)', '236 (turn timeout)', '241 (turn timeout)', '246 (turn timeout)', '251 (turn timeout)', '256 (turn timeout)', '261 (turn timeout)']}
[2026-05-22 11:18:09] GAME TIME LIMIT REACHED.
[2026-05-22 11:18:09] SCORE Gruppe 69 (lawn green): Final=1407.5, Time=96.0, Moves(37)=13.5, Pins(9)=900.0, Dist=398.0, Win Bonus=0.0
[2026-05-22 11:18:09] SCORE jat (gray0): Final=1325.3, Time=38.7, Moves(53)=90.6, Pins(8)=800.0, Dist=396.0, Win Bonus=0.0
[2026-05-22 11:18:09] SCORE group 99 (yellow): Final=1422.9, Time=36.3, Moves(53)=90.6, Pins(9)=900.0, Dist=396.0, Win Bonus=0.0
[2026-05-22 11:18:09] SCORE CybSec (purple): Final=2569.0, Time=78.4, Moves(53)=90.6, Pins(10)=1000.0, Dist=400.0, Win Bonus=1000.0
[2026-05-22 11:18:09] SCORE HelloWorld (red): Final=442.5, Time=94.5, Moves(8)=0.0, Pins(1)=100.0, Dist=248.0, Win Bonus=0.0
[2026-05-22 11:18:09] ALL WRONG MOVES BY COLOUR: {'red': ['45 (turn timeout)', '50 (turn timeout)', '55 (turn timeout)', '60 (turn timeout)', '65 (turn timeout)', '70 (turn timeout)', '75 (turn timeout)', '80 (turn timeout)', '85 (turn timeout)', '90 (turn timeout)', '95 (turn timeout)', '100 (turn timeout)', '105 (turn timeout)', '110 (turn timeout)', '115 (turn timeout)', '120 (turn timeout)', '125 (turn timeout)', '130 (turn timeout)', '135 (turn timeout)', '140 (turn timeout)', '145 (turn timeout)', '150 (turn timeout)', '155 (turn timeout)', '160 (turn timeout)', '165 (turn timeout)', '170 (turn timeout)', '175 (turn timeout)', '180 (turn timeout)', '185 (turn timeout)', '190 (turn timeout)', '195 (turn timeout)', '200 (turn timeout)', '205 (turn timeout)', '210 (turn timeout)', '215 (turn timeout)', '220 (turn timeout)', '225 (turn timeout)', '230 (turn timeout)', '235 (turn timeout)', '240 (turn timeout)', '245 (turn timeout)', '250 (turn timeout)', '255 (turn timeout)', '260 (turn timeout)'], 'lawn green': ['186 (turn timeout)', '191 (turn timeout)', '196 (turn timeout)', '201 (turn timeout)', '206 (turn timeout)', '211 (turn timeout)', '216 (turn timeout)', '221 (turn timeout)', '226 (turn timeout)', '231 (turn timeout)', '236 (turn timeout)', '241 (turn timeout)', '246 (turn timeout)', '251 (turn timeout)', '256 (turn timeout)', '261 (turn timeout)']}
[2026-05-22 11:18:09] GAME TIME LIMIT REACHED.
[2026-05-22 11:18:09] SCORE Gruppe 69 (lawn green): Final=1407.5, Time=96.0, Moves(37)=13.5, Pins(9)=900.0, Dist=398.0, Win Bonus=0.0
[2026-05-22 11:18:09] SCORE jat (gray0): Final=1325.3, Time=38.7, Moves(53)=90.6, Pins(8)=800.0, Dist=396.0, Win Bonus=0.0
[2026-05-22 11:18:09] SCORE group 99 (yellow): Final=1422.9, Time=36.3, Moves(53)=90.6, Pins(9)=900.0, Dist=396.0, Win Bonus=0.0
[2026-05-22 11:18:09] SCORE CybSec (purple): Final=2569.0, Time=78.4, Moves(53)=90.6, Pins(10)=1000.0, Dist=400.0, Win Bonus=1000.0
[2026-05-22 11:18:09] SCORE HelloWorld (red): Final=442.5, Time=94.5, Moves(8)=0.0, Pins(1)=100.0, Dist=248.0, Win Bonus=0.0
[2026-05-22 11:18:09] ALL WRONG MOVES BY COLOUR: {'red': ['45 (turn timeout)', '50 (turn timeout)', '55 (turn timeout)', '60 (turn timeout)', '65 (turn timeout)', '70 (turn timeout)', '75 (turn timeout)', '80 (turn timeout)', '85 (turn timeout)', '90 (turn timeout)', '95 (turn timeout)', '100 (turn timeout)', '105 (turn timeout)', '110 (turn timeout)', '115 (turn timeout)', '120 (turn timeout)', '125 (turn timeout)', '130 (turn timeout)', '135 (turn timeout)', '140 (turn timeout)', '145 (turn timeout)', '150 (turn timeout)', '155 (turn timeout)', '160 (turn timeout)', '165 (turn timeout)', '170 (turn timeout)', '175 (turn timeout)', '180 (turn timeout)', '185 (turn timeout)', '190 (turn timeout)', '195 (turn timeout)', '200 (turn timeout)', '205 (turn timeout)', '210 (turn timeout)', '215 (turn timeout)', '220 (turn timeout)', '225 (turn timeout)', '230 (turn timeout)', '235 (turn timeout)', '240 (turn timeout)', '245 (turn timeout)', '250 (turn timeout)', '255 (turn timeout)', '260 (turn timeout)'], 'lawn green': ['186 (turn timeout)', '191 (turn timeout)', '196 (turn timeout)', '201 (turn timeout)', '206 (turn timeout)', '211 (turn timeout)', '216 (turn timeout)', '221 (turn timeout)', '226 (turn timeout)', '231 (turn timeout)', '236 (turn timeout)', '241 (turn timeout)', '246 (turn timeout)', '251 (turn timeout)', '256 (turn timeout)', '261 (turn timeout)']}
[2026-05-22 11:18:09] GAME TIME LIMIT REACHED.
[2026-05-22 11:18:10] SCORE Gruppe 69 (lawn green): Final=1407.5, Time=96.0, Moves(37)=13.5, Pins(9)=900.0, Dist=398.0, Win Bonus=0.0
[2026-05-22 11:18:10] SCORE jat (gray0): Final=1325.3, Time=38.7, Moves(53)=90.6, Pins(8)=800.0, Dist=396.0, Win Bonus=0.0
[2026-05-22 11:18:10] SCORE group 99 (yellow): Final=1422.9, Time=36.3, Moves(53)=90.6, Pins(9)=900.0, Dist=396.0, Win Bonus=0.0
[2026-05-22 11:18:10] SCORE CybSec (purple): Final=2569.0, Time=78.4, Moves(53)=90.6, Pins(10)=1000.0, Dist=400.0, Win Bonus=1000.0
[2026-05-22 11:18:10] SCORE HelloWorld (red): Final=442.5, Time=94.5, Moves(8)=0.0, Pins(1)=100.0, Dist=248.0, Win Bonus=0.0
[2026-05-22 11:18:10] ALL WRONG MOVES BY COLOUR: {'red': ['45 (turn timeout)', '50 (turn timeout)', '55 (turn timeout)', '60 (turn timeout)', '65 (turn timeout)', '70 (turn timeout)', '75 (turn timeout)', '80 (turn timeout)', '85 (turn timeout)', '90 (turn timeout)', '95 (turn timeout)', '100 (turn timeout)', '105 (turn timeout)', '110 (turn timeout)', '115 (turn timeout)', '120 (turn timeout)', '125 (turn timeout)', '130 (turn timeout)', '135 (turn timeout)', '140 (turn timeout)', '145 (turn timeout)', '150 (turn timeout)', '155 (turn timeout)', '160 (turn timeout)', '165 (turn timeout)', '170 (turn timeout)', '175 (turn timeout)', '180 (turn timeout)', '185 (turn timeout)', '190 (turn timeout)', '195 (turn timeout)', '200 (turn timeout)', '205 (turn timeout)', '210 (turn timeout)', '215 (turn timeout)', '220 (turn timeout)', '225 (turn timeout)', '230 (turn timeout)', '235 (turn timeout)', '240 (turn timeout)', '245 (turn timeout)', '250 (turn timeout)', '255 (turn timeout)', '260 (turn timeout)'], 'lawn green': ['186 (turn timeout)', '191 (turn timeout)', '196 (turn timeout)', '201 (turn timeout)', '206 (turn timeout)', '211 (turn timeout)', '216 (turn timeout)', '221 (turn timeout)', '226 (turn timeout)', '231 (turn timeout)', '236 (turn timeout)', '241 (turn timeout)', '246 (turn timeout)', '251 (turn timeout)', '256 (turn timeout)', '261 (turn timeout)']}
[2026-05-22 11:18:10] GAME TIME LIMIT REACHED.
[2026-05-22 11:18:10] SCORE Gruppe 69 (lawn green): Final=1407.5, Time=96.0, Moves(37)=13.5, Pins(9)=900.0, Dist=398.0, Win Bonus=0.0
[2026-05-22 11:18:10] SCORE jat (gray0): Final=1325.3, Time=38.7, Moves(53)=90.6, Pins(8)=800.0, Dist=396.0, Win Bonus=0.0
[2026-05-22 11:18:10] SCORE group 99 (yellow): Final=1422.9, Time=36.3, Moves(53)=90.6, Pins(9)=900.0, Dist=396.0, Win Bonus=0.0
[2026-05-22 11:18:10] SCORE CybSec (purple): Final=2569.0, Time=78.4, Moves(53)=90.6, Pins(10)=1000.0, Dist=400.0, Win Bonus=1000.0
[2026-05-22 11:18:10] SCORE HelloWorld (red): Final=442.5, Time=94.5, Moves(8)=0.0, Pins(1)=100.0, Dist=248.0, Win Bonus=0.0
[2026-05-22 11:18:10] ALL WRONG MOVES BY COLOUR: {'red': ['45 (turn timeout)', '50 (turn timeout)', '55 (turn timeout)', '60 (turn timeout)', '65 (turn timeout)', '70 (turn timeout)', '75 (turn timeout)', '80 (turn timeout)', '85 (turn timeout)', '90 (turn timeout)', '95 (turn timeout)', '100 (turn timeout)', '105 (turn timeout)', '110 (turn timeout)', '115 (turn timeout)', '120 (turn timeout)', '125 (turn timeout)', '130 (turn timeout)', '135 (turn timeout)', '140 (turn timeout)', '145 (turn timeout)', '150 (turn timeout)', '155 (turn timeout)', '160 (turn timeout)', '165 (turn timeout)', '170 (turn timeout)', '175 (turn timeout)', '180 (turn timeout)', '185 (turn timeout)', '190 (turn timeout)', '195 (turn timeout)', '200 (turn timeout)', '205 (turn timeout)', '210 (turn timeout)', '215 (turn timeout)', '220 (turn timeout)', '225 (turn timeout)', '230 (turn timeout)', '235 (turn timeout)', '240 (turn timeout)', '245 (turn timeout)', '250 (turn timeout)', '255 (turn timeout)', '260 (turn timeout)'], 'lawn green': ['186 (turn timeout)', '191 (turn timeout)', '196 (turn timeout)', '201 (turn timeout)', '206 (turn timeout)', '211 (turn timeout)', '216 (turn timeout)', '221 (turn timeout)', '226 (turn timeout)', '231 (turn timeout)', '236 (turn timeout)', '241 (turn timeout)', '246 (turn timeout)', '251 (turn timeout)', '256 (turn timeout)', '261 (turn timeout)']}
[2026-05-22 11:18:10] GAME TIME LIMIT REACHED.
[2026-05-22 11:18:10] SCORE Gruppe 69 (lawn green): Final=1407.5, Time=96.0, Moves(37)=13.5, Pins(9)=900.0, Dist=398.0, Win Bonus=0.0
[2026-05-22 11:18:10] SCORE jat (gray0): Final=1325.3, Time=38.7, Moves(53)=90.6, Pins(8)=800.0, Dist=396.0, Win Bonus=0.0
[2026-05-22 11:18:10] SCORE group 99 (yellow): Final=1422.9, Time=36.3, Moves(53)=90.6, Pins(9)=900.0, Dist=396.0, Win Bonus=0.0
[2026-05-22 11:18:10] SCORE CybSec (purple): Final=2569.0, Time=78.4, Moves(53)=90.6, Pins(10)=1000.0, Dist=400.0, Win Bonus=1000.0
[2026-05-22 11:18:10] SCORE HelloWorld (red): Final=442.5, Time=94.5, Moves(8)=0.0, Pins(1)=100.0, Dist=248.0, Win Bonus=0.0
[2026-05-22 11:18:10] ALL WRONG MOVES BY COLOUR: {'red': ['45 (turn timeout)', '50 (turn timeout)', '55 (turn timeout)', '60 (turn timeout)', '65 (turn timeout)', '70 (turn timeout)', '75 (turn timeout)', '80 (turn timeout)', '85 (turn timeout)', '90 (turn timeout)', '95 (turn timeout)', '100 (turn timeout)', '105 (turn timeout)', '110 (turn timeout)', '115 (turn timeout)', '120 (turn timeout)', '125 (turn timeout)', '130 (turn timeout)', '135 (turn timeout)', '140 (turn timeout)', '145 (turn timeout)', '150 (turn timeout)', '155 (turn timeout)', '160 (turn timeout)', '165 (turn timeout)', '170 (turn timeout)', '175 (turn timeout)', '180 (turn timeout)', '185 (turn timeout)', '190 (turn timeout)', '195 (turn timeout)', '200 (turn timeout)', '205 (turn timeout)', '210 (turn timeout)', '215 (turn timeout)', '220 (turn timeout)', '225 (turn timeout)', '230 (turn timeout)', '235 (turn timeout)', '240 (turn timeout)', '245 (turn timeout)', '250 (turn timeout)', '255 (turn timeout)', '260 (turn timeout)'], 'lawn green': ['186 (turn timeout)', '191 (turn timeout)', '196 (turn timeout)', '201 (turn timeout)', '206 (turn timeout)', '211 (turn timeout)', '216 (turn timeout)', '221 (turn timeout)', '226 (turn timeout)', '231 (turn timeout)', '236 (turn timeout)', '241 (turn timeout)', '246 (turn timeout)', '251 (turn timeout)', '256 (turn timeout)', '261 (turn timeout)']}
[2026-05-22 11:18:10] GAME TIME LIMIT REACHED.
[2026-05-22 11:18:10] SCORE Gruppe 69 (lawn green): Final=1407.5, Time=96.0, Moves(37)=13.5, Pins(9)=900.0, Dist=398.0, Win Bonus=0.0
[2026-05-22 11:18:10] SCORE jat (gray0): Final=1325.3, Time=38.7, Moves(53)=90.6, Pins(8)=800.0, Dist=396.0, Win Bonus=0.0
[2026-05-22 11:18:10] SCORE group 99 (yellow): Final=1422.9, Time=36.3, Moves(53)=90.6, Pins(9)=900.0, Dist=396.0, Win Bonus=0.0
[2026-05-22 11:18:10] SCORE CybSec (purple): Final=2569.0, Time=78.4, Moves(53)=90.6, Pins(10)=1000.0, Dist=400.0, Win Bonus=1000.0
[2026-05-22 11:18:10] SCORE HelloWorld (red): Final=442.5, Time=94.5, Moves(8)=0.0, Pins(1)=100.0, Dist=248.0, Win Bonus=0.0
[2026-05-22 11:18:10] ALL WRONG MOVES BY COLOUR: {'red': ['45 (turn timeout)', '50 (turn timeout)', '55 (turn timeout)', '60 (turn timeout)', '65 (turn timeout)', '70 (turn timeout)', '75 (turn timeout)', '80 (turn timeout)', '85 (turn timeout)', '90 (turn timeout)', '95 (turn timeout)', '100 (turn timeout)', '105 (turn timeout)', '110 (turn timeout)', '115 (turn timeout)', '120 (turn timeout)', '125 (turn timeout)', '130 (turn timeout)', '135 (turn timeout)', '140 (turn timeout)', '145 (turn timeout)', '150 (turn timeout)', '155 (turn timeout)', '160 (turn timeout)', '165 (turn timeout)', '170 (turn timeout)', '175 (turn timeout)', '180 (turn timeout)', '185 (turn timeout)', '190 (turn timeout)', '195 (turn timeout)', '200 (turn timeout)', '205 (turn timeout)', '210 (turn timeout)', '215 (turn timeout)', '220 (turn timeout)', '225 (turn timeout)', '230 (turn timeout)', '235 (turn timeout)', '240 (turn timeout)', '245 (turn timeout)', '250 (turn timeout)', '255 (turn timeout)', '260 (turn timeout)'], 'lawn green': ['186 (turn timeout)', '191 (turn timeout)', '196 (turn timeout)', '201 (turn timeout)', '206 (turn timeout)', '211 (turn timeout)', '216 (turn timeout)', '221 (turn timeout)', '226 (turn timeout)', '231 (turn timeout)', '236 (turn timeout)', '241 (turn timeout)', '246 (turn timeout)', '251 (turn timeout)', '256 (turn timeout)', '261 (turn timeout)']}
[2026-05-22 11:18:10] GAME TIME LIMIT REACHED.
[2026-05-22 11:18:11] SCORE Gruppe 69 (lawn green): Final=1407.5, Time=96.0, Moves(37)=13.5, Pins(9)=900.0, Dist=398.0, Win Bonus=0.0
[2026-05-22 11:18:11] SCORE jat (gray0): Final=1325.3, Time=38.7, Moves(53)=90.6, Pins(8)=800.0, Dist=396.0, Win Bonus=0.0
[2026-05-22 11:18:11] SCORE group 99 (yellow): Final=1422.9, Time=36.3, Moves(53)=90.6, Pins(9)=900.0, Dist=396.0, Win Bonus=0.0
[2026-05-22 11:18:11] SCORE CybSec (purple): Final=2569.0, Time=78.4, Moves(53)=90.6, Pins(10)=1000.0, Dist=400.0, Win Bonus=1000.0
[2026-05-22 11:18:11] SCORE HelloWorld (red): Final=442.5, Time=94.5, Moves(8)=0.0, Pins(1)=100.0, Dist=248.0, Win Bonus=0.0
[2026-05-22 11:18:11] ALL WRONG MOVES BY COLOUR: {'red': ['45 (turn timeout)', '50 (turn timeout)', '55 (turn timeout)', '60 (turn timeout)', '65 (turn timeout)', '70 (turn timeout)', '75 (turn timeout)', '80 (turn timeout)', '85 (turn timeout)', '90 (turn timeout)', '95 (turn timeout)', '100 (turn timeout)', '105 (turn timeout)', '110 (turn timeout)', '115 (turn timeout)', '120 (turn timeout)', '125 (turn timeout)', '130 (turn timeout)', '135 (turn timeout)', '140 (turn timeout)', '145 (turn timeout)', '150 (turn timeout)', '155 (turn timeout)', '160 (turn timeout)', '165 (turn timeout)', '170 (turn timeout)', '175 (turn timeout)', '180 (turn timeout)', '185 (turn timeout)', '190 (turn timeout)', '195 (turn timeout)', '200 (turn timeout)', '205 (turn timeout)', '210 (turn timeout)', '215 (turn timeout)', '220 (turn timeout)', '225 (turn timeout)', '230 (turn timeout)', '235 (turn timeout)', '240 (turn timeout)', '245 (turn timeout)', '250 (turn timeout)', '255 (turn timeout)', '260 (turn timeout)'], 'lawn green': ['186 (turn timeout)', '191 (turn timeout)', '196 (turn timeout)', '201 (turn timeout)', '206 (turn timeout)', '211 (turn timeout)', '216 (turn timeout)', '221 (turn timeout)', '226 (turn timeout)', '231 (turn timeout)', '236 (turn timeout)', '241 (turn timeout)', '246 (turn timeout)', '251 (turn timeout)', '256 (turn timeout)', '261 (turn timeout)']}
[2026-05-22 11:18:11] GAME TIME LIMIT REACHED.
[2026-05-22 11:18:11] SCORE Gruppe 69 (lawn green): Final=1407.5, Time=96.0, Moves(37)=13.5, Pins(9)=900.0, Dist=398.0, Win Bonus=0.0
[2026-05-22 11:18:11] SCORE jat (gray0): Final=1325.3, Time=38.7, Moves(53)=90.6, Pins(8)=800.0, Dist=396.0, Win Bonus=0.0
[2026-05-22 11:18:11] SCORE group 99 (yellow): Final=1422.9, Time=36.3, Moves(53)=90.6, Pins(9)=900.0, Dist=396.0, Win Bonus=0.0
[2026-05-22 11:18:11] SCORE CybSec (purple): Final=2569.0, Time=78.4, Moves(53)=90.6, Pins(10)=1000.0, Dist=400.0, Win Bonus=1000.0
[2026-05-22 11:18:11] SCORE HelloWorld (red): Final=442.5, Time=94.5, Moves(8)=0.0, Pins(1)=100.0, Dist=248.0, Win Bonus=0.0
[2026-05-22 11:18:11] ALL WRONG MOVES BY COLOUR: {'red': ['45 (turn timeout)', '50 (turn timeout)', '55 (turn timeout)', '60 (turn timeout)', '65 (turn timeout)', '70 (turn timeout)', '75 (turn timeout)', '80 (turn timeout)', '85 (turn timeout)', '90 (turn timeout)', '95 (turn timeout)', '100 (turn timeout)', '105 (turn timeout)', '110 (turn timeout)', '115 (turn timeout)', '120 (turn timeout)', '125 (turn timeout)', '130 (turn timeout)', '135 (turn timeout)', '140 (turn timeout)', '145 (turn timeout)', '150 (turn timeout)', '155 (turn timeout)', '160 (turn timeout)', '165 (turn timeout)', '170 (turn timeout)', '175 (turn timeout)', '180 (turn timeout)', '185 (turn timeout)', '190 (turn timeout)', '195 (turn timeout)', '200 (turn timeout)', '205 (turn timeout)', '210 (turn timeout)', '215 (turn timeout)', '220 (turn timeout)', '225 (turn timeout)', '230 (turn timeout)', '235 (turn timeout)', '240 (turn timeout)', '245 (turn timeout)', '250 (turn timeout)', '255 (turn timeout)', '260 (turn timeout)'], 'lawn green': ['186 (turn timeout)', '191 (turn timeout)', '196 (turn timeout)', '201 (turn timeout)', '206 (turn timeout)', '211 (turn timeout)', '216 (turn timeout)', '221 (turn timeout)', '226 (turn timeout)', '231 (turn timeout)', '236 (turn timeout)', '241 (turn timeout)', '246 (turn timeout)', '251 (turn timeout)', '256 (turn timeout)', '261 (turn timeout)']}
[2026-05-22 11:18:11] GAME TIME LIMIT REACHED.
[2026-05-22 11:18:11] SCORE Gruppe 69 (lawn green): Final=1407.5, Time=96.0, Moves(37)=13.5, Pins(9)=900.0, Dist=398.0, Win Bonus=0.0
[2026-05-22 11:18:11] SCORE jat (gray0): Final=1325.3, Time=38.7, Moves(53)=90.6, Pins(8)=800.0, Dist=396.0, Win Bonus=0.0
[2026-05-22 11:18:11] SCORE group 99 (yellow): Final=1422.9, Time=36.3, Moves(53)=90.6, Pins(9)=900.0, Dist=396.0, Win Bonus=0.0
[2026-05-22 11:18:11] SCORE CybSec (purple): Final=2569.0, Time=78.4, Moves(53)=90.6, Pins(10)=1000.0, Dist=400.0, Win Bonus=1000.0
[2026-05-22 11:18:11] SCORE HelloWorld (red): Final=442.5, Time=94.5, Moves(8)=0.0, Pins(1)=100.0, Dist=248.0, Win Bonus=0.0
[2026-05-22 11:18:11] ALL WRONG MOVES BY COLOUR: {'red': ['45 (turn timeout)', '50 (turn timeout)', '55 (turn timeout)', '60 (turn timeout)', '65 (turn timeout)', '70 (turn timeout)', '75 (turn timeout)', '80 (turn timeout)', '85 (turn timeout)', '90 (turn timeout)', '95 (turn timeout)', '100 (turn timeout)', '105 (turn timeout)', '110 (turn timeout)', '115 (turn timeout)', '120 (turn timeout)', '125 (turn timeout)', '130 (turn timeout)', '135 (turn timeout)', '140 (turn timeout)', '145 (turn timeout)', '150 (turn timeout)', '155 (turn timeout)', '160 (turn timeout)', '165 (turn timeout)', '170 (turn timeout)', '175 (turn timeout)', '180 (turn timeout)', '185 (turn timeout)', '190 (turn timeout)', '195 (turn timeout)', '200 (turn timeout)', '205 (turn timeout)', '210 (turn timeout)', '215 (turn timeout)', '220 (turn timeout)', '225 (turn timeout)', '230 (turn timeout)', '235 (turn timeout)', '240 (turn timeout)', '245 (turn timeout)', '250 (turn timeout)', '255 (turn timeout)', '260 (turn timeout)'], 'lawn green': ['186 (turn timeout)', '191 (turn timeout)', '196 (turn timeout)', '201 (turn timeout)', '206 (turn timeout)', '211 (turn timeout)', '216 (turn timeout)', '221 (turn timeout)', '226 (turn timeout)', '231 (turn timeout)', '236 (turn timeout)', '241 (turn timeout)', '246 (turn timeout)', '251 (turn timeout)', '256 (turn timeout)', '261 (turn timeout)']}
[2026-05-22 11:18:11] GAME TIME LIMIT REACHED.
[2026-05-22 11:18:11] SCORE Gruppe 69 (lawn green): Final=1407.5, Time=96.0, Moves(37)=13.5, Pins(9)=900.0, Dist=398.0, Win Bonus=0.0
[2026-05-22 11:18:11] SCORE jat (gray0): Final=1325.3, Time=38.7, Moves(53)=90.6, Pins(8)=800.0, Dist=396.0, Win Bonus=0.0
[2026-05-22 11:18:11] SCORE group 99 (yellow): Final=1422.9, Time=36.3, Moves(53)=90.6, Pins(9)=900.0, Dist=396.0, Win Bonus=0.0
[2026-05-22 11:18:11] SCORE CybSec (purple): Final=2569.0, Time=78.4, Moves(53)=90.6, Pins(10)=1000.0, Dist=400.0, Win Bonus=1000.0
[2026-05-22 11:18:11] SCORE HelloWorld (red): Final=442.5, Time=94.5, Moves(8)=0.0, Pins(1)=100.0, Dist=248.0, Win Bonus=0.0
[2026-05-22 11:18:11] ALL WRONG MOVES BY COLOUR: {'red': ['45 (turn timeout)', '50 (turn timeout)', '55 (turn timeout)', '60 (turn timeout)', '65 (turn timeout)', '70 (turn timeout)', '75 (turn timeout)', '80 (turn timeout)', '85 (turn timeout)', '90 (turn timeout)', '95 (turn timeout)', '100 (turn timeout)', '105 (turn timeout)', '110 (turn timeout)', '115 (turn timeout)', '120 (turn timeout)', '125 (turn timeout)', '130 (turn timeout)', '135 (turn timeout)', '140 (turn timeout)', '145 (turn timeout)', '150 (turn timeout)', '155 (turn timeout)', '160 (turn timeout)', '165 (turn timeout)', '170 (turn timeout)', '175 (turn timeout)', '180 (turn timeout)', '185 (turn timeout)', '190 (turn timeout)', '195 (turn timeout)', '200 (turn timeout)', '205 (turn timeout)', '210 (turn timeout)', '215 (turn timeout)', '220 (turn timeout)', '225 (turn timeout)', '230 (turn timeout)', '235 (turn timeout)', '240 (turn timeout)', '245 (turn timeout)', '250 (turn timeout)', '255 (turn timeout)', '260 (turn timeout)'], 'lawn green': ['186 (turn timeout)', '191 (turn timeout)', '196 (turn timeout)', '201 (turn timeout)', '206 (turn timeout)', '211 (turn timeout)', '216 (turn timeout)', '221 (turn timeout)', '226 (turn timeout)', '231 (turn timeout)', '236 (turn timeout)', '241 (turn timeout)', '246 (turn timeout)', '251 (turn timeout)', '256 (turn timeout)', '261 (turn timeout)']}
[2026-05-22 11:18:11] GAME TIME LIMIT REACHED.
[2026-05-22 11:18:12] SCORE Gruppe 69 (lawn green): Final=1407.5, Time=96.0, Moves(37)=13.5, Pins(9)=900.0, Dist=398.0, Win Bonus=0.0
[2026-05-22 11:18:12] SCORE jat (gray0): Final=1325.3, Time=38.7, Moves(53)=90.6, Pins(8)=800.0, Dist=396.0, Win Bonus=0.0
[2026-05-22 11:18:12] SCORE group 99 (yellow): Final=1422.9, Time=36.3, Moves(53)=90.6, Pins(9)=900.0, Dist=396.0, Win Bonus=0.0
[2026-05-22 11:18:12] SCORE CybSec (purple): Final=2569.0, Time=78.4, Moves(53)=90.6, Pins(10)=1000.0, Dist=400.0, Win Bonus=1000.0
[2026-05-22 11:18:12] SCORE HelloWorld (red): Final=442.5, Time=94.5, Moves(8)=0.0, Pins(1)=100.0, Dist=248.0, Win Bonus=0.0
[2026-05-22 11:18:12] ALL WRONG MOVES BY COLOUR: {'red': ['45 (turn timeout)', '50 (turn timeout)', '55 (turn timeout)', '60 (turn timeout)', '65 (turn timeout)', '70 (turn timeout)', '75 (turn timeout)', '80 (turn timeout)', '85 (turn timeout)', '90 (turn timeout)', '95 (turn timeout)', '100 (turn timeout)', '105 (turn timeout)', '110 (turn timeout)', '115 (turn timeout)', '120 (turn timeout)', '125 (turn timeout)', '130 (turn timeout)', '135 (turn timeout)', '140 (turn timeout)', '145 (turn timeout)', '150 (turn timeout)', '155 (turn timeout)', '160 (turn timeout)', '165 (turn timeout)', '170 (turn timeout)', '175 (turn timeout)', '180 (turn timeout)', '185 (turn timeout)', '190 (turn timeout)', '195 (turn timeout)', '200 (turn timeout)', '205 (turn timeout)', '210 (turn timeout)', '215 (turn timeout)', '220 (turn timeout)', '225 (turn timeout)', '230 (turn timeout)', '235 (turn timeout)', '240 (turn timeout)', '245 (turn timeout)', '250 (turn timeout)', '255 (turn timeout)', '260 (turn timeout)'], 'lawn green': ['186 (turn timeout)', '191 (turn timeout)', '196 (turn timeout)', '201 (turn timeout)', '206 (turn timeout)', '211 (turn timeout)', '216 (turn timeout)', '221 (turn timeout)', '226 (turn timeout)', '231 (turn timeout)', '236 (turn timeout)', '241 (turn timeout)', '246 (turn timeout)', '251 (turn timeout)', '256 (turn timeout)', '261 (turn timeout)']}
[2026-05-22 11:18:12] GAME TIME LIMIT REACHED.
[2026-05-22 11:18:12] SCORE Gruppe 69 (lawn green): Final=1407.5, Time=96.0, Moves(37)=13.5, Pins(9)=900.0, Dist=398.0, Win Bonus=0.0
[2026-05-22 11:18:12] SCORE jat (gray0): Final=1325.3, Time=38.7, Moves(53)=90.6, Pins(8)=800.0, Dist=396.0, Win Bonus=0.0
[2026-05-22 11:18:12] SCORE group 99 (yellow): Final=1422.9, Time=36.3, Moves(53)=90.6, Pins(9)=900.0, Dist=396.0, Win Bonus=0.0
[2026-05-22 11:18:12] SCORE CybSec (purple): Final=2569.0, Time=78.4, Moves(53)=90.6, Pins(10)=1000.0, Dist=400.0, Win Bonus=1000.0
[2026-05-22 11:18:12] SCORE HelloWorld (red): Final=442.5, Time=94.5, Moves(8)=0.0, Pins(1)=100.0, Dist=248.0, Win Bonus=0.0
[2026-05-22 11:18:12] ALL WRONG MOVES BY COLOUR: {'red': ['45 (turn timeout)', '50 (turn timeout)', '55 (turn timeout)', '60 (turn timeout)', '65 (turn timeout)', '70 (turn timeout)', '75 (turn timeout)', '80 (turn timeout)', '85 (turn timeout)', '90 (turn timeout)', '95 (turn timeout)', '100 (turn timeout)', '105 (turn timeout)', '110 (turn timeout)', '115 (turn timeout)', '120 (turn timeout)', '125 (turn timeout)', '130 (turn timeout)', '135 (turn timeout)', '140 (turn timeout)', '145 (turn timeout)', '150 (turn timeout)', '155 (turn timeout)', '160 (turn timeout)', '165 (turn timeout)', '170 (turn timeout)', '175 (turn timeout)', '180 (turn timeout)', '185 (turn timeout)', '190 (turn timeout)', '195 (turn timeout)', '200 (turn timeout)', '205 (turn timeout)', '210 (turn timeout)', '215 (turn timeout)', '220 (turn timeout)', '225 (turn timeout)', '230 (turn timeout)', '235 (turn timeout)', '240 (turn timeout)', '245 (turn timeout)', '250 (turn timeout)', '255 (turn timeout)', '260 (turn timeout)'], 'lawn green': ['186 (turn timeout)', '191 (turn timeout)', '196 (turn timeout)', '201 (turn timeout)', '206 (turn timeout)', '211 (turn timeout)', '216 (turn timeout)', '221 (turn timeout)', '226 (turn timeout)', '231 (turn timeout)', '236 (turn timeout)', '241 (turn timeout)', '246 (turn timeout)', '251 (turn timeout)', '256 (turn timeout)', '261 (turn timeout)']}
[2026-05-22 11:18:12] GAME TIME LIMIT REACHED.
[2026-05-22 11:18:12] SCORE Gruppe 69 (lawn green): Final=1407.5, Time=96.0, Moves(37)=13.5, Pins(9)=900.0, Dist=398.0, Win Bonus=0.0
[2026-05-22 11:18:12] SCORE jat (gray0): Final=1325.3, Time=38.7, Moves(53)=90.6, Pins(8)=800.0, Dist=396.0, Win Bonus=0.0
[2026-05-22 11:18:12] SCORE group 99 (yellow): Final=1422.9, Time=36.3, Moves(53)=90.6, Pins(9)=900.0, Dist=396.0, Win Bonus=0.0
[2026-05-22 11:18:12] SCORE CybSec (purple): Final=2569.0, Time=78.4, Moves(53)=90.6, Pins(10)=1000.0, Dist=400.0, Win Bonus=1000.0
[2026-05-22 11:18:12] SCORE HelloWorld (red): Final=442.5, Time=94.5, Moves(8)=0.0, Pins(1)=100.0, Dist=248.0, Win Bonus=0.0
[2026-05-22 11:18:12] ALL WRONG MOVES BY COLOUR: {'red': ['45 (turn timeout)', '50 (turn timeout)', '55 (turn timeout)', '60 (turn timeout)', '65 (turn timeout)', '70 (turn timeout)', '75 (turn timeout)', '80 (turn timeout)', '85 (turn timeout)', '90 (turn timeout)', '95 (turn timeout)', '100 (turn timeout)', '105 (turn timeout)', '110 (turn timeout)', '115 (turn timeout)', '120 (turn timeout)', '125 (turn timeout)', '130 (turn timeout)', '135 (turn timeout)', '140 (turn timeout)', '145 (turn timeout)', '150 (turn timeout)', '155 (turn timeout)', '160 (turn timeout)', '165 (turn timeout)', '170 (turn timeout)', '175 (turn timeout)', '180 (turn timeout)', '185 (turn timeout)', '190 (turn timeout)', '195 (turn timeout)', '200 (turn timeout)', '205 (turn timeout)', '210 (turn timeout)', '215 (turn timeout)', '220 (turn timeout)', '225 (turn timeout)', '230 (turn timeout)', '235 (turn timeout)', '240 (turn timeout)', '245 (turn timeout)', '250 (turn timeout)', '255 (turn timeout)', '260 (turn timeout)'], 'lawn green': ['186 (turn timeout)', '191 (turn timeout)', '196 (turn timeout)', '201 (turn timeout)', '206 (turn timeout)', '211 (turn timeout)', '216 (turn timeout)', '221 (turn timeout)', '226 (turn timeout)', '231 (turn timeout)', '236 (turn timeout)', '241 (turn timeout)', '246 (turn timeout)', '251 (turn timeout)', '256 (turn timeout)', '261 (turn timeout)']}
[2026-05-22 11:18:12] GAME TIME LIMIT REACHED.
[2026-05-22 11:18:12] SCORE Gruppe 69 (lawn green): Final=1407.5, Time=96.0, Moves(37)=13.5, Pins(9)=900.0, Dist=398.0, Win Bonus=0.0
[2026-05-22 11:18:12] SCORE jat (gray0): Final=1325.3, Time=38.7, Moves(53)=90.6, Pins(8)=800.0, Dist=396.0, Win Bonus=0.0
[2026-05-22 11:18:12] SCORE group 99 (yellow): Final=1422.9, Time=36.3, Moves(53)=90.6, Pins(9)=900.0, Dist=396.0, Win Bonus=0.0
[2026-05-22 11:18:12] SCORE CybSec (purple): Final=2569.0, Time=78.4, Moves(53)=90.6, Pins(10)=1000.0, Dist=400.0, Win Bonus=1000.0
[2026-05-22 11:18:12] SCORE HelloWorld (red): Final=442.5, Time=94.5, Moves(8)=0.0, Pins(1)=100.0, Dist=248.0, Win Bonus=0.0
[2026-05-22 11:18:12] ALL WRONG MOVES BY COLOUR: {'red': ['45 (turn timeout)', '50 (turn timeout)', '55 (turn timeout)', '60 (turn timeout)', '65 (turn timeout)', '70 (turn timeout)', '75 (turn timeout)', '80 (turn timeout)', '85 (turn timeout)', '90 (turn timeout)', '95 (turn timeout)', '100 (turn timeout)', '105 (turn timeout)', '110 (turn timeout)', '115 (turn timeout)', '120 (turn timeout)', '125 (turn timeout)', '130 (turn timeout)', '135 (turn timeout)', '140 (turn timeout)', '145 (turn timeout)', '150 (turn timeout)', '155 (turn timeout)', '160 (turn timeout)', '165 (turn timeout)', '170 (turn timeout)', '175 (turn timeout)', '180 (turn timeout)', '185 (turn timeout)', '190 (turn timeout)', '195 (turn timeout)', '200 (turn timeout)', '205 (turn timeout)', '210 (turn timeout)', '215 (turn timeout)', '220 (turn timeout)', '225 (turn timeout)', '230 (turn timeout)', '235 (turn timeout)', '240 (turn timeout)', '245 (turn timeout)', '250 (turn timeout)', '255 (turn timeout)', '260 (turn timeout)'], 'lawn green': ['186 (turn timeout)', '191 (turn timeout)', '196 (turn timeout)', '201 (turn timeout)', '206 (turn timeout)', '211 (turn timeout)', '216 (turn timeout)', '221 (turn timeout)', '226 (turn timeout)', '231 (turn timeout)', '236 (turn timeout)', '241 (turn timeout)', '246 (turn timeout)', '251 (turn timeout)', '256 (turn timeout)', '261 (turn timeout)']}
[2026-05-22 11:18:12] GAME TIME LIMIT REACHED.
[2026-05-22 11:18:13] SCORE Gruppe 69 (lawn green): Final=1407.5, Time=96.0, Moves(37)=13.5, Pins(9)=900.0, Dist=398.0, Win Bonus=0.0
[2026-05-22 11:18:13] SCORE jat (gray0): Final=1325.3, Time=38.7, Moves(53)=90.6, Pins(8)=800.0, Dist=396.0, Win Bonus=0.0
[2026-05-22 11:18:13] SCORE group 99 (yellow): Final=1422.9, Time=36.3, Moves(53)=90.6, Pins(9)=900.0, Dist=396.0, Win Bonus=0.0
[2026-05-22 11:18:13] SCORE CybSec (purple): Final=2569.0, Time=78.4, Moves(53)=90.6, Pins(10)=1000.0, Dist=400.0, Win Bonus=1000.0
[2026-05-22 11:18:13] SCORE HelloWorld (red): Final=442.5, Time=94.5, Moves(8)=0.0, Pins(1)=100.0, Dist=248.0, Win Bonus=0.0
[2026-05-22 11:18:13] ALL WRONG MOVES BY COLOUR: {'red': ['45 (turn timeout)', '50 (turn timeout)', '55 (turn timeout)', '60 (turn timeout)', '65 (turn timeout)', '70 (turn timeout)', '75 (turn timeout)', '80 (turn timeout)', '85 (turn timeout)', '90 (turn timeout)', '95 (turn timeout)', '100 (turn timeout)', '105 (turn timeout)', '110 (turn timeout)', '115 (turn timeout)', '120 (turn timeout)', '125 (turn timeout)', '130 (turn timeout)', '135 (turn timeout)', '140 (turn timeout)', '145 (turn timeout)', '150 (turn timeout)', '155 (turn timeout)', '160 (turn timeout)', '165 (turn timeout)', '170 (turn timeout)', '175 (turn timeout)', '180 (turn timeout)', '185 (turn timeout)', '190 (turn timeout)', '195 (turn timeout)', '200 (turn timeout)', '205 (turn timeout)', '210 (turn timeout)', '215 (turn timeout)', '220 (turn timeout)', '225 (turn timeout)', '230 (turn timeout)', '235 (turn timeout)', '240 (turn timeout)', '245 (turn timeout)', '250 (turn timeout)', '255 (turn timeout)', '260 (turn timeout)'], 'lawn green': ['186 (turn timeout)', '191 (turn timeout)', '196 (turn timeout)', '201 (turn timeout)', '206 (turn timeout)', '211 (turn timeout)', '216 (turn timeout)', '221 (turn timeout)', '226 (turn timeout)', '231 (turn timeout)', '236 (turn timeout)', '241 (turn timeout)', '246 (turn timeout)', '251 (turn timeout)', '256 (turn timeout)', '261 (turn timeout)']}
[2026-05-22 11:18:13] GAME TIME LIMIT REACHED.
[2026-05-22 11:18:13] SCORE Gruppe 69 (lawn green): Final=1407.5, Time=96.0, Moves(37)=13.5, Pins(9)=900.0, Dist=398.0, Win Bonus=0.0
[2026-05-22 11:18:13] SCORE jat (gray0): Final=1325.3, Time=38.7, Moves(53)=90.6, Pins(8)=800.0, Dist=396.0, Win Bonus=0.0
[2026-05-22 11:18:13] SCORE group 99 (yellow): Final=1422.9, Time=36.3, Moves(53)=90.6, Pins(9)=900.0, Dist=396.0, Win Bonus=0.0
[2026-05-22 11:18:13] SCORE CybSec (purple): Final=2569.0, Time=78.4, Moves(53)=90.6, Pins(10)=1000.0, Dist=400.0, Win Bonus=1000.0
[2026-05-22 11:18:13] SCORE HelloWorld (red): Final=442.5, Time=94.5, Moves(8)=0.0, Pins(1)=100.0, Dist=248.0, Win Bonus=0.0
[2026-05-22 11:18:13] ALL WRONG MOVES BY COLOUR: {'red': ['45 (turn timeout)', '50 (turn timeout)', '55 (turn timeout)', '60 (turn timeout)', '65 (turn timeout)', '70 (turn timeout)', '75 (turn timeout)', '80 (turn timeout)', '85 (turn timeout)', '90 (turn timeout)', '95 (turn timeout)', '100 (turn timeout)', '105 (turn timeout)', '110 (turn timeout)', '115 (turn timeout)', '120 (turn timeout)', '125 (turn timeout)', '130 (turn timeout)', '135 (turn timeout)', '140 (turn timeout)', '145 (turn timeout)', '150 (turn timeout)', '155 (turn timeout)', '160 (turn timeout)', '165 (turn timeout)', '170 (turn timeout)', '175 (turn timeout)', '180 (turn timeout)', '185 (turn timeout)', '190 (turn timeout)', '195 (turn timeout)', '200 (turn timeout)', '205 (turn timeout)', '210 (turn timeout)', '215 (turn timeout)', '220 (turn timeout)', '225 (turn timeout)', '230 (turn timeout)', '235 (turn timeout)', '240 (turn timeout)', '245 (turn timeout)', '250 (turn timeout)', '255 (turn timeout)', '260 (turn timeout)'], 'lawn green': ['186 (turn timeout)', '191 (turn timeout)', '196 (turn timeout)', '201 (turn timeout)', '206 (turn timeout)', '211 (turn timeout)', '216 (turn timeout)', '221 (turn timeout)', '226 (turn timeout)', '231 (turn timeout)', '236 (turn timeout)', '241 (turn timeout)', '246 (turn timeout)', '251 (turn timeout)', '256 (turn timeout)', '261 (turn timeout)']}
[2026-05-22 11:18:13] GAME TIME LIMIT REACHED.
[2026-05-22 11:18:13] SCORE Gruppe 69 (lawn green): Final=1407.5, Time=96.0, Moves(37)=13.5, Pins(9)=900.0, Dist=398.0, Win Bonus=0.0
[2026-05-22 11:18:13] SCORE jat (gray0): Final=1325.3, Time=38.7, Moves(53)=90.6, Pins(8)=800.0, Dist=396.0, Win Bonus=0.0
[2026-05-22 11:18:13] SCORE group 99 (yellow): Final=1422.9, Time=36.3, Moves(53)=90.6, Pins(9)=900.0, Dist=396.0, Win Bonus=0.0
[2026-05-22 11:18:13] SCORE CybSec (purple): Final=2569.0, Time=78.4, Moves(53)=90.6, Pins(10)=1000.0, Dist=400.0, Win Bonus=1000.0
[2026-05-22 11:18:13] SCORE HelloWorld (red): Final=442.5, Time=94.5, Moves(8)=0.0, Pins(1)=100.0, Dist=248.0, Win Bonus=0.0
[2026-05-22 11:18:13] ALL WRONG MOVES BY COLOUR: {'red': ['45 (turn timeout)', '50 (turn timeout)', '55 (turn timeout)', '60 (turn timeout)', '65 (turn timeout)', '70 (turn timeout)', '75 (turn timeout)', '80 (turn timeout)', '85 (turn timeout)', '90 (turn timeout)', '95 (turn timeout)', '100 (turn timeout)', '105 (turn timeout)', '110 (turn timeout)', '115 (turn timeout)', '120 (turn timeout)', '125 (turn timeout)', '130 (turn timeout)', '135 (turn timeout)', '140 (turn timeout)', '145 (turn timeout)', '150 (turn timeout)', '155 (turn timeout)', '160 (turn timeout)', '165 (turn timeout)', '170 (turn timeout)', '175 (turn timeout)', '180 (turn timeout)', '185 (turn timeout)', '190 (turn timeout)', '195 (turn timeout)', '200 (turn timeout)', '205 (turn timeout)', '210 (turn timeout)', '215 (turn timeout)', '220 (turn timeout)', '225 (turn timeout)', '230 (turn timeout)', '235 (turn timeout)', '240 (turn timeout)', '245 (turn timeout)', '250 (turn timeout)', '255 (turn timeout)', '260 (turn timeout)'], 'lawn green': ['186 (turn timeout)', '191 (turn timeout)', '196 (turn timeout)', '201 (turn timeout)', '206 (turn timeout)', '211 (turn timeout)', '216 (turn timeout)', '221 (turn timeout)', '226 (turn timeout)', '231 (turn timeout)', '236 (turn timeout)', '241 (turn timeout)', '246 (turn timeout)', '251 (turn timeout)', '256 (turn timeout)', '261 (turn timeout)']}
[2026-05-22 11:18:13] GAME TIME LIMIT REACHED.
[2026-05-22 11:18:13] SCORE Gruppe 69 (lawn green): Final=1407.5, Time=96.0, Moves(37)=13.5, Pins(9)=900.0, Dist=398.0, Win Bonus=0.0
[2026-05-22 11:18:13] SCORE jat (gray0): Final=1325.3, Time=38.7, Moves(53)=90.6, Pins(8)=800.0, Dist=396.0, Win Bonus=0.0
[2026-05-22 11:18:13] SCORE group 99 (yellow): Final=1422.9, Time=36.3, Moves(53)=90.6, Pins(9)=900.0, Dist=396.0, Win Bonus=0.0
[2026-05-22 11:18:13] SCORE CybSec (purple): Final=2569.0, Time=78.4, Moves(53)=90.6, Pins(10)=1000.0, Dist=400.0, Win Bonus=1000.0
[2026-05-22 11:18:13] SCORE HelloWorld (red): Final=442.5, Time=94.5, Moves(8)=0.0, Pins(1)=100.0, Dist=248.0, Win Bonus=0.0
[2026-05-22 11:18:13] ALL WRONG MOVES BY COLOUR: {'red': ['45 (turn timeout)', '50 (turn timeout)', '55 (turn timeout)', '60 (turn timeout)', '65 (turn timeout)', '70 (turn timeout)', '75 (turn timeout)', '80 (turn timeout)', '85 (turn timeout)', '90 (turn timeout)', '95 (turn timeout)', '100 (turn timeout)', '105 (turn timeout)', '110 (turn timeout)', '115 (turn timeout)', '120 (turn timeout)', '125 (turn timeout)', '130 (turn timeout)', '135 (turn timeout)', '140 (turn timeout)', '145 (turn timeout)', '150 (turn timeout)', '155 (turn timeout)', '160 (turn timeout)', '165 (turn timeout)', '170 (turn timeout)', '175 (turn timeout)', '180 (turn timeout)', '185 (turn timeout)', '190 (turn timeout)', '195 (turn timeout)', '200 (turn timeout)', '205 (turn timeout)', '210 (turn timeout)', '215 (turn timeout)', '220 (turn timeout)', '225 (turn timeout)', '230 (turn timeout)', '235 (turn timeout)', '240 (turn timeout)', '245 (turn timeout)', '250 (turn timeout)', '255 (turn timeout)', '260 (turn timeout)'], 'lawn green': ['186 (turn timeout)', '191 (turn timeout)', '196 (turn timeout)', '201 (turn timeout)', '206 (turn timeout)', '211 (turn timeout)', '216 (turn timeout)', '221 (turn timeout)', '226 (turn timeout)', '231 (turn timeout)', '236 (turn timeout)', '241 (turn timeout)', '246 (turn timeout)', '251 (turn timeout)', '256 (turn timeout)', '261 (turn timeout)']}
[2026-05-22 11:18:13] GAME TIME LIMIT REACHED.
[2026-05-22 11:18:14] SCORE Gruppe 69 (lawn green): Final=1407.5, Time=96.0, Moves(37)=13.5, Pins(9)=900.0, Dist=398.0, Win Bonus=0.0
[2026-05-22 11:18:14] SCORE jat (gray0): Final=1325.3, Time=38.7, Moves(53)=90.6, Pins(8)=800.0, Dist=396.0, Win Bonus=0.0
[2026-05-22 11:18:14] SCORE group 99 (yellow): Final=1422.9, Time=36.3, Moves(53)=90.6, Pins(9)=900.0, Dist=396.0, Win Bonus=0.0
[2026-05-22 11:18:14] SCORE CybSec (purple): Final=2569.0, Time=78.4, Moves(53)=90.6, Pins(10)=1000.0, Dist=400.0, Win Bonus=1000.0
[2026-05-22 11:18:14] SCORE HelloWorld (red): Final=442.5, Time=94.5, Moves(8)=0.0, Pins(1)=100.0, Dist=248.0, Win Bonus=0.0
[2026-05-22 11:18:14] ALL WRONG MOVES BY COLOUR: {'red': ['45 (turn timeout)', '50 (turn timeout)', '55 (turn timeout)', '60 (turn timeout)', '65 (turn timeout)', '70 (turn timeout)', '75 (turn timeout)', '80 (turn timeout)', '85 (turn timeout)', '90 (turn timeout)', '95 (turn timeout)', '100 (turn timeout)', '105 (turn timeout)', '110 (turn timeout)', '115 (turn timeout)', '120 (turn timeout)', '125 (turn timeout)', '130 (turn timeout)', '135 (turn timeout)', '140 (turn timeout)', '145 (turn timeout)', '150 (turn timeout)', '155 (turn timeout)', '160 (turn timeout)', '165 (turn timeout)', '170 (turn timeout)', '175 (turn timeout)', '180 (turn timeout)', '185 (turn timeout)', '190 (turn timeout)', '195 (turn timeout)', '200 (turn timeout)', '205 (turn timeout)', '210 (turn timeout)', '215 (turn timeout)', '220 (turn timeout)', '225 (turn timeout)', '230 (turn timeout)', '235 (turn timeout)', '240 (turn timeout)', '245 (turn timeout)', '250 (turn timeout)', '255 (turn timeout)', '260 (turn timeout)'], 'lawn green': ['186 (turn timeout)', '191 (turn timeout)', '196 (turn timeout)', '201 (turn timeout)', '206 (turn timeout)', '211 (turn timeout)', '216 (turn timeout)', '221 (turn timeout)', '226 (turn timeout)', '231 (turn timeout)', '236 (turn timeout)', '241 (turn timeout)', '246 (turn timeout)', '251 (turn timeout)', '256 (turn timeout)', '261 (turn timeout)']}
[2026-05-22 11:18:14] GAME TIME LIMIT REACHED.
[2026-05-22 11:18:14] SCORE Gruppe 69 (lawn green): Final=1407.5, Time=96.0, Moves(37)=13.5, Pins(9)=900.0, Dist=398.0, Win Bonus=0.0
[2026-05-22 11:18:14] SCORE jat (gray0): Final=1325.3, Time=38.7, Moves(53)=90.6, Pins(8)=800.0, Dist=396.0, Win Bonus=0.0
[2026-05-22 11:18:14] SCORE group 99 (yellow): Final=1422.9, Time=36.3, Moves(53)=90.6, Pins(9)=900.0, Dist=396.0, Win Bonus=0.0
[2026-05-22 11:18:14] SCORE CybSec (purple): Final=2569.0, Time=78.4, Moves(53)=90.6, Pins(10)=1000.0, Dist=400.0, Win Bonus=1000.0
[2026-05-22 11:18:14] SCORE HelloWorld (red): Final=442.5, Time=94.5, Moves(8)=0.0, Pins(1)=100.0, Dist=248.0, Win Bonus=0.0
[2026-05-22 11:18:14] ALL WRONG MOVES BY COLOUR: {'red': ['45 (turn timeout)', '50 (turn timeout)', '55 (turn timeout)', '60 (turn timeout)', '65 (turn timeout)', '70 (turn timeout)', '75 (turn timeout)', '80 (turn timeout)', '85 (turn timeout)', '90 (turn timeout)', '95 (turn timeout)', '100 (turn timeout)', '105 (turn timeout)', '110 (turn timeout)', '115 (turn timeout)', '120 (turn timeout)', '125 (turn timeout)', '130 (turn timeout)', '135 (turn timeout)', '140 (turn timeout)', '145 (turn timeout)', '150 (turn timeout)', '155 (turn timeout)', '160 (turn timeout)', '165 (turn timeout)', '170 (turn timeout)', '175 (turn timeout)', '180 (turn timeout)', '185 (turn timeout)', '190 (turn timeout)', '195 (turn timeout)', '200 (turn timeout)', '205 (turn timeout)', '210 (turn timeout)', '215 (turn timeout)', '220 (turn timeout)', '225 (turn timeout)', '230 (turn timeout)', '235 (turn timeout)', '240 (turn timeout)', '245 (turn timeout)', '250 (turn timeout)', '255 (turn timeout)', '260 (turn timeout)'], 'lawn green': ['186 (turn timeout)', '191 (turn timeout)', '196 (turn timeout)', '201 (turn timeout)', '206 (turn timeout)', '211 (turn timeout)', '216 (turn timeout)', '221 (turn timeout)', '226 (turn timeout)', '231 (turn timeout)', '236 (turn timeout)', '241 (turn timeout)', '246 (turn timeout)', '251 (turn timeout)', '256 (turn timeout)', '261 (turn timeout)']}
[2026-05-22 11:18:14] GAME TIME LIMIT REACHED.
[2026-05-22 11:18:14] SCORE Gruppe 69 (lawn green): Final=1407.5, Time=96.0, Moves(37)=13.5, Pins(9)=900.0, Dist=398.0, Win Bonus=0.0
[2026-05-22 11:18:14] SCORE jat (gray0): Final=1325.3, Time=38.7, Moves(53)=90.6, Pins(8)=800.0, Dist=396.0, Win Bonus=0.0
[2026-05-22 11:18:14] SCORE group 99 (yellow): Final=1422.9, Time=36.3, Moves(53)=90.6, Pins(9)=900.0, Dist=396.0, Win Bonus=0.0
[2026-05-22 11:18:14] SCORE CybSec (purple): Final=2569.0, Time=78.4, Moves(53)=90.6, Pins(10)=1000.0, Dist=400.0, Win Bonus=1000.0
[2026-05-22 11:18:14] SCORE HelloWorld (red): Final=442.5, Time=94.5, Moves(8)=0.0, Pins(1)=100.0, Dist=248.0, Win Bonus=0.0
[2026-05-22 11:18:14] ALL WRONG MOVES BY COLOUR: {'red': ['45 (turn timeout)', '50 (turn timeout)', '55 (turn timeout)', '60 (turn timeout)', '65 (turn timeout)', '70 (turn timeout)', '75 (turn timeout)', '80 (turn timeout)', '85 (turn timeout)', '90 (turn timeout)', '95 (turn timeout)', '100 (turn timeout)', '105 (turn timeout)', '110 (turn timeout)', '115 (turn timeout)', '120 (turn timeout)', '125 (turn timeout)', '130 (turn timeout)', '135 (turn timeout)', '140 (turn timeout)', '145 (turn timeout)', '150 (turn timeout)', '155 (turn timeout)', '160 (turn timeout)', '165 (turn timeout)', '170 (turn timeout)', '175 (turn timeout)', '180 (turn timeout)', '185 (turn timeout)', '190 (turn timeout)', '195 (turn timeout)', '200 (turn timeout)', '205 (turn timeout)', '210 (turn timeout)', '215 (turn timeout)', '220 (turn timeout)', '225 (turn timeout)', '230 (turn timeout)', '235 (turn timeout)', '240 (turn timeout)', '245 (turn timeout)', '250 (turn timeout)', '255 (turn timeout)', '260 (turn timeout)'], 'lawn green': ['186 (turn timeout)', '191 (turn timeout)', '196 (turn timeout)', '201 (turn timeout)', '206 (turn timeout)', '211 (turn timeout)', '216 (turn timeout)', '221 (turn timeout)', '226 (turn timeout)', '231 (turn timeout)', '236 (turn timeout)', '241 (turn timeout)', '246 (turn timeout)', '251 (turn timeout)', '256 (turn timeout)', '261 (turn timeout)']}
[2026-05-22 11:18:14] GAME TIME LIMIT REACHED.
[2026-05-22 11:18:14] SCORE Gruppe 69 (lawn green): Final=1407.5, Time=96.0, Moves(37)=13.5, Pins(9)=900.0, Dist=398.0, Win Bonus=0.0
[2026-05-22 11:18:14] SCORE jat (gray0): Final=1325.3, Time=38.7, Moves(53)=90.6, Pins(8)=800.0, Dist=396.0, Win Bonus=0.0
[2026-05-22 11:18:14] SCORE group 99 (yellow): Final=1422.9, Time=36.3, Moves(53)=90.6, Pins(9)=900.0, Dist=396.0, Win Bonus=0.0
[2026-05-22 11:18:14] SCORE CybSec (purple): Final=2569.0, Time=78.4, Moves(53)=90.6, Pins(10)=1000.0, Dist=400.0, Win Bonus=1000.0
[2026-05-22 11:18:14] SCORE HelloWorld (red): Final=442.5, Time=94.5, Moves(8)=0.0, Pins(1)=100.0, Dist=248.0, Win Bonus=0.0
[2026-05-22 11:18:14] ALL WRONG MOVES BY COLOUR: {'red': ['45 (turn timeout)', '50 (turn timeout)', '55 (turn timeout)', '60 (turn timeout)', '65 (turn timeout)', '70 (turn timeout)', '75 (turn timeout)', '80 (turn timeout)', '85 (turn timeout)', '90 (turn timeout)', '95 (turn timeout)', '100 (turn timeout)', '105 (turn timeout)', '110 (turn timeout)', '115 (turn timeout)', '120 (turn timeout)', '125 (turn timeout)', '130 (turn timeout)', '135 (turn timeout)', '140 (turn timeout)', '145 (turn timeout)', '150 (turn timeout)', '155 (turn timeout)', '160 (turn timeout)', '165 (turn timeout)', '170 (turn timeout)', '175 (turn timeout)', '180 (turn timeout)', '185 (turn timeout)', '190 (turn timeout)', '195 (turn timeout)', '200 (turn timeout)', '205 (turn timeout)', '210 (turn timeout)', '215 (turn timeout)', '220 (turn timeout)', '225 (turn timeout)', '230 (turn timeout)', '235 (turn timeout)', '240 (turn timeout)', '245 (turn timeout)', '250 (turn timeout)', '255 (turn timeout)', '260 (turn timeout)'], 'lawn green': ['186 (turn timeout)', '191 (turn timeout)', '196 (turn timeout)', '201 (turn timeout)', '206 (turn timeout)', '211 (turn timeout)', '216 (turn timeout)', '221 (turn timeout)', '226 (turn timeout)', '231 (turn timeout)', '236 (turn timeout)', '241 (turn timeout)', '246 (turn timeout)', '251 (turn timeout)', '256 (turn timeout)', '261 (turn timeout)']}
[2026-05-22 11:18:14] GAME TIME LIMIT REACHED.
[2026-05-22 11:18:15] SCORE Gruppe 69 (lawn green): Final=1407.5, Time=96.0, Moves(37)=13.5, Pins(9)=900.0, Dist=398.0, Win Bonus=0.0
[2026-05-22 11:18:15] SCORE jat (gray0): Final=1325.3, Time=38.7, Moves(53)=90.6, Pins(8)=800.0, Dist=396.0, Win Bonus=0.0
[2026-05-22 11:18:15] SCORE group 99 (yellow): Final=1422.9, Time=36.3, Moves(53)=90.6, Pins(9)=900.0, Dist=396.0, Win Bonus=0.0
[2026-05-22 11:18:15] SCORE CybSec (purple): Final=2569.0, Time=78.4, Moves(53)=90.6, Pins(10)=1000.0, Dist=400.0, Win Bonus=1000.0
[2026-05-22 11:18:15] SCORE HelloWorld (red): Final=442.5, Time=94.5, Moves(8)=0.0, Pins(1)=100.0, Dist=248.0, Win Bonus=0.0
[2026-05-22 11:18:15] ALL WRONG MOVES BY COLOUR: {'red': ['45 (turn timeout)', '50 (turn timeout)', '55 (turn timeout)', '60 (turn timeout)', '65 (turn timeout)', '70 (turn timeout)', '75 (turn timeout)', '80 (turn timeout)', '85 (turn timeout)', '90 (turn timeout)', '95 (turn timeout)', '100 (turn timeout)', '105 (turn timeout)', '110 (turn timeout)', '115 (turn timeout)', '120 (turn timeout)', '125 (turn timeout)', '130 (turn timeout)', '135 (turn timeout)', '140 (turn timeout)', '145 (turn timeout)', '150 (turn timeout)', '155 (turn timeout)', '160 (turn timeout)', '165 (turn timeout)', '170 (turn timeout)', '175 (turn timeout)', '180 (turn timeout)', '185 (turn timeout)', '190 (turn timeout)', '195 (turn timeout)', '200 (turn timeout)', '205 (turn timeout)', '210 (turn timeout)', '215 (turn timeout)', '220 (turn timeout)', '225 (turn timeout)', '230 (turn timeout)', '235 (turn timeout)', '240 (turn timeout)', '245 (turn timeout)', '250 (turn timeout)', '255 (turn timeout)', '260 (turn timeout)'], 'lawn green': ['186 (turn timeout)', '191 (turn timeout)', '196 (turn timeout)', '201 (turn timeout)', '206 (turn timeout)', '211 (turn timeout)', '216 (turn timeout)', '221 (turn timeout)', '226 (turn timeout)', '231 (turn timeout)', '236 (turn timeout)', '241 (turn timeout)', '246 (turn timeout)', '251 (turn timeout)', '256 (turn timeout)', '261 (turn timeout)']}
[2026-05-22 11:18:15] GAME TIME LIMIT REACHED.
[2026-05-22 11:18:15] SCORE Gruppe 69 (lawn green): Final=1407.5, Time=96.0, Moves(37)=13.5, Pins(9)=900.0, Dist=398.0, Win Bonus=0.0
[2026-05-22 11:18:15] SCORE jat (gray0): Final=1325.3, Time=38.7, Moves(53)=90.6, Pins(8)=800.0, Dist=396.0, Win Bonus=0.0
[2026-05-22 11:18:15] SCORE group 99 (yellow): Final=1422.9, Time=36.3, Moves(53)=90.6, Pins(9)=900.0, Dist=396.0, Win Bonus=0.0
[2026-05-22 11:18:15] SCORE CybSec (purple): Final=2569.0, Time=78.4, Moves(53)=90.6, Pins(10)=1000.0, Dist=400.0, Win Bonus=1000.0
[2026-05-22 11:18:15] SCORE HelloWorld (red): Final=442.5, Time=94.5, Moves(8)=0.0, Pins(1)=100.0, Dist=248.0, Win Bonus=0.0
[2026-05-22 11:18:15] ALL WRONG MOVES BY COLOUR: {'red': ['45 (turn timeout)', '50 (turn timeout)', '55 (turn timeout)', '60 (turn timeout)', '65 (turn timeout)', '70 (turn timeout)', '75 (turn timeout)', '80 (turn timeout)', '85 (turn timeout)', '90 (turn timeout)', '95 (turn timeout)', '100 (turn timeout)', '105 (turn timeout)', '110 (turn timeout)', '115 (turn timeout)', '120 (turn timeout)', '125 (turn timeout)', '130 (turn timeout)', '135 (turn timeout)', '140 (turn timeout)', '145 (turn timeout)', '150 (turn timeout)', '155 (turn timeout)', '160 (turn timeout)', '165 (turn timeout)', '170 (turn timeout)', '175 (turn timeout)', '180 (turn timeout)', '185 (turn timeout)', '190 (turn timeout)', '195 (turn timeout)', '200 (turn timeout)', '205 (turn timeout)', '210 (turn timeout)', '215 (turn timeout)', '220 (turn timeout)', '225 (turn timeout)', '230 (turn timeout)', '235 (turn timeout)', '240 (turn timeout)', '245 (turn timeout)', '250 (turn timeout)', '255 (turn timeout)', '260 (turn timeout)'], 'lawn green': ['186 (turn timeout)', '191 (turn timeout)', '196 (turn timeout)', '201 (turn timeout)', '206 (turn timeout)', '211 (turn timeout)', '216 (turn timeout)', '221 (turn timeout)', '226 (turn timeout)', '231 (turn timeout)', '236 (turn timeout)', '241 (turn timeout)', '246 (turn timeout)', '251 (turn timeout)', '256 (turn timeout)', '261 (turn timeout)']}
[2026-05-22 11:18:15] GAME TIME LIMIT REACHED.
[2026-05-22 11:18:15] SCORE Gruppe 69 (lawn green): Final=1407.5, Time=96.0, Moves(37)=13.5, Pins(9)=900.0, Dist=398.0, Win Bonus=0.0
[2026-05-22 11:18:15] SCORE jat (gray0): Final=1325.3, Time=38.7, Moves(53)=90.6, Pins(8)=800.0, Dist=396.0, Win Bonus=0.0
[2026-05-22 11:18:15] SCORE group 99 (yellow): Final=1422.9, Time=36.3, Moves(53)=90.6, Pins(9)=900.0, Dist=396.0, Win Bonus=0.0
[2026-05-22 11:18:15] SCORE CybSec (purple): Final=2569.0, Time=78.4, Moves(53)=90.6, Pins(10)=1000.0, Dist=400.0, Win Bonus=1000.0
[2026-05-22 11:18:15] SCORE HelloWorld (red): Final=442.5, Time=94.5, Moves(8)=0.0, Pins(1)=100.0, Dist=248.0, Win Bonus=0.0
[2026-05-22 11:18:15] ALL WRONG MOVES BY COLOUR: {'red': ['45 (turn timeout)', '50 (turn timeout)', '55 (turn timeout)', '60 (turn timeout)', '65 (turn timeout)', '70 (turn timeout)', '75 (turn timeout)', '80 (turn timeout)', '85 (turn timeout)', '90 (turn timeout)', '95 (turn timeout)', '100 (turn timeout)', '105 (turn timeout)', '110 (turn timeout)', '115 (turn timeout)', '120 (turn timeout)', '125 (turn timeout)', '130 (turn timeout)', '135 (turn timeout)', '140 (turn timeout)', '145 (turn timeout)', '150 (turn timeout)', '155 (turn timeout)', '160 (turn timeout)', '165 (turn timeout)', '170 (turn timeout)', '175 (turn timeout)', '180 (turn timeout)', '185 (turn timeout)', '190 (turn timeout)', '195 (turn timeout)', '200 (turn timeout)', '205 (turn timeout)', '210 (turn timeout)', '215 (turn timeout)', '220 (turn timeout)', '225 (turn timeout)', '230 (turn timeout)', '235 (turn timeout)', '240 (turn timeout)', '245 (turn timeout)', '250 (turn timeout)', '255 (turn timeout)', '260 (turn timeout)'], 'lawn green': ['186 (turn timeout)', '191 (turn timeout)', '196 (turn timeout)', '201 (turn timeout)', '206 (turn timeout)', '211 (turn timeout)', '216 (turn timeout)', '221 (turn timeout)', '226 (turn timeout)', '231 (turn timeout)', '236 (turn timeout)', '241 (turn timeout)', '246 (turn timeout)', '251 (turn timeout)', '256 (turn timeout)', '261 (turn timeout)']}
[2026-05-22 11:18:15] GAME TIME LIMIT REACHED.
[2026-05-22 11:18:15] SCORE Gruppe 69 (lawn green): Final=1407.5, Time=96.0, Moves(37)=13.5, Pins(9)=900.0, Dist=398.0, Win Bonus=0.0
[2026-05-22 11:18:15] SCORE jat (gray0): Final=1325.3, Time=38.7, Moves(53)=90.6, Pins(8)=800.0, Dist=396.0, Win Bonus=0.0
[2026-05-22 11:18:15] SCORE group 99 (yellow): Final=1422.9, Time=36.3, Moves(53)=90.6, Pins(9)=900.0, Dist=396.0, Win Bonus=0.0
[2026-05-22 11:18:15] SCORE CybSec (purple): Final=2569.0, Time=78.4, Moves(53)=90.6, Pins(10)=1000.0, Dist=400.0, Win Bonus=1000.0
[2026-05-22 11:18:15] SCORE HelloWorld (red): Final=442.5, Time=94.5, Moves(8)=0.0, Pins(1)=100.0, Dist=248.0, Win Bonus=0.0
[2026-05-22 11:18:15] ALL WRONG MOVES BY COLOUR: {'red': ['45 (turn timeout)', '50 (turn timeout)', '55 (turn timeout)', '60 (turn timeout)', '65 (turn timeout)', '70 (turn timeout)', '75 (turn timeout)', '80 (turn timeout)', '85 (turn timeout)', '90 (turn timeout)', '95 (turn timeout)', '100 (turn timeout)', '105 (turn timeout)', '110 (turn timeout)', '115 (turn timeout)', '120 (turn timeout)', '125 (turn timeout)', '130 (turn timeout)', '135 (turn timeout)', '140 (turn timeout)', '145 (turn timeout)', '150 (turn timeout)', '155 (turn timeout)', '160 (turn timeout)', '165 (turn timeout)', '170 (turn timeout)', '175 (turn timeout)', '180 (turn timeout)', '185 (turn timeout)', '190 (turn timeout)', '195 (turn timeout)', '200 (turn timeout)', '205 (turn timeout)', '210 (turn timeout)', '215 (turn timeout)', '220 (turn timeout)', '225 (turn timeout)', '230 (turn timeout)', '235 (turn timeout)', '240 (turn timeout)', '245 (turn timeout)', '250 (turn timeout)', '255 (turn timeout)', '260 (turn timeout)'], 'lawn green': ['186 (turn timeout)', '191 (turn timeout)', '196 (turn timeout)', '201 (turn timeout)', '206 (turn timeout)', '211 (turn timeout)', '216 (turn timeout)', '221 (turn timeout)', '226 (turn timeout)', '231 (turn timeout)', '236 (turn timeout)', '241 (turn timeout)', '246 (turn timeout)', '251 (turn timeout)', '256 (turn timeout)', '261 (turn timeout)']}
[2026-05-22 11:18:15] GAME TIME LIMIT REACHED.
[2026-05-22 11:18:16] SCORE Gruppe 69 (lawn green): Final=1407.5, Time=96.0, Moves(37)=13.5, Pins(9)=900.0, Dist=398.0, Win Bonus=0.0
[2026-05-22 11:18:16] SCORE jat (gray0): Final=1325.3, Time=38.7, Moves(53)=90.6, Pins(8)=800.0, Dist=396.0, Win Bonus=0.0
[2026-05-22 11:18:16] SCORE group 99 (yellow): Final=1422.9, Time=36.3, Moves(53)=90.6, Pins(9)=900.0, Dist=396.0, Win Bonus=0.0
[2026-05-22 11:18:16] SCORE CybSec (purple): Final=2569.0, Time=78.4, Moves(53)=90.6, Pins(10)=1000.0, Dist=400.0, Win Bonus=1000.0
[2026-05-22 11:18:16] SCORE HelloWorld (red): Final=442.5, Time=94.5, Moves(8)=0.0, Pins(1)=100.0, Dist=248.0, Win Bonus=0.0
[2026-05-22 11:18:16] ALL WRONG MOVES BY COLOUR: {'red': ['45 (turn timeout)', '50 (turn timeout)', '55 (turn timeout)', '60 (turn timeout)', '65 (turn timeout)', '70 (turn timeout)', '75 (turn timeout)', '80 (turn timeout)', '85 (turn timeout)', '90 (turn timeout)', '95 (turn timeout)', '100 (turn timeout)', '105 (turn timeout)', '110 (turn timeout)', '115 (turn timeout)', '120 (turn timeout)', '125 (turn timeout)', '130 (turn timeout)', '135 (turn timeout)', '140 (turn timeout)', '145 (turn timeout)', '150 (turn timeout)', '155 (turn timeout)', '160 (turn timeout)', '165 (turn timeout)', '170 (turn timeout)', '175 (turn timeout)', '180 (turn timeout)', '185 (turn timeout)', '190 (turn timeout)', '195 (turn timeout)', '200 (turn timeout)', '205 (turn timeout)', '210 (turn timeout)', '215 (turn timeout)', '220 (turn timeout)', '225 (turn timeout)', '230 (turn timeout)', '235 (turn timeout)', '240 (turn timeout)', '245 (turn timeout)', '250 (turn timeout)', '255 (turn timeout)', '260 (turn timeout)'], 'lawn green': ['186 (turn timeout)', '191 (turn timeout)', '196 (turn timeout)', '201 (turn timeout)', '206 (turn timeout)', '211 (turn timeout)', '216 (turn timeout)', '221 (turn timeout)', '226 (turn timeout)', '231 (turn timeout)', '236 (turn timeout)', '241 (turn timeout)', '246 (turn timeout)', '251 (turn timeout)', '256 (turn timeout)', '261 (turn timeout)']}
[2026-05-22 11:18:16] GAME TIME LIMIT REACHED.
[2026-05-22 11:18:16] SCORE Gruppe 69 (lawn green): Final=1407.5, Time=96.0, Moves(37)=13.5, Pins(9)=900.0, Dist=398.0, Win Bonus=0.0
[2026-05-22 11:18:16] SCORE jat (gray0): Final=1325.3, Time=38.7, Moves(53)=90.6, Pins(8)=800.0, Dist=396.0, Win Bonus=0.0
[2026-05-22 11:18:16] SCORE group 99 (yellow): Final=1422.9, Time=36.3, Moves(53)=90.6, Pins(9)=900.0, Dist=396.0, Win Bonus=0.0
[2026-05-22 11:18:16] SCORE CybSec (purple): Final=2569.0, Time=78.4, Moves(53)=90.6, Pins(10)=1000.0, Dist=400.0, Win Bonus=1000.0
[2026-05-22 11:18:16] SCORE HelloWorld (red): Final=442.5, Time=94.5, Moves(8)=0.0, Pins(1)=100.0, Dist=248.0, Win Bonus=0.0
[2026-05-22 11:18:16] ALL WRONG MOVES BY COLOUR: {'red': ['45 (turn timeout)', '50 (turn timeout)', '55 (turn timeout)', '60 (turn timeout)', '65 (turn timeout)', '70 (turn timeout)', '75 (turn timeout)', '80 (turn timeout)', '85 (turn timeout)', '90 (turn timeout)', '95 (turn timeout)', '100 (turn timeout)', '105 (turn timeout)', '110 (turn timeout)', '115 (turn timeout)', '120 (turn timeout)', '125 (turn timeout)', '130 (turn timeout)', '135 (turn timeout)', '140 (turn timeout)', '145 (turn timeout)', '150 (turn timeout)', '155 (turn timeout)', '160 (turn timeout)', '165 (turn timeout)', '170 (turn timeout)', '175 (turn timeout)', '180 (turn timeout)', '185 (turn timeout)', '190 (turn timeout)', '195 (turn timeout)', '200 (turn timeout)', '205 (turn timeout)', '210 (turn timeout)', '215 (turn timeout)', '220 (turn timeout)', '225 (turn timeout)', '230 (turn timeout)', '235 (turn timeout)', '240 (turn timeout)', '245 (turn timeout)', '250 (turn timeout)', '255 (turn timeout)', '260 (turn timeout)'], 'lawn green': ['186 (turn timeout)', '191 (turn timeout)', '196 (turn timeout)', '201 (turn timeout)', '206 (turn timeout)', '211 (turn timeout)', '216 (turn timeout)', '221 (turn timeout)', '226 (turn timeout)', '231 (turn timeout)', '236 (turn timeout)', '241 (turn timeout)', '246 (turn timeout)', '251 (turn timeout)', '256 (turn timeout)', '261 (turn timeout)']}
[2026-05-22 11:18:16] GAME TIME LIMIT REACHED.
[2026-05-22 11:18:16] SCORE Gruppe 69 (lawn green): Final=1407.5, Time=96.0, Moves(37)=13.5, Pins(9)=900.0, Dist=398.0, Win Bonus=0.0
[2026-05-22 11:18:16] SCORE jat (gray0): Final=1325.3, Time=38.7, Moves(53)=90.6, Pins(8)=800.0, Dist=396.0, Win Bonus=0.0
[2026-05-22 11:18:16] SCORE group 99 (yellow): Final=1422.9, Time=36.3, Moves(53)=90.6, Pins(9)=900.0, Dist=396.0, Win Bonus=0.0
[2026-05-22 11:18:16] SCORE CybSec (purple): Final=2569.0, Time=78.4, Moves(53)=90.6, Pins(10)=1000.0, Dist=400.0, Win Bonus=1000.0
[2026-05-22 11:18:16] SCORE HelloWorld (red): Final=442.5, Time=94.5, Moves(8)=0.0, Pins(1)=100.0, Dist=248.0, Win Bonus=0.0
[2026-05-22 11:18:16] ALL WRONG MOVES BY COLOUR: {'red': ['45 (turn timeout)', '50 (turn timeout)', '55 (turn timeout)', '60 (turn timeout)', '65 (turn timeout)', '70 (turn timeout)', '75 (turn timeout)', '80 (turn timeout)', '85 (turn timeout)', '90 (turn timeout)', '95 (turn timeout)', '100 (turn timeout)', '105 (turn timeout)', '110 (turn timeout)', '115 (turn timeout)', '120 (turn timeout)', '125 (turn timeout)', '130 (turn timeout)', '135 (turn timeout)', '140 (turn timeout)', '145 (turn timeout)', '150 (turn timeout)', '155 (turn timeout)', '160 (turn timeout)', '165 (turn timeout)', '170 (turn timeout)', '175 (turn timeout)', '180 (turn timeout)', '185 (turn timeout)', '190 (turn timeout)', '195 (turn timeout)', '200 (turn timeout)', '205 (turn timeout)', '210 (turn timeout)', '215 (turn timeout)', '220 (turn timeout)', '225 (turn timeout)', '230 (turn timeout)', '235 (turn timeout)', '240 (turn timeout)', '245 (turn timeout)', '250 (turn timeout)', '255 (turn timeout)', '260 (turn timeout)'], 'lawn green': ['186 (turn timeout)', '191 (turn timeout)', '196 (turn timeout)', '201 (turn timeout)', '206 (turn timeout)', '211 (turn timeout)', '216 (turn timeout)', '221 (turn timeout)', '226 (turn timeout)', '231 (turn timeout)', '236 (turn timeout)', '241 (turn timeout)', '246 (turn timeout)', '251 (turn timeout)', '256 (turn timeout)', '261 (turn timeout)']}
[2026-05-22 11:18:16] GAME TIME LIMIT REACHED.
[2026-05-22 11:18:16] SCORE Gruppe 69 (lawn green): Final=1407.5, Time=96.0, Moves(37)=13.5, Pins(9)=900.0, Dist=398.0, Win Bonus=0.0
[2026-05-22 11:18:16] SCORE jat (gray0): Final=1325.3, Time=38.7, Moves(53)=90.6, Pins(8)=800.0, Dist=396.0, Win Bonus=0.0
[2026-05-22 11:18:16] SCORE group 99 (yellow): Final=1422.9, Time=36.3, Moves(53)=90.6, Pins(9)=900.0, Dist=396.0, Win Bonus=0.0
[2026-05-22 11:18:16] SCORE CybSec (purple): Final=2569.0, Time=78.4, Moves(53)=90.6, Pins(10)=1000.0, Dist=400.0, Win Bonus=1000.0
[2026-05-22 11:18:16] SCORE HelloWorld (red): Final=442.5, Time=94.5, Moves(8)=0.0, Pins(1)=100.0, Dist=248.0, Win Bonus=0.0
[2026-05-22 11:18:16] ALL WRONG MOVES BY COLOUR: {'red': ['45 (turn timeout)', '50 (turn timeout)', '55 (turn timeout)', '60 (turn timeout)', '65 (turn timeout)', '70 (turn timeout)', '75 (turn timeout)', '80 (turn timeout)', '85 (turn timeout)', '90 (turn timeout)', '95 (turn timeout)', '100 (turn timeout)', '105 (turn timeout)', '110 (turn timeout)', '115 (turn timeout)', '120 (turn timeout)', '125 (turn timeout)', '130 (turn timeout)', '135 (turn timeout)', '140 (turn timeout)', '145 (turn timeout)', '150 (turn timeout)', '155 (turn timeout)', '160 (turn timeout)', '165 (turn timeout)', '170 (turn timeout)', '175 (turn timeout)', '180 (turn timeout)', '185 (turn timeout)', '190 (turn timeout)', '195 (turn timeout)', '200 (turn timeout)', '205 (turn timeout)', '210 (turn timeout)', '215 (turn timeout)', '220 (turn timeout)', '225 (turn timeout)', '230 (turn timeout)', '235 (turn timeout)', '240 (turn timeout)', '245 (turn timeout)', '250 (turn timeout)', '255 (turn timeout)', '260 (turn timeout)'], 'lawn green': ['186 (turn timeout)', '191 (turn timeout)', '196 (turn timeout)', '201 (turn timeout)', '206 (turn timeout)', '211 (turn timeout)', '216 (turn timeout)', '221 (turn timeout)', '226 (turn timeout)', '231 (turn timeout)', '236 (turn timeout)', '241 (turn timeout)', '246 (turn timeout)', '251 (turn timeout)', '256 (turn timeout)', '261 (turn timeout)']}
[2026-05-22 11:18:17] GAME TIME LIMIT REACHED.
[2026-05-22 11:18:17] SCORE Gruppe 69 (lawn green): Final=1407.5, Time=96.0, Moves(37)=13.5, Pins(9)=900.0, Dist=398.0, Win Bonus=0.0
[2026-05-22 11:18:17] SCORE jat (gray0): Final=1325.3, Time=38.7, Moves(53)=90.6, Pins(8)=800.0, Dist=396.0, Win Bonus=0.0
[2026-05-22 11:18:17] SCORE group 99 (yellow): Final=1422.9, Time=36.3, Moves(53)=90.6, Pins(9)=900.0, Dist=396.0, Win Bonus=0.0
[2026-05-22 11:18:17] SCORE CybSec (purple): Final=2569.0, Time=78.4, Moves(53)=90.6, Pins(10)=1000.0, Dist=400.0, Win Bonus=1000.0
[2026-05-22 11:18:17] SCORE HelloWorld (red): Final=442.5, Time=94.5, Moves(8)=0.0, Pins(1)=100.0, Dist=248.0, Win Bonus=0.0
[2026-05-22 11:18:17] ALL WRONG MOVES BY COLOUR: {'red': ['45 (turn timeout)', '50 (turn timeout)', '55 (turn timeout)', '60 (turn timeout)', '65 (turn timeout)', '70 (turn timeout)', '75 (turn timeout)', '80 (turn timeout)', '85 (turn timeout)', '90 (turn timeout)', '95 (turn timeout)', '100 (turn timeout)', '105 (turn timeout)', '110 (turn timeout)', '115 (turn timeout)', '120 (turn timeout)', '125 (turn timeout)', '130 (turn timeout)', '135 (turn timeout)', '140 (turn timeout)', '145 (turn timeout)', '150 (turn timeout)', '155 (turn timeout)', '160 (turn timeout)', '165 (turn timeout)', '170 (turn timeout)', '175 (turn timeout)', '180 (turn timeout)', '185 (turn timeout)', '190 (turn timeout)', '195 (turn timeout)', '200 (turn timeout)', '205 (turn timeout)', '210 (turn timeout)', '215 (turn timeout)', '220 (turn timeout)', '225 (turn timeout)', '230 (turn timeout)', '235 (turn timeout)', '240 (turn timeout)', '245 (turn timeout)', '250 (turn timeout)', '255 (turn timeout)', '260 (turn timeout)'], 'lawn green': ['186 (turn timeout)', '191 (turn timeout)', '196 (turn timeout)', '201 (turn timeout)', '206 (turn timeout)', '211 (turn timeout)', '216 (turn timeout)', '221 (turn timeout)', '226 (turn timeout)', '231 (turn timeout)', '236 (turn timeout)', '241 (turn timeout)', '246 (turn timeout)', '251 (turn timeout)', '256 (turn timeout)', '261 (turn timeout)']}
[2026-05-22 11:18:17] GAME TIME LIMIT REACHED.
[2026-05-22 11:18:17] SCORE Gruppe 69 (lawn green): Final=1407.5, Time=96.0, Moves(37)=13.5, Pins(9)=900.0, Dist=398.0, Win Bonus=0.0
[2026-05-22 11:18:17] SCORE jat (gray0): Final=1325.3, Time=38.7, Moves(53)=90.6, Pins(8)=800.0, Dist=396.0, Win Bonus=0.0
[2026-05-22 11:18:17] SCORE group 99 (yellow): Final=1422.9, Time=36.3, Moves(53)=90.6, Pins(9)=900.0, Dist=396.0, Win Bonus=0.0
[2026-05-22 11:18:17] SCORE CybSec (purple): Final=2569.0, Time=78.4, Moves(53)=90.6, Pins(10)=1000.0, Dist=400.0, Win Bonus=1000.0
[2026-05-22 11:18:17] SCORE HelloWorld (red): Final=442.5, Time=94.5, Moves(8)=0.0, Pins(1)=100.0, Dist=248.0, Win Bonus=0.0
[2026-05-22 11:18:17] ALL WRONG MOVES BY COLOUR: {'red': ['45 (turn timeout)', '50 (turn timeout)', '55 (turn timeout)', '60 (turn timeout)', '65 (turn timeout)', '70 (turn timeout)', '75 (turn timeout)', '80 (turn timeout)', '85 (turn timeout)', '90 (turn timeout)', '95 (turn timeout)', '100 (turn timeout)', '105 (turn timeout)', '110 (turn timeout)', '115 (turn timeout)', '120 (turn timeout)', '125 (turn timeout)', '130 (turn timeout)', '135 (turn timeout)', '140 (turn timeout)', '145 (turn timeout)', '150 (turn timeout)', '155 (turn timeout)', '160 (turn timeout)', '165 (turn timeout)', '170 (turn timeout)', '175 (turn timeout)', '180 (turn timeout)', '185 (turn timeout)', '190 (turn timeout)', '195 (turn timeout)', '200 (turn timeout)', '205 (turn timeout)', '210 (turn timeout)', '215 (turn timeout)', '220 (turn timeout)', '225 (turn timeout)', '230 (turn timeout)', '235 (turn timeout)', '240 (turn timeout)', '245 (turn timeout)', '250 (turn timeout)', '255 (turn timeout)', '260 (turn timeout)'], 'lawn green': ['186 (turn timeout)', '191 (turn timeout)', '196 (turn timeout)', '201 (turn timeout)', '206 (turn timeout)', '211 (turn timeout)', '216 (turn timeout)', '221 (turn timeout)', '226 (turn timeout)', '231 (turn timeout)', '236 (turn timeout)', '241 (turn timeout)', '246 (turn timeout)', '251 (turn timeout)', '256 (turn timeout)', '261 (turn timeout)']}
[2026-05-22 11:18:17] GAME TIME LIMIT REACHED.
[2026-05-22 11:18:17] SCORE Gruppe 69 (lawn green): Final=1407.5, Time=96.0, Moves(37)=13.5, Pins(9)=900.0, Dist=398.0, Win Bonus=0.0
[2026-05-22 11:18:17] SCORE jat (gray0): Final=1325.3, Time=38.7, Moves(53)=90.6, Pins(8)=800.0, Dist=396.0, Win Bonus=0.0
[2026-05-22 11:18:17] SCORE group 99 (yellow): Final=1422.9, Time=36.3, Moves(53)=90.6, Pins(9)=900.0, Dist=396.0, Win Bonus=0.0
[2026-05-22 11:18:17] SCORE CybSec (purple): Final=2569.0, Time=78.4, Moves(53)=90.6, Pins(10)=1000.0, Dist=400.0, Win Bonus=1000.0
[2026-05-22 11:18:17] SCORE HelloWorld (red): Final=442.5, Time=94.5, Moves(8)=0.0, Pins(1)=100.0, Dist=248.0, Win Bonus=0.0
[2026-05-22 11:18:17] ALL WRONG MOVES BY COLOUR: {'red': ['45 (turn timeout)', '50 (turn timeout)', '55 (turn timeout)', '60 (turn timeout)', '65 (turn timeout)', '70 (turn timeout)', '75 (turn timeout)', '80 (turn timeout)', '85 (turn timeout)', '90 (turn timeout)', '95 (turn timeout)', '100 (turn timeout)', '105 (turn timeout)', '110 (turn timeout)', '115 (turn timeout)', '120 (turn timeout)', '125 (turn timeout)', '130 (turn timeout)', '135 (turn timeout)', '140 (turn timeout)', '145 (turn timeout)', '150 (turn timeout)', '155 (turn timeout)', '160 (turn timeout)', '165 (turn timeout)', '170 (turn timeout)', '175 (turn timeout)', '180 (turn timeout)', '185 (turn timeout)', '190 (turn timeout)', '195 (turn timeout)', '200 (turn timeout)', '205 (turn timeout)', '210 (turn timeout)', '215 (turn timeout)', '220 (turn timeout)', '225 (turn timeout)', '230 (turn timeout)', '235 (turn timeout)', '240 (turn timeout)', '245 (turn timeout)', '250 (turn timeout)', '255 (turn timeout)', '260 (turn timeout)'], 'lawn green': ['186 (turn timeout)', '191 (turn timeout)', '196 (turn timeout)', '201 (turn timeout)', '206 (turn timeout)', '211 (turn timeout)', '216 (turn timeout)', '221 (turn timeout)', '226 (turn timeout)', '231 (turn timeout)', '236 (turn timeout)', '241 (turn timeout)', '246 (turn timeout)', '251 (turn timeout)', '256 (turn timeout)', '261 (turn timeout)']}
[2026-05-22 11:18:17] GAME TIME LIMIT REACHED.
[2026-05-22 11:18:17] SCORE Gruppe 69 (lawn green): Final=1407.5, Time=96.0, Moves(37)=13.5, Pins(9)=900.0, Dist=398.0, Win Bonus=0.0
[2026-05-22 11:18:17] SCORE jat (gray0): Final=1325.3, Time=38.7, Moves(53)=90.6, Pins(8)=800.0, Dist=396.0, Win Bonus=0.0
[2026-05-22 11:18:17] SCORE group 99 (yellow): Final=1422.9, Time=36.3, Moves(53)=90.6, Pins(9)=900.0, Dist=396.0, Win Bonus=0.0
[2026-05-22 11:18:17] SCORE CybSec (purple): Final=2569.0, Time=78.4, Moves(53)=90.6, Pins(10)=1000.0, Dist=400.0, Win Bonus=1000.0
[2026-05-22 11:18:17] SCORE HelloWorld (red): Final=442.5, Time=94.5, Moves(8)=0.0, Pins(1)=100.0, Dist=248.0, Win Bonus=0.0
[2026-05-22 11:18:17] ALL WRONG MOVES BY COLOUR: {'red': ['45 (turn timeout)', '50 (turn timeout)', '55 (turn timeout)', '60 (turn timeout)', '65 (turn timeout)', '70 (turn timeout)', '75 (turn timeout)', '80 (turn timeout)', '85 (turn timeout)', '90 (turn timeout)', '95 (turn timeout)', '100 (turn timeout)', '105 (turn timeout)', '110 (turn timeout)', '115 (turn timeout)', '120 (turn timeout)', '125 (turn timeout)', '130 (turn timeout)', '135 (turn timeout)', '140 (turn timeout)', '145 (turn timeout)', '150 (turn timeout)', '155 (turn timeout)', '160 (turn timeout)', '165 (turn timeout)', '170 (turn timeout)', '175 (turn timeout)', '180 (turn timeout)', '185 (turn timeout)', '190 (turn timeout)', '195 (turn timeout)', '200 (turn timeout)', '205 (turn timeout)', '210 (turn timeout)', '215 (turn timeout)', '220 (turn timeout)', '225 (turn timeout)', '230 (turn timeout)', '235 (turn timeout)', '240 (turn timeout)', '245 (turn timeout)', '250 (turn timeout)', '255 (turn timeout)', '260 (turn timeout)'], 'lawn green': ['186 (turn timeout)', '191 (turn timeout)', '196 (turn timeout)', '201 (turn timeout)', '206 (turn timeout)', '211 (turn timeout)', '216 (turn timeout)', '221 (turn timeout)', '226 (turn timeout)', '231 (turn timeout)', '236 (turn timeout)', '241 (turn timeout)', '246 (turn timeout)', '251 (turn timeout)', '256 (turn timeout)', '261 (turn timeout)']}
[2026-05-22 11:18:18] GAME TIME LIMIT REACHED.
[2026-05-22 11:18:18] SCORE Gruppe 69 (lawn green): Final=1407.5, Time=96.0, Moves(37)=13.5, Pins(9)=900.0, Dist=398.0, Win Bonus=0.0
[2026-05-22 11:18:18] SCORE jat (gray0): Final=1325.3, Time=38.7, Moves(53)=90.6, Pins(8)=800.0, Dist=396.0, Win Bonus=0.0
[2026-05-22 11:18:18] SCORE group 99 (yellow): Final=1422.9, Time=36.3, Moves(53)=90.6, Pins(9)=900.0, Dist=396.0, Win Bonus=0.0
[2026-05-22 11:18:18] SCORE CybSec (purple): Final=2569.0, Time=78.4, Moves(53)=90.6, Pins(10)=1000.0, Dist=400.0, Win Bonus=1000.0
[2026-05-22 11:18:18] SCORE HelloWorld (red): Final=442.5, Time=94.5, Moves(8)=0.0, Pins(1)=100.0, Dist=248.0, Win Bonus=0.0
[2026-05-22 11:18:18] ALL WRONG MOVES BY COLOUR: {'red': ['45 (turn timeout)', '50 (turn timeout)', '55 (turn timeout)', '60 (turn timeout)', '65 (turn timeout)', '70 (turn timeout)', '75 (turn timeout)', '80 (turn timeout)', '85 (turn timeout)', '90 (turn timeout)', '95 (turn timeout)', '100 (turn timeout)', '105 (turn timeout)', '110 (turn timeout)', '115 (turn timeout)', '120 (turn timeout)', '125 (turn timeout)', '130 (turn timeout)', '135 (turn timeout)', '140 (turn timeout)', '145 (turn timeout)', '150 (turn timeout)', '155 (turn timeout)', '160 (turn timeout)', '165 (turn timeout)', '170 (turn timeout)', '175 (turn timeout)', '180 (turn timeout)', '185 (turn timeout)', '190 (turn timeout)', '195 (turn timeout)', '200 (turn timeout)', '205 (turn timeout)', '210 (turn timeout)', '215 (turn timeout)', '220 (turn timeout)', '225 (turn timeout)', '230 (turn timeout)', '235 (turn timeout)', '240 (turn timeout)', '245 (turn timeout)', '250 (turn timeout)', '255 (turn timeout)', '260 (turn timeout)'], 'lawn green': ['186 (turn timeout)', '191 (turn timeout)', '196 (turn timeout)', '201 (turn timeout)', '206 (turn timeout)', '211 (turn timeout)', '216 (turn timeout)', '221 (turn timeout)', '226 (turn timeout)', '231 (turn timeout)', '236 (turn timeout)', '241 (turn timeout)', '246 (turn timeout)', '251 (turn timeout)', '256 (turn timeout)', '261 (turn timeout)']}
[2026-05-22 11:18:18] GAME TIME LIMIT REACHED.
[2026-05-22 11:18:18] SCORE Gruppe 69 (lawn green): Final=1407.5, Time=96.0, Moves(37)=13.5, Pins(9)=900.0, Dist=398.0, Win Bonus=0.0
[2026-05-22 11:18:18] SCORE jat (gray0): Final=1325.3, Time=38.7, Moves(53)=90.6, Pins(8)=800.0, Dist=396.0, Win Bonus=0.0
[2026-05-22 11:18:18] SCORE group 99 (yellow): Final=1422.9, Time=36.3, Moves(53)=90.6, Pins(9)=900.0, Dist=396.0, Win Bonus=0.0
[2026-05-22 11:18:18] SCORE CybSec (purple): Final=2569.0, Time=78.4, Moves(53)=90.6, Pins(10)=1000.0, Dist=400.0, Win Bonus=1000.0
[2026-05-22 11:18:18] SCORE HelloWorld (red): Final=442.5, Time=94.5, Moves(8)=0.0, Pins(1)=100.0, Dist=248.0, Win Bonus=0.0
[2026-05-22 11:18:18] ALL WRONG MOVES BY COLOUR: {'red': ['45 (turn timeout)', '50 (turn timeout)', '55 (turn timeout)', '60 (turn timeout)', '65 (turn timeout)', '70 (turn timeout)', '75 (turn timeout)', '80 (turn timeout)', '85 (turn timeout)', '90 (turn timeout)', '95 (turn timeout)', '100 (turn timeout)', '105 (turn timeout)', '110 (turn timeout)', '115 (turn timeout)', '120 (turn timeout)', '125 (turn timeout)', '130 (turn timeout)', '135 (turn timeout)', '140 (turn timeout)', '145 (turn timeout)', '150 (turn timeout)', '155 (turn timeout)', '160 (turn timeout)', '165 (turn timeout)', '170 (turn timeout)', '175 (turn timeout)', '180 (turn timeout)', '185 (turn timeout)', '190 (turn timeout)', '195 (turn timeout)', '200 (turn timeout)', '205 (turn timeout)', '210 (turn timeout)', '215 (turn timeout)', '220 (turn timeout)', '225 (turn timeout)', '230 (turn timeout)', '235 (turn timeout)', '240 (turn timeout)', '245 (turn timeout)', '250 (turn timeout)', '255 (turn timeout)', '260 (turn timeout)'], 'lawn green': ['186 (turn timeout)', '191 (turn timeout)', '196 (turn timeout)', '201 (turn timeout)', '206 (turn timeout)', '211 (turn timeout)', '216 (turn timeout)', '221 (turn timeout)', '226 (turn timeout)', '231 (turn timeout)', '236 (turn timeout)', '241 (turn timeout)', '246 (turn timeout)', '251 (turn timeout)', '256 (turn timeout)', '261 (turn timeout)']}
[2026-05-22 11:18:18] GAME TIME LIMIT REACHED.
[2026-05-22 11:18:18] SCORE Gruppe 69 (lawn green): Final=1407.5, Time=96.0, Moves(37)=13.5, Pins(9)=900.0, Dist=398.0, Win Bonus=0.0
[2026-05-22 11:18:18] SCORE jat (gray0): Final=1325.3, Time=38.7, Moves(53)=90.6, Pins(8)=800.0, Dist=396.0, Win Bonus=0.0
[2026-05-22 11:18:18] SCORE group 99 (yellow): Final=1422.9, Time=36.3, Moves(53)=90.6, Pins(9)=900.0, Dist=396.0, Win Bonus=0.0
[2026-05-22 11:18:18] SCORE CybSec (purple): Final=2569.0, Time=78.4, Moves(53)=90.6, Pins(10)=1000.0, Dist=400.0, Win Bonus=1000.0
[2026-05-22 11:18:18] SCORE HelloWorld (red): Final=442.5, Time=94.5, Moves(8)=0.0, Pins(1)=100.0, Dist=248.0, Win Bonus=0.0
[2026-05-22 11:18:18] ALL WRONG MOVES BY COLOUR: {'red': ['45 (turn timeout)', '50 (turn timeout)', '55 (turn timeout)', '60 (turn timeout)', '65 (turn timeout)', '70 (turn timeout)', '75 (turn timeout)', '80 (turn timeout)', '85 (turn timeout)', '90 (turn timeout)', '95 (turn timeout)', '100 (turn timeout)', '105 (turn timeout)', '110 (turn timeout)', '115 (turn timeout)', '120 (turn timeout)', '125 (turn timeout)', '130 (turn timeout)', '135 (turn timeout)', '140 (turn timeout)', '145 (turn timeout)', '150 (turn timeout)', '155 (turn timeout)', '160 (turn timeout)', '165 (turn timeout)', '170 (turn timeout)', '175 (turn timeout)', '180 (turn timeout)', '185 (turn timeout)', '190 (turn timeout)', '195 (turn timeout)', '200 (turn timeout)', '205 (turn timeout)', '210 (turn timeout)', '215 (turn timeout)', '220 (turn timeout)', '225 (turn timeout)', '230 (turn timeout)', '235 (turn timeout)', '240 (turn timeout)', '245 (turn timeout)', '250 (turn timeout)', '255 (turn timeout)', '260 (turn timeout)'], 'lawn green': ['186 (turn timeout)', '191 (turn timeout)', '196 (turn timeout)', '201 (turn timeout)', '206 (turn timeout)', '211 (turn timeout)', '216 (turn timeout)', '221 (turn timeout)', '226 (turn timeout)', '231 (turn timeout)', '236 (turn timeout)', '241 (turn timeout)', '246 (turn timeout)', '251 (turn timeout)', '256 (turn timeout)', '261 (turn timeout)']}
[2026-05-22 11:18:18] GAME TIME LIMIT REACHED.
[2026-05-22 11:18:18] SCORE Gruppe 69 (lawn green): Final=1407.5, Time=96.0, Moves(37)=13.5, Pins(9)=900.0, Dist=398.0, Win Bonus=0.0
[2026-05-22 11:18:18] SCORE jat (gray0): Final=1325.3, Time=38.7, Moves(53)=90.6, Pins(8)=800.0, Dist=396.0, Win Bonus=0.0
[2026-05-22 11:18:18] SCORE group 99 (yellow): Final=1422.9, Time=36.3, Moves(53)=90.6, Pins(9)=900.0, Dist=396.0, Win Bonus=0.0
[2026-05-22 11:18:18] SCORE CybSec (purple): Final=2569.0, Time=78.4, Moves(53)=90.6, Pins(10)=1000.0, Dist=400.0, Win Bonus=1000.0
[2026-05-22 11:18:18] SCORE HelloWorld (red): Final=442.5, Time=94.5, Moves(8)=0.0, Pins(1)=100.0, Dist=248.0, Win Bonus=0.0
[2026-05-22 11:18:18] ALL WRONG MOVES BY COLOUR: {'red': ['45 (turn timeout)', '50 (turn timeout)', '55 (turn timeout)', '60 (turn timeout)', '65 (turn timeout)', '70 (turn timeout)', '75 (turn timeout)', '80 (turn timeout)', '85 (turn timeout)', '90 (turn timeout)', '95 (turn timeout)', '100 (turn timeout)', '105 (turn timeout)', '110 (turn timeout)', '115 (turn timeout)', '120 (turn timeout)', '125 (turn timeout)', '130 (turn timeout)', '135 (turn timeout)', '140 (turn timeout)', '145 (turn timeout)', '150 (turn timeout)', '155 (turn timeout)', '160 (turn timeout)', '165 (turn timeout)', '170 (turn timeout)', '175 (turn timeout)', '180 (turn timeout)', '185 (turn timeout)', '190 (turn timeout)', '195 (turn timeout)', '200 (turn timeout)', '205 (turn timeout)', '210 (turn timeout)', '215 (turn timeout)', '220 (turn timeout)', '225 (turn timeout)', '230 (turn timeout)', '235 (turn timeout)', '240 (turn timeout)', '245 (turn timeout)', '250 (turn timeout)', '255 (turn timeout)', '260 (turn timeout)'], 'lawn green': ['186 (turn timeout)', '191 (turn timeout)', '196 (turn timeout)', '201 (turn timeout)', '206 (turn timeout)', '211 (turn timeout)', '216 (turn timeout)', '221 (turn timeout)', '226 (turn timeout)', '231 (turn timeout)', '236 (turn timeout)', '241 (turn timeout)', '246 (turn timeout)', '251 (turn timeout)', '256 (turn timeout)', '261 (turn timeout)']}
[2026-05-22 11:18:18] GAME TIME LIMIT REACHED.
[2026-05-22 11:18:19] SCORE Gruppe 69 (lawn green): Final=1407.5, Time=96.0, Moves(37)=13.5, Pins(9)=900.0, Dist=398.0, Win Bonus=0.0
[2026-05-22 11:18:19] SCORE jat (gray0): Final=1325.3, Time=38.7, Moves(53)=90.6, Pins(8)=800.0, Dist=396.0, Win Bonus=0.0
[2026-05-22 11:18:19] SCORE group 99 (yellow): Final=1422.9, Time=36.3, Moves(53)=90.6, Pins(9)=900.0, Dist=396.0, Win Bonus=0.0
[2026-05-22 11:18:19] SCORE CybSec (purple): Final=2569.0, Time=78.4, Moves(53)=90.6, Pins(10)=1000.0, Dist=400.0, Win Bonus=1000.0
[2026-05-22 11:18:19] SCORE HelloWorld (red): Final=442.5, Time=94.5, Moves(8)=0.0, Pins(1)=100.0, Dist=248.0, Win Bonus=0.0
[2026-05-22 11:18:19] ALL WRONG MOVES BY COLOUR: {'red': ['45 (turn timeout)', '50 (turn timeout)', '55 (turn timeout)', '60 (turn timeout)', '65 (turn timeout)', '70 (turn timeout)', '75 (turn timeout)', '80 (turn timeout)', '85 (turn timeout)', '90 (turn timeout)', '95 (turn timeout)', '100 (turn timeout)', '105 (turn timeout)', '110 (turn timeout)', '115 (turn timeout)', '120 (turn timeout)', '125 (turn timeout)', '130 (turn timeout)', '135 (turn timeout)', '140 (turn timeout)', '145 (turn timeout)', '150 (turn timeout)', '155 (turn timeout)', '160 (turn timeout)', '165 (turn timeout)', '170 (turn timeout)', '175 (turn timeout)', '180 (turn timeout)', '185 (turn timeout)', '190 (turn timeout)', '195 (turn timeout)', '200 (turn timeout)', '205 (turn timeout)', '210 (turn timeout)', '215 (turn timeout)', '220 (turn timeout)', '225 (turn timeout)', '230 (turn timeout)', '235 (turn timeout)', '240 (turn timeout)', '245 (turn timeout)', '250 (turn timeout)', '255 (turn timeout)', '260 (turn timeout)'], 'lawn green': ['186 (turn timeout)', '191 (turn timeout)', '196 (turn timeout)', '201 (turn timeout)', '206 (turn timeout)', '211 (turn timeout)', '216 (turn timeout)', '221 (turn timeout)', '226 (turn timeout)', '231 (turn timeout)', '236 (turn timeout)', '241 (turn timeout)', '246 (turn timeout)', '251 (turn timeout)', '256 (turn timeout)', '261 (turn timeout)']}
[2026-05-22 11:18:19] GAME TIME LIMIT REACHED.
[2026-05-22 11:18:19] SCORE Gruppe 69 (lawn green): Final=1407.5, Time=96.0, Moves(37)=13.5, Pins(9)=900.0, Dist=398.0, Win Bonus=0.0
[2026-05-22 11:18:19] SCORE jat (gray0): Final=1325.3, Time=38.7, Moves(53)=90.6, Pins(8)=800.0, Dist=396.0, Win Bonus=0.0
[2026-05-22 11:18:19] SCORE group 99 (yellow): Final=1422.9, Time=36.3, Moves(53)=90.6, Pins(9)=900.0, Dist=396.0, Win Bonus=0.0
[2026-05-22 11:18:19] SCORE CybSec (purple): Final=2569.0, Time=78.4, Moves(53)=90.6, Pins(10)=1000.0, Dist=400.0, Win Bonus=1000.0
[2026-05-22 11:18:19] SCORE HelloWorld (red): Final=442.5, Time=94.5, Moves(8)=0.0, Pins(1)=100.0, Dist=248.0, Win Bonus=0.0
[2026-05-22 11:18:19] ALL WRONG MOVES BY COLOUR: {'red': ['45 (turn timeout)', '50 (turn timeout)', '55 (turn timeout)', '60 (turn timeout)', '65 (turn timeout)', '70 (turn timeout)', '75 (turn timeout)', '80 (turn timeout)', '85 (turn timeout)', '90 (turn timeout)', '95 (turn timeout)', '100 (turn timeout)', '105 (turn timeout)', '110 (turn timeout)', '115 (turn timeout)', '120 (turn timeout)', '125 (turn timeout)', '130 (turn timeout)', '135 (turn timeout)', '140 (turn timeout)', '145 (turn timeout)', '150 (turn timeout)', '155 (turn timeout)', '160 (turn timeout)', '165 (turn timeout)', '170 (turn timeout)', '175 (turn timeout)', '180 (turn timeout)', '185 (turn timeout)', '190 (turn timeout)', '195 (turn timeout)', '200 (turn timeout)', '205 (turn timeout)', '210 (turn timeout)', '215 (turn timeout)', '220 (turn timeout)', '225 (turn timeout)', '230 (turn timeout)', '235 (turn timeout)', '240 (turn timeout)', '245 (turn timeout)', '250 (turn timeout)', '255 (turn timeout)', '260 (turn timeout)'], 'lawn green': ['186 (turn timeout)', '191 (turn timeout)', '196 (turn timeout)', '201 (turn timeout)', '206 (turn timeout)', '211 (turn timeout)', '216 (turn timeout)', '221 (turn timeout)', '226 (turn timeout)', '231 (turn timeout)', '236 (turn timeout)', '241 (turn timeout)', '246 (turn timeout)', '251 (turn timeout)', '256 (turn timeout)', '261 (turn timeout)']}
[2026-05-22 11:18:19] GAME TIME LIMIT REACHED.
[2026-05-22 11:18:19] SCORE Gruppe 69 (lawn green): Final=1407.5, Time=96.0, Moves(37)=13.5, Pins(9)=900.0, Dist=398.0, Win Bonus=0.0
[2026-05-22 11:18:19] SCORE jat (gray0): Final=1325.3, Time=38.7, Moves(53)=90.6, Pins(8)=800.0, Dist=396.0, Win Bonus=0.0
[2026-05-22 11:18:19] SCORE group 99 (yellow): Final=1422.9, Time=36.3, Moves(53)=90.6, Pins(9)=900.0, Dist=396.0, Win Bonus=0.0
[2026-05-22 11:18:19] SCORE CybSec (purple): Final=2569.0, Time=78.4, Moves(53)=90.6, Pins(10)=1000.0, Dist=400.0, Win Bonus=1000.0
[2026-05-22 11:18:19] SCORE HelloWorld (red): Final=442.5, Time=94.5, Moves(8)=0.0, Pins(1)=100.0, Dist=248.0, Win Bonus=0.0
[2026-05-22 11:18:19] ALL WRONG MOVES BY COLOUR: {'red': ['45 (turn timeout)', '50 (turn timeout)', '55 (turn timeout)', '60 (turn timeout)', '65 (turn timeout)', '70 (turn timeout)', '75 (turn timeout)', '80 (turn timeout)', '85 (turn timeout)', '90 (turn timeout)', '95 (turn timeout)', '100 (turn timeout)', '105 (turn timeout)', '110 (turn timeout)', '115 (turn timeout)', '120 (turn timeout)', '125 (turn timeout)', '130 (turn timeout)', '135 (turn timeout)', '140 (turn timeout)', '145 (turn timeout)', '150 (turn timeout)', '155 (turn timeout)', '160 (turn timeout)', '165 (turn timeout)', '170 (turn timeout)', '175 (turn timeout)', '180 (turn timeout)', '185 (turn timeout)', '190 (turn timeout)', '195 (turn timeout)', '200 (turn timeout)', '205 (turn timeout)', '210 (turn timeout)', '215 (turn timeout)', '220 (turn timeout)', '225 (turn timeout)', '230 (turn timeout)', '235 (turn timeout)', '240 (turn timeout)', '245 (turn timeout)', '250 (turn timeout)', '255 (turn timeout)', '260 (turn timeout)'], 'lawn green': ['186 (turn timeout)', '191 (turn timeout)', '196 (turn timeout)', '201 (turn timeout)', '206 (turn timeout)', '211 (turn timeout)', '216 (turn timeout)', '221 (turn timeout)', '226 (turn timeout)', '231 (turn timeout)', '236 (turn timeout)', '241 (turn timeout)', '246 (turn timeout)', '251 (turn timeout)', '256 (turn timeout)', '261 (turn timeout)']}
[2026-05-22 11:18:19] GAME TIME LIMIT REACHED.
[2026-05-22 11:18:19] SCORE Gruppe 69 (lawn green): Final=1407.5, Time=96.0, Moves(37)=13.5, Pins(9)=900.0, Dist=398.0, Win Bonus=0.0
[2026-05-22 11:18:19] SCORE jat (gray0): Final=1325.3, Time=38.7, Moves(53)=90.6, Pins(8)=800.0, Dist=396.0, Win Bonus=0.0
[2026-05-22 11:18:19] SCORE group 99 (yellow): Final=1422.9, Time=36.3, Moves(53)=90.6, Pins(9)=900.0, Dist=396.0, Win Bonus=0.0
[2026-05-22 11:18:19] SCORE CybSec (purple): Final=2569.0, Time=78.4, Moves(53)=90.6, Pins(10)=1000.0, Dist=400.0, Win Bonus=1000.0
[2026-05-22 11:18:19] SCORE HelloWorld (red): Final=442.5, Time=94.5, Moves(8)=0.0, Pins(1)=100.0, Dist=248.0, Win Bonus=0.0
[2026-05-22 11:18:19] ALL WRONG MOVES BY COLOUR: {'red': ['45 (turn timeout)', '50 (turn timeout)', '55 (turn timeout)', '60 (turn timeout)', '65 (turn timeout)', '70 (turn timeout)', '75 (turn timeout)', '80 (turn timeout)', '85 (turn timeout)', '90 (turn timeout)', '95 (turn timeout)', '100 (turn timeout)', '105 (turn timeout)', '110 (turn timeout)', '115 (turn timeout)', '120 (turn timeout)', '125 (turn timeout)', '130 (turn timeout)', '135 (turn timeout)', '140 (turn timeout)', '145 (turn timeout)', '150 (turn timeout)', '155 (turn timeout)', '160 (turn timeout)', '165 (turn timeout)', '170 (turn timeout)', '175 (turn timeout)', '180 (turn timeout)', '185 (turn timeout)', '190 (turn timeout)', '195 (turn timeout)', '200 (turn timeout)', '205 (turn timeout)', '210 (turn timeout)', '215 (turn timeout)', '220 (turn timeout)', '225 (turn timeout)', '230 (turn timeout)', '235 (turn timeout)', '240 (turn timeout)', '245 (turn timeout)', '250 (turn timeout)', '255 (turn timeout)', '260 (turn timeout)'], 'lawn green': ['186 (turn timeout)', '191 (turn timeout)', '196 (turn timeout)', '201 (turn timeout)', '206 (turn timeout)', '211 (turn timeout)', '216 (turn timeout)', '221 (turn timeout)', '226 (turn timeout)', '231 (turn timeout)', '236 (turn timeout)', '241 (turn timeout)', '246 (turn timeout)', '251 (turn timeout)', '256 (turn timeout)', '261 (turn timeout)']}
[2026-05-22 11:18:19] GAME TIME LIMIT REACHED.
[2026-05-22 11:18:20] SCORE Gruppe 69 (lawn green): Final=1407.5, Time=96.0, Moves(37)=13.5, Pins(9)=900.0, Dist=398.0, Win Bonus=0.0
[2026-05-22 11:18:20] SCORE jat (gray0): Final=1325.3, Time=38.7, Moves(53)=90.6, Pins(8)=800.0, Dist=396.0, Win Bonus=0.0
[2026-05-22 11:18:20] SCORE group 99 (yellow): Final=1422.9, Time=36.3, Moves(53)=90.6, Pins(9)=900.0, Dist=396.0, Win Bonus=0.0
[2026-05-22 11:18:20] SCORE CybSec (purple): Final=2569.0, Time=78.4, Moves(53)=90.6, Pins(10)=1000.0, Dist=400.0, Win Bonus=1000.0
[2026-05-22 11:18:20] SCORE HelloWorld (red): Final=442.5, Time=94.5, Moves(8)=0.0, Pins(1)=100.0, Dist=248.0, Win Bonus=0.0
[2026-05-22 11:18:20] ALL WRONG MOVES BY COLOUR: {'red': ['45 (turn timeout)', '50 (turn timeout)', '55 (turn timeout)', '60 (turn timeout)', '65 (turn timeout)', '70 (turn timeout)', '75 (turn timeout)', '80 (turn timeout)', '85 (turn timeout)', '90 (turn timeout)', '95 (turn timeout)', '100 (turn timeout)', '105 (turn timeout)', '110 (turn timeout)', '115 (turn timeout)', '120 (turn timeout)', '125 (turn timeout)', '130 (turn timeout)', '135 (turn timeout)', '140 (turn timeout)', '145 (turn timeout)', '150 (turn timeout)', '155 (turn timeout)', '160 (turn timeout)', '165 (turn timeout)', '170 (turn timeout)', '175 (turn timeout)', '180 (turn timeout)', '185 (turn timeout)', '190 (turn timeout)', '195 (turn timeout)', '200 (turn timeout)', '205 (turn timeout)', '210 (turn timeout)', '215 (turn timeout)', '220 (turn timeout)', '225 (turn timeout)', '230 (turn timeout)', '235 (turn timeout)', '240 (turn timeout)', '245 (turn timeout)', '250 (turn timeout)', '255 (turn timeout)', '260 (turn timeout)'], 'lawn green': ['186 (turn timeout)', '191 (turn timeout)', '196 (turn timeout)', '201 (turn timeout)', '206 (turn timeout)', '211 (turn timeout)', '216 (turn timeout)', '221 (turn timeout)', '226 (turn timeout)', '231 (turn timeout)', '236 (turn timeout)', '241 (turn timeout)', '246 (turn timeout)', '251 (turn timeout)', '256 (turn timeout)', '261 (turn timeout)']}
[2026-05-22 11:18:20] GAME TIME LIMIT REACHED.
[2026-05-22 11:18:20] SCORE Gruppe 69 (lawn green): Final=1407.5, Time=96.0, Moves(37)=13.5, Pins(9)=900.0, Dist=398.0, Win Bonus=0.0
[2026-05-22 11:18:20] SCORE jat (gray0): Final=1325.3, Time=38.7, Moves(53)=90.6, Pins(8)=800.0, Dist=396.0, Win Bonus=0.0
[2026-05-22 11:18:20] SCORE group 99 (yellow): Final=1422.9, Time=36.3, Moves(53)=90.6, Pins(9)=900.0, Dist=396.0, Win Bonus=0.0
[2026-05-22 11:18:20] SCORE CybSec (purple): Final=2569.0, Time=78.4, Moves(53)=90.6, Pins(10)=1000.0, Dist=400.0, Win Bonus=1000.0
[2026-05-22 11:18:20] SCORE HelloWorld (red): Final=442.5, Time=94.5, Moves(8)=0.0, Pins(1)=100.0, Dist=248.0, Win Bonus=0.0
[2026-05-22 11:18:20] ALL WRONG MOVES BY COLOUR: {'red': ['45 (turn timeout)', '50 (turn timeout)', '55 (turn timeout)', '60 (turn timeout)', '65 (turn timeout)', '70 (turn timeout)', '75 (turn timeout)', '80 (turn timeout)', '85 (turn timeout)', '90 (turn timeout)', '95 (turn timeout)', '100 (turn timeout)', '105 (turn timeout)', '110 (turn timeout)', '115 (turn timeout)', '120 (turn timeout)', '125 (turn timeout)', '130 (turn timeout)', '135 (turn timeout)', '140 (turn timeout)', '145 (turn timeout)', '150 (turn timeout)', '155 (turn timeout)', '160 (turn timeout)', '165 (turn timeout)', '170 (turn timeout)', '175 (turn timeout)', '180 (turn timeout)', '185 (turn timeout)', '190 (turn timeout)', '195 (turn timeout)', '200 (turn timeout)', '205 (turn timeout)', '210 (turn timeout)', '215 (turn timeout)', '220 (turn timeout)', '225 (turn timeout)', '230 (turn timeout)', '235 (turn timeout)', '240 (turn timeout)', '245 (turn timeout)', '250 (turn timeout)', '255 (turn timeout)', '260 (turn timeout)'], 'lawn green': ['186 (turn timeout)', '191 (turn timeout)', '196 (turn timeout)', '201 (turn timeout)', '206 (turn timeout)', '211 (turn timeout)', '216 (turn timeout)', '221 (turn timeout)', '226 (turn timeout)', '231 (turn timeout)', '236 (turn timeout)', '241 (turn timeout)', '246 (turn timeout)', '251 (turn timeout)', '256 (turn timeout)', '261 (turn timeout)']}
[2026-05-22 11:18:20] GAME TIME LIMIT REACHED.
[2026-05-22 11:18:20] SCORE Gruppe 69 (lawn green): Final=1407.5, Time=96.0, Moves(37)=13.5, Pins(9)=900.0, Dist=398.0, Win Bonus=0.0
[2026-05-22 11:18:20] SCORE jat (gray0): Final=1325.3, Time=38.7, Moves(53)=90.6, Pins(8)=800.0, Dist=396.0, Win Bonus=0.0
[2026-05-22 11:18:20] SCORE group 99 (yellow): Final=1422.9, Time=36.3, Moves(53)=90.6, Pins(9)=900.0, Dist=396.0, Win Bonus=0.0
[2026-05-22 11:18:20] SCORE CybSec (purple): Final=2569.0, Time=78.4, Moves(53)=90.6, Pins(10)=1000.0, Dist=400.0, Win Bonus=1000.0
[2026-05-22 11:18:20] SCORE HelloWorld (red): Final=442.5, Time=94.5, Moves(8)=0.0, Pins(1)=100.0, Dist=248.0, Win Bonus=0.0
[2026-05-22 11:18:20] ALL WRONG MOVES BY COLOUR: {'red': ['45 (turn timeout)', '50 (turn timeout)', '55 (turn timeout)', '60 (turn timeout)', '65 (turn timeout)', '70 (turn timeout)', '75 (turn timeout)', '80 (turn timeout)', '85 (turn timeout)', '90 (turn timeout)', '95 (turn timeout)', '100 (turn timeout)', '105 (turn timeout)', '110 (turn timeout)', '115 (turn timeout)', '120 (turn timeout)', '125 (turn timeout)', '130 (turn timeout)', '135 (turn timeout)', '140 (turn timeout)', '145 (turn timeout)', '150 (turn timeout)', '155 (turn timeout)', '160 (turn timeout)', '165 (turn timeout)', '170 (turn timeout)', '175 (turn timeout)', '180 (turn timeout)', '185 (turn timeout)', '190 (turn timeout)', '195 (turn timeout)', '200 (turn timeout)', '205 (turn timeout)', '210 (turn timeout)', '215 (turn timeout)', '220 (turn timeout)', '225 (turn timeout)', '230 (turn timeout)', '235 (turn timeout)', '240 (turn timeout)', '245 (turn timeout)', '250 (turn timeout)', '255 (turn timeout)', '260 (turn timeout)'], 'lawn green': ['186 (turn timeout)', '191 (turn timeout)', '196 (turn timeout)', '201 (turn timeout)', '206 (turn timeout)', '211 (turn timeout)', '216 (turn timeout)', '221 (turn timeout)', '226 (turn timeout)', '231 (turn timeout)', '236 (turn timeout)', '241 (turn timeout)', '246 (turn timeout)', '251 (turn timeout)', '256 (turn timeout)', '261 (turn timeout)']}
[2026-05-22 11:18:20] GAME TIME LIMIT REACHED.
[2026-05-22 11:18:20] SCORE Gruppe 69 (lawn green): Final=1407.5, Time=96.0, Moves(37)=13.5, Pins(9)=900.0, Dist=398.0, Win Bonus=0.0
[2026-05-22 11:18:20] SCORE jat (gray0): Final=1325.3, Time=38.7, Moves(53)=90.6, Pins(8)=800.0, Dist=396.0, Win Bonus=0.0
[2026-05-22 11:18:20] SCORE group 99 (yellow): Final=1422.9, Time=36.3, Moves(53)=90.6, Pins(9)=900.0, Dist=396.0, Win Bonus=0.0
[2026-05-22 11:18:20] SCORE CybSec (purple): Final=2569.0, Time=78.4, Moves(53)=90.6, Pins(10)=1000.0, Dist=400.0, Win Bonus=1000.0
[2026-05-22 11:18:20] SCORE HelloWorld (red): Final=442.5, Time=94.5, Moves(8)=0.0, Pins(1)=100.0, Dist=248.0, Win Bonus=0.0
[2026-05-22 11:18:20] ALL WRONG MOVES BY COLOUR: {'red': ['45 (turn timeout)', '50 (turn timeout)', '55 (turn timeout)', '60 (turn timeout)', '65 (turn timeout)', '70 (turn timeout)', '75 (turn timeout)', '80 (turn timeout)', '85 (turn timeout)', '90 (turn timeout)', '95 (turn timeout)', '100 (turn timeout)', '105 (turn timeout)', '110 (turn timeout)', '115 (turn timeout)', '120 (turn timeout)', '125 (turn timeout)', '130 (turn timeout)', '135 (turn timeout)', '140 (turn timeout)', '145 (turn timeout)', '150 (turn timeout)', '155 (turn timeout)', '160 (turn timeout)', '165 (turn timeout)', '170 (turn timeout)', '175 (turn timeout)', '180 (turn timeout)', '185 (turn timeout)', '190 (turn timeout)', '195 (turn timeout)', '200 (turn timeout)', '205 (turn timeout)', '210 (turn timeout)', '215 (turn timeout)', '220 (turn timeout)', '225 (turn timeout)', '230 (turn timeout)', '235 (turn timeout)', '240 (turn timeout)', '245 (turn timeout)', '250 (turn timeout)', '255 (turn timeout)', '260 (turn timeout)'], 'lawn green': ['186 (turn timeout)', '191 (turn timeout)', '196 (turn timeout)', '201 (turn timeout)', '206 (turn timeout)', '211 (turn timeout)', '216 (turn timeout)', '221 (turn timeout)', '226 (turn timeout)', '231 (turn timeout)', '236 (turn timeout)', '241 (turn timeout)', '246 (turn timeout)', '251 (turn timeout)', '256 (turn timeout)', '261 (turn timeout)']}
[2026-05-22 11:18:20] GAME TIME LIMIT REACHED.
[2026-05-22 11:18:21] SCORE Gruppe 69 (lawn green): Final=1407.5, Time=96.0, Moves(37)=13.5, Pins(9)=900.0, Dist=398.0, Win Bonus=0.0
[2026-05-22 11:18:21] SCORE jat (gray0): Final=1325.3, Time=38.7, Moves(53)=90.6, Pins(8)=800.0, Dist=396.0, Win Bonus=0.0
[2026-05-22 11:18:21] SCORE group 99 (yellow): Final=1422.9, Time=36.3, Moves(53)=90.6, Pins(9)=900.0, Dist=396.0, Win Bonus=0.0
[2026-05-22 11:18:21] SCORE CybSec (purple): Final=2569.0, Time=78.4, Moves(53)=90.6, Pins(10)=1000.0, Dist=400.0, Win Bonus=1000.0
[2026-05-22 11:18:21] SCORE HelloWorld (red): Final=442.5, Time=94.5, Moves(8)=0.0, Pins(1)=100.0, Dist=248.0, Win Bonus=0.0
[2026-05-22 11:18:21] ALL WRONG MOVES BY COLOUR: {'red': ['45 (turn timeout)', '50 (turn timeout)', '55 (turn timeout)', '60 (turn timeout)', '65 (turn timeout)', '70 (turn timeout)', '75 (turn timeout)', '80 (turn timeout)', '85 (turn timeout)', '90 (turn timeout)', '95 (turn timeout)', '100 (turn timeout)', '105 (turn timeout)', '110 (turn timeout)', '115 (turn timeout)', '120 (turn timeout)', '125 (turn timeout)', '130 (turn timeout)', '135 (turn timeout)', '140 (turn timeout)', '145 (turn timeout)', '150 (turn timeout)', '155 (turn timeout)', '160 (turn timeout)', '165 (turn timeout)', '170 (turn timeout)', '175 (turn timeout)', '180 (turn timeout)', '185 (turn timeout)', '190 (turn timeout)', '195 (turn timeout)', '200 (turn timeout)', '205 (turn timeout)', '210 (turn timeout)', '215 (turn timeout)', '220 (turn timeout)', '225 (turn timeout)', '230 (turn timeout)', '235 (turn timeout)', '240 (turn timeout)', '245 (turn timeout)', '250 (turn timeout)', '255 (turn timeout)', '260 (turn timeout)'], 'lawn green': ['186 (turn timeout)', '191 (turn timeout)', '196 (turn timeout)', '201 (turn timeout)', '206 (turn timeout)', '211 (turn timeout)', '216 (turn timeout)', '221 (turn timeout)', '226 (turn timeout)', '231 (turn timeout)', '236 (turn timeout)', '241 (turn timeout)', '246 (turn timeout)', '251 (turn timeout)', '256 (turn timeout)', '261 (turn timeout)']}
[2026-05-22 11:18:21] GAME TIME LIMIT REACHED.
[2026-05-22 11:18:21] SCORE Gruppe 69 (lawn green): Final=1407.5, Time=96.0, Moves(37)=13.5, Pins(9)=900.0, Dist=398.0, Win Bonus=0.0
[2026-05-22 11:18:21] SCORE jat (gray0): Final=1325.3, Time=38.7, Moves(53)=90.6, Pins(8)=800.0, Dist=396.0, Win Bonus=0.0
[2026-05-22 11:18:21] SCORE group 99 (yellow): Final=1422.9, Time=36.3, Moves(53)=90.6, Pins(9)=900.0, Dist=396.0, Win Bonus=0.0
[2026-05-22 11:18:21] SCORE CybSec (purple): Final=2569.0, Time=78.4, Moves(53)=90.6, Pins(10)=1000.0, Dist=400.0, Win Bonus=1000.0
[2026-05-22 11:18:21] SCORE HelloWorld (red): Final=442.5, Time=94.5, Moves(8)=0.0, Pins(1)=100.0, Dist=248.0, Win Bonus=0.0
[2026-05-22 11:18:21] ALL WRONG MOVES BY COLOUR: {'red': ['45 (turn timeout)', '50 (turn timeout)', '55 (turn timeout)', '60 (turn timeout)', '65 (turn timeout)', '70 (turn timeout)', '75 (turn timeout)', '80 (turn timeout)', '85 (turn timeout)', '90 (turn timeout)', '95 (turn timeout)', '100 (turn timeout)', '105 (turn timeout)', '110 (turn timeout)', '115 (turn timeout)', '120 (turn timeout)', '125 (turn timeout)', '130 (turn timeout)', '135 (turn timeout)', '140 (turn timeout)', '145 (turn timeout)', '150 (turn timeout)', '155 (turn timeout)', '160 (turn timeout)', '165 (turn timeout)', '170 (turn timeout)', '175 (turn timeout)', '180 (turn timeout)', '185 (turn timeout)', '190 (turn timeout)', '195 (turn timeout)', '200 (turn timeout)', '205 (turn timeout)', '210 (turn timeout)', '215 (turn timeout)', '220 (turn timeout)', '225 (turn timeout)', '230 (turn timeout)', '235 (turn timeout)', '240 (turn timeout)', '245 (turn timeout)', '250 (turn timeout)', '255 (turn timeout)', '260 (turn timeout)'], 'lawn green': ['186 (turn timeout)', '191 (turn timeout)', '196 (turn timeout)', '201 (turn timeout)', '206 (turn timeout)', '211 (turn timeout)', '216 (turn timeout)', '221 (turn timeout)', '226 (turn timeout)', '231 (turn timeout)', '236 (turn timeout)', '241 (turn timeout)', '246 (turn timeout)', '251 (turn timeout)', '256 (turn timeout)', '261 (turn timeout)']}
[2026-05-22 11:18:21] GAME TIME LIMIT REACHED.
[2026-05-22 11:18:21] SCORE Gruppe 69 (lawn green): Final=1407.5, Time=96.0, Moves(37)=13.5, Pins(9)=900.0, Dist=398.0, Win Bonus=0.0
[2026-05-22 11:18:21] SCORE jat (gray0): Final=1325.3, Time=38.7, Moves(53)=90.6, Pins(8)=800.0, Dist=396.0, Win Bonus=0.0
[2026-05-22 11:18:21] SCORE group 99 (yellow): Final=1422.9, Time=36.3, Moves(53)=90.6, Pins(9)=900.0, Dist=396.0, Win Bonus=0.0
[2026-05-22 11:18:21] SCORE CybSec (purple): Final=2569.0, Time=78.4, Moves(53)=90.6, Pins(10)=1000.0, Dist=400.0, Win Bonus=1000.0
[2026-05-22 11:18:21] SCORE HelloWorld (red): Final=442.5, Time=94.5, Moves(8)=0.0, Pins(1)=100.0, Dist=248.0, Win Bonus=0.0
[2026-05-22 11:18:21] ALL WRONG MOVES BY COLOUR: {'red': ['45 (turn timeout)', '50 (turn timeout)', '55 (turn timeout)', '60 (turn timeout)', '65 (turn timeout)', '70 (turn timeout)', '75 (turn timeout)', '80 (turn timeout)', '85 (turn timeout)', '90 (turn timeout)', '95 (turn timeout)', '100 (turn timeout)', '105 (turn timeout)', '110 (turn timeout)', '115 (turn timeout)', '120 (turn timeout)', '125 (turn timeout)', '130 (turn timeout)', '135 (turn timeout)', '140 (turn timeout)', '145 (turn timeout)', '150 (turn timeout)', '155 (turn timeout)', '160 (turn timeout)', '165 (turn timeout)', '170 (turn timeout)', '175 (turn timeout)', '180 (turn timeout)', '185 (turn timeout)', '190 (turn timeout)', '195 (turn timeout)', '200 (turn timeout)', '205 (turn timeout)', '210 (turn timeout)', '215 (turn timeout)', '220 (turn timeout)', '225 (turn timeout)', '230 (turn timeout)', '235 (turn timeout)', '240 (turn timeout)', '245 (turn timeout)', '250 (turn timeout)', '255 (turn timeout)', '260 (turn timeout)'], 'lawn green': ['186 (turn timeout)', '191 (turn timeout)', '196 (turn timeout)', '201 (turn timeout)', '206 (turn timeout)', '211 (turn timeout)', '216 (turn timeout)', '221 (turn timeout)', '226 (turn timeout)', '231 (turn timeout)', '236 (turn timeout)', '241 (turn timeout)', '246 (turn timeout)', '251 (turn timeout)', '256 (turn timeout)', '261 (turn timeout)']}
[2026-05-22 11:18:21] GAME TIME LIMIT REACHED.
[2026-05-22 11:18:21] SCORE Gruppe 69 (lawn green): Final=1407.5, Time=96.0, Moves(37)=13.5, Pins(9)=900.0, Dist=398.0, Win Bonus=0.0
[2026-05-22 11:18:21] SCORE jat (gray0): Final=1325.3, Time=38.7, Moves(53)=90.6, Pins(8)=800.0, Dist=396.0, Win Bonus=0.0
[2026-05-22 11:18:21] SCORE group 99 (yellow): Final=1422.9, Time=36.3, Moves(53)=90.6, Pins(9)=900.0, Dist=396.0, Win Bonus=0.0
[2026-05-22 11:18:21] SCORE CybSec (purple): Final=2569.0, Time=78.4, Moves(53)=90.6, Pins(10)=1000.0, Dist=400.0, Win Bonus=1000.0
[2026-05-22 11:18:21] SCORE HelloWorld (red): Final=442.5, Time=94.5, Moves(8)=0.0, Pins(1)=100.0, Dist=248.0, Win Bonus=0.0
[2026-05-22 11:18:21] ALL WRONG MOVES BY COLOUR: {'red': ['45 (turn timeout)', '50 (turn timeout)', '55 (turn timeout)', '60 (turn timeout)', '65 (turn timeout)', '70 (turn timeout)', '75 (turn timeout)', '80 (turn timeout)', '85 (turn timeout)', '90 (turn timeout)', '95 (turn timeout)', '100 (turn timeout)', '105 (turn timeout)', '110 (turn timeout)', '115 (turn timeout)', '120 (turn timeout)', '125 (turn timeout)', '130 (turn timeout)', '135 (turn timeout)', '140 (turn timeout)', '145 (turn timeout)', '150 (turn timeout)', '155 (turn timeout)', '160 (turn timeout)', '165 (turn timeout)', '170 (turn timeout)', '175 (turn timeout)', '180 (turn timeout)', '185 (turn timeout)', '190 (turn timeout)', '195 (turn timeout)', '200 (turn timeout)', '205 (turn timeout)', '210 (turn timeout)', '215 (turn timeout)', '220 (turn timeout)', '225 (turn timeout)', '230 (turn timeout)', '235 (turn timeout)', '240 (turn timeout)', '245 (turn timeout)', '250 (turn timeout)', '255 (turn timeout)', '260 (turn timeout)'], 'lawn green': ['186 (turn timeout)', '191 (turn timeout)', '196 (turn timeout)', '201 (turn timeout)', '206 (turn timeout)', '211 (turn timeout)', '216 (turn timeout)', '221 (turn timeout)', '226 (turn timeout)', '231 (turn timeout)', '236 (turn timeout)', '241 (turn timeout)', '246 (turn timeout)', '251 (turn timeout)', '256 (turn timeout)', '261 (turn timeout)']}
[2026-05-22 11:18:21] GAME TIME LIMIT REACHED.
[2026-05-22 11:18:22] SCORE Gruppe 69 (lawn green): Final=1407.5, Time=96.0, Moves(37)=13.5, Pins(9)=900.0, Dist=398.0, Win Bonus=0.0
[2026-05-22 11:18:22] SCORE jat (gray0): Final=1325.3, Time=38.7, Moves(53)=90.6, Pins(8)=800.0, Dist=396.0, Win Bonus=0.0
[2026-05-22 11:18:22] SCORE group 99 (yellow): Final=1422.9, Time=36.3, Moves(53)=90.6, Pins(9)=900.0, Dist=396.0, Win Bonus=0.0
[2026-05-22 11:18:22] SCORE CybSec (purple): Final=2569.0, Time=78.4, Moves(53)=90.6, Pins(10)=1000.0, Dist=400.0, Win Bonus=1000.0
[2026-05-22 11:18:22] SCORE HelloWorld (red): Final=442.5, Time=94.5, Moves(8)=0.0, Pins(1)=100.0, Dist=248.0, Win Bonus=0.0
[2026-05-22 11:18:22] ALL WRONG MOVES BY COLOUR: {'red': ['45 (turn timeout)', '50 (turn timeout)', '55 (turn timeout)', '60 (turn timeout)', '65 (turn timeout)', '70 (turn timeout)', '75 (turn timeout)', '80 (turn timeout)', '85 (turn timeout)', '90 (turn timeout)', '95 (turn timeout)', '100 (turn timeout)', '105 (turn timeout)', '110 (turn timeout)', '115 (turn timeout)', '120 (turn timeout)', '125 (turn timeout)', '130 (turn timeout)', '135 (turn timeout)', '140 (turn timeout)', '145 (turn timeout)', '150 (turn timeout)', '155 (turn timeout)', '160 (turn timeout)', '165 (turn timeout)', '170 (turn timeout)', '175 (turn timeout)', '180 (turn timeout)', '185 (turn timeout)', '190 (turn timeout)', '195 (turn timeout)', '200 (turn timeout)', '205 (turn timeout)', '210 (turn timeout)', '215 (turn timeout)', '220 (turn timeout)', '225 (turn timeout)', '230 (turn timeout)', '235 (turn timeout)', '240 (turn timeout)', '245 (turn timeout)', '250 (turn timeout)', '255 (turn timeout)', '260 (turn timeout)'], 'lawn green': ['186 (turn timeout)', '191 (turn timeout)', '196 (turn timeout)', '201 (turn timeout)', '206 (turn timeout)', '211 (turn timeout)', '216 (turn timeout)', '221 (turn timeout)', '226 (turn timeout)', '231 (turn timeout)', '236 (turn timeout)', '241 (turn timeout)', '246 (turn timeout)', '251 (turn timeout)', '256 (turn timeout)', '261 (turn timeout)']}
[2026-05-22 11:18:22] GAME TIME LIMIT REACHED.
[2026-05-22 11:18:22] SCORE Gruppe 69 (lawn green): Final=1407.5, Time=96.0, Moves(37)=13.5, Pins(9)=900.0, Dist=398.0, Win Bonus=0.0
[2026-05-22 11:18:22] SCORE jat (gray0): Final=1325.3, Time=38.7, Moves(53)=90.6, Pins(8)=800.0, Dist=396.0, Win Bonus=0.0
[2026-05-22 11:18:22] SCORE group 99 (yellow): Final=1422.9, Time=36.3, Moves(53)=90.6, Pins(9)=900.0, Dist=396.0, Win Bonus=0.0
[2026-05-22 11:18:22] SCORE CybSec (purple): Final=2569.0, Time=78.4, Moves(53)=90.6, Pins(10)=1000.0, Dist=400.0, Win Bonus=1000.0
[2026-05-22 11:18:22] SCORE HelloWorld (red): Final=442.5, Time=94.5, Moves(8)=0.0, Pins(1)=100.0, Dist=248.0, Win Bonus=0.0
[2026-05-22 11:18:22] ALL WRONG MOVES BY COLOUR: {'red': ['45 (turn timeout)', '50 (turn timeout)', '55 (turn timeout)', '60 (turn timeout)', '65 (turn timeout)', '70 (turn timeout)', '75 (turn timeout)', '80 (turn timeout)', '85 (turn timeout)', '90 (turn timeout)', '95 (turn timeout)', '100 (turn timeout)', '105 (turn timeout)', '110 (turn timeout)', '115 (turn timeout)', '120 (turn timeout)', '125 (turn timeout)', '130 (turn timeout)', '135 (turn timeout)', '140 (turn timeout)', '145 (turn timeout)', '150 (turn timeout)', '155 (turn timeout)', '160 (turn timeout)', '165 (turn timeout)', '170 (turn timeout)', '175 (turn timeout)', '180 (turn timeout)', '185 (turn timeout)', '190 (turn timeout)', '195 (turn timeout)', '200 (turn timeout)', '205 (turn timeout)', '210 (turn timeout)', '215 (turn timeout)', '220 (turn timeout)', '225 (turn timeout)', '230 (turn timeout)', '235 (turn timeout)', '240 (turn timeout)', '245 (turn timeout)', '250 (turn timeout)', '255 (turn timeout)', '260 (turn timeout)'], 'lawn green': ['186 (turn timeout)', '191 (turn timeout)', '196 (turn timeout)', '201 (turn timeout)', '206 (turn timeout)', '211 (turn timeout)', '216 (turn timeout)', '221 (turn timeout)', '226 (turn timeout)', '231 (turn timeout)', '236 (turn timeout)', '241 (turn timeout)', '246 (turn timeout)', '251 (turn timeout)', '256 (turn timeout)', '261 (turn timeout)']}
[2026-05-22 11:18:22] GAME TIME LIMIT REACHED.
[2026-05-22 11:18:22] SCORE Gruppe 69 (lawn green): Final=1407.5, Time=96.0, Moves(37)=13.5, Pins(9)=900.0, Dist=398.0, Win Bonus=0.0
[2026-05-22 11:18:22] SCORE jat (gray0): Final=1325.3, Time=38.7, Moves(53)=90.6, Pins(8)=800.0, Dist=396.0, Win Bonus=0.0
[2026-05-22 11:18:22] SCORE group 99 (yellow): Final=1422.9, Time=36.3, Moves(53)=90.6, Pins(9)=900.0, Dist=396.0, Win Bonus=0.0
[2026-05-22 11:18:22] SCORE CybSec (purple): Final=2569.0, Time=78.4, Moves(53)=90.6, Pins(10)=1000.0, Dist=400.0, Win Bonus=1000.0
[2026-05-22 11:18:22] SCORE HelloWorld (red): Final=442.5, Time=94.5, Moves(8)=0.0, Pins(1)=100.0, Dist=248.0, Win Bonus=0.0
[2026-05-22 11:18:22] ALL WRONG MOVES BY COLOUR: {'red': ['45 (turn timeout)', '50 (turn timeout)', '55 (turn timeout)', '60 (turn timeout)', '65 (turn timeout)', '70 (turn timeout)', '75 (turn timeout)', '80 (turn timeout)', '85 (turn timeout)', '90 (turn timeout)', '95 (turn timeout)', '100 (turn timeout)', '105 (turn timeout)', '110 (turn timeout)', '115 (turn timeout)', '120 (turn timeout)', '125 (turn timeout)', '130 (turn timeout)', '135 (turn timeout)', '140 (turn timeout)', '145 (turn timeout)', '150 (turn timeout)', '155 (turn timeout)', '160 (turn timeout)', '165 (turn timeout)', '170 (turn timeout)', '175 (turn timeout)', '180 (turn timeout)', '185 (turn timeout)', '190 (turn timeout)', '195 (turn timeout)', '200 (turn timeout)', '205 (turn timeout)', '210 (turn timeout)', '215 (turn timeout)', '220 (turn timeout)', '225 (turn timeout)', '230 (turn timeout)', '235 (turn timeout)', '240 (turn timeout)', '245 (turn timeout)', '250 (turn timeout)', '255 (turn timeout)', '260 (turn timeout)'], 'lawn green': ['186 (turn timeout)', '191 (turn timeout)', '196 (turn timeout)', '201 (turn timeout)', '206 (turn timeout)', '211 (turn timeout)', '216 (turn timeout)', '221 (turn timeout)', '226 (turn timeout)', '231 (turn timeout)', '236 (turn timeout)', '241 (turn timeout)', '246 (turn timeout)', '251 (turn timeout)', '256 (turn timeout)', '261 (turn timeout)']}
[2026-05-22 11:18:22] GAME TIME LIMIT REACHED.
[2026-05-22 11:18:22] SCORE Gruppe 69 (lawn green): Final=1407.5, Time=96.0, Moves(37)=13.5, Pins(9)=900.0, Dist=398.0, Win Bonus=0.0
[2026-05-22 11:18:22] SCORE jat (gray0): Final=1325.3, Time=38.7, Moves(53)=90.6, Pins(8)=800.0, Dist=396.0, Win Bonus=0.0
[2026-05-22 11:18:22] SCORE group 99 (yellow): Final=1422.9, Time=36.3, Moves(53)=90.6, Pins(9)=900.0, Dist=396.0, Win Bonus=0.0
[2026-05-22 11:18:22] SCORE CybSec (purple): Final=2569.0, Time=78.4, Moves(53)=90.6, Pins(10)=1000.0, Dist=400.0, Win Bonus=1000.0
[2026-05-22 11:18:22] SCORE HelloWorld (red): Final=442.5, Time=94.5, Moves(8)=0.0, Pins(1)=100.0, Dist=248.0, Win Bonus=0.0
[2026-05-22 11:18:22] ALL WRONG MOVES BY COLOUR: {'red': ['45 (turn timeout)', '50 (turn timeout)', '55 (turn timeout)', '60 (turn timeout)', '65 (turn timeout)', '70 (turn timeout)', '75 (turn timeout)', '80 (turn timeout)', '85 (turn timeout)', '90 (turn timeout)', '95 (turn timeout)', '100 (turn timeout)', '105 (turn timeout)', '110 (turn timeout)', '115 (turn timeout)', '120 (turn timeout)', '125 (turn timeout)', '130 (turn timeout)', '135 (turn timeout)', '140 (turn timeout)', '145 (turn timeout)', '150 (turn timeout)', '155 (turn timeout)', '160 (turn timeout)', '165 (turn timeout)', '170 (turn timeout)', '175 (turn timeout)', '180 (turn timeout)', '185 (turn timeout)', '190 (turn timeout)', '195 (turn timeout)', '200 (turn timeout)', '205 (turn timeout)', '210 (turn timeout)', '215 (turn timeout)', '220 (turn timeout)', '225 (turn timeout)', '230 (turn timeout)', '235 (turn timeout)', '240 (turn timeout)', '245 (turn timeout)', '250 (turn timeout)', '255 (turn timeout)', '260 (turn timeout)'], 'lawn green': ['186 (turn timeout)', '191 (turn timeout)', '196 (turn timeout)', '201 (turn timeout)', '206 (turn timeout)', '211 (turn timeout)', '216 (turn timeout)', '221 (turn timeout)', '226 (turn timeout)', '231 (turn timeout)', '236 (turn timeout)', '241 (turn timeout)', '246 (turn timeout)', '251 (turn timeout)', '256 (turn timeout)', '261 (turn timeout)']}
[2026-05-22 11:18:22] GAME TIME LIMIT REACHED.
[2026-05-22 11:18:23] SCORE Gruppe 69 (lawn green): Final=1407.5, Time=96.0, Moves(37)=13.5, Pins(9)=900.0, Dist=398.0, Win Bonus=0.0
[2026-05-22 11:18:23] SCORE jat (gray0): Final=1325.3, Time=38.7, Moves(53)=90.6, Pins(8)=800.0, Dist=396.0, Win Bonus=0.0
[2026-05-22 11:18:23] SCORE group 99 (yellow): Final=1422.9, Time=36.3, Moves(53)=90.6, Pins(9)=900.0, Dist=396.0, Win Bonus=0.0
[2026-05-22 11:18:23] SCORE CybSec (purple): Final=2569.0, Time=78.4, Moves(53)=90.6, Pins(10)=1000.0, Dist=400.0, Win Bonus=1000.0
[2026-05-22 11:18:23] SCORE HelloWorld (red): Final=442.5, Time=94.5, Moves(8)=0.0, Pins(1)=100.0, Dist=248.0, Win Bonus=0.0
[2026-05-22 11:18:23] ALL WRONG MOVES BY COLOUR: {'red': ['45 (turn timeout)', '50 (turn timeout)', '55 (turn timeout)', '60 (turn timeout)', '65 (turn timeout)', '70 (turn timeout)', '75 (turn timeout)', '80 (turn timeout)', '85 (turn timeout)', '90 (turn timeout)', '95 (turn timeout)', '100 (turn timeout)', '105 (turn timeout)', '110 (turn timeout)', '115 (turn timeout)', '120 (turn timeout)', '125 (turn timeout)', '130 (turn timeout)', '135 (turn timeout)', '140 (turn timeout)', '145 (turn timeout)', '150 (turn timeout)', '155 (turn timeout)', '160 (turn timeout)', '165 (turn timeout)', '170 (turn timeout)', '175 (turn timeout)', '180 (turn timeout)', '185 (turn timeout)', '190 (turn timeout)', '195 (turn timeout)', '200 (turn timeout)', '205 (turn timeout)', '210 (turn timeout)', '215 (turn timeout)', '220 (turn timeout)', '225 (turn timeout)', '230 (turn timeout)', '235 (turn timeout)', '240 (turn timeout)', '245 (turn timeout)', '250 (turn timeout)', '255 (turn timeout)', '260 (turn timeout)'], 'lawn green': ['186 (turn timeout)', '191 (turn timeout)', '196 (turn timeout)', '201 (turn timeout)', '206 (turn timeout)', '211 (turn timeout)', '216 (turn timeout)', '221 (turn timeout)', '226 (turn timeout)', '231 (turn timeout)', '236 (turn timeout)', '241 (turn timeout)', '246 (turn timeout)', '251 (turn timeout)', '256 (turn timeout)', '261 (turn timeout)']}
[2026-05-22 11:18:23] GAME TIME LIMIT REACHED.
[2026-05-22 11:18:23] SCORE Gruppe 69 (lawn green): Final=1407.5, Time=96.0, Moves(37)=13.5, Pins(9)=900.0, Dist=398.0, Win Bonus=0.0
[2026-05-22 11:18:23] SCORE jat (gray0): Final=1325.3, Time=38.7, Moves(53)=90.6, Pins(8)=800.0, Dist=396.0, Win Bonus=0.0
[2026-05-22 11:18:23] SCORE group 99 (yellow): Final=1422.9, Time=36.3, Moves(53)=90.6, Pins(9)=900.0, Dist=396.0, Win Bonus=0.0
[2026-05-22 11:18:23] SCORE CybSec (purple): Final=2569.0, Time=78.4, Moves(53)=90.6, Pins(10)=1000.0, Dist=400.0, Win Bonus=1000.0
[2026-05-22 11:18:23] SCORE HelloWorld (red): Final=442.5, Time=94.5, Moves(8)=0.0, Pins(1)=100.0, Dist=248.0, Win Bonus=0.0
[2026-05-22 11:18:23] ALL WRONG MOVES BY COLOUR: {'red': ['45 (turn timeout)', '50 (turn timeout)', '55 (turn timeout)', '60 (turn timeout)', '65 (turn timeout)', '70 (turn timeout)', '75 (turn timeout)', '80 (turn timeout)', '85 (turn timeout)', '90 (turn timeout)', '95 (turn timeout)', '100 (turn timeout)', '105 (turn timeout)', '110 (turn timeout)', '115 (turn timeout)', '120 (turn timeout)', '125 (turn timeout)', '130 (turn timeout)', '135 (turn timeout)', '140 (turn timeout)', '145 (turn timeout)', '150 (turn timeout)', '155 (turn timeout)', '160 (turn timeout)', '165 (turn timeout)', '170 (turn timeout)', '175 (turn timeout)', '180 (turn timeout)', '185 (turn timeout)', '190 (turn timeout)', '195 (turn timeout)', '200 (turn timeout)', '205 (turn timeout)', '210 (turn timeout)', '215 (turn timeout)', '220 (turn timeout)', '225 (turn timeout)', '230 (turn timeout)', '235 (turn timeout)', '240 (turn timeout)', '245 (turn timeout)', '250 (turn timeout)', '255 (turn timeout)', '260 (turn timeout)'], 'lawn green': ['186 (turn timeout)', '191 (turn timeout)', '196 (turn timeout)', '201 (turn timeout)', '206 (turn timeout)', '211 (turn timeout)', '216 (turn timeout)', '221 (turn timeout)', '226 (turn timeout)', '231 (turn timeout)', '236 (turn timeout)', '241 (turn timeout)', '246 (turn timeout)', '251 (turn timeout)', '256 (turn timeout)', '261 (turn timeout)']}
[2026-05-22 11:18:23] GAME TIME LIMIT REACHED.
[2026-05-22 11:18:23] SCORE Gruppe 69 (lawn green): Final=1407.5, Time=96.0, Moves(37)=13.5, Pins(9)=900.0, Dist=398.0, Win Bonus=0.0
[2026-05-22 11:18:23] SCORE jat (gray0): Final=1325.3, Time=38.7, Moves(53)=90.6, Pins(8)=800.0, Dist=396.0, Win Bonus=0.0
[2026-05-22 11:18:23] SCORE group 99 (yellow): Final=1422.9, Time=36.3, Moves(53)=90.6, Pins(9)=900.0, Dist=396.0, Win Bonus=0.0
[2026-05-22 11:18:23] SCORE CybSec (purple): Final=2569.0, Time=78.4, Moves(53)=90.6, Pins(10)=1000.0, Dist=400.0, Win Bonus=1000.0
[2026-05-22 11:18:23] SCORE HelloWorld (red): Final=442.5, Time=94.5, Moves(8)=0.0, Pins(1)=100.0, Dist=248.0, Win Bonus=0.0
[2026-05-22 11:18:23] ALL WRONG MOVES BY COLOUR: {'red': ['45 (turn timeout)', '50 (turn timeout)', '55 (turn timeout)', '60 (turn timeout)', '65 (turn timeout)', '70 (turn timeout)', '75 (turn timeout)', '80 (turn timeout)', '85 (turn timeout)', '90 (turn timeout)', '95 (turn timeout)', '100 (turn timeout)', '105 (turn timeout)', '110 (turn timeout)', '115 (turn timeout)', '120 (turn timeout)', '125 (turn timeout)', '130 (turn timeout)', '135 (turn timeout)', '140 (turn timeout)', '145 (turn timeout)', '150 (turn timeout)', '155 (turn timeout)', '160 (turn timeout)', '165 (turn timeout)', '170 (turn timeout)', '175 (turn timeout)', '180 (turn timeout)', '185 (turn timeout)', '190 (turn timeout)', '195 (turn timeout)', '200 (turn timeout)', '205 (turn timeout)', '210 (turn timeout)', '215 (turn timeout)', '220 (turn timeout)', '225 (turn timeout)', '230 (turn timeout)', '235 (turn timeout)', '240 (turn timeout)', '245 (turn timeout)', '250 (turn timeout)', '255 (turn timeout)', '260 (turn timeout)'], 'lawn green': ['186 (turn timeout)', '191 (turn timeout)', '196 (turn timeout)', '201 (turn timeout)', '206 (turn timeout)', '211 (turn timeout)', '216 (turn timeout)', '221 (turn timeout)', '226 (turn timeout)', '231 (turn timeout)', '236 (turn timeout)', '241 (turn timeout)', '246 (turn timeout)', '251 (turn timeout)', '256 (turn timeout)', '261 (turn timeout)']}
[2026-05-22 11:18:23] GAME TIME LIMIT REACHED.
[2026-05-22 11:18:23] SCORE Gruppe 69 (lawn green): Final=1407.5, Time=96.0, Moves(37)=13.5, Pins(9)=900.0, Dist=398.0, Win Bonus=0.0
[2026-05-22 11:18:23] SCORE jat (gray0): Final=1325.3, Time=38.7, Moves(53)=90.6, Pins(8)=800.0, Dist=396.0, Win Bonus=0.0
[2026-05-22 11:18:23] SCORE group 99 (yellow): Final=1422.9, Time=36.3, Moves(53)=90.6, Pins(9)=900.0, Dist=396.0, Win Bonus=0.0
[2026-05-22 11:18:23] SCORE CybSec (purple): Final=2569.0, Time=78.4, Moves(53)=90.6, Pins(10)=1000.0, Dist=400.0, Win Bonus=1000.0
[2026-05-22 11:18:23] SCORE HelloWorld (red): Final=442.5, Time=94.5, Moves(8)=0.0, Pins(1)=100.0, Dist=248.0, Win Bonus=0.0
[2026-05-22 11:18:23] ALL WRONG MOVES BY COLOUR: {'red': ['45 (turn timeout)', '50 (turn timeout)', '55 (turn timeout)', '60 (turn timeout)', '65 (turn timeout)', '70 (turn timeout)', '75 (turn timeout)', '80 (turn timeout)', '85 (turn timeout)', '90 (turn timeout)', '95 (turn timeout)', '100 (turn timeout)', '105 (turn timeout)', '110 (turn timeout)', '115 (turn timeout)', '120 (turn timeout)', '125 (turn timeout)', '130 (turn timeout)', '135 (turn timeout)', '140 (turn timeout)', '145 (turn timeout)', '150 (turn timeout)', '155 (turn timeout)', '160 (turn timeout)', '165 (turn timeout)', '170 (turn timeout)', '175 (turn timeout)', '180 (turn timeout)', '185 (turn timeout)', '190 (turn timeout)', '195 (turn timeout)', '200 (turn timeout)', '205 (turn timeout)', '210 (turn timeout)', '215 (turn timeout)', '220 (turn timeout)', '225 (turn timeout)', '230 (turn timeout)', '235 (turn timeout)', '240 (turn timeout)', '245 (turn timeout)', '250 (turn timeout)', '255 (turn timeout)', '260 (turn timeout)'], 'lawn green': ['186 (turn timeout)', '191 (turn timeout)', '196 (turn timeout)', '201 (turn timeout)', '206 (turn timeout)', '211 (turn timeout)', '216 (turn timeout)', '221 (turn timeout)', '226 (turn timeout)', '231 (turn timeout)', '236 (turn timeout)', '241 (turn timeout)', '246 (turn timeout)', '251 (turn timeout)', '256 (turn timeout)', '261 (turn timeout)']}
[2026-05-22 11:18:23] GAME TIME LIMIT REACHED.
[2026-05-22 11:18:24] SCORE Gruppe 69 (lawn green): Final=1407.5, Time=96.0, Moves(37)=13.5, Pins(9)=900.0, Dist=398.0, Win Bonus=0.0
[2026-05-22 11:18:24] SCORE jat (gray0): Final=1325.3, Time=38.7, Moves(53)=90.6, Pins(8)=800.0, Dist=396.0, Win Bonus=0.0
[2026-05-22 11:18:24] SCORE group 99 (yellow): Final=1422.9, Time=36.3, Moves(53)=90.6, Pins(9)=900.0, Dist=396.0, Win Bonus=0.0
[2026-05-22 11:18:24] SCORE CybSec (purple): Final=2569.0, Time=78.4, Moves(53)=90.6, Pins(10)=1000.0, Dist=400.0, Win Bonus=1000.0
[2026-05-22 11:18:24] SCORE HelloWorld (red): Final=442.5, Time=94.5, Moves(8)=0.0, Pins(1)=100.0, Dist=248.0, Win Bonus=0.0
[2026-05-22 11:18:24] ALL WRONG MOVES BY COLOUR: {'red': ['45 (turn timeout)', '50 (turn timeout)', '55 (turn timeout)', '60 (turn timeout)', '65 (turn timeout)', '70 (turn timeout)', '75 (turn timeout)', '80 (turn timeout)', '85 (turn timeout)', '90 (turn timeout)', '95 (turn timeout)', '100 (turn timeout)', '105 (turn timeout)', '110 (turn timeout)', '115 (turn timeout)', '120 (turn timeout)', '125 (turn timeout)', '130 (turn timeout)', '135 (turn timeout)', '140 (turn timeout)', '145 (turn timeout)', '150 (turn timeout)', '155 (turn timeout)', '160 (turn timeout)', '165 (turn timeout)', '170 (turn timeout)', '175 (turn timeout)', '180 (turn timeout)', '185 (turn timeout)', '190 (turn timeout)', '195 (turn timeout)', '200 (turn timeout)', '205 (turn timeout)', '210 (turn timeout)', '215 (turn timeout)', '220 (turn timeout)', '225 (turn timeout)', '230 (turn timeout)', '235 (turn timeout)', '240 (turn timeout)', '245 (turn timeout)', '250 (turn timeout)', '255 (turn timeout)', '260 (turn timeout)'], 'lawn green': ['186 (turn timeout)', '191 (turn timeout)', '196 (turn timeout)', '201 (turn timeout)', '206 (turn timeout)', '211 (turn timeout)', '216 (turn timeout)', '221 (turn timeout)', '226 (turn timeout)', '231 (turn timeout)', '236 (turn timeout)', '241 (turn timeout)', '246 (turn timeout)', '251 (turn timeout)', '256 (turn timeout)', '261 (turn timeout)']}
[2026-05-22 11:18:24] GAME TIME LIMIT REACHED.
[2026-05-22 11:18:24] SCORE Gruppe 69 (lawn green): Final=1407.5, Time=96.0, Moves(37)=13.5, Pins(9)=900.0, Dist=398.0, Win Bonus=0.0
[2026-05-22 11:18:24] SCORE jat (gray0): Final=1325.3, Time=38.7, Moves(53)=90.6, Pins(8)=800.0, Dist=396.0, Win Bonus=0.0
[2026-05-22 11:18:24] SCORE group 99 (yellow): Final=1422.9, Time=36.3, Moves(53)=90.6, Pins(9)=900.0, Dist=396.0, Win Bonus=0.0
[2026-05-22 11:18:24] SCORE CybSec (purple): Final=2569.0, Time=78.4, Moves(53)=90.6, Pins(10)=1000.0, Dist=400.0, Win Bonus=1000.0
[2026-05-22 11:18:24] SCORE HelloWorld (red): Final=442.5, Time=94.5, Moves(8)=0.0, Pins(1)=100.0, Dist=248.0, Win Bonus=0.0
[2026-05-22 11:18:24] ALL WRONG MOVES BY COLOUR: {'red': ['45 (turn timeout)', '50 (turn timeout)', '55 (turn timeout)', '60 (turn timeout)', '65 (turn timeout)', '70 (turn timeout)', '75 (turn timeout)', '80 (turn timeout)', '85 (turn timeout)', '90 (turn timeout)', '95 (turn timeout)', '100 (turn timeout)', '105 (turn timeout)', '110 (turn timeout)', '115 (turn timeout)', '120 (turn timeout)', '125 (turn timeout)', '130 (turn timeout)', '135 (turn timeout)', '140 (turn timeout)', '145 (turn timeout)', '150 (turn timeout)', '155 (turn timeout)', '160 (turn timeout)', '165 (turn timeout)', '170 (turn timeout)', '175 (turn timeout)', '180 (turn timeout)', '185 (turn timeout)', '190 (turn timeout)', '195 (turn timeout)', '200 (turn timeout)', '205 (turn timeout)', '210 (turn timeout)', '215 (turn timeout)', '220 (turn timeout)', '225 (turn timeout)', '230 (turn timeout)', '235 (turn timeout)', '240 (turn timeout)', '245 (turn timeout)', '250 (turn timeout)', '255 (turn timeout)', '260 (turn timeout)'], 'lawn green': ['186 (turn timeout)', '191 (turn timeout)', '196 (turn timeout)', '201 (turn timeout)', '206 (turn timeout)', '211 (turn timeout)', '216 (turn timeout)', '221 (turn timeout)', '226 (turn timeout)', '231 (turn timeout)', '236 (turn timeout)', '241 (turn timeout)', '246 (turn timeout)', '251 (turn timeout)', '256 (turn timeout)', '261 (turn timeout)']}
[2026-05-22 11:18:24] GAME TIME LIMIT REACHED.
[2026-05-22 11:18:24] SCORE Gruppe 69 (lawn green): Final=1407.5, Time=96.0, Moves(37)=13.5, Pins(9)=900.0, Dist=398.0, Win Bonus=0.0
[2026-05-22 11:18:24] SCORE jat (gray0): Final=1325.3, Time=38.7, Moves(53)=90.6, Pins(8)=800.0, Dist=396.0, Win Bonus=0.0
[2026-05-22 11:18:24] SCORE group 99 (yellow): Final=1422.9, Time=36.3, Moves(53)=90.6, Pins(9)=900.0, Dist=396.0, Win Bonus=0.0
[2026-05-22 11:18:24] SCORE CybSec (purple): Final=2569.0, Time=78.4, Moves(53)=90.6, Pins(10)=1000.0, Dist=400.0, Win Bonus=1000.0
[2026-05-22 11:18:24] SCORE HelloWorld (red): Final=442.5, Time=94.5, Moves(8)=0.0, Pins(1)=100.0, Dist=248.0, Win Bonus=0.0
[2026-05-22 11:18:24] ALL WRONG MOVES BY COLOUR: {'red': ['45 (turn timeout)', '50 (turn timeout)', '55 (turn timeout)', '60 (turn timeout)', '65 (turn timeout)', '70 (turn timeout)', '75 (turn timeout)', '80 (turn timeout)', '85 (turn timeout)', '90 (turn timeout)', '95 (turn timeout)', '100 (turn timeout)', '105 (turn timeout)', '110 (turn timeout)', '115 (turn timeout)', '120 (turn timeout)', '125 (turn timeout)', '130 (turn timeout)', '135 (turn timeout)', '140 (turn timeout)', '145 (turn timeout)', '150 (turn timeout)', '155 (turn timeout)', '160 (turn timeout)', '165 (turn timeout)', '170 (turn timeout)', '175 (turn timeout)', '180 (turn timeout)', '185 (turn timeout)', '190 (turn timeout)', '195 (turn timeout)', '200 (turn timeout)', '205 (turn timeout)', '210 (turn timeout)', '215 (turn timeout)', '220 (turn timeout)', '225 (turn timeout)', '230 (turn timeout)', '235 (turn timeout)', '240 (turn timeout)', '245 (turn timeout)', '250 (turn timeout)', '255 (turn timeout)', '260 (turn timeout)'], 'lawn green': ['186 (turn timeout)', '191 (turn timeout)', '196 (turn timeout)', '201 (turn timeout)', '206 (turn timeout)', '211 (turn timeout)', '216 (turn timeout)', '221 (turn timeout)', '226 (turn timeout)', '231 (turn timeout)', '236 (turn timeout)', '241 (turn timeout)', '246 (turn timeout)', '251 (turn timeout)', '256 (turn timeout)', '261 (turn timeout)']}
[2026-05-22 11:18:24] GAME TIME LIMIT REACHED.
[2026-05-22 11:18:24] SCORE Gruppe 69 (lawn green): Final=1407.5, Time=96.0, Moves(37)=13.5, Pins(9)=900.0, Dist=398.0, Win Bonus=0.0
[2026-05-22 11:18:24] SCORE jat (gray0): Final=1325.3, Time=38.7, Moves(53)=90.6, Pins(8)=800.0, Dist=396.0, Win Bonus=0.0
[2026-05-22 11:18:24] SCORE group 99 (yellow): Final=1422.9, Time=36.3, Moves(53)=90.6, Pins(9)=900.0, Dist=396.0, Win Bonus=0.0
[2026-05-22 11:18:24] SCORE CybSec (purple): Final=2569.0, Time=78.4, Moves(53)=90.6, Pins(10)=1000.0, Dist=400.0, Win Bonus=1000.0
[2026-05-22 11:18:24] SCORE HelloWorld (red): Final=442.5, Time=94.5, Moves(8)=0.0, Pins(1)=100.0, Dist=248.0, Win Bonus=0.0
[2026-05-22 11:18:24] ALL WRONG MOVES BY COLOUR: {'red': ['45 (turn timeout)', '50 (turn timeout)', '55 (turn timeout)', '60 (turn timeout)', '65 (turn timeout)', '70 (turn timeout)', '75 (turn timeout)', '80 (turn timeout)', '85 (turn timeout)', '90 (turn timeout)', '95 (turn timeout)', '100 (turn timeout)', '105 (turn timeout)', '110 (turn timeout)', '115 (turn timeout)', '120 (turn timeout)', '125 (turn timeout)', '130 (turn timeout)', '135 (turn timeout)', '140 (turn timeout)', '145 (turn timeout)', '150 (turn timeout)', '155 (turn timeout)', '160 (turn timeout)', '165 (turn timeout)', '170 (turn timeout)', '175 (turn timeout)', '180 (turn timeout)', '185 (turn timeout)', '190 (turn timeout)', '195 (turn timeout)', '200 (turn timeout)', '205 (turn timeout)', '210 (turn timeout)', '215 (turn timeout)', '220 (turn timeout)', '225 (turn timeout)', '230 (turn timeout)', '235 (turn timeout)', '240 (turn timeout)', '245 (turn timeout)', '250 (turn timeout)', '255 (turn timeout)', '260 (turn timeout)'], 'lawn green': ['186 (turn timeout)', '191 (turn timeout)', '196 (turn timeout)', '201 (turn timeout)', '206 (turn timeout)', '211 (turn timeout)', '216 (turn timeout)', '221 (turn timeout)', '226 (turn timeout)', '231 (turn timeout)', '236 (turn timeout)', '241 (turn timeout)', '246 (turn timeout)', '251 (turn timeout)', '256 (turn timeout)', '261 (turn timeout)']}
[2026-05-22 11:18:24] GAME TIME LIMIT REACHED.
[2026-05-22 11:18:25] SCORE Gruppe 69 (lawn green): Final=1407.5, Time=96.0, Moves(37)=13.5, Pins(9)=900.0, Dist=398.0, Win Bonus=0.0
[2026-05-22 11:18:25] SCORE jat (gray0): Final=1325.3, Time=38.7, Moves(53)=90.6, Pins(8)=800.0, Dist=396.0, Win Bonus=0.0
[2026-05-22 11:18:25] SCORE group 99 (yellow): Final=1422.9, Time=36.3, Moves(53)=90.6, Pins(9)=900.0, Dist=396.0, Win Bonus=0.0
[2026-05-22 11:18:25] SCORE CybSec (purple): Final=2569.0, Time=78.4, Moves(53)=90.6, Pins(10)=1000.0, Dist=400.0, Win Bonus=1000.0
[2026-05-22 11:18:25] SCORE HelloWorld (red): Final=442.5, Time=94.5, Moves(8)=0.0, Pins(1)=100.0, Dist=248.0, Win Bonus=0.0
[2026-05-22 11:18:25] ALL WRONG MOVES BY COLOUR: {'red': ['45 (turn timeout)', '50 (turn timeout)', '55 (turn timeout)', '60 (turn timeout)', '65 (turn timeout)', '70 (turn timeout)', '75 (turn timeout)', '80 (turn timeout)', '85 (turn timeout)', '90 (turn timeout)', '95 (turn timeout)', '100 (turn timeout)', '105 (turn timeout)', '110 (turn timeout)', '115 (turn timeout)', '120 (turn timeout)', '125 (turn timeout)', '130 (turn timeout)', '135 (turn timeout)', '140 (turn timeout)', '145 (turn timeout)', '150 (turn timeout)', '155 (turn timeout)', '160 (turn timeout)', '165 (turn timeout)', '170 (turn timeout)', '175 (turn timeout)', '180 (turn timeout)', '185 (turn timeout)', '190 (turn timeout)', '195 (turn timeout)', '200 (turn timeout)', '205 (turn timeout)', '210 (turn timeout)', '215 (turn timeout)', '220 (turn timeout)', '225 (turn timeout)', '230 (turn timeout)', '235 (turn timeout)', '240 (turn timeout)', '245 (turn timeout)', '250 (turn timeout)', '255 (turn timeout)', '260 (turn timeout)'], 'lawn green': ['186 (turn timeout)', '191 (turn timeout)', '196 (turn timeout)', '201 (turn timeout)', '206 (turn timeout)', '211 (turn timeout)', '216 (turn timeout)', '221 (turn timeout)', '226 (turn timeout)', '231 (turn timeout)', '236 (turn timeout)', '241 (turn timeout)', '246 (turn timeout)', '251 (turn timeout)', '256 (turn timeout)', '261 (turn timeout)']}
[2026-05-22 11:18:25] GAME TIME LIMIT REACHED.
[2026-05-22 11:18:25] SCORE Gruppe 69 (lawn green): Final=1407.5, Time=96.0, Moves(37)=13.5, Pins(9)=900.0, Dist=398.0, Win Bonus=0.0
[2026-05-22 11:18:25] SCORE jat (gray0): Final=1325.3, Time=38.7, Moves(53)=90.6, Pins(8)=800.0, Dist=396.0, Win Bonus=0.0
[2026-05-22 11:18:25] SCORE group 99 (yellow): Final=1422.9, Time=36.3, Moves(53)=90.6, Pins(9)=900.0, Dist=396.0, Win Bonus=0.0
[2026-05-22 11:18:25] SCORE CybSec (purple): Final=2569.0, Time=78.4, Moves(53)=90.6, Pins(10)=1000.0, Dist=400.0, Win Bonus=1000.0
[2026-05-22 11:18:25] SCORE HelloWorld (red): Final=442.5, Time=94.5, Moves(8)=0.0, Pins(1)=100.0, Dist=248.0, Win Bonus=0.0
[2026-05-22 11:18:25] ALL WRONG MOVES BY COLOUR: {'red': ['45 (turn timeout)', '50 (turn timeout)', '55 (turn timeout)', '60 (turn timeout)', '65 (turn timeout)', '70 (turn timeout)', '75 (turn timeout)', '80 (turn timeout)', '85 (turn timeout)', '90 (turn timeout)', '95 (turn timeout)', '100 (turn timeout)', '105 (turn timeout)', '110 (turn timeout)', '115 (turn timeout)', '120 (turn timeout)', '125 (turn timeout)', '130 (turn timeout)', '135 (turn timeout)', '140 (turn timeout)', '145 (turn timeout)', '150 (turn timeout)', '155 (turn timeout)', '160 (turn timeout)', '165 (turn timeout)', '170 (turn timeout)', '175 (turn timeout)', '180 (turn timeout)', '185 (turn timeout)', '190 (turn timeout)', '195 (turn timeout)', '200 (turn timeout)', '205 (turn timeout)', '210 (turn timeout)', '215 (turn timeout)', '220 (turn timeout)', '225 (turn timeout)', '230 (turn timeout)', '235 (turn timeout)', '240 (turn timeout)', '245 (turn timeout)', '250 (turn timeout)', '255 (turn timeout)', '260 (turn timeout)'], 'lawn green': ['186 (turn timeout)', '191 (turn timeout)', '196 (turn timeout)', '201 (turn timeout)', '206 (turn timeout)', '211 (turn timeout)', '216 (turn timeout)', '221 (turn timeout)', '226 (turn timeout)', '231 (turn timeout)', '236 (turn timeout)', '241 (turn timeout)', '246 (turn timeout)', '251 (turn timeout)', '256 (turn timeout)', '261 (turn timeout)']}
[2026-05-22 11:18:25] GAME TIME LIMIT REACHED.
[2026-05-22 11:18:25] SCORE Gruppe 69 (lawn green): Final=1407.5, Time=96.0, Moves(37)=13.5, Pins(9)=900.0, Dist=398.0, Win Bonus=0.0
[2026-05-22 11:18:25] SCORE jat (gray0): Final=1325.3, Time=38.7, Moves(53)=90.6, Pins(8)=800.0, Dist=396.0, Win Bonus=0.0
[2026-05-22 11:18:25] SCORE group 99 (yellow): Final=1422.9, Time=36.3, Moves(53)=90.6, Pins(9)=900.0, Dist=396.0, Win Bonus=0.0
[2026-05-22 11:18:25] SCORE CybSec (purple): Final=2569.0, Time=78.4, Moves(53)=90.6, Pins(10)=1000.0, Dist=400.0, Win Bonus=1000.0
[2026-05-22 11:18:25] SCORE HelloWorld (red): Final=442.5, Time=94.5, Moves(8)=0.0, Pins(1)=100.0, Dist=248.0, Win Bonus=0.0
[2026-05-22 11:18:25] ALL WRONG MOVES BY COLOUR: {'red': ['45 (turn timeout)', '50 (turn timeout)', '55 (turn timeout)', '60 (turn timeout)', '65 (turn timeout)', '70 (turn timeout)', '75 (turn timeout)', '80 (turn timeout)', '85 (turn timeout)', '90 (turn timeout)', '95 (turn timeout)', '100 (turn timeout)', '105 (turn timeout)', '110 (turn timeout)', '115 (turn timeout)', '120 (turn timeout)', '125 (turn timeout)', '130 (turn timeout)', '135 (turn timeout)', '140 (turn timeout)', '145 (turn timeout)', '150 (turn timeout)', '155 (turn timeout)', '160 (turn timeout)', '165 (turn timeout)', '170 (turn timeout)', '175 (turn timeout)', '180 (turn timeout)', '185 (turn timeout)', '190 (turn timeout)', '195 (turn timeout)', '200 (turn timeout)', '205 (turn timeout)', '210 (turn timeout)', '215 (turn timeout)', '220 (turn timeout)', '225 (turn timeout)', '230 (turn timeout)', '235 (turn timeout)', '240 (turn timeout)', '245 (turn timeout)', '250 (turn timeout)', '255 (turn timeout)', '260 (turn timeout)'], 'lawn green': ['186 (turn timeout)', '191 (turn timeout)', '196 (turn timeout)', '201 (turn timeout)', '206 (turn timeout)', '211 (turn timeout)', '216 (turn timeout)', '221 (turn timeout)', '226 (turn timeout)', '231 (turn timeout)', '236 (turn timeout)', '241 (turn timeout)', '246 (turn timeout)', '251 (turn timeout)', '256 (turn timeout)', '261 (turn timeout)']}
[2026-05-22 11:18:25] GAME TIME LIMIT REACHED.
[2026-05-22 11:18:25] SCORE Gruppe 69 (lawn green): Final=1407.5, Time=96.0, Moves(37)=13.5, Pins(9)=900.0, Dist=398.0, Win Bonus=0.0
[2026-05-22 11:18:25] SCORE jat (gray0): Final=1325.3, Time=38.7, Moves(53)=90.6, Pins(8)=800.0, Dist=396.0, Win Bonus=0.0
[2026-05-22 11:18:25] SCORE group 99 (yellow): Final=1422.9, Time=36.3, Moves(53)=90.6, Pins(9)=900.0, Dist=396.0, Win Bonus=0.0
[2026-05-22 11:18:25] SCORE CybSec (purple): Final=2569.0, Time=78.4, Moves(53)=90.6, Pins(10)=1000.0, Dist=400.0, Win Bonus=1000.0
[2026-05-22 11:18:25] SCORE HelloWorld (red): Final=442.5, Time=94.5, Moves(8)=0.0, Pins(1)=100.0, Dist=248.0, Win Bonus=0.0
[2026-05-22 11:18:25] ALL WRONG MOVES BY COLOUR: {'red': ['45 (turn timeout)', '50 (turn timeout)', '55 (turn timeout)', '60 (turn timeout)', '65 (turn timeout)', '70 (turn timeout)', '75 (turn timeout)', '80 (turn timeout)', '85 (turn timeout)', '90 (turn timeout)', '95 (turn timeout)', '100 (turn timeout)', '105 (turn timeout)', '110 (turn timeout)', '115 (turn timeout)', '120 (turn timeout)', '125 (turn timeout)', '130 (turn timeout)', '135 (turn timeout)', '140 (turn timeout)', '145 (turn timeout)', '150 (turn timeout)', '155 (turn timeout)', '160 (turn timeout)', '165 (turn timeout)', '170 (turn timeout)', '175 (turn timeout)', '180 (turn timeout)', '185 (turn timeout)', '190 (turn timeout)', '195 (turn timeout)', '200 (turn timeout)', '205 (turn timeout)', '210 (turn timeout)', '215 (turn timeout)', '220 (turn timeout)', '225 (turn timeout)', '230 (turn timeout)', '235 (turn timeout)', '240 (turn timeout)', '245 (turn timeout)', '250 (turn timeout)', '255 (turn timeout)', '260 (turn timeout)'], 'lawn green': ['186 (turn timeout)', '191 (turn timeout)', '196 (turn timeout)', '201 (turn timeout)', '206 (turn timeout)', '211 (turn timeout)', '216 (turn timeout)', '221 (turn timeout)', '226 (turn timeout)', '231 (turn timeout)', '236 (turn timeout)', '241 (turn timeout)', '246 (turn timeout)', '251 (turn timeout)', '256 (turn timeout)', '261 (turn timeout)']}
[2026-05-22 11:18:26] GAME TIME LIMIT REACHED.
[2026-05-22 11:18:26] SCORE Gruppe 69 (lawn green): Final=1407.5, Time=96.0, Moves(37)=13.5, Pins(9)=900.0, Dist=398.0, Win Bonus=0.0
[2026-05-22 11:18:26] SCORE jat (gray0): Final=1325.3, Time=38.7, Moves(53)=90.6, Pins(8)=800.0, Dist=396.0, Win Bonus=0.0
[2026-05-22 11:18:26] SCORE group 99 (yellow): Final=1422.9, Time=36.3, Moves(53)=90.6, Pins(9)=900.0, Dist=396.0, Win Bonus=0.0
[2026-05-22 11:18:26] SCORE CybSec (purple): Final=2569.0, Time=78.4, Moves(53)=90.6, Pins(10)=1000.0, Dist=400.0, Win Bonus=1000.0
[2026-05-22 11:18:26] SCORE HelloWorld (red): Final=442.5, Time=94.5, Moves(8)=0.0, Pins(1)=100.0, Dist=248.0, Win Bonus=0.0
[2026-05-22 11:18:26] ALL WRONG MOVES BY COLOUR: {'red': ['45 (turn timeout)', '50 (turn timeout)', '55 (turn timeout)', '60 (turn timeout)', '65 (turn timeout)', '70 (turn timeout)', '75 (turn timeout)', '80 (turn timeout)', '85 (turn timeout)', '90 (turn timeout)', '95 (turn timeout)', '100 (turn timeout)', '105 (turn timeout)', '110 (turn timeout)', '115 (turn timeout)', '120 (turn timeout)', '125 (turn timeout)', '130 (turn timeout)', '135 (turn timeout)', '140 (turn timeout)', '145 (turn timeout)', '150 (turn timeout)', '155 (turn timeout)', '160 (turn timeout)', '165 (turn timeout)', '170 (turn timeout)', '175 (turn timeout)', '180 (turn timeout)', '185 (turn timeout)', '190 (turn timeout)', '195 (turn timeout)', '200 (turn timeout)', '205 (turn timeout)', '210 (turn timeout)', '215 (turn timeout)', '220 (turn timeout)', '225 (turn timeout)', '230 (turn timeout)', '235 (turn timeout)', '240 (turn timeout)', '245 (turn timeout)', '250 (turn timeout)', '255 (turn timeout)', '260 (turn timeout)'], 'lawn green': ['186 (turn timeout)', '191 (turn timeout)', '196 (turn timeout)', '201 (turn timeout)', '206 (turn timeout)', '211 (turn timeout)', '216 (turn timeout)', '221 (turn timeout)', '226 (turn timeout)', '231 (turn timeout)', '236 (turn timeout)', '241 (turn timeout)', '246 (turn timeout)', '251 (turn timeout)', '256 (turn timeout)', '261 (turn timeout)']}
[2026-05-22 11:18:26] GAME TIME LIMIT REACHED.
[2026-05-22 11:18:26] SCORE Gruppe 69 (lawn green): Final=1407.5, Time=96.0, Moves(37)=13.5, Pins(9)=900.0, Dist=398.0, Win Bonus=0.0
[2026-05-22 11:18:26] SCORE jat (gray0): Final=1325.3, Time=38.7, Moves(53)=90.6, Pins(8)=800.0, Dist=396.0, Win Bonus=0.0
[2026-05-22 11:18:26] SCORE group 99 (yellow): Final=1422.9, Time=36.3, Moves(53)=90.6, Pins(9)=900.0, Dist=396.0, Win Bonus=0.0
[2026-05-22 11:18:26] SCORE CybSec (purple): Final=2569.0, Time=78.4, Moves(53)=90.6, Pins(10)=1000.0, Dist=400.0, Win Bonus=1000.0
[2026-05-22 11:18:26] SCORE HelloWorld (red): Final=442.5, Time=94.5, Moves(8)=0.0, Pins(1)=100.0, Dist=248.0, Win Bonus=0.0
[2026-05-22 11:18:26] ALL WRONG MOVES BY COLOUR: {'red': ['45 (turn timeout)', '50 (turn timeout)', '55 (turn timeout)', '60 (turn timeout)', '65 (turn timeout)', '70 (turn timeout)', '75 (turn timeout)', '80 (turn timeout)', '85 (turn timeout)', '90 (turn timeout)', '95 (turn timeout)', '100 (turn timeout)', '105 (turn timeout)', '110 (turn timeout)', '115 (turn timeout)', '120 (turn timeout)', '125 (turn timeout)', '130 (turn timeout)', '135 (turn timeout)', '140 (turn timeout)', '145 (turn timeout)', '150 (turn timeout)', '155 (turn timeout)', '160 (turn timeout)', '165 (turn timeout)', '170 (turn timeout)', '175 (turn timeout)', '180 (turn timeout)', '185 (turn timeout)', '190 (turn timeout)', '195 (turn timeout)', '200 (turn timeout)', '205 (turn timeout)', '210 (turn timeout)', '215 (turn timeout)', '220 (turn timeout)', '225 (turn timeout)', '230 (turn timeout)', '235 (turn timeout)', '240 (turn timeout)', '245 (turn timeout)', '250 (turn timeout)', '255 (turn timeout)', '260 (turn timeout)'], 'lawn green': ['186 (turn timeout)', '191 (turn timeout)', '196 (turn timeout)', '201 (turn timeout)', '206 (turn timeout)', '211 (turn timeout)', '216 (turn timeout)', '221 (turn timeout)', '226 (turn timeout)', '231 (turn timeout)', '236 (turn timeout)', '241 (turn timeout)', '246 (turn timeout)', '251 (turn timeout)', '256 (turn timeout)', '261 (turn timeout)']}
[2026-05-22 11:18:26] GAME TIME LIMIT REACHED.
[2026-05-22 11:18:26] SCORE Gruppe 69 (lawn green): Final=1407.5, Time=96.0, Moves(37)=13.5, Pins(9)=900.0, Dist=398.0, Win Bonus=0.0
[2026-05-22 11:18:26] SCORE jat (gray0): Final=1325.3, Time=38.7, Moves(53)=90.6, Pins(8)=800.0, Dist=396.0, Win Bonus=0.0
[2026-05-22 11:18:26] SCORE group 99 (yellow): Final=1422.9, Time=36.3, Moves(53)=90.6, Pins(9)=900.0, Dist=396.0, Win Bonus=0.0
[2026-05-22 11:18:26] SCORE CybSec (purple): Final=2569.0, Time=78.4, Moves(53)=90.6, Pins(10)=1000.0, Dist=400.0, Win Bonus=1000.0
[2026-05-22 11:18:26] SCORE HelloWorld (red): Final=442.5, Time=94.5, Moves(8)=0.0, Pins(1)=100.0, Dist=248.0, Win Bonus=0.0
[2026-05-22 11:18:26] ALL WRONG MOVES BY COLOUR: {'red': ['45 (turn timeout)', '50 (turn timeout)', '55 (turn timeout)', '60 (turn timeout)', '65 (turn timeout)', '70 (turn timeout)', '75 (turn timeout)', '80 (turn timeout)', '85 (turn timeout)', '90 (turn timeout)', '95 (turn timeout)', '100 (turn timeout)', '105 (turn timeout)', '110 (turn timeout)', '115 (turn timeout)', '120 (turn timeout)', '125 (turn timeout)', '130 (turn timeout)', '135 (turn timeout)', '140 (turn timeout)', '145 (turn timeout)', '150 (turn timeout)', '155 (turn timeout)', '160 (turn timeout)', '165 (turn timeout)', '170 (turn timeout)', '175 (turn timeout)', '180 (turn timeout)', '185 (turn timeout)', '190 (turn timeout)', '195 (turn timeout)', '200 (turn timeout)', '205 (turn timeout)', '210 (turn timeout)', '215 (turn timeout)', '220 (turn timeout)', '225 (turn timeout)', '230 (turn timeout)', '235 (turn timeout)', '240 (turn timeout)', '245 (turn timeout)', '250 (turn timeout)', '255 (turn timeout)', '260 (turn timeout)'], 'lawn green': ['186 (turn timeout)', '191 (turn timeout)', '196 (turn timeout)', '201 (turn timeout)', '206 (turn timeout)', '211 (turn timeout)', '216 (turn timeout)', '221 (turn timeout)', '226 (turn timeout)', '231 (turn timeout)', '236 (turn timeout)', '241 (turn timeout)', '246 (turn timeout)', '251 (turn timeout)', '256 (turn timeout)', '261 (turn timeout)']}
[2026-05-22 11:18:26] GAME TIME LIMIT REACHED.
[2026-05-22 11:18:26] SCORE Gruppe 69 (lawn green): Final=1407.5, Time=96.0, Moves(37)=13.5, Pins(9)=900.0, Dist=398.0, Win Bonus=0.0
[2026-05-22 11:18:26] SCORE jat (gray0): Final=1325.3, Time=38.7, Moves(53)=90.6, Pins(8)=800.0, Dist=396.0, Win Bonus=0.0
[2026-05-22 11:18:26] SCORE group 99 (yellow): Final=1422.9, Time=36.3, Moves(53)=90.6, Pins(9)=900.0, Dist=396.0, Win Bonus=0.0
[2026-05-22 11:18:26] SCORE CybSec (purple): Final=2569.0, Time=78.4, Moves(53)=90.6, Pins(10)=1000.0, Dist=400.0, Win Bonus=1000.0
[2026-05-22 11:18:26] SCORE HelloWorld (red): Final=442.5, Time=94.5, Moves(8)=0.0, Pins(1)=100.0, Dist=248.0, Win Bonus=0.0
[2026-05-22 11:18:26] ALL WRONG MOVES BY COLOUR: {'red': ['45 (turn timeout)', '50 (turn timeout)', '55 (turn timeout)', '60 (turn timeout)', '65 (turn timeout)', '70 (turn timeout)', '75 (turn timeout)', '80 (turn timeout)', '85 (turn timeout)', '90 (turn timeout)', '95 (turn timeout)', '100 (turn timeout)', '105 (turn timeout)', '110 (turn timeout)', '115 (turn timeout)', '120 (turn timeout)', '125 (turn timeout)', '130 (turn timeout)', '135 (turn timeout)', '140 (turn timeout)', '145 (turn timeout)', '150 (turn timeout)', '155 (turn timeout)', '160 (turn timeout)', '165 (turn timeout)', '170 (turn timeout)', '175 (turn timeout)', '180 (turn timeout)', '185 (turn timeout)', '190 (turn timeout)', '195 (turn timeout)', '200 (turn timeout)', '205 (turn timeout)', '210 (turn timeout)', '215 (turn timeout)', '220 (turn timeout)', '225 (turn timeout)', '230 (turn timeout)', '235 (turn timeout)', '240 (turn timeout)', '245 (turn timeout)', '250 (turn timeout)', '255 (turn timeout)', '260 (turn timeout)'], 'lawn green': ['186 (turn timeout)', '191 (turn timeout)', '196 (turn timeout)', '201 (turn timeout)', '206 (turn timeout)', '211 (turn timeout)', '216 (turn timeout)', '221 (turn timeout)', '226 (turn timeout)', '231 (turn timeout)', '236 (turn timeout)', '241 (turn timeout)', '246 (turn timeout)', '251 (turn timeout)', '256 (turn timeout)', '261 (turn timeout)']}
[2026-05-22 11:18:27] GAME TIME LIMIT REACHED.
[2026-05-22 11:18:27] SCORE Gruppe 69 (lawn green): Final=1407.5, Time=96.0, Moves(37)=13.5, Pins(9)=900.0, Dist=398.0, Win Bonus=0.0
[2026-05-22 11:18:27] SCORE jat (gray0): Final=1325.3, Time=38.7, Moves(53)=90.6, Pins(8)=800.0, Dist=396.0, Win Bonus=0.0
[2026-05-22 11:18:27] SCORE group 99 (yellow): Final=1422.9, Time=36.3, Moves(53)=90.6, Pins(9)=900.0, Dist=396.0, Win Bonus=0.0
[2026-05-22 11:18:27] SCORE CybSec (purple): Final=2569.0, Time=78.4, Moves(53)=90.6, Pins(10)=1000.0, Dist=400.0, Win Bonus=1000.0
[2026-05-22 11:18:27] SCORE HelloWorld (red): Final=442.5, Time=94.5, Moves(8)=0.0, Pins(1)=100.0, Dist=248.0, Win Bonus=0.0
[2026-05-22 11:18:27] ALL WRONG MOVES BY COLOUR: {'red': ['45 (turn timeout)', '50 (turn timeout)', '55 (turn timeout)', '60 (turn timeout)', '65 (turn timeout)', '70 (turn timeout)', '75 (turn timeout)', '80 (turn timeout)', '85 (turn timeout)', '90 (turn timeout)', '95 (turn timeout)', '100 (turn timeout)', '105 (turn timeout)', '110 (turn timeout)', '115 (turn timeout)', '120 (turn timeout)', '125 (turn timeout)', '130 (turn timeout)', '135 (turn timeout)', '140 (turn timeout)', '145 (turn timeout)', '150 (turn timeout)', '155 (turn timeout)', '160 (turn timeout)', '165 (turn timeout)', '170 (turn timeout)', '175 (turn timeout)', '180 (turn timeout)', '185 (turn timeout)', '190 (turn timeout)', '195 (turn timeout)', '200 (turn timeout)', '205 (turn timeout)', '210 (turn timeout)', '215 (turn timeout)', '220 (turn timeout)', '225 (turn timeout)', '230 (turn timeout)', '235 (turn timeout)', '240 (turn timeout)', '245 (turn timeout)', '250 (turn timeout)', '255 (turn timeout)', '260 (turn timeout)'], 'lawn green': ['186 (turn timeout)', '191 (turn timeout)', '196 (turn timeout)', '201 (turn timeout)', '206 (turn timeout)', '211 (turn timeout)', '216 (turn timeout)', '221 (turn timeout)', '226 (turn timeout)', '231 (turn timeout)', '236 (turn timeout)', '241 (turn timeout)', '246 (turn timeout)', '251 (turn timeout)', '256 (turn timeout)', '261 (turn timeout)']}
[2026-05-22 11:18:27] GAME TIME LIMIT REACHED.
[2026-05-22 11:18:27] SCORE Gruppe 69 (lawn green): Final=1407.5, Time=96.0, Moves(37)=13.5, Pins(9)=900.0, Dist=398.0, Win Bonus=0.0
[2026-05-22 11:18:27] SCORE jat (gray0): Final=1325.3, Time=38.7, Moves(53)=90.6, Pins(8)=800.0, Dist=396.0, Win Bonus=0.0
[2026-05-22 11:18:27] SCORE group 99 (yellow): Final=1422.9, Time=36.3, Moves(53)=90.6, Pins(9)=900.0, Dist=396.0, Win Bonus=0.0
[2026-05-22 11:18:27] SCORE CybSec (purple): Final=2569.0, Time=78.4, Moves(53)=90.6, Pins(10)=1000.0, Dist=400.0, Win Bonus=1000.0
[2026-05-22 11:18:27] SCORE HelloWorld (red): Final=442.5, Time=94.5, Moves(8)=0.0, Pins(1)=100.0, Dist=248.0, Win Bonus=0.0
[2026-05-22 11:18:27] ALL WRONG MOVES BY COLOUR: {'red': ['45 (turn timeout)', '50 (turn timeout)', '55 (turn timeout)', '60 (turn timeout)', '65 (turn timeout)', '70 (turn timeout)', '75 (turn timeout)', '80 (turn timeout)', '85 (turn timeout)', '90 (turn timeout)', '95 (turn timeout)', '100 (turn timeout)', '105 (turn timeout)', '110 (turn timeout)', '115 (turn timeout)', '120 (turn timeout)', '125 (turn timeout)', '130 (turn timeout)', '135 (turn timeout)', '140 (turn timeout)', '145 (turn timeout)', '150 (turn timeout)', '155 (turn timeout)', '160 (turn timeout)', '165 (turn timeout)', '170 (turn timeout)', '175 (turn timeout)', '180 (turn timeout)', '185 (turn timeout)', '190 (turn timeout)', '195 (turn timeout)', '200 (turn timeout)', '205 (turn timeout)', '210 (turn timeout)', '215 (turn timeout)', '220 (turn timeout)', '225 (turn timeout)', '230 (turn timeout)', '235 (turn timeout)', '240 (turn timeout)', '245 (turn timeout)', '250 (turn timeout)', '255 (turn timeout)', '260 (turn timeout)'], 'lawn green': ['186 (turn timeout)', '191 (turn timeout)', '196 (turn timeout)', '201 (turn timeout)', '206 (turn timeout)', '211 (turn timeout)', '216 (turn timeout)', '221 (turn timeout)', '226 (turn timeout)', '231 (turn timeout)', '236 (turn timeout)', '241 (turn timeout)', '246 (turn timeout)', '251 (turn timeout)', '256 (turn timeout)', '261 (turn timeout)']}
[2026-05-22 11:18:27] GAME TIME LIMIT REACHED.
[2026-05-22 11:18:27] SCORE Gruppe 69 (lawn green): Final=1407.5, Time=96.0, Moves(37)=13.5, Pins(9)=900.0, Dist=398.0, Win Bonus=0.0
[2026-05-22 11:18:27] SCORE jat (gray0): Final=1325.3, Time=38.7, Moves(53)=90.6, Pins(8)=800.0, Dist=396.0, Win Bonus=0.0
[2026-05-22 11:18:27] SCORE group 99 (yellow): Final=1422.9, Time=36.3, Moves(53)=90.6, Pins(9)=900.0, Dist=396.0, Win Bonus=0.0
[2026-05-22 11:18:27] SCORE CybSec (purple): Final=2569.0, Time=78.4, Moves(53)=90.6, Pins(10)=1000.0, Dist=400.0, Win Bonus=1000.0
[2026-05-22 11:18:27] SCORE HelloWorld (red): Final=442.5, Time=94.5, Moves(8)=0.0, Pins(1)=100.0, Dist=248.0, Win Bonus=0.0
[2026-05-22 11:18:27] ALL WRONG MOVES BY COLOUR: {'red': ['45 (turn timeout)', '50 (turn timeout)', '55 (turn timeout)', '60 (turn timeout)', '65 (turn timeout)', '70 (turn timeout)', '75 (turn timeout)', '80 (turn timeout)', '85 (turn timeout)', '90 (turn timeout)', '95 (turn timeout)', '100 (turn timeout)', '105 (turn timeout)', '110 (turn timeout)', '115 (turn timeout)', '120 (turn timeout)', '125 (turn timeout)', '130 (turn timeout)', '135 (turn timeout)', '140 (turn timeout)', '145 (turn timeout)', '150 (turn timeout)', '155 (turn timeout)', '160 (turn timeout)', '165 (turn timeout)', '170 (turn timeout)', '175 (turn timeout)', '180 (turn timeout)', '185 (turn timeout)', '190 (turn timeout)', '195 (turn timeout)', '200 (turn timeout)', '205 (turn timeout)', '210 (turn timeout)', '215 (turn timeout)', '220 (turn timeout)', '225 (turn timeout)', '230 (turn timeout)', '235 (turn timeout)', '240 (turn timeout)', '245 (turn timeout)', '250 (turn timeout)', '255 (turn timeout)', '260 (turn timeout)'], 'lawn green': ['186 (turn timeout)', '191 (turn timeout)', '196 (turn timeout)', '201 (turn timeout)', '206 (turn timeout)', '211 (turn timeout)', '216 (turn timeout)', '221 (turn timeout)', '226 (turn timeout)', '231 (turn timeout)', '236 (turn timeout)', '241 (turn timeout)', '246 (turn timeout)', '251 (turn timeout)', '256 (turn timeout)', '261 (turn timeout)']}
[2026-05-22 11:18:27] GAME TIME LIMIT REACHED.
[2026-05-22 11:18:28] SCORE Gruppe 69 (lawn green): Final=1407.5, Time=96.0, Moves(37)=13.5, Pins(9)=900.0, Dist=398.0, Win Bonus=0.0
[2026-05-22 11:18:28] SCORE jat (gray0): Final=1325.3, Time=38.7, Moves(53)=90.6, Pins(8)=800.0, Dist=396.0, Win Bonus=0.0
[2026-05-22 11:18:28] SCORE group 99 (yellow): Final=1422.9, Time=36.3, Moves(53)=90.6, Pins(9)=900.0, Dist=396.0, Win Bonus=0.0
[2026-05-22 11:18:28] SCORE CybSec (purple): Final=2569.0, Time=78.4, Moves(53)=90.6, Pins(10)=1000.0, Dist=400.0, Win Bonus=1000.0
[2026-05-22 11:18:28] SCORE HelloWorld (red): Final=442.5, Time=94.5, Moves(8)=0.0, Pins(1)=100.0, Dist=248.0, Win Bonus=0.0
[2026-05-22 11:18:28] ALL WRONG MOVES BY COLOUR: {'red': ['45 (turn timeout)', '50 (turn timeout)', '55 (turn timeout)', '60 (turn timeout)', '65 (turn timeout)', '70 (turn timeout)', '75 (turn timeout)', '80 (turn timeout)', '85 (turn timeout)', '90 (turn timeout)', '95 (turn timeout)', '100 (turn timeout)', '105 (turn timeout)', '110 (turn timeout)', '115 (turn timeout)', '120 (turn timeout)', '125 (turn timeout)', '130 (turn timeout)', '135 (turn timeout)', '140 (turn timeout)', '145 (turn timeout)', '150 (turn timeout)', '155 (turn timeout)', '160 (turn timeout)', '165 (turn timeout)', '170 (turn timeout)', '175 (turn timeout)', '180 (turn timeout)', '185 (turn timeout)', '190 (turn timeout)', '195 (turn timeout)', '200 (turn timeout)', '205 (turn timeout)', '210 (turn timeout)', '215 (turn timeout)', '220 (turn timeout)', '225 (turn timeout)', '230 (turn timeout)', '235 (turn timeout)', '240 (turn timeout)', '245 (turn timeout)', '250 (turn timeout)', '255 (turn timeout)', '260 (turn timeout)'], 'lawn green': ['186 (turn timeout)', '191 (turn timeout)', '196 (turn timeout)', '201 (turn timeout)', '206 (turn timeout)', '211 (turn timeout)', '216 (turn timeout)', '221 (turn timeout)', '226 (turn timeout)', '231 (turn timeout)', '236 (turn timeout)', '241 (turn timeout)', '246 (turn timeout)', '251 (turn timeout)', '256 (turn timeout)', '261 (turn timeout)']}
[2026-05-22 11:18:28] GAME TIME LIMIT REACHED.
[2026-05-22 11:18:28] SCORE Gruppe 69 (lawn green): Final=1407.5, Time=96.0, Moves(37)=13.5, Pins(9)=900.0, Dist=398.0, Win Bonus=0.0
[2026-05-22 11:18:28] SCORE jat (gray0): Final=1325.3, Time=38.7, Moves(53)=90.6, Pins(8)=800.0, Dist=396.0, Win Bonus=0.0
[2026-05-22 11:18:28] SCORE group 99 (yellow): Final=1422.9, Time=36.3, Moves(53)=90.6, Pins(9)=900.0, Dist=396.0, Win Bonus=0.0
[2026-05-22 11:18:28] SCORE CybSec (purple): Final=2569.0, Time=78.4, Moves(53)=90.6, Pins(10)=1000.0, Dist=400.0, Win Bonus=1000.0
[2026-05-22 11:18:28] SCORE HelloWorld (red): Final=442.5, Time=94.5, Moves(8)=0.0, Pins(1)=100.0, Dist=248.0, Win Bonus=0.0
[2026-05-22 11:18:28] ALL WRONG MOVES BY COLOUR: {'red': ['45 (turn timeout)', '50 (turn timeout)', '55 (turn timeout)', '60 (turn timeout)', '65 (turn timeout)', '70 (turn timeout)', '75 (turn timeout)', '80 (turn timeout)', '85 (turn timeout)', '90 (turn timeout)', '95 (turn timeout)', '100 (turn timeout)', '105 (turn timeout)', '110 (turn timeout)', '115 (turn timeout)', '120 (turn timeout)', '125 (turn timeout)', '130 (turn timeout)', '135 (turn timeout)', '140 (turn timeout)', '145 (turn timeout)', '150 (turn timeout)', '155 (turn timeout)', '160 (turn timeout)', '165 (turn timeout)', '170 (turn timeout)', '175 (turn timeout)', '180 (turn timeout)', '185 (turn timeout)', '190 (turn timeout)', '195 (turn timeout)', '200 (turn timeout)', '205 (turn timeout)', '210 (turn timeout)', '215 (turn timeout)', '220 (turn timeout)', '225 (turn timeout)', '230 (turn timeout)', '235 (turn timeout)', '240 (turn timeout)', '245 (turn timeout)', '250 (turn timeout)', '255 (turn timeout)', '260 (turn timeout)'], 'lawn green': ['186 (turn timeout)', '191 (turn timeout)', '196 (turn timeout)', '201 (turn timeout)', '206 (turn timeout)', '211 (turn timeout)', '216 (turn timeout)', '221 (turn timeout)', '226 (turn timeout)', '231 (turn timeout)', '236 (turn timeout)', '241 (turn timeout)', '246 (turn timeout)', '251 (turn timeout)', '256 (turn timeout)', '261 (turn timeout)']}
[2026-05-22 11:18:28] GAME TIME LIMIT REACHED.
[2026-05-22 11:18:28] SCORE Gruppe 69 (lawn green): Final=1407.5, Time=96.0, Moves(37)=13.5, Pins(9)=900.0, Dist=398.0, Win Bonus=0.0
[2026-05-22 11:18:28] SCORE jat (gray0): Final=1325.3, Time=38.7, Moves(53)=90.6, Pins(8)=800.0, Dist=396.0, Win Bonus=0.0
[2026-05-22 11:18:28] SCORE group 99 (yellow): Final=1422.9, Time=36.3, Moves(53)=90.6, Pins(9)=900.0, Dist=396.0, Win Bonus=0.0
[2026-05-22 11:18:28] SCORE CybSec (purple): Final=2569.0, Time=78.4, Moves(53)=90.6, Pins(10)=1000.0, Dist=400.0, Win Bonus=1000.0
[2026-05-22 11:18:28] SCORE HelloWorld (red): Final=442.5, Time=94.5, Moves(8)=0.0, Pins(1)=100.0, Dist=248.0, Win Bonus=0.0
[2026-05-22 11:18:28] ALL WRONG MOVES BY COLOUR: {'red': ['45 (turn timeout)', '50 (turn timeout)', '55 (turn timeout)', '60 (turn timeout)', '65 (turn timeout)', '70 (turn timeout)', '75 (turn timeout)', '80 (turn timeout)', '85 (turn timeout)', '90 (turn timeout)', '95 (turn timeout)', '100 (turn timeout)', '105 (turn timeout)', '110 (turn timeout)', '115 (turn timeout)', '120 (turn timeout)', '125 (turn timeout)', '130 (turn timeout)', '135 (turn timeout)', '140 (turn timeout)', '145 (turn timeout)', '150 (turn timeout)', '155 (turn timeout)', '160 (turn timeout)', '165 (turn timeout)', '170 (turn timeout)', '175 (turn timeout)', '180 (turn timeout)', '185 (turn timeout)', '190 (turn timeout)', '195 (turn timeout)', '200 (turn timeout)', '205 (turn timeout)', '210 (turn timeout)', '215 (turn timeout)', '220 (turn timeout)', '225 (turn timeout)', '230 (turn timeout)', '235 (turn timeout)', '240 (turn timeout)', '245 (turn timeout)', '250 (turn timeout)', '255 (turn timeout)', '260 (turn timeout)'], 'lawn green': ['186 (turn timeout)', '191 (turn timeout)', '196 (turn timeout)', '201 (turn timeout)', '206 (turn timeout)', '211 (turn timeout)', '216 (turn timeout)', '221 (turn timeout)', '226 (turn timeout)', '231 (turn timeout)', '236 (turn timeout)', '241 (turn timeout)', '246 (turn timeout)', '251 (turn timeout)', '256 (turn timeout)', '261 (turn timeout)']}
[2026-05-22 11:18:28] GAME TIME LIMIT REACHED.
[2026-05-22 11:18:29] SCORE Gruppe 69 (lawn green): Final=1407.5, Time=96.0, Moves(37)=13.5, Pins(9)=900.0, Dist=398.0, Win Bonus=0.0
[2026-05-22 11:18:29] SCORE jat (gray0): Final=1325.3, Time=38.7, Moves(53)=90.6, Pins(8)=800.0, Dist=396.0, Win Bonus=0.0
[2026-05-22 11:18:29] SCORE group 99 (yellow): Final=1422.9, Time=36.3, Moves(53)=90.6, Pins(9)=900.0, Dist=396.0, Win Bonus=0.0
[2026-05-22 11:18:29] SCORE CybSec (purple): Final=2569.0, Time=78.4, Moves(53)=90.6, Pins(10)=1000.0, Dist=400.0, Win Bonus=1000.0
[2026-05-22 11:18:29] SCORE HelloWorld (red): Final=442.5, Time=94.5, Moves(8)=0.0, Pins(1)=100.0, Dist=248.0, Win Bonus=0.0
[2026-05-22 11:18:29] ALL WRONG MOVES BY COLOUR: {'red': ['45 (turn timeout)', '50 (turn timeout)', '55 (turn timeout)', '60 (turn timeout)', '65 (turn timeout)', '70 (turn timeout)', '75 (turn timeout)', '80 (turn timeout)', '85 (turn timeout)', '90 (turn timeout)', '95 (turn timeout)', '100 (turn timeout)', '105 (turn timeout)', '110 (turn timeout)', '115 (turn timeout)', '120 (turn timeout)', '125 (turn timeout)', '130 (turn timeout)', '135 (turn timeout)', '140 (turn timeout)', '145 (turn timeout)', '150 (turn timeout)', '155 (turn timeout)', '160 (turn timeout)', '165 (turn timeout)', '170 (turn timeout)', '175 (turn timeout)', '180 (turn timeout)', '185 (turn timeout)', '190 (turn timeout)', '195 (turn timeout)', '200 (turn timeout)', '205 (turn timeout)', '210 (turn timeout)', '215 (turn timeout)', '220 (turn timeout)', '225 (turn timeout)', '230 (turn timeout)', '235 (turn timeout)', '240 (turn timeout)', '245 (turn timeout)', '250 (turn timeout)', '255 (turn timeout)', '260 (turn timeout)'], 'lawn green': ['186 (turn timeout)', '191 (turn timeout)', '196 (turn timeout)', '201 (turn timeout)', '206 (turn timeout)', '211 (turn timeout)', '216 (turn timeout)', '221 (turn timeout)', '226 (turn timeout)', '231 (turn timeout)', '236 (turn timeout)', '241 (turn timeout)', '246 (turn timeout)', '251 (turn timeout)', '256 (turn timeout)', '261 (turn timeout)']}
[2026-05-22 11:18:29] GAME TIME LIMIT REACHED.
[2026-05-22 11:18:29] SCORE Gruppe 69 (lawn green): Final=1407.5, Time=96.0, Moves(37)=13.5, Pins(9)=900.0, Dist=398.0, Win Bonus=0.0
[2026-05-22 11:18:29] SCORE jat (gray0): Final=1325.3, Time=38.7, Moves(53)=90.6, Pins(8)=800.0, Dist=396.0, Win Bonus=0.0
[2026-05-22 11:18:29] SCORE group 99 (yellow): Final=1422.9, Time=36.3, Moves(53)=90.6, Pins(9)=900.0, Dist=396.0, Win Bonus=0.0
[2026-05-22 11:18:29] SCORE CybSec (purple): Final=2569.0, Time=78.4, Moves(53)=90.6, Pins(10)=1000.0, Dist=400.0, Win Bonus=1000.0
[2026-05-22 11:18:29] SCORE HelloWorld (red): Final=442.5, Time=94.5, Moves(8)=0.0, Pins(1)=100.0, Dist=248.0, Win Bonus=0.0
[2026-05-22 11:18:29] ALL WRONG MOVES BY COLOUR: {'red': ['45 (turn timeout)', '50 (turn timeout)', '55 (turn timeout)', '60 (turn timeout)', '65 (turn timeout)', '70 (turn timeout)', '75 (turn timeout)', '80 (turn timeout)', '85 (turn timeout)', '90 (turn timeout)', '95 (turn timeout)', '100 (turn timeout)', '105 (turn timeout)', '110 (turn timeout)', '115 (turn timeout)', '120 (turn timeout)', '125 (turn timeout)', '130 (turn timeout)', '135 (turn timeout)', '140 (turn timeout)', '145 (turn timeout)', '150 (turn timeout)', '155 (turn timeout)', '160 (turn timeout)', '165 (turn timeout)', '170 (turn timeout)', '175 (turn timeout)', '180 (turn timeout)', '185 (turn timeout)', '190 (turn timeout)', '195 (turn timeout)', '200 (turn timeout)', '205 (turn timeout)', '210 (turn timeout)', '215 (turn timeout)', '220 (turn timeout)', '225 (turn timeout)', '230 (turn timeout)', '235 (turn timeout)', '240 (turn timeout)', '245 (turn timeout)', '250 (turn timeout)', '255 (turn timeout)', '260 (turn timeout)'], 'lawn green': ['186 (turn timeout)', '191 (turn timeout)', '196 (turn timeout)', '201 (turn timeout)', '206 (turn timeout)', '211 (turn timeout)', '216 (turn timeout)', '221 (turn timeout)', '226 (turn timeout)', '231 (turn timeout)', '236 (turn timeout)', '241 (turn timeout)', '246 (turn timeout)', '251 (turn timeout)', '256 (turn timeout)', '261 (turn timeout)']}
[2026-05-22 11:18:29] GAME TIME LIMIT REACHED.
[2026-05-22 11:18:29] SCORE Gruppe 69 (lawn green): Final=1407.5, Time=96.0, Moves(37)=13.5, Pins(9)=900.0, Dist=398.0, Win Bonus=0.0
[2026-05-22 11:18:29] SCORE jat (gray0): Final=1325.3, Time=38.7, Moves(53)=90.6, Pins(8)=800.0, Dist=396.0, Win Bonus=0.0
[2026-05-22 11:18:29] SCORE group 99 (yellow): Final=1422.9, Time=36.3, Moves(53)=90.6, Pins(9)=900.0, Dist=396.0, Win Bonus=0.0
[2026-05-22 11:18:29] SCORE CybSec (purple): Final=2569.0, Time=78.4, Moves(53)=90.6, Pins(10)=1000.0, Dist=400.0, Win Bonus=1000.0
[2026-05-22 11:18:29] SCORE HelloWorld (red): Final=442.5, Time=94.5, Moves(8)=0.0, Pins(1)=100.0, Dist=248.0, Win Bonus=0.0
[2026-05-22 11:18:29] ALL WRONG MOVES BY COLOUR: {'red': ['45 (turn timeout)', '50 (turn timeout)', '55 (turn timeout)', '60 (turn timeout)', '65 (turn timeout)', '70 (turn timeout)', '75 (turn timeout)', '80 (turn timeout)', '85 (turn timeout)', '90 (turn timeout)', '95 (turn timeout)', '100 (turn timeout)', '105 (turn timeout)', '110 (turn timeout)', '115 (turn timeout)', '120 (turn timeout)', '125 (turn timeout)', '130 (turn timeout)', '135 (turn timeout)', '140 (turn timeout)', '145 (turn timeout)', '150 (turn timeout)', '155 (turn timeout)', '160 (turn timeout)', '165 (turn timeout)', '170 (turn timeout)', '175 (turn timeout)', '180 (turn timeout)', '185 (turn timeout)', '190 (turn timeout)', '195 (turn timeout)', '200 (turn timeout)', '205 (turn timeout)', '210 (turn timeout)', '215 (turn timeout)', '220 (turn timeout)', '225 (turn timeout)', '230 (turn timeout)', '235 (turn timeout)', '240 (turn timeout)', '245 (turn timeout)', '250 (turn timeout)', '255 (turn timeout)', '260 (turn timeout)'], 'lawn green': ['186 (turn timeout)', '191 (turn timeout)', '196 (turn timeout)', '201 (turn timeout)', '206 (turn timeout)', '211 (turn timeout)', '216 (turn timeout)', '221 (turn timeout)', '226 (turn timeout)', '231 (turn timeout)', '236 (turn timeout)', '241 (turn timeout)', '246 (turn timeout)', '251 (turn timeout)', '256 (turn timeout)', '261 (turn timeout)']}
[2026-05-22 11:18:29] GAME TIME LIMIT REACHED.
[2026-05-22 11:18:29] SCORE Gruppe 69 (lawn green): Final=1407.5, Time=96.0, Moves(37)=13.5, Pins(9)=900.0, Dist=398.0, Win Bonus=0.0
[2026-05-22 11:18:29] SCORE jat (gray0): Final=1325.3, Time=38.7, Moves(53)=90.6, Pins(8)=800.0, Dist=396.0, Win Bonus=0.0
[2026-05-22 11:18:29] SCORE group 99 (yellow): Final=1422.9, Time=36.3, Moves(53)=90.6, Pins(9)=900.0, Dist=396.0, Win Bonus=0.0
[2026-05-22 11:18:29] SCORE CybSec (purple): Final=2569.0, Time=78.4, Moves(53)=90.6, Pins(10)=1000.0, Dist=400.0, Win Bonus=1000.0
[2026-05-22 11:18:29] SCORE HelloWorld (red): Final=442.5, Time=94.5, Moves(8)=0.0, Pins(1)=100.0, Dist=248.0, Win Bonus=0.0
[2026-05-22 11:18:29] ALL WRONG MOVES BY COLOUR: {'red': ['45 (turn timeout)', '50 (turn timeout)', '55 (turn timeout)', '60 (turn timeout)', '65 (turn timeout)', '70 (turn timeout)', '75 (turn timeout)', '80 (turn timeout)', '85 (turn timeout)', '90 (turn timeout)', '95 (turn timeout)', '100 (turn timeout)', '105 (turn timeout)', '110 (turn timeout)', '115 (turn timeout)', '120 (turn timeout)', '125 (turn timeout)', '130 (turn timeout)', '135 (turn timeout)', '140 (turn timeout)', '145 (turn timeout)', '150 (turn timeout)', '155 (turn timeout)', '160 (turn timeout)', '165 (turn timeout)', '170 (turn timeout)', '175 (turn timeout)', '180 (turn timeout)', '185 (turn timeout)', '190 (turn timeout)', '195 (turn timeout)', '200 (turn timeout)', '205 (turn timeout)', '210 (turn timeout)', '215 (turn timeout)', '220 (turn timeout)', '225 (turn timeout)', '230 (turn timeout)', '235 (turn timeout)', '240 (turn timeout)', '245 (turn timeout)', '250 (turn timeout)', '255 (turn timeout)', '260 (turn timeout)'], 'lawn green': ['186 (turn timeout)', '191 (turn timeout)', '196 (turn timeout)', '201 (turn timeout)', '206 (turn timeout)', '211 (turn timeout)', '216 (turn timeout)', '221 (turn timeout)', '226 (turn timeout)', '231 (turn timeout)', '236 (turn timeout)', '241 (turn timeout)', '246 (turn timeout)', '251 (turn timeout)', '256 (turn timeout)', '261 (turn timeout)']}
[2026-05-22 11:18:29] GAME TIME LIMIT REACHED.
[2026-05-22 11:18:30] SCORE Gruppe 69 (lawn green): Final=1407.5, Time=96.0, Moves(37)=13.5, Pins(9)=900.0, Dist=398.0, Win Bonus=0.0
[2026-05-22 11:18:30] SCORE jat (gray0): Final=1325.3, Time=38.7, Moves(53)=90.6, Pins(8)=800.0, Dist=396.0, Win Bonus=0.0
[2026-05-22 11:18:30] SCORE group 99 (yellow): Final=1422.9, Time=36.3, Moves(53)=90.6, Pins(9)=900.0, Dist=396.0, Win Bonus=0.0
[2026-05-22 11:18:30] SCORE CybSec (purple): Final=2569.0, Time=78.4, Moves(53)=90.6, Pins(10)=1000.0, Dist=400.0, Win Bonus=1000.0
[2026-05-22 11:18:30] SCORE HelloWorld (red): Final=442.5, Time=94.5, Moves(8)=0.0, Pins(1)=100.0, Dist=248.0, Win Bonus=0.0
[2026-05-22 11:18:30] ALL WRONG MOVES BY COLOUR: {'red': ['45 (turn timeout)', '50 (turn timeout)', '55 (turn timeout)', '60 (turn timeout)', '65 (turn timeout)', '70 (turn timeout)', '75 (turn timeout)', '80 (turn timeout)', '85 (turn timeout)', '90 (turn timeout)', '95 (turn timeout)', '100 (turn timeout)', '105 (turn timeout)', '110 (turn timeout)', '115 (turn timeout)', '120 (turn timeout)', '125 (turn timeout)', '130 (turn timeout)', '135 (turn timeout)', '140 (turn timeout)', '145 (turn timeout)', '150 (turn timeout)', '155 (turn timeout)', '160 (turn timeout)', '165 (turn timeout)', '170 (turn timeout)', '175 (turn timeout)', '180 (turn timeout)', '185 (turn timeout)', '190 (turn timeout)', '195 (turn timeout)', '200 (turn timeout)', '205 (turn timeout)', '210 (turn timeout)', '215 (turn timeout)', '220 (turn timeout)', '225 (turn timeout)', '230 (turn timeout)', '235 (turn timeout)', '240 (turn timeout)', '245 (turn timeout)', '250 (turn timeout)', '255 (turn timeout)', '260 (turn timeout)'], 'lawn green': ['186 (turn timeout)', '191 (turn timeout)', '196 (turn timeout)', '201 (turn timeout)', '206 (turn timeout)', '211 (turn timeout)', '216 (turn timeout)', '221 (turn timeout)', '226 (turn timeout)', '231 (turn timeout)', '236 (turn timeout)', '241 (turn timeout)', '246 (turn timeout)', '251 (turn timeout)', '256 (turn timeout)', '261 (turn timeout)']}
[2026-05-22 11:18:30] GAME TIME LIMIT REACHED.
[2026-05-22 11:18:30] SCORE Gruppe 69 (lawn green): Final=1407.5, Time=96.0, Moves(37)=13.5, Pins(9)=900.0, Dist=398.0, Win Bonus=0.0
[2026-05-22 11:18:30] SCORE jat (gray0): Final=1325.3, Time=38.7, Moves(53)=90.6, Pins(8)=800.0, Dist=396.0, Win Bonus=0.0
[2026-05-22 11:18:30] SCORE group 99 (yellow): Final=1422.9, Time=36.3, Moves(53)=90.6, Pins(9)=900.0, Dist=396.0, Win Bonus=0.0
[2026-05-22 11:18:30] SCORE CybSec (purple): Final=2569.0, Time=78.4, Moves(53)=90.6, Pins(10)=1000.0, Dist=400.0, Win Bonus=1000.0
[2026-05-22 11:18:30] SCORE HelloWorld (red): Final=442.5, Time=94.5, Moves(8)=0.0, Pins(1)=100.0, Dist=248.0, Win Bonus=0.0
[2026-05-22 11:18:30] ALL WRONG MOVES BY COLOUR: {'red': ['45 (turn timeout)', '50 (turn timeout)', '55 (turn timeout)', '60 (turn timeout)', '65 (turn timeout)', '70 (turn timeout)', '75 (turn timeout)', '80 (turn timeout)', '85 (turn timeout)', '90 (turn timeout)', '95 (turn timeout)', '100 (turn timeout)', '105 (turn timeout)', '110 (turn timeout)', '115 (turn timeout)', '120 (turn timeout)', '125 (turn timeout)', '130 (turn timeout)', '135 (turn timeout)', '140 (turn timeout)', '145 (turn timeout)', '150 (turn timeout)', '155 (turn timeout)', '160 (turn timeout)', '165 (turn timeout)', '170 (turn timeout)', '175 (turn timeout)', '180 (turn timeout)', '185 (turn timeout)', '190 (turn timeout)', '195 (turn timeout)', '200 (turn timeout)', '205 (turn timeout)', '210 (turn timeout)', '215 (turn timeout)', '220 (turn timeout)', '225 (turn timeout)', '230 (turn timeout)', '235 (turn timeout)', '240 (turn timeout)', '245 (turn timeout)', '250 (turn timeout)', '255 (turn timeout)', '260 (turn timeout)'], 'lawn green': ['186 (turn timeout)', '191 (turn timeout)', '196 (turn timeout)', '201 (turn timeout)', '206 (turn timeout)', '211 (turn timeout)', '216 (turn timeout)', '221 (turn timeout)', '226 (turn timeout)', '231 (turn timeout)', '236 (turn timeout)', '241 (turn timeout)', '246 (turn timeout)', '251 (turn timeout)', '256 (turn timeout)', '261 (turn timeout)']}
[2026-05-22 11:18:30] GAME TIME LIMIT REACHED.
[2026-05-22 11:18:30] SCORE Gruppe 69 (lawn green): Final=1407.5, Time=96.0, Moves(37)=13.5, Pins(9)=900.0, Dist=398.0, Win Bonus=0.0
[2026-05-22 11:18:30] SCORE jat (gray0): Final=1325.3, Time=38.7, Moves(53)=90.6, Pins(8)=800.0, Dist=396.0, Win Bonus=0.0
[2026-05-22 11:18:30] SCORE group 99 (yellow): Final=1422.9, Time=36.3, Moves(53)=90.6, Pins(9)=900.0, Dist=396.0, Win Bonus=0.0
[2026-05-22 11:18:30] SCORE CybSec (purple): Final=2569.0, Time=78.4, Moves(53)=90.6, Pins(10)=1000.0, Dist=400.0, Win Bonus=1000.0
[2026-05-22 11:18:30] SCORE HelloWorld (red): Final=442.5, Time=94.5, Moves(8)=0.0, Pins(1)=100.0, Dist=248.0, Win Bonus=0.0
[2026-05-22 11:18:30] ALL WRONG MOVES BY COLOUR: {'red': ['45 (turn timeout)', '50 (turn timeout)', '55 (turn timeout)', '60 (turn timeout)', '65 (turn timeout)', '70 (turn timeout)', '75 (turn timeout)', '80 (turn timeout)', '85 (turn timeout)', '90 (turn timeout)', '95 (turn timeout)', '100 (turn timeout)', '105 (turn timeout)', '110 (turn timeout)', '115 (turn timeout)', '120 (turn timeout)', '125 (turn timeout)', '130 (turn timeout)', '135 (turn timeout)', '140 (turn timeout)', '145 (turn timeout)', '150 (turn timeout)', '155 (turn timeout)', '160 (turn timeout)', '165 (turn timeout)', '170 (turn timeout)', '175 (turn timeout)', '180 (turn timeout)', '185 (turn timeout)', '190 (turn timeout)', '195 (turn timeout)', '200 (turn timeout)', '205 (turn timeout)', '210 (turn timeout)', '215 (turn timeout)', '220 (turn timeout)', '225 (turn timeout)', '230 (turn timeout)', '235 (turn timeout)', '240 (turn timeout)', '245 (turn timeout)', '250 (turn timeout)', '255 (turn timeout)', '260 (turn timeout)'], 'lawn green': ['186 (turn timeout)', '191 (turn timeout)', '196 (turn timeout)', '201 (turn timeout)', '206 (turn timeout)', '211 (turn timeout)', '216 (turn timeout)', '221 (turn timeout)', '226 (turn timeout)', '231 (turn timeout)', '236 (turn timeout)', '241 (turn timeout)', '246 (turn timeout)', '251 (turn timeout)', '256 (turn timeout)', '261 (turn timeout)']}
[2026-05-22 11:18:30] GAME TIME LIMIT REACHED.
[2026-05-22 11:18:31] SCORE Gruppe 69 (lawn green): Final=1407.5, Time=96.0, Moves(37)=13.5, Pins(9)=900.0, Dist=398.0, Win Bonus=0.0
[2026-05-22 11:18:31] SCORE jat (gray0): Final=1325.3, Time=38.7, Moves(53)=90.6, Pins(8)=800.0, Dist=396.0, Win Bonus=0.0
[2026-05-22 11:18:31] SCORE group 99 (yellow): Final=1422.9, Time=36.3, Moves(53)=90.6, Pins(9)=900.0, Dist=396.0, Win Bonus=0.0
[2026-05-22 11:18:31] SCORE CybSec (purple): Final=2569.0, Time=78.4, Moves(53)=90.6, Pins(10)=1000.0, Dist=400.0, Win Bonus=1000.0
[2026-05-22 11:18:31] SCORE HelloWorld (red): Final=442.5, Time=94.5, Moves(8)=0.0, Pins(1)=100.0, Dist=248.0, Win Bonus=0.0
[2026-05-22 11:18:31] ALL WRONG MOVES BY COLOUR: {'red': ['45 (turn timeout)', '50 (turn timeout)', '55 (turn timeout)', '60 (turn timeout)', '65 (turn timeout)', '70 (turn timeout)', '75 (turn timeout)', '80 (turn timeout)', '85 (turn timeout)', '90 (turn timeout)', '95 (turn timeout)', '100 (turn timeout)', '105 (turn timeout)', '110 (turn timeout)', '115 (turn timeout)', '120 (turn timeout)', '125 (turn timeout)', '130 (turn timeout)', '135 (turn timeout)', '140 (turn timeout)', '145 (turn timeout)', '150 (turn timeout)', '155 (turn timeout)', '160 (turn timeout)', '165 (turn timeout)', '170 (turn timeout)', '175 (turn timeout)', '180 (turn timeout)', '185 (turn timeout)', '190 (turn timeout)', '195 (turn timeout)', '200 (turn timeout)', '205 (turn timeout)', '210 (turn timeout)', '215 (turn timeout)', '220 (turn timeout)', '225 (turn timeout)', '230 (turn timeout)', '235 (turn timeout)', '240 (turn timeout)', '245 (turn timeout)', '250 (turn timeout)', '255 (turn timeout)', '260 (turn timeout)'], 'lawn green': ['186 (turn timeout)', '191 (turn timeout)', '196 (turn timeout)', '201 (turn timeout)', '206 (turn timeout)', '211 (turn timeout)', '216 (turn timeout)', '221 (turn timeout)', '226 (turn timeout)', '231 (turn timeout)', '236 (turn timeout)', '241 (turn timeout)', '246 (turn timeout)', '251 (turn timeout)', '256 (turn timeout)', '261 (turn timeout)']}
[2026-05-22 11:18:31] GAME TIME LIMIT REACHED.
[2026-05-22 11:18:31] SCORE Gruppe 69 (lawn green): Final=1407.5, Time=96.0, Moves(37)=13.5, Pins(9)=900.0, Dist=398.0, Win Bonus=0.0
[2026-05-22 11:18:31] SCORE jat (gray0): Final=1325.3, Time=38.7, Moves(53)=90.6, Pins(8)=800.0, Dist=396.0, Win Bonus=0.0
[2026-05-22 11:18:31] SCORE group 99 (yellow): Final=1422.9, Time=36.3, Moves(53)=90.6, Pins(9)=900.0, Dist=396.0, Win Bonus=0.0
[2026-05-22 11:18:31] SCORE CybSec (purple): Final=2569.0, Time=78.4, Moves(53)=90.6, Pins(10)=1000.0, Dist=400.0, Win Bonus=1000.0
[2026-05-22 11:18:31] SCORE HelloWorld (red): Final=442.5, Time=94.5, Moves(8)=0.0, Pins(1)=100.0, Dist=248.0, Win Bonus=0.0
[2026-05-22 11:18:31] ALL WRONG MOVES BY COLOUR: {'red': ['45 (turn timeout)', '50 (turn timeout)', '55 (turn timeout)', '60 (turn timeout)', '65 (turn timeout)', '70 (turn timeout)', '75 (turn timeout)', '80 (turn timeout)', '85 (turn timeout)', '90 (turn timeout)', '95 (turn timeout)', '100 (turn timeout)', '105 (turn timeout)', '110 (turn timeout)', '115 (turn timeout)', '120 (turn timeout)', '125 (turn timeout)', '130 (turn timeout)', '135 (turn timeout)', '140 (turn timeout)', '145 (turn timeout)', '150 (turn timeout)', '155 (turn timeout)', '160 (turn timeout)', '165 (turn timeout)', '170 (turn timeout)', '175 (turn timeout)', '180 (turn timeout)', '185 (turn timeout)', '190 (turn timeout)', '195 (turn timeout)', '200 (turn timeout)', '205 (turn timeout)', '210 (turn timeout)', '215 (turn timeout)', '220 (turn timeout)', '225 (turn timeout)', '230 (turn timeout)', '235 (turn timeout)', '240 (turn timeout)', '245 (turn timeout)', '250 (turn timeout)', '255 (turn timeout)', '260 (turn timeout)'], 'lawn green': ['186 (turn timeout)', '191 (turn timeout)', '196 (turn timeout)', '201 (turn timeout)', '206 (turn timeout)', '211 (turn timeout)', '216 (turn timeout)', '221 (turn timeout)', '226 (turn timeout)', '231 (turn timeout)', '236 (turn timeout)', '241 (turn timeout)', '246 (turn timeout)', '251 (turn timeout)', '256 (turn timeout)', '261 (turn timeout)']}
[2026-05-22 11:18:31] GAME TIME LIMIT REACHED.
[2026-05-22 11:18:31] SCORE Gruppe 69 (lawn green): Final=1407.5, Time=96.0, Moves(37)=13.5, Pins(9)=900.0, Dist=398.0, Win Bonus=0.0
[2026-05-22 11:18:31] SCORE jat (gray0): Final=1325.3, Time=38.7, Moves(53)=90.6, Pins(8)=800.0, Dist=396.0, Win Bonus=0.0
[2026-05-22 11:18:31] SCORE group 99 (yellow): Final=1422.9, Time=36.3, Moves(53)=90.6, Pins(9)=900.0, Dist=396.0, Win Bonus=0.0
[2026-05-22 11:18:31] SCORE CybSec (purple): Final=2569.0, Time=78.4, Moves(53)=90.6, Pins(10)=1000.0, Dist=400.0, Win Bonus=1000.0
[2026-05-22 11:18:31] SCORE HelloWorld (red): Final=442.5, Time=94.5, Moves(8)=0.0, Pins(1)=100.0, Dist=248.0, Win Bonus=0.0
[2026-05-22 11:18:31] ALL WRONG MOVES BY COLOUR: {'red': ['45 (turn timeout)', '50 (turn timeout)', '55 (turn timeout)', '60 (turn timeout)', '65 (turn timeout)', '70 (turn timeout)', '75 (turn timeout)', '80 (turn timeout)', '85 (turn timeout)', '90 (turn timeout)', '95 (turn timeout)', '100 (turn timeout)', '105 (turn timeout)', '110 (turn timeout)', '115 (turn timeout)', '120 (turn timeout)', '125 (turn timeout)', '130 (turn timeout)', '135 (turn timeout)', '140 (turn timeout)', '145 (turn timeout)', '150 (turn timeout)', '155 (turn timeout)', '160 (turn timeout)', '165 (turn timeout)', '170 (turn timeout)', '175 (turn timeout)', '180 (turn timeout)', '185 (turn timeout)', '190 (turn timeout)', '195 (turn timeout)', '200 (turn timeout)', '205 (turn timeout)', '210 (turn timeout)', '215 (turn timeout)', '220 (turn timeout)', '225 (turn timeout)', '230 (turn timeout)', '235 (turn timeout)', '240 (turn timeout)', '245 (turn timeout)', '250 (turn timeout)', '255 (turn timeout)', '260 (turn timeout)'], 'lawn green': ['186 (turn timeout)', '191 (turn timeout)', '196 (turn timeout)', '201 (turn timeout)', '206 (turn timeout)', '211 (turn timeout)', '216 (turn timeout)', '221 (turn timeout)', '226 (turn timeout)', '231 (turn timeout)', '236 (turn timeout)', '241 (turn timeout)', '246 (turn timeout)', '251 (turn timeout)', '256 (turn timeout)', '261 (turn timeout)']}
[2026-05-22 11:18:31] GAME TIME LIMIT REACHED.
[2026-05-22 11:18:32] SCORE Gruppe 69 (lawn green): Final=1407.5, Time=96.0, Moves(37)=13.5, Pins(9)=900.0, Dist=398.0, Win Bonus=0.0
[2026-05-22 11:18:32] SCORE jat (gray0): Final=1325.3, Time=38.7, Moves(53)=90.6, Pins(8)=800.0, Dist=396.0, Win Bonus=0.0
[2026-05-22 11:18:32] SCORE group 99 (yellow): Final=1422.9, Time=36.3, Moves(53)=90.6, Pins(9)=900.0, Dist=396.0, Win Bonus=0.0
[2026-05-22 11:18:32] SCORE CybSec (purple): Final=2569.0, Time=78.4, Moves(53)=90.6, Pins(10)=1000.0, Dist=400.0, Win Bonus=1000.0
[2026-05-22 11:18:32] SCORE HelloWorld (red): Final=442.5, Time=94.5, Moves(8)=0.0, Pins(1)=100.0, Dist=248.0, Win Bonus=0.0
[2026-05-22 11:18:32] ALL WRONG MOVES BY COLOUR: {'red': ['45 (turn timeout)', '50 (turn timeout)', '55 (turn timeout)', '60 (turn timeout)', '65 (turn timeout)', '70 (turn timeout)', '75 (turn timeout)', '80 (turn timeout)', '85 (turn timeout)', '90 (turn timeout)', '95 (turn timeout)', '100 (turn timeout)', '105 (turn timeout)', '110 (turn timeout)', '115 (turn timeout)', '120 (turn timeout)', '125 (turn timeout)', '130 (turn timeout)', '135 (turn timeout)', '140 (turn timeout)', '145 (turn timeout)', '150 (turn timeout)', '155 (turn timeout)', '160 (turn timeout)', '165 (turn timeout)', '170 (turn timeout)', '175 (turn timeout)', '180 (turn timeout)', '185 (turn timeout)', '190 (turn timeout)', '195 (turn timeout)', '200 (turn timeout)', '205 (turn timeout)', '210 (turn timeout)', '215 (turn timeout)', '220 (turn timeout)', '225 (turn timeout)', '230 (turn timeout)', '235 (turn timeout)', '240 (turn timeout)', '245 (turn timeout)', '250 (turn timeout)', '255 (turn timeout)', '260 (turn timeout)'], 'lawn green': ['186 (turn timeout)', '191 (turn timeout)', '196 (turn timeout)', '201 (turn timeout)', '206 (turn timeout)', '211 (turn timeout)', '216 (turn timeout)', '221 (turn timeout)', '226 (turn timeout)', '231 (turn timeout)', '236 (turn timeout)', '241 (turn timeout)', '246 (turn timeout)', '251 (turn timeout)', '256 (turn timeout)', '261 (turn timeout)']}
[2026-05-22 11:18:32] GAME TIME LIMIT REACHED.
[2026-05-22 11:18:32] SCORE Gruppe 69 (lawn green): Final=1407.5, Time=96.0, Moves(37)=13.5, Pins(9)=900.0, Dist=398.0, Win Bonus=0.0
[2026-05-22 11:18:32] SCORE jat (gray0): Final=1325.3, Time=38.7, Moves(53)=90.6, Pins(8)=800.0, Dist=396.0, Win Bonus=0.0
[2026-05-22 11:18:32] SCORE group 99 (yellow): Final=1422.9, Time=36.3, Moves(53)=90.6, Pins(9)=900.0, Dist=396.0, Win Bonus=0.0
[2026-05-22 11:18:32] SCORE CybSec (purple): Final=2569.0, Time=78.4, Moves(53)=90.6, Pins(10)=1000.0, Dist=400.0, Win Bonus=1000.0
[2026-05-22 11:18:32] SCORE HelloWorld (red): Final=442.5, Time=94.5, Moves(8)=0.0, Pins(1)=100.0, Dist=248.0, Win Bonus=0.0
[2026-05-22 11:18:32] ALL WRONG MOVES BY COLOUR: {'red': ['45 (turn timeout)', '50 (turn timeout)', '55 (turn timeout)', '60 (turn timeout)', '65 (turn timeout)', '70 (turn timeout)', '75 (turn timeout)', '80 (turn timeout)', '85 (turn timeout)', '90 (turn timeout)', '95 (turn timeout)', '100 (turn timeout)', '105 (turn timeout)', '110 (turn timeout)', '115 (turn timeout)', '120 (turn timeout)', '125 (turn timeout)', '130 (turn timeout)', '135 (turn timeout)', '140 (turn timeout)', '145 (turn timeout)', '150 (turn timeout)', '155 (turn timeout)', '160 (turn timeout)', '165 (turn timeout)', '170 (turn timeout)', '175 (turn timeout)', '180 (turn timeout)', '185 (turn timeout)', '190 (turn timeout)', '195 (turn timeout)', '200 (turn timeout)', '205 (turn timeout)', '210 (turn timeout)', '215 (turn timeout)', '220 (turn timeout)', '225 (turn timeout)', '230 (turn timeout)', '235 (turn timeout)', '240 (turn timeout)', '245 (turn timeout)', '250 (turn timeout)', '255 (turn timeout)', '260 (turn timeout)'], 'lawn green': ['186 (turn timeout)', '191 (turn timeout)', '196 (turn timeout)', '201 (turn timeout)', '206 (turn timeout)', '211 (turn timeout)', '216 (turn timeout)', '221 (turn timeout)', '226 (turn timeout)', '231 (turn timeout)', '236 (turn timeout)', '241 (turn timeout)', '246 (turn timeout)', '251 (turn timeout)', '256 (turn timeout)', '261 (turn timeout)']}
[2026-05-22 11:18:32] GAME TIME LIMIT REACHED.
[2026-05-22 11:18:32] SCORE Gruppe 69 (lawn green): Final=1407.5, Time=96.0, Moves(37)=13.5, Pins(9)=900.0, Dist=398.0, Win Bonus=0.0
[2026-05-22 11:18:32] SCORE jat (gray0): Final=1325.3, Time=38.7, Moves(53)=90.6, Pins(8)=800.0, Dist=396.0, Win Bonus=0.0
[2026-05-22 11:18:32] SCORE group 99 (yellow): Final=1422.9, Time=36.3, Moves(53)=90.6, Pins(9)=900.0, Dist=396.0, Win Bonus=0.0
[2026-05-22 11:18:32] SCORE CybSec (purple): Final=2569.0, Time=78.4, Moves(53)=90.6, Pins(10)=1000.0, Dist=400.0, Win Bonus=1000.0
[2026-05-22 11:18:32] SCORE HelloWorld (red): Final=442.5, Time=94.5, Moves(8)=0.0, Pins(1)=100.0, Dist=248.0, Win Bonus=0.0
[2026-05-22 11:18:32] ALL WRONG MOVES BY COLOUR: {'red': ['45 (turn timeout)', '50 (turn timeout)', '55 (turn timeout)', '60 (turn timeout)', '65 (turn timeout)', '70 (turn timeout)', '75 (turn timeout)', '80 (turn timeout)', '85 (turn timeout)', '90 (turn timeout)', '95 (turn timeout)', '100 (turn timeout)', '105 (turn timeout)', '110 (turn timeout)', '115 (turn timeout)', '120 (turn timeout)', '125 (turn timeout)', '130 (turn timeout)', '135 (turn timeout)', '140 (turn timeout)', '145 (turn timeout)', '150 (turn timeout)', '155 (turn timeout)', '160 (turn timeout)', '165 (turn timeout)', '170 (turn timeout)', '175 (turn timeout)', '180 (turn timeout)', '185 (turn timeout)', '190 (turn timeout)', '195 (turn timeout)', '200 (turn timeout)', '205 (turn timeout)', '210 (turn timeout)', '215 (turn timeout)', '220 (turn timeout)', '225 (turn timeout)', '230 (turn timeout)', '235 (turn timeout)', '240 (turn timeout)', '245 (turn timeout)', '250 (turn timeout)', '255 (turn timeout)', '260 (turn timeout)'], 'lawn green': ['186 (turn timeout)', '191 (turn timeout)', '196 (turn timeout)', '201 (turn timeout)', '206 (turn timeout)', '211 (turn timeout)', '216 (turn timeout)', '221 (turn timeout)', '226 (turn timeout)', '231 (turn timeout)', '236 (turn timeout)', '241 (turn timeout)', '246 (turn timeout)', '251 (turn timeout)', '256 (turn timeout)', '261 (turn timeout)']}
[2026-05-22 11:18:32] GAME TIME LIMIT REACHED.
[2026-05-22 11:18:32] SCORE Gruppe 69 (lawn green): Final=1407.5, Time=96.0, Moves(37)=13.5, Pins(9)=900.0, Dist=398.0, Win Bonus=0.0
[2026-05-22 11:18:32] SCORE jat (gray0): Final=1325.3, Time=38.7, Moves(53)=90.6, Pins(8)=800.0, Dist=396.0, Win Bonus=0.0
[2026-05-22 11:18:32] SCORE group 99 (yellow): Final=1422.9, Time=36.3, Moves(53)=90.6, Pins(9)=900.0, Dist=396.0, Win Bonus=0.0
[2026-05-22 11:18:32] SCORE CybSec (purple): Final=2569.0, Time=78.4, Moves(53)=90.6, Pins(10)=1000.0, Dist=400.0, Win Bonus=1000.0
[2026-05-22 11:18:32] SCORE HelloWorld (red): Final=442.5, Time=94.5, Moves(8)=0.0, Pins(1)=100.0, Dist=248.0, Win Bonus=0.0
[2026-05-22 11:18:32] ALL WRONG MOVES BY COLOUR: {'red': ['45 (turn timeout)', '50 (turn timeout)', '55 (turn timeout)', '60 (turn timeout)', '65 (turn timeout)', '70 (turn timeout)', '75 (turn timeout)', '80 (turn timeout)', '85 (turn timeout)', '90 (turn timeout)', '95 (turn timeout)', '100 (turn timeout)', '105 (turn timeout)', '110 (turn timeout)', '115 (turn timeout)', '120 (turn timeout)', '125 (turn timeout)', '130 (turn timeout)', '135 (turn timeout)', '140 (turn timeout)', '145 (turn timeout)', '150 (turn timeout)', '155 (turn timeout)', '160 (turn timeout)', '165 (turn timeout)', '170 (turn timeout)', '175 (turn timeout)', '180 (turn timeout)', '185 (turn timeout)', '190 (turn timeout)', '195 (turn timeout)', '200 (turn timeout)', '205 (turn timeout)', '210 (turn timeout)', '215 (turn timeout)', '220 (turn timeout)', '225 (turn timeout)', '230 (turn timeout)', '235 (turn timeout)', '240 (turn timeout)', '245 (turn timeout)', '250 (turn timeout)', '255 (turn timeout)', '260 (turn timeout)'], 'lawn green': ['186 (turn timeout)', '191 (turn timeout)', '196 (turn timeout)', '201 (turn timeout)', '206 (turn timeout)', '211 (turn timeout)', '216 (turn timeout)', '221 (turn timeout)', '226 (turn timeout)', '231 (turn timeout)', '236 (turn timeout)', '241 (turn timeout)', '246 (turn timeout)', '251 (turn timeout)', '256 (turn timeout)', '261 (turn timeout)']}
[2026-05-22 11:18:32] GAME TIME LIMIT REACHED.
[2026-05-22 11:18:33] SCORE Gruppe 69 (lawn green): Final=1407.5, Time=96.0, Moves(37)=13.5, Pins(9)=900.0, Dist=398.0, Win Bonus=0.0
[2026-05-22 11:18:33] SCORE jat (gray0): Final=1325.3, Time=38.7, Moves(53)=90.6, Pins(8)=800.0, Dist=396.0, Win Bonus=0.0
[2026-05-22 11:18:33] SCORE group 99 (yellow): Final=1422.9, Time=36.3, Moves(53)=90.6, Pins(9)=900.0, Dist=396.0, Win Bonus=0.0
[2026-05-22 11:18:33] SCORE CybSec (purple): Final=2569.0, Time=78.4, Moves(53)=90.6, Pins(10)=1000.0, Dist=400.0, Win Bonus=1000.0
[2026-05-22 11:18:33] SCORE HelloWorld (red): Final=442.5, Time=94.5, Moves(8)=0.0, Pins(1)=100.0, Dist=248.0, Win Bonus=0.0
[2026-05-22 11:18:33] ALL WRONG MOVES BY COLOUR: {'red': ['45 (turn timeout)', '50 (turn timeout)', '55 (turn timeout)', '60 (turn timeout)', '65 (turn timeout)', '70 (turn timeout)', '75 (turn timeout)', '80 (turn timeout)', '85 (turn timeout)', '90 (turn timeout)', '95 (turn timeout)', '100 (turn timeout)', '105 (turn timeout)', '110 (turn timeout)', '115 (turn timeout)', '120 (turn timeout)', '125 (turn timeout)', '130 (turn timeout)', '135 (turn timeout)', '140 (turn timeout)', '145 (turn timeout)', '150 (turn timeout)', '155 (turn timeout)', '160 (turn timeout)', '165 (turn timeout)', '170 (turn timeout)', '175 (turn timeout)', '180 (turn timeout)', '185 (turn timeout)', '190 (turn timeout)', '195 (turn timeout)', '200 (turn timeout)', '205 (turn timeout)', '210 (turn timeout)', '215 (turn timeout)', '220 (turn timeout)', '225 (turn timeout)', '230 (turn timeout)', '235 (turn timeout)', '240 (turn timeout)', '245 (turn timeout)', '250 (turn timeout)', '255 (turn timeout)', '260 (turn timeout)'], 'lawn green': ['186 (turn timeout)', '191 (turn timeout)', '196 (turn timeout)', '201 (turn timeout)', '206 (turn timeout)', '211 (turn timeout)', '216 (turn timeout)', '221 (turn timeout)', '226 (turn timeout)', '231 (turn timeout)', '236 (turn timeout)', '241 (turn timeout)', '246 (turn timeout)', '251 (turn timeout)', '256 (turn timeout)', '261 (turn timeout)']}
[2026-05-22 11:18:33] GAME TIME LIMIT REACHED.
[2026-05-22 11:18:33] SCORE Gruppe 69 (lawn green): Final=1407.5, Time=96.0, Moves(37)=13.5, Pins(9)=900.0, Dist=398.0, Win Bonus=0.0
[2026-05-22 11:18:33] SCORE jat (gray0): Final=1325.3, Time=38.7, Moves(53)=90.6, Pins(8)=800.0, Dist=396.0, Win Bonus=0.0
[2026-05-22 11:18:33] SCORE group 99 (yellow): Final=1422.9, Time=36.3, Moves(53)=90.6, Pins(9)=900.0, Dist=396.0, Win Bonus=0.0
[2026-05-22 11:18:33] SCORE CybSec (purple): Final=2569.0, Time=78.4, Moves(53)=90.6, Pins(10)=1000.0, Dist=400.0, Win Bonus=1000.0
[2026-05-22 11:18:33] SCORE HelloWorld (red): Final=442.5, Time=94.5, Moves(8)=0.0, Pins(1)=100.0, Dist=248.0, Win Bonus=0.0
[2026-05-22 11:18:33] ALL WRONG MOVES BY COLOUR: {'red': ['45 (turn timeout)', '50 (turn timeout)', '55 (turn timeout)', '60 (turn timeout)', '65 (turn timeout)', '70 (turn timeout)', '75 (turn timeout)', '80 (turn timeout)', '85 (turn timeout)', '90 (turn timeout)', '95 (turn timeout)', '100 (turn timeout)', '105 (turn timeout)', '110 (turn timeout)', '115 (turn timeout)', '120 (turn timeout)', '125 (turn timeout)', '130 (turn timeout)', '135 (turn timeout)', '140 (turn timeout)', '145 (turn timeout)', '150 (turn timeout)', '155 (turn timeout)', '160 (turn timeout)', '165 (turn timeout)', '170 (turn timeout)', '175 (turn timeout)', '180 (turn timeout)', '185 (turn timeout)', '190 (turn timeout)', '195 (turn timeout)', '200 (turn timeout)', '205 (turn timeout)', '210 (turn timeout)', '215 (turn timeout)', '220 (turn timeout)', '225 (turn timeout)', '230 (turn timeout)', '235 (turn timeout)', '240 (turn timeout)', '245 (turn timeout)', '250 (turn timeout)', '255 (turn timeout)', '260 (turn timeout)'], 'lawn green': ['186 (turn timeout)', '191 (turn timeout)', '196 (turn timeout)', '201 (turn timeout)', '206 (turn timeout)', '211 (turn timeout)', '216 (turn timeout)', '221 (turn timeout)', '226 (turn timeout)', '231 (turn timeout)', '236 (turn timeout)', '241 (turn timeout)', '246 (turn timeout)', '251 (turn timeout)', '256 (turn timeout)', '261 (turn timeout)']}
[2026-05-22 11:18:33] GAME TIME LIMIT REACHED.
[2026-05-22 11:18:33] SCORE Gruppe 69 (lawn green): Final=1407.5, Time=96.0, Moves(37)=13.5, Pins(9)=900.0, Dist=398.0, Win Bonus=0.0
[2026-05-22 11:18:33] SCORE jat (gray0): Final=1325.3, Time=38.7, Moves(53)=90.6, Pins(8)=800.0, Dist=396.0, Win Bonus=0.0
[2026-05-22 11:18:33] SCORE group 99 (yellow): Final=1422.9, Time=36.3, Moves(53)=90.6, Pins(9)=900.0, Dist=396.0, Win Bonus=0.0
[2026-05-22 11:18:33] SCORE CybSec (purple): Final=2569.0, Time=78.4, Moves(53)=90.6, Pins(10)=1000.0, Dist=400.0, Win Bonus=1000.0
[2026-05-22 11:18:33] SCORE HelloWorld (red): Final=442.5, Time=94.5, Moves(8)=0.0, Pins(1)=100.0, Dist=248.0, Win Bonus=0.0
[2026-05-22 11:18:33] ALL WRONG MOVES BY COLOUR: {'red': ['45 (turn timeout)', '50 (turn timeout)', '55 (turn timeout)', '60 (turn timeout)', '65 (turn timeout)', '70 (turn timeout)', '75 (turn timeout)', '80 (turn timeout)', '85 (turn timeout)', '90 (turn timeout)', '95 (turn timeout)', '100 (turn timeout)', '105 (turn timeout)', '110 (turn timeout)', '115 (turn timeout)', '120 (turn timeout)', '125 (turn timeout)', '130 (turn timeout)', '135 (turn timeout)', '140 (turn timeout)', '145 (turn timeout)', '150 (turn timeout)', '155 (turn timeout)', '160 (turn timeout)', '165 (turn timeout)', '170 (turn timeout)', '175 (turn timeout)', '180 (turn timeout)', '185 (turn timeout)', '190 (turn timeout)', '195 (turn timeout)', '200 (turn timeout)', '205 (turn timeout)', '210 (turn timeout)', '215 (turn timeout)', '220 (turn timeout)', '225 (turn timeout)', '230 (turn timeout)', '235 (turn timeout)', '240 (turn timeout)', '245 (turn timeout)', '250 (turn timeout)', '255 (turn timeout)', '260 (turn timeout)'], 'lawn green': ['186 (turn timeout)', '191 (turn timeout)', '196 (turn timeout)', '201 (turn timeout)', '206 (turn timeout)', '211 (turn timeout)', '216 (turn timeout)', '221 (turn timeout)', '226 (turn timeout)', '231 (turn timeout)', '236 (turn timeout)', '241 (turn timeout)', '246 (turn timeout)', '251 (turn timeout)', '256 (turn timeout)', '261 (turn timeout)']}
[2026-05-22 11:18:33] GAME TIME LIMIT REACHED.
[2026-05-22 11:18:34] SCORE Gruppe 69 (lawn green): Final=1407.5, Time=96.0, Moves(37)=13.5, Pins(9)=900.0, Dist=398.0, Win Bonus=0.0
[2026-05-22 11:18:34] SCORE jat (gray0): Final=1325.3, Time=38.7, Moves(53)=90.6, Pins(8)=800.0, Dist=396.0, Win Bonus=0.0
[2026-05-22 11:18:34] SCORE group 99 (yellow): Final=1422.9, Time=36.3, Moves(53)=90.6, Pins(9)=900.0, Dist=396.0, Win Bonus=0.0
[2026-05-22 11:18:34] SCORE CybSec (purple): Final=2569.0, Time=78.4, Moves(53)=90.6, Pins(10)=1000.0, Dist=400.0, Win Bonus=1000.0
[2026-05-22 11:18:34] SCORE HelloWorld (red): Final=442.5, Time=94.5, Moves(8)=0.0, Pins(1)=100.0, Dist=248.0, Win Bonus=0.0
[2026-05-22 11:18:34] ALL WRONG MOVES BY COLOUR: {'red': ['45 (turn timeout)', '50 (turn timeout)', '55 (turn timeout)', '60 (turn timeout)', '65 (turn timeout)', '70 (turn timeout)', '75 (turn timeout)', '80 (turn timeout)', '85 (turn timeout)', '90 (turn timeout)', '95 (turn timeout)', '100 (turn timeout)', '105 (turn timeout)', '110 (turn timeout)', '115 (turn timeout)', '120 (turn timeout)', '125 (turn timeout)', '130 (turn timeout)', '135 (turn timeout)', '140 (turn timeout)', '145 (turn timeout)', '150 (turn timeout)', '155 (turn timeout)', '160 (turn timeout)', '165 (turn timeout)', '170 (turn timeout)', '175 (turn timeout)', '180 (turn timeout)', '185 (turn timeout)', '190 (turn timeout)', '195 (turn timeout)', '200 (turn timeout)', '205 (turn timeout)', '210 (turn timeout)', '215 (turn timeout)', '220 (turn timeout)', '225 (turn timeout)', '230 (turn timeout)', '235 (turn timeout)', '240 (turn timeout)', '245 (turn timeout)', '250 (turn timeout)', '255 (turn timeout)', '260 (turn timeout)'], 'lawn green': ['186 (turn timeout)', '191 (turn timeout)', '196 (turn timeout)', '201 (turn timeout)', '206 (turn timeout)', '211 (turn timeout)', '216 (turn timeout)', '221 (turn timeout)', '226 (turn timeout)', '231 (turn timeout)', '236 (turn timeout)', '241 (turn timeout)', '246 (turn timeout)', '251 (turn timeout)', '256 (turn timeout)', '261 (turn timeout)']}
[2026-05-22 11:18:34] GAME TIME LIMIT REACHED.
[2026-05-22 11:18:34] SCORE Gruppe 69 (lawn green): Final=1407.5, Time=96.0, Moves(37)=13.5, Pins(9)=900.0, Dist=398.0, Win Bonus=0.0
[2026-05-22 11:18:34] SCORE jat (gray0): Final=1325.3, Time=38.7, Moves(53)=90.6, Pins(8)=800.0, Dist=396.0, Win Bonus=0.0
[2026-05-22 11:18:34] SCORE group 99 (yellow): Final=1422.9, Time=36.3, Moves(53)=90.6, Pins(9)=900.0, Dist=396.0, Win Bonus=0.0
[2026-05-22 11:18:34] SCORE CybSec (purple): Final=2569.0, Time=78.4, Moves(53)=90.6, Pins(10)=1000.0, Dist=400.0, Win Bonus=1000.0
[2026-05-22 11:18:34] SCORE HelloWorld (red): Final=442.5, Time=94.5, Moves(8)=0.0, Pins(1)=100.0, Dist=248.0, Win Bonus=0.0
[2026-05-22 11:18:34] ALL WRONG MOVES BY COLOUR: {'red': ['45 (turn timeout)', '50 (turn timeout)', '55 (turn timeout)', '60 (turn timeout)', '65 (turn timeout)', '70 (turn timeout)', '75 (turn timeout)', '80 (turn timeout)', '85 (turn timeout)', '90 (turn timeout)', '95 (turn timeout)', '100 (turn timeout)', '105 (turn timeout)', '110 (turn timeout)', '115 (turn timeout)', '120 (turn timeout)', '125 (turn timeout)', '130 (turn timeout)', '135 (turn timeout)', '140 (turn timeout)', '145 (turn timeout)', '150 (turn timeout)', '155 (turn timeout)', '160 (turn timeout)', '165 (turn timeout)', '170 (turn timeout)', '175 (turn timeout)', '180 (turn timeout)', '185 (turn timeout)', '190 (turn timeout)', '195 (turn timeout)', '200 (turn timeout)', '205 (turn timeout)', '210 (turn timeout)', '215 (turn timeout)', '220 (turn timeout)', '225 (turn timeout)', '230 (turn timeout)', '235 (turn timeout)', '240 (turn timeout)', '245 (turn timeout)', '250 (turn timeout)', '255 (turn timeout)', '260 (turn timeout)'], 'lawn green': ['186 (turn timeout)', '191 (turn timeout)', '196 (turn timeout)', '201 (turn timeout)', '206 (turn timeout)', '211 (turn timeout)', '216 (turn timeout)', '221 (turn timeout)', '226 (turn timeout)', '231 (turn timeout)', '236 (turn timeout)', '241 (turn timeout)', '246 (turn timeout)', '251 (turn timeout)', '256 (turn timeout)', '261 (turn timeout)']}
[2026-05-22 11:18:34] GAME TIME LIMIT REACHED.
[2026-05-22 11:18:34] SCORE Gruppe 69 (lawn green): Final=1407.5, Time=96.0, Moves(37)=13.5, Pins(9)=900.0, Dist=398.0, Win Bonus=0.0
[2026-05-22 11:18:34] SCORE jat (gray0): Final=1325.3, Time=38.7, Moves(53)=90.6, Pins(8)=800.0, Dist=396.0, Win Bonus=0.0
[2026-05-22 11:18:34] SCORE group 99 (yellow): Final=1422.9, Time=36.3, Moves(53)=90.6, Pins(9)=900.0, Dist=396.0, Win Bonus=0.0
[2026-05-22 11:18:34] SCORE CybSec (purple): Final=2569.0, Time=78.4, Moves(53)=90.6, Pins(10)=1000.0, Dist=400.0, Win Bonus=1000.0
[2026-05-22 11:18:34] SCORE HelloWorld (red): Final=442.5, Time=94.5, Moves(8)=0.0, Pins(1)=100.0, Dist=248.0, Win Bonus=0.0
[2026-05-22 11:18:34] ALL WRONG MOVES BY COLOUR: {'red': ['45 (turn timeout)', '50 (turn timeout)', '55 (turn timeout)', '60 (turn timeout)', '65 (turn timeout)', '70 (turn timeout)', '75 (turn timeout)', '80 (turn timeout)', '85 (turn timeout)', '90 (turn timeout)', '95 (turn timeout)', '100 (turn timeout)', '105 (turn timeout)', '110 (turn timeout)', '115 (turn timeout)', '120 (turn timeout)', '125 (turn timeout)', '130 (turn timeout)', '135 (turn timeout)', '140 (turn timeout)', '145 (turn timeout)', '150 (turn timeout)', '155 (turn timeout)', '160 (turn timeout)', '165 (turn timeout)', '170 (turn timeout)', '175 (turn timeout)', '180 (turn timeout)', '185 (turn timeout)', '190 (turn timeout)', '195 (turn timeout)', '200 (turn timeout)', '205 (turn timeout)', '210 (turn timeout)', '215 (turn timeout)', '220 (turn timeout)', '225 (turn timeout)', '230 (turn timeout)', '235 (turn timeout)', '240 (turn timeout)', '245 (turn timeout)', '250 (turn timeout)', '255 (turn timeout)', '260 (turn timeout)'], 'lawn green': ['186 (turn timeout)', '191 (turn timeout)', '196 (turn timeout)', '201 (turn timeout)', '206 (turn timeout)', '211 (turn timeout)', '216 (turn timeout)', '221 (turn timeout)', '226 (turn timeout)', '231 (turn timeout)', '236 (turn timeout)', '241 (turn timeout)', '246 (turn timeout)', '251 (turn timeout)', '256 (turn timeout)', '261 (turn timeout)']}
[2026-05-22 11:18:34] GAME TIME LIMIT REACHED.
[2026-05-22 11:18:34] SCORE Gruppe 69 (lawn green): Final=1407.5, Time=96.0, Moves(37)=13.5, Pins(9)=900.0, Dist=398.0, Win Bonus=0.0
[2026-05-22 11:18:34] SCORE jat (gray0): Final=1325.3, Time=38.7, Moves(53)=90.6, Pins(8)=800.0, Dist=396.0, Win Bonus=0.0
[2026-05-22 11:18:34] SCORE group 99 (yellow): Final=1422.9, Time=36.3, Moves(53)=90.6, Pins(9)=900.0, Dist=396.0, Win Bonus=0.0
[2026-05-22 11:18:34] SCORE CybSec (purple): Final=2569.0, Time=78.4, Moves(53)=90.6, Pins(10)=1000.0, Dist=400.0, Win Bonus=1000.0
[2026-05-22 11:18:34] SCORE HelloWorld (red): Final=442.5, Time=94.5, Moves(8)=0.0, Pins(1)=100.0, Dist=248.0, Win Bonus=0.0
[2026-05-22 11:18:34] ALL WRONG MOVES BY COLOUR: {'red': ['45 (turn timeout)', '50 (turn timeout)', '55 (turn timeout)', '60 (turn timeout)', '65 (turn timeout)', '70 (turn timeout)', '75 (turn timeout)', '80 (turn timeout)', '85 (turn timeout)', '90 (turn timeout)', '95 (turn timeout)', '100 (turn timeout)', '105 (turn timeout)', '110 (turn timeout)', '115 (turn timeout)', '120 (turn timeout)', '125 (turn timeout)', '130 (turn timeout)', '135 (turn timeout)', '140 (turn timeout)', '145 (turn timeout)', '150 (turn timeout)', '155 (turn timeout)', '160 (turn timeout)', '165 (turn timeout)', '170 (turn timeout)', '175 (turn timeout)', '180 (turn timeout)', '185 (turn timeout)', '190 (turn timeout)', '195 (turn timeout)', '200 (turn timeout)', '205 (turn timeout)', '210 (turn timeout)', '215 (turn timeout)', '220 (turn timeout)', '225 (turn timeout)', '230 (turn timeout)', '235 (turn timeout)', '240 (turn timeout)', '245 (turn timeout)', '250 (turn timeout)', '255 (turn timeout)', '260 (turn timeout)'], 'lawn green': ['186 (turn timeout)', '191 (turn timeout)', '196 (turn timeout)', '201 (turn timeout)', '206 (turn timeout)', '211 (turn timeout)', '216 (turn timeout)', '221 (turn timeout)', '226 (turn timeout)', '231 (turn timeout)', '236 (turn timeout)', '241 (turn timeout)', '246 (turn timeout)', '251 (turn timeout)', '256 (turn timeout)', '261 (turn timeout)']}
[2026-05-22 11:18:34] GAME TIME LIMIT REACHED.
[2026-05-22 11:18:35] SCORE Gruppe 69 (lawn green): Final=1407.5, Time=96.0, Moves(37)=13.5, Pins(9)=900.0, Dist=398.0, Win Bonus=0.0
[2026-05-22 11:18:35] SCORE jat (gray0): Final=1325.3, Time=38.7, Moves(53)=90.6, Pins(8)=800.0, Dist=396.0, Win Bonus=0.0
[2026-05-22 11:18:35] SCORE group 99 (yellow): Final=1422.9, Time=36.3, Moves(53)=90.6, Pins(9)=900.0, Dist=396.0, Win Bonus=0.0
[2026-05-22 11:18:35] SCORE CybSec (purple): Final=2569.0, Time=78.4, Moves(53)=90.6, Pins(10)=1000.0, Dist=400.0, Win Bonus=1000.0
[2026-05-22 11:18:35] SCORE HelloWorld (red): Final=442.5, Time=94.5, Moves(8)=0.0, Pins(1)=100.0, Dist=248.0, Win Bonus=0.0
[2026-05-22 11:18:35] ALL WRONG MOVES BY COLOUR: {'red': ['45 (turn timeout)', '50 (turn timeout)', '55 (turn timeout)', '60 (turn timeout)', '65 (turn timeout)', '70 (turn timeout)', '75 (turn timeout)', '80 (turn timeout)', '85 (turn timeout)', '90 (turn timeout)', '95 (turn timeout)', '100 (turn timeout)', '105 (turn timeout)', '110 (turn timeout)', '115 (turn timeout)', '120 (turn timeout)', '125 (turn timeout)', '130 (turn timeout)', '135 (turn timeout)', '140 (turn timeout)', '145 (turn timeout)', '150 (turn timeout)', '155 (turn timeout)', '160 (turn timeout)', '165 (turn timeout)', '170 (turn timeout)', '175 (turn timeout)', '180 (turn timeout)', '185 (turn timeout)', '190 (turn timeout)', '195 (turn timeout)', '200 (turn timeout)', '205 (turn timeout)', '210 (turn timeout)', '215 (turn timeout)', '220 (turn timeout)', '225 (turn timeout)', '230 (turn timeout)', '235 (turn timeout)', '240 (turn timeout)', '245 (turn timeout)', '250 (turn timeout)', '255 (turn timeout)', '260 (turn timeout)'], 'lawn green': ['186 (turn timeout)', '191 (turn timeout)', '196 (turn timeout)', '201 (turn timeout)', '206 (turn timeout)', '211 (turn timeout)', '216 (turn timeout)', '221 (turn timeout)', '226 (turn timeout)', '231 (turn timeout)', '236 (turn timeout)', '241 (turn timeout)', '246 (turn timeout)', '251 (turn timeout)', '256 (turn timeout)', '261 (turn timeout)']}
[2026-05-22 11:18:35] GAME TIME LIMIT REACHED.
[2026-05-22 11:18:35] SCORE Gruppe 69 (lawn green): Final=1407.5, Time=96.0, Moves(37)=13.5, Pins(9)=900.0, Dist=398.0, Win Bonus=0.0
[2026-05-22 11:18:35] SCORE jat (gray0): Final=1325.3, Time=38.7, Moves(53)=90.6, Pins(8)=800.0, Dist=396.0, Win Bonus=0.0
[2026-05-22 11:18:35] SCORE group 99 (yellow): Final=1422.9, Time=36.3, Moves(53)=90.6, Pins(9)=900.0, Dist=396.0, Win Bonus=0.0
[2026-05-22 11:18:35] SCORE CybSec (purple): Final=2569.0, Time=78.4, Moves(53)=90.6, Pins(10)=1000.0, Dist=400.0, Win Bonus=1000.0
[2026-05-22 11:18:35] SCORE HelloWorld (red): Final=442.5, Time=94.5, Moves(8)=0.0, Pins(1)=100.0, Dist=248.0, Win Bonus=0.0
[2026-05-22 11:18:35] ALL WRONG MOVES BY COLOUR: {'red': ['45 (turn timeout)', '50 (turn timeout)', '55 (turn timeout)', '60 (turn timeout)', '65 (turn timeout)', '70 (turn timeout)', '75 (turn timeout)', '80 (turn timeout)', '85 (turn timeout)', '90 (turn timeout)', '95 (turn timeout)', '100 (turn timeout)', '105 (turn timeout)', '110 (turn timeout)', '115 (turn timeout)', '120 (turn timeout)', '125 (turn timeout)', '130 (turn timeout)', '135 (turn timeout)', '140 (turn timeout)', '145 (turn timeout)', '150 (turn timeout)', '155 (turn timeout)', '160 (turn timeout)', '165 (turn timeout)', '170 (turn timeout)', '175 (turn timeout)', '180 (turn timeout)', '185 (turn timeout)', '190 (turn timeout)', '195 (turn timeout)', '200 (turn timeout)', '205 (turn timeout)', '210 (turn timeout)', '215 (turn timeout)', '220 (turn timeout)', '225 (turn timeout)', '230 (turn timeout)', '235 (turn timeout)', '240 (turn timeout)', '245 (turn timeout)', '250 (turn timeout)', '255 (turn timeout)', '260 (turn timeout)'], 'lawn green': ['186 (turn timeout)', '191 (turn timeout)', '196 (turn timeout)', '201 (turn timeout)', '206 (turn timeout)', '211 (turn timeout)', '216 (turn timeout)', '221 (turn timeout)', '226 (turn timeout)', '231 (turn timeout)', '236 (turn timeout)', '241 (turn timeout)', '246 (turn timeout)', '251 (turn timeout)', '256 (turn timeout)', '261 (turn timeout)']}
[2026-05-22 11:18:35] GAME TIME LIMIT REACHED.
[2026-05-22 11:18:35] SCORE Gruppe 69 (lawn green): Final=1407.5, Time=96.0, Moves(37)=13.5, Pins(9)=900.0, Dist=398.0, Win Bonus=0.0
[2026-05-22 11:18:35] SCORE jat (gray0): Final=1325.3, Time=38.7, Moves(53)=90.6, Pins(8)=800.0, Dist=396.0, Win Bonus=0.0
[2026-05-22 11:18:35] SCORE group 99 (yellow): Final=1422.9, Time=36.3, Moves(53)=90.6, Pins(9)=900.0, Dist=396.0, Win Bonus=0.0
[2026-05-22 11:18:35] SCORE CybSec (purple): Final=2569.0, Time=78.4, Moves(53)=90.6, Pins(10)=1000.0, Dist=400.0, Win Bonus=1000.0
[2026-05-22 11:18:35] SCORE HelloWorld (red): Final=442.5, Time=94.5, Moves(8)=0.0, Pins(1)=100.0, Dist=248.0, Win Bonus=0.0
[2026-05-22 11:18:35] ALL WRONG MOVES BY COLOUR: {'red': ['45 (turn timeout)', '50 (turn timeout)', '55 (turn timeout)', '60 (turn timeout)', '65 (turn timeout)', '70 (turn timeout)', '75 (turn timeout)', '80 (turn timeout)', '85 (turn timeout)', '90 (turn timeout)', '95 (turn timeout)', '100 (turn timeout)', '105 (turn timeout)', '110 (turn timeout)', '115 (turn timeout)', '120 (turn timeout)', '125 (turn timeout)', '130 (turn timeout)', '135 (turn timeout)', '140 (turn timeout)', '145 (turn timeout)', '150 (turn timeout)', '155 (turn timeout)', '160 (turn timeout)', '165 (turn timeout)', '170 (turn timeout)', '175 (turn timeout)', '180 (turn timeout)', '185 (turn timeout)', '190 (turn timeout)', '195 (turn timeout)', '200 (turn timeout)', '205 (turn timeout)', '210 (turn timeout)', '215 (turn timeout)', '220 (turn timeout)', '225 (turn timeout)', '230 (turn timeout)', '235 (turn timeout)', '240 (turn timeout)', '245 (turn timeout)', '250 (turn timeout)', '255 (turn timeout)', '260 (turn timeout)'], 'lawn green': ['186 (turn timeout)', '191 (turn timeout)', '196 (turn timeout)', '201 (turn timeout)', '206 (turn timeout)', '211 (turn timeout)', '216 (turn timeout)', '221 (turn timeout)', '226 (turn timeout)', '231 (turn timeout)', '236 (turn timeout)', '241 (turn timeout)', '246 (turn timeout)', '251 (turn timeout)', '256 (turn timeout)', '261 (turn timeout)']}
[2026-05-22 11:18:35] GAME TIME LIMIT REACHED.
[2026-05-22 11:18:36] SCORE Gruppe 69 (lawn green): Final=1407.5, Time=96.0, Moves(37)=13.5, Pins(9)=900.0, Dist=398.0, Win Bonus=0.0
[2026-05-22 11:18:36] SCORE jat (gray0): Final=1325.3, Time=38.7, Moves(53)=90.6, Pins(8)=800.0, Dist=396.0, Win Bonus=0.0
[2026-05-22 11:18:36] SCORE group 99 (yellow): Final=1422.9, Time=36.3, Moves(53)=90.6, Pins(9)=900.0, Dist=396.0, Win Bonus=0.0
[2026-05-22 11:18:36] SCORE CybSec (purple): Final=2569.0, Time=78.4, Moves(53)=90.6, Pins(10)=1000.0, Dist=400.0, Win Bonus=1000.0
[2026-05-22 11:18:36] SCORE HelloWorld (red): Final=442.5, Time=94.5, Moves(8)=0.0, Pins(1)=100.0, Dist=248.0, Win Bonus=0.0
[2026-05-22 11:18:36] ALL WRONG MOVES BY COLOUR: {'red': ['45 (turn timeout)', '50 (turn timeout)', '55 (turn timeout)', '60 (turn timeout)', '65 (turn timeout)', '70 (turn timeout)', '75 (turn timeout)', '80 (turn timeout)', '85 (turn timeout)', '90 (turn timeout)', '95 (turn timeout)', '100 (turn timeout)', '105 (turn timeout)', '110 (turn timeout)', '115 (turn timeout)', '120 (turn timeout)', '125 (turn timeout)', '130 (turn timeout)', '135 (turn timeout)', '140 (turn timeout)', '145 (turn timeout)', '150 (turn timeout)', '155 (turn timeout)', '160 (turn timeout)', '165 (turn timeout)', '170 (turn timeout)', '175 (turn timeout)', '180 (turn timeout)', '185 (turn timeout)', '190 (turn timeout)', '195 (turn timeout)', '200 (turn timeout)', '205 (turn timeout)', '210 (turn timeout)', '215 (turn timeout)', '220 (turn timeout)', '225 (turn timeout)', '230 (turn timeout)', '235 (turn timeout)', '240 (turn timeout)', '245 (turn timeout)', '250 (turn timeout)', '255 (turn timeout)', '260 (turn timeout)'], 'lawn green': ['186 (turn timeout)', '191 (turn timeout)', '196 (turn timeout)', '201 (turn timeout)', '206 (turn timeout)', '211 (turn timeout)', '216 (turn timeout)', '221 (turn timeout)', '226 (turn timeout)', '231 (turn timeout)', '236 (turn timeout)', '241 (turn timeout)', '246 (turn timeout)', '251 (turn timeout)', '256 (turn timeout)', '261 (turn timeout)']}
[2026-05-22 11:18:36] GAME TIME LIMIT REACHED.
[2026-05-22 11:18:36] SCORE Gruppe 69 (lawn green): Final=1407.5, Time=96.0, Moves(37)=13.5, Pins(9)=900.0, Dist=398.0, Win Bonus=0.0
[2026-05-22 11:18:36] SCORE jat (gray0): Final=1325.3, Time=38.7, Moves(53)=90.6, Pins(8)=800.0, Dist=396.0, Win Bonus=0.0
[2026-05-22 11:18:36] SCORE group 99 (yellow): Final=1422.9, Time=36.3, Moves(53)=90.6, Pins(9)=900.0, Dist=396.0, Win Bonus=0.0
[2026-05-22 11:18:36] SCORE CybSec (purple): Final=2569.0, Time=78.4, Moves(53)=90.6, Pins(10)=1000.0, Dist=400.0, Win Bonus=1000.0
[2026-05-22 11:18:36] SCORE HelloWorld (red): Final=442.5, Time=94.5, Moves(8)=0.0, Pins(1)=100.0, Dist=248.0, Win Bonus=0.0
[2026-05-22 11:18:36] ALL WRONG MOVES BY COLOUR: {'red': ['45 (turn timeout)', '50 (turn timeout)', '55 (turn timeout)', '60 (turn timeout)', '65 (turn timeout)', '70 (turn timeout)', '75 (turn timeout)', '80 (turn timeout)', '85 (turn timeout)', '90 (turn timeout)', '95 (turn timeout)', '100 (turn timeout)', '105 (turn timeout)', '110 (turn timeout)', '115 (turn timeout)', '120 (turn timeout)', '125 (turn timeout)', '130 (turn timeout)', '135 (turn timeout)', '140 (turn timeout)', '145 (turn timeout)', '150 (turn timeout)', '155 (turn timeout)', '160 (turn timeout)', '165 (turn timeout)', '170 (turn timeout)', '175 (turn timeout)', '180 (turn timeout)', '185 (turn timeout)', '190 (turn timeout)', '195 (turn timeout)', '200 (turn timeout)', '205 (turn timeout)', '210 (turn timeout)', '215 (turn timeout)', '220 (turn timeout)', '225 (turn timeout)', '230 (turn timeout)', '235 (turn timeout)', '240 (turn timeout)', '245 (turn timeout)', '250 (turn timeout)', '255 (turn timeout)', '260 (turn timeout)'], 'lawn green': ['186 (turn timeout)', '191 (turn timeout)', '196 (turn timeout)', '201 (turn timeout)', '206 (turn timeout)', '211 (turn timeout)', '216 (turn timeout)', '221 (turn timeout)', '226 (turn timeout)', '231 (turn timeout)', '236 (turn timeout)', '241 (turn timeout)', '246 (turn timeout)', '251 (turn timeout)', '256 (turn timeout)', '261 (turn timeout)']}
[2026-05-22 11:18:36] GAME TIME LIMIT REACHED.
[2026-05-22 11:18:36] SCORE Gruppe 69 (lawn green): Final=1407.5, Time=96.0, Moves(37)=13.5, Pins(9)=900.0, Dist=398.0, Win Bonus=0.0
[2026-05-22 11:18:36] SCORE jat (gray0): Final=1325.3, Time=38.7, Moves(53)=90.6, Pins(8)=800.0, Dist=396.0, Win Bonus=0.0
[2026-05-22 11:18:36] SCORE group 99 (yellow): Final=1422.9, Time=36.3, Moves(53)=90.6, Pins(9)=900.0, Dist=396.0, Win Bonus=0.0
[2026-05-22 11:18:36] SCORE CybSec (purple): Final=2569.0, Time=78.4, Moves(53)=90.6, Pins(10)=1000.0, Dist=400.0, Win Bonus=1000.0
[2026-05-22 11:18:36] SCORE HelloWorld (red): Final=442.5, Time=94.5, Moves(8)=0.0, Pins(1)=100.0, Dist=248.0, Win Bonus=0.0
[2026-05-22 11:18:36] ALL WRONG MOVES BY COLOUR: {'red': ['45 (turn timeout)', '50 (turn timeout)', '55 (turn timeout)', '60 (turn timeout)', '65 (turn timeout)', '70 (turn timeout)', '75 (turn timeout)', '80 (turn timeout)', '85 (turn timeout)', '90 (turn timeout)', '95 (turn timeout)', '100 (turn timeout)', '105 (turn timeout)', '110 (turn timeout)', '115 (turn timeout)', '120 (turn timeout)', '125 (turn timeout)', '130 (turn timeout)', '135 (turn timeout)', '140 (turn timeout)', '145 (turn timeout)', '150 (turn timeout)', '155 (turn timeout)', '160 (turn timeout)', '165 (turn timeout)', '170 (turn timeout)', '175 (turn timeout)', '180 (turn timeout)', '185 (turn timeout)', '190 (turn timeout)', '195 (turn timeout)', '200 (turn timeout)', '205 (turn timeout)', '210 (turn timeout)', '215 (turn timeout)', '220 (turn timeout)', '225 (turn timeout)', '230 (turn timeout)', '235 (turn timeout)', '240 (turn timeout)', '245 (turn timeout)', '250 (turn timeout)', '255 (turn timeout)', '260 (turn timeout)'], 'lawn green': ['186 (turn timeout)', '191 (turn timeout)', '196 (turn timeout)', '201 (turn timeout)', '206 (turn timeout)', '211 (turn timeout)', '216 (turn timeout)', '221 (turn timeout)', '226 (turn timeout)', '231 (turn timeout)', '236 (turn timeout)', '241 (turn timeout)', '246 (turn timeout)', '251 (turn timeout)', '256 (turn timeout)', '261 (turn timeout)']}
[2026-05-22 11:18:36] GAME TIME LIMIT REACHED.
[2026-05-22 11:18:37] SCORE Gruppe 69 (lawn green): Final=1407.5, Time=96.0, Moves(37)=13.5, Pins(9)=900.0, Dist=398.0, Win Bonus=0.0
[2026-05-22 11:18:37] SCORE jat (gray0): Final=1325.3, Time=38.7, Moves(53)=90.6, Pins(8)=800.0, Dist=396.0, Win Bonus=0.0
[2026-05-22 11:18:37] SCORE group 99 (yellow): Final=1422.9, Time=36.3, Moves(53)=90.6, Pins(9)=900.0, Dist=396.0, Win Bonus=0.0
[2026-05-22 11:18:37] SCORE CybSec (purple): Final=2569.0, Time=78.4, Moves(53)=90.6, Pins(10)=1000.0, Dist=400.0, Win Bonus=1000.0
[2026-05-22 11:18:37] SCORE HelloWorld (red): Final=442.5, Time=94.5, Moves(8)=0.0, Pins(1)=100.0, Dist=248.0, Win Bonus=0.0
[2026-05-22 11:18:37] ALL WRONG MOVES BY COLOUR: {'red': ['45 (turn timeout)', '50 (turn timeout)', '55 (turn timeout)', '60 (turn timeout)', '65 (turn timeout)', '70 (turn timeout)', '75 (turn timeout)', '80 (turn timeout)', '85 (turn timeout)', '90 (turn timeout)', '95 (turn timeout)', '100 (turn timeout)', '105 (turn timeout)', '110 (turn timeout)', '115 (turn timeout)', '120 (turn timeout)', '125 (turn timeout)', '130 (turn timeout)', '135 (turn timeout)', '140 (turn timeout)', '145 (turn timeout)', '150 (turn timeout)', '155 (turn timeout)', '160 (turn timeout)', '165 (turn timeout)', '170 (turn timeout)', '175 (turn timeout)', '180 (turn timeout)', '185 (turn timeout)', '190 (turn timeout)', '195 (turn timeout)', '200 (turn timeout)', '205 (turn timeout)', '210 (turn timeout)', '215 (turn timeout)', '220 (turn timeout)', '225 (turn timeout)', '230 (turn timeout)', '235 (turn timeout)', '240 (turn timeout)', '245 (turn timeout)', '250 (turn timeout)', '255 (turn timeout)', '260 (turn timeout)'], 'lawn green': ['186 (turn timeout)', '191 (turn timeout)', '196 (turn timeout)', '201 (turn timeout)', '206 (turn timeout)', '211 (turn timeout)', '216 (turn timeout)', '221 (turn timeout)', '226 (turn timeout)', '231 (turn timeout)', '236 (turn timeout)', '241 (turn timeout)', '246 (turn timeout)', '251 (turn timeout)', '256 (turn timeout)', '261 (turn timeout)']}
[2026-05-22 11:18:37] GAME TIME LIMIT REACHED.
[2026-05-22 11:18:37] SCORE Gruppe 69 (lawn green): Final=1407.5, Time=96.0, Moves(37)=13.5, Pins(9)=900.0, Dist=398.0, Win Bonus=0.0
[2026-05-22 11:18:37] SCORE jat (gray0): Final=1325.3, Time=38.7, Moves(53)=90.6, Pins(8)=800.0, Dist=396.0, Win Bonus=0.0
[2026-05-22 11:18:37] SCORE group 99 (yellow): Final=1422.9, Time=36.3, Moves(53)=90.6, Pins(9)=900.0, Dist=396.0, Win Bonus=0.0
[2026-05-22 11:18:37] SCORE CybSec (purple): Final=2569.0, Time=78.4, Moves(53)=90.6, Pins(10)=1000.0, Dist=400.0, Win Bonus=1000.0
[2026-05-22 11:18:37] SCORE HelloWorld (red): Final=442.5, Time=94.5, Moves(8)=0.0, Pins(1)=100.0, Dist=248.0, Win Bonus=0.0
[2026-05-22 11:18:37] ALL WRONG MOVES BY COLOUR: {'red': ['45 (turn timeout)', '50 (turn timeout)', '55 (turn timeout)', '60 (turn timeout)', '65 (turn timeout)', '70 (turn timeout)', '75 (turn timeout)', '80 (turn timeout)', '85 (turn timeout)', '90 (turn timeout)', '95 (turn timeout)', '100 (turn timeout)', '105 (turn timeout)', '110 (turn timeout)', '115 (turn timeout)', '120 (turn timeout)', '125 (turn timeout)', '130 (turn timeout)', '135 (turn timeout)', '140 (turn timeout)', '145 (turn timeout)', '150 (turn timeout)', '155 (turn timeout)', '160 (turn timeout)', '165 (turn timeout)', '170 (turn timeout)', '175 (turn timeout)', '180 (turn timeout)', '185 (turn timeout)', '190 (turn timeout)', '195 (turn timeout)', '200 (turn timeout)', '205 (turn timeout)', '210 (turn timeout)', '215 (turn timeout)', '220 (turn timeout)', '225 (turn timeout)', '230 (turn timeout)', '235 (turn timeout)', '240 (turn timeout)', '245 (turn timeout)', '250 (turn timeout)', '255 (turn timeout)', '260 (turn timeout)'], 'lawn green': ['186 (turn timeout)', '191 (turn timeout)', '196 (turn timeout)', '201 (turn timeout)', '206 (turn timeout)', '211 (turn timeout)', '216 (turn timeout)', '221 (turn timeout)', '226 (turn timeout)', '231 (turn timeout)', '236 (turn timeout)', '241 (turn timeout)', '246 (turn timeout)', '251 (turn timeout)', '256 (turn timeout)', '261 (turn timeout)']}
[2026-05-22 11:18:37] GAME TIME LIMIT REACHED.
[2026-05-22 11:18:37] SCORE Gruppe 69 (lawn green): Final=1407.5, Time=96.0, Moves(37)=13.5, Pins(9)=900.0, Dist=398.0, Win Bonus=0.0
[2026-05-22 11:18:37] SCORE jat (gray0): Final=1325.3, Time=38.7, Moves(53)=90.6, Pins(8)=800.0, Dist=396.0, Win Bonus=0.0
[2026-05-22 11:18:37] SCORE group 99 (yellow): Final=1422.9, Time=36.3, Moves(53)=90.6, Pins(9)=900.0, Dist=396.0, Win Bonus=0.0
[2026-05-22 11:18:37] SCORE CybSec (purple): Final=2569.0, Time=78.4, Moves(53)=90.6, Pins(10)=1000.0, Dist=400.0, Win Bonus=1000.0
[2026-05-22 11:18:37] SCORE HelloWorld (red): Final=442.5, Time=94.5, Moves(8)=0.0, Pins(1)=100.0, Dist=248.0, Win Bonus=0.0
[2026-05-22 11:18:37] ALL WRONG MOVES BY COLOUR: {'red': ['45 (turn timeout)', '50 (turn timeout)', '55 (turn timeout)', '60 (turn timeout)', '65 (turn timeout)', '70 (turn timeout)', '75 (turn timeout)', '80 (turn timeout)', '85 (turn timeout)', '90 (turn timeout)', '95 (turn timeout)', '100 (turn timeout)', '105 (turn timeout)', '110 (turn timeout)', '115 (turn timeout)', '120 (turn timeout)', '125 (turn timeout)', '130 (turn timeout)', '135 (turn timeout)', '140 (turn timeout)', '145 (turn timeout)', '150 (turn timeout)', '155 (turn timeout)', '160 (turn timeout)', '165 (turn timeout)', '170 (turn timeout)', '175 (turn timeout)', '180 (turn timeout)', '185 (turn timeout)', '190 (turn timeout)', '195 (turn timeout)', '200 (turn timeout)', '205 (turn timeout)', '210 (turn timeout)', '215 (turn timeout)', '220 (turn timeout)', '225 (turn timeout)', '230 (turn timeout)', '235 (turn timeout)', '240 (turn timeout)', '245 (turn timeout)', '250 (turn timeout)', '255 (turn timeout)', '260 (turn timeout)'], 'lawn green': ['186 (turn timeout)', '191 (turn timeout)', '196 (turn timeout)', '201 (turn timeout)', '206 (turn timeout)', '211 (turn timeout)', '216 (turn timeout)', '221 (turn timeout)', '226 (turn timeout)', '231 (turn timeout)', '236 (turn timeout)', '241 (turn timeout)', '246 (turn timeout)', '251 (turn timeout)', '256 (turn timeout)', '261 (turn timeout)']}
[2026-05-22 11:18:37] GAME TIME LIMIT REACHED.
[2026-05-22 11:18:38] SCORE Gruppe 69 (lawn green): Final=1407.5, Time=96.0, Moves(37)=13.5, Pins(9)=900.0, Dist=398.0, Win Bonus=0.0
[2026-05-22 11:18:38] SCORE jat (gray0): Final=1325.3, Time=38.7, Moves(53)=90.6, Pins(8)=800.0, Dist=396.0, Win Bonus=0.0
[2026-05-22 11:18:38] SCORE group 99 (yellow): Final=1422.9, Time=36.3, Moves(53)=90.6, Pins(9)=900.0, Dist=396.0, Win Bonus=0.0
[2026-05-22 11:18:38] SCORE CybSec (purple): Final=2569.0, Time=78.4, Moves(53)=90.6, Pins(10)=1000.0, Dist=400.0, Win Bonus=1000.0
[2026-05-22 11:18:38] SCORE HelloWorld (red): Final=442.5, Time=94.5, Moves(8)=0.0, Pins(1)=100.0, Dist=248.0, Win Bonus=0.0
[2026-05-22 11:18:38] ALL WRONG MOVES BY COLOUR: {'red': ['45 (turn timeout)', '50 (turn timeout)', '55 (turn timeout)', '60 (turn timeout)', '65 (turn timeout)', '70 (turn timeout)', '75 (turn timeout)', '80 (turn timeout)', '85 (turn timeout)', '90 (turn timeout)', '95 (turn timeout)', '100 (turn timeout)', '105 (turn timeout)', '110 (turn timeout)', '115 (turn timeout)', '120 (turn timeout)', '125 (turn timeout)', '130 (turn timeout)', '135 (turn timeout)', '140 (turn timeout)', '145 (turn timeout)', '150 (turn timeout)', '155 (turn timeout)', '160 (turn timeout)', '165 (turn timeout)', '170 (turn timeout)', '175 (turn timeout)', '180 (turn timeout)', '185 (turn timeout)', '190 (turn timeout)', '195 (turn timeout)', '200 (turn timeout)', '205 (turn timeout)', '210 (turn timeout)', '215 (turn timeout)', '220 (turn timeout)', '225 (turn timeout)', '230 (turn timeout)', '235 (turn timeout)', '240 (turn timeout)', '245 (turn timeout)', '250 (turn timeout)', '255 (turn timeout)', '260 (turn timeout)'], 'lawn green': ['186 (turn timeout)', '191 (turn timeout)', '196 (turn timeout)', '201 (turn timeout)', '206 (turn timeout)', '211 (turn timeout)', '216 (turn timeout)', '221 (turn timeout)', '226 (turn timeout)', '231 (turn timeout)', '236 (turn timeout)', '241 (turn timeout)', '246 (turn timeout)', '251 (turn timeout)', '256 (turn timeout)', '261 (turn timeout)']}
[2026-05-22 11:18:38] GAME TIME LIMIT REACHED.
