[2026-05-22 11:12:27] GAME CREATED
[2026-05-22 11:12:29] PLAYER JOINED: Erlend Og Linor as red
[2026-05-22 11:12:33] PLAYER JOINED: RL as blue
[2026-05-22 11:12:52] PLAYER JOINED: StockWish as lawn green
[2026-05-22 11:13:59] PLAYER JOINED: S&S as gray0
[2026-05-22 11:13:59] PLAYER START: Erlend Og Linor (red)
[2026-05-22 11:13:59] PLAYER START: RL (blue)
[2026-05-22 11:13:59] PLAYER START: StockWish (lawn green)
[2026-05-22 11:13:59] PLAYER START: S&S (gray0)
[2026-05-22 11:13:59] GAME START — turn order ['red', 'lawn green', 'blue', 'gray0']
[2026-05-22 11:13:59] MOVE 1: Erlend Og Linor (red) 117->104 [0.00ms]
[2026-05-22 11:13:59] SCORE Erlend Og Linor (red): Final=283.9, Time=99.9, Moves(1)=0.0, Pins(0)=0.0, Dist=184.0, Win Bonus=0.0
[2026-05-22 11:13:59] SCORE RL (blue): Final=0.0, Time=0.0, Moves(0)=0.0, Pins(0)=0.0, Dist=0.0, Win Bonus=0.0
[2026-05-22 11:13:59] SCORE StockWish (lawn green): Final=0.0, Time=0.0, Moves(0)=0.0, Pins(0)=0.0, Dist=0.0, Win Bonus=0.0
[2026-05-22 11:13:59] SCORE S&S (gray0): Final=0.0, Time=0.0, Moves(0)=0.0, Pins(0)=0.0, Dist=0.0, Win Bonus=0.0
[2026-05-22 11:13:59] ALL WRONG MOVES BY COLOUR: {}
[2026-05-22 11:13:59] MOVE 2: StockWish (lawn green) 45->43 [0.00ms]
[2026-05-22 11:13:59] SCORE Erlend Og Linor (red): Final=283.9, Time=99.9, Moves(1)=0.0, Pins(0)=0.0, Dist=184.0, Win Bonus=0.0
[2026-05-22 11:13:59] SCORE RL (blue): Final=0.0, Time=0.0, Moves(0)=0.0, Pins(0)=0.0, Dist=0.0, Win Bonus=0.0
[2026-05-22 11:13:59] SCORE StockWish (lawn green): Final=283.8, Time=99.8, Moves(1)=0.0, Pins(0)=0.0, Dist=184.0, Win Bonus=0.0
[2026-05-22 11:13:59] SCORE S&S (gray0): Final=0.0, Time=0.0, Moves(0)=0.0, Pins(0)=0.0, Dist=0.0, Win Bonus=0.0
[2026-05-22 11:13:59] ALL WRONG MOVES BY COLOUR: {}
[2026-05-22 11:13:59] PLAYER START: Erlend Og Linor (red)
[2026-05-22 11:13:59] PLAYER START: RL (blue)
[2026-05-22 11:13:59] PLAYER START: StockWish (lawn green)
[2026-05-22 11:13:59] PLAYER START: S&S (gray0)
[2026-05-22 11:14:00] MOVE 3: RL (blue) 4->15 [0.00ms]
[2026-05-22 11:14:00] SCORE Erlend Og Linor (red): Final=283.9, Time=99.9, Moves(1)=0.0, Pins(0)=0.0, Dist=184.0, Win Bonus=0.0
[2026-05-22 11:14:00] SCORE RL (blue): Final=283.1, Time=99.1, Moves(1)=0.0, Pins(0)=0.0, Dist=184.0, Win Bonus=0.0
[2026-05-22 11:14:00] SCORE StockWish (lawn green): Final=283.8, Time=99.8, Moves(1)=0.0, Pins(0)=0.0, Dist=184.0, Win Bonus=0.0
[2026-05-22 11:14:00] SCORE S&S (gray0): Final=0.0, Time=0.0, Moves(0)=0.0, Pins(0)=0.0, Dist=0.0, Win Bonus=0.0
[2026-05-22 11:14:00] ALL WRONG MOVES BY COLOUR: {}
[2026-05-22 11:14:01] MOVE 4: S&S (gray0) 100->77 [0.00ms]
[2026-05-22 11:14:01] SCORE Erlend Og Linor (red): Final=283.9, Time=99.9, Moves(1)=0.0, Pins(0)=0.0, Dist=184.0, Win Bonus=0.0
[2026-05-22 11:14:01] SCORE RL (blue): Final=283.1, Time=99.1, Moves(1)=0.0, Pins(0)=0.0, Dist=184.0, Win Bonus=0.0
[2026-05-22 11:14:01] SCORE StockWish (lawn green): Final=283.8, Time=99.8, Moves(1)=0.0, Pins(0)=0.0, Dist=184.0, Win Bonus=0.0
[2026-05-22 11:14:01] SCORE S&S (gray0): Final=283.5, Time=99.5, Moves(1)=0.0, Pins(0)=0.0, Dist=184.0, Win Bonus=0.0
[2026-05-22 11:14:01] ALL WRONG MOVES BY COLOUR: {}
[2026-05-22 11:14:01] MOVE 5: Erlend Og Linor (red) 114->106 [0.01ms]
[2026-05-22 11:14:01] SCORE Erlend Og Linor (red): Final=285.8, Time=99.8, Moves(2)=0.0, Pins(0)=0.0, Dist=186.0, Win Bonus=0.0
[2026-05-22 11:14:01] SCORE RL (blue): Final=283.1, Time=99.1, Moves(1)=0.0, Pins(0)=0.0, Dist=184.0, Win Bonus=0.0
[2026-05-22 11:14:01] SCORE StockWish (lawn green): Final=283.8, Time=99.8, Moves(1)=0.0, Pins(0)=0.0, Dist=184.0, Win Bonus=0.0
[2026-05-22 11:14:01] SCORE S&S (gray0): Final=283.5, Time=99.5, Moves(1)=0.0, Pins(0)=0.0, Dist=184.0, Win Bonus=0.0
[2026-05-22 11:14:01] ALL WRONG MOVES BY COLOUR: {}
[2026-05-22 11:14:01] MOVE 6: StockWish (lawn green) 44->42 [0.00ms]
[2026-05-22 11:14:01] SCORE Erlend Og Linor (red): Final=285.8, Time=99.8, Moves(2)=0.0, Pins(0)=0.0, Dist=186.0, Win Bonus=0.0
[2026-05-22 11:14:01] SCORE RL (blue): Final=283.1, Time=99.1, Moves(1)=0.0, Pins(0)=0.0, Dist=184.0, Win Bonus=0.0
[2026-05-22 11:14:01] SCORE StockWish (lawn green): Final=287.8, Time=99.8, Moves(2)=0.0, Pins(0)=0.0, Dist=188.0, Win Bonus=0.0
[2026-05-22 11:14:01] SCORE S&S (gray0): Final=283.5, Time=99.5, Moves(1)=0.0, Pins(0)=0.0, Dist=184.0, Win Bonus=0.0
[2026-05-22 11:14:01] ALL WRONG MOVES BY COLOUR: {}
[2026-05-22 11:14:02] MOVE 7: RL (blue) 15->14 [0.00ms]
[2026-05-22 11:14:02] SCORE Erlend Og Linor (red): Final=285.8, Time=99.8, Moves(2)=0.0, Pins(0)=0.0, Dist=186.0, Win Bonus=0.0
[2026-05-22 11:14:02] SCORE RL (blue): Final=282.3, Time=98.3, Moves(2)=0.0, Pins(0)=0.0, Dist=184.0, Win Bonus=0.0
[2026-05-22 11:14:02] SCORE StockWish (lawn green): Final=287.8, Time=99.8, Moves(2)=0.0, Pins(0)=0.0, Dist=188.0, Win Bonus=0.0
[2026-05-22 11:14:02] SCORE S&S (gray0): Final=283.5, Time=99.5, Moves(1)=0.0, Pins(0)=0.0, Dist=184.0, Win Bonus=0.0
[2026-05-22 11:14:02] ALL WRONG MOVES BY COLOUR: {}
[2026-05-22 11:14:02] MOVE 8: S&S (gray0) 98->102 [0.00ms]
[2026-05-22 11:14:02] SCORE Erlend Og Linor (red): Final=285.8, Time=99.8, Moves(2)=0.0, Pins(0)=0.0, Dist=186.0, Win Bonus=0.0
[2026-05-22 11:14:02] SCORE RL (blue): Final=282.3, Time=98.3, Moves(2)=0.0, Pins(0)=0.0, Dist=184.0, Win Bonus=0.0
[2026-05-22 11:14:02] SCORE StockWish (lawn green): Final=287.8, Time=99.8, Moves(2)=0.0, Pins(0)=0.0, Dist=188.0, Win Bonus=0.0
[2026-05-22 11:14:02] SCORE S&S (gray0): Final=291.0, Time=99.0, Moves(2)=0.0, Pins(0)=0.0, Dist=192.0, Win Bonus=0.0
[2026-05-22 11:14:02] ALL WRONG MOVES BY COLOUR: {}
[2026-05-22 11:14:02] MOVE 9: Erlend Og Linor (red) 120->117 [0.00ms]
[2026-05-22 11:14:02] SCORE Erlend Og Linor (red): Final=289.7, Time=99.7, Moves(3)=0.0, Pins(0)=0.0, Dist=190.0, Win Bonus=0.0
[2026-05-22 11:14:02] SCORE RL (blue): Final=282.3, Time=98.3, Moves(2)=0.0, Pins(0)=0.0, Dist=184.0, Win Bonus=0.0
[2026-05-22 11:14:02] SCORE StockWish (lawn green): Final=287.8, Time=99.8, Moves(2)=0.0, Pins(0)=0.0, Dist=188.0, Win Bonus=0.0
[2026-05-22 11:14:02] SCORE S&S (gray0): Final=291.0, Time=99.0, Moves(2)=0.0, Pins(0)=0.0, Dist=192.0, Win Bonus=0.0
[2026-05-22 11:14:02] ALL WRONG MOVES BY COLOUR: {}
[2026-05-22 11:14:03] MOVE 10: StockWish (lawn green) 33->52 [0.00ms]
[2026-05-22 11:14:03] SCORE Erlend Og Linor (red): Final=289.7, Time=99.7, Moves(3)=0.0, Pins(0)=0.0, Dist=190.0, Win Bonus=0.0
[2026-05-22 11:14:03] SCORE RL (blue): Final=282.3, Time=98.3, Moves(2)=0.0, Pins(0)=0.0, Dist=184.0, Win Bonus=0.0
[2026-05-22 11:14:03] SCORE StockWish (lawn green): Final=294.6, Time=98.6, Moves(3)=0.0, Pins(0)=0.0, Dist=196.0, Win Bonus=0.0
[2026-05-22 11:14:03] SCORE S&S (gray0): Final=291.0, Time=99.0, Moves(2)=0.0, Pins(0)=0.0, Dist=192.0, Win Bonus=0.0
[2026-05-22 11:14:03] ALL WRONG MOVES BY COLOUR: {}
[2026-05-22 11:14:04] MOVE 11: RL (blue) 14->26 [0.00ms]
[2026-05-22 11:14:04] SCORE Erlend Og Linor (red): Final=289.7, Time=99.7, Moves(3)=0.0, Pins(0)=0.0, Dist=190.0, Win Bonus=0.0
[2026-05-22 11:14:04] SCORE RL (blue): Final=283.6, Time=97.6, Moves(3)=0.0, Pins(0)=0.0, Dist=186.0, Win Bonus=0.0
[2026-05-22 11:14:04] SCORE StockWish (lawn green): Final=294.6, Time=98.6, Moves(3)=0.0, Pins(0)=0.0, Dist=196.0, Win Bonus=0.0
[2026-05-22 11:14:04] SCORE S&S (gray0): Final=291.0, Time=99.0, Moves(2)=0.0, Pins(0)=0.0, Dist=192.0, Win Bonus=0.0
[2026-05-22 11:14:04] ALL WRONG MOVES BY COLOUR: {}
[2026-05-22 11:14:05] MOVE 12: S&S (gray0) 101->107 [0.00ms]
[2026-05-22 11:14:05] SCORE Erlend Og Linor (red): Final=289.7, Time=99.7, Moves(3)=0.0, Pins(0)=0.0, Dist=190.0, Win Bonus=0.0
[2026-05-22 11:14:05] SCORE RL (blue): Final=283.6, Time=97.6, Moves(3)=0.0, Pins(0)=0.0, Dist=186.0, Win Bonus=0.0
[2026-05-22 11:14:05] SCORE StockWish (lawn green): Final=294.6, Time=98.6, Moves(3)=0.0, Pins(0)=0.0, Dist=196.0, Win Bonus=0.0
[2026-05-22 11:14:05] SCORE S&S (gray0): Final=300.5, Time=98.5, Moves(3)=0.0, Pins(0)=0.0, Dist=202.0, Win Bonus=0.0
[2026-05-22 11:14:05] ALL WRONG MOVES BY COLOUR: {}
[2026-05-22 11:14:05] MOVE 13: Erlend Og Linor (red) 119->94 [0.00ms]
[2026-05-22 11:14:05] SCORE Erlend Og Linor (red): Final=297.6, Time=99.6, Moves(4)=0.0, Pins(0)=0.0, Dist=198.0, Win Bonus=0.0
[2026-05-22 11:14:05] SCORE RL (blue): Final=283.6, Time=97.6, Moves(3)=0.0, Pins(0)=0.0, Dist=186.0, Win Bonus=0.0
[2026-05-22 11:14:05] SCORE StockWish (lawn green): Final=294.6, Time=98.6, Moves(3)=0.0, Pins(0)=0.0, Dist=196.0, Win Bonus=0.0
[2026-05-22 11:14:05] SCORE S&S (gray0): Final=300.5, Time=98.5, Moves(3)=0.0, Pins(0)=0.0, Dist=202.0, Win Bonus=0.0
[2026-05-22 11:14:05] ALL WRONG MOVES BY COLOUR: {}
[2026-05-22 11:14:05] MOVE 14: StockWish (lawn green) 32->51 [0.00ms]
[2026-05-22 11:14:05] SCORE Erlend Og Linor (red): Final=297.6, Time=99.6, Moves(4)=0.0, Pins(0)=0.0, Dist=198.0, Win Bonus=0.0
[2026-05-22 11:14:05] SCORE RL (blue): Final=283.6, Time=97.6, Moves(3)=0.0, Pins(0)=0.0, Dist=186.0, Win Bonus=0.0
[2026-05-22 11:14:05] SCORE StockWish (lawn green): Final=302.4, Time=98.4, Moves(4)=0.0, Pins(0)=0.0, Dist=204.0, Win Bonus=0.0
[2026-05-22 11:14:05] SCORE S&S (gray0): Final=300.5, Time=98.5, Moves(3)=0.0, Pins(0)=0.0, Dist=202.0, Win Bonus=0.0
[2026-05-22 11:14:05] ALL WRONG MOVES BY COLOUR: {}
[2026-05-22 11:14:06] MOVE 15: RL (blue) 5->16 [0.00ms]
[2026-05-22 11:14:06] SCORE Erlend Og Linor (red): Final=297.6, Time=99.6, Moves(4)=0.0, Pins(0)=0.0, Dist=198.0, Win Bonus=0.0
[2026-05-22 11:14:06] SCORE RL (blue): Final=286.9, Time=96.9, Moves(4)=0.0, Pins(0)=0.0, Dist=190.0, Win Bonus=0.0
[2026-05-22 11:14:06] SCORE StockWish (lawn green): Final=302.4, Time=98.4, Moves(4)=0.0, Pins(0)=0.0, Dist=204.0, Win Bonus=0.0
[2026-05-22 11:14:06] SCORE S&S (gray0): Final=300.5, Time=98.5, Moves(3)=0.0, Pins(0)=0.0, Dist=202.0, Win Bonus=0.0
[2026-05-22 11:14:06] ALL WRONG MOVES BY COLOUR: {}
[2026-05-22 11:14:06] MOVE 16: S&S (gray0) 76->105 [0.00ms]
[2026-05-22 11:14:06] SCORE Erlend Og Linor (red): Final=297.6, Time=99.6, Moves(4)=0.0, Pins(0)=0.0, Dist=198.0, Win Bonus=0.0
[2026-05-22 11:14:06] SCORE RL (blue): Final=286.9, Time=96.9, Moves(4)=0.0, Pins(0)=0.0, Dist=190.0, Win Bonus=0.0
[2026-05-22 11:14:06] SCORE StockWish (lawn green): Final=302.4, Time=98.4, Moves(4)=0.0, Pins(0)=0.0, Dist=204.0, Win Bonus=0.0
[2026-05-22 11:14:06] SCORE S&S (gray0): Final=307.9, Time=97.9, Moves(4)=0.0, Pins(0)=0.0, Dist=210.0, Win Bonus=0.0
[2026-05-22 11:14:06] ALL WRONG MOVES BY COLOUR: {}
[2026-05-22 11:14:06] MOVE 17: Erlend Og Linor (red) 113->91 [0.00ms]
[2026-05-22 11:14:06] SCORE Erlend Og Linor (red): Final=301.5, Time=99.5, Moves(5)=0.0, Pins(0)=0.0, Dist=202.0, Win Bonus=0.0
[2026-05-22 11:14:06] SCORE RL (blue): Final=286.9, Time=96.9, Moves(4)=0.0, Pins(0)=0.0, Dist=190.0, Win Bonus=0.0
[2026-05-22 11:14:06] SCORE StockWish (lawn green): Final=302.4, Time=98.4, Moves(4)=0.0, Pins(0)=0.0, Dist=204.0, Win Bonus=0.0
[2026-05-22 11:14:06] SCORE S&S (gray0): Final=307.9, Time=97.9, Moves(4)=0.0, Pins(0)=0.0, Dist=210.0, Win Bonus=0.0
[2026-05-22 11:14:06] ALL WRONG MOVES BY COLOUR: {}
[2026-05-22 11:14:06] MOVE 18: StockWish (lawn green) 43->60 [0.01ms]
[2026-05-22 11:14:06] SCORE Erlend Og Linor (red): Final=301.5, Time=99.5, Moves(5)=0.0, Pins(0)=0.0, Dist=202.0, Win Bonus=0.0
[2026-05-22 11:14:06] SCORE RL (blue): Final=286.9, Time=96.9, Moves(4)=0.0, Pins(0)=0.0, Dist=190.0, Win Bonus=0.0
[2026-05-22 11:14:06] SCORE StockWish (lawn green): Final=310.3, Time=98.3, Moves(5)=0.0, Pins(0)=0.0, Dist=212.0, Win Bonus=0.0
[2026-05-22 11:14:06] SCORE S&S (gray0): Final=307.9, Time=97.9, Moves(4)=0.0, Pins(0)=0.0, Dist=210.0, Win Bonus=0.0
[2026-05-22 11:14:06] ALL WRONG MOVES BY COLOUR: {}
[2026-05-22 11:14:07] MOVE 19: RL (blue) 26->38 [0.00ms]
[2026-05-22 11:14:07] SCORE Erlend Og Linor (red): Final=301.5, Time=99.5, Moves(5)=0.0, Pins(0)=0.0, Dist=202.0, Win Bonus=0.0
[2026-05-22 11:14:07] SCORE RL (blue): Final=288.2, Time=96.2, Moves(5)=0.0, Pins(0)=0.0, Dist=192.0, Win Bonus=0.0
[2026-05-22 11:14:07] SCORE StockWish (lawn green): Final=310.3, Time=98.3, Moves(5)=0.0, Pins(0)=0.0, Dist=212.0, Win Bonus=0.0
[2026-05-22 11:14:07] SCORE S&S (gray0): Final=307.9, Time=97.9, Moves(4)=0.0, Pins(0)=0.0, Dist=210.0, Win Bonus=0.0
[2026-05-22 11:14:07] ALL WRONG MOVES BY COLOUR: {}
[2026-05-22 11:14:08] MOVE 20: S&S (gray0) 99->80 [0.00ms]
[2026-05-22 11:14:08] SCORE Erlend Og Linor (red): Final=301.5, Time=99.5, Moves(5)=0.0, Pins(0)=0.0, Dist=202.0, Win Bonus=0.0
[2026-05-22 11:14:08] SCORE RL (blue): Final=288.2, Time=96.2, Moves(5)=0.0, Pins(0)=0.0, Dist=192.0, Win Bonus=0.0
[2026-05-22 11:14:08] SCORE StockWish (lawn green): Final=310.3, Time=98.3, Moves(5)=0.0, Pins(0)=0.0, Dist=212.0, Win Bonus=0.0
[2026-05-22 11:14:08] SCORE S&S (gray0): Final=319.4, Time=97.4, Moves(5)=0.0, Pins(0)=0.0, Dist=222.0, Win Bonus=0.0
[2026-05-22 11:14:08] ALL WRONG MOVES BY COLOUR: {}
[2026-05-22 11:14:08] MOVE 21: Erlend Og Linor (red) 106->83 [0.00ms]
[2026-05-22 11:14:08] SCORE Erlend Og Linor (red): Final=305.4, Time=99.4, Moves(6)=0.0, Pins(0)=0.0, Dist=206.0, Win Bonus=0.0
[2026-05-22 11:14:08] SCORE RL (blue): Final=288.2, Time=96.2, Moves(5)=0.0, Pins(0)=0.0, Dist=192.0, Win Bonus=0.0
[2026-05-22 11:14:08] SCORE StockWish (lawn green): Final=310.3, Time=98.3, Moves(5)=0.0, Pins(0)=0.0, Dist=212.0, Win Bonus=0.0
[2026-05-22 11:14:08] SCORE S&S (gray0): Final=319.4, Time=97.4, Moves(5)=0.0, Pins(0)=0.0, Dist=222.0, Win Bonus=0.0
[2026-05-22 11:14:08] ALL WRONG MOVES BY COLOUR: {}
[2026-05-22 11:14:08] MOVE 22: StockWish (lawn green) 42->59 [0.00ms]
[2026-05-22 11:14:08] SCORE Erlend Og Linor (red): Final=305.4, Time=99.4, Moves(6)=0.0, Pins(0)=0.0, Dist=206.0, Win Bonus=0.0
[2026-05-22 11:14:08] SCORE RL (blue): Final=288.2, Time=96.2, Moves(5)=0.0, Pins(0)=0.0, Dist=192.0, Win Bonus=0.0
[2026-05-22 11:14:08] SCORE StockWish (lawn green): Final=318.2, Time=98.2, Moves(6)=0.0, Pins(0)=0.0, Dist=220.0, Win Bonus=0.0
[2026-05-22 11:14:08] SCORE S&S (gray0): Final=319.4, Time=97.4, Moves(5)=0.0, Pins(0)=0.0, Dist=222.0, Win Bonus=0.0
[2026-05-22 11:14:08] ALL WRONG MOVES BY COLOUR: {}
[2026-05-22 11:14:09] MOVE 23: RL (blue) 38->49 [0.01ms]
[2026-05-22 11:14:09] SCORE Erlend Og Linor (red): Final=305.4, Time=99.4, Moves(6)=0.0, Pins(0)=0.0, Dist=206.0, Win Bonus=0.0
[2026-05-22 11:14:09] SCORE RL (blue): Final=289.4, Time=95.4, Moves(6)=0.0, Pins(0)=0.0, Dist=194.0, Win Bonus=0.0
[2026-05-22 11:14:09] SCORE StockWish (lawn green): Final=318.2, Time=98.2, Moves(6)=0.0, Pins(0)=0.0, Dist=220.0, Win Bonus=0.0
[2026-05-22 11:14:09] SCORE S&S (gray0): Final=319.4, Time=97.4, Moves(5)=0.0, Pins(0)=0.0, Dist=222.0, Win Bonus=0.0
[2026-05-22 11:14:09] ALL WRONG MOVES BY COLOUR: {}
[2026-05-22 11:14:09] MOVE 24: S&S (gray0) 107->84 [0.00ms]
[2026-05-22 11:14:09] SCORE Erlend Og Linor (red): Final=305.4, Time=99.4, Moves(6)=0.0, Pins(0)=0.0, Dist=206.0, Win Bonus=0.0
[2026-05-22 11:14:09] SCORE RL (blue): Final=289.4, Time=95.4, Moves(6)=0.0, Pins(0)=0.0, Dist=194.0, Win Bonus=0.0
[2026-05-22 11:14:09] SCORE StockWish (lawn green): Final=318.2, Time=98.2, Moves(6)=0.0, Pins(0)=0.0, Dist=220.0, Win Bonus=0.0
[2026-05-22 11:14:09] SCORE S&S (gray0): Final=322.8, Time=96.8, Moves(6)=0.0, Pins(0)=0.0, Dist=226.0, Win Bonus=0.0
[2026-05-22 11:14:09] ALL WRONG MOVES BY COLOUR: {}
[2026-05-22 11:14:09] MOVE 25: Erlend Og Linor (red) 94->93 [0.00ms]
[2026-05-22 11:14:09] SCORE Erlend Og Linor (red): Final=305.3, Time=99.3, Moves(7)=0.0, Pins(0)=0.0, Dist=206.0, Win Bonus=0.0
[2026-05-22 11:14:09] SCORE RL (blue): Final=289.4, Time=95.4, Moves(6)=0.0, Pins(0)=0.0, Dist=194.0, Win Bonus=0.0
[2026-05-22 11:14:09] SCORE StockWish (lawn green): Final=318.2, Time=98.2, Moves(6)=0.0, Pins(0)=0.0, Dist=220.0, Win Bonus=0.0
[2026-05-22 11:14:09] SCORE S&S (gray0): Final=322.8, Time=96.8, Moves(6)=0.0, Pins(0)=0.0, Dist=226.0, Win Bonus=0.0
[2026-05-22 11:14:09] ALL WRONG MOVES BY COLOUR: {}
[2026-05-22 11:14:10] MOVE 26: StockWish (lawn green) 52->68 [0.00ms]
[2026-05-22 11:14:10] SCORE Erlend Og Linor (red): Final=305.3, Time=99.3, Moves(7)=0.0, Pins(0)=0.0, Dist=206.0, Win Bonus=0.0
[2026-05-22 11:14:10] SCORE RL (blue): Final=289.4, Time=95.4, Moves(6)=0.0, Pins(0)=0.0, Dist=194.0, Win Bonus=0.0
[2026-05-22 11:14:10] SCORE StockWish (lawn green): Final=326.1, Time=98.1, Moves(7)=0.0, Pins(0)=0.0, Dist=228.0, Win Bonus=0.0
[2026-05-22 11:14:10] SCORE S&S (gray0): Final=322.8, Time=96.8, Moves(6)=0.0, Pins(0)=0.0, Dist=226.0, Win Bonus=0.0
[2026-05-22 11:14:10] ALL WRONG MOVES BY COLOUR: {}
[2026-05-22 11:14:10] MOVE 27: RL (blue) 49->119 [0.00ms]
[2026-05-22 11:14:10] SCORE Erlend Og Linor (red): Final=305.3, Time=99.3, Moves(7)=0.0, Pins(0)=0.0, Dist=206.0, Win Bonus=0.0
[2026-05-22 11:14:10] SCORE RL (blue): Final=400.7, Time=94.7, Moves(7)=0.0, Pins(1)=100.0, Dist=206.0, Win Bonus=0.0
[2026-05-22 11:14:10] SCORE StockWish (lawn green): Final=326.1, Time=98.1, Moves(7)=0.0, Pins(0)=0.0, Dist=228.0, Win Bonus=0.0
[2026-05-22 11:14:10] SCORE S&S (gray0): Final=322.8, Time=96.8, Moves(6)=0.0, Pins(0)=0.0, Dist=226.0, Win Bonus=0.0
[2026-05-22 11:14:10] ALL WRONG MOVES BY COLOUR: {}
[2026-05-22 11:14:11] MOVE 28: S&S (gray0) 88->73 [0.00ms]
[2026-05-22 11:14:11] SCORE Erlend Og Linor (red): Final=305.3, Time=99.3, Moves(7)=0.0, Pins(0)=0.0, Dist=206.0, Win Bonus=0.0
[2026-05-22 11:14:11] SCORE RL (blue): Final=400.7, Time=94.7, Moves(7)=0.0, Pins(1)=100.0, Dist=206.0, Win Bonus=0.0
[2026-05-22 11:14:11] SCORE StockWish (lawn green): Final=326.1, Time=98.1, Moves(7)=0.0, Pins(0)=0.0, Dist=228.0, Win Bonus=0.0
[2026-05-22 11:14:11] SCORE S&S (gray0): Final=338.3, Time=96.3, Moves(7)=0.0, Pins(0)=0.0, Dist=242.0, Win Bonus=0.0
[2026-05-22 11:14:11] ALL WRONG MOVES BY COLOUR: {}
[2026-05-22 11:14:11] MOVE 29: Erlend Og Linor (red) 83->64 [0.01ms]
[2026-05-22 11:14:11] SCORE Erlend Og Linor (red): Final=309.2, Time=99.2, Moves(8)=0.0, Pins(0)=0.0, Dist=210.0, Win Bonus=0.0
[2026-05-22 11:14:11] SCORE RL (blue): Final=400.7, Time=94.7, Moves(7)=0.0, Pins(1)=100.0, Dist=206.0, Win Bonus=0.0
[2026-05-22 11:14:11] SCORE StockWish (lawn green): Final=326.1, Time=98.1, Moves(7)=0.0, Pins(0)=0.0, Dist=228.0, Win Bonus=0.0
[2026-05-22 11:14:11] SCORE S&S (gray0): Final=338.3, Time=96.3, Moves(7)=0.0, Pins(0)=0.0, Dist=242.0, Win Bonus=0.0
[2026-05-22 11:14:11] ALL WRONG MOVES BY COLOUR: {}
[2026-05-22 11:14:11] MOVE 30: StockWish (lawn green) 59->99 [0.00ms]
[2026-05-22 11:14:11] SCORE Erlend Og Linor (red): Final=309.2, Time=99.2, Moves(8)=0.0, Pins(0)=0.0, Dist=210.0, Win Bonus=0.0
[2026-05-22 11:14:11] SCORE RL (blue): Final=400.7, Time=94.7, Moves(7)=0.0, Pins(1)=100.0, Dist=206.0, Win Bonus=0.0
[2026-05-22 11:14:11] SCORE StockWish (lawn green): Final=434.0, Time=98.0, Moves(8)=0.0, Pins(1)=100.0, Dist=236.0, Win Bonus=0.0
[2026-05-22 11:14:11] SCORE S&S (gray0): Final=338.3, Time=96.3, Moves(7)=0.0, Pins(0)=0.0, Dist=242.0, Win Bonus=0.0
[2026-05-22 11:14:11] ALL WRONG MOVES BY COLOUR: {}
[2026-05-22 11:14:12] MOVE 31: RL (blue) 119->120 [0.00ms]
[2026-05-22 11:14:12] SCORE Erlend Og Linor (red): Final=309.2, Time=99.2, Moves(8)=0.0, Pins(0)=0.0, Dist=210.0, Win Bonus=0.0
[2026-05-22 11:14:12] SCORE RL (blue): Final=400.1, Time=94.1, Moves(8)=0.0, Pins(1)=100.0, Dist=206.0, Win Bonus=0.0
[2026-05-22 11:14:12] SCORE StockWish (lawn green): Final=434.0, Time=98.0, Moves(8)=0.0, Pins(1)=100.0, Dist=236.0, Win Bonus=0.0
[2026-05-22 11:14:12] SCORE S&S (gray0): Final=338.3, Time=96.3, Moves(7)=0.0, Pins(0)=0.0, Dist=242.0, Win Bonus=0.0
[2026-05-22 11:14:12] ALL WRONG MOVES BY COLOUR: {}
[2026-05-22 11:14:12] MOVE 32: S&S (gray0) 86->94 [0.00ms]
[2026-05-22 11:14:12] SCORE Erlend Og Linor (red): Final=309.2, Time=99.2, Moves(8)=0.0, Pins(0)=0.0, Dist=210.0, Win Bonus=0.0
[2026-05-22 11:14:12] SCORE RL (blue): Final=400.1, Time=94.1, Moves(8)=0.0, Pins(1)=100.0, Dist=206.0, Win Bonus=0.0
[2026-05-22 11:14:12] SCORE StockWish (lawn green): Final=434.0, Time=98.0, Moves(8)=0.0, Pins(1)=100.0, Dist=236.0, Win Bonus=0.0
[2026-05-22 11:14:12] SCORE S&S (gray0): Final=353.9, Time=95.9, Moves(8)=0.0, Pins(0)=0.0, Dist=258.0, Win Bonus=0.0
[2026-05-22 11:14:12] ALL WRONG MOVES BY COLOUR: {}
[2026-05-22 11:14:12] MOVE 33: Erlend Og Linor (red) 93->92 [0.01ms]
[2026-05-22 11:14:12] SCORE Erlend Og Linor (red): Final=309.1, Time=99.1, Moves(9)=0.0, Pins(0)=0.0, Dist=210.0, Win Bonus=0.0
[2026-05-22 11:14:12] SCORE RL (blue): Final=400.1, Time=94.1, Moves(8)=0.0, Pins(1)=100.0, Dist=206.0, Win Bonus=0.0
[2026-05-22 11:14:12] SCORE StockWish (lawn green): Final=434.0, Time=98.0, Moves(8)=0.0, Pins(1)=100.0, Dist=236.0, Win Bonus=0.0
[2026-05-22 11:14:12] SCORE S&S (gray0): Final=353.9, Time=95.9, Moves(8)=0.0, Pins(0)=0.0, Dist=258.0, Win Bonus=0.0
[2026-05-22 11:14:12] ALL WRONG MOVES BY COLOUR: {}
[2026-05-22 11:14:13] MOVE 34: StockWish (lawn green) 51->67 [0.00ms]
[2026-05-22 11:14:13] SCORE Erlend Og Linor (red): Final=309.1, Time=99.1, Moves(9)=0.0, Pins(0)=0.0, Dist=210.0, Win Bonus=0.0
[2026-05-22 11:14:13] SCORE RL (blue): Final=400.1, Time=94.1, Moves(8)=0.0, Pins(1)=100.0, Dist=206.0, Win Bonus=0.0
[2026-05-22 11:14:13] SCORE StockWish (lawn green): Final=440.7, Time=96.7, Moves(9)=0.0, Pins(1)=100.0, Dist=244.0, Win Bonus=0.0
[2026-05-22 11:14:13] SCORE S&S (gray0): Final=353.9, Time=95.9, Moves(8)=0.0, Pins(0)=0.0, Dist=258.0, Win Bonus=0.0
[2026-05-22 11:14:13] ALL WRONG MOVES BY COLOUR: {}
[2026-05-22 11:14:14] MOVE 35: RL (blue) 120->119 [0.00ms]
[2026-05-22 11:14:14] SCORE Erlend Og Linor (red): Final=309.1, Time=99.1, Moves(9)=0.0, Pins(0)=0.0, Dist=210.0, Win Bonus=0.0
[2026-05-22 11:14:14] SCORE RL (blue): Final=399.3, Time=93.3, Moves(9)=0.0, Pins(1)=100.0, Dist=206.0, Win Bonus=0.0
[2026-05-22 11:14:14] SCORE StockWish (lawn green): Final=440.7, Time=96.7, Moves(9)=0.0, Pins(1)=100.0, Dist=244.0, Win Bonus=0.0
[2026-05-22 11:14:14] SCORE S&S (gray0): Final=353.9, Time=95.9, Moves(8)=0.0, Pins(0)=0.0, Dist=258.0, Win Bonus=0.0
[2026-05-22 11:14:14] ALL WRONG MOVES BY COLOUR: {}
[2026-05-22 11:14:14] MOVE 36: S&S (gray0) 77->81 [0.01ms]
[2026-05-22 11:14:14] SCORE Erlend Og Linor (red): Final=309.1, Time=99.1, Moves(9)=0.0, Pins(0)=0.0, Dist=210.0, Win Bonus=0.0
[2026-05-22 11:14:14] SCORE RL (blue): Final=399.3, Time=93.3, Moves(9)=0.0, Pins(1)=100.0, Dist=206.0, Win Bonus=0.0
[2026-05-22 11:14:14] SCORE StockWish (lawn green): Final=440.7, Time=96.7, Moves(9)=0.0, Pins(1)=100.0, Dist=244.0, Win Bonus=0.0
[2026-05-22 11:14:15] SCORE S&S (gray0): Final=361.5, Time=95.5, Moves(9)=0.0, Pins(0)=0.0, Dist=266.0, Win Bonus=0.0
[2026-05-22 11:14:15] ALL WRONG MOVES BY COLOUR: {}
[2026-05-22 11:14:15] MOVE 37: Erlend Og Linor (red) 112->113 [0.00ms]
[2026-05-22 11:14:15] SCORE Erlend Og Linor (red): Final=309.0, Time=99.0, Moves(10)=0.0, Pins(0)=0.0, Dist=210.0, Win Bonus=0.0
[2026-05-22 11:14:15] SCORE RL (blue): Final=399.3, Time=93.3, Moves(9)=0.0, Pins(1)=100.0, Dist=206.0, Win Bonus=0.0
[2026-05-22 11:14:15] SCORE StockWish (lawn green): Final=440.7, Time=96.7, Moves(9)=0.0, Pins(1)=100.0, Dist=244.0, Win Bonus=0.0
[2026-05-22 11:14:15] SCORE S&S (gray0): Final=361.5, Time=95.5, Moves(9)=0.0, Pins(0)=0.0, Dist=266.0, Win Bonus=0.0
[2026-05-22 11:14:15] ALL WRONG MOVES BY COLOUR: {}
[2026-05-22 11:14:15] MOVE 38: StockWish (lawn green) 68->66 [0.00ms]
[2026-05-22 11:14:15] SCORE Erlend Og Linor (red): Final=309.0, Time=99.0, Moves(10)=0.0, Pins(0)=0.0, Dist=210.0, Win Bonus=0.0
[2026-05-22 11:14:15] SCORE RL (blue): Final=399.3, Time=93.3, Moves(9)=0.0, Pins(1)=100.0, Dist=206.0, Win Bonus=0.0
[2026-05-22 11:14:15] SCORE StockWish (lawn green): Final=444.5, Time=96.5, Moves(10)=0.0, Pins(1)=100.0, Dist=248.0, Win Bonus=0.0
[2026-05-22 11:14:15] SCORE S&S (gray0): Final=361.5, Time=95.5, Moves(9)=0.0, Pins(0)=0.0, Dist=266.0, Win Bonus=0.0
[2026-05-22 11:14:15] ALL WRONG MOVES BY COLOUR: {}
[2026-05-22 11:14:15] MOVE 39: RL (blue) 119->120 [0.00ms]
[2026-05-22 11:14:15] SCORE Erlend Og Linor (red): Final=309.0, Time=99.0, Moves(10)=0.0, Pins(0)=0.0, Dist=210.0, Win Bonus=0.0
[2026-05-22 11:14:15] SCORE RL (blue): Final=398.7, Time=92.7, Moves(10)=0.0, Pins(1)=100.0, Dist=206.0, Win Bonus=0.0
[2026-05-22 11:14:15] SCORE StockWish (lawn green): Final=444.5, Time=96.5, Moves(10)=0.0, Pins(1)=100.0, Dist=248.0, Win Bonus=0.0
[2026-05-22 11:14:15] SCORE S&S (gray0): Final=361.5, Time=95.5, Moves(9)=0.0, Pins(0)=0.0, Dist=266.0, Win Bonus=0.0
[2026-05-22 11:14:15] ALL WRONG MOVES BY COLOUR: {}
[2026-05-22 11:14:16] MOVE 40: S&S (gray0) 75->58 [0.00ms]
[2026-05-22 11:14:16] SCORE Erlend Og Linor (red): Final=309.0, Time=99.0, Moves(10)=0.0, Pins(0)=0.0, Dist=210.0, Win Bonus=0.0
[2026-05-22 11:14:16] SCORE RL (blue): Final=398.7, Time=92.7, Moves(10)=0.0, Pins(1)=100.0, Dist=206.0, Win Bonus=0.0
[2026-05-22 11:14:16] SCORE StockWish (lawn green): Final=444.5, Time=96.5, Moves(10)=0.0, Pins(1)=100.0, Dist=248.0, Win Bonus=0.0
[2026-05-22 11:14:16] SCORE S&S (gray0): Final=368.9, Time=94.9, Moves(10)=0.0, Pins(0)=0.0, Dist=274.0, Win Bonus=0.0
[2026-05-22 11:14:16] ALL WRONG MOVES BY COLOUR: {}
[2026-05-22 11:14:16] MOVE 41: Erlend Og Linor (red) 64->63 [0.00ms]
[2026-05-22 11:14:16] SCORE Erlend Og Linor (red): Final=308.9, Time=98.9, Moves(11)=0.0, Pins(0)=0.0, Dist=210.0, Win Bonus=0.0
[2026-05-22 11:14:16] SCORE RL (blue): Final=398.7, Time=92.7, Moves(10)=0.0, Pins(1)=100.0, Dist=206.0, Win Bonus=0.0
[2026-05-22 11:14:16] SCORE StockWish (lawn green): Final=444.5, Time=96.5, Moves(10)=0.0, Pins(1)=100.0, Dist=248.0, Win Bonus=0.0
[2026-05-22 11:14:16] SCORE S&S (gray0): Final=368.9, Time=94.9, Moves(10)=0.0, Pins(0)=0.0, Dist=274.0, Win Bonus=0.0
[2026-05-22 11:14:16] ALL WRONG MOVES BY COLOUR: {}
[2026-05-22 11:14:16] MOVE 42: StockWish (lawn green) 21->33 [0.00ms]
[2026-05-22 11:14:16] SCORE Erlend Og Linor (red): Final=308.9, Time=98.9, Moves(11)=0.0, Pins(0)=0.0, Dist=210.0, Win Bonus=0.0
[2026-05-22 11:14:16] SCORE RL (blue): Final=398.7, Time=92.7, Moves(10)=0.0, Pins(1)=100.0, Dist=206.0, Win Bonus=0.0
[2026-05-22 11:14:16] SCORE StockWish (lawn green): Final=446.4, Time=96.4, Moves(11)=0.0, Pins(1)=100.0, Dist=250.0, Win Bonus=0.0
[2026-05-22 11:14:16] SCORE S&S (gray0): Final=368.9, Time=94.9, Moves(10)=0.0, Pins(0)=0.0, Dist=274.0, Win Bonus=0.0
[2026-05-22 11:14:16] ALL WRONG MOVES BY COLOUR: {}
[2026-05-22 11:14:17] MOVE 43: RL (blue) 120->119 [0.00ms]
[2026-05-22 11:14:17] SCORE Erlend Og Linor (red): Final=308.9, Time=98.9, Moves(11)=0.0, Pins(0)=0.0, Dist=210.0, Win Bonus=0.0
[2026-05-22 11:14:17] SCORE RL (blue): Final=398.0, Time=92.0, Moves(11)=0.0, Pins(1)=100.0, Dist=206.0, Win Bonus=0.0
[2026-05-22 11:14:17] SCORE StockWish (lawn green): Final=446.4, Time=96.4, Moves(11)=0.0, Pins(1)=100.0, Dist=250.0, Win Bonus=0.0
[2026-05-22 11:14:17] SCORE S&S (gray0): Final=368.9, Time=94.9, Moves(10)=0.0, Pins(0)=0.0, Dist=274.0, Win Bonus=0.0
[2026-05-22 11:14:17] ALL WRONG MOVES BY COLOUR: {}
[2026-05-22 11:14:17] MOVE 44: S&S (gray0) 80->82 [0.00ms]
[2026-05-22 11:14:17] SCORE Erlend Og Linor (red): Final=308.9, Time=98.9, Moves(11)=0.0, Pins(0)=0.0, Dist=210.0, Win Bonus=0.0
[2026-05-22 11:14:17] SCORE RL (blue): Final=398.0, Time=92.0, Moves(11)=0.0, Pins(1)=100.0, Dist=206.0, Win Bonus=0.0
[2026-05-22 11:14:17] SCORE StockWish (lawn green): Final=446.4, Time=96.4, Moves(11)=0.0, Pins(1)=100.0, Dist=250.0, Win Bonus=0.0
[2026-05-22 11:14:17] SCORE S&S (gray0): Final=372.5, Time=94.5, Moves(11)=0.0, Pins(0)=0.0, Dist=278.0, Win Bonus=0.0
[2026-05-22 11:14:17] ALL WRONG MOVES BY COLOUR: {}
[2026-05-22 11:14:17] MOVE 45: Erlend Og Linor (red) 116->112 [0.00ms]
[2026-05-22 11:14:17] SCORE Erlend Og Linor (red): Final=310.8, Time=98.8, Moves(12)=0.0, Pins(0)=0.0, Dist=212.0, Win Bonus=0.0
[2026-05-22 11:14:17] SCORE RL (blue): Final=398.0, Time=92.0, Moves(11)=0.0, Pins(1)=100.0, Dist=206.0, Win Bonus=0.0
[2026-05-22 11:14:17] SCORE StockWish (lawn green): Final=446.4, Time=96.4, Moves(11)=0.0, Pins(1)=100.0, Dist=250.0, Win Bonus=0.0
[2026-05-22 11:14:17] SCORE S&S (gray0): Final=372.5, Time=94.5, Moves(11)=0.0, Pins(0)=0.0, Dist=278.0, Win Bonus=0.0
[2026-05-22 11:14:17] ALL WRONG MOVES BY COLOUR: {}
[2026-05-22 11:14:17] MOVE 46: StockWish (lawn green) 34->32 [0.00ms]
[2026-05-22 11:14:17] SCORE Erlend Og Linor (red): Final=310.8, Time=98.8, Moves(12)=0.0, Pins(0)=0.0, Dist=212.0, Win Bonus=0.0
[2026-05-22 11:14:17] SCORE RL (blue): Final=398.0, Time=92.0, Moves(11)=0.0, Pins(1)=100.0, Dist=206.0, Win Bonus=0.0
[2026-05-22 11:14:17] SCORE StockWish (lawn green): Final=450.4, Time=96.4, Moves(12)=0.0, Pins(1)=100.0, Dist=254.0, Win Bonus=0.0
[2026-05-22 11:14:17] SCORE S&S (gray0): Final=372.5, Time=94.5, Moves(11)=0.0, Pins(0)=0.0, Dist=278.0, Win Bonus=0.0
[2026-05-22 11:14:17] ALL WRONG MOVES BY COLOUR: {}
[2026-05-22 11:14:18] MOVE 47: RL (blue) 119->120 [0.01ms]
[2026-05-22 11:14:18] SCORE Erlend Og Linor (red): Final=310.8, Time=98.8, Moves(12)=0.0, Pins(0)=0.0, Dist=212.0, Win Bonus=0.0
[2026-05-22 11:14:18] SCORE RL (blue): Final=397.4, Time=91.4, Moves(12)=0.0, Pins(1)=100.0, Dist=206.0, Win Bonus=0.0
[2026-05-22 11:14:18] SCORE StockWish (lawn green): Final=450.4, Time=96.4, Moves(12)=0.0, Pins(1)=100.0, Dist=254.0, Win Bonus=0.0
[2026-05-22 11:14:18] SCORE S&S (gray0): Final=372.5, Time=94.5, Moves(11)=0.0, Pins(0)=0.0, Dist=278.0, Win Bonus=0.0
[2026-05-22 11:14:18] ALL WRONG MOVES BY COLOUR: {}
[2026-05-22 11:14:19] MOVE 48: S&S (gray0) 81->45 [0.00ms]
[2026-05-22 11:14:19] SCORE Erlend Og Linor (red): Final=310.8, Time=98.8, Moves(12)=0.0, Pins(0)=0.0, Dist=212.0, Win Bonus=0.0
[2026-05-22 11:14:19] SCORE RL (blue): Final=397.4, Time=91.4, Moves(12)=0.0, Pins(1)=100.0, Dist=206.0, Win Bonus=0.0
[2026-05-22 11:14:19] SCORE StockWish (lawn green): Final=450.4, Time=96.4, Moves(12)=0.0, Pins(1)=100.0, Dist=254.0, Win Bonus=0.0
[2026-05-22 11:14:19] SCORE S&S (gray0): Final=481.9, Time=93.9, Moves(12)=0.0, Pins(1)=100.0, Dist=288.0, Win Bonus=0.0
[2026-05-22 11:14:19] ALL WRONG MOVES BY COLOUR: {}
[2026-05-22 11:14:19] MOVE 49: Erlend Og Linor (red) 104->62 [0.00ms]
[2026-05-22 11:14:19] SCORE Erlend Og Linor (red): Final=318.8, Time=98.8, Moves(13)=0.0, Pins(0)=0.0, Dist=220.0, Win Bonus=0.0
[2026-05-22 11:14:19] SCORE RL (blue): Final=397.4, Time=91.4, Moves(12)=0.0, Pins(1)=100.0, Dist=206.0, Win Bonus=0.0
[2026-05-22 11:14:19] SCORE StockWish (lawn green): Final=450.4, Time=96.4, Moves(12)=0.0, Pins(1)=100.0, Dist=254.0, Win Bonus=0.0
[2026-05-22 11:14:19] SCORE S&S (gray0): Final=481.9, Time=93.9, Moves(12)=0.0, Pins(1)=100.0, Dist=288.0, Win Bonus=0.0
[2026-05-22 11:14:19] ALL WRONG MOVES BY COLOUR: {}
[2026-05-22 11:14:19] MOVE 50: StockWish (lawn green) 20->43 [0.00ms]
[2026-05-22 11:14:19] SCORE Erlend Og Linor (red): Final=318.8, Time=98.8, Moves(13)=0.0, Pins(0)=0.0, Dist=220.0, Win Bonus=0.0
[2026-05-22 11:14:19] SCORE RL (blue): Final=397.4, Time=91.4, Moves(12)=0.0, Pins(1)=100.0, Dist=206.0, Win Bonus=0.0
[2026-05-22 11:14:19] SCORE StockWish (lawn green): Final=454.2, Time=96.2, Moves(13)=0.0, Pins(1)=100.0, Dist=258.0, Win Bonus=0.0
[2026-05-22 11:14:19] SCORE S&S (gray0): Final=481.9, Time=93.9, Moves(12)=0.0, Pins(1)=100.0, Dist=288.0, Win Bonus=0.0
[2026-05-22 11:14:19] ALL WRONG MOVES BY COLOUR: {}
[2026-05-22 11:14:19] MOVE 51: RL (blue) 120->119 [0.00ms]
[2026-05-22 11:14:19] SCORE Erlend Og Linor (red): Final=318.8, Time=98.8, Moves(13)=0.0, Pins(0)=0.0, Dist=220.0, Win Bonus=0.0
[2026-05-22 11:14:19] SCORE RL (blue): Final=396.8, Time=90.8, Moves(13)=0.0, Pins(1)=100.0, Dist=206.0, Win Bonus=0.0
[2026-05-22 11:14:19] SCORE StockWish (lawn green): Final=454.2, Time=96.2, Moves(13)=0.0, Pins(1)=100.0, Dist=258.0, Win Bonus=0.0
[2026-05-22 11:14:19] SCORE S&S (gray0): Final=481.9, Time=93.9, Moves(12)=0.0, Pins(1)=100.0, Dist=288.0, Win Bonus=0.0
[2026-05-22 11:14:19] ALL WRONG MOVES BY COLOUR: {}
[2026-05-22 11:14:20] MOVE 52: S&S (gray0) 94->53 [0.00ms]
[2026-05-22 11:14:20] SCORE Erlend Og Linor (red): Final=318.8, Time=98.8, Moves(13)=0.0, Pins(0)=0.0, Dist=220.0, Win Bonus=0.0
[2026-05-22 11:14:20] SCORE RL (blue): Final=396.8, Time=90.8, Moves(13)=0.0, Pins(1)=100.0, Dist=206.0, Win Bonus=0.0
[2026-05-22 11:14:20] SCORE StockWish (lawn green): Final=454.2, Time=96.2, Moves(13)=0.0, Pins(1)=100.0, Dist=258.0, Win Bonus=0.0
[2026-05-22 11:14:20] SCORE S&S (gray0): Final=485.3, Time=93.3, Moves(13)=0.0, Pins(1)=100.0, Dist=292.0, Win Bonus=0.0
[2026-05-22 11:14:20] ALL WRONG MOVES BY COLOUR: {}
[2026-05-22 11:14:20] MOVE 53: Erlend Og Linor (red) 117->81 [0.00ms]
[2026-05-22 11:14:20] SCORE Erlend Og Linor (red): Final=326.7, Time=98.7, Moves(14)=0.0, Pins(0)=0.0, Dist=228.0, Win Bonus=0.0
[2026-05-22 11:14:20] SCORE RL (blue): Final=396.8, Time=90.8, Moves(13)=0.0, Pins(1)=100.0, Dist=206.0, Win Bonus=0.0
[2026-05-22 11:14:20] SCORE StockWish (lawn green): Final=454.2, Time=96.2, Moves(13)=0.0, Pins(1)=100.0, Dist=258.0, Win Bonus=0.0
[2026-05-22 11:14:20] SCORE S&S (gray0): Final=485.3, Time=93.3, Moves(13)=0.0, Pins(1)=100.0, Dist=292.0, Win Bonus=0.0
[2026-05-22 11:14:20] ALL WRONG MOVES BY COLOUR: {}
[2026-05-22 11:14:20] MOVE 54: StockWish (lawn green) 19->42 [0.00ms]
[2026-05-22 11:14:20] SCORE Erlend Og Linor (red): Final=326.7, Time=98.7, Moves(14)=0.0, Pins(0)=0.0, Dist=228.0, Win Bonus=0.0
[2026-05-22 11:14:20] SCORE RL (blue): Final=396.8, Time=90.8, Moves(13)=0.0, Pins(1)=100.0, Dist=206.0, Win Bonus=0.0
[2026-05-22 11:14:20] SCORE StockWish (lawn green): Final=457.9, Time=95.9, Moves(14)=0.0, Pins(1)=100.0, Dist=262.0, Win Bonus=0.0
[2026-05-22 11:14:20] SCORE S&S (gray0): Final=485.3, Time=93.3, Moves(13)=0.0, Pins(1)=100.0, Dist=292.0, Win Bonus=0.0
[2026-05-22 11:14:20] ALL WRONG MOVES BY COLOUR: {}
[2026-05-22 11:14:21] MOVE 55: RL (blue) 119->117 [0.01ms]
[2026-05-22 11:14:21] SCORE Erlend Og Linor (red): Final=326.7, Time=98.7, Moves(14)=0.0, Pins(0)=0.0, Dist=228.0, Win Bonus=0.0
[2026-05-22 11:14:21] SCORE RL (blue): Final=396.3, Time=90.3, Moves(14)=0.0, Pins(1)=100.0, Dist=206.0, Win Bonus=0.0
[2026-05-22 11:14:21] SCORE StockWish (lawn green): Final=457.9, Time=95.9, Moves(14)=0.0, Pins(1)=100.0, Dist=262.0, Win Bonus=0.0
[2026-05-22 11:14:21] SCORE S&S (gray0): Final=485.3, Time=93.3, Moves(13)=0.0, Pins(1)=100.0, Dist=292.0, Win Bonus=0.0
[2026-05-22 11:14:21] ALL WRONG MOVES BY COLOUR: {}
[2026-05-22 11:14:21] MOVE 56: S&S (gray0) 45->20 [0.00ms]
[2026-05-22 11:14:21] SCORE Erlend Og Linor (red): Final=326.7, Time=98.7, Moves(14)=0.0, Pins(0)=0.0, Dist=228.0, Win Bonus=0.0
[2026-05-22 11:14:21] SCORE RL (blue): Final=396.3, Time=90.3, Moves(14)=0.0, Pins(1)=100.0, Dist=206.0, Win Bonus=0.0
[2026-05-22 11:14:21] SCORE StockWish (lawn green): Final=457.9, Time=95.9, Moves(14)=0.0, Pins(1)=100.0, Dist=262.0, Win Bonus=0.0
[2026-05-22 11:14:21] SCORE S&S (gray0): Final=484.8, Time=92.8, Moves(14)=0.0, Pins(1)=100.0, Dist=292.0, Win Bonus=0.0
[2026-05-22 11:14:21] ALL WRONG MOVES BY COLOUR: {}
[2026-05-22 11:14:22] MOVE 57: Erlend Og Linor (red) 115->79 [0.00ms]
[2026-05-22 11:14:22] SCORE Erlend Og Linor (red): Final=334.6, Time=98.6, Moves(15)=0.0, Pins(0)=0.0, Dist=236.0, Win Bonus=0.0
[2026-05-22 11:14:22] SCORE RL (blue): Final=396.3, Time=90.3, Moves(14)=0.0, Pins(1)=100.0, Dist=206.0, Win Bonus=0.0
[2026-05-22 11:14:22] SCORE StockWish (lawn green): Final=457.9, Time=95.9, Moves(14)=0.0, Pins(1)=100.0, Dist=262.0, Win Bonus=0.0
[2026-05-22 11:14:22] SCORE S&S (gray0): Final=484.8, Time=92.8, Moves(14)=0.0, Pins(1)=100.0, Dist=292.0, Win Bonus=0.0
[2026-05-22 11:14:22] ALL WRONG MOVES BY COLOUR: {}
[2026-05-22 11:14:22] MOVE 58: StockWish (lawn green) 33->52 [0.00ms]
[2026-05-22 11:14:22] SCORE Erlend Og Linor (red): Final=334.6, Time=98.6, Moves(15)=0.0, Pins(0)=0.0, Dist=236.0, Win Bonus=0.0
[2026-05-22 11:14:22] SCORE RL (blue): Final=396.3, Time=90.3, Moves(14)=0.0, Pins(1)=100.0, Dist=206.0, Win Bonus=0.0
[2026-05-22 11:14:22] SCORE StockWish (lawn green): Final=465.8, Time=95.8, Moves(15)=0.0, Pins(1)=100.0, Dist=270.0, Win Bonus=0.0
[2026-05-22 11:14:22] SCORE S&S (gray0): Final=484.8, Time=92.8, Moves(14)=0.0, Pins(1)=100.0, Dist=292.0, Win Bonus=0.0
[2026-05-22 11:14:22] ALL WRONG MOVES BY COLOUR: {}
[2026-05-22 11:14:22] MOVE 59: RL (blue) 117->106 [0.00ms]
[2026-05-22 11:14:22] SCORE Erlend Og Linor (red): Final=334.6, Time=98.6, Moves(15)=0.0, Pins(0)=0.0, Dist=236.0, Win Bonus=0.0
[2026-05-22 11:14:22] SCORE RL (blue): Final=293.7, Time=89.7, Moves(15)=0.0, Pins(0)=0.0, Dist=204.0, Win Bonus=0.0
[2026-05-22 11:14:22] SCORE StockWish (lawn green): Final=465.8, Time=95.8, Moves(15)=0.0, Pins(1)=100.0, Dist=270.0, Win Bonus=0.0
[2026-05-22 11:14:22] SCORE S&S (gray0): Final=484.8, Time=92.8, Moves(14)=0.0, Pins(1)=100.0, Dist=292.0, Win Bonus=0.0
[2026-05-22 11:14:22] ALL WRONG MOVES BY COLOUR: {}
[2026-05-22 11:14:23] MOVE 60: S&S (gray0) 105->61 [0.00ms]
[2026-05-22 11:14:23] SCORE Erlend Og Linor (red): Final=334.6, Time=98.6, Moves(15)=0.0, Pins(0)=0.0, Dist=236.0, Win Bonus=0.0
[2026-05-22 11:14:23] SCORE RL (blue): Final=293.7, Time=89.7, Moves(15)=0.0, Pins(0)=0.0, Dist=204.0, Win Bonus=0.0
[2026-05-22 11:14:23] SCORE StockWish (lawn green): Final=465.8, Time=95.8, Moves(15)=0.0, Pins(1)=100.0, Dist=270.0, Win Bonus=0.0
[2026-05-22 11:14:23] SCORE S&S (gray0): Final=488.1, Time=92.1, Moves(15)=0.0, Pins(1)=100.0, Dist=296.0, Win Bonus=0.0
[2026-05-22 11:14:23] ALL WRONG MOVES BY COLOUR: {}
[2026-05-22 11:14:23] MOVE 61: Erlend Og Linor (red) 62->41 [0.00ms]
[2026-05-22 11:14:23] SCORE Erlend Og Linor (red): Final=338.5, Time=98.5, Moves(16)=0.0, Pins(0)=0.0, Dist=240.0, Win Bonus=0.0
[2026-05-22 11:14:23] SCORE RL (blue): Final=293.7, Time=89.7, Moves(15)=0.0, Pins(0)=0.0, Dist=204.0, Win Bonus=0.0
[2026-05-22 11:14:23] SCORE StockWish (lawn green): Final=465.8, Time=95.8, Moves(15)=0.0, Pins(1)=100.0, Dist=270.0, Win Bonus=0.0
[2026-05-22 11:14:23] SCORE S&S (gray0): Final=488.1, Time=92.1, Moves(15)=0.0, Pins(1)=100.0, Dist=296.0, Win Bonus=0.0
[2026-05-22 11:14:23] ALL WRONG MOVES BY COLOUR: {}
[2026-05-22 11:14:23] MOVE 62: StockWish (lawn green) 22->34 [0.00ms]
[2026-05-22 11:14:23] SCORE Erlend Og Linor (red): Final=338.5, Time=98.5, Moves(16)=0.0, Pins(0)=0.0, Dist=240.0, Win Bonus=0.0
[2026-05-22 11:14:23] SCORE RL (blue): Final=293.7, Time=89.7, Moves(15)=0.0, Pins(0)=0.0, Dist=204.0, Win Bonus=0.0
[2026-05-22 11:14:23] SCORE StockWish (lawn green): Final=467.6, Time=95.6, Moves(16)=0.0, Pins(1)=100.0, Dist=272.0, Win Bonus=0.0
[2026-05-22 11:14:23] SCORE S&S (gray0): Final=488.1, Time=92.1, Moves(15)=0.0, Pins(1)=100.0, Dist=296.0, Win Bonus=0.0
[2026-05-22 11:14:23] ALL WRONG MOVES BY COLOUR: {}
[2026-05-22 11:14:24] MOVE 63: RL (blue) 106->107 [0.00ms]
[2026-05-22 11:14:24] SCORE Erlend Og Linor (red): Final=338.5, Time=98.5, Moves(16)=0.0, Pins(0)=0.0, Dist=240.0, Win Bonus=0.0
[2026-05-22 11:14:24] SCORE RL (blue): Final=291.1, Time=89.1, Moves(16)=0.0, Pins(0)=0.0, Dist=202.0, Win Bonus=0.0
[2026-05-22 11:14:24] SCORE StockWish (lawn green): Final=467.6, Time=95.6, Moves(16)=0.0, Pins(1)=100.0, Dist=272.0, Win Bonus=0.0
[2026-05-22 11:14:24] SCORE S&S (gray0): Final=488.1, Time=92.1, Moves(15)=0.0, Pins(1)=100.0, Dist=296.0, Win Bonus=0.0
[2026-05-22 11:14:24] ALL WRONG MOVES BY COLOUR: {}
[2026-05-22 11:14:24] MOVE 64: S&S (gray0) 65->56 [0.00ms]
[2026-05-22 11:14:24] SCORE Erlend Og Linor (red): Final=338.5, Time=98.5, Moves(16)=0.0, Pins(0)=0.0, Dist=240.0, Win Bonus=0.0
[2026-05-22 11:14:24] SCORE RL (blue): Final=291.1, Time=89.1, Moves(16)=0.0, Pins(0)=0.0, Dist=202.0, Win Bonus=0.0
[2026-05-22 11:14:24] SCORE StockWish (lawn green): Final=467.6, Time=95.6, Moves(16)=0.0, Pins(1)=100.0, Dist=272.0, Win Bonus=0.0
[2026-05-22 11:14:24] SCORE S&S (gray0): Final=489.5, Time=91.5, Moves(16)=0.0, Pins(1)=100.0, Dist=298.0, Win Bonus=0.0
[2026-05-22 11:14:24] ALL WRONG MOVES BY COLOUR: {}
[2026-05-22 11:14:24] MOVE 65: Erlend Og Linor (red) 111->103 [0.00ms]
[2026-05-22 11:14:24] SCORE Erlend Og Linor (red): Final=340.4, Time=98.4, Moves(17)=0.0, Pins(0)=0.0, Dist=242.0, Win Bonus=0.0
[2026-05-22 11:14:24] SCORE RL (blue): Final=291.1, Time=89.1, Moves(16)=0.0, Pins(0)=0.0, Dist=202.0, Win Bonus=0.0
[2026-05-22 11:14:24] SCORE StockWish (lawn green): Final=467.6, Time=95.6, Moves(16)=0.0, Pins(1)=100.0, Dist=272.0, Win Bonus=0.0
[2026-05-22 11:14:24] SCORE S&S (gray0): Final=489.5, Time=91.5, Moves(16)=0.0, Pins(1)=100.0, Dist=298.0, Win Bonus=0.0
[2026-05-22 11:14:24] ALL WRONG MOVES BY COLOUR: {}
[2026-05-22 11:14:26] MOVE 66: StockWish (lawn green) 67->65 [0.00ms]
[2026-05-22 11:14:26] SCORE Erlend Og Linor (red): Final=340.4, Time=98.4, Moves(17)=0.0, Pins(0)=0.0, Dist=242.0, Win Bonus=0.0
[2026-05-22 11:14:26] SCORE RL (blue): Final=291.1, Time=89.1, Moves(16)=0.0, Pins(0)=0.0, Dist=202.0, Win Bonus=0.0
[2026-05-22 11:14:26] SCORE StockWish (lawn green): Final=570.5, Time=94.5, Moves(17)=0.0, Pins(2)=200.0, Dist=276.0, Win Bonus=0.0
[2026-05-22 11:14:26] SCORE S&S (gray0): Final=489.5, Time=91.5, Moves(16)=0.0, Pins(1)=100.0, Dist=298.0, Win Bonus=0.0
[2026-05-22 11:14:26] ALL WRONG MOVES BY COLOUR: {}
[2026-05-22 11:14:26] MOVE 67: RL (blue) 107->95 [0.00ms]
[2026-05-22 11:14:26] SCORE Erlend Og Linor (red): Final=340.4, Time=98.4, Moves(17)=0.0, Pins(0)=0.0, Dist=242.0, Win Bonus=0.0
[2026-05-22 11:14:26] SCORE RL (blue): Final=288.4, Time=88.4, Moves(17)=0.0, Pins(0)=0.0, Dist=200.0, Win Bonus=0.0
[2026-05-22 11:14:26] SCORE StockWish (lawn green): Final=570.5, Time=94.5, Moves(17)=0.0, Pins(2)=200.0, Dist=276.0, Win Bonus=0.0
[2026-05-22 11:14:26] SCORE S&S (gray0): Final=489.5, Time=91.5, Moves(16)=0.0, Pins(1)=100.0, Dist=298.0, Win Bonus=0.0
[2026-05-22 11:14:26] ALL WRONG MOVES BY COLOUR: {}
[2026-05-22 11:14:27] MOVE 68: S&S (gray0) 102->117 [0.01ms]
[2026-05-22 11:14:27] SCORE Erlend Og Linor (red): Final=340.4, Time=98.4, Moves(17)=0.0, Pins(0)=0.0, Dist=242.0, Win Bonus=0.0
[2026-05-22 11:14:27] SCORE RL (blue): Final=288.4, Time=88.4, Moves(17)=0.0, Pins(0)=0.0, Dist=200.0, Win Bonus=0.0
[2026-05-22 11:14:27] SCORE StockWish (lawn green): Final=570.5, Time=94.5, Moves(17)=0.0, Pins(2)=200.0, Dist=276.0, Win Bonus=0.0
[2026-05-22 11:14:27] SCORE S&S (gray0): Final=492.9, Time=90.9, Moves(17)=0.0, Pins(1)=100.0, Dist=302.0, Win Bonus=0.0
[2026-05-22 11:14:27] ALL WRONG MOVES BY COLOUR: {}
[2026-05-22 11:14:27] MOVE 69: Erlend Og Linor (red) 103->80 [0.01ms]
[2026-05-22 11:14:27] SCORE Erlend Og Linor (red): Final=344.1, Time=98.1, Moves(18)=0.0, Pins(0)=0.0, Dist=246.0, Win Bonus=0.0
[2026-05-22 11:14:27] SCORE RL (blue): Final=288.4, Time=88.4, Moves(17)=0.0, Pins(0)=0.0, Dist=200.0, Win Bonus=0.0
[2026-05-22 11:14:27] SCORE StockWish (lawn green): Final=570.5, Time=94.5, Moves(17)=0.0, Pins(2)=200.0, Dist=276.0, Win Bonus=0.0
[2026-05-22 11:14:27] SCORE S&S (gray0): Final=492.9, Time=90.9, Moves(17)=0.0, Pins(1)=100.0, Dist=302.0, Win Bonus=0.0
[2026-05-22 11:14:27] ALL WRONG MOVES BY COLOUR: {}
[2026-05-22 11:14:27] MOVE 70: StockWish (lawn green) 60->59 [0.00ms]
[2026-05-22 11:14:27] SCORE Erlend Og Linor (red): Final=344.1, Time=98.1, Moves(18)=0.0, Pins(0)=0.0, Dist=246.0, Win Bonus=0.0
[2026-05-22 11:14:27] SCORE RL (blue): Final=288.4, Time=88.4, Moves(17)=0.0, Pins(0)=0.0, Dist=200.0, Win Bonus=0.0
[2026-05-22 11:14:27] SCORE StockWish (lawn green): Final=572.4, Time=94.4, Moves(18)=0.0, Pins(2)=200.0, Dist=278.0, Win Bonus=0.0
[2026-05-22 11:14:27] SCORE S&S (gray0): Final=492.9, Time=90.9, Moves(17)=0.0, Pins(1)=100.0, Dist=302.0, Win Bonus=0.0
[2026-05-22 11:14:27] ALL WRONG MOVES BY COLOUR: {}
[2026-05-22 11:14:28] MOVE 71: RL (blue) 95->83 [0.00ms]
[2026-05-22 11:14:28] SCORE Erlend Og Linor (red): Final=344.1, Time=98.1, Moves(18)=0.0, Pins(0)=0.0, Dist=246.0, Win Bonus=0.0
[2026-05-22 11:14:28] SCORE RL (blue): Final=287.7, Time=87.7, Moves(18)=0.0, Pins(0)=0.0, Dist=200.0, Win Bonus=0.0
[2026-05-22 11:14:28] SCORE StockWish (lawn green): Final=572.4, Time=94.4, Moves(18)=0.0, Pins(2)=200.0, Dist=278.0, Win Bonus=0.0
[2026-05-22 11:14:28] SCORE S&S (gray0): Final=492.9, Time=90.9, Moves(17)=0.0, Pins(1)=100.0, Dist=302.0, Win Bonus=0.0
[2026-05-22 11:14:28] ALL WRONG MOVES BY COLOUR: {}
[2026-05-22 11:14:29] MOVE 72: S&S (gray0) 58->22 [0.01ms]
[2026-05-22 11:14:29] SCORE Erlend Og Linor (red): Final=344.1, Time=98.1, Moves(18)=0.0, Pins(0)=0.0, Dist=246.0, Win Bonus=0.0
[2026-05-22 11:14:29] SCORE RL (blue): Final=287.7, Time=87.7, Moves(18)=0.0, Pins(0)=0.0, Dist=200.0, Win Bonus=0.0
[2026-05-22 11:14:29] SCORE StockWish (lawn green): Final=572.4, Time=94.4, Moves(18)=0.0, Pins(2)=200.0, Dist=278.0, Win Bonus=0.0
[2026-05-22 11:14:29] SCORE S&S (gray0): Final=606.4, Time=90.4, Moves(18)=0.0, Pins(2)=200.0, Dist=316.0, Win Bonus=0.0
[2026-05-22 11:14:29] ALL WRONG MOVES BY COLOUR: {}
[2026-05-22 11:14:29] MOVE 73: Erlend Og Linor (red) 91->70 [0.00ms]
[2026-05-22 11:14:29] SCORE Erlend Og Linor (red): Final=347.9, Time=97.9, Moves(19)=0.0, Pins(0)=0.0, Dist=250.0, Win Bonus=0.0
[2026-05-22 11:14:29] SCORE RL (blue): Final=287.7, Time=87.7, Moves(18)=0.0, Pins(0)=0.0, Dist=200.0, Win Bonus=0.0
[2026-05-22 11:14:29] SCORE StockWish (lawn green): Final=572.4, Time=94.4, Moves(18)=0.0, Pins(2)=200.0, Dist=278.0, Win Bonus=0.0
[2026-05-22 11:14:29] SCORE S&S (gray0): Final=606.4, Time=90.4, Moves(18)=0.0, Pins(2)=200.0, Dist=316.0, Win Bonus=0.0
[2026-05-22 11:14:29] ALL WRONG MOVES BY COLOUR: {}
[2026-05-22 11:14:29] MOVE 74: StockWish (lawn green) 43->58 [0.01ms]
[2026-05-22 11:14:29] SCORE Erlend Og Linor (red): Final=347.9, Time=97.9, Moves(19)=0.0, Pins(0)=0.0, Dist=250.0, Win Bonus=0.0
[2026-05-22 11:14:29] SCORE RL (blue): Final=287.7, Time=87.7, Moves(18)=0.0, Pins(0)=0.0, Dist=200.0, Win Bonus=0.0
[2026-05-22 11:14:29] SCORE StockWish (lawn green): Final=584.2, Time=94.2, Moves(19)=0.0, Pins(2)=200.0, Dist=290.0, Win Bonus=0.0
[2026-05-22 11:14:29] SCORE S&S (gray0): Final=606.4, Time=90.4, Moves(18)=0.0, Pins(2)=200.0, Dist=316.0, Win Bonus=0.0
[2026-05-22 11:14:29] ALL WRONG MOVES BY COLOUR: {}
[2026-05-22 11:14:30] MOVE 75: RL (blue) 83->60 [0.00ms]
[2026-05-22 11:14:30] SCORE Erlend Og Linor (red): Final=347.9, Time=97.9, Moves(19)=0.0, Pins(0)=0.0, Dist=250.0, Win Bonus=0.0
[2026-05-22 11:14:30] SCORE RL (blue): Final=283.0, Time=87.0, Moves(19)=0.0, Pins(0)=0.0, Dist=196.0, Win Bonus=0.0
[2026-05-22 11:14:30] SCORE StockWish (lawn green): Final=584.2, Time=94.2, Moves(19)=0.0, Pins(2)=200.0, Dist=290.0, Win Bonus=0.0
[2026-05-22 11:14:30] SCORE S&S (gray0): Final=606.4, Time=90.4, Moves(18)=0.0, Pins(2)=200.0, Dist=316.0, Win Bonus=0.0
[2026-05-22 11:14:30] ALL WRONG MOVES BY COLOUR: {}
[2026-05-22 11:14:30] MOVE 76: S&S (gray0) 20->21 [0.00ms]
[2026-05-22 11:14:30] SCORE Erlend Og Linor (red): Final=347.9, Time=97.9, Moves(19)=0.0, Pins(0)=0.0, Dist=250.0, Win Bonus=0.0
[2026-05-22 11:14:30] SCORE RL (blue): Final=283.0, Time=87.0, Moves(19)=0.0, Pins(0)=0.0, Dist=196.0, Win Bonus=0.0
[2026-05-22 11:14:30] SCORE StockWish (lawn green): Final=584.2, Time=94.2, Moves(19)=0.0, Pins(2)=200.0, Dist=290.0, Win Bonus=0.0
[2026-05-22 11:14:30] SCORE S&S (gray0): Final=605.7, Time=89.7, Moves(19)=0.0, Pins(2)=200.0, Dist=316.0, Win Bonus=0.0
[2026-05-22 11:14:30] ALL WRONG MOVES BY COLOUR: {}
[2026-05-22 11:14:31] MOVE 77: Erlend Og Linor (red) 92->30 [0.01ms]
[2026-05-22 11:14:31] SCORE Erlend Og Linor (red): Final=359.8, Time=97.8, Moves(20)=0.0, Pins(0)=0.0, Dist=262.0, Win Bonus=0.0
[2026-05-22 11:14:31] SCORE RL (blue): Final=283.0, Time=87.0, Moves(19)=0.0, Pins(0)=0.0, Dist=196.0, Win Bonus=0.0
[2026-05-22 11:14:31] SCORE StockWish (lawn green): Final=584.2, Time=94.2, Moves(19)=0.0, Pins(2)=200.0, Dist=290.0, Win Bonus=0.0
[2026-05-22 11:14:31] SCORE S&S (gray0): Final=605.7, Time=89.7, Moves(19)=0.0, Pins(2)=200.0, Dist=316.0, Win Bonus=0.0
[2026-05-22 11:14:31] ALL WRONG MOVES BY COLOUR: {}
[2026-05-22 11:14:31] MOVE 78: StockWish (lawn green) 32->43 [0.01ms]
[2026-05-22 11:14:31] SCORE Erlend Og Linor (red): Final=359.8, Time=97.8, Moves(20)=0.0, Pins(0)=0.0, Dist=262.0, Win Bonus=0.0
[2026-05-22 11:14:31] SCORE RL (blue): Final=283.0, Time=87.0, Moves(19)=0.0, Pins(0)=0.0, Dist=196.0, Win Bonus=0.0
[2026-05-22 11:14:31] SCORE StockWish (lawn green): Final=586.0, Time=94.0, Moves(20)=0.0, Pins(2)=200.0, Dist=292.0, Win Bonus=0.0
[2026-05-22 11:14:31] SCORE S&S (gray0): Final=605.7, Time=89.7, Moves(19)=0.0, Pins(2)=200.0, Dist=316.0, Win Bonus=0.0
[2026-05-22 11:14:31] ALL WRONG MOVES BY COLOUR: {}
[2026-05-22 11:14:31] MOVE 79: RL (blue) 60->64 [0.00ms]
[2026-05-22 11:14:31] SCORE Erlend Og Linor (red): Final=359.8, Time=97.8, Moves(20)=0.0, Pins(0)=0.0, Dist=262.0, Win Bonus=0.0
[2026-05-22 11:14:31] SCORE RL (blue): Final=282.3, Time=86.3, Moves(20)=0.0, Pins(0)=0.0, Dist=196.0, Win Bonus=0.0
[2026-05-22 11:14:31] SCORE StockWish (lawn green): Final=586.0, Time=94.0, Moves(20)=0.0, Pins(2)=200.0, Dist=292.0, Win Bonus=0.0
[2026-05-22 11:14:31] SCORE S&S (gray0): Final=605.7, Time=89.7, Moves(19)=0.0, Pins(2)=200.0, Dist=316.0, Win Bonus=0.0
[2026-05-22 11:14:31] ALL WRONG MOVES BY COLOUR: {}
[2026-05-22 11:14:32] MOVE 80: S&S (gray0) 53->32 [0.00ms]
[2026-05-22 11:14:32] SCORE Erlend Og Linor (red): Final=359.8, Time=97.8, Moves(20)=0.0, Pins(0)=0.0, Dist=262.0, Win Bonus=0.0
[2026-05-22 11:14:32] SCORE RL (blue): Final=282.3, Time=86.3, Moves(20)=0.0, Pins(0)=0.0, Dist=196.0, Win Bonus=0.0
[2026-05-22 11:14:32] SCORE StockWish (lawn green): Final=586.0, Time=94.0, Moves(20)=0.0, Pins(2)=200.0, Dist=292.0, Win Bonus=0.0
[2026-05-22 11:14:32] SCORE S&S (gray0): Final=709.2, Time=89.2, Moves(20)=0.0, Pins(3)=300.0, Dist=320.0, Win Bonus=0.0
[2026-05-22 11:14:32] ALL WRONG MOVES BY COLOUR: {}
[2026-05-22 11:14:32] MOVE 81: Erlend Og Linor (red) 63->53 [0.01ms]
[2026-05-22 11:14:32] SCORE Erlend Og Linor (red): Final=361.6, Time=97.6, Moves(21)=0.0, Pins(0)=0.0, Dist=264.0, Win Bonus=0.0
[2026-05-22 11:14:32] SCORE RL (blue): Final=282.3, Time=86.3, Moves(20)=0.0, Pins(0)=0.0, Dist=196.0, Win Bonus=0.0
[2026-05-22 11:14:32] SCORE StockWish (lawn green): Final=586.0, Time=94.0, Moves(20)=0.0, Pins(2)=200.0, Dist=292.0, Win Bonus=0.0
[2026-05-22 11:14:32] SCORE S&S (gray0): Final=709.2, Time=89.2, Moves(20)=0.0, Pins(3)=300.0, Dist=320.0, Win Bonus=0.0
[2026-05-22 11:14:32] ALL WRONG MOVES BY COLOUR: {}
[2026-05-22 11:14:32] MOVE 82: StockWish (lawn green) 34->33 [0.01ms]
[2026-05-22 11:14:32] SCORE Erlend Og Linor (red): Final=361.6, Time=97.6, Moves(21)=0.0, Pins(0)=0.0, Dist=264.0, Win Bonus=0.0
[2026-05-22 11:14:32] SCORE RL (blue): Final=282.3, Time=86.3, Moves(20)=0.0, Pins(0)=0.0, Dist=196.0, Win Bonus=0.0
[2026-05-22 11:14:32] SCORE StockWish (lawn green): Final=587.7, Time=93.7, Moves(21)=0.0, Pins(2)=200.0, Dist=294.0, Win Bonus=0.0
[2026-05-22 11:14:32] SCORE S&S (gray0): Final=709.2, Time=89.2, Moves(20)=0.0, Pins(3)=300.0, Dist=320.0, Win Bonus=0.0
[2026-05-22 11:14:32] ALL WRONG MOVES BY COLOUR: {}
[2026-05-22 11:14:33] MOVE 83: RL (blue) 7->95 [0.00ms]
[2026-05-22 11:14:33] SCORE Erlend Og Linor (red): Final=361.6, Time=97.6, Moves(21)=0.0, Pins(0)=0.0, Dist=264.0, Win Bonus=0.0
[2026-05-22 11:14:33] SCORE RL (blue): Final=295.7, Time=85.7, Moves(21)=0.0, Pins(0)=0.0, Dist=210.0, Win Bonus=0.0
[2026-05-22 11:14:33] SCORE StockWish (lawn green): Final=587.7, Time=93.7, Moves(21)=0.0, Pins(2)=200.0, Dist=294.0, Win Bonus=0.0
[2026-05-22 11:14:33] SCORE S&S (gray0): Final=709.2, Time=89.2, Moves(20)=0.0, Pins(3)=300.0, Dist=320.0, Win Bonus=0.0
[2026-05-22 11:14:33] ALL WRONG MOVES BY COLOUR: {}
[2026-05-22 11:14:33] MOVE 84: S&S (gray0) 84->63 [0.00ms]
[2026-05-22 11:14:33] SCORE Erlend Og Linor (red): Final=361.6, Time=97.6, Moves(21)=0.0, Pins(0)=0.0, Dist=264.0, Win Bonus=0.0
[2026-05-22 11:14:33] SCORE RL (blue): Final=295.7, Time=85.7, Moves(21)=0.0, Pins(0)=0.0, Dist=210.0, Win Bonus=0.0
[2026-05-22 11:14:33] SCORE StockWish (lawn green): Final=587.7, Time=93.7, Moves(21)=0.0, Pins(2)=200.0, Dist=294.0, Win Bonus=0.0
[2026-05-22 11:14:33] SCORE S&S (gray0): Final=710.7, Time=88.7, Moves(21)=0.0, Pins(3)=300.0, Dist=322.0, Win Bonus=0.0
[2026-05-22 11:14:33] ALL WRONG MOVES BY COLOUR: {}
[2026-05-22 11:14:33] MOVE 85: Erlend Og Linor (red) 53->51 [0.00ms]
[2026-05-22 11:14:33] SCORE Erlend Og Linor (red): Final=361.6, Time=97.6, Moves(22)=0.0, Pins(0)=0.0, Dist=264.0, Win Bonus=0.0
[2026-05-22 11:14:33] SCORE RL (blue): Final=295.7, Time=85.7, Moves(21)=0.0, Pins(0)=0.0, Dist=210.0, Win Bonus=0.0
[2026-05-22 11:14:33] SCORE StockWish (lawn green): Final=587.7, Time=93.7, Moves(21)=0.0, Pins(2)=200.0, Dist=294.0, Win Bonus=0.0
[2026-05-22 11:14:34] SCORE S&S (gray0): Final=710.7, Time=88.7, Moves(21)=0.0, Pins(3)=300.0, Dist=322.0, Win Bonus=0.0
[2026-05-22 11:14:34] ALL WRONG MOVES BY COLOUR: {}
[2026-05-22 11:14:34] MOVE 86: StockWish (lawn green) 52->68 [0.00ms]
[2026-05-22 11:14:34] SCORE Erlend Og Linor (red): Final=361.6, Time=97.6, Moves(22)=0.0, Pins(0)=0.0, Dist=264.0, Win Bonus=0.0
[2026-05-22 11:14:34] SCORE RL (blue): Final=295.7, Time=85.7, Moves(21)=0.0, Pins(0)=0.0, Dist=210.0, Win Bonus=0.0
[2026-05-22 11:14:34] SCORE StockWish (lawn green): Final=595.7, Time=93.7, Moves(22)=0.0, Pins(2)=200.0, Dist=302.0, Win Bonus=0.0
[2026-05-22 11:14:34] SCORE S&S (gray0): Final=710.7, Time=88.7, Moves(21)=0.0, Pins(3)=300.0, Dist=322.0, Win Bonus=0.0
[2026-05-22 11:14:34] ALL WRONG MOVES BY COLOUR: {}
[2026-05-22 11:14:34] MOVE 87: RL (blue) 64->83 [0.00ms]
[2026-05-22 11:14:34] SCORE Erlend Og Linor (red): Final=361.6, Time=97.6, Moves(22)=0.0, Pins(0)=0.0, Dist=264.0, Win Bonus=0.0
[2026-05-22 11:14:34] SCORE RL (blue): Final=299.0, Time=85.0, Moves(22)=0.0, Pins(0)=0.0, Dist=214.0, Win Bonus=0.0
[2026-05-22 11:14:34] SCORE StockWish (lawn green): Final=595.7, Time=93.7, Moves(22)=0.0, Pins(2)=200.0, Dist=302.0, Win Bonus=0.0
[2026-05-22 11:14:34] SCORE S&S (gray0): Final=710.7, Time=88.7, Moves(21)=0.0, Pins(3)=300.0, Dist=322.0, Win Bonus=0.0
[2026-05-22 11:14:34] ALL WRONG MOVES BY COLOUR: {}
[2026-05-22 11:14:35] MOVE 88: S&S (gray0) 32->20 [0.00ms]
[2026-05-22 11:14:35] SCORE Erlend Og Linor (red): Final=361.6, Time=97.6, Moves(22)=0.0, Pins(0)=0.0, Dist=264.0, Win Bonus=0.0
[2026-05-22 11:14:35] SCORE RL (blue): Final=299.0, Time=85.0, Moves(22)=0.0, Pins(0)=0.0, Dist=214.0, Win Bonus=0.0
[2026-05-22 11:14:35] SCORE StockWish (lawn green): Final=595.7, Time=93.7, Moves(22)=0.0, Pins(2)=200.0, Dist=302.0, Win Bonus=0.0
[2026-05-22 11:14:35] SCORE S&S (gray0): Final=710.4, Time=88.4, Moves(22)=0.0, Pins(3)=300.0, Dist=322.0, Win Bonus=0.0
[2026-05-22 11:14:35] ALL WRONG MOVES BY COLOUR: {}
[2026-05-22 11:14:35] MOVE 89: Erlend Og Linor (red) 81->60 [0.00ms]
[2026-05-22 11:14:35] SCORE Erlend Og Linor (red): Final=365.5, Time=97.5, Moves(23)=0.0, Pins(0)=0.0, Dist=268.0, Win Bonus=0.0
[2026-05-22 11:14:35] SCORE RL (blue): Final=299.0, Time=85.0, Moves(22)=0.0, Pins(0)=0.0, Dist=214.0, Win Bonus=0.0
[2026-05-22 11:14:35] SCORE StockWish (lawn green): Final=595.7, Time=93.7, Moves(22)=0.0, Pins(2)=200.0, Dist=302.0, Win Bonus=0.0
[2026-05-22 11:14:35] SCORE S&S (gray0): Final=710.4, Time=88.4, Moves(22)=0.0, Pins(3)=300.0, Dist=322.0, Win Bonus=0.0
[2026-05-22 11:14:35] ALL WRONG MOVES BY COLOUR: {}
[2026-05-22 11:14:35] MOVE 90: StockWish (lawn green) 33->32 [0.00ms]
[2026-05-22 11:14:35] SCORE Erlend Og Linor (red): Final=365.5, Time=97.5, Moves(23)=0.0, Pins(0)=0.0, Dist=268.0, Win Bonus=0.0
[2026-05-22 11:14:35] SCORE RL (blue): Final=299.0, Time=85.0, Moves(22)=0.0, Pins(0)=0.0, Dist=214.0, Win Bonus=0.0
[2026-05-22 11:14:35] SCORE StockWish (lawn green): Final=597.6, Time=93.6, Moves(23)=0.0, Pins(2)=200.0, Dist=304.0, Win Bonus=0.0
[2026-05-22 11:14:35] SCORE S&S (gray0): Final=710.4, Time=88.4, Moves(22)=0.0, Pins(3)=300.0, Dist=322.0, Win Bonus=0.0
[2026-05-22 11:14:35] ALL WRONG MOVES BY COLOUR: {}
[2026-05-22 11:14:35] MOVE 91: RL (blue) 83->84 [0.00ms]
[2026-05-22 11:14:35] SCORE Erlend Og Linor (red): Final=365.5, Time=97.5, Moves(23)=0.0, Pins(0)=0.0, Dist=268.0, Win Bonus=0.0
[2026-05-22 11:14:35] SCORE RL (blue): Final=296.5, Time=84.5, Moves(23)=0.0, Pins(0)=0.0, Dist=212.0, Win Bonus=0.0
[2026-05-22 11:14:35] SCORE StockWish (lawn green): Final=597.6, Time=93.6, Moves(23)=0.0, Pins(2)=200.0, Dist=304.0, Win Bonus=0.0
[2026-05-22 11:14:35] SCORE S&S (gray0): Final=710.4, Time=88.4, Moves(22)=0.0, Pins(3)=300.0, Dist=322.0, Win Bonus=0.0
[2026-05-22 11:14:35] ALL WRONG MOVES BY COLOUR: {}
[2026-05-22 11:14:36] MOVE 92: S&S (gray0) 87->76 [0.00ms]
[2026-05-22 11:14:36] SCORE Erlend Og Linor (red): Final=365.5, Time=97.5, Moves(23)=0.0, Pins(0)=0.0, Dist=268.0, Win Bonus=0.0
[2026-05-22 11:14:36] SCORE RL (blue): Final=296.5, Time=84.5, Moves(23)=0.0, Pins(0)=0.0, Dist=212.0, Win Bonus=0.0
[2026-05-22 11:14:36] SCORE StockWish (lawn green): Final=597.6, Time=93.6, Moves(23)=0.0, Pins(2)=200.0, Dist=304.0, Win Bonus=0.0
[2026-05-22 11:14:36] SCORE S&S (gray0): Final=712.1, Time=88.1, Moves(23)=0.0, Pins(3)=300.0, Dist=324.0, Win Bonus=0.0
[2026-05-22 11:14:36] ALL WRONG MOVES BY COLOUR: {}
[2026-05-22 11:14:36] MOVE 93: Erlend Og Linor (red) 41->29 [0.01ms]
[2026-05-22 11:14:36] SCORE Erlend Og Linor (red): Final=367.4, Time=97.4, Moves(24)=0.0, Pins(0)=0.0, Dist=270.0, Win Bonus=0.0
[2026-05-22 11:14:36] SCORE RL (blue): Final=296.5, Time=84.5, Moves(23)=0.0, Pins(0)=0.0, Dist=212.0, Win Bonus=0.0
[2026-05-22 11:14:36] SCORE StockWish (lawn green): Final=597.6, Time=93.6, Moves(23)=0.0, Pins(2)=200.0, Dist=304.0, Win Bonus=0.0
[2026-05-22 11:14:36] SCORE S&S (gray0): Final=712.1, Time=88.1, Moves(23)=0.0, Pins(3)=300.0, Dist=324.0, Win Bonus=0.0
[2026-05-22 11:14:36] ALL WRONG MOVES BY COLOUR: {}
[2026-05-22 11:14:36] MOVE 94: StockWish (lawn green) 58->67 [0.00ms]
[2026-05-22 11:14:36] SCORE Erlend Og Linor (red): Final=367.4, Time=97.4, Moves(24)=0.0, Pins(0)=0.0, Dist=270.0, Win Bonus=0.0
[2026-05-22 11:14:36] SCORE RL (blue): Final=296.5, Time=84.5, Moves(23)=0.0, Pins(0)=0.0, Dist=212.0, Win Bonus=0.0
[2026-05-22 11:14:36] SCORE StockWish (lawn green): Final=598.7, Time=92.7, Moves(24)=0.0, Pins(2)=200.0, Dist=306.0, Win Bonus=0.0
[2026-05-22 11:14:36] SCORE S&S (gray0): Final=712.1, Time=88.1, Moves(23)=0.0, Pins(3)=300.0, Dist=324.0, Win Bonus=0.0
[2026-05-22 11:14:36] ALL WRONG MOVES BY COLOUR: {}
[2026-05-22 11:14:37] MOVE 95: RL (blue) 84->96 [0.01ms]
[2026-05-22 11:14:37] SCORE Erlend Og Linor (red): Final=367.4, Time=97.4, Moves(24)=0.0, Pins(0)=0.0, Dist=270.0, Win Bonus=0.0
[2026-05-22 11:14:37] SCORE RL (blue): Final=295.7, Time=83.7, Moves(24)=0.0, Pins(0)=0.0, Dist=212.0, Win Bonus=0.0
[2026-05-22 11:14:37] SCORE StockWish (lawn green): Final=598.7, Time=92.7, Moves(24)=0.0, Pins(2)=200.0, Dist=306.0, Win Bonus=0.0
[2026-05-22 11:14:37] SCORE S&S (gray0): Final=712.1, Time=88.1, Moves(23)=0.0, Pins(3)=300.0, Dist=324.0, Win Bonus=0.0
[2026-05-22 11:14:37] ALL WRONG MOVES BY COLOUR: {}
[2026-05-22 11:14:38] MOVE 96: S&S (gray0) 76->78 [0.00ms]
[2026-05-22 11:14:38] SCORE Erlend Og Linor (red): Final=367.4, Time=97.4, Moves(24)=0.0, Pins(0)=0.0, Dist=270.0, Win Bonus=0.0
[2026-05-22 11:14:38] SCORE RL (blue): Final=295.7, Time=83.7, Moves(24)=0.0, Pins(0)=0.0, Dist=212.0, Win Bonus=0.0
[2026-05-22 11:14:38] SCORE StockWish (lawn green): Final=598.7, Time=92.7, Moves(24)=0.0, Pins(2)=200.0, Dist=306.0, Win Bonus=0.0
[2026-05-22 11:14:38] SCORE S&S (gray0): Final=715.8, Time=87.8, Moves(24)=0.0, Pins(3)=300.0, Dist=328.0, Win Bonus=0.0
[2026-05-22 11:14:38] ALL WRONG MOVES BY COLOUR: {}
[2026-05-22 11:14:38] MOVE 97: Erlend Og Linor (red) 29->7 [0.00ms]
[2026-05-22 11:14:38] SCORE Erlend Og Linor (red): Final=471.3, Time=97.3, Moves(25)=0.0, Pins(1)=100.0, Dist=274.0, Win Bonus=0.0
[2026-05-22 11:14:38] SCORE RL (blue): Final=295.7, Time=83.7, Moves(24)=0.0, Pins(0)=0.0, Dist=212.0, Win Bonus=0.0
[2026-05-22 11:14:38] SCORE StockWish (lawn green): Final=598.7, Time=92.7, Moves(24)=0.0, Pins(2)=200.0, Dist=306.0, Win Bonus=0.0
[2026-05-22 11:14:38] SCORE S&S (gray0): Final=715.8, Time=87.8, Moves(24)=0.0, Pins(3)=300.0, Dist=328.0, Win Bonus=0.0
[2026-05-22 11:14:38] ALL WRONG MOVES BY COLOUR: {}
[2026-05-22 11:14:38] MOVE 98: StockWish (lawn green) 66->76 [0.00ms]
[2026-05-22 11:14:38] SCORE Erlend Og Linor (red): Final=471.3, Time=97.3, Moves(25)=0.0, Pins(1)=100.0, Dist=274.0, Win Bonus=0.0
[2026-05-22 11:14:38] SCORE RL (blue): Final=295.7, Time=83.7, Moves(24)=0.0, Pins(0)=0.0, Dist=212.0, Win Bonus=0.0
[2026-05-22 11:14:38] SCORE StockWish (lawn green): Final=700.5, Time=92.5, Moves(25)=0.0, Pins(3)=300.0, Dist=308.0, Win Bonus=0.0
[2026-05-22 11:14:38] SCORE S&S (gray0): Final=715.8, Time=87.8, Moves(24)=0.0, Pins(3)=300.0, Dist=328.0, Win Bonus=0.0
[2026-05-22 11:14:38] ALL WRONG MOVES BY COLOUR: {}
[2026-05-22 11:14:38] MOVE 99: RL (blue) 96->92 [0.00ms]
[2026-05-22 11:14:38] SCORE Erlend Og Linor (red): Final=471.3, Time=97.3, Moves(25)=0.0, Pins(1)=100.0, Dist=274.0, Win Bonus=0.0
[2026-05-22 11:14:38] SCORE RL (blue): Final=299.1, Time=83.1, Moves(25)=0.0, Pins(0)=0.0, Dist=216.0, Win Bonus=0.0
[2026-05-22 11:14:38] SCORE StockWish (lawn green): Final=700.5, Time=92.5, Moves(25)=0.0, Pins(3)=300.0, Dist=308.0, Win Bonus=0.0
[2026-05-22 11:14:38] SCORE S&S (gray0): Final=715.8, Time=87.8, Moves(24)=0.0, Pins(3)=300.0, Dist=328.0, Win Bonus=0.0
[2026-05-22 11:14:38] ALL WRONG MOVES BY COLOUR: {}
[2026-05-22 11:14:39] MOVE 100: S&S (gray0) 117->45 [0.00ms]
[2026-05-22 11:14:39] SCORE Erlend Og Linor (red): Final=471.3, Time=97.3, Moves(25)=0.0, Pins(1)=100.0, Dist=274.0, Win Bonus=0.0
[2026-05-22 11:14:39] SCORE RL (blue): Final=299.1, Time=83.1, Moves(25)=0.0, Pins(0)=0.0, Dist=216.0, Win Bonus=0.0
[2026-05-22 11:14:39] SCORE StockWish (lawn green): Final=700.5, Time=92.5, Moves(25)=0.0, Pins(3)=300.0, Dist=308.0, Win Bonus=0.0
[2026-05-22 11:14:39] SCORE S&S (gray0): Final=829.7, Time=87.7, Moves(25)=0.0, Pins(4)=400.0, Dist=342.0, Win Bonus=0.0
[2026-05-22 11:14:39] ALL WRONG MOVES BY COLOUR: {}
[2026-05-22 11:14:39] MOVE 101: Erlend Og Linor (red) 112->103 [0.00ms]
[2026-05-22 11:14:39] SCORE Erlend Og Linor (red): Final=473.3, Time=97.3, Moves(26)=0.0, Pins(1)=100.0, Dist=276.0, Win Bonus=0.0
[2026-05-22 11:14:39] SCORE RL (blue): Final=299.1, Time=83.1, Moves(25)=0.0, Pins(0)=0.0, Dist=216.0, Win Bonus=0.0
[2026-05-22 11:14:39] SCORE StockWish (lawn green): Final=700.5, Time=92.5, Moves(25)=0.0, Pins(3)=300.0, Dist=308.0, Win Bonus=0.0
[2026-05-22 11:14:39] SCORE S&S (gray0): Final=829.7, Time=87.7, Moves(25)=0.0, Pins(4)=400.0, Dist=342.0, Win Bonus=0.0
[2026-05-22 11:14:39] ALL WRONG MOVES BY COLOUR: {}
[2026-05-22 11:14:39] MOVE 102: StockWish (lawn green) 68->87 [0.00ms]
[2026-05-22 11:14:39] SCORE Erlend Og Linor (red): Final=473.3, Time=97.3, Moves(26)=0.0, Pins(1)=100.0, Dist=276.0, Win Bonus=0.0
[2026-05-22 11:14:39] SCORE RL (blue): Final=299.1, Time=83.1, Moves(25)=0.0, Pins(0)=0.0, Dist=216.0, Win Bonus=0.0
[2026-05-22 11:14:39] SCORE StockWish (lawn green): Final=806.3, Time=92.3, Moves(26)=0.0, Pins(4)=400.0, Dist=314.0, Win Bonus=0.0
[2026-05-22 11:14:39] SCORE S&S (gray0): Final=829.7, Time=87.7, Moves(25)=0.0, Pins(4)=400.0, Dist=342.0, Win Bonus=0.0
[2026-05-22 11:14:39] ALL WRONG MOVES BY COLOUR: {}
[2026-05-22 11:14:39] MOVE 103: RL (blue) 92->114 [0.00ms]
[2026-05-22 11:14:39] SCORE Erlend Og Linor (red): Final=473.3, Time=97.3, Moves(26)=0.0, Pins(1)=100.0, Dist=276.0, Win Bonus=0.0
[2026-05-22 11:14:39] SCORE RL (blue): Final=402.5, Time=82.5, Moves(26)=0.0, Pins(1)=100.0, Dist=220.0, Win Bonus=0.0
[2026-05-22 11:14:39] SCORE StockWish (lawn green): Final=806.3, Time=92.3, Moves(26)=0.0, Pins(4)=400.0, Dist=314.0, Win Bonus=0.0
[2026-05-22 11:14:39] SCORE S&S (gray0): Final=829.7, Time=87.7, Moves(25)=0.0, Pins(4)=400.0, Dist=342.0, Win Bonus=0.0
[2026-05-22 11:14:39] ALL WRONG MOVES BY COLOUR: {}
[2026-05-22 11:14:40] MOVE 104: S&S (gray0) 56->58 [0.00ms]
[2026-05-22 11:14:40] SCORE Erlend Og Linor (red): Final=473.3, Time=97.3, Moves(26)=0.0, Pins(1)=100.0, Dist=276.0, Win Bonus=0.0
[2026-05-22 11:14:40] SCORE RL (blue): Final=402.5, Time=82.5, Moves(26)=0.0, Pins(1)=100.0, Dist=220.0, Win Bonus=0.0
[2026-05-22 11:14:40] SCORE StockWish (lawn green): Final=806.3, Time=92.3, Moves(26)=0.0, Pins(4)=400.0, Dist=314.0, Win Bonus=0.0
[2026-05-22 11:14:40] SCORE S&S (gray0): Final=833.5, Time=87.5, Moves(26)=0.0, Pins(4)=400.0, Dist=346.0, Win Bonus=0.0
[2026-05-22 11:14:40] ALL WRONG MOVES BY COLOUR: {}
[2026-05-22 11:14:40] MOVE 105: Erlend Og Linor (red) 113->104 [0.00ms]
[2026-05-22 11:14:40] SCORE Erlend Og Linor (red): Final=475.2, Time=97.2, Moves(27)=0.0, Pins(1)=100.0, Dist=278.0, Win Bonus=0.0
[2026-05-22 11:14:40] SCORE RL (blue): Final=402.5, Time=82.5, Moves(26)=0.0, Pins(1)=100.0, Dist=220.0, Win Bonus=0.0
[2026-05-22 11:14:40] SCORE StockWish (lawn green): Final=806.3, Time=92.3, Moves(26)=0.0, Pins(4)=400.0, Dist=314.0, Win Bonus=0.0
[2026-05-22 11:14:40] SCORE S&S (gray0): Final=833.5, Time=87.5, Moves(26)=0.0, Pins(4)=400.0, Dist=346.0, Win Bonus=0.0
[2026-05-22 11:14:40] ALL WRONG MOVES BY COLOUR: {}
[2026-05-22 11:14:40] MOVE 106: StockWish (lawn green) 55->54 [0.00ms]
[2026-05-22 11:14:40] SCORE Erlend Og Linor (red): Final=475.2, Time=97.2, Moves(27)=0.0, Pins(1)=100.0, Dist=278.0, Win Bonus=0.0
[2026-05-22 11:14:40] SCORE RL (blue): Final=402.5, Time=82.5, Moves(26)=0.0, Pins(1)=100.0, Dist=220.0, Win Bonus=0.0
[2026-05-22 11:14:40] SCORE StockWish (lawn green): Final=808.2, Time=92.2, Moves(27)=0.0, Pins(4)=400.0, Dist=316.0, Win Bonus=0.0
[2026-05-22 11:14:40] SCORE S&S (gray0): Final=833.5, Time=87.5, Moves(26)=0.0, Pins(4)=400.0, Dist=346.0, Win Bonus=0.0
[2026-05-22 11:14:40] ALL WRONG MOVES BY COLOUR: {}
[2026-05-22 11:14:40] MOVE 107: RL (blue) 114->117 [0.00ms]
[2026-05-22 11:14:40] SCORE Erlend Og Linor (red): Final=475.2, Time=97.2, Moves(27)=0.0, Pins(1)=100.0, Dist=278.0, Win Bonus=0.0
[2026-05-22 11:14:40] SCORE RL (blue): Final=401.9, Time=81.9, Moves(27)=0.0, Pins(1)=100.0, Dist=220.0, Win Bonus=0.0
[2026-05-22 11:14:40] SCORE StockWish (lawn green): Final=808.2, Time=92.2, Moves(27)=0.0, Pins(4)=400.0, Dist=316.0, Win Bonus=0.0
[2026-05-22 11:14:40] SCORE S&S (gray0): Final=833.5, Time=87.5, Moves(26)=0.0, Pins(4)=400.0, Dist=346.0, Win Bonus=0.0
[2026-05-22 11:14:40] ALL WRONG MOVES BY COLOUR: {}
[2026-05-22 11:14:41] MOVE 108: S&S (gray0) 73->34 [0.00ms]
[2026-05-22 11:14:41] SCORE Erlend Og Linor (red): Final=475.2, Time=97.2, Moves(27)=0.0, Pins(1)=100.0, Dist=278.0, Win Bonus=0.0
[2026-05-22 11:14:41] SCORE RL (blue): Final=401.9, Time=81.9, Moves(27)=0.0, Pins(1)=100.0, Dist=220.0, Win Bonus=0.0
[2026-05-22 11:14:41] SCORE StockWish (lawn green): Final=808.2, Time=92.2, Moves(27)=0.0, Pins(4)=400.0, Dist=316.0, Win Bonus=0.0
[2026-05-22 11:14:41] SCORE S&S (gray0): Final=937.2, Time=87.2, Moves(27)=0.0, Pins(5)=500.0, Dist=350.0, Win Bonus=0.0
[2026-05-22 11:14:41] ALL WRONG MOVES BY COLOUR: {}
[2026-05-22 11:14:41] MOVE 109: Erlend Og Linor (red) 103->90 [0.00ms]
[2026-05-22 11:14:41] SCORE Erlend Og Linor (red): Final=477.1, Time=97.0, Moves(28)=0.0, Pins(1)=100.0, Dist=280.0, Win Bonus=0.0
[2026-05-22 11:14:41] SCORE RL (blue): Final=401.9, Time=81.9, Moves(27)=0.0, Pins(1)=100.0, Dist=220.0, Win Bonus=0.0
[2026-05-22 11:14:41] SCORE StockWish (lawn green): Final=808.2, Time=92.2, Moves(27)=0.0, Pins(4)=400.0, Dist=316.0, Win Bonus=0.0
[2026-05-22 11:14:41] SCORE S&S (gray0): Final=937.2, Time=87.2, Moves(27)=0.0, Pins(5)=500.0, Dist=350.0, Win Bonus=0.0
[2026-05-22 11:14:41] ALL WRONG MOVES BY COLOUR: {}
[2026-05-22 11:14:41] MOVE 110: StockWish (lawn green) 54->89 [0.01ms]
[2026-05-22 11:14:41] SCORE Erlend Og Linor (red): Final=477.1, Time=97.0, Moves(28)=0.0, Pins(1)=100.0, Dist=280.0, Win Bonus=0.0
[2026-05-22 11:14:41] SCORE RL (blue): Final=401.9, Time=81.9, Moves(27)=0.0, Pins(1)=100.0, Dist=220.0, Win Bonus=0.0
[2026-05-22 11:14:41] SCORE StockWish (lawn green): Final=824.0, Time=92.0, Moves(28)=0.0, Pins(4)=400.0, Dist=332.0, Win Bonus=0.0
[2026-05-22 11:14:41] SCORE S&S (gray0): Final=937.2, Time=87.2, Moves(27)=0.0, Pins(5)=500.0, Dist=350.0, Win Bonus=0.0
[2026-05-22 11:14:41] ALL WRONG MOVES BY COLOUR: {}
[2026-05-22 11:14:42] MOVE 111: RL (blue) 117->113 [0.01ms]
[2026-05-22 11:14:42] SCORE Erlend Og Linor (red): Final=477.1, Time=97.0, Moves(28)=0.0, Pins(1)=100.0, Dist=280.0, Win Bonus=0.0
[2026-05-22 11:14:42] SCORE RL (blue): Final=401.2, Time=81.2, Moves(28)=0.0, Pins(1)=100.0, Dist=220.0, Win Bonus=0.0
[2026-05-22 11:14:42] SCORE StockWish (lawn green): Final=824.0, Time=92.0, Moves(28)=0.0, Pins(4)=400.0, Dist=332.0, Win Bonus=0.0
[2026-05-22 11:14:42] SCORE S&S (gray0): Final=937.2, Time=87.2, Moves(27)=0.0, Pins(5)=500.0, Dist=350.0, Win Bonus=0.0
[2026-05-22 11:14:42] ALL WRONG MOVES BY COLOUR: {}
[2026-05-22 11:14:42] MOVE 112: S&S (gray0) 78->105 [0.00ms]
[2026-05-22 11:14:42] SCORE Erlend Og Linor (red): Final=477.1, Time=97.0, Moves(28)=0.0, Pins(1)=100.0, Dist=280.0, Win Bonus=0.0
[2026-05-22 11:14:42] SCORE RL (blue): Final=401.2, Time=81.2, Moves(28)=0.0, Pins(1)=100.0, Dist=220.0, Win Bonus=0.0
[2026-05-22 11:14:42] SCORE StockWish (lawn green): Final=824.0, Time=92.0, Moves(28)=0.0, Pins(4)=400.0, Dist=332.0, Win Bonus=0.0
[2026-05-22 11:14:42] SCORE S&S (gray0): Final=941.0, Time=87.0, Moves(28)=0.0, Pins(5)=500.0, Dist=354.0, Win Bonus=0.0
[2026-05-22 11:14:42] ALL WRONG MOVES BY COLOUR: {}
[2026-05-22 11:14:42] MOVE 113: Erlend Og Linor (red) 90->69 [0.00ms]
[2026-05-22 11:14:42] SCORE Erlend Og Linor (red): Final=481.0, Time=97.0, Moves(29)=0.0, Pins(1)=100.0, Dist=284.0, Win Bonus=0.0
[2026-05-22 11:14:42] SCORE RL (blue): Final=401.2, Time=81.2, Moves(28)=0.0, Pins(1)=100.0, Dist=220.0, Win Bonus=0.0
[2026-05-22 11:14:42] SCORE StockWish (lawn green): Final=824.0, Time=92.0, Moves(28)=0.0, Pins(4)=400.0, Dist=332.0, Win Bonus=0.0
[2026-05-22 11:14:42] SCORE S&S (gray0): Final=941.0, Time=87.0, Moves(28)=0.0, Pins(5)=500.0, Dist=354.0, Win Bonus=0.0
[2026-05-22 11:14:42] ALL WRONG MOVES BY COLOUR: {}
[2026-05-22 11:14:42] MOVE 114: StockWish (lawn green) 59->101 [0.00ms]
[2026-05-22 11:14:42] SCORE Erlend Og Linor (red): Final=481.0, Time=97.0, Moves(29)=0.0, Pins(1)=100.0, Dist=284.0, Win Bonus=0.0
[2026-05-22 11:14:42] SCORE RL (blue): Final=401.2, Time=81.2, Moves(28)=0.0, Pins(1)=100.0, Dist=220.0, Win Bonus=0.0
[2026-05-22 11:14:42] SCORE StockWish (lawn green): Final=932.0, Time=91.9, Moves(29)=0.0, Pins(5)=500.0, Dist=340.0, Win Bonus=0.0
[2026-05-22 11:14:42] SCORE S&S (gray0): Final=941.0, Time=87.0, Moves(28)=0.0, Pins(5)=500.0, Dist=354.0, Win Bonus=0.0
[2026-05-22 11:14:42] ALL WRONG MOVES BY COLOUR: {}
[2026-05-22 11:14:43] MOVE 115: RL (blue) 113->117 [0.00ms]
[2026-05-22 11:14:43] SCORE Erlend Og Linor (red): Final=481.0, Time=97.0, Moves(29)=0.0, Pins(1)=100.0, Dist=284.0, Win Bonus=0.0
[2026-05-22 11:14:43] SCORE RL (blue): Final=400.6, Time=80.6, Moves(29)=0.0, Pins(1)=100.0, Dist=220.0, Win Bonus=0.0
[2026-05-22 11:14:43] SCORE StockWish (lawn green): Final=932.0, Time=91.9, Moves(29)=0.0, Pins(5)=500.0, Dist=340.0, Win Bonus=0.0
[2026-05-22 11:14:43] SCORE S&S (gray0): Final=941.0, Time=87.0, Moves(28)=0.0, Pins(5)=500.0, Dist=354.0, Win Bonus=0.0
[2026-05-22 11:14:43] ALL WRONG MOVES BY COLOUR: {}
[2026-05-22 11:14:43] MOVE 116: S&S (gray0) 58->49 [0.00ms]
[2026-05-22 11:14:43] SCORE Erlend Og Linor (red): Final=481.0, Time=97.0, Moves(29)=0.0, Pins(1)=100.0, Dist=284.0, Win Bonus=0.0
[2026-05-22 11:14:43] SCORE RL (blue): Final=400.6, Time=80.6, Moves(29)=0.0, Pins(1)=100.0, Dist=220.0, Win Bonus=0.0
[2026-05-22 11:14:43] SCORE StockWish (lawn green): Final=932.0, Time=91.9, Moves(29)=0.0, Pins(5)=500.0, Dist=340.0, Win Bonus=0.0
[2026-05-22 11:14:43] SCORE S&S (gray0): Final=942.9, Time=86.9, Moves(29)=0.0, Pins(5)=500.0, Dist=356.0, Win Bonus=0.0
[2026-05-22 11:14:43] ALL WRONG MOVES BY COLOUR: {}
[2026-05-22 11:14:43] MOVE 117: Erlend Og Linor (red) 118->119 [0.01ms]
[2026-05-22 11:14:43] SCORE Erlend Og Linor (red): Final=481.0, Time=96.9, Moves(30)=0.1, Pins(1)=100.0, Dist=284.0, Win Bonus=0.0
[2026-05-22 11:14:43] SCORE RL (blue): Final=400.6, Time=80.6, Moves(29)=0.0, Pins(1)=100.0, Dist=220.0, Win Bonus=0.0
[2026-05-22 11:14:43] SCORE StockWish (lawn green): Final=932.0, Time=91.9, Moves(29)=0.0, Pins(5)=500.0, Dist=340.0, Win Bonus=0.0
[2026-05-22 11:14:43] SCORE S&S (gray0): Final=942.9, Time=86.9, Moves(29)=0.0, Pins(5)=500.0, Dist=356.0, Win Bonus=0.0
[2026-05-22 11:14:43] ALL WRONG MOVES BY COLOUR: {}
[2026-05-22 11:14:43] MOVE 118: StockWish (lawn green) 43->53 [0.00ms]
[2026-05-22 11:14:43] SCORE Erlend Og Linor (red): Final=481.0, Time=96.9, Moves(30)=0.1, Pins(1)=100.0, Dist=284.0, Win Bonus=0.0
[2026-05-22 11:14:43] SCORE RL (blue): Final=400.6, Time=80.6, Moves(29)=0.0, Pins(1)=100.0, Dist=220.0, Win Bonus=0.0
[2026-05-22 11:14:43] SCORE StockWish (lawn green): Final=933.9, Time=91.8, Moves(30)=0.1, Pins(5)=500.0, Dist=342.0, Win Bonus=0.0
[2026-05-22 11:14:43] SCORE S&S (gray0): Final=942.9, Time=86.9, Moves(29)=0.0, Pins(5)=500.0, Dist=356.0, Win Bonus=0.0
[2026-05-22 11:14:43] ALL WRONG MOVES BY COLOUR: {}
[2026-05-22 11:14:44] MOVE 119: RL (blue) 117->120 [0.01ms]
[2026-05-22 11:14:44] SCORE Erlend Og Linor (red): Final=481.0, Time=96.9, Moves(30)=0.1, Pins(1)=100.0, Dist=284.0, Win Bonus=0.0
[2026-05-22 11:14:44] SCORE RL (blue): Final=400.0, Time=80.0, Moves(30)=0.1, Pins(1)=100.0, Dist=220.0, Win Bonus=0.0
[2026-05-22 11:14:44] SCORE StockWish (lawn green): Final=933.9, Time=91.8, Moves(30)=0.1, Pins(5)=500.0, Dist=342.0, Win Bonus=0.0
[2026-05-22 11:14:44] SCORE S&S (gray0): Final=942.9, Time=86.9, Moves(29)=0.0, Pins(5)=500.0, Dist=356.0, Win Bonus=0.0
[2026-05-22 11:14:44] ALL WRONG MOVES BY COLOUR: {}
[2026-05-22 11:14:44] MOVE 120: S&S (gray0) 49->39 [0.00ms]
[2026-05-22 11:14:44] SCORE Erlend Og Linor (red): Final=481.0, Time=96.9, Moves(30)=0.1, Pins(1)=100.0, Dist=284.0, Win Bonus=0.0
[2026-05-22 11:14:44] SCORE RL (blue): Final=400.0, Time=80.0, Moves(30)=0.1, Pins(1)=100.0, Dist=220.0, Win Bonus=0.0
[2026-05-22 11:14:44] SCORE StockWish (lawn green): Final=933.9, Time=91.8, Moves(30)=0.1, Pins(5)=500.0, Dist=342.0, Win Bonus=0.0
[2026-05-22 11:14:44] SCORE S&S (gray0): Final=944.9, Time=86.8, Moves(30)=0.1, Pins(5)=500.0, Dist=358.0, Win Bonus=0.0
[2026-05-22 11:14:44] ALL WRONG MOVES BY COLOUR: {}
[2026-05-22 11:14:44] MOVE 121: Erlend Og Linor (red) 119->116 [0.00ms]
[2026-05-22 11:14:44] SCORE Erlend Og Linor (red): Final=483.0, Time=96.8, Moves(31)=0.2, Pins(1)=100.0, Dist=286.0, Win Bonus=0.0
[2026-05-22 11:14:44] SCORE RL (blue): Final=400.0, Time=80.0, Moves(30)=0.1, Pins(1)=100.0, Dist=220.0, Win Bonus=0.0
[2026-05-22 11:14:44] SCORE StockWish (lawn green): Final=933.9, Time=91.8, Moves(30)=0.1, Pins(5)=500.0, Dist=342.0, Win Bonus=0.0
[2026-05-22 11:14:44] SCORE S&S (gray0): Final=944.9, Time=86.8, Moves(30)=0.1, Pins(5)=500.0, Dist=358.0, Win Bonus=0.0
[2026-05-22 11:14:44] ALL WRONG MOVES BY COLOUR: {}
[2026-05-22 11:14:44] MOVE 122: StockWish (lawn green) 32->43 [0.00ms]
[2026-05-22 11:14:44] SCORE Erlend Og Linor (red): Final=483.0, Time=96.8, Moves(31)=0.2, Pins(1)=100.0, Dist=286.0, Win Bonus=0.0
[2026-05-22 11:14:44] SCORE RL (blue): Final=400.0, Time=80.0, Moves(30)=0.1, Pins(1)=100.0, Dist=220.0, Win Bonus=0.0
[2026-05-22 11:14:44] SCORE StockWish (lawn green): Final=935.9, Time=91.7, Moves(31)=0.2, Pins(5)=500.0, Dist=344.0, Win Bonus=0.0
[2026-05-22 11:14:44] SCORE S&S (gray0): Final=944.9, Time=86.8, Moves(30)=0.1, Pins(5)=500.0, Dist=358.0, Win Bonus=0.0
[2026-05-22 11:14:44] ALL WRONG MOVES BY COLOUR: {}
[2026-05-22 11:14:45] MOVE 123: RL (blue) 120->119 [0.00ms]
[2026-05-22 11:14:45] SCORE Erlend Og Linor (red): Final=483.0, Time=96.8, Moves(31)=0.2, Pins(1)=100.0, Dist=286.0, Win Bonus=0.0
[2026-05-22 11:14:45] SCORE RL (blue): Final=399.4, Time=79.1, Moves(31)=0.2, Pins(1)=100.0, Dist=220.0, Win Bonus=0.0
[2026-05-22 11:14:45] SCORE StockWish (lawn green): Final=935.9, Time=91.7, Moves(31)=0.2, Pins(5)=500.0, Dist=344.0, Win Bonus=0.0
[2026-05-22 11:14:45] SCORE S&S (gray0): Final=944.9, Time=86.8, Moves(30)=0.1, Pins(5)=500.0, Dist=358.0, Win Bonus=0.0
[2026-05-22 11:14:45] ALL WRONG MOVES BY COLOUR: {}
[2026-05-22 11:14:45] MOVE 124: S&S (gray0) 39->28 [0.00ms]
[2026-05-22 11:14:45] SCORE Erlend Og Linor (red): Final=483.0, Time=96.8, Moves(31)=0.2, Pins(1)=100.0, Dist=286.0, Win Bonus=0.0
[2026-05-22 11:14:45] SCORE RL (blue): Final=399.4, Time=79.1, Moves(31)=0.2, Pins(1)=100.0, Dist=220.0, Win Bonus=0.0
[2026-05-22 11:14:45] SCORE StockWish (lawn green): Final=935.9, Time=91.7, Moves(31)=0.2, Pins(5)=500.0, Dist=344.0, Win Bonus=0.0
[2026-05-22 11:14:45] SCORE S&S (gray0): Final=946.9, Time=86.7, Moves(31)=0.2, Pins(5)=500.0, Dist=360.0, Win Bonus=0.0
[2026-05-22 11:14:45] ALL WRONG MOVES BY COLOUR: {}
[2026-05-22 11:14:45] MOVE 125: Erlend Og Linor (red) 104->92 [0.00ms]
[2026-05-22 11:14:45] SCORE Erlend Og Linor (red): Final=485.3, Time=96.8, Moves(32)=0.5, Pins(1)=100.0, Dist=288.0, Win Bonus=0.0
[2026-05-22 11:14:45] SCORE RL (blue): Final=399.4, Time=79.1, Moves(31)=0.2, Pins(1)=100.0, Dist=220.0, Win Bonus=0.0
[2026-05-22 11:14:45] SCORE StockWish (lawn green): Final=935.9, Time=91.7, Moves(31)=0.2, Pins(5)=500.0, Dist=344.0, Win Bonus=0.0
[2026-05-22 11:14:45] SCORE S&S (gray0): Final=946.9, Time=86.7, Moves(31)=0.2, Pins(5)=500.0, Dist=360.0, Win Bonus=0.0
[2026-05-22 11:14:45] ALL WRONG MOVES BY COLOUR: {}
[2026-05-22 11:14:45] MOVE 126: StockWish (lawn green) 53->52 [0.00ms]
[2026-05-22 11:14:45] SCORE Erlend Og Linor (red): Final=485.3, Time=96.8, Moves(32)=0.5, Pins(1)=100.0, Dist=288.0, Win Bonus=0.0
[2026-05-22 11:14:45] SCORE RL (blue): Final=399.4, Time=79.1, Moves(31)=0.2, Pins(1)=100.0, Dist=220.0, Win Bonus=0.0
[2026-05-22 11:14:45] SCORE StockWish (lawn green): Final=938.1, Time=91.6, Moves(32)=0.5, Pins(5)=500.0, Dist=346.0, Win Bonus=0.0
[2026-05-22 11:14:45] SCORE S&S (gray0): Final=946.9, Time=86.7, Moves(31)=0.2, Pins(5)=500.0, Dist=360.0, Win Bonus=0.0
[2026-05-22 11:14:45] ALL WRONG MOVES BY COLOUR: {}
[2026-05-22 11:14:46] MOVE 127: RL (blue) 0->64 [0.00ms]
[2026-05-22 11:14:46] SCORE Erlend Og Linor (red): Final=485.3, Time=96.8, Moves(32)=0.5, Pins(1)=100.0, Dist=288.0, Win Bonus=0.0
[2026-05-22 11:14:46] SCORE RL (blue): Final=414.8, Time=78.3, Moves(32)=0.5, Pins(1)=100.0, Dist=236.0, Win Bonus=0.0
[2026-05-22 11:14:46] SCORE StockWish (lawn green): Final=938.1, Time=91.6, Moves(32)=0.5, Pins(5)=500.0, Dist=346.0, Win Bonus=0.0
[2026-05-22 11:14:46] SCORE S&S (gray0): Final=946.9, Time=86.7, Moves(31)=0.2, Pins(5)=500.0, Dist=360.0, Win Bonus=0.0
[2026-05-22 11:14:46] ALL WRONG MOVES BY COLOUR: {}
[2026-05-22 11:14:46] MOVE 128: S&S (gray0) 61->17 [0.00ms]
[2026-05-22 11:14:46] SCORE Erlend Og Linor (red): Final=485.3, Time=96.8, Moves(32)=0.5, Pins(1)=100.0, Dist=288.0, Win Bonus=0.0
[2026-05-22 11:14:46] SCORE RL (blue): Final=414.8, Time=78.3, Moves(32)=0.5, Pins(1)=100.0, Dist=236.0, Win Bonus=0.0
[2026-05-22 11:14:46] SCORE StockWish (lawn green): Final=938.1, Time=91.6, Moves(32)=0.5, Pins(5)=500.0, Dist=346.0, Win Bonus=0.0
[2026-05-22 11:14:46] SCORE S&S (gray0): Final=951.1, Time=86.6, Moves(32)=0.5, Pins(5)=500.0, Dist=364.0, Win Bonus=0.0
[2026-05-22 11:14:46] ALL WRONG MOVES BY COLOUR: {}
[2026-05-22 11:14:46] MOVE 129: Erlend Og Linor (red) 80->59 [0.00ms]
[2026-05-22 11:14:46] SCORE Erlend Og Linor (red): Final=489.8, Time=96.7, Moves(33)=1.1, Pins(1)=100.0, Dist=292.0, Win Bonus=0.0
[2026-05-22 11:14:46] SCORE RL (blue): Final=414.8, Time=78.3, Moves(32)=0.5, Pins(1)=100.0, Dist=236.0, Win Bonus=0.0
[2026-05-22 11:14:46] SCORE StockWish (lawn green): Final=938.1, Time=91.6, Moves(32)=0.5, Pins(5)=500.0, Dist=346.0, Win Bonus=0.0
[2026-05-22 11:14:46] SCORE S&S (gray0): Final=951.1, Time=86.6, Moves(32)=0.5, Pins(5)=500.0, Dist=364.0, Win Bonus=0.0
[2026-05-22 11:14:46] ALL WRONG MOVES BY COLOUR: {}
[2026-05-22 11:14:46] MOVE 130: StockWish (lawn green) 67->66 [0.00ms]
[2026-05-22 11:14:46] SCORE Erlend Og Linor (red): Final=489.8, Time=96.7, Moves(33)=1.1, Pins(1)=100.0, Dist=292.0, Win Bonus=0.0
[2026-05-22 11:14:46] SCORE RL (blue): Final=414.8, Time=78.3, Moves(32)=0.5, Pins(1)=100.0, Dist=236.0, Win Bonus=0.0
[2026-05-22 11:14:46] SCORE StockWish (lawn green): Final=940.7, Time=91.6, Moves(33)=1.1, Pins(5)=500.0, Dist=348.0, Win Bonus=0.0
[2026-05-22 11:14:46] SCORE S&S (gray0): Final=951.1, Time=86.6, Moves(32)=0.5, Pins(5)=500.0, Dist=364.0, Win Bonus=0.0
[2026-05-22 11:14:46] ALL WRONG MOVES BY COLOUR: {}
[2026-05-22 11:14:47] MOVE 131: RL (blue) 119->118 [0.00ms]
[2026-05-22 11:14:47] SCORE Erlend Og Linor (red): Final=489.8, Time=96.7, Moves(33)=1.1, Pins(1)=100.0, Dist=292.0, Win Bonus=0.0
[2026-05-22 11:14:47] SCORE RL (blue): Final=414.6, Time=77.5, Moves(33)=1.1, Pins(1)=100.0, Dist=236.0, Win Bonus=0.0
[2026-05-22 11:14:47] SCORE StockWish (lawn green): Final=940.7, Time=91.6, Moves(33)=1.1, Pins(5)=500.0, Dist=348.0, Win Bonus=0.0
[2026-05-22 11:14:47] SCORE S&S (gray0): Final=951.1, Time=86.6, Moves(32)=0.5, Pins(5)=500.0, Dist=364.0, Win Bonus=0.0
[2026-05-22 11:14:47] ALL WRONG MOVES BY COLOUR: {}
[2026-05-22 11:14:47] MOVE 132: S&S (gray0) 105->40 [0.00ms]
[2026-05-22 11:14:47] SCORE Erlend Og Linor (red): Final=489.8, Time=96.7, Moves(33)=1.1, Pins(1)=100.0, Dist=292.0, Win Bonus=0.0
[2026-05-22 11:14:47] SCORE RL (blue): Final=414.6, Time=77.5, Moves(33)=1.1, Pins(1)=100.0, Dist=236.0, Win Bonus=0.0
[2026-05-22 11:14:47] SCORE StockWish (lawn green): Final=940.7, Time=91.6, Moves(33)=1.1, Pins(5)=500.0, Dist=348.0, Win Bonus=0.0
[2026-05-22 11:14:47] SCORE S&S (gray0): Final=955.5, Time=86.4, Moves(33)=1.1, Pins(5)=500.0, Dist=368.0, Win Bonus=0.0
[2026-05-22 11:14:47] ALL WRONG MOVES BY COLOUR: {}
[2026-05-22 11:14:47] MOVE 133: Erlend Og Linor (red) 92->81 [0.00ms]
[2026-05-22 11:14:47] SCORE Erlend Og Linor (red): Final=492.9, Time=96.6, Moves(34)=2.3, Pins(1)=100.0, Dist=294.0, Win Bonus=0.0
[2026-05-22 11:14:47] SCORE RL (blue): Final=414.6, Time=77.5, Moves(33)=1.1, Pins(1)=100.0, Dist=236.0, Win Bonus=0.0
[2026-05-22 11:14:47] SCORE StockWish (lawn green): Final=940.7, Time=91.6, Moves(33)=1.1, Pins(5)=500.0, Dist=348.0, Win Bonus=0.0
[2026-05-22 11:14:47] SCORE S&S (gray0): Final=955.5, Time=86.4, Moves(33)=1.1, Pins(5)=500.0, Dist=368.0, Win Bonus=0.0
[2026-05-22 11:14:47] ALL WRONG MOVES BY COLOUR: {}
[2026-05-22 11:14:48] MOVE 134: StockWish (lawn green) 52->68 [0.00ms]
[2026-05-22 11:14:48] SCORE Erlend Og Linor (red): Final=492.9, Time=96.6, Moves(34)=2.3, Pins(1)=100.0, Dist=294.0, Win Bonus=0.0
[2026-05-22 11:14:48] SCORE RL (blue): Final=414.6, Time=77.5, Moves(33)=1.1, Pins(1)=100.0, Dist=236.0, Win Bonus=0.0
[2026-05-22 11:14:48] SCORE StockWish (lawn green): Final=949.2, Time=90.9, Moves(34)=2.3, Pins(5)=500.0, Dist=356.0, Win Bonus=0.0
[2026-05-22 11:14:48] SCORE S&S (gray0): Final=955.5, Time=86.4, Moves(33)=1.1, Pins(5)=500.0, Dist=368.0, Win Bonus=0.0
[2026-05-22 11:14:48] ALL WRONG MOVES BY COLOUR: {}
[2026-05-22 11:14:49] MOVE 135: RL (blue) 118->120 [0.00ms]
[2026-05-22 11:14:49] SCORE Erlend Og Linor (red): Final=492.9, Time=96.6, Moves(34)=2.3, Pins(1)=100.0, Dist=294.0, Win Bonus=0.0
[2026-05-22 11:14:49] SCORE RL (blue): Final=415.1, Time=76.8, Moves(34)=2.3, Pins(1)=100.0, Dist=236.0, Win Bonus=0.0
[2026-05-22 11:14:49] SCORE StockWish (lawn green): Final=949.2, Time=90.9, Moves(34)=2.3, Pins(5)=500.0, Dist=356.0, Win Bonus=0.0
[2026-05-22 11:14:49] SCORE S&S (gray0): Final=955.5, Time=86.4, Moves(33)=1.1, Pins(5)=500.0, Dist=368.0, Win Bonus=0.0
[2026-05-22 11:14:49] ALL WRONG MOVES BY COLOUR: {}
[2026-05-22 11:14:49] MOVE 136: S&S (gray0) 17->18 [0.00ms]
[2026-05-22 11:14:49] SCORE Erlend Og Linor (red): Final=492.9, Time=96.6, Moves(34)=2.3, Pins(1)=100.0, Dist=294.0, Win Bonus=0.0
[2026-05-22 11:14:49] SCORE RL (blue): Final=415.1, Time=76.8, Moves(34)=2.3, Pins(1)=100.0, Dist=236.0, Win Bonus=0.0
[2026-05-22 11:14:49] SCORE StockWish (lawn green): Final=949.2, Time=90.9, Moves(34)=2.3, Pins(5)=500.0, Dist=356.0, Win Bonus=0.0
[2026-05-22 11:14:49] SCORE S&S (gray0): Final=958.6, Time=86.3, Moves(34)=2.3, Pins(5)=500.0, Dist=370.0, Win Bonus=0.0
[2026-05-22 11:14:49] ALL WRONG MOVES BY COLOUR: {}
[2026-05-22 11:14:49] MOVE 137: Erlend Og Linor (red) 116->112 [0.01ms]
[2026-05-22 11:14:49] SCORE Erlend Og Linor (red): Final=496.9, Time=96.5, Moves(35)=4.4, Pins(1)=100.0, Dist=296.0, Win Bonus=0.0
[2026-05-22 11:14:49] SCORE RL (blue): Final=415.1, Time=76.8, Moves(34)=2.3, Pins(1)=100.0, Dist=236.0, Win Bonus=0.0
[2026-05-22 11:14:49] SCORE StockWish (lawn green): Final=949.2, Time=90.9, Moves(34)=2.3, Pins(5)=500.0, Dist=356.0, Win Bonus=0.0
[2026-05-22 11:14:49] SCORE S&S (gray0): Final=958.6, Time=86.3, Moves(34)=2.3, Pins(5)=500.0, Dist=370.0, Win Bonus=0.0
[2026-05-22 11:14:49] ALL WRONG MOVES BY COLOUR: {}
[2026-05-22 11:14:49] MOVE 138: StockWish (lawn green) 68->67 [0.01ms]
[2026-05-22 11:14:49] SCORE Erlend Og Linor (red): Final=496.9, Time=96.5, Moves(35)=4.4, Pins(1)=100.0, Dist=296.0, Win Bonus=0.0
[2026-05-22 11:14:49] SCORE RL (blue): Final=415.1, Time=76.8, Moves(34)=2.3, Pins(1)=100.0, Dist=236.0, Win Bonus=0.0
[2026-05-22 11:14:49] SCORE StockWish (lawn green): Final=953.1, Time=90.8, Moves(35)=4.4, Pins(5)=500.0, Dist=358.0, Win Bonus=0.0
[2026-05-22 11:14:49] SCORE S&S (gray0): Final=958.6, Time=86.3, Moves(34)=2.3, Pins(5)=500.0, Dist=370.0, Win Bonus=0.0
[2026-05-22 11:14:49] ALL WRONG MOVES BY COLOUR: {}
[2026-05-22 11:14:50] MOVE 139: RL (blue) 120->118 [0.00ms]
[2026-05-22 11:14:50] SCORE Erlend Og Linor (red): Final=496.9, Time=96.5, Moves(35)=4.4, Pins(1)=100.0, Dist=296.0, Win Bonus=0.0
[2026-05-22 11:14:50] SCORE RL (blue): Final=416.4, Time=76.0, Moves(35)=4.4, Pins(1)=100.0, Dist=236.0, Win Bonus=0.0
[2026-05-22 11:14:50] SCORE StockWish (lawn green): Final=953.1, Time=90.8, Moves(35)=4.4, Pins(5)=500.0, Dist=358.0, Win Bonus=0.0
[2026-05-22 11:14:50] SCORE S&S (gray0): Final=958.6, Time=86.3, Moves(34)=2.3, Pins(5)=500.0, Dist=370.0, Win Bonus=0.0
[2026-05-22 11:14:50] ALL WRONG MOVES BY COLOUR: {}
[2026-05-22 11:14:50] MOVE 140: S&S (gray0) 40->19 [0.00ms]
[2026-05-22 11:14:50] SCORE Erlend Og Linor (red): Final=496.9, Time=96.5, Moves(35)=4.4, Pins(1)=100.0, Dist=296.0, Win Bonus=0.0
[2026-05-22 11:14:50] SCORE RL (blue): Final=416.4, Time=76.0, Moves(35)=4.4, Pins(1)=100.0, Dist=236.0, Win Bonus=0.0
[2026-05-22 11:14:50] SCORE StockWish (lawn green): Final=953.1, Time=90.8, Moves(35)=4.4, Pins(5)=500.0, Dist=358.0, Win Bonus=0.0
[2026-05-22 11:14:50] SCORE S&S (gray0): Final=1068.6, Time=86.2, Moves(35)=4.4, Pins(6)=600.0, Dist=378.0, Win Bonus=0.0
[2026-05-22 11:14:50] ALL WRONG MOVES BY COLOUR: {}
[2026-05-22 11:14:50] MOVE 141: Erlend Og Linor (red) 112->104 [0.00ms]
[2026-05-22 11:14:50] SCORE Erlend Og Linor (red): Final=502.4, Time=96.4, Moves(36)=8.0, Pins(1)=100.0, Dist=298.0, Win Bonus=0.0
[2026-05-22 11:14:50] SCORE RL (blue): Final=416.4, Time=76.0, Moves(35)=4.4, Pins(1)=100.0, Dist=236.0, Win Bonus=0.0
[2026-05-22 11:14:50] SCORE StockWish (lawn green): Final=953.1, Time=90.8, Moves(35)=4.4, Pins(5)=500.0, Dist=358.0, Win Bonus=0.0
[2026-05-22 11:14:50] SCORE S&S (gray0): Final=1068.6, Time=86.2, Moves(35)=4.4, Pins(6)=600.0, Dist=378.0, Win Bonus=0.0
[2026-05-22 11:14:50] ALL WRONG MOVES BY COLOUR: {}
[2026-05-22 11:14:50] MOVE 142: StockWish (lawn green) 99->98 [0.00ms]
[2026-05-22 11:14:50] SCORE Erlend Og Linor (red): Final=502.4, Time=96.4, Moves(36)=8.0, Pins(1)=100.0, Dist=298.0, Win Bonus=0.0
[2026-05-22 11:14:50] SCORE RL (blue): Final=416.4, Time=76.0, Moves(35)=4.4, Pins(1)=100.0, Dist=236.0, Win Bonus=0.0
[2026-05-22 11:14:50] SCORE StockWish (lawn green): Final=956.6, Time=90.7, Moves(36)=8.0, Pins(5)=500.0, Dist=358.0, Win Bonus=0.0
[2026-05-22 11:14:50] SCORE S&S (gray0): Final=1068.6, Time=86.2, Moves(35)=4.4, Pins(6)=600.0, Dist=378.0, Win Bonus=0.0
[2026-05-22 11:14:50] ALL WRONG MOVES BY COLOUR: {}
[2026-05-22 11:14:51] MOVE 143: RL (blue) 118->119 [0.00ms]
[2026-05-22 11:14:51] SCORE Erlend Og Linor (red): Final=502.4, Time=96.4, Moves(36)=8.0, Pins(1)=100.0, Dist=298.0, Win Bonus=0.0
[2026-05-22 11:14:51] SCORE RL (blue): Final=419.2, Time=75.2, Moves(36)=8.0, Pins(1)=100.0, Dist=236.0, Win Bonus=0.0
[2026-05-22 11:14:51] SCORE StockWish (lawn green): Final=956.6, Time=90.7, Moves(36)=8.0, Pins(5)=500.0, Dist=358.0, Win Bonus=0.0
[2026-05-22 11:14:51] SCORE S&S (gray0): Final=1068.6, Time=86.2, Moves(35)=4.4, Pins(6)=600.0, Dist=378.0, Win Bonus=0.0
[2026-05-22 11:14:51] ALL WRONG MOVES BY COLOUR: {}
[2026-05-22 11:14:51] MOVE 144: S&S (gray0) 82->17 [0.00ms]
[2026-05-22 11:14:51] SCORE Erlend Og Linor (red): Final=502.4, Time=96.4, Moves(36)=8.0, Pins(1)=100.0, Dist=298.0, Win Bonus=0.0
[2026-05-22 11:14:51] SCORE RL (blue): Final=419.2, Time=75.2, Moves(36)=8.0, Pins(1)=100.0, Dist=236.0, Win Bonus=0.0
[2026-05-22 11:14:51] SCORE StockWish (lawn green): Final=956.6, Time=90.7, Moves(36)=8.0, Pins(5)=500.0, Dist=358.0, Win Bonus=0.0
[2026-05-22 11:14:51] SCORE S&S (gray0): Final=1076.0, Time=86.1, Moves(36)=8.0, Pins(6)=600.0, Dist=382.0, Win Bonus=0.0
[2026-05-22 11:14:51] ALL WRONG MOVES BY COLOUR: {}
[2026-05-22 11:14:51] MOVE 145: Erlend Og Linor (red) 59->49 [0.00ms]
[2026-05-22 11:14:51] SCORE Erlend Og Linor (red): Final=509.9, Time=96.4, Moves(37)=13.5, Pins(1)=100.0, Dist=300.0, Win Bonus=0.0
[2026-05-22 11:14:51] SCORE RL (blue): Final=419.2, Time=75.2, Moves(36)=8.0, Pins(1)=100.0, Dist=236.0, Win Bonus=0.0
[2026-05-22 11:14:51] SCORE StockWish (lawn green): Final=956.6, Time=90.7, Moves(36)=8.0, Pins(5)=500.0, Dist=358.0, Win Bonus=0.0
[2026-05-22 11:14:51] SCORE S&S (gray0): Final=1076.0, Time=86.1, Moves(36)=8.0, Pins(6)=600.0, Dist=382.0, Win Bonus=0.0
[2026-05-22 11:14:51] ALL WRONG MOVES BY COLOUR: {}
[2026-05-22 11:14:51] MOVE 146: StockWish (lawn green) 76->99 [0.00ms]
[2026-05-22 11:14:51] SCORE Erlend Og Linor (red): Final=509.9, Time=96.4, Moves(37)=13.5, Pins(1)=100.0, Dist=300.0, Win Bonus=0.0
[2026-05-22 11:14:51] SCORE RL (blue): Final=419.2, Time=75.2, Moves(36)=8.0, Pins(1)=100.0, Dist=236.0, Win Bonus=0.0
[2026-05-22 11:14:51] SCORE StockWish (lawn green): Final=962.1, Time=90.6, Moves(37)=13.5, Pins(5)=500.0, Dist=358.0, Win Bonus=0.0
[2026-05-22 11:14:51] SCORE S&S (gray0): Final=1076.0, Time=86.1, Moves(36)=8.0, Pins(6)=600.0, Dist=382.0, Win Bonus=0.0
[2026-05-22 11:14:51] ALL WRONG MOVES BY COLOUR: {}
[2026-05-22 11:14:52] MOVE 147: RL (blue) 119->118 [0.01ms]
[2026-05-22 11:14:52] SCORE Erlend Og Linor (red): Final=509.9, Time=96.4, Moves(37)=13.5, Pins(1)=100.0, Dist=300.0, Win Bonus=0.0
[2026-05-22 11:14:52] SCORE RL (blue): Final=424.0, Time=74.5, Moves(37)=13.5, Pins(1)=100.0, Dist=236.0, Win Bonus=0.0
[2026-05-22 11:14:52] SCORE StockWish (lawn green): Final=962.1, Time=90.6, Moves(37)=13.5, Pins(5)=500.0, Dist=358.0, Win Bonus=0.0
[2026-05-22 11:14:52] SCORE S&S (gray0): Final=1076.0, Time=86.1, Moves(36)=8.0, Pins(6)=600.0, Dist=382.0, Win Bonus=0.0
[2026-05-22 11:14:52] ALL WRONG MOVES BY COLOUR: {}
[2026-05-22 11:14:52] MOVE 148: S&S (gray0) 28->29 [0.01ms]
[2026-05-22 11:14:52] SCORE Erlend Og Linor (red): Final=509.9, Time=96.4, Moves(37)=13.5, Pins(1)=100.0, Dist=300.0, Win Bonus=0.0
[2026-05-22 11:14:52] SCORE RL (blue): Final=424.0, Time=74.5, Moves(37)=13.5, Pins(1)=100.0, Dist=236.0, Win Bonus=0.0
[2026-05-22 11:14:52] SCORE StockWish (lawn green): Final=962.1, Time=90.6, Moves(37)=13.5, Pins(5)=500.0, Dist=358.0, Win Bonus=0.0
[2026-05-22 11:14:52] SCORE S&S (gray0): Final=1083.5, Time=85.9, Moves(37)=13.5, Pins(6)=600.0, Dist=384.0, Win Bonus=0.0
[2026-05-22 11:14:52] ALL WRONG MOVES BY COLOUR: {}
[2026-05-22 11:14:52] MOVE 149: Erlend Og Linor (red) 49->39 [0.01ms]
[2026-05-22 11:14:52] SCORE Erlend Og Linor (red): Final=519.9, Time=96.3, Moves(38)=21.6, Pins(1)=100.0, Dist=302.0, Win Bonus=0.0
[2026-05-22 11:14:52] SCORE RL (blue): Final=424.0, Time=74.5, Moves(37)=13.5, Pins(1)=100.0, Dist=236.0, Win Bonus=0.0
[2026-05-22 11:14:52] SCORE StockWish (lawn green): Final=962.1, Time=90.6, Moves(37)=13.5, Pins(5)=500.0, Dist=358.0, Win Bonus=0.0
[2026-05-22 11:14:52] SCORE S&S (gray0): Final=1083.5, Time=85.9, Moves(37)=13.5, Pins(6)=600.0, Dist=384.0, Win Bonus=0.0
[2026-05-22 11:14:52] ALL WRONG MOVES BY COLOUR: {}
[2026-05-22 11:14:52] MOVE 150: StockWish (lawn green) 66->76 [0.00ms]
[2026-05-22 11:14:52] SCORE Erlend Og Linor (red): Final=519.9, Time=96.3, Moves(38)=21.6, Pins(1)=100.0, Dist=302.0, Win Bonus=0.0
[2026-05-22 11:14:52] SCORE RL (blue): Final=424.0, Time=74.5, Moves(37)=13.5, Pins(1)=100.0, Dist=236.0, Win Bonus=0.0
[2026-05-22 11:14:52] SCORE StockWish (lawn green): Final=1072.1, Time=90.5, Moves(38)=21.6, Pins(6)=600.0, Dist=360.0, Win Bonus=0.0
[2026-05-22 11:14:52] SCORE S&S (gray0): Final=1083.5, Time=85.9, Moves(37)=13.5, Pins(6)=600.0, Dist=384.0, Win Bonus=0.0
[2026-05-22 11:14:52] ALL WRONG MOVES BY COLOUR: {}
[2026-05-22 11:14:53] MOVE 151: RL (blue) 118->120 [0.01ms]
[2026-05-22 11:14:53] SCORE Erlend Og Linor (red): Final=519.9, Time=96.3, Moves(38)=21.6, Pins(1)=100.0, Dist=302.0, Win Bonus=0.0
[2026-05-22 11:14:53] SCORE RL (blue): Final=431.4, Time=73.8, Moves(38)=21.6, Pins(1)=100.0, Dist=236.0, Win Bonus=0.0
[2026-05-22 11:14:53] SCORE StockWish (lawn green): Final=1072.1, Time=90.5, Moves(38)=21.6, Pins(6)=600.0, Dist=360.0, Win Bonus=0.0
[2026-05-22 11:14:53] SCORE S&S (gray0): Final=1083.5, Time=85.9, Moves(37)=13.5, Pins(6)=600.0, Dist=384.0, Win Bonus=0.0
[2026-05-22 11:14:53] ALL WRONG MOVES BY COLOUR: {}
[2026-05-22 11:14:53] MOVE 152: S&S (gray0) 29->54 [0.00ms]
[2026-05-22 11:14:53] SCORE Erlend Og Linor (red): Final=519.9, Time=96.3, Moves(38)=21.6, Pins(1)=100.0, Dist=302.0, Win Bonus=0.0
[2026-05-22 11:14:53] SCORE RL (blue): Final=431.4, Time=73.8, Moves(38)=21.6, Pins(1)=100.0, Dist=236.0, Win Bonus=0.0
[2026-05-22 11:14:53] SCORE StockWish (lawn green): Final=1072.1, Time=90.5, Moves(38)=21.6, Pins(6)=600.0, Dist=360.0, Win Bonus=0.0
[2026-05-22 11:14:53] SCORE S&S (gray0): Final=1095.4, Time=85.8, Moves(38)=21.6, Pins(6)=600.0, Dist=388.0, Win Bonus=0.0
[2026-05-22 11:14:53] ALL WRONG MOVES BY COLOUR: {}
[2026-05-22 11:14:53] MOVE 153: Erlend Og Linor (red) 81->80 [0.00ms]
[2026-05-22 11:14:53] SCORE Erlend Og Linor (red): Final=530.7, Time=96.2, Moves(39)=32.5, Pins(1)=100.0, Dist=302.0, Win Bonus=0.0
[2026-05-22 11:14:53] SCORE RL (blue): Final=431.4, Time=73.8, Moves(38)=21.6, Pins(1)=100.0, Dist=236.0, Win Bonus=0.0
[2026-05-22 11:14:53] SCORE StockWish (lawn green): Final=1072.1, Time=90.5, Moves(38)=21.6, Pins(6)=600.0, Dist=360.0, Win Bonus=0.0
[2026-05-22 11:14:53] SCORE S&S (gray0): Final=1095.4, Time=85.8, Moves(38)=21.6, Pins(6)=600.0, Dist=388.0, Win Bonus=0.0
[2026-05-22 11:14:53] ALL WRONG MOVES BY COLOUR: {}
[2026-05-22 11:14:53] MOVE 154: StockWish (lawn green) 76->75 [0.00ms]
[2026-05-22 11:14:53] SCORE Erlend Og Linor (red): Final=530.7, Time=96.2, Moves(39)=32.5, Pins(1)=100.0, Dist=302.0, Win Bonus=0.0
[2026-05-22 11:14:53] SCORE RL (blue): Final=431.4, Time=73.8, Moves(38)=21.6, Pins(1)=100.0, Dist=236.0, Win Bonus=0.0
[2026-05-22 11:14:53] SCORE StockWish (lawn green): Final=1082.9, Time=90.5, Moves(39)=32.5, Pins(6)=600.0, Dist=360.0, Win Bonus=0.0
[2026-05-22 11:14:53] SCORE S&S (gray0): Final=1095.4, Time=85.8, Moves(38)=21.6, Pins(6)=600.0, Dist=388.0, Win Bonus=0.0
[2026-05-22 11:14:53] ALL WRONG MOVES BY COLOUR: {}
[2026-05-22 11:14:54] MOVE 155: RL (blue) 120->118 [0.00ms]
[2026-05-22 11:14:54] SCORE Erlend Og Linor (red): Final=530.7, Time=96.2, Moves(39)=32.5, Pins(1)=100.0, Dist=302.0, Win Bonus=0.0
[2026-05-22 11:14:54] SCORE RL (blue): Final=441.6, Time=73.1, Moves(39)=32.5, Pins(1)=100.0, Dist=236.0, Win Bonus=0.0
[2026-05-22 11:14:54] SCORE StockWish (lawn green): Final=1082.9, Time=90.5, Moves(39)=32.5, Pins(6)=600.0, Dist=360.0, Win Bonus=0.0
[2026-05-22 11:14:54] SCORE S&S (gray0): Final=1095.4, Time=85.8, Moves(38)=21.6, Pins(6)=600.0, Dist=388.0, Win Bonus=0.0
[2026-05-22 11:14:54] ALL WRONG MOVES BY COLOUR: {}
[2026-05-22 11:14:54] MOVE 156: S&S (gray0) 63->44 [0.01ms]
[2026-05-22 11:14:54] SCORE Erlend Og Linor (red): Final=530.7, Time=96.2, Moves(39)=32.5, Pins(1)=100.0, Dist=302.0, Win Bonus=0.0
[2026-05-22 11:14:54] SCORE RL (blue): Final=441.6, Time=73.1, Moves(39)=32.5, Pins(1)=100.0, Dist=236.0, Win Bonus=0.0
[2026-05-22 11:14:54] SCORE StockWish (lawn green): Final=1082.9, Time=90.5, Moves(39)=32.5, Pins(6)=600.0, Dist=360.0, Win Bonus=0.0
[2026-05-22 11:14:54] SCORE S&S (gray0): Final=1210.2, Time=85.7, Moves(39)=32.5, Pins(7)=700.0, Dist=392.0, Win Bonus=0.0
[2026-05-22 11:14:54] ALL WRONG MOVES BY COLOUR: {}
[2026-05-22 11:14:54] MOVE 157: Erlend Og Linor (red) 80->59 [0.01ms]
[2026-05-22 11:14:54] SCORE Erlend Og Linor (red): Final=547.9, Time=96.2, Moves(40)=45.8, Pins(1)=100.0, Dist=306.0, Win Bonus=0.0
[2026-05-22 11:14:54] SCORE RL (blue): Final=441.6, Time=73.1, Moves(39)=32.5, Pins(1)=100.0, Dist=236.0, Win Bonus=0.0
[2026-05-22 11:14:54] SCORE StockWish (lawn green): Final=1082.9, Time=90.5, Moves(39)=32.5, Pins(6)=600.0, Dist=360.0, Win Bonus=0.0
[2026-05-22 11:14:54] SCORE S&S (gray0): Final=1210.2, Time=85.7, Moves(39)=32.5, Pins(7)=700.0, Dist=392.0, Win Bonus=0.0
[2026-05-22 11:14:54] ALL WRONG MOVES BY COLOUR: {}
[2026-05-22 11:14:54] MOVE 158: StockWish (lawn green) 75->86 [0.00ms]
[2026-05-22 11:14:54] SCORE Erlend Og Linor (red): Final=547.9, Time=96.2, Moves(40)=45.8, Pins(1)=100.0, Dist=306.0, Win Bonus=0.0
[2026-05-22 11:14:54] SCORE RL (blue): Final=441.6, Time=73.1, Moves(39)=32.5, Pins(1)=100.0, Dist=236.0, Win Bonus=0.0
[2026-05-22 11:14:54] SCORE StockWish (lawn green): Final=1096.1, Time=90.4, Moves(40)=45.8, Pins(6)=600.0, Dist=360.0, Win Bonus=0.0
[2026-05-22 11:14:54] SCORE S&S (gray0): Final=1210.2, Time=85.7, Moves(39)=32.5, Pins(7)=700.0, Dist=392.0, Win Bonus=0.0
[2026-05-22 11:14:54] ALL WRONG MOVES BY COLOUR: {}
[2026-05-22 11:14:55] MOVE 159: RL (blue) 118->119 [0.00ms]
[2026-05-22 11:14:55] SCORE Erlend Og Linor (red): Final=547.9, Time=96.2, Moves(40)=45.8, Pins(1)=100.0, Dist=306.0, Win Bonus=0.0
[2026-05-22 11:14:55] SCORE RL (blue): Final=454.2, Time=72.4, Moves(40)=45.8, Pins(1)=100.0, Dist=236.0, Win Bonus=0.0
[2026-05-22 11:14:55] SCORE StockWish (lawn green): Final=1096.1, Time=90.4, Moves(40)=45.8, Pins(6)=600.0, Dist=360.0, Win Bonus=0.0
[2026-05-22 11:14:55] SCORE S&S (gray0): Final=1210.2, Time=85.7, Moves(39)=32.5, Pins(7)=700.0, Dist=392.0, Win Bonus=0.0
[2026-05-22 11:14:55] ALL WRONG MOVES BY COLOUR: {}
[2026-05-22 11:14:55] MOVE 160: S&S (gray0) 54->55 [0.01ms]
[2026-05-22 11:14:55] SCORE Erlend Og Linor (red): Final=547.9, Time=96.2, Moves(40)=45.8, Pins(1)=100.0, Dist=306.0, Win Bonus=0.0
[2026-05-22 11:14:55] SCORE RL (blue): Final=454.2, Time=72.4, Moves(40)=45.8, Pins(1)=100.0, Dist=236.0, Win Bonus=0.0
[2026-05-22 11:14:55] SCORE StockWish (lawn green): Final=1096.1, Time=90.4, Moves(40)=45.8, Pins(6)=600.0, Dist=360.0, Win Bonus=0.0
[2026-05-22 11:14:55] SCORE S&S (gray0): Final=1325.4, Time=85.6, Moves(40)=45.8, Pins(8)=800.0, Dist=394.0, Win Bonus=0.0
[2026-05-22 11:14:55] ALL WRONG MOVES BY COLOUR: {}
[2026-05-22 11:14:55] MOVE 161: Erlend Og Linor (red) 59->49 [0.00ms]
[2026-05-22 11:14:55] SCORE Erlend Og Linor (red): Final=564.7, Time=96.1, Moves(41)=60.7, Pins(1)=100.0, Dist=308.0, Win Bonus=0.0
[2026-05-22 11:14:55] SCORE RL (blue): Final=454.2, Time=72.4, Moves(40)=45.8, Pins(1)=100.0, Dist=236.0, Win Bonus=0.0
[2026-05-22 11:14:55] SCORE StockWish (lawn green): Final=1096.1, Time=90.4, Moves(40)=45.8, Pins(6)=600.0, Dist=360.0, Win Bonus=0.0
[2026-05-22 11:14:55] SCORE S&S (gray0): Final=1325.4, Time=85.6, Moves(40)=45.8, Pins(8)=800.0, Dist=394.0, Win Bonus=0.0
[2026-05-22 11:14:55] ALL WRONG MOVES BY COLOUR: {}
[2026-05-22 11:14:55] MOVE 162: StockWish (lawn green) 67->77 [0.00ms]
[2026-05-22 11:14:55] SCORE Erlend Og Linor (red): Final=564.7, Time=96.1, Moves(41)=60.7, Pins(1)=100.0, Dist=308.0, Win Bonus=0.0
[2026-05-22 11:14:55] SCORE RL (blue): Final=454.2, Time=72.4, Moves(40)=45.8, Pins(1)=100.0, Dist=236.0, Win Bonus=0.0
[2026-05-22 11:14:55] SCORE StockWish (lawn green): Final=1112.9, Time=90.3, Moves(41)=60.7, Pins(6)=600.0, Dist=362.0, Win Bonus=0.0
[2026-05-22 11:14:55] SCORE S&S (gray0): Final=1325.4, Time=85.6, Moves(40)=45.8, Pins(8)=800.0, Dist=394.0, Win Bonus=0.0
[2026-05-22 11:14:55] ALL WRONG MOVES BY COLOUR: {}
[2026-05-22 11:14:56] MOVE 163: RL (blue) 119->118 [0.06ms]
[2026-05-22 11:14:56] SCORE Erlend Og Linor (red): Final=564.7, Time=96.1, Moves(41)=60.7, Pins(1)=100.0, Dist=308.0, Win Bonus=0.0
[2026-05-22 11:14:56] SCORE RL (blue): Final=468.4, Time=71.7, Moves(41)=60.7, Pins(1)=100.0, Dist=236.0, Win Bonus=0.0
[2026-05-22 11:14:56] SCORE StockWish (lawn green): Final=1112.9, Time=90.3, Moves(41)=60.7, Pins(6)=600.0, Dist=362.0, Win Bonus=0.0
[2026-05-22 11:14:56] SCORE S&S (gray0): Final=1325.4, Time=85.6, Moves(40)=45.8, Pins(8)=800.0, Dist=394.0, Win Bonus=0.0
[2026-05-22 11:14:56] ALL WRONG MOVES BY COLOUR: {}
[2026-05-22 11:14:56] MOVE 164: S&S (gray0) 20->33 [0.00ms]
[2026-05-22 11:14:56] SCORE Erlend Og Linor (red): Final=564.7, Time=96.1, Moves(41)=60.7, Pins(1)=100.0, Dist=308.0, Win Bonus=0.0
[2026-05-22 11:14:56] SCORE RL (blue): Final=468.4, Time=71.7, Moves(41)=60.7, Pins(1)=100.0, Dist=236.0, Win Bonus=0.0
[2026-05-22 11:14:56] SCORE StockWish (lawn green): Final=1112.9, Time=90.3, Moves(41)=60.7, Pins(6)=600.0, Dist=362.0, Win Bonus=0.0
[2026-05-22 11:14:56] SCORE S&S (gray0): Final=1340.2, Time=85.5, Moves(41)=60.7, Pins(8)=800.0, Dist=394.0, Win Bonus=0.0
[2026-05-22 11:14:56] ALL WRONG MOVES BY COLOUR: {}
[2026-05-22 11:14:56] MOVE 165: Erlend Og Linor (red) 104->92 [0.00ms]
[2026-05-22 11:14:56] SCORE Erlend Og Linor (red): Final=581.5, Time=96.0, Moves(42)=75.5, Pins(1)=100.0, Dist=310.0, Win Bonus=0.0
[2026-05-22 11:14:56] SCORE RL (blue): Final=468.4, Time=71.7, Moves(41)=60.7, Pins(1)=100.0, Dist=236.0, Win Bonus=0.0
[2026-05-22 11:14:56] SCORE StockWish (lawn green): Final=1112.9, Time=90.3, Moves(41)=60.7, Pins(6)=600.0, Dist=362.0, Win Bonus=0.0
[2026-05-22 11:14:56] SCORE S&S (gray0): Final=1340.2, Time=85.5, Moves(41)=60.7, Pins(8)=800.0, Dist=394.0, Win Bonus=0.0
[2026-05-22 11:14:56] ALL WRONG MOVES BY COLOUR: {}
[2026-05-22 11:14:56] MOVE 166: StockWish (lawn green) 77->100 [0.00ms]
[2026-05-22 11:14:56] SCORE Erlend Og Linor (red): Final=581.5, Time=96.0, Moves(42)=75.5, Pins(1)=100.0, Dist=310.0, Win Bonus=0.0
[2026-05-22 11:14:56] SCORE RL (blue): Final=468.4, Time=71.7, Moves(41)=60.7, Pins(1)=100.0, Dist=236.0, Win Bonus=0.0
[2026-05-22 11:14:56] SCORE StockWish (lawn green): Final=1229.7, Time=90.2, Moves(42)=75.5, Pins(7)=700.0, Dist=364.0, Win Bonus=0.0
[2026-05-22 11:14:56] SCORE S&S (gray0): Final=1340.2, Time=85.5, Moves(41)=60.7, Pins(8)=800.0, Dist=394.0, Win Bonus=0.0
[2026-05-22 11:14:56] ALL WRONG MOVES BY COLOUR: {}
[2026-05-22 11:14:57] MOVE 167: RL (blue) 118->120 [0.00ms]
[2026-05-22 11:14:57] SCORE Erlend Og Linor (red): Final=581.5, Time=96.0, Moves(42)=75.5, Pins(1)=100.0, Dist=310.0, Win Bonus=0.0
[2026-05-22 11:14:57] SCORE RL (blue): Final=482.6, Time=71.1, Moves(42)=75.5, Pins(1)=100.0, Dist=236.0, Win Bonus=0.0
[2026-05-22 11:14:57] SCORE StockWish (lawn green): Final=1229.7, Time=90.2, Moves(42)=75.5, Pins(7)=700.0, Dist=364.0, Win Bonus=0.0
[2026-05-22 11:14:57] SCORE S&S (gray0): Final=1340.2, Time=85.5, Moves(41)=60.7, Pins(8)=800.0, Dist=394.0, Win Bonus=0.0
[2026-05-22 11:14:57] ALL WRONG MOVES BY COLOUR: {}
[2026-05-22 11:14:57] MOVE 168: S&S (gray0) 18->20 [0.00ms]
[2026-05-22 11:14:57] SCORE Erlend Og Linor (red): Final=581.5, Time=96.0, Moves(42)=75.5, Pins(1)=100.0, Dist=310.0, Win Bonus=0.0
[2026-05-22 11:14:57] SCORE RL (blue): Final=482.6, Time=71.1, Moves(42)=75.5, Pins(1)=100.0, Dist=236.0, Win Bonus=0.0
[2026-05-22 11:14:57] SCORE StockWish (lawn green): Final=1229.7, Time=90.2, Moves(42)=75.5, Pins(7)=700.0, Dist=364.0, Win Bonus=0.0
[2026-05-22 11:14:57] SCORE S&S (gray0): Final=1456.8, Time=85.3, Moves(42)=75.5, Pins(9)=900.0, Dist=396.0, Win Bonus=0.0
[2026-05-22 11:14:57] ALL WRONG MOVES BY COLOUR: {}
[2026-05-22 11:14:57] MOVE 169: Erlend Og Linor (red) 92->81 [0.00ms]
[2026-05-22 11:14:57] SCORE Erlend Og Linor (red): Final=596.2, Time=95.9, Moves(43)=88.2, Pins(1)=100.0, Dist=312.0, Win Bonus=0.0
[2026-05-22 11:14:57] SCORE RL (blue): Final=482.6, Time=71.1, Moves(42)=75.5, Pins(1)=100.0, Dist=236.0, Win Bonus=0.0
[2026-05-22 11:14:57] SCORE StockWish (lawn green): Final=1229.7, Time=90.2, Moves(42)=75.5, Pins(7)=700.0, Dist=364.0, Win Bonus=0.0
[2026-05-22 11:14:57] SCORE S&S (gray0): Final=1456.8, Time=85.3, Moves(42)=75.5, Pins(9)=900.0, Dist=396.0, Win Bonus=0.0
[2026-05-22 11:14:57] ALL WRONG MOVES BY COLOUR: {}
[2026-05-22 11:14:57] MOVE 170: StockWish (lawn green) 89->88 [0.01ms]
[2026-05-22 11:14:57] SCORE Erlend Og Linor (red): Final=596.2, Time=95.9, Moves(43)=88.2, Pins(1)=100.0, Dist=312.0, Win Bonus=0.0
[2026-05-22 11:14:57] SCORE RL (blue): Final=482.6, Time=71.1, Moves(42)=75.5, Pins(1)=100.0, Dist=236.0, Win Bonus=0.0
[2026-05-22 11:14:57] SCORE StockWish (lawn green): Final=1344.4, Time=90.1, Moves(43)=88.2, Pins(8)=800.0, Dist=366.0, Win Bonus=0.0
[2026-05-22 11:14:57] SCORE S&S (gray0): Final=1456.8, Time=85.3, Moves(42)=75.5, Pins(9)=900.0, Dist=396.0, Win Bonus=0.0
[2026-05-22 11:14:57] ALL WRONG MOVES BY COLOUR: {}
[2026-05-22 11:14:58] MOVE 171: RL (blue) 120->119 [0.00ms]
[2026-05-22 11:14:58] SCORE Erlend Og Linor (red): Final=596.2, Time=95.9, Moves(43)=88.2, Pins(1)=100.0, Dist=312.0, Win Bonus=0.0
[2026-05-22 11:14:58] SCORE RL (blue): Final=494.7, Time=70.4, Moves(43)=88.2, Pins(1)=100.0, Dist=236.0, Win Bonus=0.0
[2026-05-22 11:14:58] SCORE StockWish (lawn green): Final=1344.4, Time=90.1, Moves(43)=88.2, Pins(8)=800.0, Dist=366.0, Win Bonus=0.0
[2026-05-22 11:14:58] SCORE S&S (gray0): Final=1456.8, Time=85.3, Moves(42)=75.5, Pins(9)=900.0, Dist=396.0, Win Bonus=0.0
[2026-05-22 11:14:58] ALL WRONG MOVES BY COLOUR: {}
[2026-05-22 11:14:58] MOVE 172: S&S (gray0) 17->18 [0.00ms]
[2026-05-22 11:14:58] SCORE Erlend Og Linor (red): Final=596.2, Time=95.9, Moves(43)=88.2, Pins(1)=100.0, Dist=312.0, Win Bonus=0.0
[2026-05-22 11:14:58] SCORE RL (blue): Final=494.7, Time=70.4, Moves(43)=88.2, Pins(1)=100.0, Dist=236.0, Win Bonus=0.0
[2026-05-22 11:14:58] SCORE StockWish (lawn green): Final=1344.4, Time=90.1, Moves(43)=88.2, Pins(8)=800.0, Dist=366.0, Win Bonus=0.0
[2026-05-22 11:14:58] SCORE S&S (gray0): Final=1471.4, Time=85.2, Moves(43)=88.2, Pins(9)=900.0, Dist=398.0, Win Bonus=0.0
[2026-05-22 11:14:58] ALL WRONG MOVES BY COLOUR: {}
[2026-05-22 11:14:58] MOVE 173: Erlend Og Linor (red) 81->80 [0.01ms]
[2026-05-22 11:14:58] SCORE Erlend Og Linor (red): Final=604.8, Time=95.9, Moves(44)=96.9, Pins(1)=100.0, Dist=312.0, Win Bonus=0.0
[2026-05-22 11:14:58] SCORE RL (blue): Final=494.7, Time=70.4, Moves(43)=88.2, Pins(1)=100.0, Dist=236.0, Win Bonus=0.0
[2026-05-22 11:14:58] SCORE StockWish (lawn green): Final=1344.4, Time=90.1, Moves(43)=88.2, Pins(8)=800.0, Dist=366.0, Win Bonus=0.0
[2026-05-22 11:14:58] SCORE S&S (gray0): Final=1471.4, Time=85.2, Moves(43)=88.2, Pins(9)=900.0, Dist=398.0, Win Bonus=0.0
[2026-05-22 11:14:58] ALL WRONG MOVES BY COLOUR: {}
[2026-05-22 11:14:58] MOVE 174: StockWish (lawn green) 43->53 [0.00ms]
[2026-05-22 11:14:58] SCORE Erlend Og Linor (red): Final=604.8, Time=95.9, Moves(44)=96.9, Pins(1)=100.0, Dist=312.0, Win Bonus=0.0
[2026-05-22 11:14:58] SCORE RL (blue): Final=494.7, Time=70.4, Moves(43)=88.2, Pins(1)=100.0, Dist=236.0, Win Bonus=0.0
[2026-05-22 11:14:58] SCORE StockWish (lawn green): Final=1354.9, Time=90.0, Moves(44)=96.9, Pins(8)=800.0, Dist=368.0, Win Bonus=0.0
[2026-05-22 11:14:58] SCORE S&S (gray0): Final=1471.4, Time=85.2, Moves(43)=88.2, Pins(9)=900.0, Dist=398.0, Win Bonus=0.0
[2026-05-22 11:14:58] ALL WRONG MOVES BY COLOUR: {}
[2026-05-22 11:14:59] MOVE 175: RL (blue) 119->120 [0.01ms]
[2026-05-22 11:14:59] SCORE Erlend Og Linor (red): Final=604.8, Time=95.9, Moves(44)=96.9, Pins(1)=100.0, Dist=312.0, Win Bonus=0.0
[2026-05-22 11:14:59] SCORE RL (blue): Final=502.7, Time=69.7, Moves(44)=96.9, Pins(1)=100.0, Dist=236.0, Win Bonus=0.0
[2026-05-22 11:14:59] SCORE StockWish (lawn green): Final=1354.9, Time=90.0, Moves(44)=96.9, Pins(8)=800.0, Dist=368.0, Win Bonus=0.0
[2026-05-22 11:14:59] SCORE S&S (gray0): Final=1471.4, Time=85.2, Moves(43)=88.2, Pins(9)=900.0, Dist=398.0, Win Bonus=0.0
[2026-05-22 11:14:59] ALL WRONG MOVES BY COLOUR: {}
[2026-05-22 11:14:59] MOVE 176: S&S (gray0) 19->32 [0.00ms]
[2026-05-22 11:14:59] SCORE Erlend Og Linor (red): Final=604.8, Time=95.9, Moves(44)=96.9, Pins(1)=100.0, Dist=312.0, Win Bonus=0.0
[2026-05-22 11:14:59] SCORE RL (blue): Final=502.7, Time=69.7, Moves(44)=96.9, Pins(1)=100.0, Dist=236.0, Win Bonus=0.0
[2026-05-22 11:14:59] SCORE StockWish (lawn green): Final=1354.9, Time=90.0, Moves(44)=96.9, Pins(8)=800.0, Dist=368.0, Win Bonus=0.0
[2026-05-22 11:14:59] SCORE S&S (gray0): Final=1480.0, Time=85.1, Moves(44)=96.9, Pins(9)=900.0, Dist=398.0, Win Bonus=0.0
[2026-05-22 11:14:59] ALL WRONG MOVES BY COLOUR: {}
[2026-05-22 11:14:59] MOVE 177: Erlend Og Linor (red) 80->40 [0.00ms]
[2026-05-22 11:14:59] SCORE Erlend Og Linor (red): Final=615.8, Time=95.8, Moves(45)=100.0, Pins(1)=100.0, Dist=320.0, Win Bonus=0.0
[2026-05-22 11:14:59] SCORE RL (blue): Final=502.7, Time=69.7, Moves(44)=96.9, Pins(1)=100.0, Dist=236.0, Win Bonus=0.0
[2026-05-22 11:14:59] SCORE StockWish (lawn green): Final=1354.9, Time=90.0, Moves(44)=96.9, Pins(8)=800.0, Dist=368.0, Win Bonus=0.0
[2026-05-22 11:14:59] SCORE S&S (gray0): Final=1480.0, Time=85.1, Moves(44)=96.9, Pins(9)=900.0, Dist=398.0, Win Bonus=0.0
[2026-05-22 11:14:59] ALL WRONG MOVES BY COLOUR: {}
[2026-05-22 11:14:59] MOVE 178: StockWish (lawn green) 53->52 [0.01ms]
[2026-05-22 11:14:59] SCORE Erlend Og Linor (red): Final=615.8, Time=95.8, Moves(45)=100.0, Pins(1)=100.0, Dist=320.0, Win Bonus=0.0
[2026-05-22 11:14:59] SCORE RL (blue): Final=502.7, Time=69.7, Moves(44)=96.9, Pins(1)=100.0, Dist=236.0, Win Bonus=0.0
[2026-05-22 11:14:59] SCORE StockWish (lawn green): Final=1359.9, Time=89.9, Moves(45)=100.0, Pins(8)=800.0, Dist=370.0, Win Bonus=0.0
[2026-05-22 11:14:59] SCORE S&S (gray0): Final=1480.0, Time=85.1, Moves(44)=96.9, Pins(9)=900.0, Dist=398.0, Win Bonus=0.0
[2026-05-22 11:14:59] ALL WRONG MOVES BY COLOUR: {}
[2026-05-22 11:14:59] MOVE 179: RL (blue) 120->118 [0.00ms]
[2026-05-22 11:14:59] SCORE Erlend Og Linor (red): Final=615.8, Time=95.8, Moves(45)=100.0, Pins(1)=100.0, Dist=320.0, Win Bonus=0.0
[2026-05-22 11:14:59] SCORE RL (blue): Final=505.1, Time=69.1, Moves(45)=100.0, Pins(1)=100.0, Dist=236.0, Win Bonus=0.0
[2026-05-22 11:14:59] SCORE StockWish (lawn green): Final=1359.9, Time=89.9, Moves(45)=100.0, Pins(8)=800.0, Dist=370.0, Win Bonus=0.0
[2026-05-22 11:14:59] SCORE S&S (gray0): Final=1480.0, Time=85.1, Moves(44)=96.9, Pins(9)=900.0, Dist=398.0, Win Bonus=0.0
[2026-05-22 11:14:59] ALL WRONG MOVES BY COLOUR: {}
[2026-05-22 11:15:00] MOVE 180: S&S (gray0) 18->19 [0.00ms]
[2026-05-22 11:15:00] SCORE Erlend Og Linor (red): Final=615.8, Time=95.8, Moves(45)=100.0, Pins(1)=100.0, Dist=320.0, Win Bonus=0.0
[2026-05-22 11:15:00] SCORE RL (blue): Final=505.1, Time=69.1, Moves(45)=100.0, Pins(1)=100.0, Dist=236.0, Win Bonus=0.0
[2026-05-22 11:15:00] SCORE StockWish (lawn green): Final=1359.9, Time=89.9, Moves(45)=100.0, Pins(8)=800.0, Dist=370.0, Win Bonus=0.0
[2026-05-22 11:15:00] SCORE S&S (gray0): Final=2584.9, Time=84.9, Moves(45)=100.0, Pins(10)=1000.0, Dist=400.0, Win Bonus=1000.0
[2026-05-22 11:15:00] ALL WRONG MOVES BY COLOUR: {}
