[2026-05-22 10:19:52] GAME CREATED
[2026-05-22 10:19:56] PLAYER JOINED: AlphaZeroClue as red
[2026-05-22 10:19:58] PLAYER JOINED: Gruppe 67 as blue
[2026-05-22 10:20:00] PLAYER JOINED: Gruppe 2 as lawn green
[2026-05-22 10:20:05] PLAYER JOINED: Gruppe 1 as gray0
[2026-05-22 10:20:59] PLAYER JOINED: The bandits as yellow
[2026-05-22 10:22:13] PLAYER START (FORCE): AlphaZeroClue (red)
[2026-05-22 10:22:13] PLAYER START (FORCE): Gruppe 67 (blue)
[2026-05-22 10:22:13] PLAYER START (FORCE): Gruppe 2 (lawn green)
[2026-05-22 10:22:13] PLAYER START (FORCE): Gruppe 1 (gray0)
[2026-05-22 10:22:13] PLAYER START (FORCE): The bandits (yellow)
[2026-05-22 10:22:13] GAME FORCE-STARTED — turn order ['red', 'lawn green', 'yellow', 'blue', 'gray0']
[2026-05-22 10:22:13] PLAYER START: AlphaZeroClue (red)
[2026-05-22 10:22:13] PLAYER START: Gruppe 67 (blue)
[2026-05-22 10:22:13] PLAYER START: Gruppe 2 (lawn green)
[2026-05-22 10:22:13] PLAYER START: Gruppe 1 (gray0)
[2026-05-22 10:22:13] PLAYER START: The bandits (yellow)
[2026-05-22 10:22:13] PLAYER START: AlphaZeroClue (red)
[2026-05-22 10:22:13] PLAYER START: Gruppe 67 (blue)
[2026-05-22 10:22:13] PLAYER START: Gruppe 2 (lawn green)
[2026-05-22 10:22:13] PLAYER START: Gruppe 1 (gray0)
[2026-05-22 10:22:13] PLAYER START: The bandits (yellow)
[2026-05-22 10:22:13] PLAYER START: AlphaZeroClue (red)
[2026-05-22 10:22:13] PLAYER START: Gruppe 67 (blue)
[2026-05-22 10:22:13] PLAYER START: Gruppe 2 (lawn green)
[2026-05-22 10:22:13] PLAYER START: Gruppe 1 (gray0)
[2026-05-22 10:22:13] PLAYER START: The bandits (yellow)
[2026-05-22 10:22:13] PLAYER START: AlphaZeroClue (red)
[2026-05-22 10:22:13] PLAYER START: Gruppe 67 (blue)
[2026-05-22 10:22:13] PLAYER START: Gruppe 2 (lawn green)
[2026-05-22 10:22:13] PLAYER START: Gruppe 1 (gray0)
[2026-05-22 10:22:13] PLAYER START: The bandits (yellow)
[2026-05-22 10:22:13] PLAYER START: AlphaZeroClue (red)
[2026-05-22 10:22:13] PLAYER START: Gruppe 67 (blue)
[2026-05-22 10:22:13] PLAYER START: Gruppe 2 (lawn green)
[2026-05-22 10:22:13] PLAYER START: Gruppe 1 (gray0)
[2026-05-22 10:22:13] PLAYER START: The bandits (yellow)
[2026-05-22 10:22:15] SCORE AlphaZeroClue (red): Final=0.0, Time=0.0, Moves(0)=0.0, Pins(0)=0.0, Dist=0.0, Win Bonus=0.0
[2026-05-22 10:22:15] SCORE Gruppe 67 (blue): Final=0.0, Time=0.0, Moves(0)=0.0, Pins(0)=0.0, Dist=0.0, Win Bonus=0.0
[2026-05-22 10:22:15] SCORE Gruppe 2 (lawn green): Final=0.0, Time=0.0, Moves(0)=0.0, Pins(0)=0.0, Dist=0.0, Win Bonus=0.0
[2026-05-22 10:22:15] SCORE Gruppe 1 (gray0): Final=0.0, Time=0.0, Moves(0)=0.0, Pins(0)=0.0, Dist=0.0, Win Bonus=0.0
[2026-05-22 10:22:15] SCORE The bandits (yellow): Final=0.0, Time=0.0, Moves(0)=0.0, Pins(0)=0.0, Dist=0.0, Win Bonus=0.0
[2026-05-22 10:22:15] ALL WRONG MOVES BY COLOUR: {'red': ['1 (turn timeout)']}
[2026-05-22 10:22:15] TURN TIMEOUT: Player with colour red exceeded 2s at move 1. Turn skipped.
[2026-05-22 10:22:15] MOVE 2: Gruppe 2 (lawn green) 45->64 [0.00ms]
[2026-05-22 10:22:15] SCORE AlphaZeroClue (red): Final=0.0, Time=0.0, Moves(0)=0.0, Pins(0)=0.0, Dist=0.0, Win Bonus=0.0
[2026-05-22 10:22:15] SCORE Gruppe 67 (blue): Final=0.0, Time=0.0, Moves(0)=0.0, Pins(0)=0.0, Dist=0.0, Win Bonus=0.0
[2026-05-22 10:22:15] SCORE Gruppe 2 (lawn green): Final=283.6, Time=99.6, Moves(1)=0.0, Pins(0)=0.0, Dist=184.0, Win Bonus=0.0
[2026-05-22 10:22:15] SCORE Gruppe 1 (gray0): Final=0.0, Time=0.0, Moves(0)=0.0, Pins(0)=0.0, Dist=0.0, Win Bonus=0.0
[2026-05-22 10:22:15] SCORE The bandits (yellow): Final=0.0, Time=0.0, Moves(0)=0.0, Pins(0)=0.0, Dist=0.0, Win Bonus=0.0
[2026-05-22 10:22:15] ALL WRONG MOVES BY COLOUR: {'red': ['1 (turn timeout)']}
[2026-05-22 10:22:16] MOVE 3: The bandits (yellow) 13->26 [0.00ms]
[2026-05-22 10:22:16] SCORE AlphaZeroClue (red): Final=0.0, Time=0.0, Moves(0)=0.0, Pins(0)=0.0, Dist=0.0, Win Bonus=0.0
[2026-05-22 10:22:16] SCORE Gruppe 67 (blue): Final=0.0, Time=0.0, Moves(0)=0.0, Pins(0)=0.0, Dist=0.0, Win Bonus=0.0
[2026-05-22 10:22:16] SCORE Gruppe 2 (lawn green): Final=283.6, Time=99.6, Moves(1)=0.0, Pins(0)=0.0, Dist=184.0, Win Bonus=0.0
[2026-05-22 10:22:16] SCORE Gruppe 1 (gray0): Final=0.0, Time=0.0, Moves(0)=0.0, Pins(0)=0.0, Dist=0.0, Win Bonus=0.0
[2026-05-22 10:22:16] SCORE The bandits (yellow): Final=281.7, Time=99.7, Moves(1)=0.0, Pins(0)=0.0, Dist=182.0, Win Bonus=0.0
[2026-05-22 10:22:16] ALL WRONG MOVES BY COLOUR: {'red': ['1 (turn timeout)']}
[2026-05-22 10:22:16] MOVE 4: Gruppe 67 (blue) 3->37 [0.00ms]
[2026-05-22 10:22:16] SCORE AlphaZeroClue (red): Final=0.0, Time=0.0, Moves(0)=0.0, Pins(0)=0.0, Dist=0.0, Win Bonus=0.0
[2026-05-22 10:22:16] SCORE Gruppe 67 (blue): Final=287.5, Time=99.5, Moves(1)=0.0, Pins(0)=0.0, Dist=188.0, Win Bonus=0.0
[2026-05-22 10:22:16] SCORE Gruppe 2 (lawn green): Final=283.6, Time=99.6, Moves(1)=0.0, Pins(0)=0.0, Dist=184.0, Win Bonus=0.0
[2026-05-22 10:22:16] SCORE Gruppe 1 (gray0): Final=0.0, Time=0.0, Moves(0)=0.0, Pins(0)=0.0, Dist=0.0, Win Bonus=0.0
[2026-05-22 10:22:16] SCORE The bandits (yellow): Final=281.7, Time=99.7, Moves(1)=0.0, Pins(0)=0.0, Dist=182.0, Win Bonus=0.0
[2026-05-22 10:22:16] ALL WRONG MOVES BY COLOUR: {'red': ['1 (turn timeout)']}
[2026-05-22 10:22:16] MOVE 5: Gruppe 1 (gray0) 75->56 [0.00ms]
[2026-05-22 10:22:16] SCORE AlphaZeroClue (red): Final=0.0, Time=0.0, Moves(0)=0.0, Pins(0)=0.0, Dist=0.0, Win Bonus=0.0
[2026-05-22 10:22:16] SCORE Gruppe 67 (blue): Final=287.5, Time=99.5, Moves(1)=0.0, Pins(0)=0.0, Dist=188.0, Win Bonus=0.0
[2026-05-22 10:22:16] SCORE Gruppe 2 (lawn green): Final=283.6, Time=99.6, Moves(1)=0.0, Pins(0)=0.0, Dist=184.0, Win Bonus=0.0
[2026-05-22 10:22:16] SCORE Gruppe 1 (gray0): Final=283.7, Time=99.7, Moves(1)=0.0, Pins(0)=0.0, Dist=184.0, Win Bonus=0.0
[2026-05-22 10:22:16] SCORE The bandits (yellow): Final=281.7, Time=99.7, Moves(1)=0.0, Pins(0)=0.0, Dist=182.0, Win Bonus=0.0
[2026-05-22 10:22:16] ALL WRONG MOVES BY COLOUR: {'red': ['1 (turn timeout)']}
[2026-05-22 10:22:18] MOVE 6: AlphaZeroClue (red) 115->104 [0.00ms]
[2026-05-22 10:22:18] SCORE AlphaZeroClue (red): Final=282.2, Time=98.2, Moves(1)=0.0, Pins(0)=0.0, Dist=184.0, Win Bonus=0.0
[2026-05-22 10:22:18] SCORE Gruppe 67 (blue): Final=287.5, Time=99.5, Moves(1)=0.0, Pins(0)=0.0, Dist=188.0, Win Bonus=0.0
[2026-05-22 10:22:18] SCORE Gruppe 2 (lawn green): Final=283.6, Time=99.6, Moves(1)=0.0, Pins(0)=0.0, Dist=184.0, Win Bonus=0.0
[2026-05-22 10:22:18] SCORE Gruppe 1 (gray0): Final=283.7, Time=99.7, Moves(1)=0.0, Pins(0)=0.0, Dist=184.0, Win Bonus=0.0
[2026-05-22 10:22:18] SCORE The bandits (yellow): Final=281.7, Time=99.7, Moves(1)=0.0, Pins(0)=0.0, Dist=182.0, Win Bonus=0.0
[2026-05-22 10:22:18] ALL WRONG MOVES BY COLOUR: {'red': ['1 (turn timeout)']}
[2026-05-22 10:22:19] MOVE 7: Gruppe 2 (lawn green) 20->18 [0.01ms]
[2026-05-22 10:22:19] SCORE AlphaZeroClue (red): Final=282.2, Time=98.2, Moves(1)=0.0, Pins(0)=0.0, Dist=184.0, Win Bonus=0.0
[2026-05-22 10:22:19] SCORE Gruppe 67 (blue): Final=287.5, Time=99.5, Moves(1)=0.0, Pins(0)=0.0, Dist=188.0, Win Bonus=0.0
[2026-05-22 10:22:19] SCORE Gruppe 2 (lawn green): Final=287.1, Time=99.1, Moves(2)=0.0, Pins(0)=0.0, Dist=188.0, Win Bonus=0.0
[2026-05-22 10:22:19] SCORE Gruppe 1 (gray0): Final=283.7, Time=99.7, Moves(1)=0.0, Pins(0)=0.0, Dist=184.0, Win Bonus=0.0
[2026-05-22 10:22:19] SCORE The bandits (yellow): Final=281.7, Time=99.7, Moves(1)=0.0, Pins(0)=0.0, Dist=182.0, Win Bonus=0.0
[2026-05-22 10:22:19] ALL WRONG MOVES BY COLOUR: {'red': ['1 (turn timeout)']}
[2026-05-22 10:22:19] MOVE 8: The bandits (yellow) 11->38 [0.01ms]
[2026-05-22 10:22:19] SCORE AlphaZeroClue (red): Final=282.2, Time=98.2, Moves(1)=0.0, Pins(0)=0.0, Dist=184.0, Win Bonus=0.0
[2026-05-22 10:22:19] SCORE Gruppe 67 (blue): Final=287.5, Time=99.5, Moves(1)=0.0, Pins(0)=0.0, Dist=188.0, Win Bonus=0.0
[2026-05-22 10:22:19] SCORE Gruppe 2 (lawn green): Final=287.1, Time=99.1, Moves(2)=0.0, Pins(0)=0.0, Dist=188.0, Win Bonus=0.0
[2026-05-22 10:22:19] SCORE Gruppe 1 (gray0): Final=283.7, Time=99.7, Moves(1)=0.0, Pins(0)=0.0, Dist=184.0, Win Bonus=0.0
[2026-05-22 10:22:19] SCORE The bandits (yellow): Final=289.4, Time=99.4, Moves(2)=0.0, Pins(0)=0.0, Dist=190.0, Win Bonus=0.0
[2026-05-22 10:22:19] ALL WRONG MOVES BY COLOUR: {'red': ['1 (turn timeout)']}
[2026-05-22 10:22:19] MOVE 9: Gruppe 67 (blue) 0->14 [0.01ms]
[2026-05-22 10:22:19] SCORE AlphaZeroClue (red): Final=282.2, Time=98.2, Moves(1)=0.0, Pins(0)=0.0, Dist=184.0, Win Bonus=0.0
[2026-05-22 10:22:19] SCORE Gruppe 67 (blue): Final=295.1, Time=99.1, Moves(2)=0.0, Pins(0)=0.0, Dist=196.0, Win Bonus=0.0
[2026-05-22 10:22:19] SCORE Gruppe 2 (lawn green): Final=287.1, Time=99.1, Moves(2)=0.0, Pins(0)=0.0, Dist=188.0, Win Bonus=0.0
[2026-05-22 10:22:19] SCORE Gruppe 1 (gray0): Final=283.7, Time=99.7, Moves(1)=0.0, Pins(0)=0.0, Dist=184.0, Win Bonus=0.0
[2026-05-22 10:22:19] SCORE The bandits (yellow): Final=289.4, Time=99.4, Moves(2)=0.0, Pins(0)=0.0, Dist=190.0, Win Bonus=0.0
[2026-05-22 10:22:19] ALL WRONG MOVES BY COLOUR: {'red': ['1 (turn timeout)']}
[2026-05-22 10:22:20] MOVE 10: Gruppe 1 (gray0) 98->77 [0.00ms]
[2026-05-22 10:22:20] SCORE AlphaZeroClue (red): Final=282.2, Time=98.2, Moves(1)=0.0, Pins(0)=0.0, Dist=184.0, Win Bonus=0.0
[2026-05-22 10:22:20] SCORE Gruppe 67 (blue): Final=295.1, Time=99.1, Moves(2)=0.0, Pins(0)=0.0, Dist=196.0, Win Bonus=0.0
[2026-05-22 10:22:20] SCORE Gruppe 2 (lawn green): Final=287.1, Time=99.1, Moves(2)=0.0, Pins(0)=0.0, Dist=188.0, Win Bonus=0.0
[2026-05-22 10:22:20] SCORE Gruppe 1 (gray0): Final=291.3, Time=99.3, Moves(2)=0.0, Pins(0)=0.0, Dist=192.0, Win Bonus=0.0
[2026-05-22 10:22:20] SCORE The bandits (yellow): Final=289.4, Time=99.4, Moves(2)=0.0, Pins(0)=0.0, Dist=190.0, Win Bonus=0.0
[2026-05-22 10:22:20] ALL WRONG MOVES BY COLOUR: {'red': ['1 (turn timeout)']}
[2026-05-22 10:22:21] MOVE 11: AlphaZeroClue (red) 120->102 [0.01ms]
[2026-05-22 10:22:21] SCORE AlphaZeroClue (red): Final=288.4, Time=96.4, Moves(2)=0.0, Pins(0)=0.0, Dist=192.0, Win Bonus=0.0
[2026-05-22 10:22:21] SCORE Gruppe 67 (blue): Final=295.1, Time=99.1, Moves(2)=0.0, Pins(0)=0.0, Dist=196.0, Win Bonus=0.0
[2026-05-22 10:22:21] SCORE Gruppe 2 (lawn green): Final=287.1, Time=99.1, Moves(2)=0.0, Pins(0)=0.0, Dist=188.0, Win Bonus=0.0
[2026-05-22 10:22:21] SCORE Gruppe 1 (gray0): Final=291.3, Time=99.3, Moves(2)=0.0, Pins(0)=0.0, Dist=192.0, Win Bonus=0.0
[2026-05-22 10:22:21] SCORE The bandits (yellow): Final=289.4, Time=99.4, Moves(2)=0.0, Pins(0)=0.0, Dist=190.0, Win Bonus=0.0
[2026-05-22 10:22:21] ALL WRONG MOVES BY COLOUR: {'red': ['1 (turn timeout)']}
[2026-05-22 10:22:22] MOVE 12: Gruppe 2 (lawn green) 22->43 [0.01ms]
[2026-05-22 10:22:22] SCORE AlphaZeroClue (red): Final=288.4, Time=96.4, Moves(2)=0.0, Pins(0)=0.0, Dist=192.0, Win Bonus=0.0
[2026-05-22 10:22:22] SCORE Gruppe 67 (blue): Final=295.1, Time=99.1, Moves(2)=0.0, Pins(0)=0.0, Dist=196.0, Win Bonus=0.0
[2026-05-22 10:22:22] SCORE Gruppe 2 (lawn green): Final=294.7, Time=98.7, Moves(3)=0.0, Pins(0)=0.0, Dist=196.0, Win Bonus=0.0
[2026-05-22 10:22:22] SCORE Gruppe 1 (gray0): Final=291.3, Time=99.3, Moves(2)=0.0, Pins(0)=0.0, Dist=192.0, Win Bonus=0.0
[2026-05-22 10:22:22] SCORE The bandits (yellow): Final=289.4, Time=99.4, Moves(2)=0.0, Pins(0)=0.0, Dist=190.0, Win Bonus=0.0
[2026-05-22 10:22:22] ALL WRONG MOVES BY COLOUR: {'red': ['1 (turn timeout)']}
[2026-05-22 10:22:22] MOVE 13: The bandits (yellow) 46->89 [0.00ms]
[2026-05-22 10:22:22] SCORE AlphaZeroClue (red): Final=288.4, Time=96.4, Moves(2)=0.0, Pins(0)=0.0, Dist=192.0, Win Bonus=0.0
[2026-05-22 10:22:22] SCORE Gruppe 67 (blue): Final=295.1, Time=99.1, Moves(2)=0.0, Pins(0)=0.0, Dist=196.0, Win Bonus=0.0
[2026-05-22 10:22:22] SCORE Gruppe 2 (lawn green): Final=294.7, Time=98.7, Moves(3)=0.0, Pins(0)=0.0, Dist=196.0, Win Bonus=0.0
[2026-05-22 10:22:22] SCORE Gruppe 1 (gray0): Final=291.3, Time=99.3, Moves(2)=0.0, Pins(0)=0.0, Dist=192.0, Win Bonus=0.0
[2026-05-22 10:22:22] SCORE The bandits (yellow): Final=297.1, Time=99.1, Moves(3)=0.0, Pins(0)=0.0, Dist=198.0, Win Bonus=0.0
[2026-05-22 10:22:22] ALL WRONG MOVES BY COLOUR: {'red': ['1 (turn timeout)']}
[2026-05-22 10:22:23] MOVE 14: Gruppe 67 (blue) 9->74 [0.01ms]
[2026-05-22 10:22:23] SCORE AlphaZeroClue (red): Final=288.4, Time=96.4, Moves(2)=0.0, Pins(0)=0.0, Dist=192.0, Win Bonus=0.0
[2026-05-22 10:22:23] SCORE Gruppe 67 (blue): Final=304.6, Time=98.6, Moves(3)=0.0, Pins(0)=0.0, Dist=206.0, Win Bonus=0.0
[2026-05-22 10:22:23] SCORE Gruppe 2 (lawn green): Final=294.7, Time=98.7, Moves(3)=0.0, Pins(0)=0.0, Dist=196.0, Win Bonus=0.0
[2026-05-22 10:22:23] SCORE Gruppe 1 (gray0): Final=291.3, Time=99.3, Moves(2)=0.0, Pins(0)=0.0, Dist=192.0, Win Bonus=0.0
[2026-05-22 10:22:23] SCORE The bandits (yellow): Final=297.1, Time=99.1, Moves(3)=0.0, Pins(0)=0.0, Dist=198.0, Win Bonus=0.0
[2026-05-22 10:22:23] ALL WRONG MOVES BY COLOUR: {'red': ['1 (turn timeout)']}
[2026-05-22 10:22:23] MOVE 15: Gruppe 1 (gray0) 101->105 [0.01ms]
[2026-05-22 10:22:23] SCORE AlphaZeroClue (red): Final=288.4, Time=96.4, Moves(2)=0.0, Pins(0)=0.0, Dist=192.0, Win Bonus=0.0
[2026-05-22 10:22:23] SCORE Gruppe 67 (blue): Final=304.6, Time=98.6, Moves(3)=0.0, Pins(0)=0.0, Dist=206.0, Win Bonus=0.0
[2026-05-22 10:22:23] SCORE Gruppe 2 (lawn green): Final=294.7, Time=98.7, Moves(3)=0.0, Pins(0)=0.0, Dist=196.0, Win Bonus=0.0
[2026-05-22 10:22:23] SCORE Gruppe 1 (gray0): Final=299.0, Time=99.0, Moves(3)=0.0, Pins(0)=0.0, Dist=200.0, Win Bonus=0.0
[2026-05-22 10:22:23] SCORE The bandits (yellow): Final=297.1, Time=99.1, Moves(3)=0.0, Pins(0)=0.0, Dist=198.0, Win Bonus=0.0
[2026-05-22 10:22:23] ALL WRONG MOVES BY COLOUR: {'red': ['1 (turn timeout)']}
[2026-05-22 10:22:25] MOVE 16: AlphaZeroClue (red) 116->78 [0.01ms]
[2026-05-22 10:22:25] SCORE AlphaZeroClue (red): Final=294.7, Time=94.7, Moves(3)=0.0, Pins(0)=0.0, Dist=200.0, Win Bonus=0.0
[2026-05-22 10:22:25] SCORE Gruppe 67 (blue): Final=304.6, Time=98.6, Moves(3)=0.0, Pins(0)=0.0, Dist=206.0, Win Bonus=0.0
[2026-05-22 10:22:25] SCORE Gruppe 2 (lawn green): Final=294.7, Time=98.7, Moves(3)=0.0, Pins(0)=0.0, Dist=196.0, Win Bonus=0.0
[2026-05-22 10:22:25] SCORE Gruppe 1 (gray0): Final=299.0, Time=99.0, Moves(3)=0.0, Pins(0)=0.0, Dist=200.0, Win Bonus=0.0
[2026-05-22 10:22:25] SCORE The bandits (yellow): Final=297.1, Time=99.1, Moves(3)=0.0, Pins(0)=0.0, Dist=198.0, Win Bonus=0.0
[2026-05-22 10:22:25] ALL WRONG MOVES BY COLOUR: {'red': ['1 (turn timeout)']}
[2026-05-22 10:22:25] MOVE 17: Gruppe 2 (lawn green) 55->54 [0.00ms]
[2026-05-22 10:22:25] SCORE AlphaZeroClue (red): Final=294.7, Time=94.7, Moves(3)=0.0, Pins(0)=0.0, Dist=200.0, Win Bonus=0.0
[2026-05-22 10:22:25] SCORE Gruppe 67 (blue): Final=304.6, Time=98.6, Moves(3)=0.0, Pins(0)=0.0, Dist=206.0, Win Bonus=0.0
[2026-05-22 10:22:25] SCORE Gruppe 2 (lawn green): Final=296.2, Time=98.2, Moves(4)=0.0, Pins(0)=0.0, Dist=198.0, Win Bonus=0.0
[2026-05-22 10:22:25] SCORE Gruppe 1 (gray0): Final=299.0, Time=99.0, Moves(3)=0.0, Pins(0)=0.0, Dist=200.0, Win Bonus=0.0
[2026-05-22 10:22:25] SCORE The bandits (yellow): Final=297.1, Time=99.1, Moves(3)=0.0, Pins(0)=0.0, Dist=198.0, Win Bonus=0.0
[2026-05-22 10:22:25] ALL WRONG MOVES BY COLOUR: {'red': ['1 (turn timeout)']}
[2026-05-22 10:22:26] MOVE 18: The bandits (yellow) 23->66 [0.00ms]
[2026-05-22 10:22:26] SCORE AlphaZeroClue (red): Final=294.7, Time=94.7, Moves(3)=0.0, Pins(0)=0.0, Dist=200.0, Win Bonus=0.0
[2026-05-22 10:22:26] SCORE Gruppe 67 (blue): Final=304.6, Time=98.6, Moves(3)=0.0, Pins(0)=0.0, Dist=206.0, Win Bonus=0.0
[2026-05-22 10:22:26] SCORE Gruppe 2 (lawn green): Final=296.2, Time=98.2, Moves(4)=0.0, Pins(0)=0.0, Dist=198.0, Win Bonus=0.0
[2026-05-22 10:22:26] SCORE Gruppe 1 (gray0): Final=299.0, Time=99.0, Moves(3)=0.0, Pins(0)=0.0, Dist=200.0, Win Bonus=0.0
[2026-05-22 10:22:26] SCORE The bandits (yellow): Final=304.8, Time=98.8, Moves(4)=0.0, Pins(0)=0.0, Dist=206.0, Win Bonus=0.0
[2026-05-22 10:22:26] ALL WRONG MOVES BY COLOUR: {'red': ['1 (turn timeout)']}
[2026-05-22 10:22:26] MOVE 19: Gruppe 67 (blue) 2->31 [0.00ms]
[2026-05-22 10:22:26] SCORE AlphaZeroClue (red): Final=294.7, Time=94.7, Moves(3)=0.0, Pins(0)=0.0, Dist=200.0, Win Bonus=0.0
[2026-05-22 10:22:26] SCORE Gruppe 67 (blue): Final=312.1, Time=98.1, Moves(4)=0.0, Pins(0)=0.0, Dist=214.0, Win Bonus=0.0
[2026-05-22 10:22:26] SCORE Gruppe 2 (lawn green): Final=296.2, Time=98.2, Moves(4)=0.0, Pins(0)=0.0, Dist=198.0, Win Bonus=0.0
[2026-05-22 10:22:26] SCORE Gruppe 1 (gray0): Final=299.0, Time=99.0, Moves(3)=0.0, Pins(0)=0.0, Dist=200.0, Win Bonus=0.0
[2026-05-22 10:22:26] SCORE The bandits (yellow): Final=304.8, Time=98.8, Moves(4)=0.0, Pins(0)=0.0, Dist=206.0, Win Bonus=0.0
[2026-05-22 10:22:26] ALL WRONG MOVES BY COLOUR: {'red': ['1 (turn timeout)']}
[2026-05-22 10:22:26] MOVE 20: Gruppe 1 (gray0) 99->116 [0.00ms]
[2026-05-22 10:22:26] SCORE AlphaZeroClue (red): Final=294.7, Time=94.7, Moves(3)=0.0, Pins(0)=0.0, Dist=200.0, Win Bonus=0.0
[2026-05-22 10:22:26] SCORE Gruppe 67 (blue): Final=312.1, Time=98.1, Moves(4)=0.0, Pins(0)=0.0, Dist=214.0, Win Bonus=0.0
[2026-05-22 10:22:26] SCORE Gruppe 2 (lawn green): Final=296.2, Time=98.2, Moves(4)=0.0, Pins(0)=0.0, Dist=198.0, Win Bonus=0.0
[2026-05-22 10:22:26] SCORE Gruppe 1 (gray0): Final=306.8, Time=98.8, Moves(4)=0.0, Pins(0)=0.0, Dist=208.0, Win Bonus=0.0
[2026-05-22 10:22:26] SCORE The bandits (yellow): Final=304.8, Time=98.8, Moves(4)=0.0, Pins(0)=0.0, Dist=206.0, Win Bonus=0.0
[2026-05-22 10:22:26] ALL WRONG MOVES BY COLOUR: {'red': ['1 (turn timeout)']}
[2026-05-22 10:22:28] MOVE 21: AlphaZeroClue (red) 118->115 [0.00ms]
[2026-05-22 10:22:28] SCORE AlphaZeroClue (red): Final=294.9, Time=92.9, Moves(4)=0.0, Pins(0)=0.0, Dist=202.0, Win Bonus=0.0
[2026-05-22 10:22:28] SCORE Gruppe 67 (blue): Final=312.1, Time=98.1, Moves(4)=0.0, Pins(0)=0.0, Dist=214.0, Win Bonus=0.0
[2026-05-22 10:22:28] SCORE Gruppe 2 (lawn green): Final=296.2, Time=98.2, Moves(4)=0.0, Pins(0)=0.0, Dist=198.0, Win Bonus=0.0
[2026-05-22 10:22:28] SCORE Gruppe 1 (gray0): Final=306.8, Time=98.8, Moves(4)=0.0, Pins(0)=0.0, Dist=208.0, Win Bonus=0.0
[2026-05-22 10:22:28] SCORE The bandits (yellow): Final=304.8, Time=98.8, Moves(4)=0.0, Pins(0)=0.0, Dist=206.0, Win Bonus=0.0
[2026-05-22 10:22:28] ALL WRONG MOVES BY COLOUR: {'red': ['1 (turn timeout)']}
[2026-05-22 10:22:29] MOVE 22: Gruppe 2 (lawn green) 44->63 [0.00ms]
[2026-05-22 10:22:29] SCORE AlphaZeroClue (red): Final=294.9, Time=92.9, Moves(4)=0.0, Pins(0)=0.0, Dist=202.0, Win Bonus=0.0
[2026-05-22 10:22:29] SCORE Gruppe 67 (blue): Final=312.1, Time=98.1, Moves(4)=0.0, Pins(0)=0.0, Dist=214.0, Win Bonus=0.0
[2026-05-22 10:22:29] SCORE Gruppe 2 (lawn green): Final=299.7, Time=97.7, Moves(5)=0.0, Pins(0)=0.0, Dist=202.0, Win Bonus=0.0
[2026-05-22 10:22:29] SCORE Gruppe 1 (gray0): Final=306.8, Time=98.8, Moves(4)=0.0, Pins(0)=0.0, Dist=208.0, Win Bonus=0.0
[2026-05-22 10:22:29] SCORE The bandits (yellow): Final=304.8, Time=98.8, Moves(4)=0.0, Pins(0)=0.0, Dist=206.0, Win Bonus=0.0
[2026-05-22 10:22:29] ALL WRONG MOVES BY COLOUR: {'red': ['1 (turn timeout)']}
[2026-05-22 10:22:29] MOVE 23: The bandits (yellow) 24->47 [0.01ms]
[2026-05-22 10:22:29] SCORE AlphaZeroClue (red): Final=294.9, Time=92.9, Moves(4)=0.0, Pins(0)=0.0, Dist=202.0, Win Bonus=0.0
[2026-05-22 10:22:29] SCORE Gruppe 67 (blue): Final=312.1, Time=98.1, Moves(4)=0.0, Pins(0)=0.0, Dist=214.0, Win Bonus=0.0
[2026-05-22 10:22:29] SCORE Gruppe 2 (lawn green): Final=299.7, Time=97.7, Moves(5)=0.0, Pins(0)=0.0, Dist=202.0, Win Bonus=0.0
[2026-05-22 10:22:29] SCORE Gruppe 1 (gray0): Final=306.8, Time=98.8, Moves(4)=0.0, Pins(0)=0.0, Dist=208.0, Win Bonus=0.0
[2026-05-22 10:22:29] SCORE The bandits (yellow): Final=308.7, Time=98.7, Moves(5)=0.0, Pins(0)=0.0, Dist=210.0, Win Bonus=0.0
[2026-05-22 10:22:29] ALL WRONG MOVES BY COLOUR: {'red': ['1 (turn timeout)']}
[2026-05-22 10:22:30] MOVE 24: Gruppe 67 (blue) 4->15 [0.00ms]
[2026-05-22 10:22:30] SCORE AlphaZeroClue (red): Final=294.9, Time=92.9, Moves(4)=0.0, Pins(0)=0.0, Dist=202.0, Win Bonus=0.0
[2026-05-22 10:22:30] SCORE Gruppe 67 (blue): Final=315.2, Time=97.2, Moves(5)=0.0, Pins(0)=0.0, Dist=218.0, Win Bonus=0.0
[2026-05-22 10:22:30] SCORE Gruppe 2 (lawn green): Final=299.7, Time=97.7, Moves(5)=0.0, Pins(0)=0.0, Dist=202.0, Win Bonus=0.0
[2026-05-22 10:22:30] SCORE Gruppe 1 (gray0): Final=306.8, Time=98.8, Moves(4)=0.0, Pins(0)=0.0, Dist=208.0, Win Bonus=0.0
[2026-05-22 10:22:30] SCORE The bandits (yellow): Final=308.7, Time=98.7, Moves(5)=0.0, Pins(0)=0.0, Dist=210.0, Win Bonus=0.0
[2026-05-22 10:22:30] ALL WRONG MOVES BY COLOUR: {'red': ['1 (turn timeout)']}
[2026-05-22 10:22:30] MOVE 25: Gruppe 1 (gray0) 65->90 [0.00ms]
[2026-05-22 10:22:30] SCORE AlphaZeroClue (red): Final=294.9, Time=92.9, Moves(4)=0.0, Pins(0)=0.0, Dist=202.0, Win Bonus=0.0
[2026-05-22 10:22:30] SCORE Gruppe 67 (blue): Final=315.2, Time=97.2, Moves(5)=0.0, Pins(0)=0.0, Dist=218.0, Win Bonus=0.0
[2026-05-22 10:22:30] SCORE Gruppe 2 (lawn green): Final=299.7, Time=97.7, Moves(5)=0.0, Pins(0)=0.0, Dist=202.0, Win Bonus=0.0
[2026-05-22 10:22:30] SCORE Gruppe 1 (gray0): Final=310.7, Time=98.7, Moves(5)=0.0, Pins(0)=0.0, Dist=212.0, Win Bonus=0.0
[2026-05-22 10:22:30] SCORE The bandits (yellow): Final=308.7, Time=98.7, Moves(5)=0.0, Pins(0)=0.0, Dist=210.0, Win Bonus=0.0
[2026-05-22 10:22:30] ALL WRONG MOVES BY COLOUR: {'red': ['1 (turn timeout)']}
[2026-05-22 10:22:32] MOVE 26: AlphaZeroClue (red) 112->92 [0.01ms]
[2026-05-22 10:22:32] SCORE AlphaZeroClue (red): Final=296.9, Time=90.9, Moves(5)=0.0, Pins(0)=0.0, Dist=206.0, Win Bonus=0.0
[2026-05-22 10:22:32] SCORE Gruppe 67 (blue): Final=315.2, Time=97.2, Moves(5)=0.0, Pins(0)=0.0, Dist=218.0, Win Bonus=0.0
[2026-05-22 10:22:32] SCORE Gruppe 2 (lawn green): Final=299.7, Time=97.7, Moves(5)=0.0, Pins(0)=0.0, Dist=202.0, Win Bonus=0.0
[2026-05-22 10:22:32] SCORE Gruppe 1 (gray0): Final=310.7, Time=98.7, Moves(5)=0.0, Pins(0)=0.0, Dist=212.0, Win Bonus=0.0
[2026-05-22 10:22:32] SCORE The bandits (yellow): Final=308.7, Time=98.7, Moves(5)=0.0, Pins(0)=0.0, Dist=210.0, Win Bonus=0.0
[2026-05-22 10:22:32] ALL WRONG MOVES BY COLOUR: {'red': ['1 (turn timeout)']}
[2026-05-22 10:22:32] MOVE 27: Gruppe 2 (lawn green) 21->42 [0.00ms]
[2026-05-22 10:22:32] SCORE AlphaZeroClue (red): Final=296.9, Time=90.9, Moves(5)=0.0, Pins(0)=0.0, Dist=206.0, Win Bonus=0.0
[2026-05-22 10:22:32] SCORE Gruppe 67 (blue): Final=315.2, Time=97.2, Moves(5)=0.0, Pins(0)=0.0, Dist=218.0, Win Bonus=0.0
[2026-05-22 10:22:32] SCORE Gruppe 2 (lawn green): Final=307.3, Time=97.3, Moves(6)=0.0, Pins(0)=0.0, Dist=210.0, Win Bonus=0.0
[2026-05-22 10:22:32] SCORE Gruppe 1 (gray0): Final=310.7, Time=98.7, Moves(5)=0.0, Pins(0)=0.0, Dist=212.0, Win Bonus=0.0
[2026-05-22 10:22:32] SCORE The bandits (yellow): Final=308.7, Time=98.7, Moves(5)=0.0, Pins(0)=0.0, Dist=210.0, Win Bonus=0.0
[2026-05-22 10:22:32] ALL WRONG MOVES BY COLOUR: {'red': ['1 (turn timeout)']}
[2026-05-22 10:22:32] MOVE 28: The bandits (yellow) 25->48 [0.03ms]
[2026-05-22 10:22:32] SCORE AlphaZeroClue (red): Final=296.9, Time=90.9, Moves(5)=0.0, Pins(0)=0.0, Dist=206.0, Win Bonus=0.0
[2026-05-22 10:22:32] SCORE Gruppe 67 (blue): Final=315.2, Time=97.2, Moves(5)=0.0, Pins(0)=0.0, Dist=218.0, Win Bonus=0.0
[2026-05-22 10:22:32] SCORE Gruppe 2 (lawn green): Final=307.3, Time=97.3, Moves(6)=0.0, Pins(0)=0.0, Dist=210.0, Win Bonus=0.0
[2026-05-22 10:22:32] SCORE Gruppe 1 (gray0): Final=310.7, Time=98.7, Moves(5)=0.0, Pins(0)=0.0, Dist=212.0, Win Bonus=0.0
[2026-05-22 10:22:32] SCORE The bandits (yellow): Final=312.5, Time=98.5, Moves(6)=0.0, Pins(0)=0.0, Dist=214.0, Win Bonus=0.0
[2026-05-22 10:22:32] ALL WRONG MOVES BY COLOUR: {'red': ['1 (turn timeout)']}
[2026-05-22 10:22:33] MOVE 29: Gruppe 67 (blue) 7->46 [0.00ms]
[2026-05-22 10:22:33] SCORE AlphaZeroClue (red): Final=296.9, Time=90.9, Moves(5)=0.0, Pins(0)=0.0, Dist=206.0, Win Bonus=0.0
[2026-05-22 10:22:33] SCORE Gruppe 67 (blue): Final=322.1, Time=96.1, Moves(6)=0.0, Pins(0)=0.0, Dist=226.0, Win Bonus=0.0
[2026-05-22 10:22:33] SCORE Gruppe 2 (lawn green): Final=307.3, Time=97.3, Moves(6)=0.0, Pins(0)=0.0, Dist=210.0, Win Bonus=0.0
[2026-05-22 10:22:33] SCORE Gruppe 1 (gray0): Final=310.7, Time=98.7, Moves(5)=0.0, Pins(0)=0.0, Dist=212.0, Win Bonus=0.0
[2026-05-22 10:22:33] SCORE The bandits (yellow): Final=312.5, Time=98.5, Moves(6)=0.0, Pins(0)=0.0, Dist=214.0, Win Bonus=0.0
[2026-05-22 10:22:33] ALL WRONG MOVES BY COLOUR: {'red': ['1 (turn timeout)']}
[2026-05-22 10:22:34] MOVE 30: Gruppe 1 (gray0) 76->103 [0.01ms]
[2026-05-22 10:22:34] SCORE AlphaZeroClue (red): Final=296.9, Time=90.9, Moves(5)=0.0, Pins(0)=0.0, Dist=206.0, Win Bonus=0.0
[2026-05-22 10:22:34] SCORE Gruppe 67 (blue): Final=322.1, Time=96.1, Moves(6)=0.0, Pins(0)=0.0, Dist=226.0, Win Bonus=0.0
[2026-05-22 10:22:34] SCORE Gruppe 2 (lawn green): Final=307.3, Time=97.3, Moves(6)=0.0, Pins(0)=0.0, Dist=210.0, Win Bonus=0.0
[2026-05-22 10:22:34] SCORE Gruppe 1 (gray0): Final=314.3, Time=98.3, Moves(6)=0.0, Pins(0)=0.0, Dist=216.0, Win Bonus=0.0
[2026-05-22 10:22:34] SCORE The bandits (yellow): Final=312.5, Time=98.5, Moves(6)=0.0, Pins(0)=0.0, Dist=214.0, Win Bonus=0.0
[2026-05-22 10:22:34] ALL WRONG MOVES BY COLOUR: {'red': ['1 (turn timeout)']}
[2026-05-22 10:22:35] MOVE 31: AlphaZeroClue (red) 119->112 [0.01ms]
[2026-05-22 10:22:35] SCORE AlphaZeroClue (red): Final=299.2, Time=89.2, Moves(6)=0.0, Pins(0)=0.0, Dist=210.0, Win Bonus=0.0
[2026-05-22 10:22:35] SCORE Gruppe 67 (blue): Final=322.1, Time=96.1, Moves(6)=0.0, Pins(0)=0.0, Dist=226.0, Win Bonus=0.0
[2026-05-22 10:22:35] SCORE Gruppe 2 (lawn green): Final=307.3, Time=97.3, Moves(6)=0.0, Pins(0)=0.0, Dist=210.0, Win Bonus=0.0
[2026-05-22 10:22:35] SCORE Gruppe 1 (gray0): Final=314.3, Time=98.3, Moves(6)=0.0, Pins(0)=0.0, Dist=216.0, Win Bonus=0.0
[2026-05-22 10:22:35] SCORE The bandits (yellow): Final=312.5, Time=98.5, Moves(6)=0.0, Pins(0)=0.0, Dist=214.0, Win Bonus=0.0
[2026-05-22 10:22:35] ALL WRONG MOVES BY COLOUR: {'red': ['1 (turn timeout)']}
[2026-05-22 10:22:36] MOVE 32: Gruppe 2 (lawn green) 19->4 [0.00ms]
[2026-05-22 10:22:36] SCORE AlphaZeroClue (red): Final=299.2, Time=89.2, Moves(6)=0.0, Pins(0)=0.0, Dist=210.0, Win Bonus=0.0
[2026-05-22 10:22:36] SCORE Gruppe 67 (blue): Final=322.1, Time=96.1, Moves(6)=0.0, Pins(0)=0.0, Dist=226.0, Win Bonus=0.0
[2026-05-22 10:22:36] SCORE Gruppe 2 (lawn green): Final=310.9, Time=96.9, Moves(7)=0.0, Pins(0)=0.0, Dist=214.0, Win Bonus=0.0
[2026-05-22 10:22:36] SCORE Gruppe 1 (gray0): Final=314.3, Time=98.3, Moves(6)=0.0, Pins(0)=0.0, Dist=216.0, Win Bonus=0.0
[2026-05-22 10:22:36] SCORE The bandits (yellow): Final=312.5, Time=98.5, Moves(6)=0.0, Pins(0)=0.0, Dist=214.0, Win Bonus=0.0
[2026-05-22 10:22:36] ALL WRONG MOVES BY COLOUR: {'red': ['1 (turn timeout)']}
[2026-05-22 10:22:36] MOVE 33: The bandits (yellow) 36->101 [0.00ms]
[2026-05-22 10:22:36] SCORE AlphaZeroClue (red): Final=299.2, Time=89.2, Moves(6)=0.0, Pins(0)=0.0, Dist=210.0, Win Bonus=0.0
[2026-05-22 10:22:36] SCORE Gruppe 67 (blue): Final=322.1, Time=96.1, Moves(6)=0.0, Pins(0)=0.0, Dist=226.0, Win Bonus=0.0
[2026-05-22 10:22:36] SCORE Gruppe 2 (lawn green): Final=310.9, Time=96.9, Moves(7)=0.0, Pins(0)=0.0, Dist=214.0, Win Bonus=0.0
[2026-05-22 10:22:36] SCORE Gruppe 1 (gray0): Final=314.3, Time=98.3, Moves(6)=0.0, Pins(0)=0.0, Dist=216.0, Win Bonus=0.0
[2026-05-22 10:22:36] SCORE The bandits (yellow): Final=320.3, Time=98.3, Moves(7)=0.0, Pins(0)=0.0, Dist=222.0, Win Bonus=0.0
[2026-05-22 10:22:36] ALL WRONG MOVES BY COLOUR: {'red': ['1 (turn timeout)']}
[2026-05-22 10:22:37] MOVE 34: Gruppe 67 (blue) 37->58 [0.01ms]
[2026-05-22 10:22:37] SCORE AlphaZeroClue (red): Final=299.2, Time=89.2, Moves(6)=0.0, Pins(0)=0.0, Dist=210.0, Win Bonus=0.0
[2026-05-22 10:22:37] SCORE Gruppe 67 (blue): Final=325.1, Time=95.1, Moves(7)=0.0, Pins(0)=0.0, Dist=230.0, Win Bonus=0.0
[2026-05-22 10:22:37] SCORE Gruppe 2 (lawn green): Final=310.9, Time=96.9, Moves(7)=0.0, Pins(0)=0.0, Dist=214.0, Win Bonus=0.0
[2026-05-22 10:22:37] SCORE Gruppe 1 (gray0): Final=314.3, Time=98.3, Moves(6)=0.0, Pins(0)=0.0, Dist=216.0, Win Bonus=0.0
[2026-05-22 10:22:37] SCORE The bandits (yellow): Final=320.3, Time=98.3, Moves(7)=0.0, Pins(0)=0.0, Dist=222.0, Win Bonus=0.0
[2026-05-22 10:22:37] ALL WRONG MOVES BY COLOUR: {'red': ['1 (turn timeout)']}
[2026-05-22 10:22:38] MOVE 35: Gruppe 1 (gray0) 88->49 [0.00ms]
[2026-05-22 10:22:38] SCORE AlphaZeroClue (red): Final=299.2, Time=89.2, Moves(6)=0.0, Pins(0)=0.0, Dist=210.0, Win Bonus=0.0
[2026-05-22 10:22:38] SCORE Gruppe 67 (blue): Final=325.1, Time=95.1, Moves(7)=0.0, Pins(0)=0.0, Dist=230.0, Win Bonus=0.0
[2026-05-22 10:22:38] SCORE Gruppe 2 (lawn green): Final=310.9, Time=96.9, Moves(7)=0.0, Pins(0)=0.0, Dist=214.0, Win Bonus=0.0
[2026-05-22 10:22:38] SCORE Gruppe 1 (gray0): Final=321.8, Time=97.8, Moves(7)=0.0, Pins(0)=0.0, Dist=224.0, Win Bonus=0.0
[2026-05-22 10:22:38] SCORE The bandits (yellow): Final=320.3, Time=98.3, Moves(7)=0.0, Pins(0)=0.0, Dist=222.0, Win Bonus=0.0
[2026-05-22 10:22:38] ALL WRONG MOVES BY COLOUR: {'red': ['1 (turn timeout)']}
[2026-05-22 10:22:39] MOVE 36: AlphaZeroClue (red) 117->106 [0.00ms]
[2026-05-22 10:22:39] SCORE AlphaZeroClue (red): Final=301.4, Time=87.4, Moves(7)=0.0, Pins(0)=0.0, Dist=214.0, Win Bonus=0.0
[2026-05-22 10:22:39] SCORE Gruppe 67 (blue): Final=325.1, Time=95.1, Moves(7)=0.0, Pins(0)=0.0, Dist=230.0, Win Bonus=0.0
[2026-05-22 10:22:39] SCORE Gruppe 2 (lawn green): Final=310.9, Time=96.9, Moves(7)=0.0, Pins(0)=0.0, Dist=214.0, Win Bonus=0.0
[2026-05-22 10:22:39] SCORE Gruppe 1 (gray0): Final=321.8, Time=97.8, Moves(7)=0.0, Pins(0)=0.0, Dist=224.0, Win Bonus=0.0
[2026-05-22 10:22:39] SCORE The bandits (yellow): Final=320.3, Time=98.3, Moves(7)=0.0, Pins(0)=0.0, Dist=222.0, Win Bonus=0.0
[2026-05-22 10:22:39] ALL WRONG MOVES BY COLOUR: {'red': ['1 (turn timeout)']}
[2026-05-22 10:22:40] MOVE 37: Gruppe 2 (lawn green) 32->73 [0.00ms]
[2026-05-22 10:22:40] SCORE AlphaZeroClue (red): Final=301.4, Time=87.4, Moves(7)=0.0, Pins(0)=0.0, Dist=214.0, Win Bonus=0.0
[2026-05-22 10:22:40] SCORE Gruppe 67 (blue): Final=325.1, Time=95.1, Moves(7)=0.0, Pins(0)=0.0, Dist=230.0, Win Bonus=0.0
[2026-05-22 10:22:40] SCORE Gruppe 2 (lawn green): Final=314.6, Time=96.6, Moves(8)=0.0, Pins(0)=0.0, Dist=218.0, Win Bonus=0.0
[2026-05-22 10:22:40] SCORE Gruppe 1 (gray0): Final=321.8, Time=97.8, Moves(7)=0.0, Pins(0)=0.0, Dist=224.0, Win Bonus=0.0
[2026-05-22 10:22:40] SCORE The bandits (yellow): Final=320.3, Time=98.3, Moves(7)=0.0, Pins(0)=0.0, Dist=222.0, Win Bonus=0.0
[2026-05-22 10:22:40] ALL WRONG MOVES BY COLOUR: {'red': ['1 (turn timeout)']}
[2026-05-22 10:22:40] MOVE 38: The bandits (yellow) 89->93 [0.00ms]
[2026-05-22 10:22:40] SCORE AlphaZeroClue (red): Final=301.4, Time=87.4, Moves(7)=0.0, Pins(0)=0.0, Dist=214.0, Win Bonus=0.0
[2026-05-22 10:22:40] SCORE Gruppe 67 (blue): Final=325.1, Time=95.1, Moves(7)=0.0, Pins(0)=0.0, Dist=230.0, Win Bonus=0.0
[2026-05-22 10:22:40] SCORE Gruppe 2 (lawn green): Final=314.6, Time=96.6, Moves(8)=0.0, Pins(0)=0.0, Dist=218.0, Win Bonus=0.0
[2026-05-22 10:22:40] SCORE Gruppe 1 (gray0): Final=321.8, Time=97.8, Moves(7)=0.0, Pins(0)=0.0, Dist=224.0, Win Bonus=0.0
[2026-05-22 10:22:40] SCORE The bandits (yellow): Final=328.0, Time=98.0, Moves(8)=0.0, Pins(0)=0.0, Dist=230.0, Win Bonus=0.0
[2026-05-22 10:22:40] ALL WRONG MOVES BY COLOUR: {'red': ['1 (turn timeout)']}
[2026-05-22 10:22:41] MOVE 39: Gruppe 67 (blue) 6->28 [0.01ms]
[2026-05-22 10:22:41] SCORE AlphaZeroClue (red): Final=301.4, Time=87.4, Moves(7)=0.0, Pins(0)=0.0, Dist=214.0, Win Bonus=0.0
[2026-05-22 10:22:41] SCORE Gruppe 67 (blue): Final=328.1, Time=94.1, Moves(8)=0.0, Pins(0)=0.0, Dist=234.0, Win Bonus=0.0
[2026-05-22 10:22:41] SCORE Gruppe 2 (lawn green): Final=314.6, Time=96.6, Moves(8)=0.0, Pins(0)=0.0, Dist=218.0, Win Bonus=0.0
[2026-05-22 10:22:41] SCORE Gruppe 1 (gray0): Final=321.8, Time=97.8, Moves(7)=0.0, Pins(0)=0.0, Dist=224.0, Win Bonus=0.0
[2026-05-22 10:22:41] SCORE The bandits (yellow): Final=328.0, Time=98.0, Moves(8)=0.0, Pins(0)=0.0, Dist=230.0, Win Bonus=0.0
[2026-05-22 10:22:41] ALL WRONG MOVES BY COLOUR: {'red': ['1 (turn timeout)']}
[2026-05-22 10:22:41] MOVE 40: Gruppe 1 (gray0) 86->67 [0.00ms]
[2026-05-22 10:22:41] SCORE AlphaZeroClue (red): Final=301.4, Time=87.4, Moves(7)=0.0, Pins(0)=0.0, Dist=214.0, Win Bonus=0.0
[2026-05-22 10:22:41] SCORE Gruppe 67 (blue): Final=328.1, Time=94.1, Moves(8)=0.0, Pins(0)=0.0, Dist=234.0, Win Bonus=0.0
[2026-05-22 10:22:41] SCORE Gruppe 2 (lawn green): Final=314.6, Time=96.6, Moves(8)=0.0, Pins(0)=0.0, Dist=218.0, Win Bonus=0.0
[2026-05-22 10:22:41] SCORE Gruppe 1 (gray0): Final=329.3, Time=97.3, Moves(8)=0.0, Pins(0)=0.0, Dist=232.0, Win Bonus=0.0
[2026-05-22 10:22:41] SCORE The bandits (yellow): Final=328.0, Time=98.0, Moves(8)=0.0, Pins(0)=0.0, Dist=230.0, Win Bonus=0.0
[2026-05-22 10:22:41] ALL WRONG MOVES BY COLOUR: {'red': ['1 (turn timeout)']}
[2026-05-22 10:22:43] SCORE AlphaZeroClue (red): Final=301.4, Time=87.4, Moves(7)=0.0, Pins(0)=0.0, Dist=214.0, Win Bonus=0.0
[2026-05-22 10:22:43] SCORE Gruppe 67 (blue): Final=328.1, Time=94.1, Moves(8)=0.0, Pins(0)=0.0, Dist=234.0, Win Bonus=0.0
[2026-05-22 10:22:43] SCORE Gruppe 2 (lawn green): Final=314.6, Time=96.6, Moves(8)=0.0, Pins(0)=0.0, Dist=218.0, Win Bonus=0.0
[2026-05-22 10:22:43] SCORE Gruppe 1 (gray0): Final=329.3, Time=97.3, Moves(8)=0.0, Pins(0)=0.0, Dist=232.0, Win Bonus=0.0
[2026-05-22 10:22:43] SCORE The bandits (yellow): Final=328.0, Time=98.0, Moves(8)=0.0, Pins(0)=0.0, Dist=230.0, Win Bonus=0.0
[2026-05-22 10:22:43] ALL WRONG MOVES BY COLOUR: {'red': ['1 (turn timeout)', '41 (turn timeout)']}
[2026-05-22 10:22:43] TURN TIMEOUT: Player with colour red exceeded 2s at move 41. Turn skipped.
[2026-05-22 10:22:44] MOVE 42: Gruppe 2 (lawn green) 34->30 [0.00ms]
[2026-05-22 10:22:44] SCORE AlphaZeroClue (red): Final=301.4, Time=87.4, Moves(7)=0.0, Pins(0)=0.0, Dist=214.0, Win Bonus=0.0
[2026-05-22 10:22:44] SCORE Gruppe 67 (blue): Final=328.1, Time=94.1, Moves(8)=0.0, Pins(0)=0.0, Dist=234.0, Win Bonus=0.0
[2026-05-22 10:22:44] SCORE Gruppe 2 (lawn green): Final=322.0, Time=96.0, Moves(9)=0.0, Pins(0)=0.0, Dist=226.0, Win Bonus=0.0
[2026-05-22 10:22:44] SCORE Gruppe 1 (gray0): Final=329.3, Time=97.3, Moves(8)=0.0, Pins(0)=0.0, Dist=232.0, Win Bonus=0.0
[2026-05-22 10:22:44] SCORE The bandits (yellow): Final=328.0, Time=98.0, Moves(8)=0.0, Pins(0)=0.0, Dist=230.0, Win Bonus=0.0
[2026-05-22 10:22:44] ALL WRONG MOVES BY COLOUR: {'red': ['1 (turn timeout)', '41 (turn timeout)']}
[2026-05-22 10:22:44] MOVE 43: The bandits (yellow) 48->89 [0.01ms]
[2026-05-22 10:22:44] SCORE AlphaZeroClue (red): Final=301.4, Time=87.4, Moves(7)=0.0, Pins(0)=0.0, Dist=214.0, Win Bonus=0.0
[2026-05-22 10:22:44] SCORE Gruppe 67 (blue): Final=328.1, Time=94.1, Moves(8)=0.0, Pins(0)=0.0, Dist=234.0, Win Bonus=0.0
[2026-05-22 10:22:44] SCORE Gruppe 2 (lawn green): Final=322.0, Time=96.0, Moves(9)=0.0, Pins(0)=0.0, Dist=226.0, Win Bonus=0.0
[2026-05-22 10:22:44] SCORE Gruppe 1 (gray0): Final=329.3, Time=97.3, Moves(8)=0.0, Pins(0)=0.0, Dist=232.0, Win Bonus=0.0
[2026-05-22 10:22:44] SCORE The bandits (yellow): Final=331.7, Time=97.7, Moves(9)=0.0, Pins(0)=0.0, Dist=234.0, Win Bonus=0.0
[2026-05-22 10:22:44] ALL WRONG MOVES BY COLOUR: {'red': ['1 (turn timeout)', '41 (turn timeout)']}
[2026-05-22 10:22:45] MOVE 44: Gruppe 67 (blue) 31->68 [0.00ms]
[2026-05-22 10:22:45] SCORE AlphaZeroClue (red): Final=301.4, Time=87.4, Moves(7)=0.0, Pins(0)=0.0, Dist=214.0, Win Bonus=0.0
[2026-05-22 10:22:45] SCORE Gruppe 67 (blue): Final=335.2, Time=93.2, Moves(9)=0.0, Pins(0)=0.0, Dist=242.0, Win Bonus=0.0
[2026-05-22 10:22:45] SCORE Gruppe 2 (lawn green): Final=322.0, Time=96.0, Moves(9)=0.0, Pins(0)=0.0, Dist=226.0, Win Bonus=0.0
[2026-05-22 10:22:45] SCORE Gruppe 1 (gray0): Final=329.3, Time=97.3, Moves(8)=0.0, Pins(0)=0.0, Dist=232.0, Win Bonus=0.0
[2026-05-22 10:22:45] SCORE The bandits (yellow): Final=331.7, Time=97.7, Moves(9)=0.0, Pins(0)=0.0, Dist=234.0, Win Bonus=0.0
[2026-05-22 10:22:45] ALL WRONG MOVES BY COLOUR: {'red': ['1 (turn timeout)', '41 (turn timeout)']}
[2026-05-22 10:22:46] MOVE 45: Gruppe 1 (gray0) 56->16 [0.01ms]
[2026-05-22 10:22:46] SCORE AlphaZeroClue (red): Final=301.4, Time=87.4, Moves(7)=0.0, Pins(0)=0.0, Dist=214.0, Win Bonus=0.0
[2026-05-22 10:22:46] SCORE Gruppe 67 (blue): Final=335.2, Time=93.2, Moves(9)=0.0, Pins(0)=0.0, Dist=242.0, Win Bonus=0.0
[2026-05-22 10:22:46] SCORE Gruppe 2 (lawn green): Final=322.0, Time=96.0, Moves(9)=0.0, Pins(0)=0.0, Dist=226.0, Win Bonus=0.0
[2026-05-22 10:22:46] SCORE Gruppe 1 (gray0): Final=340.7, Time=96.7, Moves(9)=0.0, Pins(0)=0.0, Dist=244.0, Win Bonus=0.0
[2026-05-22 10:22:46] SCORE The bandits (yellow): Final=331.7, Time=97.7, Moves(9)=0.0, Pins(0)=0.0, Dist=234.0, Win Bonus=0.0
[2026-05-22 10:22:46] ALL WRONG MOVES BY COLOUR: {'red': ['1 (turn timeout)', '41 (turn timeout)']}
[2026-05-22 10:22:48] MOVE 46: AlphaZeroClue (red) 78->36 [0.00ms]
[2026-05-22 10:22:48] SCORE AlphaZeroClue (red): Final=305.5, Time=85.5, Moves(8)=0.0, Pins(0)=0.0, Dist=220.0, Win Bonus=0.0
[2026-05-22 10:22:48] SCORE Gruppe 67 (blue): Final=335.2, Time=93.2, Moves(9)=0.0, Pins(0)=0.0, Dist=242.0, Win Bonus=0.0
[2026-05-22 10:22:48] SCORE Gruppe 2 (lawn green): Final=322.0, Time=96.0, Moves(9)=0.0, Pins(0)=0.0, Dist=226.0, Win Bonus=0.0
[2026-05-22 10:22:48] SCORE Gruppe 1 (gray0): Final=340.7, Time=96.7, Moves(9)=0.0, Pins(0)=0.0, Dist=244.0, Win Bonus=0.0
[2026-05-22 10:22:48] SCORE The bandits (yellow): Final=331.7, Time=97.7, Moves(9)=0.0, Pins(0)=0.0, Dist=234.0, Win Bonus=0.0
[2026-05-22 10:22:48] ALL WRONG MOVES BY COLOUR: {'red': ['1 (turn timeout)', '41 (turn timeout)']}
[2026-05-22 10:22:48] MOVE 47: Gruppe 2 (lawn green) 54->48 [0.01ms]
[2026-05-22 10:22:48] SCORE AlphaZeroClue (red): Final=305.5, Time=85.5, Moves(8)=0.0, Pins(0)=0.0, Dist=220.0, Win Bonus=0.0
[2026-05-22 10:22:48] SCORE Gruppe 67 (blue): Final=335.2, Time=93.2, Moves(9)=0.0, Pins(0)=0.0, Dist=242.0, Win Bonus=0.0
[2026-05-22 10:22:48] SCORE Gruppe 2 (lawn green): Final=333.8, Time=95.8, Moves(10)=0.0, Pins(0)=0.0, Dist=238.0, Win Bonus=0.0
[2026-05-22 10:22:48] SCORE Gruppe 1 (gray0): Final=340.7, Time=96.7, Moves(9)=0.0, Pins(0)=0.0, Dist=244.0, Win Bonus=0.0
[2026-05-22 10:22:48] SCORE The bandits (yellow): Final=331.7, Time=97.7, Moves(9)=0.0, Pins(0)=0.0, Dist=234.0, Win Bonus=0.0
[2026-05-22 10:22:48] ALL WRONG MOVES BY COLOUR: {'red': ['1 (turn timeout)', '41 (turn timeout)']}
[2026-05-22 10:22:48] MOVE 48: The bandits (yellow) 35->39 [0.00ms]
[2026-05-22 10:22:48] SCORE AlphaZeroClue (red): Final=305.5, Time=85.5, Moves(8)=0.0, Pins(0)=0.0, Dist=220.0, Win Bonus=0.0
[2026-05-22 10:22:48] SCORE Gruppe 67 (blue): Final=335.2, Time=93.2, Moves(9)=0.0, Pins(0)=0.0, Dist=242.0, Win Bonus=0.0
[2026-05-22 10:22:48] SCORE Gruppe 2 (lawn green): Final=333.8, Time=95.8, Moves(10)=0.0, Pins(0)=0.0, Dist=238.0, Win Bonus=0.0
[2026-05-22 10:22:48] SCORE Gruppe 1 (gray0): Final=340.7, Time=96.7, Moves(9)=0.0, Pins(0)=0.0, Dist=244.0, Win Bonus=0.0
[2026-05-22 10:22:48] SCORE The bandits (yellow): Final=339.4, Time=97.4, Moves(10)=0.0, Pins(0)=0.0, Dist=242.0, Win Bonus=0.0
[2026-05-22 10:22:48] ALL WRONG MOVES BY COLOUR: {'red': ['1 (turn timeout)', '41 (turn timeout)']}
[2026-05-22 10:22:49] MOVE 49: Gruppe 67 (blue) 14->56 [0.00ms]
[2026-05-22 10:22:49] SCORE AlphaZeroClue (red): Final=305.5, Time=85.5, Moves(8)=0.0, Pins(0)=0.0, Dist=220.0, Win Bonus=0.0
[2026-05-22 10:22:49] SCORE Gruppe 67 (blue): Final=342.8, Time=92.8, Moves(10)=0.0, Pins(0)=0.0, Dist=250.0, Win Bonus=0.0
[2026-05-22 10:22:49] SCORE Gruppe 2 (lawn green): Final=333.8, Time=95.8, Moves(10)=0.0, Pins(0)=0.0, Dist=238.0, Win Bonus=0.0
[2026-05-22 10:22:49] SCORE Gruppe 1 (gray0): Final=340.7, Time=96.7, Moves(9)=0.0, Pins(0)=0.0, Dist=244.0, Win Bonus=0.0
[2026-05-22 10:22:49] SCORE The bandits (yellow): Final=339.4, Time=97.4, Moves(10)=0.0, Pins(0)=0.0, Dist=242.0, Win Bonus=0.0
[2026-05-22 10:22:49] ALL WRONG MOVES BY COLOUR: {'red': ['1 (turn timeout)', '41 (turn timeout)']}
[2026-05-22 10:22:49] MOVE 50: Gruppe 1 (gray0) 103->59 [0.00ms]
[2026-05-22 10:22:49] SCORE AlphaZeroClue (red): Final=305.5, Time=85.5, Moves(8)=0.0, Pins(0)=0.0, Dist=220.0, Win Bonus=0.0
[2026-05-22 10:22:49] SCORE Gruppe 67 (blue): Final=342.8, Time=92.8, Moves(10)=0.0, Pins(0)=0.0, Dist=250.0, Win Bonus=0.0
[2026-05-22 10:22:49] SCORE Gruppe 2 (lawn green): Final=333.8, Time=95.8, Moves(10)=0.0, Pins(0)=0.0, Dist=238.0, Win Bonus=0.0
[2026-05-22 10:22:49] SCORE Gruppe 1 (gray0): Final=344.1, Time=96.1, Moves(10)=0.0, Pins(0)=0.0, Dist=248.0, Win Bonus=0.0
[2026-05-22 10:22:49] SCORE The bandits (yellow): Final=339.4, Time=97.4, Moves(10)=0.0, Pins(0)=0.0, Dist=242.0, Win Bonus=0.0
[2026-05-22 10:22:49] ALL WRONG MOVES BY COLOUR: {'red': ['1 (turn timeout)', '41 (turn timeout)']}
[2026-05-22 10:22:51] MOVE 51: AlphaZeroClue (red) 114->94 [0.01ms]
[2026-05-22 10:22:51] SCORE AlphaZeroClue (red): Final=307.6, Time=83.6, Moves(9)=0.0, Pins(0)=0.0, Dist=224.0, Win Bonus=0.0
[2026-05-22 10:22:51] SCORE Gruppe 67 (blue): Final=342.8, Time=92.8, Moves(10)=0.0, Pins(0)=0.0, Dist=250.0, Win Bonus=0.0
[2026-05-22 10:22:51] SCORE Gruppe 2 (lawn green): Final=333.8, Time=95.8, Moves(10)=0.0, Pins(0)=0.0, Dist=238.0, Win Bonus=0.0
[2026-05-22 10:22:51] SCORE Gruppe 1 (gray0): Final=344.1, Time=96.1, Moves(10)=0.0, Pins(0)=0.0, Dist=248.0, Win Bonus=0.0
[2026-05-22 10:22:51] SCORE The bandits (yellow): Final=339.4, Time=97.4, Moves(10)=0.0, Pins(0)=0.0, Dist=242.0, Win Bonus=0.0
[2026-05-22 10:22:51] ALL WRONG MOVES BY COLOUR: {'red': ['1 (turn timeout)', '41 (turn timeout)']}
[2026-05-22 10:22:51] MOVE 52: Gruppe 2 (lawn green) 18->41 [0.01ms]
[2026-05-22 10:22:51] SCORE AlphaZeroClue (red): Final=307.6, Time=83.6, Moves(9)=0.0, Pins(0)=0.0, Dist=224.0, Win Bonus=0.0
[2026-05-22 10:22:51] SCORE Gruppe 67 (blue): Final=342.8, Time=92.8, Moves(10)=0.0, Pins(0)=0.0, Dist=250.0, Win Bonus=0.0
[2026-05-22 10:22:51] SCORE Gruppe 2 (lawn green): Final=337.6, Time=95.6, Moves(11)=0.0, Pins(0)=0.0, Dist=242.0, Win Bonus=0.0
[2026-05-22 10:22:51] SCORE Gruppe 1 (gray0): Final=344.1, Time=96.1, Moves(10)=0.0, Pins(0)=0.0, Dist=248.0, Win Bonus=0.0
[2026-05-22 10:22:51] SCORE The bandits (yellow): Final=339.4, Time=97.4, Moves(10)=0.0, Pins(0)=0.0, Dist=242.0, Win Bonus=0.0
[2026-05-22 10:22:51] ALL WRONG MOVES BY COLOUR: {'red': ['1 (turn timeout)', '41 (turn timeout)']}
[2026-05-22 10:22:52] MOVE 53: The bandits (yellow) 93->95 [0.00ms]
[2026-05-22 10:22:52] SCORE AlphaZeroClue (red): Final=307.6, Time=83.6, Moves(9)=0.0, Pins(0)=0.0, Dist=224.0, Win Bonus=0.0
[2026-05-22 10:22:52] SCORE Gruppe 67 (blue): Final=342.8, Time=92.8, Moves(10)=0.0, Pins(0)=0.0, Dist=250.0, Win Bonus=0.0
[2026-05-22 10:22:52] SCORE Gruppe 2 (lawn green): Final=337.6, Time=95.6, Moves(11)=0.0, Pins(0)=0.0, Dist=242.0, Win Bonus=0.0
[2026-05-22 10:22:52] SCORE Gruppe 1 (gray0): Final=344.1, Time=96.1, Moves(10)=0.0, Pins(0)=0.0, Dist=248.0, Win Bonus=0.0
[2026-05-22 10:22:52] SCORE The bandits (yellow): Final=443.1, Time=97.1, Moves(11)=0.0, Pins(1)=100.0, Dist=246.0, Win Bonus=0.0
[2026-05-22 10:22:52] ALL WRONG MOVES BY COLOUR: {'red': ['1 (turn timeout)', '41 (turn timeout)']}
[2026-05-22 10:22:52] MOVE 54: Gruppe 67 (blue) 15->40 [0.00ms]
[2026-05-22 10:22:52] SCORE AlphaZeroClue (red): Final=307.6, Time=83.6, Moves(9)=0.0, Pins(0)=0.0, Dist=224.0, Win Bonus=0.0
[2026-05-22 10:22:52] SCORE Gruppe 67 (blue): Final=346.3, Time=92.3, Moves(11)=0.0, Pins(0)=0.0, Dist=254.0, Win Bonus=0.0
[2026-05-22 10:22:52] SCORE Gruppe 2 (lawn green): Final=337.6, Time=95.6, Moves(11)=0.0, Pins(0)=0.0, Dist=242.0, Win Bonus=0.0
[2026-05-22 10:22:52] SCORE Gruppe 1 (gray0): Final=344.1, Time=96.1, Moves(10)=0.0, Pins(0)=0.0, Dist=248.0, Win Bonus=0.0
[2026-05-22 10:22:52] SCORE The bandits (yellow): Final=443.1, Time=97.1, Moves(11)=0.0, Pins(1)=100.0, Dist=246.0, Win Bonus=0.0
[2026-05-22 10:22:52] ALL WRONG MOVES BY COLOUR: {'red': ['1 (turn timeout)', '41 (turn timeout)']}
[2026-05-22 10:22:53] MOVE 55: Gruppe 1 (gray0) 105->84 [0.00ms]
[2026-05-22 10:22:53] SCORE AlphaZeroClue (red): Final=307.6, Time=83.6, Moves(9)=0.0, Pins(0)=0.0, Dist=224.0, Win Bonus=0.0
[2026-05-22 10:22:53] SCORE Gruppe 67 (blue): Final=346.3, Time=92.3, Moves(11)=0.0, Pins(0)=0.0, Dist=254.0, Win Bonus=0.0
[2026-05-22 10:22:53] SCORE Gruppe 2 (lawn green): Final=337.6, Time=95.6, Moves(11)=0.0, Pins(0)=0.0, Dist=242.0, Win Bonus=0.0
[2026-05-22 10:22:53] SCORE Gruppe 1 (gray0): Final=349.6, Time=95.6, Moves(11)=0.0, Pins(0)=0.0, Dist=254.0, Win Bonus=0.0
[2026-05-22 10:22:53] SCORE The bandits (yellow): Final=443.1, Time=97.1, Moves(11)=0.0, Pins(1)=100.0, Dist=246.0, Win Bonus=0.0
[2026-05-22 10:22:53] ALL WRONG MOVES BY COLOUR: {'red': ['1 (turn timeout)', '41 (turn timeout)']}
[2026-05-22 10:22:54] MOVE 56: AlphaZeroClue (red) 113->91 [0.01ms]
[2026-05-22 10:22:54] SCORE AlphaZeroClue (red): Final=309.8, Time=81.8, Moves(10)=0.0, Pins(0)=0.0, Dist=228.0, Win Bonus=0.0
[2026-05-22 10:22:54] SCORE Gruppe 67 (blue): Final=346.3, Time=92.3, Moves(11)=0.0, Pins(0)=0.0, Dist=254.0, Win Bonus=0.0
[2026-05-22 10:22:54] SCORE Gruppe 2 (lawn green): Final=337.6, Time=95.6, Moves(11)=0.0, Pins(0)=0.0, Dist=242.0, Win Bonus=0.0
[2026-05-22 10:22:54] SCORE Gruppe 1 (gray0): Final=349.6, Time=95.6, Moves(11)=0.0, Pins(0)=0.0, Dist=254.0, Win Bonus=0.0
[2026-05-22 10:22:54] SCORE The bandits (yellow): Final=443.1, Time=97.1, Moves(11)=0.0, Pins(1)=100.0, Dist=246.0, Win Bonus=0.0
[2026-05-22 10:22:54] ALL WRONG MOVES BY COLOUR: {'red': ['1 (turn timeout)', '41 (turn timeout)']}
[2026-05-22 10:22:55] MOVE 57: Gruppe 2 (lawn green) 4->15 [0.00ms]
[2026-05-22 10:22:55] SCORE AlphaZeroClue (red): Final=309.8, Time=81.8, Moves(10)=0.0, Pins(0)=0.0, Dist=228.0, Win Bonus=0.0
[2026-05-22 10:22:55] SCORE Gruppe 67 (blue): Final=346.3, Time=92.3, Moves(11)=0.0, Pins(0)=0.0, Dist=254.0, Win Bonus=0.0
[2026-05-22 10:22:55] SCORE Gruppe 2 (lawn green): Final=341.3, Time=95.3, Moves(12)=0.0, Pins(0)=0.0, Dist=246.0, Win Bonus=0.0
[2026-05-22 10:22:55] SCORE Gruppe 1 (gray0): Final=349.6, Time=95.6, Moves(11)=0.0, Pins(0)=0.0, Dist=254.0, Win Bonus=0.0
[2026-05-22 10:22:55] SCORE The bandits (yellow): Final=443.1, Time=97.1, Moves(11)=0.0, Pins(1)=100.0, Dist=246.0, Win Bonus=0.0
[2026-05-22 10:22:55] ALL WRONG MOVES BY COLOUR: {'red': ['1 (turn timeout)', '41 (turn timeout)']}
[2026-05-22 10:22:55] MOVE 58: The bandits (yellow) 38->107 [0.00ms]
[2026-05-22 10:22:55] SCORE AlphaZeroClue (red): Final=309.8, Time=81.8, Moves(10)=0.0, Pins(0)=0.0, Dist=228.0, Win Bonus=0.0
[2026-05-22 10:22:55] SCORE Gruppe 67 (blue): Final=346.3, Time=92.3, Moves(11)=0.0, Pins(0)=0.0, Dist=254.0, Win Bonus=0.0
[2026-05-22 10:22:55] SCORE Gruppe 2 (lawn green): Final=341.3, Time=95.3, Moves(12)=0.0, Pins(0)=0.0, Dist=246.0, Win Bonus=0.0
[2026-05-22 10:22:55] SCORE Gruppe 1 (gray0): Final=349.6, Time=95.6, Moves(11)=0.0, Pins(0)=0.0, Dist=254.0, Win Bonus=0.0
[2026-05-22 10:22:55] SCORE The bandits (yellow): Final=558.9, Time=96.9, Moves(12)=0.0, Pins(2)=200.0, Dist=262.0, Win Bonus=0.0
[2026-05-22 10:22:55] ALL WRONG MOVES BY COLOUR: {'red': ['1 (turn timeout)', '41 (turn timeout)']}
[2026-05-22 10:22:56] MOVE 59: Gruppe 67 (blue) 40->105 [0.00ms]
[2026-05-22 10:22:56] SCORE AlphaZeroClue (red): Final=309.8, Time=81.8, Moves(10)=0.0, Pins(0)=0.0, Dist=228.0, Win Bonus=0.0
[2026-05-22 10:22:56] SCORE Gruppe 67 (blue): Final=357.2, Time=91.2, Moves(12)=0.0, Pins(0)=0.0, Dist=266.0, Win Bonus=0.0
[2026-05-22 10:22:56] SCORE Gruppe 2 (lawn green): Final=341.3, Time=95.3, Moves(12)=0.0, Pins(0)=0.0, Dist=246.0, Win Bonus=0.0
[2026-05-22 10:22:56] SCORE Gruppe 1 (gray0): Final=349.6, Time=95.6, Moves(11)=0.0, Pins(0)=0.0, Dist=254.0, Win Bonus=0.0
[2026-05-22 10:22:56] SCORE The bandits (yellow): Final=558.9, Time=96.9, Moves(12)=0.0, Pins(2)=200.0, Dist=262.0, Win Bonus=0.0
[2026-05-22 10:22:56] ALL WRONG MOVES BY COLOUR: {'red': ['1 (turn timeout)', '41 (turn timeout)']}
[2026-05-22 10:22:57] MOVE 60: Gruppe 1 (gray0) 116->40 [0.01ms]
[2026-05-22 10:22:57] SCORE AlphaZeroClue (red): Final=309.8, Time=81.8, Moves(10)=0.0, Pins(0)=0.0, Dist=228.0, Win Bonus=0.0
[2026-05-22 10:22:57] SCORE Gruppe 67 (blue): Final=357.2, Time=91.2, Moves(12)=0.0, Pins(0)=0.0, Dist=266.0, Win Bonus=0.0
[2026-05-22 10:22:57] SCORE Gruppe 2 (lawn green): Final=341.3, Time=95.3, Moves(12)=0.0, Pins(0)=0.0, Dist=246.0, Win Bonus=0.0
[2026-05-22 10:22:57] SCORE Gruppe 1 (gray0): Final=357.2, Time=95.2, Moves(12)=0.0, Pins(0)=0.0, Dist=262.0, Win Bonus=0.0
[2026-05-22 10:22:57] SCORE The bandits (yellow): Final=558.9, Time=96.9, Moves(12)=0.0, Pins(2)=200.0, Dist=262.0, Win Bonus=0.0
[2026-05-22 10:22:57] ALL WRONG MOVES BY COLOUR: {'red': ['1 (turn timeout)', '41 (turn timeout)']}
[2026-05-22 10:22:58] MOVE 61: AlphaZeroClue (red) 111->93 [0.00ms]
[2026-05-22 10:22:58] SCORE AlphaZeroClue (red): Final=312.1, Time=80.1, Moves(11)=0.0, Pins(0)=0.0, Dist=232.0, Win Bonus=0.0
[2026-05-22 10:22:58] SCORE Gruppe 67 (blue): Final=357.2, Time=91.2, Moves(12)=0.0, Pins(0)=0.0, Dist=266.0, Win Bonus=0.0
[2026-05-22 10:22:58] SCORE Gruppe 2 (lawn green): Final=341.3, Time=95.3, Moves(12)=0.0, Pins(0)=0.0, Dist=246.0, Win Bonus=0.0
[2026-05-22 10:22:58] SCORE Gruppe 1 (gray0): Final=357.2, Time=95.2, Moves(12)=0.0, Pins(0)=0.0, Dist=262.0, Win Bonus=0.0
[2026-05-22 10:22:58] SCORE The bandits (yellow): Final=558.9, Time=96.9, Moves(12)=0.0, Pins(2)=200.0, Dist=262.0, Win Bonus=0.0
[2026-05-22 10:22:58] ALL WRONG MOVES BY COLOUR: {'red': ['1 (turn timeout)', '41 (turn timeout)']}
[2026-05-22 10:22:59] MOVE 62: Gruppe 2 (lawn green) 43->31 [0.00ms]
[2026-05-22 10:22:59] SCORE AlphaZeroClue (red): Final=312.1, Time=80.1, Moves(11)=0.0, Pins(0)=0.0, Dist=232.0, Win Bonus=0.0
[2026-05-22 10:22:59] SCORE Gruppe 67 (blue): Final=357.2, Time=91.2, Moves(12)=0.0, Pins(0)=0.0, Dist=266.0, Win Bonus=0.0
[2026-05-22 10:22:59] SCORE Gruppe 2 (lawn green): Final=341.0, Time=95.0, Moves(13)=0.0, Pins(0)=0.0, Dist=246.0, Win Bonus=0.0
[2026-05-22 10:22:59] SCORE Gruppe 1 (gray0): Final=357.2, Time=95.2, Moves(12)=0.0, Pins(0)=0.0, Dist=262.0, Win Bonus=0.0
[2026-05-22 10:22:59] SCORE The bandits (yellow): Final=558.9, Time=96.9, Moves(12)=0.0, Pins(2)=200.0, Dist=262.0, Win Bonus=0.0
[2026-05-22 10:22:59] ALL WRONG MOVES BY COLOUR: {'red': ['1 (turn timeout)', '41 (turn timeout)']}
[2026-05-22 10:22:59] MOVE 63: The bandits (yellow) 101->103 [0.01ms]
[2026-05-22 10:22:59] SCORE AlphaZeroClue (red): Final=312.1, Time=80.1, Moves(11)=0.0, Pins(0)=0.0, Dist=232.0, Win Bonus=0.0
[2026-05-22 10:22:59] SCORE Gruppe 67 (blue): Final=357.2, Time=91.2, Moves(12)=0.0, Pins(0)=0.0, Dist=266.0, Win Bonus=0.0
[2026-05-22 10:22:59] SCORE Gruppe 2 (lawn green): Final=341.0, Time=95.0, Moves(13)=0.0, Pins(0)=0.0, Dist=246.0, Win Bonus=0.0
[2026-05-22 10:22:59] SCORE Gruppe 1 (gray0): Final=357.2, Time=95.2, Moves(12)=0.0, Pins(0)=0.0, Dist=262.0, Win Bonus=0.0
[2026-05-22 10:22:59] SCORE The bandits (yellow): Final=562.5, Time=96.5, Moves(13)=0.0, Pins(2)=200.0, Dist=266.0, Win Bonus=0.0
[2026-05-22 10:22:59] ALL WRONG MOVES BY COLOUR: {'red': ['1 (turn timeout)', '41 (turn timeout)']}
[2026-05-22 10:23:00] MOVE 64: Gruppe 67 (blue) 58->79 [0.00ms]
[2026-05-22 10:23:00] SCORE AlphaZeroClue (red): Final=312.1, Time=80.1, Moves(11)=0.0, Pins(0)=0.0, Dist=232.0, Win Bonus=0.0
[2026-05-22 10:23:00] SCORE Gruppe 67 (blue): Final=360.3, Time=90.3, Moves(13)=0.0, Pins(0)=0.0, Dist=270.0, Win Bonus=0.0
[2026-05-22 10:23:00] SCORE Gruppe 2 (lawn green): Final=341.0, Time=95.0, Moves(13)=0.0, Pins(0)=0.0, Dist=246.0, Win Bonus=0.0
[2026-05-22 10:23:00] SCORE Gruppe 1 (gray0): Final=357.2, Time=95.2, Moves(12)=0.0, Pins(0)=0.0, Dist=262.0, Win Bonus=0.0
[2026-05-22 10:23:00] SCORE The bandits (yellow): Final=562.5, Time=96.5, Moves(13)=0.0, Pins(2)=200.0, Dist=266.0, Win Bonus=0.0
[2026-05-22 10:23:00] ALL WRONG MOVES BY COLOUR: {'red': ['1 (turn timeout)', '41 (turn timeout)']}
[2026-05-22 10:23:00] MOVE 65: Gruppe 1 (gray0) 77->14 [0.00ms]
[2026-05-22 10:23:00] SCORE AlphaZeroClue (red): Final=312.1, Time=80.1, Moves(11)=0.0, Pins(0)=0.0, Dist=232.0, Win Bonus=0.0
[2026-05-22 10:23:00] SCORE Gruppe 67 (blue): Final=360.3, Time=90.3, Moves(13)=0.0, Pins(0)=0.0, Dist=270.0, Win Bonus=0.0
[2026-05-22 10:23:00] SCORE Gruppe 2 (lawn green): Final=341.0, Time=95.0, Moves(13)=0.0, Pins(0)=0.0, Dist=246.0, Win Bonus=0.0
[2026-05-22 10:23:00] SCORE Gruppe 1 (gray0): Final=364.6, Time=94.6, Moves(13)=0.0, Pins(0)=0.0, Dist=270.0, Win Bonus=0.0
[2026-05-22 10:23:00] SCORE The bandits (yellow): Final=562.5, Time=96.5, Moves(13)=0.0, Pins(2)=200.0, Dist=266.0, Win Bonus=0.0
[2026-05-22 10:23:00] ALL WRONG MOVES BY COLOUR: {'red': ['1 (turn timeout)', '41 (turn timeout)']}
[2026-05-22 10:23:02] MOVE 66: AlphaZeroClue (red) 102->37 [0.00ms]
[2026-05-22 10:23:02] SCORE AlphaZeroClue (red): Final=322.4, Time=78.4, Moves(12)=0.0, Pins(0)=0.0, Dist=244.0, Win Bonus=0.0
[2026-05-22 10:23:02] SCORE Gruppe 67 (blue): Final=360.3, Time=90.3, Moves(13)=0.0, Pins(0)=0.0, Dist=270.0, Win Bonus=0.0
[2026-05-22 10:23:02] SCORE Gruppe 2 (lawn green): Final=341.0, Time=95.0, Moves(13)=0.0, Pins(0)=0.0, Dist=246.0, Win Bonus=0.0
[2026-05-22 10:23:02] SCORE Gruppe 1 (gray0): Final=364.6, Time=94.6, Moves(13)=0.0, Pins(0)=0.0, Dist=270.0, Win Bonus=0.0
[2026-05-22 10:23:02] SCORE The bandits (yellow): Final=562.5, Time=96.5, Moves(13)=0.0, Pins(2)=200.0, Dist=266.0, Win Bonus=0.0
[2026-05-22 10:23:02] ALL WRONG MOVES BY COLOUR: {'red': ['1 (turn timeout)', '41 (turn timeout)']}
[2026-05-22 10:23:02] MOVE 67: Gruppe 2 (lawn green) 15->99 [0.00ms]
[2026-05-22 10:23:02] SCORE AlphaZeroClue (red): Final=322.4, Time=78.4, Moves(12)=0.0, Pins(0)=0.0, Dist=244.0, Win Bonus=0.0
[2026-05-22 10:23:02] SCORE Gruppe 67 (blue): Final=360.3, Time=90.3, Moves(13)=0.0, Pins(0)=0.0, Dist=270.0, Win Bonus=0.0
[2026-05-22 10:23:02] SCORE Gruppe 2 (lawn green): Final=452.6, Time=94.6, Moves(14)=0.0, Pins(1)=100.0, Dist=258.0, Win Bonus=0.0
[2026-05-22 10:23:02] SCORE Gruppe 1 (gray0): Final=364.6, Time=94.6, Moves(13)=0.0, Pins(0)=0.0, Dist=270.0, Win Bonus=0.0
[2026-05-22 10:23:02] SCORE The bandits (yellow): Final=562.5, Time=96.5, Moves(13)=0.0, Pins(2)=200.0, Dist=266.0, Win Bonus=0.0
[2026-05-22 10:23:02] ALL WRONG MOVES BY COLOUR: {'red': ['1 (turn timeout)', '41 (turn timeout)']}
[2026-05-22 10:23:03] MOVE 68: The bandits (yellow) 39->102 [0.00ms]
[2026-05-22 10:23:03] SCORE AlphaZeroClue (red): Final=322.4, Time=78.4, Moves(12)=0.0, Pins(0)=0.0, Dist=244.0, Win Bonus=0.0
[2026-05-22 10:23:03] SCORE Gruppe 67 (blue): Final=360.3, Time=90.3, Moves(13)=0.0, Pins(0)=0.0, Dist=270.0, Win Bonus=0.0
[2026-05-22 10:23:03] SCORE Gruppe 2 (lawn green): Final=452.6, Time=94.6, Moves(14)=0.0, Pins(1)=100.0, Dist=258.0, Win Bonus=0.0
[2026-05-22 10:23:03] SCORE Gruppe 1 (gray0): Final=364.6, Time=94.6, Moves(13)=0.0, Pins(0)=0.0, Dist=270.0, Win Bonus=0.0
[2026-05-22 10:23:03] SCORE The bandits (yellow): Final=566.3, Time=96.3, Moves(14)=0.0, Pins(2)=200.0, Dist=270.0, Win Bonus=0.0
[2026-05-22 10:23:03] ALL WRONG MOVES BY COLOUR: {'red': ['1 (turn timeout)', '41 (turn timeout)']}
[2026-05-22 10:23:04] MOVE 69: Gruppe 67 (blue) 56->77 [0.01ms]
[2026-05-22 10:23:04] SCORE AlphaZeroClue (red): Final=322.4, Time=78.4, Moves(12)=0.0, Pins(0)=0.0, Dist=244.0, Win Bonus=0.0
[2026-05-22 10:23:04] SCORE Gruppe 67 (blue): Final=363.4, Time=89.4, Moves(14)=0.0, Pins(0)=0.0, Dist=274.0, Win Bonus=0.0
[2026-05-22 10:23:04] SCORE Gruppe 2 (lawn green): Final=452.6, Time=94.6, Moves(14)=0.0, Pins(1)=100.0, Dist=258.0, Win Bonus=0.0
[2026-05-22 10:23:04] SCORE Gruppe 1 (gray0): Final=364.6, Time=94.6, Moves(13)=0.0, Pins(0)=0.0, Dist=270.0, Win Bonus=0.0
[2026-05-22 10:23:04] SCORE The bandits (yellow): Final=566.3, Time=96.3, Moves(14)=0.0, Pins(2)=200.0, Dist=270.0, Win Bonus=0.0
[2026-05-22 10:23:04] ALL WRONG MOVES BY COLOUR: {'red': ['1 (turn timeout)', '41 (turn timeout)']}
[2026-05-22 10:23:04] MOVE 70: Gruppe 1 (gray0) 59->17 [0.01ms]
[2026-05-22 10:23:04] SCORE AlphaZeroClue (red): Final=322.4, Time=78.4, Moves(12)=0.0, Pins(0)=0.0, Dist=244.0, Win Bonus=0.0
[2026-05-22 10:23:04] SCORE Gruppe 67 (blue): Final=363.4, Time=89.4, Moves(14)=0.0, Pins(0)=0.0, Dist=274.0, Win Bonus=0.0
[2026-05-22 10:23:04] SCORE Gruppe 2 (lawn green): Final=452.6, Time=94.6, Moves(14)=0.0, Pins(1)=100.0, Dist=258.0, Win Bonus=0.0
[2026-05-22 10:23:04] SCORE Gruppe 1 (gray0): Final=372.5, Time=94.5, Moves(14)=0.0, Pins(0)=0.0, Dist=278.0, Win Bonus=0.0
[2026-05-22 10:23:04] SCORE The bandits (yellow): Final=566.3, Time=96.3, Moves(14)=0.0, Pins(2)=200.0, Dist=270.0, Win Bonus=0.0
[2026-05-22 10:23:04] ALL WRONG MOVES BY COLOUR: {'red': ['1 (turn timeout)', '41 (turn timeout)']}
[2026-05-22 10:23:05] MOVE 71: AlphaZeroClue (red) 36->15 [0.00ms]
[2026-05-22 10:23:05] SCORE AlphaZeroClue (red): Final=326.8, Time=76.8, Moves(13)=0.0, Pins(0)=0.0, Dist=250.0, Win Bonus=0.0
[2026-05-22 10:23:05] SCORE Gruppe 67 (blue): Final=363.4, Time=89.4, Moves(14)=0.0, Pins(0)=0.0, Dist=274.0, Win Bonus=0.0
[2026-05-22 10:23:05] SCORE Gruppe 2 (lawn green): Final=452.6, Time=94.6, Moves(14)=0.0, Pins(1)=100.0, Dist=258.0, Win Bonus=0.0
[2026-05-22 10:23:05] SCORE Gruppe 1 (gray0): Final=372.5, Time=94.5, Moves(14)=0.0, Pins(0)=0.0, Dist=278.0, Win Bonus=0.0
[2026-05-22 10:23:05] SCORE The bandits (yellow): Final=566.3, Time=96.3, Moves(14)=0.0, Pins(2)=200.0, Dist=270.0, Win Bonus=0.0
[2026-05-22 10:23:05] ALL WRONG MOVES BY COLOUR: {'red': ['1 (turn timeout)', '41 (turn timeout)']}
[2026-05-22 10:23:06] MOVE 72: Gruppe 2 (lawn green) 31->25 [0.01ms]
[2026-05-22 10:23:06] SCORE AlphaZeroClue (red): Final=326.8, Time=76.8, Moves(13)=0.0, Pins(0)=0.0, Dist=250.0, Win Bonus=0.0
[2026-05-22 10:23:06] SCORE Gruppe 67 (blue): Final=363.4, Time=89.4, Moves(14)=0.0, Pins(0)=0.0, Dist=274.0, Win Bonus=0.0
[2026-05-22 10:23:06] SCORE Gruppe 2 (lawn green): Final=462.1, Time=94.1, Moves(15)=0.0, Pins(1)=100.0, Dist=268.0, Win Bonus=0.0
[2026-05-22 10:23:06] SCORE Gruppe 1 (gray0): Final=372.5, Time=94.5, Moves(14)=0.0, Pins(0)=0.0, Dist=278.0, Win Bonus=0.0
[2026-05-22 10:23:06] SCORE The bandits (yellow): Final=566.3, Time=96.3, Moves(14)=0.0, Pins(2)=200.0, Dist=270.0, Win Bonus=0.0
[2026-05-22 10:23:06] ALL WRONG MOVES BY COLOUR: {'red': ['1 (turn timeout)', '41 (turn timeout)']}
[2026-05-22 10:23:06] MOVE 73: The bandits (yellow) 89->113 [0.00ms]
[2026-05-22 10:23:06] SCORE AlphaZeroClue (red): Final=326.8, Time=76.8, Moves(13)=0.0, Pins(0)=0.0, Dist=250.0, Win Bonus=0.0
[2026-05-22 10:23:06] SCORE Gruppe 67 (blue): Final=363.4, Time=89.4, Moves(14)=0.0, Pins(0)=0.0, Dist=274.0, Win Bonus=0.0
[2026-05-22 10:23:06] SCORE Gruppe 2 (lawn green): Final=462.1, Time=94.1, Moves(15)=0.0, Pins(1)=100.0, Dist=268.0, Win Bonus=0.0
[2026-05-22 10:23:06] SCORE Gruppe 1 (gray0): Final=372.5, Time=94.5, Moves(14)=0.0, Pins(0)=0.0, Dist=278.0, Win Bonus=0.0
[2026-05-22 10:23:06] SCORE The bandits (yellow): Final=572.2, Time=96.2, Moves(15)=0.0, Pins(2)=200.0, Dist=276.0, Win Bonus=0.0
[2026-05-22 10:23:06] ALL WRONG MOVES BY COLOUR: {'red': ['1 (turn timeout)', '41 (turn timeout)']}
[2026-05-22 10:23:07] MOVE 74: Gruppe 67 (blue) 28->51 [0.01ms]
[2026-05-22 10:23:07] SCORE AlphaZeroClue (red): Final=326.8, Time=76.8, Moves(13)=0.0, Pins(0)=0.0, Dist=250.0, Win Bonus=0.0
[2026-05-22 10:23:07] SCORE Gruppe 67 (blue): Final=366.5, Time=88.5, Moves(15)=0.0, Pins(0)=0.0, Dist=278.0, Win Bonus=0.0
[2026-05-22 10:23:07] SCORE Gruppe 2 (lawn green): Final=462.1, Time=94.1, Moves(15)=0.0, Pins(1)=100.0, Dist=268.0, Win Bonus=0.0
[2026-05-22 10:23:07] SCORE Gruppe 1 (gray0): Final=372.5, Time=94.5, Moves(14)=0.0, Pins(0)=0.0, Dist=278.0, Win Bonus=0.0
[2026-05-22 10:23:07] SCORE The bandits (yellow): Final=572.2, Time=96.2, Moves(15)=0.0, Pins(2)=200.0, Dist=276.0, Win Bonus=0.0
[2026-05-22 10:23:07] ALL WRONG MOVES BY COLOUR: {'red': ['1 (turn timeout)', '41 (turn timeout)']}
[2026-05-22 10:23:07] MOVE 75: Gruppe 1 (gray0) 16->18 [0.00ms]
[2026-05-22 10:23:07] SCORE AlphaZeroClue (red): Final=326.8, Time=76.8, Moves(13)=0.0, Pins(0)=0.0, Dist=250.0, Win Bonus=0.0
[2026-05-22 10:23:07] SCORE Gruppe 67 (blue): Final=366.5, Time=88.5, Moves(15)=0.0, Pins(0)=0.0, Dist=278.0, Win Bonus=0.0
[2026-05-22 10:23:07] SCORE Gruppe 2 (lawn green): Final=462.1, Time=94.1, Moves(15)=0.0, Pins(1)=100.0, Dist=268.0, Win Bonus=0.0
[2026-05-22 10:23:07] SCORE Gruppe 1 (gray0): Final=376.3, Time=94.3, Moves(15)=0.0, Pins(0)=0.0, Dist=282.0, Win Bonus=0.0
[2026-05-22 10:23:07] SCORE The bandits (yellow): Final=572.2, Time=96.2, Moves(15)=0.0, Pins(2)=200.0, Dist=276.0, Win Bonus=0.0
[2026-05-22 10:23:07] ALL WRONG MOVES BY COLOUR: {'red': ['1 (turn timeout)', '41 (turn timeout)']}
[2026-05-22 10:23:09] MOVE 76: AlphaZeroClue (red) 15->6 [0.01ms]
[2026-05-22 10:23:09] SCORE AlphaZeroClue (red): Final=426.8, Time=74.8, Moves(14)=0.0, Pins(1)=100.0, Dist=252.0, Win Bonus=0.0
[2026-05-22 10:23:09] SCORE Gruppe 67 (blue): Final=366.5, Time=88.5, Moves(15)=0.0, Pins(0)=0.0, Dist=278.0, Win Bonus=0.0
[2026-05-22 10:23:09] SCORE Gruppe 2 (lawn green): Final=462.1, Time=94.1, Moves(15)=0.0, Pins(1)=100.0, Dist=268.0, Win Bonus=0.0
[2026-05-22 10:23:09] SCORE Gruppe 1 (gray0): Final=376.3, Time=94.3, Moves(15)=0.0, Pins(0)=0.0, Dist=282.0, Win Bonus=0.0
[2026-05-22 10:23:09] SCORE The bandits (yellow): Final=572.2, Time=96.2, Moves(15)=0.0, Pins(2)=200.0, Dist=276.0, Win Bonus=0.0
[2026-05-22 10:23:09] ALL WRONG MOVES BY COLOUR: {'red': ['1 (turn timeout)', '41 (turn timeout)']}
[2026-05-22 10:23:09] MOVE 77: Gruppe 2 (lawn green) 41->58 [0.01ms]
[2026-05-22 10:23:09] SCORE AlphaZeroClue (red): Final=426.8, Time=74.8, Moves(14)=0.0, Pins(1)=100.0, Dist=252.0, Win Bonus=0.0
[2026-05-22 10:23:09] SCORE Gruppe 67 (blue): Final=366.5, Time=88.5, Moves(15)=0.0, Pins(0)=0.0, Dist=278.0, Win Bonus=0.0
[2026-05-22 10:23:09] SCORE Gruppe 2 (lawn green): Final=469.9, Time=93.9, Moves(16)=0.0, Pins(1)=100.0, Dist=276.0, Win Bonus=0.0
[2026-05-22 10:23:09] SCORE Gruppe 1 (gray0): Final=376.3, Time=94.3, Moves(15)=0.0, Pins(0)=0.0, Dist=282.0, Win Bonus=0.0
[2026-05-22 10:23:09] SCORE The bandits (yellow): Final=572.2, Time=96.2, Moves(15)=0.0, Pins(2)=200.0, Dist=276.0, Win Bonus=0.0
[2026-05-22 10:23:09] ALL WRONG MOVES BY COLOUR: {'red': ['1 (turn timeout)', '41 (turn timeout)']}
[2026-05-22 10:23:10] MOVE 78: The bandits (yellow) 66->89 [0.01ms]
[2026-05-22 10:23:10] SCORE AlphaZeroClue (red): Final=426.8, Time=74.8, Moves(14)=0.0, Pins(1)=100.0, Dist=252.0, Win Bonus=0.0
[2026-05-22 10:23:10] SCORE Gruppe 67 (blue): Final=366.5, Time=88.5, Moves(15)=0.0, Pins(0)=0.0, Dist=278.0, Win Bonus=0.0
[2026-05-22 10:23:10] SCORE Gruppe 2 (lawn green): Final=469.9, Time=93.9, Moves(16)=0.0, Pins(1)=100.0, Dist=276.0, Win Bonus=0.0
[2026-05-22 10:23:10] SCORE Gruppe 1 (gray0): Final=376.3, Time=94.3, Moves(15)=0.0, Pins(0)=0.0, Dist=282.0, Win Bonus=0.0
[2026-05-22 10:23:10] SCORE The bandits (yellow): Final=575.8, Time=95.8, Moves(16)=0.0, Pins(2)=200.0, Dist=280.0, Win Bonus=0.0
[2026-05-22 10:23:10] ALL WRONG MOVES BY COLOUR: {'red': ['1 (turn timeout)', '41 (turn timeout)']}
[2026-05-22 10:23:10] MOVE 79: Gruppe 67 (blue) 5->16 [0.01ms]
[2026-05-22 10:23:10] SCORE AlphaZeroClue (red): Final=426.8, Time=74.8, Moves(14)=0.0, Pins(1)=100.0, Dist=252.0, Win Bonus=0.0
[2026-05-22 10:23:10] SCORE Gruppe 67 (blue): Final=369.7, Time=87.7, Moves(16)=0.0, Pins(0)=0.0, Dist=282.0, Win Bonus=0.0
[2026-05-22 10:23:10] SCORE Gruppe 2 (lawn green): Final=469.9, Time=93.9, Moves(16)=0.0, Pins(1)=100.0, Dist=276.0, Win Bonus=0.0
[2026-05-22 10:23:10] SCORE Gruppe 1 (gray0): Final=376.3, Time=94.3, Moves(15)=0.0, Pins(0)=0.0, Dist=282.0, Win Bonus=0.0
[2026-05-22 10:23:10] SCORE The bandits (yellow): Final=575.8, Time=95.8, Moves(16)=0.0, Pins(2)=200.0, Dist=280.0, Win Bonus=0.0
[2026-05-22 10:23:10] ALL WRONG MOVES BY COLOUR: {'red': ['1 (turn timeout)', '41 (turn timeout)']}
[2026-05-22 10:23:11] MOVE 80: Gruppe 1 (gray0) 17->19 [0.01ms]
[2026-05-22 10:23:11] SCORE AlphaZeroClue (red): Final=426.8, Time=74.8, Moves(14)=0.0, Pins(1)=100.0, Dist=252.0, Win Bonus=0.0
[2026-05-22 10:23:11] SCORE Gruppe 67 (blue): Final=369.7, Time=87.7, Moves(16)=0.0, Pins(0)=0.0, Dist=282.0, Win Bonus=0.0
[2026-05-22 10:23:11] SCORE Gruppe 2 (lawn green): Final=469.9, Time=93.9, Moves(16)=0.0, Pins(1)=100.0, Dist=276.0, Win Bonus=0.0
[2026-05-22 10:23:11] SCORE Gruppe 1 (gray0): Final=479.8, Time=93.8, Moves(16)=0.0, Pins(1)=100.0, Dist=286.0, Win Bonus=0.0
[2026-05-22 10:23:11] SCORE The bandits (yellow): Final=575.8, Time=95.8, Moves(16)=0.0, Pins(2)=200.0, Dist=280.0, Win Bonus=0.0
[2026-05-22 10:23:11] ALL WRONG MOVES BY COLOUR: {'red': ['1 (turn timeout)', '41 (turn timeout)']}
[2026-05-22 10:23:13] MOVE 81: AlphaZeroClue (red) 115->111 [0.00ms]
[2026-05-22 10:23:13] SCORE AlphaZeroClue (red): Final=427.1, Time=73.1, Moves(15)=0.0, Pins(1)=100.0, Dist=254.0, Win Bonus=0.0
[2026-05-22 10:23:13] SCORE Gruppe 67 (blue): Final=369.7, Time=87.7, Moves(16)=0.0, Pins(0)=0.0, Dist=282.0, Win Bonus=0.0
[2026-05-22 10:23:13] SCORE Gruppe 2 (lawn green): Final=469.9, Time=93.9, Moves(16)=0.0, Pins(1)=100.0, Dist=276.0, Win Bonus=0.0
[2026-05-22 10:23:13] SCORE Gruppe 1 (gray0): Final=479.8, Time=93.8, Moves(16)=0.0, Pins(1)=100.0, Dist=286.0, Win Bonus=0.0
[2026-05-22 10:23:13] SCORE The bandits (yellow): Final=575.8, Time=95.8, Moves(16)=0.0, Pins(2)=200.0, Dist=280.0, Win Bonus=0.0
[2026-05-22 10:23:13] ALL WRONG MOVES BY COLOUR: {'red': ['1 (turn timeout)', '41 (turn timeout)']}
[2026-05-22 10:23:13] MOVE 82: Gruppe 2 (lawn green) 42->76 [0.00ms]
[2026-05-22 10:23:13] SCORE AlphaZeroClue (red): Final=427.1, Time=73.1, Moves(15)=0.0, Pins(1)=100.0, Dist=254.0, Win Bonus=0.0
[2026-05-22 10:23:13] SCORE Gruppe 67 (blue): Final=369.7, Time=87.7, Moves(16)=0.0, Pins(0)=0.0, Dist=282.0, Win Bonus=0.0
[2026-05-22 10:23:13] SCORE Gruppe 2 (lawn green): Final=585.5, Time=93.5, Moves(17)=0.0, Pins(2)=200.0, Dist=292.0, Win Bonus=0.0
[2026-05-22 10:23:13] SCORE Gruppe 1 (gray0): Final=479.8, Time=93.8, Moves(16)=0.0, Pins(1)=100.0, Dist=286.0, Win Bonus=0.0
[2026-05-22 10:23:13] SCORE The bandits (yellow): Final=575.8, Time=95.8, Moves(16)=0.0, Pins(2)=200.0, Dist=280.0, Win Bonus=0.0
[2026-05-22 10:23:13] ALL WRONG MOVES BY COLOUR: {'red': ['1 (turn timeout)', '41 (turn timeout)']}
[2026-05-22 10:23:13] MOVE 83: The bandits (yellow) 10->11 [0.01ms]
[2026-05-22 10:23:13] SCORE AlphaZeroClue (red): Final=427.1, Time=73.1, Moves(15)=0.0, Pins(1)=100.0, Dist=254.0, Win Bonus=0.0
[2026-05-22 10:23:13] SCORE Gruppe 67 (blue): Final=369.7, Time=87.7, Moves(16)=0.0, Pins(0)=0.0, Dist=282.0, Win Bonus=0.0
[2026-05-22 10:23:13] SCORE Gruppe 2 (lawn green): Final=585.5, Time=93.5, Moves(17)=0.0, Pins(2)=200.0, Dist=292.0, Win Bonus=0.0
[2026-05-22 10:23:13] SCORE Gruppe 1 (gray0): Final=479.8, Time=93.8, Moves(16)=0.0, Pins(1)=100.0, Dist=286.0, Win Bonus=0.0
[2026-05-22 10:23:13] SCORE The bandits (yellow): Final=577.6, Time=95.6, Moves(17)=0.0, Pins(2)=200.0, Dist=282.0, Win Bonus=0.0
[2026-05-22 10:23:13] ALL WRONG MOVES BY COLOUR: {'red': ['1 (turn timeout)', '41 (turn timeout)']}
[2026-05-22 10:23:14] MOVE 84: Gruppe 67 (blue) 8->28 [0.01ms]
[2026-05-22 10:23:14] SCORE AlphaZeroClue (red): Final=427.1, Time=73.1, Moves(15)=0.0, Pins(1)=100.0, Dist=254.0, Win Bonus=0.0
[2026-05-22 10:23:14] SCORE Gruppe 67 (blue): Final=372.8, Time=86.8, Moves(17)=0.0, Pins(0)=0.0, Dist=286.0, Win Bonus=0.0
[2026-05-22 10:23:14] SCORE Gruppe 2 (lawn green): Final=585.5, Time=93.5, Moves(17)=0.0, Pins(2)=200.0, Dist=292.0, Win Bonus=0.0
[2026-05-22 10:23:14] SCORE Gruppe 1 (gray0): Final=479.8, Time=93.8, Moves(16)=0.0, Pins(1)=100.0, Dist=286.0, Win Bonus=0.0
[2026-05-22 10:23:14] SCORE The bandits (yellow): Final=577.6, Time=95.6, Moves(17)=0.0, Pins(2)=200.0, Dist=282.0, Win Bonus=0.0
[2026-05-22 10:23:14] ALL WRONG MOVES BY COLOUR: {'red': ['1 (turn timeout)', '41 (turn timeout)']}
[2026-05-22 10:23:15] MOVE 85: Gruppe 1 (gray0) 87->66 [0.01ms]
[2026-05-22 10:23:15] SCORE AlphaZeroClue (red): Final=427.1, Time=73.1, Moves(15)=0.0, Pins(1)=100.0, Dist=254.0, Win Bonus=0.0
[2026-05-22 10:23:15] SCORE Gruppe 67 (blue): Final=372.8, Time=86.8, Moves(17)=0.0, Pins(0)=0.0, Dist=286.0, Win Bonus=0.0
[2026-05-22 10:23:15] SCORE Gruppe 2 (lawn green): Final=585.5, Time=93.5, Moves(17)=0.0, Pins(2)=200.0, Dist=292.0, Win Bonus=0.0
[2026-05-22 10:23:15] SCORE Gruppe 1 (gray0): Final=483.2, Time=93.2, Moves(17)=0.0, Pins(1)=100.0, Dist=290.0, Win Bonus=0.0
[2026-05-22 10:23:15] SCORE The bandits (yellow): Final=577.6, Time=95.6, Moves(17)=0.0, Pins(2)=200.0, Dist=282.0, Win Bonus=0.0
[2026-05-22 10:23:15] ALL WRONG MOVES BY COLOUR: {'red': ['1 (turn timeout)', '41 (turn timeout)']}
[2026-05-22 10:23:17] MOVE 86: AlphaZeroClue (red) 106->81 [0.00ms]
[2026-05-22 10:23:17] SCORE AlphaZeroClue (red): Final=429.4, Time=71.4, Moves(16)=0.0, Pins(1)=100.0, Dist=258.0, Win Bonus=0.0
[2026-05-22 10:23:17] SCORE Gruppe 67 (blue): Final=372.8, Time=86.8, Moves(17)=0.0, Pins(0)=0.0, Dist=286.0, Win Bonus=0.0
[2026-05-22 10:23:17] SCORE Gruppe 2 (lawn green): Final=585.5, Time=93.5, Moves(17)=0.0, Pins(2)=200.0, Dist=292.0, Win Bonus=0.0
[2026-05-22 10:23:17] SCORE Gruppe 1 (gray0): Final=483.2, Time=93.2, Moves(17)=0.0, Pins(1)=100.0, Dist=290.0, Win Bonus=0.0
[2026-05-22 10:23:17] SCORE The bandits (yellow): Final=577.6, Time=95.6, Moves(17)=0.0, Pins(2)=200.0, Dist=282.0, Win Bonus=0.0
[2026-05-22 10:23:17] ALL WRONG MOVES BY COLOUR: {'red': ['1 (turn timeout)', '41 (turn timeout)']}
[2026-05-22 10:23:17] MOVE 87: Gruppe 2 (lawn green) 64->106 [0.00ms]
[2026-05-22 10:23:17] SCORE AlphaZeroClue (red): Final=429.4, Time=71.4, Moves(16)=0.0, Pins(1)=100.0, Dist=258.0, Win Bonus=0.0
[2026-05-22 10:23:17] SCORE Gruppe 67 (blue): Final=372.8, Time=86.8, Moves(17)=0.0, Pins(0)=0.0, Dist=286.0, Win Bonus=0.0
[2026-05-22 10:23:17] SCORE Gruppe 2 (lawn green): Final=593.2, Time=93.2, Moves(18)=0.0, Pins(2)=200.0, Dist=300.0, Win Bonus=0.0
[2026-05-22 10:23:17] SCORE Gruppe 1 (gray0): Final=483.2, Time=93.2, Moves(17)=0.0, Pins(1)=100.0, Dist=290.0, Win Bonus=0.0
[2026-05-22 10:23:17] SCORE The bandits (yellow): Final=577.6, Time=95.6, Moves(17)=0.0, Pins(2)=200.0, Dist=282.0, Win Bonus=0.0
[2026-05-22 10:23:17] ALL WRONG MOVES BY COLOUR: {'red': ['1 (turn timeout)', '41 (turn timeout)']}
[2026-05-22 10:23:17] MOVE 88: The bandits (yellow) 11->82 [0.00ms]
[2026-05-22 10:23:17] SCORE AlphaZeroClue (red): Final=429.4, Time=71.4, Moves(16)=0.0, Pins(1)=100.0, Dist=258.0, Win Bonus=0.0
[2026-05-22 10:23:17] SCORE Gruppe 67 (blue): Final=372.8, Time=86.8, Moves(17)=0.0, Pins(0)=0.0, Dist=286.0, Win Bonus=0.0
[2026-05-22 10:23:17] SCORE Gruppe 2 (lawn green): Final=593.2, Time=93.2, Moves(18)=0.0, Pins(2)=200.0, Dist=300.0, Win Bonus=0.0
[2026-05-22 10:23:17] SCORE Gruppe 1 (gray0): Final=483.2, Time=93.2, Moves(17)=0.0, Pins(1)=100.0, Dist=290.0, Win Bonus=0.0
[2026-05-22 10:23:17] SCORE The bandits (yellow): Final=597.2, Time=95.2, Moves(18)=0.0, Pins(2)=200.0, Dist=302.0, Win Bonus=0.0
[2026-05-22 10:23:17] ALL WRONG MOVES BY COLOUR: {'red': ['1 (turn timeout)', '41 (turn timeout)']}
[2026-05-22 10:23:18] MOVE 89: Gruppe 67 (blue) 16->60 [0.01ms]
[2026-05-22 10:23:18] SCORE AlphaZeroClue (red): Final=429.4, Time=71.4, Moves(16)=0.0, Pins(1)=100.0, Dist=258.0, Win Bonus=0.0
[2026-05-22 10:23:18] SCORE Gruppe 67 (blue): Final=379.6, Time=85.6, Moves(18)=0.0, Pins(0)=0.0, Dist=294.0, Win Bonus=0.0
[2026-05-22 10:23:18] SCORE Gruppe 2 (lawn green): Final=593.2, Time=93.2, Moves(18)=0.0, Pins(2)=200.0, Dist=300.0, Win Bonus=0.0
[2026-05-22 10:23:18] SCORE Gruppe 1 (gray0): Final=483.2, Time=93.2, Moves(17)=0.0, Pins(1)=100.0, Dist=290.0, Win Bonus=0.0
[2026-05-22 10:23:18] SCORE The bandits (yellow): Final=597.2, Time=95.2, Moves(18)=0.0, Pins(2)=200.0, Dist=302.0, Win Bonus=0.0
[2026-05-22 10:23:18] ALL WRONG MOVES BY COLOUR: {'red': ['1 (turn timeout)', '41 (turn timeout)']}
[2026-05-22 10:23:19] MOVE 90: Gruppe 1 (gray0) 18->45 [0.00ms]
[2026-05-22 10:23:19] SCORE AlphaZeroClue (red): Final=429.4, Time=71.4, Moves(16)=0.0, Pins(1)=100.0, Dist=258.0, Win Bonus=0.0
[2026-05-22 10:23:19] SCORE Gruppe 67 (blue): Final=379.6, Time=85.6, Moves(18)=0.0, Pins(0)=0.0, Dist=294.0, Win Bonus=0.0
[2026-05-22 10:23:19] SCORE Gruppe 2 (lawn green): Final=593.2, Time=93.2, Moves(18)=0.0, Pins(2)=200.0, Dist=300.0, Win Bonus=0.0
[2026-05-22 10:23:19] SCORE Gruppe 1 (gray0): Final=584.9, Time=92.9, Moves(18)=0.0, Pins(2)=200.0, Dist=292.0, Win Bonus=0.0
[2026-05-22 10:23:19] SCORE The bandits (yellow): Final=597.2, Time=95.2, Moves(18)=0.0, Pins(2)=200.0, Dist=302.0, Win Bonus=0.0
[2026-05-22 10:23:19] ALL WRONG MOVES BY COLOUR: {'red': ['1 (turn timeout)', '41 (turn timeout)']}
[2026-05-22 10:23:21] MOVE 91: AlphaZeroClue (red) 93->27 [0.01ms]
[2026-05-22 10:23:21] SCORE AlphaZeroClue (red): Final=439.6, Time=69.6, Moves(17)=0.0, Pins(1)=100.0, Dist=270.0, Win Bonus=0.0
[2026-05-22 10:23:21] SCORE Gruppe 67 (blue): Final=379.6, Time=85.6, Moves(18)=0.0, Pins(0)=0.0, Dist=294.0, Win Bonus=0.0
[2026-05-22 10:23:21] SCORE Gruppe 2 (lawn green): Final=593.2, Time=93.2, Moves(18)=0.0, Pins(2)=200.0, Dist=300.0, Win Bonus=0.0
[2026-05-22 10:23:21] SCORE Gruppe 1 (gray0): Final=584.9, Time=92.9, Moves(18)=0.0, Pins(2)=200.0, Dist=292.0, Win Bonus=0.0
[2026-05-22 10:23:21] SCORE The bandits (yellow): Final=597.2, Time=95.2, Moves(18)=0.0, Pins(2)=200.0, Dist=302.0, Win Bonus=0.0
[2026-05-22 10:23:21] ALL WRONG MOVES BY COLOUR: {'red': ['1 (turn timeout)', '41 (turn timeout)']}
[2026-05-22 10:23:21] MOVE 92: Gruppe 2 (lawn green) 76->75 [0.01ms]
[2026-05-22 10:23:21] SCORE AlphaZeroClue (red): Final=439.6, Time=69.6, Moves(17)=0.0, Pins(1)=100.0, Dist=270.0, Win Bonus=0.0
[2026-05-22 10:23:21] SCORE Gruppe 67 (blue): Final=379.6, Time=85.6, Moves(18)=0.0, Pins(0)=0.0, Dist=294.0, Win Bonus=0.0
[2026-05-22 10:23:21] SCORE Gruppe 2 (lawn green): Final=593.0, Time=93.0, Moves(19)=0.0, Pins(2)=200.0, Dist=300.0, Win Bonus=0.0
[2026-05-22 10:23:21] SCORE Gruppe 1 (gray0): Final=584.9, Time=92.9, Moves(18)=0.0, Pins(2)=200.0, Dist=292.0, Win Bonus=0.0
[2026-05-22 10:23:21] SCORE The bandits (yellow): Final=597.2, Time=95.2, Moves(18)=0.0, Pins(2)=200.0, Dist=302.0, Win Bonus=0.0
[2026-05-22 10:23:21] ALL WRONG MOVES BY COLOUR: {'red': ['1 (turn timeout)', '41 (turn timeout)']}
[2026-05-22 10:23:21] MOVE 93: The bandits (yellow) 82->83 [0.00ms]
[2026-05-22 10:23:21] SCORE AlphaZeroClue (red): Final=439.6, Time=69.6, Moves(17)=0.0, Pins(1)=100.0, Dist=270.0, Win Bonus=0.0
[2026-05-22 10:23:21] SCORE Gruppe 67 (blue): Final=379.6, Time=85.6, Moves(18)=0.0, Pins(0)=0.0, Dist=294.0, Win Bonus=0.0
[2026-05-22 10:23:21] SCORE Gruppe 2 (lawn green): Final=593.0, Time=93.0, Moves(19)=0.0, Pins(2)=200.0, Dist=300.0, Win Bonus=0.0
[2026-05-22 10:23:21] SCORE Gruppe 1 (gray0): Final=584.9, Time=92.9, Moves(18)=0.0, Pins(2)=200.0, Dist=292.0, Win Bonus=0.0
[2026-05-22 10:23:21] SCORE The bandits (yellow): Final=599.0, Time=95.0, Moves(19)=0.0, Pins(2)=200.0, Dist=304.0, Win Bonus=0.0
[2026-05-22 10:23:21] ALL WRONG MOVES BY COLOUR: {'red': ['1 (turn timeout)', '41 (turn timeout)']}
[2026-05-22 10:23:22] MOVE 94: Gruppe 67 (blue) 51->69 [0.00ms]
[2026-05-22 10:23:22] SCORE AlphaZeroClue (red): Final=439.6, Time=69.6, Moves(17)=0.0, Pins(1)=100.0, Dist=270.0, Win Bonus=0.0
[2026-05-22 10:23:22] SCORE Gruppe 67 (blue): Final=382.6, Time=84.6, Moves(19)=0.0, Pins(0)=0.0, Dist=298.0, Win Bonus=0.0
[2026-05-22 10:23:22] SCORE Gruppe 2 (lawn green): Final=593.0, Time=93.0, Moves(19)=0.0, Pins(2)=200.0, Dist=300.0, Win Bonus=0.0
[2026-05-22 10:23:22] SCORE Gruppe 1 (gray0): Final=584.9, Time=92.9, Moves(18)=0.0, Pins(2)=200.0, Dist=292.0, Win Bonus=0.0
[2026-05-22 10:23:22] SCORE The bandits (yellow): Final=599.0, Time=95.0, Moves(19)=0.0, Pins(2)=200.0, Dist=304.0, Win Bonus=0.0
[2026-05-22 10:23:22] ALL WRONG MOVES BY COLOUR: {'red': ['1 (turn timeout)', '41 (turn timeout)']}
[2026-05-22 10:23:22] MOVE 95: Gruppe 1 (gray0) 14->20 [0.00ms]
[2026-05-22 10:23:22] SCORE AlphaZeroClue (red): Final=439.6, Time=69.6, Moves(17)=0.0, Pins(1)=100.0, Dist=270.0, Win Bonus=0.0
[2026-05-22 10:23:22] SCORE Gruppe 67 (blue): Final=382.6, Time=84.6, Moves(19)=0.0, Pins(0)=0.0, Dist=298.0, Win Bonus=0.0
[2026-05-22 10:23:22] SCORE Gruppe 2 (lawn green): Final=593.0, Time=93.0, Moves(19)=0.0, Pins(2)=200.0, Dist=300.0, Win Bonus=0.0
[2026-05-22 10:23:22] SCORE Gruppe 1 (gray0): Final=694.7, Time=92.7, Moves(19)=0.0, Pins(3)=300.0, Dist=302.0, Win Bonus=0.0
[2026-05-22 10:23:22] SCORE The bandits (yellow): Final=599.0, Time=95.0, Moves(19)=0.0, Pins(2)=200.0, Dist=304.0, Win Bonus=0.0
[2026-05-22 10:23:22] ALL WRONG MOVES BY COLOUR: {'red': ['1 (turn timeout)', '41 (turn timeout)']}
[2026-05-22 10:23:24] MOVE 96: AlphaZeroClue (red) 27->29 [0.01ms]
[2026-05-22 10:23:24] SCORE AlphaZeroClue (red): Final=437.7, Time=67.7, Moves(18)=0.0, Pins(1)=100.0, Dist=270.0, Win Bonus=0.0
[2026-05-22 10:23:24] SCORE Gruppe 67 (blue): Final=382.6, Time=84.6, Moves(19)=0.0, Pins(0)=0.0, Dist=298.0, Win Bonus=0.0
[2026-05-22 10:23:24] SCORE Gruppe 2 (lawn green): Final=593.0, Time=93.0, Moves(19)=0.0, Pins(2)=200.0, Dist=300.0, Win Bonus=0.0
[2026-05-22 10:23:24] SCORE Gruppe 1 (gray0): Final=694.7, Time=92.7, Moves(19)=0.0, Pins(3)=300.0, Dist=302.0, Win Bonus=0.0
[2026-05-22 10:23:24] SCORE The bandits (yellow): Final=599.0, Time=95.0, Moves(19)=0.0, Pins(2)=200.0, Dist=304.0, Win Bonus=0.0
[2026-05-22 10:23:24] ALL WRONG MOVES BY COLOUR: {'red': ['1 (turn timeout)', '41 (turn timeout)']}
[2026-05-22 10:23:24] MOVE 97: Gruppe 2 (lawn green) 58->57 [0.00ms]
[2026-05-22 10:23:24] SCORE AlphaZeroClue (red): Final=437.7, Time=67.7, Moves(18)=0.0, Pins(1)=100.0, Dist=270.0, Win Bonus=0.0
[2026-05-22 10:23:24] SCORE Gruppe 67 (blue): Final=382.6, Time=84.6, Moves(19)=0.0, Pins(0)=0.0, Dist=298.0, Win Bonus=0.0
[2026-05-22 10:23:24] SCORE Gruppe 2 (lawn green): Final=594.5, Time=92.5, Moves(20)=0.0, Pins(2)=200.0, Dist=302.0, Win Bonus=0.0
[2026-05-22 10:23:24] SCORE Gruppe 1 (gray0): Final=694.7, Time=92.7, Moves(19)=0.0, Pins(3)=300.0, Dist=302.0, Win Bonus=0.0
[2026-05-22 10:23:24] SCORE The bandits (yellow): Final=599.0, Time=95.0, Moves(19)=0.0, Pins(2)=200.0, Dist=304.0, Win Bonus=0.0
[2026-05-22 10:23:24] ALL WRONG MOVES BY COLOUR: {'red': ['1 (turn timeout)', '41 (turn timeout)']}
[2026-05-22 10:23:25] MOVE 98: The bandits (yellow) 83->108 [0.02ms]
[2026-05-22 10:23:25] SCORE AlphaZeroClue (red): Final=437.7, Time=67.7, Moves(18)=0.0, Pins(1)=100.0, Dist=270.0, Win Bonus=0.0
[2026-05-22 10:23:25] SCORE Gruppe 67 (blue): Final=382.6, Time=84.6, Moves(19)=0.0, Pins(0)=0.0, Dist=298.0, Win Bonus=0.0
[2026-05-22 10:23:25] SCORE Gruppe 2 (lawn green): Final=594.5, Time=92.5, Moves(20)=0.0, Pins(2)=200.0, Dist=302.0, Win Bonus=0.0
[2026-05-22 10:23:25] SCORE Gruppe 1 (gray0): Final=694.7, Time=92.7, Moves(19)=0.0, Pins(3)=300.0, Dist=302.0, Win Bonus=0.0
[2026-05-22 10:23:25] SCORE The bandits (yellow): Final=700.8, Time=94.8, Moves(20)=0.0, Pins(3)=300.0, Dist=306.0, Win Bonus=0.0
[2026-05-22 10:23:25] ALL WRONG MOVES BY COLOUR: {'red': ['1 (turn timeout)', '41 (turn timeout)']}
[2026-05-22 10:23:26] MOVE 99: Gruppe 67 (blue) 68->93 [0.00ms]
[2026-05-22 10:23:26] SCORE AlphaZeroClue (red): Final=437.7, Time=67.7, Moves(18)=0.0, Pins(1)=100.0, Dist=270.0, Win Bonus=0.0
[2026-05-22 10:23:26] SCORE Gruppe 67 (blue): Final=385.5, Time=83.5, Moves(20)=0.0, Pins(0)=0.0, Dist=302.0, Win Bonus=0.0
[2026-05-22 10:23:26] SCORE Gruppe 2 (lawn green): Final=594.5, Time=92.5, Moves(20)=0.0, Pins(2)=200.0, Dist=302.0, Win Bonus=0.0
[2026-05-22 10:23:26] SCORE Gruppe 1 (gray0): Final=694.7, Time=92.7, Moves(19)=0.0, Pins(3)=300.0, Dist=302.0, Win Bonus=0.0
[2026-05-22 10:23:26] SCORE The bandits (yellow): Final=700.8, Time=94.8, Moves(20)=0.0, Pins(3)=300.0, Dist=306.0, Win Bonus=0.0
[2026-05-22 10:23:26] ALL WRONG MOVES BY COLOUR: {'red': ['1 (turn timeout)', '41 (turn timeout)']}
[2026-05-22 10:23:26] MOVE 100: Gruppe 1 (gray0) 66->50 [0.00ms]
[2026-05-22 10:23:26] SCORE AlphaZeroClue (red): Final=437.7, Time=67.7, Moves(18)=0.0, Pins(1)=100.0, Dist=270.0, Win Bonus=0.0
[2026-05-22 10:23:26] SCORE Gruppe 67 (blue): Final=385.5, Time=83.5, Moves(20)=0.0, Pins(0)=0.0, Dist=302.0, Win Bonus=0.0
[2026-05-22 10:23:26] SCORE Gruppe 2 (lawn green): Final=594.5, Time=92.5, Moves(20)=0.0, Pins(2)=200.0, Dist=302.0, Win Bonus=0.0
[2026-05-22 10:23:26] SCORE Gruppe 1 (gray0): Final=702.6, Time=92.6, Moves(20)=0.0, Pins(3)=300.0, Dist=310.0, Win Bonus=0.0
[2026-05-22 10:23:26] SCORE The bandits (yellow): Final=700.8, Time=94.8, Moves(20)=0.0, Pins(3)=300.0, Dist=306.0, Win Bonus=0.0
[2026-05-22 10:23:26] ALL WRONG MOVES BY COLOUR: {'red': ['1 (turn timeout)', '41 (turn timeout)']}
[2026-05-22 10:23:28] MOVE 101: AlphaZeroClue (red) 37->0 [0.01ms]
[2026-05-22 10:23:28] SCORE AlphaZeroClue (red): Final=541.9, Time=65.9, Moves(19)=0.0, Pins(2)=200.0, Dist=276.0, Win Bonus=0.0
[2026-05-22 10:23:28] SCORE Gruppe 67 (blue): Final=385.5, Time=83.5, Moves(20)=0.0, Pins(0)=0.0, Dist=302.0, Win Bonus=0.0
[2026-05-22 10:23:28] SCORE Gruppe 2 (lawn green): Final=594.5, Time=92.5, Moves(20)=0.0, Pins(2)=200.0, Dist=302.0, Win Bonus=0.0
[2026-05-22 10:23:28] SCORE Gruppe 1 (gray0): Final=702.6, Time=92.6, Moves(20)=0.0, Pins(3)=300.0, Dist=310.0, Win Bonus=0.0
[2026-05-22 10:23:28] SCORE The bandits (yellow): Final=700.8, Time=94.8, Moves(20)=0.0, Pins(3)=300.0, Dist=306.0, Win Bonus=0.0
[2026-05-22 10:23:28] ALL WRONG MOVES BY COLOUR: {'red': ['1 (turn timeout)', '41 (turn timeout)']}
[2026-05-22 10:23:28] MOVE 102: Gruppe 2 (lawn green) 57->76 [0.00ms]
[2026-05-22 10:23:28] SCORE AlphaZeroClue (red): Final=541.9, Time=65.9, Moves(19)=0.0, Pins(2)=200.0, Dist=276.0, Win Bonus=0.0
[2026-05-22 10:23:28] SCORE Gruppe 67 (blue): Final=385.5, Time=83.5, Moves(20)=0.0, Pins(0)=0.0, Dist=302.0, Win Bonus=0.0
[2026-05-22 10:23:28] SCORE Gruppe 2 (lawn green): Final=697.8, Time=91.8, Moves(21)=0.0, Pins(3)=300.0, Dist=306.0, Win Bonus=0.0
[2026-05-22 10:23:28] SCORE Gruppe 1 (gray0): Final=702.6, Time=92.6, Moves(20)=0.0, Pins(3)=300.0, Dist=310.0, Win Bonus=0.0
[2026-05-22 10:23:28] SCORE The bandits (yellow): Final=700.8, Time=94.8, Moves(20)=0.0, Pins(3)=300.0, Dist=306.0, Win Bonus=0.0
[2026-05-22 10:23:28] ALL WRONG MOVES BY COLOUR: {'red': ['1 (turn timeout)', '41 (turn timeout)']}
[2026-05-22 10:23:29] MOVE 103: The bandits (yellow) 12->41 [0.01ms]
[2026-05-22 10:23:29] SCORE AlphaZeroClue (red): Final=541.9, Time=65.9, Moves(19)=0.0, Pins(2)=200.0, Dist=276.0, Win Bonus=0.0
[2026-05-22 10:23:29] SCORE Gruppe 67 (blue): Final=385.5, Time=83.5, Moves(20)=0.0, Pins(0)=0.0, Dist=302.0, Win Bonus=0.0
[2026-05-22 10:23:29] SCORE Gruppe 2 (lawn green): Final=697.8, Time=91.8, Moves(21)=0.0, Pins(3)=300.0, Dist=306.0, Win Bonus=0.0
[2026-05-22 10:23:29] SCORE Gruppe 1 (gray0): Final=702.6, Time=92.6, Moves(20)=0.0, Pins(3)=300.0, Dist=310.0, Win Bonus=0.0
[2026-05-22 10:23:29] SCORE The bandits (yellow): Final=712.4, Time=94.4, Moves(21)=0.0, Pins(3)=300.0, Dist=318.0, Win Bonus=0.0
[2026-05-22 10:23:29] ALL WRONG MOVES BY COLOUR: {'red': ['1 (turn timeout)', '41 (turn timeout)']}
[2026-05-22 10:23:30] MOVE 104: Gruppe 67 (blue) 28->51 [0.01ms]
[2026-05-22 10:23:30] SCORE AlphaZeroClue (red): Final=541.9, Time=65.9, Moves(19)=0.0, Pins(2)=200.0, Dist=276.0, Win Bonus=0.0
[2026-05-22 10:23:30] SCORE Gruppe 67 (blue): Final=388.5, Time=82.5, Moves(21)=0.0, Pins(0)=0.0, Dist=306.0, Win Bonus=0.0
[2026-05-22 10:23:30] SCORE Gruppe 2 (lawn green): Final=697.8, Time=91.8, Moves(21)=0.0, Pins(3)=300.0, Dist=306.0, Win Bonus=0.0
[2026-05-22 10:23:30] SCORE Gruppe 1 (gray0): Final=702.6, Time=92.6, Moves(20)=0.0, Pins(3)=300.0, Dist=310.0, Win Bonus=0.0
[2026-05-22 10:23:30] SCORE The bandits (yellow): Final=712.4, Time=94.4, Moves(21)=0.0, Pins(3)=300.0, Dist=318.0, Win Bonus=0.0
[2026-05-22 10:23:30] ALL WRONG MOVES BY COLOUR: {'red': ['1 (turn timeout)', '41 (turn timeout)']}
[2026-05-22 10:23:30] MOVE 105: Gruppe 1 (gray0) 40->42 [0.00ms]
[2026-05-22 10:23:30] SCORE AlphaZeroClue (red): Final=541.9, Time=65.9, Moves(19)=0.0, Pins(2)=200.0, Dist=276.0, Win Bonus=0.0
[2026-05-22 10:23:30] SCORE Gruppe 67 (blue): Final=388.5, Time=82.5, Moves(21)=0.0, Pins(0)=0.0, Dist=306.0, Win Bonus=0.0
[2026-05-22 10:23:30] SCORE Gruppe 2 (lawn green): Final=697.8, Time=91.8, Moves(21)=0.0, Pins(3)=300.0, Dist=306.0, Win Bonus=0.0
[2026-05-22 10:23:30] SCORE Gruppe 1 (gray0): Final=706.1, Time=92.1, Moves(21)=0.0, Pins(3)=300.0, Dist=314.0, Win Bonus=0.0
[2026-05-22 10:23:30] SCORE The bandits (yellow): Final=712.4, Time=94.4, Moves(21)=0.0, Pins(3)=300.0, Dist=318.0, Win Bonus=0.0
[2026-05-22 10:23:30] ALL WRONG MOVES BY COLOUR: {'red': ['1 (turn timeout)', '41 (turn timeout)']}
[2026-05-22 10:23:32] MOVE 106: AlphaZeroClue (red) 91->66 [0.01ms]
[2026-05-22 10:23:32] SCORE AlphaZeroClue (red): Final=544.0, Time=64.0, Moves(20)=0.0, Pins(2)=200.0, Dist=280.0, Win Bonus=0.0
[2026-05-22 10:23:32] SCORE Gruppe 67 (blue): Final=388.5, Time=82.5, Moves(21)=0.0, Pins(0)=0.0, Dist=306.0, Win Bonus=0.0
[2026-05-22 10:23:32] SCORE Gruppe 2 (lawn green): Final=697.8, Time=91.8, Moves(21)=0.0, Pins(3)=300.0, Dist=306.0, Win Bonus=0.0
[2026-05-22 10:23:32] SCORE Gruppe 1 (gray0): Final=706.1, Time=92.1, Moves(21)=0.0, Pins(3)=300.0, Dist=314.0, Win Bonus=0.0
[2026-05-22 10:23:32] SCORE The bandits (yellow): Final=712.4, Time=94.4, Moves(21)=0.0, Pins(3)=300.0, Dist=318.0, Win Bonus=0.0
[2026-05-22 10:23:32] ALL WRONG MOVES BY COLOUR: {'red': ['1 (turn timeout)', '41 (turn timeout)']}
[2026-05-22 10:23:33] MOVE 107: Gruppe 2 (lawn green) 73->53 [0.01ms]
[2026-05-22 10:23:33] SCORE AlphaZeroClue (red): Final=544.0, Time=64.0, Moves(20)=0.0, Pins(2)=200.0, Dist=280.0, Win Bonus=0.0
[2026-05-22 10:23:33] SCORE Gruppe 67 (blue): Final=388.5, Time=82.5, Moves(21)=0.0, Pins(0)=0.0, Dist=306.0, Win Bonus=0.0
[2026-05-22 10:23:33] SCORE Gruppe 2 (lawn green): Final=697.3, Time=91.3, Moves(22)=0.0, Pins(3)=300.0, Dist=306.0, Win Bonus=0.0
[2026-05-22 10:23:33] SCORE Gruppe 1 (gray0): Final=706.1, Time=92.1, Moves(21)=0.0, Pins(3)=300.0, Dist=314.0, Win Bonus=0.0
[2026-05-22 10:23:33] SCORE The bandits (yellow): Final=712.4, Time=94.4, Moves(21)=0.0, Pins(3)=300.0, Dist=318.0, Win Bonus=0.0
[2026-05-22 10:23:33] ALL WRONG MOVES BY COLOUR: {'red': ['1 (turn timeout)', '41 (turn timeout)']}
[2026-05-22 10:23:33] MOVE 108: The bandits (yellow) 41->85 [0.00ms]
[2026-05-22 10:23:33] SCORE AlphaZeroClue (red): Final=544.0, Time=64.0, Moves(20)=0.0, Pins(2)=200.0, Dist=280.0, Win Bonus=0.0
[2026-05-22 10:23:33] SCORE Gruppe 67 (blue): Final=388.5, Time=82.5, Moves(21)=0.0, Pins(0)=0.0, Dist=306.0, Win Bonus=0.0
[2026-05-22 10:23:33] SCORE Gruppe 2 (lawn green): Final=697.3, Time=91.3, Moves(22)=0.0, Pins(3)=300.0, Dist=306.0, Win Bonus=0.0
[2026-05-22 10:23:33] SCORE Gruppe 1 (gray0): Final=706.1, Time=92.1, Moves(21)=0.0, Pins(3)=300.0, Dist=314.0, Win Bonus=0.0
[2026-05-22 10:23:33] SCORE The bandits (yellow): Final=822.1, Time=94.1, Moves(22)=0.0, Pins(4)=400.0, Dist=328.0, Win Bonus=0.0
[2026-05-22 10:23:33] ALL WRONG MOVES BY COLOUR: {'red': ['1 (turn timeout)', '41 (turn timeout)']}
[2026-05-22 10:23:34] MOVE 109: Gruppe 67 (blue) 69->80 [0.00ms]
[2026-05-22 10:23:34] SCORE AlphaZeroClue (red): Final=544.0, Time=64.0, Moves(20)=0.0, Pins(2)=200.0, Dist=280.0, Win Bonus=0.0
[2026-05-22 10:23:34] SCORE Gruppe 67 (blue): Final=389.5, Time=81.5, Moves(22)=0.0, Pins(0)=0.0, Dist=308.0, Win Bonus=0.0
[2026-05-22 10:23:34] SCORE Gruppe 2 (lawn green): Final=697.3, Time=91.3, Moves(22)=0.0, Pins(3)=300.0, Dist=306.0, Win Bonus=0.0
[2026-05-22 10:23:34] SCORE Gruppe 1 (gray0): Final=706.1, Time=92.1, Moves(21)=0.0, Pins(3)=300.0, Dist=314.0, Win Bonus=0.0
[2026-05-22 10:23:34] SCORE The bandits (yellow): Final=822.1, Time=94.1, Moves(22)=0.0, Pins(4)=400.0, Dist=328.0, Win Bonus=0.0
[2026-05-22 10:23:34] ALL WRONG MOVES BY COLOUR: {'red': ['1 (turn timeout)', '41 (turn timeout)']}
[2026-05-22 10:23:34] MOVE 110: Gruppe 1 (gray0) 50->31 [0.01ms]
[2026-05-22 10:23:34] SCORE AlphaZeroClue (red): Final=544.0, Time=64.0, Moves(20)=0.0, Pins(2)=200.0, Dist=280.0, Win Bonus=0.0
[2026-05-22 10:23:34] SCORE Gruppe 67 (blue): Final=389.5, Time=81.5, Moves(22)=0.0, Pins(0)=0.0, Dist=308.0, Win Bonus=0.0
[2026-05-22 10:23:34] SCORE Gruppe 2 (lawn green): Final=697.3, Time=91.3, Moves(22)=0.0, Pins(3)=300.0, Dist=306.0, Win Bonus=0.0
[2026-05-22 10:23:34] SCORE Gruppe 1 (gray0): Final=713.8, Time=91.8, Moves(22)=0.0, Pins(3)=300.0, Dist=322.0, Win Bonus=0.0
[2026-05-22 10:23:34] SCORE The bandits (yellow): Final=822.1, Time=94.1, Moves(22)=0.0, Pins(4)=400.0, Dist=328.0, Win Bonus=0.0
[2026-05-22 10:23:34] ALL WRONG MOVES BY COLOUR: {'red': ['1 (turn timeout)', '41 (turn timeout)']}
[2026-05-22 10:23:36] MOVE 111: AlphaZeroClue (red) 111->50 [0.00ms]
[2026-05-22 10:23:36] SCORE AlphaZeroClue (red): Final=554.2, Time=62.2, Moves(21)=0.0, Pins(2)=200.0, Dist=292.0, Win Bonus=0.0
[2026-05-22 10:23:36] SCORE Gruppe 67 (blue): Final=389.5, Time=81.5, Moves(22)=0.0, Pins(0)=0.0, Dist=308.0, Win Bonus=0.0
[2026-05-22 10:23:36] SCORE Gruppe 2 (lawn green): Final=697.3, Time=91.3, Moves(22)=0.0, Pins(3)=300.0, Dist=306.0, Win Bonus=0.0
[2026-05-22 10:23:36] SCORE Gruppe 1 (gray0): Final=713.8, Time=91.8, Moves(22)=0.0, Pins(3)=300.0, Dist=322.0, Win Bonus=0.0
[2026-05-22 10:23:36] SCORE The bandits (yellow): Final=822.1, Time=94.1, Moves(22)=0.0, Pins(4)=400.0, Dist=328.0, Win Bonus=0.0
[2026-05-22 10:23:36] ALL WRONG MOVES BY COLOUR: {'red': ['1 (turn timeout)', '41 (turn timeout)']}
[2026-05-22 10:23:37] MOVE 112: Gruppe 2 (lawn green) 30->28 [0.00ms]
[2026-05-22 10:23:37] SCORE AlphaZeroClue (red): Final=554.2, Time=62.2, Moves(21)=0.0, Pins(2)=200.0, Dist=292.0, Win Bonus=0.0
[2026-05-22 10:23:37] SCORE Gruppe 67 (blue): Final=389.5, Time=81.5, Moves(22)=0.0, Pins(0)=0.0, Dist=308.0, Win Bonus=0.0
[2026-05-22 10:23:37] SCORE Gruppe 2 (lawn green): Final=700.7, Time=90.7, Moves(23)=0.0, Pins(3)=300.0, Dist=310.0, Win Bonus=0.0
[2026-05-22 10:23:37] SCORE Gruppe 1 (gray0): Final=713.8, Time=91.8, Moves(22)=0.0, Pins(3)=300.0, Dist=322.0, Win Bonus=0.0
[2026-05-22 10:23:37] SCORE The bandits (yellow): Final=822.1, Time=94.1, Moves(22)=0.0, Pins(4)=400.0, Dist=328.0, Win Bonus=0.0
[2026-05-22 10:23:37] ALL WRONG MOVES BY COLOUR: {'red': ['1 (turn timeout)', '41 (turn timeout)']}
[2026-05-22 10:23:37] MOVE 113: The bandits (yellow) 89->91 [0.00ms]
[2026-05-22 10:23:37] SCORE AlphaZeroClue (red): Final=554.2, Time=62.2, Moves(21)=0.0, Pins(2)=200.0, Dist=292.0, Win Bonus=0.0
[2026-05-22 10:23:37] SCORE Gruppe 67 (blue): Final=389.5, Time=81.5, Moves(22)=0.0, Pins(0)=0.0, Dist=308.0, Win Bonus=0.0
[2026-05-22 10:23:37] SCORE Gruppe 2 (lawn green): Final=700.7, Time=90.7, Moves(23)=0.0, Pins(3)=300.0, Dist=310.0, Win Bonus=0.0
[2026-05-22 10:23:37] SCORE Gruppe 1 (gray0): Final=713.8, Time=91.8, Moves(22)=0.0, Pins(3)=300.0, Dist=322.0, Win Bonus=0.0
[2026-05-22 10:23:37] SCORE The bandits (yellow): Final=825.8, Time=93.8, Moves(23)=0.0, Pins(4)=400.0, Dist=332.0, Win Bonus=0.0
[2026-05-22 10:23:37] ALL WRONG MOVES BY COLOUR: {'red': ['1 (turn timeout)', '41 (turn timeout)']}
[2026-05-22 10:23:38] MOVE 114: Gruppe 67 (blue) 51->69 [0.01ms]
[2026-05-22 10:23:38] SCORE AlphaZeroClue (red): Final=554.2, Time=62.2, Moves(21)=0.0, Pins(2)=200.0, Dist=292.0, Win Bonus=0.0
[2026-05-22 10:23:38] SCORE Gruppe 67 (blue): Final=392.7, Time=80.7, Moves(23)=0.0, Pins(0)=0.0, Dist=312.0, Win Bonus=0.0
[2026-05-22 10:23:38] SCORE Gruppe 2 (lawn green): Final=700.7, Time=90.7, Moves(23)=0.0, Pins(3)=300.0, Dist=310.0, Win Bonus=0.0
[2026-05-22 10:23:38] SCORE Gruppe 1 (gray0): Final=713.8, Time=91.8, Moves(22)=0.0, Pins(3)=300.0, Dist=322.0, Win Bonus=0.0
[2026-05-22 10:23:38] SCORE The bandits (yellow): Final=825.8, Time=93.8, Moves(23)=0.0, Pins(4)=400.0, Dist=332.0, Win Bonus=0.0
[2026-05-22 10:23:38] ALL WRONG MOVES BY COLOUR: {'red': ['1 (turn timeout)', '41 (turn timeout)']}
[2026-05-22 10:23:38] MOVE 115: Gruppe 1 (gray0) 49->51 [0.01ms]
[2026-05-22 10:23:38] SCORE AlphaZeroClue (red): Final=554.2, Time=62.2, Moves(21)=0.0, Pins(2)=200.0, Dist=292.0, Win Bonus=0.0
[2026-05-22 10:23:38] SCORE Gruppe 67 (blue): Final=392.7, Time=80.7, Moves(23)=0.0, Pins(0)=0.0, Dist=312.0, Win Bonus=0.0
[2026-05-22 10:23:38] SCORE Gruppe 2 (lawn green): Final=700.7, Time=90.7, Moves(23)=0.0, Pins(3)=300.0, Dist=310.0, Win Bonus=0.0
[2026-05-22 10:23:38] SCORE Gruppe 1 (gray0): Final=717.2, Time=91.2, Moves(23)=0.0, Pins(3)=300.0, Dist=326.0, Win Bonus=0.0
[2026-05-22 10:23:38] SCORE The bandits (yellow): Final=825.8, Time=93.8, Moves(23)=0.0, Pins(4)=400.0, Dist=332.0, Win Bonus=0.0
[2026-05-22 10:23:38] ALL WRONG MOVES BY COLOUR: {'red': ['1 (turn timeout)', '41 (turn timeout)']}
[2026-05-22 10:23:40] SCORE AlphaZeroClue (red): Final=554.2, Time=62.2, Moves(21)=0.0, Pins(2)=200.0, Dist=292.0, Win Bonus=0.0
[2026-05-22 10:23:40] SCORE Gruppe 67 (blue): Final=392.7, Time=80.7, Moves(23)=0.0, Pins(0)=0.0, Dist=312.0, Win Bonus=0.0
[2026-05-22 10:23:40] SCORE Gruppe 2 (lawn green): Final=700.7, Time=90.7, Moves(23)=0.0, Pins(3)=300.0, Dist=310.0, Win Bonus=0.0
[2026-05-22 10:23:40] SCORE Gruppe 1 (gray0): Final=717.2, Time=91.2, Moves(23)=0.0, Pins(3)=300.0, Dist=326.0, Win Bonus=0.0
[2026-05-22 10:23:40] SCORE The bandits (yellow): Final=825.8, Time=93.8, Moves(23)=0.0, Pins(4)=400.0, Dist=332.0, Win Bonus=0.0
[2026-05-22 10:23:40] ALL WRONG MOVES BY COLOUR: {'red': ['1 (turn timeout)', '41 (turn timeout)', '116 (turn timeout)']}
[2026-05-22 10:23:40] TURN TIMEOUT: Player with colour red exceeded 2s at move 116. Turn skipped.
[2026-05-22 10:23:41] MOVE 117: Gruppe 2 (lawn green) 25->36 [0.01ms]
[2026-05-22 10:23:41] SCORE AlphaZeroClue (red): Final=554.2, Time=62.2, Moves(21)=0.0, Pins(2)=200.0, Dist=292.0, Win Bonus=0.0
[2026-05-22 10:23:41] SCORE Gruppe 67 (blue): Final=392.7, Time=80.7, Moves(23)=0.0, Pins(0)=0.0, Dist=312.0, Win Bonus=0.0
[2026-05-22 10:23:41] SCORE Gruppe 2 (lawn green): Final=702.5, Time=90.5, Moves(24)=0.0, Pins(3)=300.0, Dist=312.0, Win Bonus=0.0
[2026-05-22 10:23:41] SCORE Gruppe 1 (gray0): Final=717.2, Time=91.2, Moves(23)=0.0, Pins(3)=300.0, Dist=326.0, Win Bonus=0.0
[2026-05-22 10:23:41] SCORE The bandits (yellow): Final=825.8, Time=93.8, Moves(23)=0.0, Pins(4)=400.0, Dist=332.0, Win Bonus=0.0
[2026-05-22 10:23:41] ALL WRONG MOVES BY COLOUR: {'red': ['1 (turn timeout)', '41 (turn timeout)', '116 (turn timeout)']}
[2026-05-22 10:23:41] MOVE 118: The bandits (yellow) 47->49 [0.00ms]
[2026-05-22 10:23:41] SCORE AlphaZeroClue (red): Final=554.2, Time=62.2, Moves(21)=0.0, Pins(2)=200.0, Dist=292.0, Win Bonus=0.0
[2026-05-22 10:23:41] SCORE Gruppe 67 (blue): Final=392.7, Time=80.7, Moves(23)=0.0, Pins(0)=0.0, Dist=312.0, Win Bonus=0.0
[2026-05-22 10:23:41] SCORE Gruppe 2 (lawn green): Final=702.5, Time=90.5, Moves(24)=0.0, Pins(3)=300.0, Dist=312.0, Win Bonus=0.0
[2026-05-22 10:23:41] SCORE Gruppe 1 (gray0): Final=717.2, Time=91.2, Moves(23)=0.0, Pins(3)=300.0, Dist=326.0, Win Bonus=0.0
[2026-05-22 10:23:41] SCORE The bandits (yellow): Final=829.7, Time=93.7, Moves(24)=0.0, Pins(4)=400.0, Dist=336.0, Win Bonus=0.0
[2026-05-22 10:23:41] ALL WRONG MOVES BY COLOUR: {'red': ['1 (turn timeout)', '41 (turn timeout)', '116 (turn timeout)']}
[2026-05-22 10:23:42] MOVE 119: Gruppe 67 (blue) 77->89 [0.00ms]
[2026-05-22 10:23:42] SCORE AlphaZeroClue (red): Final=554.2, Time=62.2, Moves(21)=0.0, Pins(2)=200.0, Dist=292.0, Win Bonus=0.0
[2026-05-22 10:23:42] SCORE Gruppe 67 (blue): Final=393.7, Time=79.7, Moves(24)=0.0, Pins(0)=0.0, Dist=314.0, Win Bonus=0.0
[2026-05-22 10:23:42] SCORE Gruppe 2 (lawn green): Final=702.5, Time=90.5, Moves(24)=0.0, Pins(3)=300.0, Dist=312.0, Win Bonus=0.0
[2026-05-22 10:23:42] SCORE Gruppe 1 (gray0): Final=717.2, Time=91.2, Moves(23)=0.0, Pins(3)=300.0, Dist=326.0, Win Bonus=0.0
[2026-05-22 10:23:42] SCORE The bandits (yellow): Final=829.7, Time=93.7, Moves(24)=0.0, Pins(4)=400.0, Dist=336.0, Win Bonus=0.0
[2026-05-22 10:23:42] ALL WRONG MOVES BY COLOUR: {'red': ['1 (turn timeout)', '41 (turn timeout)', '116 (turn timeout)']}
[2026-05-22 10:23:42] MOVE 120: Gruppe 1 (gray0) 19->21 [0.00ms]
[2026-05-22 10:23:42] SCORE AlphaZeroClue (red): Final=554.2, Time=62.2, Moves(21)=0.0, Pins(2)=200.0, Dist=292.0, Win Bonus=0.0
[2026-05-22 10:23:42] SCORE Gruppe 67 (blue): Final=393.7, Time=79.7, Moves(24)=0.0, Pins(0)=0.0, Dist=314.0, Win Bonus=0.0
[2026-05-22 10:23:42] SCORE Gruppe 2 (lawn green): Final=702.5, Time=90.5, Moves(24)=0.0, Pins(3)=300.0, Dist=312.0, Win Bonus=0.0
[2026-05-22 10:23:42] SCORE Gruppe 1 (gray0): Final=716.6, Time=90.6, Moves(24)=0.0, Pins(3)=300.0, Dist=326.0, Win Bonus=0.0
[2026-05-22 10:23:42] SCORE The bandits (yellow): Final=829.7, Time=93.7, Moves(24)=0.0, Pins(4)=400.0, Dist=336.0, Win Bonus=0.0
[2026-05-22 10:23:42] ALL WRONG MOVES BY COLOUR: {'red': ['1 (turn timeout)', '41 (turn timeout)', '116 (turn timeout)']}
[2026-05-22 10:23:44] MOVE 121: AlphaZeroClue (red) 94->73 [0.00ms]
[2026-05-22 10:23:44] SCORE AlphaZeroClue (red): Final=556.4, Time=60.4, Moves(22)=0.0, Pins(2)=200.0, Dist=296.0, Win Bonus=0.0
[2026-05-22 10:23:44] SCORE Gruppe 67 (blue): Final=393.7, Time=79.7, Moves(24)=0.0, Pins(0)=0.0, Dist=314.0, Win Bonus=0.0
[2026-05-22 10:23:44] SCORE Gruppe 2 (lawn green): Final=702.5, Time=90.5, Moves(24)=0.0, Pins(3)=300.0, Dist=312.0, Win Bonus=0.0
[2026-05-22 10:23:44] SCORE Gruppe 1 (gray0): Final=716.6, Time=90.6, Moves(24)=0.0, Pins(3)=300.0, Dist=326.0, Win Bonus=0.0
[2026-05-22 10:23:44] SCORE The bandits (yellow): Final=829.7, Time=93.7, Moves(24)=0.0, Pins(4)=400.0, Dist=336.0, Win Bonus=0.0
[2026-05-22 10:23:44] ALL WRONG MOVES BY COLOUR: {'red': ['1 (turn timeout)', '41 (turn timeout)', '116 (turn timeout)']}
[2026-05-22 10:23:44] MOVE 122: Gruppe 2 (lawn green) 36->47 [0.00ms]
[2026-05-22 10:23:44] SCORE AlphaZeroClue (red): Final=556.4, Time=60.4, Moves(22)=0.0, Pins(2)=200.0, Dist=296.0, Win Bonus=0.0
[2026-05-22 10:23:44] SCORE Gruppe 67 (blue): Final=393.7, Time=79.7, Moves(24)=0.0, Pins(0)=0.0, Dist=314.0, Win Bonus=0.0
[2026-05-22 10:23:44] SCORE Gruppe 2 (lawn green): Final=704.3, Time=90.3, Moves(25)=0.0, Pins(3)=300.0, Dist=314.0, Win Bonus=0.0
[2026-05-22 10:23:44] SCORE Gruppe 1 (gray0): Final=716.6, Time=90.6, Moves(24)=0.0, Pins(3)=300.0, Dist=326.0, Win Bonus=0.0
[2026-05-22 10:23:44] SCORE The bandits (yellow): Final=829.7, Time=93.7, Moves(24)=0.0, Pins(4)=400.0, Dist=336.0, Win Bonus=0.0
[2026-05-22 10:23:44] ALL WRONG MOVES BY COLOUR: {'red': ['1 (turn timeout)', '41 (turn timeout)', '116 (turn timeout)']}
[2026-05-22 10:23:45] MOVE 123: The bandits (yellow) 102->83 [0.01ms]
[2026-05-22 10:23:45] SCORE AlphaZeroClue (red): Final=556.4, Time=60.4, Moves(22)=0.0, Pins(2)=200.0, Dist=296.0, Win Bonus=0.0
[2026-05-22 10:23:45] SCORE Gruppe 67 (blue): Final=393.7, Time=79.7, Moves(24)=0.0, Pins(0)=0.0, Dist=314.0, Win Bonus=0.0
[2026-05-22 10:23:45] SCORE Gruppe 2 (lawn green): Final=704.3, Time=90.3, Moves(25)=0.0, Pins(3)=300.0, Dist=314.0, Win Bonus=0.0
[2026-05-22 10:23:45] SCORE Gruppe 1 (gray0): Final=716.6, Time=90.6, Moves(24)=0.0, Pins(3)=300.0, Dist=326.0, Win Bonus=0.0
[2026-05-22 10:23:45] SCORE The bandits (yellow): Final=837.4, Time=93.4, Moves(25)=0.0, Pins(4)=400.0, Dist=344.0, Win Bonus=0.0
[2026-05-22 10:23:45] ALL WRONG MOVES BY COLOUR: {'red': ['1 (turn timeout)', '41 (turn timeout)', '116 (turn timeout)']}
[2026-05-22 10:23:46] MOVE 124: Gruppe 67 (blue) 60->102 [0.01ms]
[2026-05-22 10:23:46] SCORE AlphaZeroClue (red): Final=556.4, Time=60.4, Moves(22)=0.0, Pins(2)=200.0, Dist=296.0, Win Bonus=0.0
[2026-05-22 10:23:46] SCORE Gruppe 67 (blue): Final=400.7, Time=78.7, Moves(25)=0.0, Pins(0)=0.0, Dist=322.0, Win Bonus=0.0
[2026-05-22 10:23:46] SCORE Gruppe 2 (lawn green): Final=704.3, Time=90.3, Moves(25)=0.0, Pins(3)=300.0, Dist=314.0, Win Bonus=0.0
[2026-05-22 10:23:46] SCORE Gruppe 1 (gray0): Final=716.6, Time=90.6, Moves(24)=0.0, Pins(3)=300.0, Dist=326.0, Win Bonus=0.0
[2026-05-22 10:23:46] SCORE The bandits (yellow): Final=837.4, Time=93.4, Moves(25)=0.0, Pins(4)=400.0, Dist=344.0, Win Bonus=0.0
[2026-05-22 10:23:46] ALL WRONG MOVES BY COLOUR: {'red': ['1 (turn timeout)', '41 (turn timeout)', '116 (turn timeout)']}
[2026-05-22 10:23:46] MOVE 125: Gruppe 1 (gray0) 42->19 [0.01ms]
[2026-05-22 10:23:46] SCORE AlphaZeroClue (red): Final=556.4, Time=60.4, Moves(22)=0.0, Pins(2)=200.0, Dist=296.0, Win Bonus=0.0
[2026-05-22 10:23:46] SCORE Gruppe 67 (blue): Final=400.7, Time=78.7, Moves(25)=0.0, Pins(0)=0.0, Dist=322.0, Win Bonus=0.0
[2026-05-22 10:23:46] SCORE Gruppe 2 (lawn green): Final=704.3, Time=90.3, Moves(25)=0.0, Pins(3)=300.0, Dist=314.0, Win Bonus=0.0
[2026-05-22 10:23:46] SCORE Gruppe 1 (gray0): Final=820.1, Time=90.1, Moves(25)=0.0, Pins(4)=400.0, Dist=330.0, Win Bonus=0.0
[2026-05-22 10:23:46] SCORE The bandits (yellow): Final=837.4, Time=93.4, Moves(25)=0.0, Pins(4)=400.0, Dist=344.0, Win Bonus=0.0
[2026-05-22 10:23:46] ALL WRONG MOVES BY COLOUR: {'red': ['1 (turn timeout)', '41 (turn timeout)', '116 (turn timeout)']}
[2026-05-22 10:23:48] MOVE 126: AlphaZeroClue (red) 112->94 [0.00ms]
[2026-05-22 10:23:48] SCORE AlphaZeroClue (red): Final=558.7, Time=58.7, Moves(23)=0.0, Pins(2)=200.0, Dist=300.0, Win Bonus=0.0
[2026-05-22 10:23:48] SCORE Gruppe 67 (blue): Final=400.7, Time=78.7, Moves(25)=0.0, Pins(0)=0.0, Dist=322.0, Win Bonus=0.0
[2026-05-22 10:23:48] SCORE Gruppe 2 (lawn green): Final=704.3, Time=90.3, Moves(25)=0.0, Pins(3)=300.0, Dist=314.0, Win Bonus=0.0
[2026-05-22 10:23:48] SCORE Gruppe 1 (gray0): Final=820.1, Time=90.1, Moves(25)=0.0, Pins(4)=400.0, Dist=330.0, Win Bonus=0.0
[2026-05-22 10:23:48] SCORE The bandits (yellow): Final=837.4, Time=93.4, Moves(25)=0.0, Pins(4)=400.0, Dist=344.0, Win Bonus=0.0
[2026-05-22 10:23:48] ALL WRONG MOVES BY COLOUR: {'red': ['1 (turn timeout)', '41 (turn timeout)', '116 (turn timeout)']}
[2026-05-22 10:23:48] MOVE 127: Gruppe 2 (lawn green) 47->56 [0.00ms]
[2026-05-22 10:23:48] SCORE AlphaZeroClue (red): Final=558.7, Time=58.7, Moves(23)=0.0, Pins(2)=200.0, Dist=300.0, Win Bonus=0.0
[2026-05-22 10:23:48] SCORE Gruppe 67 (blue): Final=400.7, Time=78.7, Moves(25)=0.0, Pins(0)=0.0, Dist=322.0, Win Bonus=0.0
[2026-05-22 10:23:48] SCORE Gruppe 2 (lawn green): Final=706.0, Time=90.0, Moves(26)=0.0, Pins(3)=300.0, Dist=316.0, Win Bonus=0.0
[2026-05-22 10:23:48] SCORE Gruppe 1 (gray0): Final=820.1, Time=90.1, Moves(25)=0.0, Pins(4)=400.0, Dist=330.0, Win Bonus=0.0
[2026-05-22 10:23:48] SCORE The bandits (yellow): Final=837.4, Time=93.4, Moves(25)=0.0, Pins(4)=400.0, Dist=344.0, Win Bonus=0.0
[2026-05-22 10:23:48] ALL WRONG MOVES BY COLOUR: {'red': ['1 (turn timeout)', '41 (turn timeout)', '116 (turn timeout)']}
[2026-05-22 10:23:48] MOVE 128: The bandits (yellow) 26->38 [0.01ms]
[2026-05-22 10:23:48] SCORE AlphaZeroClue (red): Final=558.7, Time=58.7, Moves(23)=0.0, Pins(2)=200.0, Dist=300.0, Win Bonus=0.0
[2026-05-22 10:23:48] SCORE Gruppe 67 (blue): Final=400.7, Time=78.7, Moves(25)=0.0, Pins(0)=0.0, Dist=322.0, Win Bonus=0.0
[2026-05-22 10:23:48] SCORE Gruppe 2 (lawn green): Final=706.0, Time=90.0, Moves(26)=0.0, Pins(3)=300.0, Dist=316.0, Win Bonus=0.0
[2026-05-22 10:23:48] SCORE Gruppe 1 (gray0): Final=820.1, Time=90.1, Moves(25)=0.0, Pins(4)=400.0, Dist=330.0, Win Bonus=0.0
[2026-05-22 10:23:48] SCORE The bandits (yellow): Final=839.2, Time=93.2, Moves(26)=0.0, Pins(4)=400.0, Dist=346.0, Win Bonus=0.0
[2026-05-22 10:23:48] ALL WRONG MOVES BY COLOUR: {'red': ['1 (turn timeout)', '41 (turn timeout)', '116 (turn timeout)']}
[2026-05-22 10:23:49] MOVE 129: Gruppe 67 (blue) 89->111 [0.00ms]
[2026-05-22 10:23:49] SCORE AlphaZeroClue (red): Final=558.7, Time=58.7, Moves(23)=0.0, Pins(2)=200.0, Dist=300.0, Win Bonus=0.0
[2026-05-22 10:23:49] SCORE Gruppe 67 (blue): Final=503.8, Time=77.8, Moves(26)=0.0, Pins(1)=100.0, Dist=326.0, Win Bonus=0.0
[2026-05-22 10:23:49] SCORE Gruppe 2 (lawn green): Final=706.0, Time=90.0, Moves(26)=0.0, Pins(3)=300.0, Dist=316.0, Win Bonus=0.0
[2026-05-22 10:23:49] SCORE Gruppe 1 (gray0): Final=820.1, Time=90.1, Moves(25)=0.0, Pins(4)=400.0, Dist=330.0, Win Bonus=0.0
[2026-05-22 10:23:49] SCORE The bandits (yellow): Final=839.2, Time=93.2, Moves(26)=0.0, Pins(4)=400.0, Dist=346.0, Win Bonus=0.0
[2026-05-22 10:23:49] ALL WRONG MOVES BY COLOUR: {'red': ['1 (turn timeout)', '41 (turn timeout)', '116 (turn timeout)']}
[2026-05-22 10:23:50] MOVE 130: Gruppe 1 (gray0) 90->114 [0.01ms]
[2026-05-22 10:23:50] SCORE AlphaZeroClue (red): Final=558.7, Time=58.7, Moves(23)=0.0, Pins(2)=200.0, Dist=300.0, Win Bonus=0.0
[2026-05-22 10:23:50] SCORE Gruppe 67 (blue): Final=503.8, Time=77.8, Moves(26)=0.0, Pins(1)=100.0, Dist=326.0, Win Bonus=0.0
[2026-05-22 10:23:50] SCORE Gruppe 2 (lawn green): Final=706.0, Time=90.0, Moves(26)=0.0, Pins(3)=300.0, Dist=316.0, Win Bonus=0.0
[2026-05-22 10:23:50] SCORE Gruppe 1 (gray0): Final=823.9, Time=89.9, Moves(26)=0.0, Pins(4)=400.0, Dist=334.0, Win Bonus=0.0
[2026-05-22 10:23:50] SCORE The bandits (yellow): Final=839.2, Time=93.2, Moves(26)=0.0, Pins(4)=400.0, Dist=346.0, Win Bonus=0.0
[2026-05-22 10:23:50] ALL WRONG MOVES BY COLOUR: {'red': ['1 (turn timeout)', '41 (turn timeout)', '116 (turn timeout)']}
[2026-05-22 10:23:51] MOVE 131: AlphaZeroClue (red) 29->16 [0.01ms]
[2026-05-22 10:23:51] SCORE AlphaZeroClue (red): Final=559.0, Time=57.0, Moves(24)=0.0, Pins(2)=200.0, Dist=302.0, Win Bonus=0.0
[2026-05-22 10:23:51] SCORE Gruppe 67 (blue): Final=503.8, Time=77.8, Moves(26)=0.0, Pins(1)=100.0, Dist=326.0, Win Bonus=0.0
[2026-05-22 10:23:51] SCORE Gruppe 2 (lawn green): Final=706.0, Time=90.0, Moves(26)=0.0, Pins(3)=300.0, Dist=316.0, Win Bonus=0.0
[2026-05-22 10:23:51] SCORE Gruppe 1 (gray0): Final=823.9, Time=89.9, Moves(26)=0.0, Pins(4)=400.0, Dist=334.0, Win Bonus=0.0
[2026-05-22 10:23:51] SCORE The bandits (yellow): Final=839.2, Time=93.2, Moves(26)=0.0, Pins(4)=400.0, Dist=346.0, Win Bonus=0.0
[2026-05-22 10:23:51] ALL WRONG MOVES BY COLOUR: {'red': ['1 (turn timeout)', '41 (turn timeout)', '116 (turn timeout)']}
[2026-05-22 10:23:52] MOVE 132: Gruppe 2 (lawn green) 56->65 [0.00ms]
[2026-05-22 10:23:52] SCORE AlphaZeroClue (red): Final=559.0, Time=57.0, Moves(24)=0.0, Pins(2)=200.0, Dist=302.0, Win Bonus=0.0
[2026-05-22 10:23:52] SCORE Gruppe 67 (blue): Final=503.8, Time=77.8, Moves(26)=0.0, Pins(1)=100.0, Dist=326.0, Win Bonus=0.0
[2026-05-22 10:23:52] SCORE Gruppe 2 (lawn green): Final=807.8, Time=89.8, Moves(27)=0.0, Pins(4)=400.0, Dist=318.0, Win Bonus=0.0
[2026-05-22 10:23:52] SCORE Gruppe 1 (gray0): Final=823.9, Time=89.9, Moves(26)=0.0, Pins(4)=400.0, Dist=334.0, Win Bonus=0.0
[2026-05-22 10:23:52] SCORE The bandits (yellow): Final=839.2, Time=93.2, Moves(26)=0.0, Pins(4)=400.0, Dist=346.0, Win Bonus=0.0
[2026-05-22 10:23:52] ALL WRONG MOVES BY COLOUR: {'red': ['1 (turn timeout)', '41 (turn timeout)', '116 (turn timeout)']}
[2026-05-22 10:23:52] MOVE 133: The bandits (yellow) 38->59 [0.01ms]
[2026-05-22 10:23:52] SCORE AlphaZeroClue (red): Final=559.0, Time=57.0, Moves(24)=0.0, Pins(2)=200.0, Dist=302.0, Win Bonus=0.0
[2026-05-22 10:23:52] SCORE Gruppe 67 (blue): Final=503.8, Time=77.8, Moves(26)=0.0, Pins(1)=100.0, Dist=326.0, Win Bonus=0.0
[2026-05-22 10:23:52] SCORE Gruppe 2 (lawn green): Final=807.8, Time=89.8, Moves(27)=0.0, Pins(4)=400.0, Dist=318.0, Win Bonus=0.0
[2026-05-22 10:23:52] SCORE Gruppe 1 (gray0): Final=823.9, Time=89.9, Moves(26)=0.0, Pins(4)=400.0, Dist=334.0, Win Bonus=0.0
[2026-05-22 10:23:52] SCORE The bandits (yellow): Final=842.9, Time=92.9, Moves(27)=0.0, Pins(4)=400.0, Dist=350.0, Win Bonus=0.0
[2026-05-22 10:23:52] ALL WRONG MOVES BY COLOUR: {'red': ['1 (turn timeout)', '41 (turn timeout)', '116 (turn timeout)']}
[2026-05-22 10:23:53] MOVE 134: Gruppe 67 (blue) 69->112 [0.00ms]
[2026-05-22 10:23:53] SCORE AlphaZeroClue (red): Final=559.0, Time=57.0, Moves(24)=0.0, Pins(2)=200.0, Dist=302.0, Win Bonus=0.0
[2026-05-22 10:23:53] SCORE Gruppe 67 (blue): Final=610.8, Time=76.8, Moves(27)=0.0, Pins(2)=200.0, Dist=334.0, Win Bonus=0.0
[2026-05-22 10:23:53] SCORE Gruppe 2 (lawn green): Final=807.8, Time=89.8, Moves(27)=0.0, Pins(4)=400.0, Dist=318.0, Win Bonus=0.0
[2026-05-22 10:23:53] SCORE Gruppe 1 (gray0): Final=823.9, Time=89.9, Moves(26)=0.0, Pins(4)=400.0, Dist=334.0, Win Bonus=0.0
[2026-05-22 10:23:53] SCORE The bandits (yellow): Final=842.9, Time=92.9, Moves(27)=0.0, Pins(4)=400.0, Dist=350.0, Win Bonus=0.0
[2026-05-22 10:23:53] ALL WRONG MOVES BY COLOUR: {'red': ['1 (turn timeout)', '41 (turn timeout)', '116 (turn timeout)']}
[2026-05-22 10:23:53] MOVE 135: Gruppe 1 (gray0) 31->32 [0.01ms]
[2026-05-22 10:23:53] SCORE AlphaZeroClue (red): Final=559.0, Time=57.0, Moves(24)=0.0, Pins(2)=200.0, Dist=302.0, Win Bonus=0.0
[2026-05-22 10:23:53] SCORE Gruppe 67 (blue): Final=610.8, Time=76.8, Moves(27)=0.0, Pins(2)=200.0, Dist=334.0, Win Bonus=0.0
[2026-05-22 10:23:53] SCORE Gruppe 2 (lawn green): Final=807.8, Time=89.8, Moves(27)=0.0, Pins(4)=400.0, Dist=318.0, Win Bonus=0.0
[2026-05-22 10:23:53] SCORE Gruppe 1 (gray0): Final=925.7, Time=89.7, Moves(27)=0.0, Pins(5)=500.0, Dist=336.0, Win Bonus=0.0
[2026-05-22 10:23:53] SCORE The bandits (yellow): Final=842.9, Time=92.9, Moves(27)=0.0, Pins(4)=400.0, Dist=350.0, Win Bonus=0.0
[2026-05-22 10:23:53] ALL WRONG MOVES BY COLOUR: {'red': ['1 (turn timeout)', '41 (turn timeout)', '116 (turn timeout)']}
[2026-05-22 10:23:55] MOVE 136: AlphaZeroClue (red) 92->69 [0.01ms]
[2026-05-22 10:23:55] SCORE AlphaZeroClue (red): Final=561.2, Time=55.2, Moves(25)=0.0, Pins(2)=200.0, Dist=306.0, Win Bonus=0.0
[2026-05-22 10:23:55] SCORE Gruppe 67 (blue): Final=610.8, Time=76.8, Moves(27)=0.0, Pins(2)=200.0, Dist=334.0, Win Bonus=0.0
[2026-05-22 10:23:55] SCORE Gruppe 2 (lawn green): Final=807.8, Time=89.8, Moves(27)=0.0, Pins(4)=400.0, Dist=318.0, Win Bonus=0.0
[2026-05-22 10:23:55] SCORE Gruppe 1 (gray0): Final=925.7, Time=89.7, Moves(27)=0.0, Pins(5)=500.0, Dist=336.0, Win Bonus=0.0
[2026-05-22 10:23:55] SCORE The bandits (yellow): Final=842.9, Time=92.9, Moves(27)=0.0, Pins(4)=400.0, Dist=350.0, Win Bonus=0.0
[2026-05-22 10:23:55] ALL WRONG MOVES BY COLOUR: {'red': ['1 (turn timeout)', '41 (turn timeout)', '116 (turn timeout)']}
[2026-05-22 10:23:55] MOVE 137: Gruppe 2 (lawn green) 33->31 [0.00ms]
[2026-05-22 10:23:55] SCORE AlphaZeroClue (red): Final=561.2, Time=55.2, Moves(25)=0.0, Pins(2)=200.0, Dist=306.0, Win Bonus=0.0
[2026-05-22 10:23:55] SCORE Gruppe 67 (blue): Final=610.8, Time=76.8, Moves(27)=0.0, Pins(2)=200.0, Dist=334.0, Win Bonus=0.0
[2026-05-22 10:23:55] SCORE Gruppe 2 (lawn green): Final=811.6, Time=89.6, Moves(28)=0.0, Pins(4)=400.0, Dist=322.0, Win Bonus=0.0
[2026-05-22 10:23:55] SCORE Gruppe 1 (gray0): Final=925.7, Time=89.7, Moves(27)=0.0, Pins(5)=500.0, Dist=336.0, Win Bonus=0.0
[2026-05-22 10:23:55] SCORE The bandits (yellow): Final=842.9, Time=92.9, Moves(27)=0.0, Pins(4)=400.0, Dist=350.0, Win Bonus=0.0
[2026-05-22 10:23:55] ALL WRONG MOVES BY COLOUR: {'red': ['1 (turn timeout)', '41 (turn timeout)', '116 (turn timeout)']}
[2026-05-22 10:23:55] MOVE 138: The bandits (yellow) 85->97 [0.01ms]
[2026-05-22 10:23:55] SCORE AlphaZeroClue (red): Final=561.2, Time=55.2, Moves(25)=0.0, Pins(2)=200.0, Dist=306.0, Win Bonus=0.0
[2026-05-22 10:23:55] SCORE Gruppe 67 (blue): Final=610.8, Time=76.8, Moves(27)=0.0, Pins(2)=200.0, Dist=334.0, Win Bonus=0.0
[2026-05-22 10:23:55] SCORE Gruppe 2 (lawn green): Final=811.6, Time=89.6, Moves(28)=0.0, Pins(4)=400.0, Dist=322.0, Win Bonus=0.0
[2026-05-22 10:23:55] SCORE Gruppe 1 (gray0): Final=925.7, Time=89.7, Moves(27)=0.0, Pins(5)=500.0, Dist=336.0, Win Bonus=0.0
[2026-05-22 10:23:55] SCORE The bandits (yellow): Final=842.7, Time=92.7, Moves(28)=0.0, Pins(4)=400.0, Dist=350.0, Win Bonus=0.0
[2026-05-22 10:23:55] ALL WRONG MOVES BY COLOUR: {'red': ['1 (turn timeout)', '41 (turn timeout)', '116 (turn timeout)']}
[2026-05-22 10:23:56] MOVE 139: Gruppe 67 (blue) 1->4 [0.01ms]
[2026-05-22 10:23:56] SCORE AlphaZeroClue (red): Final=561.2, Time=55.2, Moves(25)=0.0, Pins(2)=200.0, Dist=306.0, Win Bonus=0.0
[2026-05-22 10:23:56] SCORE Gruppe 67 (blue): Final=611.8, Time=75.8, Moves(28)=0.0, Pins(2)=200.0, Dist=336.0, Win Bonus=0.0
[2026-05-22 10:23:56] SCORE Gruppe 2 (lawn green): Final=811.6, Time=89.6, Moves(28)=0.0, Pins(4)=400.0, Dist=322.0, Win Bonus=0.0
[2026-05-22 10:23:56] SCORE Gruppe 1 (gray0): Final=925.7, Time=89.7, Moves(27)=0.0, Pins(5)=500.0, Dist=336.0, Win Bonus=0.0
[2026-05-22 10:23:56] SCORE The bandits (yellow): Final=842.7, Time=92.7, Moves(28)=0.0, Pins(4)=400.0, Dist=350.0, Win Bonus=0.0
[2026-05-22 10:23:56] ALL WRONG MOVES BY COLOUR: {'red': ['1 (turn timeout)', '41 (turn timeout)', '116 (turn timeout)']}
[2026-05-22 10:23:56] MOVE 140: Gruppe 1 (gray0) 114->71 [0.00ms]
[2026-05-22 10:23:56] SCORE AlphaZeroClue (red): Final=561.2, Time=55.2, Moves(25)=0.0, Pins(2)=200.0, Dist=306.0, Win Bonus=0.0
[2026-05-22 10:23:56] SCORE Gruppe 67 (blue): Final=611.8, Time=75.8, Moves(28)=0.0, Pins(2)=200.0, Dist=336.0, Win Bonus=0.0
[2026-05-22 10:23:56] SCORE Gruppe 2 (lawn green): Final=811.6, Time=89.6, Moves(28)=0.0, Pins(4)=400.0, Dist=322.0, Win Bonus=0.0
[2026-05-22 10:23:56] SCORE Gruppe 1 (gray0): Final=929.6, Time=89.6, Moves(28)=0.0, Pins(5)=500.0, Dist=340.0, Win Bonus=0.0
[2026-05-22 10:23:56] SCORE The bandits (yellow): Final=842.7, Time=92.7, Moves(28)=0.0, Pins(4)=400.0, Dist=350.0, Win Bonus=0.0
[2026-05-22 10:23:56] ALL WRONG MOVES BY COLOUR: {'red': ['1 (turn timeout)', '41 (turn timeout)', '116 (turn timeout)']}
[2026-05-22 10:23:58] MOVE 141: AlphaZeroClue (red) 81->18 [0.01ms]
[2026-05-22 10:23:58] SCORE AlphaZeroClue (red): Final=571.5, Time=53.5, Moves(26)=0.0, Pins(2)=200.0, Dist=318.0, Win Bonus=0.0
[2026-05-22 10:23:58] SCORE Gruppe 67 (blue): Final=611.8, Time=75.8, Moves(28)=0.0, Pins(2)=200.0, Dist=336.0, Win Bonus=0.0
[2026-05-22 10:23:58] SCORE Gruppe 2 (lawn green): Final=811.6, Time=89.6, Moves(28)=0.0, Pins(4)=400.0, Dist=322.0, Win Bonus=0.0
[2026-05-22 10:23:58] SCORE Gruppe 1 (gray0): Final=929.6, Time=89.6, Moves(28)=0.0, Pins(5)=500.0, Dist=340.0, Win Bonus=0.0
[2026-05-22 10:23:58] SCORE The bandits (yellow): Final=842.7, Time=92.7, Moves(28)=0.0, Pins(4)=400.0, Dist=350.0, Win Bonus=0.0
[2026-05-22 10:23:58] ALL WRONG MOVES BY COLOUR: {'red': ['1 (turn timeout)', '41 (turn timeout)', '116 (turn timeout)']}
[2026-05-22 10:23:58] MOVE 142: Gruppe 2 (lawn green) 53->52 [0.01ms]
[2026-05-22 10:23:58] SCORE AlphaZeroClue (red): Final=571.5, Time=53.5, Moves(26)=0.0, Pins(2)=200.0, Dist=318.0, Win Bonus=0.0
[2026-05-22 10:23:58] SCORE Gruppe 67 (blue): Final=611.8, Time=75.8, Moves(28)=0.0, Pins(2)=200.0, Dist=336.0, Win Bonus=0.0
[2026-05-22 10:23:58] SCORE Gruppe 2 (lawn green): Final=813.4, Time=89.4, Moves(29)=0.0, Pins(4)=400.0, Dist=324.0, Win Bonus=0.0
[2026-05-22 10:23:58] SCORE Gruppe 1 (gray0): Final=929.6, Time=89.6, Moves(28)=0.0, Pins(5)=500.0, Dist=340.0, Win Bonus=0.0
[2026-05-22 10:23:58] SCORE The bandits (yellow): Final=842.7, Time=92.7, Moves(28)=0.0, Pins(4)=400.0, Dist=350.0, Win Bonus=0.0
[2026-05-22 10:23:58] ALL WRONG MOVES BY COLOUR: {'red': ['1 (turn timeout)', '41 (turn timeout)', '116 (turn timeout)']}
[2026-05-22 10:23:58] MOVE 143: The bandits (yellow) 83->110 [0.01ms]
[2026-05-22 10:23:58] SCORE AlphaZeroClue (red): Final=571.5, Time=53.5, Moves(26)=0.0, Pins(2)=200.0, Dist=318.0, Win Bonus=0.0
[2026-05-22 10:23:58] SCORE Gruppe 67 (blue): Final=611.8, Time=75.8, Moves(28)=0.0, Pins(2)=200.0, Dist=336.0, Win Bonus=0.0
[2026-05-22 10:23:58] SCORE Gruppe 2 (lawn green): Final=813.4, Time=89.4, Moves(29)=0.0, Pins(4)=400.0, Dist=324.0, Win Bonus=0.0
[2026-05-22 10:23:58] SCORE Gruppe 1 (gray0): Final=929.6, Time=89.6, Moves(28)=0.0, Pins(5)=500.0, Dist=340.0, Win Bonus=0.0
[2026-05-22 10:23:58] SCORE The bandits (yellow): Final=944.6, Time=92.5, Moves(29)=0.0, Pins(5)=500.0, Dist=352.0, Win Bonus=0.0
[2026-05-22 10:23:58] ALL WRONG MOVES BY COLOUR: {'red': ['1 (turn timeout)', '41 (turn timeout)', '116 (turn timeout)']}
[2026-05-22 10:23:59] MOVE 144: Gruppe 67 (blue) 105->116 [0.01ms]
[2026-05-22 10:23:59] SCORE AlphaZeroClue (red): Final=571.5, Time=53.5, Moves(26)=0.0, Pins(2)=200.0, Dist=318.0, Win Bonus=0.0
[2026-05-22 10:23:59] SCORE Gruppe 67 (blue): Final=712.9, Time=74.9, Moves(29)=0.0, Pins(3)=300.0, Dist=338.0, Win Bonus=0.0
[2026-05-22 10:23:59] SCORE Gruppe 2 (lawn green): Final=813.4, Time=89.4, Moves(29)=0.0, Pins(4)=400.0, Dist=324.0, Win Bonus=0.0
[2026-05-22 10:23:59] SCORE Gruppe 1 (gray0): Final=929.6, Time=89.6, Moves(28)=0.0, Pins(5)=500.0, Dist=340.0, Win Bonus=0.0
[2026-05-22 10:23:59] SCORE The bandits (yellow): Final=944.6, Time=92.5, Moves(29)=0.0, Pins(5)=500.0, Dist=352.0, Win Bonus=0.0
[2026-05-22 10:23:59] ALL WRONG MOVES BY COLOUR: {'red': ['1 (turn timeout)', '41 (turn timeout)', '116 (turn timeout)']}
[2026-05-22 10:24:00] MOVE 145: Gruppe 1 (gray0) 51->53 [0.01ms]
[2026-05-22 10:24:00] SCORE AlphaZeroClue (red): Final=571.5, Time=53.5, Moves(26)=0.0, Pins(2)=200.0, Dist=318.0, Win Bonus=0.0
[2026-05-22 10:24:00] SCORE Gruppe 67 (blue): Final=712.9, Time=74.9, Moves(29)=0.0, Pins(3)=300.0, Dist=338.0, Win Bonus=0.0
[2026-05-22 10:24:00] SCORE Gruppe 2 (lawn green): Final=813.4, Time=89.4, Moves(29)=0.0, Pins(4)=400.0, Dist=324.0, Win Bonus=0.0
[2026-05-22 10:24:00] SCORE Gruppe 1 (gray0): Final=933.4, Time=89.3, Moves(29)=0.0, Pins(5)=500.0, Dist=344.0, Win Bonus=0.0
[2026-05-22 10:24:00] SCORE The bandits (yellow): Final=944.6, Time=92.5, Moves(29)=0.0, Pins(5)=500.0, Dist=352.0, Win Bonus=0.0
[2026-05-22 10:24:00] ALL WRONG MOVES BY COLOUR: {'red': ['1 (turn timeout)', '41 (turn timeout)', '116 (turn timeout)']}
[2026-05-22 10:24:01] MOVE 146: AlphaZeroClue (red) 16->7 [0.01ms]
[2026-05-22 10:24:01] SCORE AlphaZeroClue (red): Final=671.8, Time=51.8, Moves(27)=0.0, Pins(3)=300.0, Dist=320.0, Win Bonus=0.0
[2026-05-22 10:24:01] SCORE Gruppe 67 (blue): Final=712.9, Time=74.9, Moves(29)=0.0, Pins(3)=300.0, Dist=338.0, Win Bonus=0.0
[2026-05-22 10:24:01] SCORE Gruppe 2 (lawn green): Final=813.4, Time=89.4, Moves(29)=0.0, Pins(4)=400.0, Dist=324.0, Win Bonus=0.0
[2026-05-22 10:24:01] SCORE Gruppe 1 (gray0): Final=933.4, Time=89.3, Moves(29)=0.0, Pins(5)=500.0, Dist=344.0, Win Bonus=0.0
[2026-05-22 10:24:01] SCORE The bandits (yellow): Final=944.6, Time=92.5, Moves(29)=0.0, Pins(5)=500.0, Dist=352.0, Win Bonus=0.0
[2026-05-22 10:24:01] ALL WRONG MOVES BY COLOUR: {'red': ['1 (turn timeout)', '41 (turn timeout)', '116 (turn timeout)']}
[2026-05-22 10:24:02] MOVE 147: Gruppe 2 (lawn green) 52->68 [0.01ms]
[2026-05-22 10:24:02] SCORE AlphaZeroClue (red): Final=671.8, Time=51.8, Moves(27)=0.0, Pins(3)=300.0, Dist=320.0, Win Bonus=0.0
[2026-05-22 10:24:02] SCORE Gruppe 67 (blue): Final=712.9, Time=74.9, Moves(29)=0.0, Pins(3)=300.0, Dist=338.0, Win Bonus=0.0
[2026-05-22 10:24:02] SCORE Gruppe 2 (lawn green): Final=821.2, Time=89.1, Moves(30)=0.1, Pins(4)=400.0, Dist=332.0, Win Bonus=0.0
[2026-05-22 10:24:02] SCORE Gruppe 1 (gray0): Final=933.4, Time=89.3, Moves(29)=0.0, Pins(5)=500.0, Dist=344.0, Win Bonus=0.0
[2026-05-22 10:24:02] SCORE The bandits (yellow): Final=944.6, Time=92.5, Moves(29)=0.0, Pins(5)=500.0, Dist=352.0, Win Bonus=0.0
[2026-05-22 10:24:02] ALL WRONG MOVES BY COLOUR: {'red': ['1 (turn timeout)', '41 (turn timeout)', '116 (turn timeout)']}
[2026-05-22 10:24:02] MOVE 148: The bandits (yellow) 49->51 [0.01ms]
[2026-05-22 10:24:02] SCORE AlphaZeroClue (red): Final=671.8, Time=51.8, Moves(27)=0.0, Pins(3)=300.0, Dist=320.0, Win Bonus=0.0
[2026-05-22 10:24:02] SCORE Gruppe 67 (blue): Final=712.9, Time=74.9, Moves(29)=0.0, Pins(3)=300.0, Dist=338.0, Win Bonus=0.0
[2026-05-22 10:24:02] SCORE Gruppe 2 (lawn green): Final=821.2, Time=89.1, Moves(30)=0.1, Pins(4)=400.0, Dist=332.0, Win Bonus=0.0
[2026-05-22 10:24:02] SCORE Gruppe 1 (gray0): Final=933.4, Time=89.3, Moves(29)=0.0, Pins(5)=500.0, Dist=344.0, Win Bonus=0.0
[2026-05-22 10:24:02] SCORE The bandits (yellow): Final=948.4, Time=92.4, Moves(30)=0.1, Pins(5)=500.0, Dist=356.0, Win Bonus=0.0
[2026-05-22 10:24:02] ALL WRONG MOVES BY COLOUR: {'red': ['1 (turn timeout)', '41 (turn timeout)', '116 (turn timeout)']}
[2026-05-22 10:24:03] MOVE 149: Gruppe 67 (blue) 4->105 [0.01ms]
[2026-05-22 10:24:03] SCORE AlphaZeroClue (red): Final=671.8, Time=51.8, Moves(27)=0.0, Pins(3)=300.0, Dist=320.0, Win Bonus=0.0
[2026-05-22 10:24:03] SCORE Gruppe 67 (blue): Final=732.0, Time=73.9, Moves(30)=0.1, Pins(3)=300.0, Dist=358.0, Win Bonus=0.0
[2026-05-22 10:24:03] SCORE Gruppe 2 (lawn green): Final=821.2, Time=89.1, Moves(30)=0.1, Pins(4)=400.0, Dist=332.0, Win Bonus=0.0
[2026-05-22 10:24:03] SCORE Gruppe 1 (gray0): Final=933.4, Time=89.3, Moves(29)=0.0, Pins(5)=500.0, Dist=344.0, Win Bonus=0.0
[2026-05-22 10:24:03] SCORE The bandits (yellow): Final=948.4, Time=92.4, Moves(30)=0.1, Pins(5)=500.0, Dist=356.0, Win Bonus=0.0
[2026-05-22 10:24:03] ALL WRONG MOVES BY COLOUR: {'red': ['1 (turn timeout)', '41 (turn timeout)', '116 (turn timeout)']}
[2026-05-22 10:24:03] MOVE 150: Gruppe 1 (gray0) 100->101 [0.01ms]
[2026-05-22 10:24:03] SCORE AlphaZeroClue (red): Final=671.8, Time=51.8, Moves(27)=0.0, Pins(3)=300.0, Dist=320.0, Win Bonus=0.0
[2026-05-22 10:24:03] SCORE Gruppe 67 (blue): Final=732.0, Time=73.9, Moves(30)=0.1, Pins(3)=300.0, Dist=358.0, Win Bonus=0.0
[2026-05-22 10:24:03] SCORE Gruppe 2 (lawn green): Final=821.2, Time=89.1, Moves(30)=0.1, Pins(4)=400.0, Dist=332.0, Win Bonus=0.0
[2026-05-22 10:24:03] SCORE Gruppe 1 (gray0): Final=935.1, Time=89.0, Moves(30)=0.1, Pins(5)=500.0, Dist=346.0, Win Bonus=0.0
[2026-05-22 10:24:03] SCORE The bandits (yellow): Final=948.4, Time=92.4, Moves(30)=0.1, Pins(5)=500.0, Dist=356.0, Win Bonus=0.0
[2026-05-22 10:24:03] ALL WRONG MOVES BY COLOUR: {'red': ['1 (turn timeout)', '41 (turn timeout)', '116 (turn timeout)']}
[2026-05-22 10:24:05] MOVE 151: AlphaZeroClue (red) 18->9 [0.01ms]
[2026-05-22 10:24:05] SCORE AlphaZeroClue (red): Final=772.1, Time=50.0, Moves(28)=0.0, Pins(4)=400.0, Dist=322.0, Win Bonus=0.0
[2026-05-22 10:24:05] SCORE Gruppe 67 (blue): Final=732.0, Time=73.9, Moves(30)=0.1, Pins(3)=300.0, Dist=358.0, Win Bonus=0.0
[2026-05-22 10:24:05] SCORE Gruppe 2 (lawn green): Final=821.2, Time=89.1, Moves(30)=0.1, Pins(4)=400.0, Dist=332.0, Win Bonus=0.0
[2026-05-22 10:24:05] SCORE Gruppe 1 (gray0): Final=935.1, Time=89.0, Moves(30)=0.1, Pins(5)=500.0, Dist=346.0, Win Bonus=0.0
[2026-05-22 10:24:05] SCORE The bandits (yellow): Final=948.4, Time=92.4, Moves(30)=0.1, Pins(5)=500.0, Dist=356.0, Win Bonus=0.0
[2026-05-22 10:24:05] ALL WRONG MOVES BY COLOUR: {'red': ['1 (turn timeout)', '41 (turn timeout)', '116 (turn timeout)']}
[2026-05-22 10:24:05] MOVE 152: Gruppe 2 (lawn green) 106->81 [0.01ms]
[2026-05-22 10:24:05] SCORE AlphaZeroClue (red): Final=772.1, Time=50.0, Moves(28)=0.0, Pins(4)=400.0, Dist=322.0, Win Bonus=0.0
[2026-05-22 10:24:05] SCORE Gruppe 67 (blue): Final=732.0, Time=73.9, Moves(30)=0.1, Pins(3)=300.0, Dist=358.0, Win Bonus=0.0
[2026-05-22 10:24:05] SCORE Gruppe 2 (lawn green): Final=821.2, Time=88.9, Moves(31)=0.2, Pins(4)=400.0, Dist=332.0, Win Bonus=0.0
[2026-05-22 10:24:05] SCORE Gruppe 1 (gray0): Final=935.1, Time=89.0, Moves(30)=0.1, Pins(5)=500.0, Dist=346.0, Win Bonus=0.0
[2026-05-22 10:24:05] SCORE The bandits (yellow): Final=948.4, Time=92.4, Moves(30)=0.1, Pins(5)=500.0, Dist=356.0, Win Bonus=0.0
[2026-05-22 10:24:05] ALL WRONG MOVES BY COLOUR: {'red': ['1 (turn timeout)', '41 (turn timeout)', '116 (turn timeout)']}
[2026-05-22 10:24:05] MOVE 153: The bandits (yellow) 59->61 [0.01ms]
[2026-05-22 10:24:05] SCORE AlphaZeroClue (red): Final=772.1, Time=50.0, Moves(28)=0.0, Pins(4)=400.0, Dist=322.0, Win Bonus=0.0
[2026-05-22 10:24:05] SCORE Gruppe 67 (blue): Final=732.0, Time=73.9, Moves(30)=0.1, Pins(3)=300.0, Dist=358.0, Win Bonus=0.0
[2026-05-22 10:24:05] SCORE Gruppe 2 (lawn green): Final=821.2, Time=88.9, Moves(31)=0.2, Pins(4)=400.0, Dist=332.0, Win Bonus=0.0
[2026-05-22 10:24:05] SCORE Gruppe 1 (gray0): Final=935.1, Time=89.0, Moves(30)=0.1, Pins(5)=500.0, Dist=346.0, Win Bonus=0.0
[2026-05-22 10:24:05] SCORE The bandits (yellow): Final=952.5, Time=92.3, Moves(31)=0.2, Pins(5)=500.0, Dist=360.0, Win Bonus=0.0
[2026-05-22 10:24:05] ALL WRONG MOVES BY COLOUR: {'red': ['1 (turn timeout)', '41 (turn timeout)', '116 (turn timeout)']}
[2026-05-22 10:24:06] MOVE 154: Gruppe 67 (blue) 79->106 [0.01ms]
[2026-05-22 10:24:06] SCORE AlphaZeroClue (red): Final=772.1, Time=50.0, Moves(28)=0.0, Pins(4)=400.0, Dist=322.0, Win Bonus=0.0
[2026-05-22 10:24:06] SCORE Gruppe 67 (blue): Final=735.1, Time=72.9, Moves(31)=0.2, Pins(3)=300.0, Dist=362.0, Win Bonus=0.0
[2026-05-22 10:24:06] SCORE Gruppe 2 (lawn green): Final=821.2, Time=88.9, Moves(31)=0.2, Pins(4)=400.0, Dist=332.0, Win Bonus=0.0
[2026-05-22 10:24:06] SCORE Gruppe 1 (gray0): Final=935.1, Time=89.0, Moves(30)=0.1, Pins(5)=500.0, Dist=346.0, Win Bonus=0.0
[2026-05-22 10:24:06] SCORE The bandits (yellow): Final=952.5, Time=92.3, Moves(31)=0.2, Pins(5)=500.0, Dist=360.0, Win Bonus=0.0
[2026-05-22 10:24:06] ALL WRONG MOVES BY COLOUR: {'red': ['1 (turn timeout)', '41 (turn timeout)', '116 (turn timeout)']}
[2026-05-22 10:24:06] MOVE 155: Gruppe 1 (gray0) 20->22 [0.01ms]
[2026-05-22 10:24:06] SCORE AlphaZeroClue (red): Final=772.1, Time=50.0, Moves(28)=0.0, Pins(4)=400.0, Dist=322.0, Win Bonus=0.0
[2026-05-22 10:24:06] SCORE Gruppe 67 (blue): Final=735.1, Time=72.9, Moves(31)=0.2, Pins(3)=300.0, Dist=362.0, Win Bonus=0.0
[2026-05-22 10:24:06] SCORE Gruppe 2 (lawn green): Final=821.2, Time=88.9, Moves(31)=0.2, Pins(4)=400.0, Dist=332.0, Win Bonus=0.0
[2026-05-22 10:24:06] SCORE Gruppe 1 (gray0): Final=934.9, Time=88.7, Moves(31)=0.2, Pins(5)=500.0, Dist=346.0, Win Bonus=0.0
[2026-05-22 10:24:06] SCORE The bandits (yellow): Final=952.5, Time=92.3, Moves(31)=0.2, Pins(5)=500.0, Dist=360.0, Win Bonus=0.0
[2026-05-22 10:24:06] ALL WRONG MOVES BY COLOUR: {'red': ['1 (turn timeout)', '41 (turn timeout)', '116 (turn timeout)']}
[2026-05-22 10:24:08] MOVE 156: AlphaZeroClue (red) 104->5 [0.01ms]
[2026-05-22 10:24:08] SCORE AlphaZeroClue (red): Final=888.3, Time=48.3, Moves(29)=0.0, Pins(5)=500.0, Dist=340.0, Win Bonus=0.0
[2026-05-22 10:24:08] SCORE Gruppe 67 (blue): Final=735.1, Time=72.9, Moves(31)=0.2, Pins(3)=300.0, Dist=362.0, Win Bonus=0.0
[2026-05-22 10:24:08] SCORE Gruppe 2 (lawn green): Final=821.2, Time=88.9, Moves(31)=0.2, Pins(4)=400.0, Dist=332.0, Win Bonus=0.0
[2026-05-22 10:24:08] SCORE Gruppe 1 (gray0): Final=934.9, Time=88.7, Moves(31)=0.2, Pins(5)=500.0, Dist=346.0, Win Bonus=0.0
[2026-05-22 10:24:08] SCORE The bandits (yellow): Final=952.5, Time=92.3, Moves(31)=0.2, Pins(5)=500.0, Dist=360.0, Win Bonus=0.0
[2026-05-22 10:24:08] ALL WRONG MOVES BY COLOUR: {'red': ['1 (turn timeout)', '41 (turn timeout)', '116 (turn timeout)']}
[2026-05-22 10:24:09] MOVE 157: Gruppe 2 (lawn green) 63->42 [0.01ms]
[2026-05-22 10:24:09] SCORE AlphaZeroClue (red): Final=888.3, Time=48.3, Moves(29)=0.0, Pins(5)=500.0, Dist=340.0, Win Bonus=0.0
[2026-05-22 10:24:09] SCORE Gruppe 67 (blue): Final=735.1, Time=72.9, Moves(31)=0.2, Pins(3)=300.0, Dist=362.0, Win Bonus=0.0
[2026-05-22 10:24:09] SCORE Gruppe 2 (lawn green): Final=820.9, Time=88.4, Moves(32)=0.5, Pins(4)=400.0, Dist=332.0, Win Bonus=0.0
[2026-05-22 10:24:09] SCORE Gruppe 1 (gray0): Final=934.9, Time=88.7, Moves(31)=0.2, Pins(5)=500.0, Dist=346.0, Win Bonus=0.0
[2026-05-22 10:24:09] SCORE The bandits (yellow): Final=952.5, Time=92.3, Moves(31)=0.2, Pins(5)=500.0, Dist=360.0, Win Bonus=0.0
[2026-05-22 10:24:09] ALL WRONG MOVES BY COLOUR: {'red': ['1 (turn timeout)', '41 (turn timeout)', '116 (turn timeout)']}
[2026-05-22 10:24:09] MOVE 158: The bandits (yellow) 91->72 [0.01ms]
[2026-05-22 10:24:09] SCORE AlphaZeroClue (red): Final=888.3, Time=48.3, Moves(29)=0.0, Pins(5)=500.0, Dist=340.0, Win Bonus=0.0
[2026-05-22 10:24:09] SCORE Gruppe 67 (blue): Final=735.1, Time=72.9, Moves(31)=0.2, Pins(3)=300.0, Dist=362.0, Win Bonus=0.0
[2026-05-22 10:24:09] SCORE Gruppe 2 (lawn green): Final=820.9, Time=88.4, Moves(32)=0.5, Pins(4)=400.0, Dist=332.0, Win Bonus=0.0
[2026-05-22 10:24:09] SCORE Gruppe 1 (gray0): Final=934.9, Time=88.7, Moves(31)=0.2, Pins(5)=500.0, Dist=346.0, Win Bonus=0.0
[2026-05-22 10:24:09] SCORE The bandits (yellow): Final=956.4, Time=91.9, Moves(32)=0.5, Pins(5)=500.0, Dist=364.0, Win Bonus=0.0
[2026-05-22 10:24:09] ALL WRONG MOVES BY COLOUR: {'red': ['1 (turn timeout)', '41 (turn timeout)', '116 (turn timeout)']}
[2026-05-22 10:24:10] MOVE 159: Gruppe 67 (blue) 106->115 [0.01ms]
[2026-05-22 10:24:10] SCORE AlphaZeroClue (red): Final=888.3, Time=48.3, Moves(29)=0.0, Pins(5)=500.0, Dist=340.0, Win Bonus=0.0
[2026-05-22 10:24:10] SCORE Gruppe 67 (blue): Final=836.5, Time=72.0, Moves(32)=0.5, Pins(4)=400.0, Dist=364.0, Win Bonus=0.0
[2026-05-22 10:24:10] SCORE Gruppe 2 (lawn green): Final=820.9, Time=88.4, Moves(32)=0.5, Pins(4)=400.0, Dist=332.0, Win Bonus=0.0
[2026-05-22 10:24:10] SCORE Gruppe 1 (gray0): Final=934.9, Time=88.7, Moves(31)=0.2, Pins(5)=500.0, Dist=346.0, Win Bonus=0.0
[2026-05-22 10:24:10] SCORE The bandits (yellow): Final=956.4, Time=91.9, Moves(32)=0.5, Pins(5)=500.0, Dist=364.0, Win Bonus=0.0
[2026-05-22 10:24:10] ALL WRONG MOVES BY COLOUR: {'red': ['1 (turn timeout)', '41 (turn timeout)', '116 (turn timeout)']}
[2026-05-22 10:24:10] MOVE 160: Gruppe 1 (gray0) 84->63 [0.01ms]
[2026-05-22 10:24:10] SCORE AlphaZeroClue (red): Final=888.3, Time=48.3, Moves(29)=0.0, Pins(5)=500.0, Dist=340.0, Win Bonus=0.0
[2026-05-22 10:24:10] SCORE Gruppe 67 (blue): Final=836.5, Time=72.0, Moves(32)=0.5, Pins(4)=400.0, Dist=364.0, Win Bonus=0.0
[2026-05-22 10:24:10] SCORE Gruppe 2 (lawn green): Final=820.9, Time=88.4, Moves(32)=0.5, Pins(4)=400.0, Dist=332.0, Win Bonus=0.0
[2026-05-22 10:24:10] SCORE Gruppe 1 (gray0): Final=936.9, Time=88.4, Moves(32)=0.5, Pins(5)=500.0, Dist=348.0, Win Bonus=0.0
[2026-05-22 10:24:10] SCORE The bandits (yellow): Final=956.4, Time=91.9, Moves(32)=0.5, Pins(5)=500.0, Dist=364.0, Win Bonus=0.0
[2026-05-22 10:24:10] ALL WRONG MOVES BY COLOUR: {'red': ['1 (turn timeout)', '41 (turn timeout)', '116 (turn timeout)']}
[2026-05-22 10:24:12] MOVE 161: AlphaZeroClue (red) 7->3 [0.01ms]
[2026-05-22 10:24:12] SCORE AlphaZeroClue (red): Final=886.6, Time=46.5, Moves(30)=0.1, Pins(5)=500.0, Dist=340.0, Win Bonus=0.0
[2026-05-22 10:24:12] SCORE Gruppe 67 (blue): Final=836.5, Time=72.0, Moves(32)=0.5, Pins(4)=400.0, Dist=364.0, Win Bonus=0.0
[2026-05-22 10:24:12] SCORE Gruppe 2 (lawn green): Final=820.9, Time=88.4, Moves(32)=0.5, Pins(4)=400.0, Dist=332.0, Win Bonus=0.0
[2026-05-22 10:24:12] SCORE Gruppe 1 (gray0): Final=936.9, Time=88.4, Moves(32)=0.5, Pins(5)=500.0, Dist=348.0, Win Bonus=0.0
[2026-05-22 10:24:12] SCORE The bandits (yellow): Final=956.4, Time=91.9, Moves(32)=0.5, Pins(5)=500.0, Dist=364.0, Win Bonus=0.0
[2026-05-22 10:24:12] ALL WRONG MOVES BY COLOUR: {'red': ['1 (turn timeout)', '41 (turn timeout)', '116 (turn timeout)']}
[2026-05-22 10:24:12] MOVE 162: Gruppe 2 (lawn green) 31->91 [0.01ms]
[2026-05-22 10:24:12] SCORE AlphaZeroClue (red): Final=886.6, Time=46.5, Moves(30)=0.1, Pins(5)=500.0, Dist=340.0, Win Bonus=0.0
[2026-05-22 10:24:12] SCORE Gruppe 67 (blue): Final=836.5, Time=72.0, Moves(32)=0.5, Pins(4)=400.0, Dist=364.0, Win Bonus=0.0
[2026-05-22 10:24:12] SCORE Gruppe 2 (lawn green): Final=833.1, Time=88.0, Moves(33)=1.1, Pins(4)=400.0, Dist=344.0, Win Bonus=0.0
[2026-05-22 10:24:13] SCORE Gruppe 1 (gray0): Final=936.9, Time=88.4, Moves(32)=0.5, Pins(5)=500.0, Dist=348.0, Win Bonus=0.0
[2026-05-22 10:24:13] SCORE The bandits (yellow): Final=956.4, Time=91.9, Moves(32)=0.5, Pins(5)=500.0, Dist=364.0, Win Bonus=0.0
[2026-05-22 10:24:13] ALL WRONG MOVES BY COLOUR: {'red': ['1 (turn timeout)', '41 (turn timeout)', '116 (turn timeout)']}
[2026-05-22 10:24:13] MOVE 163: The bandits (yellow) 61->62 [0.00ms]
[2026-05-22 10:24:13] SCORE AlphaZeroClue (red): Final=886.6, Time=46.5, Moves(30)=0.1, Pins(5)=500.0, Dist=340.0, Win Bonus=0.0
[2026-05-22 10:24:13] SCORE Gruppe 67 (blue): Final=836.5, Time=72.0, Moves(32)=0.5, Pins(4)=400.0, Dist=364.0, Win Bonus=0.0
[2026-05-22 10:24:13] SCORE Gruppe 2 (lawn green): Final=833.1, Time=88.0, Moves(33)=1.1, Pins(4)=400.0, Dist=344.0, Win Bonus=0.0
[2026-05-22 10:24:13] SCORE Gruppe 1 (gray0): Final=936.9, Time=88.4, Moves(32)=0.5, Pins(5)=500.0, Dist=348.0, Win Bonus=0.0
[2026-05-22 10:24:13] SCORE The bandits (yellow): Final=958.9, Time=91.8, Moves(33)=1.1, Pins(5)=500.0, Dist=366.0, Win Bonus=0.0
[2026-05-22 10:24:13] ALL WRONG MOVES BY COLOUR: {'red': ['1 (turn timeout)', '41 (turn timeout)', '116 (turn timeout)']}
[2026-05-22 10:24:14] MOVE 164: Gruppe 67 (blue) 102->117 [0.01ms]
[2026-05-22 10:24:14] SCORE AlphaZeroClue (red): Final=886.6, Time=46.5, Moves(30)=0.1, Pins(5)=500.0, Dist=340.0, Win Bonus=0.0
[2026-05-22 10:24:14] SCORE Gruppe 67 (blue): Final=938.1, Time=71.0, Moves(33)=1.1, Pins(5)=500.0, Dist=366.0, Win Bonus=0.0
[2026-05-22 10:24:14] SCORE Gruppe 2 (lawn green): Final=833.1, Time=88.0, Moves(33)=1.1, Pins(4)=400.0, Dist=344.0, Win Bonus=0.0
[2026-05-22 10:24:14] SCORE Gruppe 1 (gray0): Final=936.9, Time=88.4, Moves(32)=0.5, Pins(5)=500.0, Dist=348.0, Win Bonus=0.0
[2026-05-22 10:24:14] SCORE The bandits (yellow): Final=958.9, Time=91.8, Moves(33)=1.1, Pins(5)=500.0, Dist=366.0, Win Bonus=0.0
[2026-05-22 10:24:14] ALL WRONG MOVES BY COLOUR: {'red': ['1 (turn timeout)', '41 (turn timeout)', '116 (turn timeout)']}
[2026-05-22 10:24:14] MOVE 165: Gruppe 1 (gray0) 101->89 [0.01ms]
[2026-05-22 10:24:14] SCORE AlphaZeroClue (red): Final=886.6, Time=46.5, Moves(30)=0.1, Pins(5)=500.0, Dist=340.0, Win Bonus=0.0
[2026-05-22 10:24:14] SCORE Gruppe 67 (blue): Final=938.1, Time=71.0, Moves(33)=1.1, Pins(5)=500.0, Dist=366.0, Win Bonus=0.0
[2026-05-22 10:24:14] SCORE Gruppe 2 (lawn green): Final=833.1, Time=88.0, Moves(33)=1.1, Pins(4)=400.0, Dist=344.0, Win Bonus=0.0
[2026-05-22 10:24:14] SCORE Gruppe 1 (gray0): Final=938.9, Time=87.8, Moves(33)=1.1, Pins(5)=500.0, Dist=350.0, Win Bonus=0.0
[2026-05-22 10:24:14] SCORE The bandits (yellow): Final=958.9, Time=91.8, Moves(33)=1.1, Pins(5)=500.0, Dist=366.0, Win Bonus=0.0
[2026-05-22 10:24:14] ALL WRONG MOVES BY COLOUR: {'red': ['1 (turn timeout)', '41 (turn timeout)', '116 (turn timeout)']}
[2026-05-22 10:24:16] MOVE 166: AlphaZeroClue (red) 94->82 [0.01ms]
[2026-05-22 10:24:16] SCORE AlphaZeroClue (red): Final=887.0, Time=44.8, Moves(31)=0.2, Pins(5)=500.0, Dist=342.0, Win Bonus=0.0
[2026-05-22 10:24:16] SCORE Gruppe 67 (blue): Final=938.1, Time=71.0, Moves(33)=1.1, Pins(5)=500.0, Dist=366.0, Win Bonus=0.0
[2026-05-22 10:24:16] SCORE Gruppe 2 (lawn green): Final=833.1, Time=88.0, Moves(33)=1.1, Pins(4)=400.0, Dist=344.0, Win Bonus=0.0
[2026-05-22 10:24:16] SCORE Gruppe 1 (gray0): Final=938.9, Time=87.8, Moves(33)=1.1, Pins(5)=500.0, Dist=350.0, Win Bonus=0.0
[2026-05-22 10:24:16] SCORE The bandits (yellow): Final=958.9, Time=91.8, Moves(33)=1.1, Pins(5)=500.0, Dist=366.0, Win Bonus=0.0
[2026-05-22 10:24:16] ALL WRONG MOVES BY COLOUR: {'red': ['1 (turn timeout)', '41 (turn timeout)', '116 (turn timeout)']}
[2026-05-22 10:24:16] MOVE 167: Gruppe 2 (lawn green) 81->56 [0.01ms]
[2026-05-22 10:24:16] SCORE AlphaZeroClue (red): Final=887.0, Time=44.8, Moves(31)=0.2, Pins(5)=500.0, Dist=342.0, Win Bonus=0.0
[2026-05-22 10:24:16] SCORE Gruppe 67 (blue): Final=938.1, Time=71.0, Moves(33)=1.1, Pins(5)=500.0, Dist=366.0, Win Bonus=0.0
[2026-05-22 10:24:16] SCORE Gruppe 2 (lawn green): Final=841.7, Time=87.4, Moves(34)=2.3, Pins(4)=400.0, Dist=352.0, Win Bonus=0.0
[2026-05-22 10:24:16] SCORE Gruppe 1 (gray0): Final=938.9, Time=87.8, Moves(33)=1.1, Pins(5)=500.0, Dist=350.0, Win Bonus=0.0
[2026-05-22 10:24:16] SCORE The bandits (yellow): Final=958.9, Time=91.8, Moves(33)=1.1, Pins(5)=500.0, Dist=366.0, Win Bonus=0.0
[2026-05-22 10:24:16] ALL WRONG MOVES BY COLOUR: {'red': ['1 (turn timeout)', '41 (turn timeout)', '116 (turn timeout)']}
[2026-05-22 10:24:17] MOVE 168: The bandits (yellow) 108->109 [0.01ms]
[2026-05-22 10:24:17] SCORE AlphaZeroClue (red): Final=887.0, Time=44.8, Moves(31)=0.2, Pins(5)=500.0, Dist=342.0, Win Bonus=0.0
[2026-05-22 10:24:17] SCORE Gruppe 67 (blue): Final=938.1, Time=71.0, Moves(33)=1.1, Pins(5)=500.0, Dist=366.0, Win Bonus=0.0
[2026-05-22 10:24:17] SCORE Gruppe 2 (lawn green): Final=841.7, Time=87.4, Moves(34)=2.3, Pins(4)=400.0, Dist=352.0, Win Bonus=0.0
[2026-05-22 10:24:17] SCORE Gruppe 1 (gray0): Final=938.9, Time=87.8, Moves(33)=1.1, Pins(5)=500.0, Dist=350.0, Win Bonus=0.0
[2026-05-22 10:24:17] SCORE The bandits (yellow): Final=959.9, Time=91.6, Moves(34)=2.3, Pins(5)=500.0, Dist=366.0, Win Bonus=0.0
[2026-05-22 10:24:17] ALL WRONG MOVES BY COLOUR: {'red': ['1 (turn timeout)', '41 (turn timeout)', '116 (turn timeout)']}
[2026-05-22 10:24:18] MOVE 169: Gruppe 67 (blue) 93->106 [0.01ms]
[2026-05-22 10:24:18] SCORE AlphaZeroClue (red): Final=887.0, Time=44.8, Moves(31)=0.2, Pins(5)=500.0, Dist=342.0, Win Bonus=0.0
[2026-05-22 10:24:18] SCORE Gruppe 67 (blue): Final=940.1, Time=69.8, Moves(34)=2.3, Pins(5)=500.0, Dist=368.0, Win Bonus=0.0
[2026-05-22 10:24:18] SCORE Gruppe 2 (lawn green): Final=841.7, Time=87.4, Moves(34)=2.3, Pins(4)=400.0, Dist=352.0, Win Bonus=0.0
[2026-05-22 10:24:18] SCORE Gruppe 1 (gray0): Final=938.9, Time=87.8, Moves(33)=1.1, Pins(5)=500.0, Dist=350.0, Win Bonus=0.0
[2026-05-22 10:24:18] SCORE The bandits (yellow): Final=959.9, Time=91.6, Moves(34)=2.3, Pins(5)=500.0, Dist=366.0, Win Bonus=0.0
[2026-05-22 10:24:18] ALL WRONG MOVES BY COLOUR: {'red': ['1 (turn timeout)', '41 (turn timeout)', '116 (turn timeout)']}
[2026-05-22 10:24:18] MOVE 170: Gruppe 1 (gray0) 63->54 [0.01ms]
[2026-05-22 10:24:18] SCORE AlphaZeroClue (red): Final=887.0, Time=44.8, Moves(31)=0.2, Pins(5)=500.0, Dist=342.0, Win Bonus=0.0
[2026-05-22 10:24:18] SCORE Gruppe 67 (blue): Final=940.1, Time=69.8, Moves(34)=2.3, Pins(5)=500.0, Dist=368.0, Win Bonus=0.0
[2026-05-22 10:24:18] SCORE Gruppe 2 (lawn green): Final=841.7, Time=87.4, Moves(34)=2.3, Pins(4)=400.0, Dist=352.0, Win Bonus=0.0
[2026-05-22 10:24:18] SCORE Gruppe 1 (gray0): Final=941.8, Time=87.5, Moves(34)=2.3, Pins(5)=500.0, Dist=352.0, Win Bonus=0.0
[2026-05-22 10:24:18] SCORE The bandits (yellow): Final=959.9, Time=91.6, Moves(34)=2.3, Pins(5)=500.0, Dist=366.0, Win Bonus=0.0
[2026-05-22 10:24:18] ALL WRONG MOVES BY COLOUR: {'red': ['1 (turn timeout)', '41 (turn timeout)', '116 (turn timeout)']}
[2026-05-22 10:24:20] MOVE 171: AlphaZeroClue (red) 3->1 [0.01ms]
[2026-05-22 10:24:20] SCORE AlphaZeroClue (red): Final=885.5, Time=43.0, Moves(32)=0.5, Pins(5)=500.0, Dist=342.0, Win Bonus=0.0
[2026-05-22 10:24:20] SCORE Gruppe 67 (blue): Final=940.1, Time=69.8, Moves(34)=2.3, Pins(5)=500.0, Dist=368.0, Win Bonus=0.0
[2026-05-22 10:24:20] SCORE Gruppe 2 (lawn green): Final=841.7, Time=87.4, Moves(34)=2.3, Pins(4)=400.0, Dist=352.0, Win Bonus=0.0
[2026-05-22 10:24:20] SCORE Gruppe 1 (gray0): Final=941.8, Time=87.5, Moves(34)=2.3, Pins(5)=500.0, Dist=352.0, Win Bonus=0.0
[2026-05-22 10:24:20] SCORE The bandits (yellow): Final=959.9, Time=91.6, Moves(34)=2.3, Pins(5)=500.0, Dist=366.0, Win Bonus=0.0
[2026-05-22 10:24:20] ALL WRONG MOVES BY COLOUR: {'red': ['1 (turn timeout)', '41 (turn timeout)', '116 (turn timeout)']}
[2026-05-22 10:24:20] MOVE 172: Gruppe 2 (lawn green) 76->101 [0.00ms]
[2026-05-22 10:24:20] SCORE AlphaZeroClue (red): Final=885.5, Time=43.0, Moves(32)=0.5, Pins(5)=500.0, Dist=342.0, Win Bonus=0.0
[2026-05-22 10:24:20] SCORE Gruppe 67 (blue): Final=940.1, Time=69.8, Moves(34)=2.3, Pins(5)=500.0, Dist=368.0, Win Bonus=0.0
[2026-05-22 10:24:20] SCORE Gruppe 2 (lawn green): Final=843.3, Time=86.9, Moves(35)=4.4, Pins(4)=400.0, Dist=352.0, Win Bonus=0.0
[2026-05-22 10:24:20] SCORE Gruppe 1 (gray0): Final=941.8, Time=87.5, Moves(34)=2.3, Pins(5)=500.0, Dist=352.0, Win Bonus=0.0
[2026-05-22 10:24:20] SCORE The bandits (yellow): Final=959.9, Time=91.6, Moves(34)=2.3, Pins(5)=500.0, Dist=366.0, Win Bonus=0.0
[2026-05-22 10:24:20] ALL WRONG MOVES BY COLOUR: {'red': ['1 (turn timeout)', '41 (turn timeout)', '116 (turn timeout)']}
[2026-05-22 10:24:21] MOVE 173: The bandits (yellow) 103->104 [0.01ms]
[2026-05-22 10:24:21] SCORE AlphaZeroClue (red): Final=885.5, Time=43.0, Moves(32)=0.5, Pins(5)=500.0, Dist=342.0, Win Bonus=0.0
[2026-05-22 10:24:21] SCORE Gruppe 67 (blue): Final=940.1, Time=69.8, Moves(34)=2.3, Pins(5)=500.0, Dist=368.0, Win Bonus=0.0
[2026-05-22 10:24:21] SCORE Gruppe 2 (lawn green): Final=843.3, Time=86.9, Moves(35)=4.4, Pins(4)=400.0, Dist=352.0, Win Bonus=0.0
[2026-05-22 10:24:21] SCORE Gruppe 1 (gray0): Final=941.8, Time=87.5, Moves(34)=2.3, Pins(5)=500.0, Dist=352.0, Win Bonus=0.0
[2026-05-22 10:24:21] SCORE The bandits (yellow): Final=963.9, Time=91.5, Moves(35)=4.4, Pins(5)=500.0, Dist=368.0, Win Bonus=0.0
[2026-05-22 10:24:21] ALL WRONG MOVES BY COLOUR: {'red': ['1 (turn timeout)', '41 (turn timeout)', '116 (turn timeout)']}
[2026-05-22 10:24:22] MOVE 174: Gruppe 67 (blue) 80->103 [0.01ms]
[2026-05-22 10:24:22] SCORE AlphaZeroClue (red): Final=885.5, Time=43.0, Moves(32)=0.5, Pins(5)=500.0, Dist=342.0, Win Bonus=0.0
[2026-05-22 10:24:22] SCORE Gruppe 67 (blue): Final=945.2, Time=68.8, Moves(35)=4.4, Pins(5)=500.0, Dist=372.0, Win Bonus=0.0
[2026-05-22 10:24:22] SCORE Gruppe 2 (lawn green): Final=843.3, Time=86.9, Moves(35)=4.4, Pins(4)=400.0, Dist=352.0, Win Bonus=0.0
[2026-05-22 10:24:22] SCORE Gruppe 1 (gray0): Final=941.8, Time=87.5, Moves(34)=2.3, Pins(5)=500.0, Dist=352.0, Win Bonus=0.0
[2026-05-22 10:24:22] SCORE The bandits (yellow): Final=963.9, Time=91.5, Moves(35)=4.4, Pins(5)=500.0, Dist=368.0, Win Bonus=0.0
[2026-05-22 10:24:22] ALL WRONG MOVES BY COLOUR: {'red': ['1 (turn timeout)', '41 (turn timeout)', '116 (turn timeout)']}
[2026-05-22 10:24:22] MOVE 175: Gruppe 1 (gray0) 53->34 [0.01ms]
[2026-05-22 10:24:22] SCORE AlphaZeroClue (red): Final=885.5, Time=43.0, Moves(32)=0.5, Pins(5)=500.0, Dist=342.0, Win Bonus=0.0
[2026-05-22 10:24:22] SCORE Gruppe 67 (blue): Final=945.2, Time=68.8, Moves(35)=4.4, Pins(5)=500.0, Dist=372.0, Win Bonus=0.0
[2026-05-22 10:24:22] SCORE Gruppe 2 (lawn green): Final=843.3, Time=86.9, Moves(35)=4.4, Pins(4)=400.0, Dist=352.0, Win Bonus=0.0
[2026-05-22 10:24:22] SCORE Gruppe 1 (gray0): Final=1047.5, Time=87.1, Moves(35)=4.4, Pins(6)=600.0, Dist=356.0, Win Bonus=0.0
[2026-05-22 10:24:22] SCORE The bandits (yellow): Final=963.9, Time=91.5, Moves(35)=4.4, Pins(5)=500.0, Dist=368.0, Win Bonus=0.0
[2026-05-22 10:24:22] ALL WRONG MOVES BY COLOUR: {'red': ['1 (turn timeout)', '41 (turn timeout)', '116 (turn timeout)']}
[2026-05-22 10:24:24] MOVE 176: AlphaZeroClue (red) 82->15 [0.01ms]
[2026-05-22 10:24:24] SCORE AlphaZeroClue (red): Final=896.4, Time=41.3, Moves(33)=1.1, Pins(5)=500.0, Dist=354.0, Win Bonus=0.0
[2026-05-22 10:24:24] SCORE Gruppe 67 (blue): Final=945.2, Time=68.8, Moves(35)=4.4, Pins(5)=500.0, Dist=372.0, Win Bonus=0.0
[2026-05-22 10:24:24] SCORE Gruppe 2 (lawn green): Final=843.3, Time=86.9, Moves(35)=4.4, Pins(4)=400.0, Dist=352.0, Win Bonus=0.0
[2026-05-22 10:24:24] SCORE Gruppe 1 (gray0): Final=1047.5, Time=87.1, Moves(35)=4.4, Pins(6)=600.0, Dist=356.0, Win Bonus=0.0
[2026-05-22 10:24:24] SCORE The bandits (yellow): Final=963.9, Time=91.5, Moves(35)=4.4, Pins(5)=500.0, Dist=368.0, Win Bonus=0.0
[2026-05-22 10:24:24] ALL WRONG MOVES BY COLOUR: {'red': ['1 (turn timeout)', '41 (turn timeout)', '116 (turn timeout)']}
[2026-05-22 10:24:24] MOVE 177: Gruppe 2 (lawn green) 56->98 [0.01ms]
[2026-05-22 10:24:24] SCORE AlphaZeroClue (red): Final=896.4, Time=41.3, Moves(33)=1.1, Pins(5)=500.0, Dist=354.0, Win Bonus=0.0
[2026-05-22 10:24:24] SCORE Gruppe 67 (blue): Final=945.2, Time=68.8, Moves(35)=4.4, Pins(5)=500.0, Dist=372.0, Win Bonus=0.0
[2026-05-22 10:24:24] SCORE Gruppe 2 (lawn green): Final=948.4, Time=86.4, Moves(36)=8.0, Pins(5)=500.0, Dist=354.0, Win Bonus=0.0
[2026-05-22 10:24:24] SCORE Gruppe 1 (gray0): Final=1047.5, Time=87.1, Moves(35)=4.4, Pins(6)=600.0, Dist=356.0, Win Bonus=0.0
[2026-05-22 10:24:24] SCORE The bandits (yellow): Final=963.9, Time=91.5, Moves(35)=4.4, Pins(5)=500.0, Dist=368.0, Win Bonus=0.0
[2026-05-22 10:24:24] ALL WRONG MOVES BY COLOUR: {'red': ['1 (turn timeout)', '41 (turn timeout)', '116 (turn timeout)']}
[2026-05-22 10:24:24] MOVE 178: The bandits (yellow) 104->56 [0.01ms]
[2026-05-22 10:24:24] SCORE AlphaZeroClue (red): Final=896.4, Time=41.3, Moves(33)=1.1, Pins(5)=500.0, Dist=354.0, Win Bonus=0.0
[2026-05-22 10:24:24] SCORE Gruppe 67 (blue): Final=945.2, Time=68.8, Moves(35)=4.4, Pins(5)=500.0, Dist=372.0, Win Bonus=0.0
[2026-05-22 10:24:24] SCORE Gruppe 2 (lawn green): Final=948.4, Time=86.4, Moves(36)=8.0, Pins(5)=500.0, Dist=354.0, Win Bonus=0.0
[2026-05-22 10:24:24] SCORE Gruppe 1 (gray0): Final=1047.5, Time=87.1, Moves(35)=4.4, Pins(6)=600.0, Dist=356.0, Win Bonus=0.0
[2026-05-22 10:24:24] SCORE The bandits (yellow): Final=955.2, Time=91.3, Moves(36)=8.0, Pins(5)=500.0, Dist=356.0, Win Bonus=0.0
[2026-05-22 10:24:24] ALL WRONG MOVES BY COLOUR: {'red': ['1 (turn timeout)', '41 (turn timeout)', '116 (turn timeout)']}
[2026-05-22 10:24:25] MOVE 179: Gruppe 67 (blue) 74->84 [0.01ms]
[2026-05-22 10:24:25] SCORE AlphaZeroClue (red): Final=896.4, Time=41.3, Moves(33)=1.1, Pins(5)=500.0, Dist=354.0, Win Bonus=0.0
[2026-05-22 10:24:25] SCORE Gruppe 67 (blue): Final=949.8, Time=67.8, Moves(36)=8.0, Pins(5)=500.0, Dist=374.0, Win Bonus=0.0
[2026-05-22 10:24:25] SCORE Gruppe 2 (lawn green): Final=948.4, Time=86.4, Moves(36)=8.0, Pins(5)=500.0, Dist=354.0, Win Bonus=0.0
[2026-05-22 10:24:25] SCORE Gruppe 1 (gray0): Final=1047.5, Time=87.1, Moves(35)=4.4, Pins(6)=600.0, Dist=356.0, Win Bonus=0.0
[2026-05-22 10:24:25] SCORE The bandits (yellow): Final=955.2, Time=91.3, Moves(36)=8.0, Pins(5)=500.0, Dist=356.0, Win Bonus=0.0
[2026-05-22 10:24:25] ALL WRONG MOVES BY COLOUR: {'red': ['1 (turn timeout)', '41 (turn timeout)', '116 (turn timeout)']}
[2026-05-22 10:24:26] MOVE 180: Gruppe 1 (gray0) 71->55 [0.01ms]
[2026-05-22 10:24:26] SCORE AlphaZeroClue (red): Final=896.4, Time=41.3, Moves(33)=1.1, Pins(5)=500.0, Dist=354.0, Win Bonus=0.0
[2026-05-22 10:24:26] SCORE Gruppe 67 (blue): Final=949.8, Time=67.8, Moves(36)=8.0, Pins(5)=500.0, Dist=374.0, Win Bonus=0.0
[2026-05-22 10:24:26] SCORE Gruppe 2 (lawn green): Final=948.4, Time=86.4, Moves(36)=8.0, Pins(5)=500.0, Dist=354.0, Win Bonus=0.0
[2026-05-22 10:24:26] SCORE Gruppe 1 (gray0): Final=1158.5, Time=86.5, Moves(36)=8.0, Pins(7)=700.0, Dist=364.0, Win Bonus=0.0
[2026-05-22 10:24:26] SCORE The bandits (yellow): Final=955.2, Time=91.3, Moves(36)=8.0, Pins(5)=500.0, Dist=356.0, Win Bonus=0.0
[2026-05-22 10:24:26] ALL WRONG MOVES BY COLOUR: {'red': ['1 (turn timeout)', '41 (turn timeout)', '116 (turn timeout)']}
[2026-05-22 10:24:28] MOVE 181: AlphaZeroClue (red) 73->30 [0.01ms]
[2026-05-22 10:24:28] SCORE AlphaZeroClue (red): Final=903.8, Time=39.5, Moves(34)=2.3, Pins(5)=500.0, Dist=362.0, Win Bonus=0.0
[2026-05-22 10:24:28] SCORE Gruppe 67 (blue): Final=949.8, Time=67.8, Moves(36)=8.0, Pins(5)=500.0, Dist=374.0, Win Bonus=0.0
[2026-05-22 10:24:28] SCORE Gruppe 2 (lawn green): Final=948.4, Time=86.4, Moves(36)=8.0, Pins(5)=500.0, Dist=354.0, Win Bonus=0.0
[2026-05-22 10:24:28] SCORE Gruppe 1 (gray0): Final=1158.5, Time=86.5, Moves(36)=8.0, Pins(7)=700.0, Dist=364.0, Win Bonus=0.0
[2026-05-22 10:24:28] SCORE The bandits (yellow): Final=955.2, Time=91.3, Moves(36)=8.0, Pins(5)=500.0, Dist=356.0, Win Bonus=0.0
[2026-05-22 10:24:28] ALL WRONG MOVES BY COLOUR: {'red': ['1 (turn timeout)', '41 (turn timeout)', '116 (turn timeout)']}
[2026-05-22 10:24:28] MOVE 182: Gruppe 2 (lawn green) 48->57 [0.01ms]
[2026-05-22 10:24:28] SCORE AlphaZeroClue (red): Final=903.8, Time=39.5, Moves(34)=2.3, Pins(5)=500.0, Dist=362.0, Win Bonus=0.0
[2026-05-22 10:24:28] SCORE Gruppe 67 (blue): Final=949.8, Time=67.8, Moves(36)=8.0, Pins(5)=500.0, Dist=374.0, Win Bonus=0.0
[2026-05-22 10:24:28] SCORE Gruppe 2 (lawn green): Final=955.7, Time=86.2, Moves(37)=13.5, Pins(5)=500.0, Dist=356.0, Win Bonus=0.0
[2026-05-22 10:24:28] SCORE Gruppe 1 (gray0): Final=1158.5, Time=86.5, Moves(36)=8.0, Pins(7)=700.0, Dist=364.0, Win Bonus=0.0
[2026-05-22 10:24:28] SCORE The bandits (yellow): Final=955.2, Time=91.3, Moves(36)=8.0, Pins(5)=500.0, Dist=356.0, Win Bonus=0.0
[2026-05-22 10:24:28] ALL WRONG MOVES BY COLOUR: {'red': ['1 (turn timeout)', '41 (turn timeout)', '116 (turn timeout)']}
[2026-05-22 10:24:28] MOVE 183: The bandits (yellow) 56->60 [0.01ms]
[2026-05-22 10:24:28] SCORE AlphaZeroClue (red): Final=903.8, Time=39.5, Moves(34)=2.3, Pins(5)=500.0, Dist=362.0, Win Bonus=0.0
[2026-05-22 10:24:28] SCORE Gruppe 67 (blue): Final=949.8, Time=67.8, Moves(36)=8.0, Pins(5)=500.0, Dist=374.0, Win Bonus=0.0
[2026-05-22 10:24:28] SCORE Gruppe 2 (lawn green): Final=955.7, Time=86.2, Moves(37)=13.5, Pins(5)=500.0, Dist=356.0, Win Bonus=0.0
[2026-05-22 10:24:28] SCORE Gruppe 1 (gray0): Final=1158.5, Time=86.5, Moves(36)=8.0, Pins(7)=700.0, Dist=364.0, Win Bonus=0.0
[2026-05-22 10:24:28] SCORE The bandits (yellow): Final=968.6, Time=91.1, Moves(37)=13.5, Pins(5)=500.0, Dist=364.0, Win Bonus=0.0
[2026-05-22 10:24:28] ALL WRONG MOVES BY COLOUR: {'red': ['1 (turn timeout)', '41 (turn timeout)', '116 (turn timeout)']}
[2026-05-22 10:24:29] MOVE 184: Gruppe 67 (blue) 84->83 [0.01ms]
[2026-05-22 10:24:29] SCORE AlphaZeroClue (red): Final=903.8, Time=39.5, Moves(34)=2.3, Pins(5)=500.0, Dist=362.0, Win Bonus=0.0
[2026-05-22 10:24:29] SCORE Gruppe 67 (blue): Final=956.5, Time=66.9, Moves(37)=13.5, Pins(5)=500.0, Dist=376.0, Win Bonus=0.0
[2026-05-22 10:24:29] SCORE Gruppe 2 (lawn green): Final=955.7, Time=86.2, Moves(37)=13.5, Pins(5)=500.0, Dist=356.0, Win Bonus=0.0
[2026-05-22 10:24:29] SCORE Gruppe 1 (gray0): Final=1158.5, Time=86.5, Moves(36)=8.0, Pins(7)=700.0, Dist=364.0, Win Bonus=0.0
[2026-05-22 10:24:29] SCORE The bandits (yellow): Final=968.6, Time=91.1, Moves(37)=13.5, Pins(5)=500.0, Dist=364.0, Win Bonus=0.0
[2026-05-22 10:24:29] ALL WRONG MOVES BY COLOUR: {'red': ['1 (turn timeout)', '41 (turn timeout)', '116 (turn timeout)']}
[2026-05-22 10:24:29] MOVE 185: Gruppe 1 (gray0) 54->44 [0.01ms]
[2026-05-22 10:24:29] SCORE AlphaZeroClue (red): Final=903.8, Time=39.5, Moves(34)=2.3, Pins(5)=500.0, Dist=362.0, Win Bonus=0.0
[2026-05-22 10:24:29] SCORE Gruppe 67 (blue): Final=956.5, Time=66.9, Moves(37)=13.5, Pins(5)=500.0, Dist=376.0, Win Bonus=0.0
[2026-05-22 10:24:29] SCORE Gruppe 2 (lawn green): Final=955.7, Time=86.2, Moves(37)=13.5, Pins(5)=500.0, Dist=356.0, Win Bonus=0.0
[2026-05-22 10:24:29] SCORE Gruppe 1 (gray0): Final=1265.8, Time=86.3, Moves(37)=13.5, Pins(8)=800.0, Dist=366.0, Win Bonus=0.0
[2026-05-22 10:24:29] SCORE The bandits (yellow): Final=968.6, Time=91.1, Moves(37)=13.5, Pins(5)=500.0, Dist=364.0, Win Bonus=0.0
[2026-05-22 10:24:29] ALL WRONG MOVES BY COLOUR: {'red': ['1 (turn timeout)', '41 (turn timeout)', '116 (turn timeout)']}
[2026-05-22 10:24:31] MOVE 186: AlphaZeroClue (red) 1->2 [0.01ms]
[2026-05-22 10:24:31] SCORE AlphaZeroClue (red): Final=904.2, Time=37.8, Moves(35)=4.4, Pins(5)=500.0, Dist=362.0, Win Bonus=0.0
[2026-05-22 10:24:31] SCORE Gruppe 67 (blue): Final=956.5, Time=66.9, Moves(37)=13.5, Pins(5)=500.0, Dist=376.0, Win Bonus=0.0
[2026-05-22 10:24:31] SCORE Gruppe 2 (lawn green): Final=955.7, Time=86.2, Moves(37)=13.5, Pins(5)=500.0, Dist=356.0, Win Bonus=0.0
[2026-05-22 10:24:31] SCORE Gruppe 1 (gray0): Final=1265.8, Time=86.3, Moves(37)=13.5, Pins(8)=800.0, Dist=366.0, Win Bonus=0.0
[2026-05-22 10:24:31] SCORE The bandits (yellow): Final=968.6, Time=91.1, Moves(37)=13.5, Pins(5)=500.0, Dist=364.0, Win Bonus=0.0
[2026-05-22 10:24:31] ALL WRONG MOVES BY COLOUR: {'red': ['1 (turn timeout)', '41 (turn timeout)', '116 (turn timeout)']}
[2026-05-22 10:24:31] MOVE 187: Gruppe 2 (lawn green) 91->79 [0.01ms]
[2026-05-22 10:24:31] SCORE AlphaZeroClue (red): Final=904.2, Time=37.8, Moves(35)=4.4, Pins(5)=500.0, Dist=362.0, Win Bonus=0.0
[2026-05-22 10:24:31] SCORE Gruppe 67 (blue): Final=956.5, Time=66.9, Moves(37)=13.5, Pins(5)=500.0, Dist=376.0, Win Bonus=0.0
[2026-05-22 10:24:31] SCORE Gruppe 2 (lawn green): Final=963.5, Time=85.9, Moves(38)=21.6, Pins(5)=500.0, Dist=356.0, Win Bonus=0.0
[2026-05-22 10:24:31] SCORE Gruppe 1 (gray0): Final=1265.8, Time=86.3, Moves(37)=13.5, Pins(8)=800.0, Dist=366.0, Win Bonus=0.0
[2026-05-22 10:24:31] SCORE The bandits (yellow): Final=968.6, Time=91.1, Moves(37)=13.5, Pins(5)=500.0, Dist=364.0, Win Bonus=0.0
[2026-05-22 10:24:31] ALL WRONG MOVES BY COLOUR: {'red': ['1 (turn timeout)', '41 (turn timeout)', '116 (turn timeout)']}
[2026-05-22 10:24:32] MOVE 188: The bandits (yellow) 113->93 [0.01ms]
[2026-05-22 10:24:32] SCORE AlphaZeroClue (red): Final=904.2, Time=37.8, Moves(35)=4.4, Pins(5)=500.0, Dist=362.0, Win Bonus=0.0
[2026-05-22 10:24:32] SCORE Gruppe 67 (blue): Final=956.5, Time=66.9, Moves(37)=13.5, Pins(5)=500.0, Dist=376.0, Win Bonus=0.0
[2026-05-22 10:24:32] SCORE Gruppe 2 (lawn green): Final=963.5, Time=85.9, Moves(38)=21.6, Pins(5)=500.0, Dist=356.0, Win Bonus=0.0
[2026-05-22 10:24:32] SCORE Gruppe 1 (gray0): Final=1265.8, Time=86.3, Moves(37)=13.5, Pins(8)=800.0, Dist=366.0, Win Bonus=0.0
[2026-05-22 10:24:32] SCORE The bandits (yellow): Final=978.4, Time=90.8, Moves(38)=21.6, Pins(5)=500.0, Dist=366.0, Win Bonus=0.0
[2026-05-22 10:24:32] ALL WRONG MOVES BY COLOUR: {'red': ['1 (turn timeout)', '41 (turn timeout)', '116 (turn timeout)']}
[2026-05-22 10:24:33] MOVE 189: Gruppe 67 (blue) 105->114 [0.01ms]
[2026-05-22 10:24:33] SCORE AlphaZeroClue (red): Final=904.2, Time=37.8, Moves(35)=4.4, Pins(5)=500.0, Dist=362.0, Win Bonus=0.0
[2026-05-22 10:24:33] SCORE Gruppe 67 (blue): Final=1065.7, Time=66.1, Moves(38)=21.6, Pins(6)=600.0, Dist=378.0, Win Bonus=0.0
[2026-05-22 10:24:33] SCORE Gruppe 2 (lawn green): Final=963.5, Time=85.9, Moves(38)=21.6, Pins(5)=500.0, Dist=356.0, Win Bonus=0.0
[2026-05-22 10:24:33] SCORE Gruppe 1 (gray0): Final=1265.8, Time=86.3, Moves(37)=13.5, Pins(8)=800.0, Dist=366.0, Win Bonus=0.0
[2026-05-22 10:24:33] SCORE The bandits (yellow): Final=978.4, Time=90.8, Moves(38)=21.6, Pins(5)=500.0, Dist=366.0, Win Bonus=0.0
[2026-05-22 10:24:33] ALL WRONG MOVES BY COLOUR: {'red': ['1 (turn timeout)', '41 (turn timeout)', '116 (turn timeout)']}
[2026-05-22 10:24:33] MOVE 190: Gruppe 1 (gray0) 67->58 [0.01ms]
[2026-05-22 10:24:33] SCORE AlphaZeroClue (red): Final=904.2, Time=37.8, Moves(35)=4.4, Pins(5)=500.0, Dist=362.0, Win Bonus=0.0
[2026-05-22 10:24:33] SCORE Gruppe 67 (blue): Final=1065.7, Time=66.1, Moves(38)=21.6, Pins(6)=600.0, Dist=378.0, Win Bonus=0.0
[2026-05-22 10:24:33] SCORE Gruppe 2 (lawn green): Final=963.5, Time=85.9, Moves(38)=21.6, Pins(5)=500.0, Dist=356.0, Win Bonus=0.0
[2026-05-22 10:24:33] SCORE Gruppe 1 (gray0): Final=1275.8, Time=86.2, Moves(38)=21.6, Pins(8)=800.0, Dist=368.0, Win Bonus=0.0
[2026-05-22 10:24:33] SCORE The bandits (yellow): Final=978.4, Time=90.8, Moves(38)=21.6, Pins(5)=500.0, Dist=366.0, Win Bonus=0.0
[2026-05-22 10:24:33] ALL WRONG MOVES BY COLOUR: {'red': ['1 (turn timeout)', '41 (turn timeout)', '116 (turn timeout)']}
[2026-05-22 10:24:34] MOVE 191: AlphaZeroClue (red) 50->7 [0.01ms]
[2026-05-22 10:24:34] SCORE AlphaZeroClue (red): Final=1014.0, Time=36.0, Moves(36)=8.0, Pins(6)=600.0, Dist=370.0, Win Bonus=0.0
[2026-05-22 10:24:34] SCORE Gruppe 67 (blue): Final=1065.7, Time=66.1, Moves(38)=21.6, Pins(6)=600.0, Dist=378.0, Win Bonus=0.0
[2026-05-22 10:24:34] SCORE Gruppe 2 (lawn green): Final=963.5, Time=85.9, Moves(38)=21.6, Pins(5)=500.0, Dist=356.0, Win Bonus=0.0
[2026-05-22 10:24:34] SCORE Gruppe 1 (gray0): Final=1275.8, Time=86.2, Moves(38)=21.6, Pins(8)=800.0, Dist=368.0, Win Bonus=0.0
[2026-05-22 10:24:34] SCORE The bandits (yellow): Final=978.4, Time=90.8, Moves(38)=21.6, Pins(5)=500.0, Dist=366.0, Win Bonus=0.0
[2026-05-22 10:24:34] ALL WRONG MOVES BY COLOUR: {'red': ['1 (turn timeout)', '41 (turn timeout)', '116 (turn timeout)']}
[2026-05-22 10:24:35] MOVE 192: Gruppe 2 (lawn green) 75->87 [0.01ms]
[2026-05-22 10:24:35] SCORE AlphaZeroClue (red): Final=1014.0, Time=36.0, Moves(36)=8.0, Pins(6)=600.0, Dist=370.0, Win Bonus=0.0
[2026-05-22 10:24:35] SCORE Gruppe 67 (blue): Final=1065.7, Time=66.1, Moves(38)=21.6, Pins(6)=600.0, Dist=378.0, Win Bonus=0.0
[2026-05-22 10:24:35] SCORE Gruppe 2 (lawn green): Final=974.1, Time=85.7, Moves(39)=32.5, Pins(5)=500.0, Dist=356.0, Win Bonus=0.0
[2026-05-22 10:24:35] SCORE Gruppe 1 (gray0): Final=1275.8, Time=86.2, Moves(38)=21.6, Pins(8)=800.0, Dist=368.0, Win Bonus=0.0
[2026-05-22 10:24:35] SCORE The bandits (yellow): Final=978.4, Time=90.8, Moves(38)=21.6, Pins(5)=500.0, Dist=366.0, Win Bonus=0.0
[2026-05-22 10:24:35] ALL WRONG MOVES BY COLOUR: {'red': ['1 (turn timeout)', '41 (turn timeout)', '116 (turn timeout)']}
[2026-05-22 10:24:35] MOVE 193: The bandits (yellow) 51->61 [0.01ms]
[2026-05-22 10:24:35] SCORE AlphaZeroClue (red): Final=1014.0, Time=36.0, Moves(36)=8.0, Pins(6)=600.0, Dist=370.0, Win Bonus=0.0
[2026-05-22 10:24:35] SCORE Gruppe 67 (blue): Final=1065.7, Time=66.1, Moves(38)=21.6, Pins(6)=600.0, Dist=378.0, Win Bonus=0.0
[2026-05-22 10:24:35] SCORE Gruppe 2 (lawn green): Final=974.1, Time=85.7, Moves(39)=32.5, Pins(5)=500.0, Dist=356.0, Win Bonus=0.0
[2026-05-22 10:24:35] SCORE Gruppe 1 (gray0): Final=1275.8, Time=86.2, Moves(38)=21.6, Pins(8)=800.0, Dist=368.0, Win Bonus=0.0
[2026-05-22 10:24:35] SCORE The bandits (yellow): Final=990.9, Time=90.4, Moves(39)=32.5, Pins(5)=500.0, Dist=368.0, Win Bonus=0.0
[2026-05-22 10:24:35] ALL WRONG MOVES BY COLOUR: {'red': ['1 (turn timeout)', '41 (turn timeout)', '116 (turn timeout)']}
[2026-05-22 10:24:36] MOVE 194: Gruppe 67 (blue) 83->94 [0.01ms]
[2026-05-22 10:24:36] SCORE AlphaZeroClue (red): Final=1014.0, Time=36.0, Moves(36)=8.0, Pins(6)=600.0, Dist=370.0, Win Bonus=0.0
[2026-05-22 10:24:36] SCORE Gruppe 67 (blue): Final=1077.6, Time=65.1, Moves(39)=32.5, Pins(6)=600.0, Dist=380.0, Win Bonus=0.0
[2026-05-22 10:24:36] SCORE Gruppe 2 (lawn green): Final=974.1, Time=85.7, Moves(39)=32.5, Pins(5)=500.0, Dist=356.0, Win Bonus=0.0
[2026-05-22 10:24:36] SCORE Gruppe 1 (gray0): Final=1275.8, Time=86.2, Moves(38)=21.6, Pins(8)=800.0, Dist=368.0, Win Bonus=0.0
[2026-05-22 10:24:36] SCORE The bandits (yellow): Final=990.9, Time=90.4, Moves(39)=32.5, Pins(5)=500.0, Dist=368.0, Win Bonus=0.0
[2026-05-22 10:24:36] ALL WRONG MOVES BY COLOUR: {'red': ['1 (turn timeout)', '41 (turn timeout)', '116 (turn timeout)']}
[2026-05-22 10:24:36] MOVE 195: Gruppe 1 (gray0) 89->78 [0.01ms]
[2026-05-22 10:24:36] SCORE AlphaZeroClue (red): Final=1014.0, Time=36.0, Moves(36)=8.0, Pins(6)=600.0, Dist=370.0, Win Bonus=0.0
[2026-05-22 10:24:36] SCORE Gruppe 67 (blue): Final=1077.6, Time=65.1, Moves(39)=32.5, Pins(6)=600.0, Dist=380.0, Win Bonus=0.0
[2026-05-22 10:24:36] SCORE Gruppe 2 (lawn green): Final=974.1, Time=85.7, Moves(39)=32.5, Pins(5)=500.0, Dist=356.0, Win Bonus=0.0
[2026-05-22 10:24:36] SCORE Gruppe 1 (gray0): Final=1288.5, Time=86.1, Moves(39)=32.5, Pins(8)=800.0, Dist=370.0, Win Bonus=0.0
[2026-05-22 10:24:36] SCORE The bandits (yellow): Final=990.9, Time=90.4, Moves(39)=32.5, Pins(5)=500.0, Dist=368.0, Win Bonus=0.0
[2026-05-22 10:24:36] ALL WRONG MOVES BY COLOUR: {'red': ['1 (turn timeout)', '41 (turn timeout)', '116 (turn timeout)']}
[2026-05-22 10:24:38] MOVE 196: AlphaZeroClue (red) 69->49 [0.01ms]
[2026-05-22 10:24:38] SCORE AlphaZeroClue (red): Final=1021.9, Time=34.4, Moves(37)=13.5, Pins(6)=600.0, Dist=374.0, Win Bonus=0.0
[2026-05-22 10:24:38] SCORE Gruppe 67 (blue): Final=1077.6, Time=65.1, Moves(39)=32.5, Pins(6)=600.0, Dist=380.0, Win Bonus=0.0
[2026-05-22 10:24:38] SCORE Gruppe 2 (lawn green): Final=974.1, Time=85.7, Moves(39)=32.5, Pins(5)=500.0, Dist=356.0, Win Bonus=0.0
[2026-05-22 10:24:38] SCORE Gruppe 1 (gray0): Final=1288.5, Time=86.1, Moves(39)=32.5, Pins(8)=800.0, Dist=370.0, Win Bonus=0.0
[2026-05-22 10:24:38] SCORE The bandits (yellow): Final=990.9, Time=90.4, Moves(39)=32.5, Pins(5)=500.0, Dist=368.0, Win Bonus=0.0
[2026-05-22 10:24:38] ALL WRONG MOVES BY COLOUR: {'red': ['1 (turn timeout)', '41 (turn timeout)', '116 (turn timeout)']}
[2026-05-22 10:24:38] MOVE 197: Gruppe 2 (lawn green) 79->100 [0.01ms]
[2026-05-22 10:24:38] SCORE AlphaZeroClue (red): Final=1021.9, Time=34.4, Moves(37)=13.5, Pins(6)=600.0, Dist=374.0, Win Bonus=0.0
[2026-05-22 10:24:38] SCORE Gruppe 67 (blue): Final=1077.6, Time=65.1, Moves(39)=32.5, Pins(6)=600.0, Dist=380.0, Win Bonus=0.0
[2026-05-22 10:24:38] SCORE Gruppe 2 (lawn green): Final=1093.2, Time=85.4, Moves(40)=45.8, Pins(6)=600.0, Dist=362.0, Win Bonus=0.0
[2026-05-22 10:24:38] SCORE Gruppe 1 (gray0): Final=1288.5, Time=86.1, Moves(39)=32.5, Pins(8)=800.0, Dist=370.0, Win Bonus=0.0
[2026-05-22 10:24:38] SCORE The bandits (yellow): Final=990.9, Time=90.4, Moves(39)=32.5, Pins(5)=500.0, Dist=368.0, Win Bonus=0.0
[2026-05-22 10:24:38] ALL WRONG MOVES BY COLOUR: {'red': ['1 (turn timeout)', '41 (turn timeout)', '116 (turn timeout)']}
[2026-05-22 10:24:38] MOVE 198: The bandits (yellow) 62->108 [0.01ms]
[2026-05-22 10:24:38] SCORE AlphaZeroClue (red): Final=1021.9, Time=34.4, Moves(37)=13.5, Pins(6)=600.0, Dist=374.0, Win Bonus=0.0
[2026-05-22 10:24:38] SCORE Gruppe 67 (blue): Final=1077.6, Time=65.1, Moves(39)=32.5, Pins(6)=600.0, Dist=380.0, Win Bonus=0.0
[2026-05-22 10:24:38] SCORE Gruppe 2 (lawn green): Final=1093.2, Time=85.4, Moves(40)=45.8, Pins(6)=600.0, Dist=362.0, Win Bonus=0.0
[2026-05-22 10:24:38] SCORE Gruppe 1 (gray0): Final=1288.5, Time=86.1, Moves(39)=32.5, Pins(8)=800.0, Dist=370.0, Win Bonus=0.0
[2026-05-22 10:24:38] SCORE The bandits (yellow): Final=1109.9, Time=90.1, Moves(40)=45.8, Pins(6)=600.0, Dist=374.0, Win Bonus=0.0
[2026-05-22 10:24:38] ALL WRONG MOVES BY COLOUR: {'red': ['1 (turn timeout)', '41 (turn timeout)', '116 (turn timeout)']}
[2026-05-22 10:24:39] MOVE 199: Gruppe 67 (blue) 46->56 [0.01ms]
[2026-05-22 10:24:39] SCORE AlphaZeroClue (red): Final=1021.9, Time=34.4, Moves(37)=13.5, Pins(6)=600.0, Dist=374.0, Win Bonus=0.0
[2026-05-22 10:24:39] SCORE Gruppe 67 (blue): Final=1092.0, Time=64.3, Moves(40)=45.8, Pins(6)=600.0, Dist=382.0, Win Bonus=0.0
[2026-05-22 10:24:39] SCORE Gruppe 2 (lawn green): Final=1093.2, Time=85.4, Moves(40)=45.8, Pins(6)=600.0, Dist=362.0, Win Bonus=0.0
[2026-05-22 10:24:39] SCORE Gruppe 1 (gray0): Final=1288.5, Time=86.1, Moves(39)=32.5, Pins(8)=800.0, Dist=370.0, Win Bonus=0.0
[2026-05-22 10:24:39] SCORE The bandits (yellow): Final=1109.9, Time=90.1, Moves(40)=45.8, Pins(6)=600.0, Dist=374.0, Win Bonus=0.0
[2026-05-22 10:24:39] ALL WRONG MOVES BY COLOUR: {'red': ['1 (turn timeout)', '41 (turn timeout)', '116 (turn timeout)']}
[2026-05-22 10:24:39] MOVE 200: Gruppe 1 (gray0) 58->16 [0.00ms]
[2026-05-22 10:24:39] SCORE AlphaZeroClue (red): Final=1021.9, Time=34.4, Moves(37)=13.5, Pins(6)=600.0, Dist=374.0, Win Bonus=0.0
[2026-05-22 10:24:39] SCORE Gruppe 67 (blue): Final=1092.0, Time=64.3, Moves(40)=45.8, Pins(6)=600.0, Dist=382.0, Win Bonus=0.0
[2026-05-22 10:24:39] SCORE Gruppe 2 (lawn green): Final=1093.2, Time=85.4, Moves(40)=45.8, Pins(6)=600.0, Dist=362.0, Win Bonus=0.0
[2026-05-22 10:24:39] SCORE Gruppe 1 (gray0): Final=1309.6, Time=85.8, Moves(40)=45.8, Pins(8)=800.0, Dist=378.0, Win Bonus=0.0
[2026-05-22 10:24:39] SCORE The bandits (yellow): Final=1109.9, Time=90.1, Moves(40)=45.8, Pins(6)=600.0, Dist=374.0, Win Bonus=0.0
[2026-05-22 10:24:39] ALL WRONG MOVES BY COLOUR: {'red': ['1 (turn timeout)', '41 (turn timeout)', '116 (turn timeout)']}
[2026-05-22 10:24:41] MOVE 201: AlphaZeroClue (red) 66->29 [0.01ms]
[2026-05-22 10:24:41] SCORE AlphaZeroClue (red): Final=1036.3, Time=32.7, Moves(38)=21.6, Pins(6)=600.0, Dist=382.0, Win Bonus=0.0
[2026-05-22 10:24:41] SCORE Gruppe 67 (blue): Final=1092.0, Time=64.3, Moves(40)=45.8, Pins(6)=600.0, Dist=382.0, Win Bonus=0.0
[2026-05-22 10:24:41] SCORE Gruppe 2 (lawn green): Final=1093.2, Time=85.4, Moves(40)=45.8, Pins(6)=600.0, Dist=362.0, Win Bonus=0.0
[2026-05-22 10:24:41] SCORE Gruppe 1 (gray0): Final=1309.6, Time=85.8, Moves(40)=45.8, Pins(8)=800.0, Dist=378.0, Win Bonus=0.0
[2026-05-22 10:24:41] SCORE The bandits (yellow): Final=1109.9, Time=90.1, Moves(40)=45.8, Pins(6)=600.0, Dist=374.0, Win Bonus=0.0
[2026-05-22 10:24:41] ALL WRONG MOVES BY COLOUR: {'red': ['1 (turn timeout)', '41 (turn timeout)', '116 (turn timeout)']}
[2026-05-22 10:24:41] MOVE 202: Gruppe 2 (lawn green) 42->40 [0.01ms]
[2026-05-22 10:24:41] SCORE AlphaZeroClue (red): Final=1036.3, Time=32.7, Moves(38)=21.6, Pins(6)=600.0, Dist=382.0, Win Bonus=0.0
[2026-05-22 10:24:41] SCORE Gruppe 67 (blue): Final=1092.0, Time=64.3, Moves(40)=45.8, Pins(6)=600.0, Dist=382.0, Win Bonus=0.0
[2026-05-22 10:24:41] SCORE Gruppe 2 (lawn green): Final=1111.8, Time=85.2, Moves(41)=60.7, Pins(6)=600.0, Dist=366.0, Win Bonus=0.0
[2026-05-22 10:24:41] SCORE Gruppe 1 (gray0): Final=1309.6, Time=85.8, Moves(40)=45.8, Pins(8)=800.0, Dist=378.0, Win Bonus=0.0
[2026-05-22 10:24:41] SCORE The bandits (yellow): Final=1109.9, Time=90.1, Moves(40)=45.8, Pins(6)=600.0, Dist=374.0, Win Bonus=0.0
[2026-05-22 10:24:41] ALL WRONG MOVES BY COLOUR: {'red': ['1 (turn timeout)', '41 (turn timeout)', '116 (turn timeout)']}
[2026-05-22 10:24:42] MOVE 203: The bandits (yellow) 60->83 [0.01ms]
[2026-05-22 10:24:42] SCORE AlphaZeroClue (red): Final=1036.3, Time=32.7, Moves(38)=21.6, Pins(6)=600.0, Dist=382.0, Win Bonus=0.0
[2026-05-22 10:24:42] SCORE Gruppe 67 (blue): Final=1092.0, Time=64.3, Moves(40)=45.8, Pins(6)=600.0, Dist=382.0, Win Bonus=0.0
[2026-05-22 10:24:42] SCORE Gruppe 2 (lawn green): Final=1111.8, Time=85.2, Moves(41)=60.7, Pins(6)=600.0, Dist=366.0, Win Bonus=0.0
[2026-05-22 10:24:42] SCORE Gruppe 1 (gray0): Final=1309.6, Time=85.8, Moves(40)=45.8, Pins(8)=800.0, Dist=378.0, Win Bonus=0.0
[2026-05-22 10:24:42] SCORE The bandits (yellow): Final=1132.5, Time=89.8, Moves(41)=60.7, Pins(6)=600.0, Dist=382.0, Win Bonus=0.0
[2026-05-22 10:24:42] ALL WRONG MOVES BY COLOUR: {'red': ['1 (turn timeout)', '41 (turn timeout)', '116 (turn timeout)']}
[2026-05-22 10:24:43] MOVE 204: Gruppe 67 (blue) 56->79 [0.01ms]
[2026-05-22 10:24:43] SCORE AlphaZeroClue (red): Final=1036.3, Time=32.7, Moves(38)=21.6, Pins(6)=600.0, Dist=382.0, Win Bonus=0.0
[2026-05-22 10:24:43] SCORE Gruppe 67 (blue): Final=1110.0, Time=63.3, Moves(41)=60.7, Pins(6)=600.0, Dist=386.0, Win Bonus=0.0
[2026-05-22 10:24:43] SCORE Gruppe 2 (lawn green): Final=1111.8, Time=85.2, Moves(41)=60.7, Pins(6)=600.0, Dist=366.0, Win Bonus=0.0
[2026-05-22 10:24:43] SCORE Gruppe 1 (gray0): Final=1309.6, Time=85.8, Moves(40)=45.8, Pins(8)=800.0, Dist=378.0, Win Bonus=0.0
[2026-05-22 10:24:43] SCORE The bandits (yellow): Final=1132.5, Time=89.8, Moves(41)=60.7, Pins(6)=600.0, Dist=382.0, Win Bonus=0.0
[2026-05-22 10:24:43] ALL WRONG MOVES BY COLOUR: {'red': ['1 (turn timeout)', '41 (turn timeout)', '116 (turn timeout)']}
[2026-05-22 10:24:43] MOVE 205: Gruppe 1 (gray0) 16->20 [0.01ms]
[2026-05-22 10:24:43] SCORE AlphaZeroClue (red): Final=1036.3, Time=32.7, Moves(38)=21.6, Pins(6)=600.0, Dist=382.0, Win Bonus=0.0
[2026-05-22 10:24:43] SCORE Gruppe 67 (blue): Final=1110.0, Time=63.3, Moves(41)=60.7, Pins(6)=600.0, Dist=386.0, Win Bonus=0.0
[2026-05-22 10:24:43] SCORE Gruppe 2 (lawn green): Final=1111.8, Time=85.2, Moves(41)=60.7, Pins(6)=600.0, Dist=366.0, Win Bonus=0.0
[2026-05-22 10:24:43] SCORE Gruppe 1 (gray0): Final=1430.3, Time=85.7, Moves(41)=60.7, Pins(9)=900.0, Dist=384.0, Win Bonus=0.0
[2026-05-22 10:24:43] SCORE The bandits (yellow): Final=1132.5, Time=89.8, Moves(41)=60.7, Pins(6)=600.0, Dist=382.0, Win Bonus=0.0
[2026-05-22 10:24:43] ALL WRONG MOVES BY COLOUR: {'red': ['1 (turn timeout)', '41 (turn timeout)', '116 (turn timeout)']}
[2026-05-22 10:24:44] MOVE 206: AlphaZeroClue (red) 49->38 [0.01ms]
[2026-05-22 10:24:44] SCORE AlphaZeroClue (red): Final=1047.4, Time=30.9, Moves(39)=32.5, Pins(6)=600.0, Dist=384.0, Win Bonus=0.0
[2026-05-22 10:24:44] SCORE Gruppe 67 (blue): Final=1110.0, Time=63.3, Moves(41)=60.7, Pins(6)=600.0, Dist=386.0, Win Bonus=0.0
[2026-05-22 10:24:44] SCORE Gruppe 2 (lawn green): Final=1111.8, Time=85.2, Moves(41)=60.7, Pins(6)=600.0, Dist=366.0, Win Bonus=0.0
[2026-05-22 10:24:44] SCORE Gruppe 1 (gray0): Final=1430.3, Time=85.7, Moves(41)=60.7, Pins(9)=900.0, Dist=384.0, Win Bonus=0.0
[2026-05-22 10:24:44] SCORE The bandits (yellow): Final=1132.5, Time=89.8, Moves(41)=60.7, Pins(6)=600.0, Dist=382.0, Win Bonus=0.0
[2026-05-22 10:24:44] ALL WRONG MOVES BY COLOUR: {'red': ['1 (turn timeout)', '41 (turn timeout)', '116 (turn timeout)']}
[2026-05-22 10:24:45] MOVE 207: Gruppe 2 (lawn green) 68->89 [0.01ms]
[2026-05-22 10:24:45] SCORE AlphaZeroClue (red): Final=1047.4, Time=30.9, Moves(39)=32.5, Pins(6)=600.0, Dist=384.0, Win Bonus=0.0
[2026-05-22 10:24:45] SCORE Gruppe 67 (blue): Final=1110.0, Time=63.3, Moves(41)=60.7, Pins(6)=600.0, Dist=386.0, Win Bonus=0.0
[2026-05-22 10:24:45] SCORE Gruppe 2 (lawn green): Final=1130.2, Time=84.8, Moves(42)=75.5, Pins(6)=600.0, Dist=370.0, Win Bonus=0.0
[2026-05-22 10:24:45] SCORE Gruppe 1 (gray0): Final=1430.3, Time=85.7, Moves(41)=60.7, Pins(9)=900.0, Dist=384.0, Win Bonus=0.0
[2026-05-22 10:24:45] SCORE The bandits (yellow): Final=1132.5, Time=89.8, Moves(41)=60.7, Pins(6)=600.0, Dist=382.0, Win Bonus=0.0
[2026-05-22 10:24:45] ALL WRONG MOVES BY COLOUR: {'red': ['1 (turn timeout)', '41 (turn timeout)', '116 (turn timeout)']}
[2026-05-22 10:24:45] MOVE 208: The bandits (yellow) 83->84 [0.00ms]
[2026-05-22 10:24:45] SCORE AlphaZeroClue (red): Final=1047.4, Time=30.9, Moves(39)=32.5, Pins(6)=600.0, Dist=384.0, Win Bonus=0.0
[2026-05-22 10:24:45] SCORE Gruppe 67 (blue): Final=1110.0, Time=63.3, Moves(41)=60.7, Pins(6)=600.0, Dist=386.0, Win Bonus=0.0
[2026-05-22 10:24:45] SCORE Gruppe 2 (lawn green): Final=1130.2, Time=84.8, Moves(42)=75.5, Pins(6)=600.0, Dist=370.0, Win Bonus=0.0
[2026-05-22 10:24:45] SCORE Gruppe 1 (gray0): Final=1430.3, Time=85.7, Moves(41)=60.7, Pins(9)=900.0, Dist=384.0, Win Bonus=0.0
[2026-05-22 10:24:45] SCORE The bandits (yellow): Final=1248.8, Time=89.4, Moves(42)=75.5, Pins(7)=700.0, Dist=384.0, Win Bonus=0.0
[2026-05-22 10:24:45] ALL WRONG MOVES BY COLOUR: {'red': ['1 (turn timeout)', '41 (turn timeout)', '116 (turn timeout)']}
[2026-05-22 10:24:46] MOVE 209: Gruppe 67 (blue) 79->104 [0.01ms]
[2026-05-22 10:24:46] SCORE AlphaZeroClue (red): Final=1047.4, Time=30.9, Moves(39)=32.5, Pins(6)=600.0, Dist=384.0, Win Bonus=0.0
[2026-05-22 10:24:46] SCORE Gruppe 67 (blue): Final=1127.9, Time=62.4, Moves(42)=75.5, Pins(6)=600.0, Dist=390.0, Win Bonus=0.0
[2026-05-22 10:24:46] SCORE Gruppe 2 (lawn green): Final=1130.2, Time=84.8, Moves(42)=75.5, Pins(6)=600.0, Dist=370.0, Win Bonus=0.0
[2026-05-22 10:24:46] SCORE Gruppe 1 (gray0): Final=1430.3, Time=85.7, Moves(41)=60.7, Pins(9)=900.0, Dist=384.0, Win Bonus=0.0
[2026-05-22 10:24:46] SCORE The bandits (yellow): Final=1248.8, Time=89.4, Moves(42)=75.5, Pins(7)=700.0, Dist=384.0, Win Bonus=0.0
[2026-05-22 10:24:46] ALL WRONG MOVES BY COLOUR: {'red': ['1 (turn timeout)', '41 (turn timeout)', '116 (turn timeout)']}
[2026-05-22 10:24:47] MOVE 210: Gruppe 1 (gray0) 78->68 [0.01ms]
[2026-05-22 10:24:47] SCORE AlphaZeroClue (red): Final=1047.4, Time=30.9, Moves(39)=32.5, Pins(6)=600.0, Dist=384.0, Win Bonus=0.0
[2026-05-22 10:24:47] SCORE Gruppe 67 (blue): Final=1127.9, Time=62.4, Moves(42)=75.5, Pins(6)=600.0, Dist=390.0, Win Bonus=0.0
[2026-05-22 10:24:47] SCORE Gruppe 2 (lawn green): Final=1130.2, Time=84.8, Moves(42)=75.5, Pins(6)=600.0, Dist=370.0, Win Bonus=0.0
[2026-05-22 10:24:47] SCORE Gruppe 1 (gray0): Final=1446.6, Time=85.1, Moves(42)=75.5, Pins(9)=900.0, Dist=386.0, Win Bonus=0.0
[2026-05-22 10:24:47] SCORE The bandits (yellow): Final=1248.8, Time=89.4, Moves(42)=75.5, Pins(7)=700.0, Dist=384.0, Win Bonus=0.0
[2026-05-22 10:24:47] ALL WRONG MOVES BY COLOUR: {'red': ['1 (turn timeout)', '41 (turn timeout)', '116 (turn timeout)']}
[2026-05-22 10:24:49] MOVE 211: AlphaZeroClue (red) 38->26 [0.01ms]
[2026-05-22 10:24:49] SCORE AlphaZeroClue (red): Final=1060.7, Time=29.0, Moves(40)=45.8, Pins(6)=600.0, Dist=386.0, Win Bonus=0.0
[2026-05-22 10:24:49] SCORE Gruppe 67 (blue): Final=1127.9, Time=62.4, Moves(42)=75.5, Pins(6)=600.0, Dist=390.0, Win Bonus=0.0
[2026-05-22 10:24:49] SCORE Gruppe 2 (lawn green): Final=1130.2, Time=84.8, Moves(42)=75.5, Pins(6)=600.0, Dist=370.0, Win Bonus=0.0
[2026-05-22 10:24:49] SCORE Gruppe 1 (gray0): Final=1446.6, Time=85.1, Moves(42)=75.5, Pins(9)=900.0, Dist=386.0, Win Bonus=0.0
[2026-05-22 10:24:49] SCORE The bandits (yellow): Final=1248.8, Time=89.4, Moves(42)=75.5, Pins(7)=700.0, Dist=384.0, Win Bonus=0.0
[2026-05-22 10:24:49] ALL WRONG MOVES BY COLOUR: {'red': ['1 (turn timeout)', '41 (turn timeout)', '116 (turn timeout)']}
[2026-05-22 10:24:49] MOVE 212: Gruppe 2 (lawn green) 89->88 [0.01ms]
[2026-05-22 10:24:49] SCORE AlphaZeroClue (red): Final=1060.7, Time=29.0, Moves(40)=45.8, Pins(6)=600.0, Dist=386.0, Win Bonus=0.0
[2026-05-22 10:24:49] SCORE Gruppe 67 (blue): Final=1127.9, Time=62.4, Moves(42)=75.5, Pins(6)=600.0, Dist=390.0, Win Bonus=0.0
[2026-05-22 10:24:49] SCORE Gruppe 2 (lawn green): Final=1244.8, Time=84.6, Moves(43)=88.2, Pins(7)=700.0, Dist=372.0, Win Bonus=0.0
[2026-05-22 10:24:49] SCORE Gruppe 1 (gray0): Final=1446.6, Time=85.1, Moves(42)=75.5, Pins(9)=900.0, Dist=386.0, Win Bonus=0.0
[2026-05-22 10:24:49] SCORE The bandits (yellow): Final=1248.8, Time=89.4, Moves(42)=75.5, Pins(7)=700.0, Dist=384.0, Win Bonus=0.0
[2026-05-22 10:24:49] ALL WRONG MOVES BY COLOUR: {'red': ['1 (turn timeout)', '41 (turn timeout)', '116 (turn timeout)']}
[2026-05-22 10:24:49] MOVE 213: The bandits (yellow) 61->71 [0.00ms]
[2026-05-22 10:24:49] SCORE AlphaZeroClue (red): Final=1060.7, Time=29.0, Moves(40)=45.8, Pins(6)=600.0, Dist=386.0, Win Bonus=0.0
[2026-05-22 10:24:49] SCORE Gruppe 67 (blue): Final=1127.9, Time=62.4, Moves(42)=75.5, Pins(6)=600.0, Dist=390.0, Win Bonus=0.0
[2026-05-22 10:24:49] SCORE Gruppe 2 (lawn green): Final=1244.8, Time=84.6, Moves(43)=88.2, Pins(7)=700.0, Dist=372.0, Win Bonus=0.0
[2026-05-22 10:24:49] SCORE Gruppe 1 (gray0): Final=1446.6, Time=85.1, Moves(42)=75.5, Pins(9)=900.0, Dist=386.0, Win Bonus=0.0
[2026-05-22 10:24:49] SCORE The bandits (yellow): Final=1263.5, Time=89.3, Moves(43)=88.2, Pins(7)=700.0, Dist=386.0, Win Bonus=0.0
[2026-05-22 10:24:49] ALL WRONG MOVES BY COLOUR: {'red': ['1 (turn timeout)', '41 (turn timeout)', '116 (turn timeout)']}
[2026-05-22 10:24:50] MOVE 214: Gruppe 67 (blue) 104->113 [0.01ms]
[2026-05-22 10:24:50] SCORE AlphaZeroClue (red): Final=1060.7, Time=29.0, Moves(40)=45.8, Pins(6)=600.0, Dist=386.0, Win Bonus=0.0
[2026-05-22 10:24:50] SCORE Gruppe 67 (blue): Final=1241.7, Time=61.5, Moves(43)=88.2, Pins(7)=700.0, Dist=392.0, Win Bonus=0.0
[2026-05-22 10:24:50] SCORE Gruppe 2 (lawn green): Final=1244.8, Time=84.6, Moves(43)=88.2, Pins(7)=700.0, Dist=372.0, Win Bonus=0.0
[2026-05-22 10:24:50] SCORE Gruppe 1 (gray0): Final=1446.6, Time=85.1, Moves(42)=75.5, Pins(9)=900.0, Dist=386.0, Win Bonus=0.0
[2026-05-22 10:24:50] SCORE The bandits (yellow): Final=1263.5, Time=89.3, Moves(43)=88.2, Pins(7)=700.0, Dist=386.0, Win Bonus=0.0
[2026-05-22 10:24:50] ALL WRONG MOVES BY COLOUR: {'red': ['1 (turn timeout)', '41 (turn timeout)', '116 (turn timeout)']}
[2026-05-22 10:24:50] MOVE 215: Gruppe 1 (gray0) 68->59 [0.01ms]
[2026-05-22 10:24:50] SCORE AlphaZeroClue (red): Final=1060.7, Time=29.0, Moves(40)=45.8, Pins(6)=600.0, Dist=386.0, Win Bonus=0.0
[2026-05-22 10:24:50] SCORE Gruppe 67 (blue): Final=1241.7, Time=61.5, Moves(43)=88.2, Pins(7)=700.0, Dist=392.0, Win Bonus=0.0
[2026-05-22 10:24:50] SCORE Gruppe 2 (lawn green): Final=1244.8, Time=84.6, Moves(43)=88.2, Pins(7)=700.0, Dist=372.0, Win Bonus=0.0
[2026-05-22 10:24:50] SCORE Gruppe 1 (gray0): Final=1461.0, Time=84.8, Moves(43)=88.2, Pins(9)=900.0, Dist=388.0, Win Bonus=0.0
[2026-05-22 10:24:50] SCORE The bandits (yellow): Final=1263.5, Time=89.3, Moves(43)=88.2, Pins(7)=700.0, Dist=386.0, Win Bonus=0.0
[2026-05-22 10:24:50] ALL WRONG MOVES BY COLOUR: {'red': ['1 (turn timeout)', '41 (turn timeout)', '116 (turn timeout)']}
[2026-05-22 10:24:52] MOVE 216: AlphaZeroClue (red) 15->4 [0.01ms]
[2026-05-22 10:24:52] SCORE AlphaZeroClue (red): Final=1175.8, Time=27.2, Moves(41)=60.7, Pins(7)=700.0, Dist=388.0, Win Bonus=0.0
[2026-05-22 10:24:52] SCORE Gruppe 67 (blue): Final=1241.7, Time=61.5, Moves(43)=88.2, Pins(7)=700.0, Dist=392.0, Win Bonus=0.0
[2026-05-22 10:24:52] SCORE Gruppe 2 (lawn green): Final=1244.8, Time=84.6, Moves(43)=88.2, Pins(7)=700.0, Dist=372.0, Win Bonus=0.0
[2026-05-22 10:24:52] SCORE Gruppe 1 (gray0): Final=1461.0, Time=84.8, Moves(43)=88.2, Pins(9)=900.0, Dist=388.0, Win Bonus=0.0
[2026-05-22 10:24:52] SCORE The bandits (yellow): Final=1263.5, Time=89.3, Moves(43)=88.2, Pins(7)=700.0, Dist=386.0, Win Bonus=0.0
[2026-05-22 10:24:52] ALL WRONG MOVES BY COLOUR: {'red': ['1 (turn timeout)', '41 (turn timeout)', '116 (turn timeout)']}
[2026-05-22 10:24:52] MOVE 217: Gruppe 2 (lawn green) 28->27 [0.01ms]
[2026-05-22 10:24:52] SCORE AlphaZeroClue (red): Final=1175.8, Time=27.2, Moves(41)=60.7, Pins(7)=700.0, Dist=388.0, Win Bonus=0.0
[2026-05-22 10:24:52] SCORE Gruppe 67 (blue): Final=1241.7, Time=61.5, Moves(43)=88.2, Pins(7)=700.0, Dist=392.0, Win Bonus=0.0
[2026-05-22 10:24:52] SCORE Gruppe 2 (lawn green): Final=1255.2, Time=84.3, Moves(44)=96.9, Pins(7)=700.0, Dist=374.0, Win Bonus=0.0
[2026-05-22 10:24:52] SCORE Gruppe 1 (gray0): Final=1461.0, Time=84.8, Moves(43)=88.2, Pins(9)=900.0, Dist=388.0, Win Bonus=0.0
[2026-05-22 10:24:52] SCORE The bandits (yellow): Final=1263.5, Time=89.3, Moves(43)=88.2, Pins(7)=700.0, Dist=386.0, Win Bonus=0.0
[2026-05-22 10:24:52] ALL WRONG MOVES BY COLOUR: {'red': ['1 (turn timeout)', '41 (turn timeout)', '116 (turn timeout)']}
[2026-05-22 10:24:53] MOVE 218: The bandits (yellow) 71->96 [0.01ms]
[2026-05-22 10:24:53] SCORE AlphaZeroClue (red): Final=1175.8, Time=27.2, Moves(41)=60.7, Pins(7)=700.0, Dist=388.0, Win Bonus=0.0
[2026-05-22 10:24:53] SCORE Gruppe 67 (blue): Final=1241.7, Time=61.5, Moves(43)=88.2, Pins(7)=700.0, Dist=392.0, Win Bonus=0.0
[2026-05-22 10:24:53] SCORE Gruppe 2 (lawn green): Final=1255.2, Time=84.3, Moves(44)=96.9, Pins(7)=700.0, Dist=374.0, Win Bonus=0.0
[2026-05-22 10:24:53] SCORE Gruppe 1 (gray0): Final=1461.0, Time=84.8, Moves(43)=88.2, Pins(9)=900.0, Dist=388.0, Win Bonus=0.0
[2026-05-22 10:24:53] SCORE The bandits (yellow): Final=1377.9, Time=88.9, Moves(44)=96.9, Pins(8)=800.0, Dist=392.0, Win Bonus=0.0
[2026-05-22 10:24:53] ALL WRONG MOVES BY COLOUR: {'red': ['1 (turn timeout)', '41 (turn timeout)', '116 (turn timeout)']}
[2026-05-22 10:24:54] MOVE 219: Gruppe 67 (blue) 116->119 [0.01ms]
[2026-05-22 10:24:54] SCORE AlphaZeroClue (red): Final=1175.8, Time=27.2, Moves(41)=60.7, Pins(7)=700.0, Dist=388.0, Win Bonus=0.0
[2026-05-22 10:24:54] SCORE Gruppe 67 (blue): Final=1249.6, Time=60.7, Moves(44)=96.9, Pins(7)=700.0, Dist=392.0, Win Bonus=0.0
[2026-05-22 10:24:54] SCORE Gruppe 2 (lawn green): Final=1255.2, Time=84.3, Moves(44)=96.9, Pins(7)=700.0, Dist=374.0, Win Bonus=0.0
[2026-05-22 10:24:54] SCORE Gruppe 1 (gray0): Final=1461.0, Time=84.8, Moves(43)=88.2, Pins(9)=900.0, Dist=388.0, Win Bonus=0.0
[2026-05-22 10:24:54] SCORE The bandits (yellow): Final=1377.9, Time=88.9, Moves(44)=96.9, Pins(8)=800.0, Dist=392.0, Win Bonus=0.0
[2026-05-22 10:24:54] ALL WRONG MOVES BY COLOUR: {'red': ['1 (turn timeout)', '41 (turn timeout)', '116 (turn timeout)']}
[2026-05-22 10:24:54] MOVE 220: Gruppe 1 (gray0) 59->50 [0.01ms]
[2026-05-22 10:24:54] SCORE AlphaZeroClue (red): Final=1175.8, Time=27.2, Moves(41)=60.7, Pins(7)=700.0, Dist=388.0, Win Bonus=0.0
[2026-05-22 10:24:54] SCORE Gruppe 67 (blue): Final=1249.6, Time=60.7, Moves(44)=96.9, Pins(7)=700.0, Dist=392.0, Win Bonus=0.0
[2026-05-22 10:24:54] SCORE Gruppe 2 (lawn green): Final=1255.2, Time=84.3, Moves(44)=96.9, Pins(7)=700.0, Dist=374.0, Win Bonus=0.0
[2026-05-22 10:24:54] SCORE Gruppe 1 (gray0): Final=1471.6, Time=84.7, Moves(44)=96.9, Pins(9)=900.0, Dist=390.0, Win Bonus=0.0
[2026-05-22 10:24:54] SCORE The bandits (yellow): Final=1377.9, Time=88.9, Moves(44)=96.9, Pins(8)=800.0, Dist=392.0, Win Bonus=0.0
[2026-05-22 10:24:54] ALL WRONG MOVES BY COLOUR: {'red': ['1 (turn timeout)', '41 (turn timeout)', '116 (turn timeout)']}
[2026-05-22 10:24:55] MOVE 221: AlphaZeroClue (red) 26->14 [0.00ms]
[2026-05-22 10:24:55] SCORE AlphaZeroClue (red): Final=1190.9, Time=25.5, Moves(42)=75.5, Pins(7)=700.0, Dist=390.0, Win Bonus=0.0
[2026-05-22 10:24:55] SCORE Gruppe 67 (blue): Final=1249.6, Time=60.7, Moves(44)=96.9, Pins(7)=700.0, Dist=392.0, Win Bonus=0.0
[2026-05-22 10:24:55] SCORE Gruppe 2 (lawn green): Final=1255.2, Time=84.3, Moves(44)=96.9, Pins(7)=700.0, Dist=374.0, Win Bonus=0.0
[2026-05-22 10:24:55] SCORE Gruppe 1 (gray0): Final=1471.6, Time=84.7, Moves(44)=96.9, Pins(9)=900.0, Dist=390.0, Win Bonus=0.0
[2026-05-22 10:24:55] SCORE The bandits (yellow): Final=1377.9, Time=88.9, Moves(44)=96.9, Pins(8)=800.0, Dist=392.0, Win Bonus=0.0
[2026-05-22 10:24:55] ALL WRONG MOVES BY COLOUR: {'red': ['1 (turn timeout)', '41 (turn timeout)', '116 (turn timeout)']}
[2026-05-22 10:24:56] MOVE 222: Gruppe 2 (lawn green) 99->76 [0.00ms]
[2026-05-22 10:24:56] SCORE AlphaZeroClue (red): Final=1190.9, Time=25.5, Moves(42)=75.5, Pins(7)=700.0, Dist=390.0, Win Bonus=0.0
[2026-05-22 10:24:56] SCORE Gruppe 67 (blue): Final=1249.6, Time=60.7, Moves(44)=96.9, Pins(7)=700.0, Dist=392.0, Win Bonus=0.0
[2026-05-22 10:24:56] SCORE Gruppe 2 (lawn green): Final=1258.0, Time=84.0, Moves(45)=100.0, Pins(7)=700.0, Dist=374.0, Win Bonus=0.0
[2026-05-22 10:24:56] SCORE Gruppe 1 (gray0): Final=1471.6, Time=84.7, Moves(44)=96.9, Pins(9)=900.0, Dist=390.0, Win Bonus=0.0
[2026-05-22 10:24:56] SCORE The bandits (yellow): Final=1377.9, Time=88.9, Moves(44)=96.9, Pins(8)=800.0, Dist=392.0, Win Bonus=0.0
[2026-05-22 10:24:56] ALL WRONG MOVES BY COLOUR: {'red': ['1 (turn timeout)', '41 (turn timeout)', '116 (turn timeout)']}
[2026-05-22 10:24:56] MOVE 223: The bandits (yellow) 72->73 [0.01ms]
[2026-05-22 10:24:56] SCORE AlphaZeroClue (red): Final=1190.9, Time=25.5, Moves(42)=75.5, Pins(7)=700.0, Dist=390.0, Win Bonus=0.0
[2026-05-22 10:24:56] SCORE Gruppe 67 (blue): Final=1249.6, Time=60.7, Moves(44)=96.9, Pins(7)=700.0, Dist=392.0, Win Bonus=0.0
[2026-05-22 10:24:56] SCORE Gruppe 2 (lawn green): Final=1258.0, Time=84.0, Moves(45)=100.0, Pins(7)=700.0, Dist=374.0, Win Bonus=0.0
[2026-05-22 10:24:56] SCORE Gruppe 1 (gray0): Final=1471.6, Time=84.7, Moves(44)=96.9, Pins(9)=900.0, Dist=390.0, Win Bonus=0.0
[2026-05-22 10:24:56] SCORE The bandits (yellow): Final=1382.6, Time=88.6, Moves(45)=100.0, Pins(8)=800.0, Dist=394.0, Win Bonus=0.0
[2026-05-22 10:24:56] ALL WRONG MOVES BY COLOUR: {'red': ['1 (turn timeout)', '41 (turn timeout)', '116 (turn timeout)']}
[2026-05-22 10:24:57] MOVE 224: Gruppe 67 (blue) 103->116 [0.01ms]
[2026-05-22 10:24:57] SCORE AlphaZeroClue (red): Final=1190.9, Time=25.5, Moves(42)=75.5, Pins(7)=700.0, Dist=390.0, Win Bonus=0.0
[2026-05-22 10:24:57] SCORE Gruppe 67 (blue): Final=1353.7, Time=59.7, Moves(45)=100.0, Pins(8)=800.0, Dist=394.0, Win Bonus=0.0
[2026-05-22 10:24:57] SCORE Gruppe 2 (lawn green): Final=1258.0, Time=84.0, Moves(45)=100.0, Pins(7)=700.0, Dist=374.0, Win Bonus=0.0
[2026-05-22 10:24:57] SCORE Gruppe 1 (gray0): Final=1471.6, Time=84.7, Moves(44)=96.9, Pins(9)=900.0, Dist=390.0, Win Bonus=0.0
[2026-05-22 10:24:57] SCORE The bandits (yellow): Final=1382.6, Time=88.6, Moves(45)=100.0, Pins(8)=800.0, Dist=394.0, Win Bonus=0.0
[2026-05-22 10:24:57] ALL WRONG MOVES BY COLOUR: {'red': ['1 (turn timeout)', '41 (turn timeout)', '116 (turn timeout)']}
[2026-05-22 10:24:57] MOVE 225: Gruppe 1 (gray0) 50->51 [0.00ms]
[2026-05-22 10:24:57] SCORE AlphaZeroClue (red): Final=1190.9, Time=25.5, Moves(42)=75.5, Pins(7)=700.0, Dist=390.0, Win Bonus=0.0
[2026-05-22 10:24:57] SCORE Gruppe 67 (blue): Final=1353.7, Time=59.7, Moves(45)=100.0, Pins(8)=800.0, Dist=394.0, Win Bonus=0.0
[2026-05-22 10:24:57] SCORE Gruppe 2 (lawn green): Final=1258.0, Time=84.0, Moves(45)=100.0, Pins(7)=700.0, Dist=374.0, Win Bonus=0.0
[2026-05-22 10:24:57] SCORE Gruppe 1 (gray0): Final=1476.5, Time=84.5, Moves(45)=100.0, Pins(9)=900.0, Dist=392.0, Win Bonus=0.0
[2026-05-22 10:24:57] SCORE The bandits (yellow): Final=1382.6, Time=88.6, Moves(45)=100.0, Pins(8)=800.0, Dist=394.0, Win Bonus=0.0
[2026-05-22 10:24:57] ALL WRONG MOVES BY COLOUR: {'red': ['1 (turn timeout)', '41 (turn timeout)', '116 (turn timeout)']}
[2026-05-22 10:24:59] MOVE 226: AlphaZeroClue (red) 14->3 [0.01ms]
[2026-05-22 10:24:59] SCORE AlphaZeroClue (red): Final=1304.0, Time=23.7, Moves(43)=88.2, Pins(8)=800.0, Dist=392.0, Win Bonus=0.0
[2026-05-22 10:24:59] SCORE Gruppe 67 (blue): Final=1353.7, Time=59.7, Moves(45)=100.0, Pins(8)=800.0, Dist=394.0, Win Bonus=0.0
[2026-05-22 10:24:59] SCORE Gruppe 2 (lawn green): Final=1258.0, Time=84.0, Moves(45)=100.0, Pins(7)=700.0, Dist=374.0, Win Bonus=0.0
[2026-05-22 10:24:59] SCORE Gruppe 1 (gray0): Final=1476.5, Time=84.5, Moves(45)=100.0, Pins(9)=900.0, Dist=392.0, Win Bonus=0.0
[2026-05-22 10:24:59] SCORE The bandits (yellow): Final=1382.6, Time=88.6, Moves(45)=100.0, Pins(8)=800.0, Dist=394.0, Win Bonus=0.0
[2026-05-22 10:24:59] ALL WRONG MOVES BY COLOUR: {'red': ['1 (turn timeout)', '41 (turn timeout)', '116 (turn timeout)']}
[2026-05-22 10:24:59] MOVE 227: Gruppe 2 (lawn green) 27->26 [0.01ms]
[2026-05-22 10:24:59] SCORE AlphaZeroClue (red): Final=1304.0, Time=23.7, Moves(43)=88.2, Pins(8)=800.0, Dist=392.0, Win Bonus=0.0
[2026-05-22 10:24:59] SCORE Gruppe 67 (blue): Final=1353.7, Time=59.7, Moves(45)=100.0, Pins(8)=800.0, Dist=394.0, Win Bonus=0.0
[2026-05-22 10:24:59] SCORE Gruppe 2 (lawn green): Final=1259.7, Time=83.8, Moves(46)=99.8, Pins(7)=700.0, Dist=376.0, Win Bonus=0.0
[2026-05-22 10:24:59] SCORE Gruppe 1 (gray0): Final=1476.5, Time=84.5, Moves(45)=100.0, Pins(9)=900.0, Dist=392.0, Win Bonus=0.0
[2026-05-22 10:24:59] SCORE The bandits (yellow): Final=1382.6, Time=88.6, Moves(45)=100.0, Pins(8)=800.0, Dist=394.0, Win Bonus=0.0
[2026-05-22 10:24:59] ALL WRONG MOVES BY COLOUR: {'red': ['1 (turn timeout)', '41 (turn timeout)', '116 (turn timeout)']}
[2026-05-22 10:24:59] MOVE 228: The bandits (yellow) 73->74 [0.01ms]
[2026-05-22 10:24:59] SCORE AlphaZeroClue (red): Final=1304.0, Time=23.7, Moves(43)=88.2, Pins(8)=800.0, Dist=392.0, Win Bonus=0.0
[2026-05-22 10:24:59] SCORE Gruppe 67 (blue): Final=1353.7, Time=59.7, Moves(45)=100.0, Pins(8)=800.0, Dist=394.0, Win Bonus=0.0
[2026-05-22 10:24:59] SCORE Gruppe 2 (lawn green): Final=1259.7, Time=83.8, Moves(46)=99.8, Pins(7)=700.0, Dist=376.0, Win Bonus=0.0
[2026-05-22 10:24:59] SCORE Gruppe 1 (gray0): Final=1476.5, Time=84.5, Moves(45)=100.0, Pins(9)=900.0, Dist=392.0, Win Bonus=0.0
[2026-05-22 10:24:59] SCORE The bandits (yellow): Final=1484.3, Time=88.5, Moves(46)=99.8, Pins(9)=900.0, Dist=396.0, Win Bonus=0.0
[2026-05-22 10:24:59] ALL WRONG MOVES BY COLOUR: {'red': ['1 (turn timeout)', '41 (turn timeout)', '116 (turn timeout)']}
[2026-05-22 10:25:00] MOVE 229: Gruppe 67 (blue) 117->120 [0.01ms]
[2026-05-22 10:25:00] SCORE AlphaZeroClue (red): Final=1304.0, Time=23.7, Moves(43)=88.2, Pins(8)=800.0, Dist=392.0, Win Bonus=0.0
[2026-05-22 10:25:00] SCORE Gruppe 67 (blue): Final=1352.7, Time=58.9, Moves(46)=99.8, Pins(8)=800.0, Dist=394.0, Win Bonus=0.0
[2026-05-22 10:25:00] SCORE Gruppe 2 (lawn green): Final=1259.7, Time=83.8, Moves(46)=99.8, Pins(7)=700.0, Dist=376.0, Win Bonus=0.0
[2026-05-22 10:25:00] SCORE Gruppe 1 (gray0): Final=1476.5, Time=84.5, Moves(45)=100.0, Pins(9)=900.0, Dist=392.0, Win Bonus=0.0
[2026-05-22 10:25:00] SCORE The bandits (yellow): Final=1484.3, Time=88.5, Moves(46)=99.8, Pins(9)=900.0, Dist=396.0, Win Bonus=0.0
[2026-05-22 10:25:00] ALL WRONG MOVES BY COLOUR: {'red': ['1 (turn timeout)', '41 (turn timeout)', '116 (turn timeout)']}
[2026-05-22 10:25:00] MOVE 230: Gruppe 1 (gray0) 51->52 [0.01ms]
[2026-05-22 10:25:00] SCORE AlphaZeroClue (red): Final=1304.0, Time=23.7, Moves(43)=88.2, Pins(8)=800.0, Dist=392.0, Win Bonus=0.0
[2026-05-22 10:25:00] SCORE Gruppe 67 (blue): Final=1352.7, Time=58.9, Moves(46)=99.8, Pins(8)=800.0, Dist=394.0, Win Bonus=0.0
[2026-05-22 10:25:00] SCORE Gruppe 2 (lawn green): Final=1259.7, Time=83.8, Moves(46)=99.8, Pins(7)=700.0, Dist=376.0, Win Bonus=0.0
[2026-05-22 10:25:00] SCORE Gruppe 1 (gray0): Final=1477.9, Time=84.1, Moves(46)=99.8, Pins(9)=900.0, Dist=394.0, Win Bonus=0.0
[2026-05-22 10:25:00] SCORE The bandits (yellow): Final=1484.3, Time=88.5, Moves(46)=99.8, Pins(9)=900.0, Dist=396.0, Win Bonus=0.0
[2026-05-22 10:25:00] ALL WRONG MOVES BY COLOUR: {'red': ['1 (turn timeout)', '41 (turn timeout)', '116 (turn timeout)']}
[2026-05-22 10:25:01] MOVE 231: AlphaZeroClue (red) 29->16 [0.01ms]
[2026-05-22 10:25:01] SCORE AlphaZeroClue (red): Final=1314.6, Time=23.7, Moves(44)=96.9, Pins(8)=800.0, Dist=394.0, Win Bonus=0.0
[2026-05-22 10:25:01] SCORE Gruppe 67 (blue): Final=1352.7, Time=58.9, Moves(46)=99.8, Pins(8)=800.0, Dist=394.0, Win Bonus=0.0
[2026-05-22 10:25:01] SCORE Gruppe 2 (lawn green): Final=1259.7, Time=83.8, Moves(46)=99.8, Pins(7)=700.0, Dist=376.0, Win Bonus=0.0
[2026-05-22 10:25:01] SCORE Gruppe 1 (gray0): Final=1477.9, Time=84.1, Moves(46)=99.8, Pins(9)=900.0, Dist=394.0, Win Bonus=0.0
[2026-05-22 10:25:01] SCORE The bandits (yellow): Final=1484.3, Time=88.5, Moves(46)=99.8, Pins(9)=900.0, Dist=396.0, Win Bonus=0.0
[2026-05-22 10:25:01] ALL WRONG MOVES BY COLOUR: {'red': ['1 (turn timeout)', '41 (turn timeout)', '116 (turn timeout)']}
[2026-05-22 10:25:01] MOVE 232: Gruppe 2 (lawn green) 26->37 [0.01ms]
[2026-05-22 10:25:01] SCORE AlphaZeroClue (red): Final=1314.6, Time=23.7, Moves(44)=96.9, Pins(8)=800.0, Dist=394.0, Win Bonus=0.0
[2026-05-22 10:25:01] SCORE Gruppe 67 (blue): Final=1352.7, Time=58.9, Moves(46)=99.8, Pins(8)=800.0, Dist=394.0, Win Bonus=0.0
[2026-05-22 10:25:01] SCORE Gruppe 2 (lawn green): Final=1261.0, Time=83.6, Moves(47)=99.4, Pins(7)=700.0, Dist=378.0, Win Bonus=0.0
[2026-05-22 10:25:01] SCORE Gruppe 1 (gray0): Final=1477.9, Time=84.1, Moves(46)=99.8, Pins(9)=900.0, Dist=394.0, Win Bonus=0.0
[2026-05-22 10:25:01] SCORE The bandits (yellow): Final=1484.3, Time=88.5, Moves(46)=99.8, Pins(9)=900.0, Dist=396.0, Win Bonus=0.0
[2026-05-22 10:25:01] ALL WRONG MOVES BY COLOUR: {'red': ['1 (turn timeout)', '41 (turn timeout)', '116 (turn timeout)']}
[2026-05-22 10:25:01] MOVE 233: The bandits (yellow) 93->82 [0.01ms]
[2026-05-22 10:25:01] SCORE AlphaZeroClue (red): Final=1314.6, Time=23.7, Moves(44)=96.9, Pins(8)=800.0, Dist=394.0, Win Bonus=0.0
[2026-05-22 10:25:01] SCORE Gruppe 67 (blue): Final=1352.7, Time=58.9, Moves(46)=99.8, Pins(8)=800.0, Dist=394.0, Win Bonus=0.0
[2026-05-22 10:25:01] SCORE Gruppe 2 (lawn green): Final=1261.0, Time=83.6, Moves(47)=99.4, Pins(7)=700.0, Dist=378.0, Win Bonus=0.0
[2026-05-22 10:25:01] SCORE Gruppe 1 (gray0): Final=1477.9, Time=84.1, Moves(46)=99.8, Pins(9)=900.0, Dist=394.0, Win Bonus=0.0
[2026-05-22 10:25:01] SCORE The bandits (yellow): Final=1483.8, Time=88.4, Moves(47)=99.4, Pins(9)=900.0, Dist=396.0, Win Bonus=0.0
[2026-05-22 10:25:01] ALL WRONG MOVES BY COLOUR: {'red': ['1 (turn timeout)', '41 (turn timeout)', '116 (turn timeout)']}
[2026-05-22 10:25:02] MOVE 234: Gruppe 67 (blue) 106->117 [0.01ms]
[2026-05-22 10:25:02] SCORE AlphaZeroClue (red): Final=1314.6, Time=23.7, Moves(44)=96.9, Pins(8)=800.0, Dist=394.0, Win Bonus=0.0
[2026-05-22 10:25:02] SCORE Gruppe 67 (blue): Final=1453.4, Time=58.0, Moves(47)=99.4, Pins(9)=900.0, Dist=396.0, Win Bonus=0.0
[2026-05-22 10:25:02] SCORE Gruppe 2 (lawn green): Final=1261.0, Time=83.6, Moves(47)=99.4, Pins(7)=700.0, Dist=378.0, Win Bonus=0.0
[2026-05-22 10:25:02] SCORE Gruppe 1 (gray0): Final=1477.9, Time=84.1, Moves(46)=99.8, Pins(9)=900.0, Dist=394.0, Win Bonus=0.0
[2026-05-22 10:25:02] SCORE The bandits (yellow): Final=1483.8, Time=88.4, Moves(47)=99.4, Pins(9)=900.0, Dist=396.0, Win Bonus=0.0
[2026-05-22 10:25:02] ALL WRONG MOVES BY COLOUR: {'red': ['1 (turn timeout)', '41 (turn timeout)', '116 (turn timeout)']}
[2026-05-22 10:25:02] MOVE 235: Gruppe 1 (gray0) 52->53 [0.01ms]
[2026-05-22 10:25:02] SCORE AlphaZeroClue (red): Final=1314.6, Time=23.7, Moves(44)=96.9, Pins(8)=800.0, Dist=394.0, Win Bonus=0.0
[2026-05-22 10:25:02] SCORE Gruppe 67 (blue): Final=1453.4, Time=58.0, Moves(47)=99.4, Pins(9)=900.0, Dist=396.0, Win Bonus=0.0
[2026-05-22 10:25:02] SCORE Gruppe 2 (lawn green): Final=1261.0, Time=83.6, Moves(47)=99.4, Pins(7)=700.0, Dist=378.0, Win Bonus=0.0
[2026-05-22 10:25:02] SCORE Gruppe 1 (gray0): Final=1479.0, Time=83.6, Moves(47)=99.4, Pins(9)=900.0, Dist=396.0, Win Bonus=0.0
[2026-05-22 10:25:02] SCORE The bandits (yellow): Final=1483.8, Time=88.4, Moves(47)=99.4, Pins(9)=900.0, Dist=396.0, Win Bonus=0.0
[2026-05-22 10:25:02] ALL WRONG MOVES BY COLOUR: {'red': ['1 (turn timeout)', '41 (turn timeout)', '116 (turn timeout)']}
[2026-05-22 10:25:02] MOVE 236: AlphaZeroClue (red) 16->8 [0.01ms]
[2026-05-22 10:25:02] SCORE AlphaZeroClue (red): Final=1419.6, Time=23.6, Moves(45)=100.0, Pins(9)=900.0, Dist=396.0, Win Bonus=0.0
[2026-05-22 10:25:02] SCORE Gruppe 67 (blue): Final=1453.4, Time=58.0, Moves(47)=99.4, Pins(9)=900.0, Dist=396.0, Win Bonus=0.0
[2026-05-22 10:25:02] SCORE Gruppe 2 (lawn green): Final=1261.0, Time=83.6, Moves(47)=99.4, Pins(7)=700.0, Dist=378.0, Win Bonus=0.0
[2026-05-22 10:25:02] SCORE Gruppe 1 (gray0): Final=1479.0, Time=83.6, Moves(47)=99.4, Pins(9)=900.0, Dist=396.0, Win Bonus=0.0
[2026-05-22 10:25:02] SCORE The bandits (yellow): Final=1483.8, Time=88.4, Moves(47)=99.4, Pins(9)=900.0, Dist=396.0, Win Bonus=0.0
[2026-05-22 10:25:02] ALL WRONG MOVES BY COLOUR: {'red': ['1 (turn timeout)', '41 (turn timeout)', '116 (turn timeout)']}
[2026-05-22 10:25:02] MOVE 237: Gruppe 2 (lawn green) 37->47 [0.01ms]
[2026-05-22 10:25:02] SCORE AlphaZeroClue (red): Final=1419.6, Time=23.6, Moves(45)=100.0, Pins(9)=900.0, Dist=396.0, Win Bonus=0.0
[2026-05-22 10:25:02] SCORE Gruppe 67 (blue): Final=1453.4, Time=58.0, Moves(47)=99.4, Pins(9)=900.0, Dist=396.0, Win Bonus=0.0
[2026-05-22 10:25:02] SCORE Gruppe 2 (lawn green): Final=1262.1, Time=83.4, Moves(48)=98.6, Pins(7)=700.0, Dist=380.0, Win Bonus=0.0
[2026-05-22 10:25:02] SCORE Gruppe 1 (gray0): Final=1479.0, Time=83.6, Moves(47)=99.4, Pins(9)=900.0, Dist=396.0, Win Bonus=0.0
[2026-05-22 10:25:02] SCORE The bandits (yellow): Final=1483.8, Time=88.4, Moves(47)=99.4, Pins(9)=900.0, Dist=396.0, Win Bonus=0.0
[2026-05-22 10:25:02] ALL WRONG MOVES BY COLOUR: {'red': ['1 (turn timeout)', '41 (turn timeout)', '116 (turn timeout)']}
[2026-05-22 10:25:03] MOVE 238: The bandits (yellow) 82->83 [0.00ms]
[2026-05-22 10:25:03] SCORE AlphaZeroClue (red): Final=1419.6, Time=23.6, Moves(45)=100.0, Pins(9)=900.0, Dist=396.0, Win Bonus=0.0
[2026-05-22 10:25:03] SCORE Gruppe 67 (blue): Final=1453.4, Time=58.0, Moves(47)=99.4, Pins(9)=900.0, Dist=396.0, Win Bonus=0.0
[2026-05-22 10:25:03] SCORE Gruppe 2 (lawn green): Final=1262.1, Time=83.4, Moves(48)=98.6, Pins(7)=700.0, Dist=380.0, Win Bonus=0.0
[2026-05-22 10:25:03] SCORE Gruppe 1 (gray0): Final=1479.0, Time=83.6, Moves(47)=99.4, Pins(9)=900.0, Dist=396.0, Win Bonus=0.0
[2026-05-22 10:25:03] SCORE The bandits (yellow): Final=1484.9, Time=88.3, Moves(48)=98.6, Pins(9)=900.0, Dist=398.0, Win Bonus=0.0
[2026-05-22 10:25:03] ALL WRONG MOVES BY COLOUR: {'red': ['1 (turn timeout)', '41 (turn timeout)', '116 (turn timeout)']}
[2026-05-22 10:25:03] MOVE 239: Gruppe 67 (blue) 94->106 [0.01ms]
[2026-05-22 10:25:03] SCORE AlphaZeroClue (red): Final=1419.6, Time=23.6, Moves(45)=100.0, Pins(9)=900.0, Dist=396.0, Win Bonus=0.0
[2026-05-22 10:25:03] SCORE Gruppe 67 (blue): Final=1453.8, Time=57.2, Moves(48)=98.6, Pins(9)=900.0, Dist=398.0, Win Bonus=0.0
[2026-05-22 10:25:03] SCORE Gruppe 2 (lawn green): Final=1262.1, Time=83.4, Moves(48)=98.6, Pins(7)=700.0, Dist=380.0, Win Bonus=0.0
[2026-05-22 10:25:03] SCORE Gruppe 1 (gray0): Final=1479.0, Time=83.6, Moves(47)=99.4, Pins(9)=900.0, Dist=396.0, Win Bonus=0.0
[2026-05-22 10:25:03] SCORE The bandits (yellow): Final=1484.9, Time=88.3, Moves(48)=98.6, Pins(9)=900.0, Dist=398.0, Win Bonus=0.0
[2026-05-22 10:25:03] ALL WRONG MOVES BY COLOUR: {'red': ['1 (turn timeout)', '41 (turn timeout)', '116 (turn timeout)']}
[2026-05-22 10:25:04] MOVE 240: Gruppe 1 (gray0) 53->43 [0.01ms]
[2026-05-22 10:25:04] SCORE AlphaZeroClue (red): Final=1419.6, Time=23.6, Moves(45)=100.0, Pins(9)=900.0, Dist=396.0, Win Bonus=0.0
[2026-05-22 10:25:04] SCORE Gruppe 67 (blue): Final=1453.8, Time=57.2, Moves(48)=98.6, Pins(9)=900.0, Dist=398.0, Win Bonus=0.0
[2026-05-22 10:25:04] SCORE Gruppe 2 (lawn green): Final=1262.1, Time=83.4, Moves(48)=98.6, Pins(7)=700.0, Dist=380.0, Win Bonus=0.0
[2026-05-22 10:25:04] SCORE Gruppe 1 (gray0): Final=1479.8, Time=83.2, Moves(48)=98.6, Pins(9)=900.0, Dist=398.0, Win Bonus=0.0
[2026-05-22 10:25:04] SCORE The bandits (yellow): Final=1484.9, Time=88.3, Moves(48)=98.6, Pins(9)=900.0, Dist=398.0, Win Bonus=0.0
[2026-05-22 10:25:04] ALL WRONG MOVES BY COLOUR: {'red': ['1 (turn timeout)', '41 (turn timeout)', '116 (turn timeout)']}
[2026-05-22 10:25:04] MOVE 241: AlphaZeroClue (red) 4->1 [0.01ms]
[2026-05-22 10:25:04] SCORE AlphaZeroClue (red): Final=1419.3, Time=23.5, Moves(46)=99.8, Pins(9)=900.0, Dist=396.0, Win Bonus=0.0
[2026-05-22 10:25:04] SCORE Gruppe 67 (blue): Final=1453.8, Time=57.2, Moves(48)=98.6, Pins(9)=900.0, Dist=398.0, Win Bonus=0.0
[2026-05-22 10:25:04] SCORE Gruppe 2 (lawn green): Final=1262.1, Time=83.4, Moves(48)=98.6, Pins(7)=700.0, Dist=380.0, Win Bonus=0.0
[2026-05-22 10:25:04] SCORE Gruppe 1 (gray0): Final=1479.8, Time=83.2, Moves(48)=98.6, Pins(9)=900.0, Dist=398.0, Win Bonus=0.0
[2026-05-22 10:25:04] SCORE The bandits (yellow): Final=1484.9, Time=88.3, Moves(48)=98.6, Pins(9)=900.0, Dist=398.0, Win Bonus=0.0
[2026-05-22 10:25:04] ALL WRONG MOVES BY COLOUR: {'red': ['1 (turn timeout)', '41 (turn timeout)', '116 (turn timeout)']}
[2026-05-22 10:25:04] MOVE 242: Gruppe 2 (lawn green) 47->56 [0.01ms]
[2026-05-22 10:25:04] SCORE AlphaZeroClue (red): Final=1419.3, Time=23.5, Moves(46)=99.8, Pins(9)=900.0, Dist=396.0, Win Bonus=0.0
[2026-05-22 10:25:04] SCORE Gruppe 67 (blue): Final=1453.8, Time=57.2, Moves(48)=98.6, Pins(9)=900.0, Dist=398.0, Win Bonus=0.0
[2026-05-22 10:25:04] SCORE Gruppe 2 (lawn green): Final=1262.8, Time=83.2, Moves(49)=97.6, Pins(7)=700.0, Dist=382.0, Win Bonus=0.0
[2026-05-22 10:25:04] SCORE Gruppe 1 (gray0): Final=1479.8, Time=83.2, Moves(48)=98.6, Pins(9)=900.0, Dist=398.0, Win Bonus=0.0
[2026-05-22 10:25:04] SCORE The bandits (yellow): Final=1484.9, Time=88.3, Moves(48)=98.6, Pins(9)=900.0, Dist=398.0, Win Bonus=0.0
[2026-05-22 10:25:04] ALL WRONG MOVES BY COLOUR: {'red': ['1 (turn timeout)', '41 (turn timeout)', '116 (turn timeout)']}
[2026-05-22 10:25:04] MOVE 243: The bandits (yellow) 83->85 [0.01ms]
[2026-05-22 10:25:04] SCORE AlphaZeroClue (red): Final=1419.3, Time=23.5, Moves(46)=99.8, Pins(9)=900.0, Dist=396.0, Win Bonus=0.0
[2026-05-22 10:25:04] SCORE Gruppe 67 (blue): Final=1453.8, Time=57.2, Moves(48)=98.6, Pins(9)=900.0, Dist=398.0, Win Bonus=0.0
[2026-05-22 10:25:04] SCORE Gruppe 2 (lawn green): Final=1262.8, Time=83.2, Moves(49)=97.6, Pins(7)=700.0, Dist=382.0, Win Bonus=0.0
[2026-05-22 10:25:04] SCORE Gruppe 1 (gray0): Final=1479.8, Time=83.2, Moves(48)=98.6, Pins(9)=900.0, Dist=398.0, Win Bonus=0.0
[2026-05-22 10:25:04] SCORE The bandits (yellow): Final=2585.7, Time=88.2, Moves(49)=97.6, Pins(10)=1000.0, Dist=400.0, Win Bonus=1000.0
[2026-05-22 10:25:04] ALL WRONG MOVES BY COLOUR: {'red': ['1 (turn timeout)', '41 (turn timeout)', '116 (turn timeout)']}
